timestamp,drgfrx,drshb6,druszp,druhcq,druyrt,druphy,drgyu5,drumep,drud34,drux5b,drspcv,dru7gs,drsk95,drsrgu
2018-01-01 00:00:00,0.0,0.023,0.005,0.15,0.0,0.025,0.006,0.027,0.024,0.006,0.048,0.05,0.078,0.029
2018-01-01 01:00:00,0.0,0.026,0.017,0.192,0.0,0.033,0.012,0.097,0.048,0.022,0.051,0.091,0.145,0.038
2018-01-01 02:00:00,0.0,0.028,0.017,0.189,0.0,0.032,0.003,0.093,0.047,0.022,0.05,0.087,0.148,0.04
2018-01-01 03:00:00,0.001,0.032,0.017,0.197,0.0,0.033,0.0,0.091,0.047,0.022,0.049,0.085,0.138,0.0
2018-01-01 04:00:00,0.0,0.038,0.009,0.186,0.0,0.033,0.0,0.045,0.047,0.011,0.047,0.082,0.133,0.012
2018-01-01 05:00:00,0.0,0.0,0.005,0.187,0.0,0.052,0.0,0.024,0.048,0.006,0.046,0.08,0.132,0.01
2018-01-01 06:00:00,0.0,0.0,0.017,0.185,0.0,0.033,0.0,0.09,0.047,0.022,0.05,0.079,0.033,0.0
2018-01-01 07:00:00,0.0,0.0,0.0,0.025,0.0,0.0,0.013,0.0,0.047,0.0,0.053,0.079,0.0,0.0
2018-01-01 08:00:00,0.0,0.018,0.009,0.171,0.0,0.026,0.01,0.044,0.047,0.012,0.053,0.079,0.0,0.0
2018-01-01 09:00:00,0.0,0.101,0.017,0.21,0.0,0.034,0.0,0.082,0.047,0.022,0.108,0.079,0.134,0.022
2018-01-01 10:00:00,0.0,0.107,0.015,0.216,0.0,0.033,0.002,0.083,0.047,0.021,0.143,0.082,0.204,0.034
2018-01-01 11:00:00,0.0,0.096,0.013,0.206,0.0,0.031,0.0,0.082,0.047,0.02,0.147,0.082,0.183,0.033
2018-01-01 12:00:00,0.001,0.089,0.013,0.175,0.0,0.037,0.0,0.081,0.046,0.021,0.15,0.087,0.156,0.033
2018-01-01 13:00:00,0.001,0.084,0.011,0.172,0.0,0.037,0.0,0.081,0.045,0.021,0.143,0.101,0.151,0.033
2018-01-01 14:00:00,0.001,0.075,0.013,0.21,0.0,0.03,0.0,0.081,0.045,0.021,0.122,0.108,0.146,0.033
2018-01-01 15:00:00,0.0,0.069,0.012,0.209,0.0,0.03,0.0,0.08,0.045,0.021,0.107,0.105,0.139,0.032
2018-01-01 16:00:00,0.0,0.08,0.016,0.221,0.0,0.03,0.0,0.08,0.045,0.021,0.093,0.101,0.15,0.032
2018-01-01 17:00:00,0.0,0.054,0.035,0.211,0.0,0.042,0.0,0.082,0.046,0.022,0.075,0.093,0.149,0.03
2018-01-01 18:00:00,0.005,0.052,0.0,0.214,0.0,0.031,0.009,0.0,0.047,0.0,0.079,0.084,0.148,0.028
2018-01-01 19:00:00,0.004,0.059,0.0,0.215,0.0,0.031,0.013,0.0,0.05,0.0,0.075,0.081,0.158,0.029
2018-01-01 20:00:00,0.0,0.062,0.0,0.221,0.0,0.032,0.015,0.0,0.048,0.0,0.082,0.08,0.149,0.03
2018-01-01 21:00:00,0.0,0.027,0.0,0.223,0.0,0.033,0.016,0.0,0.024,0.0,0.079,0.04,0.147,0.029
2018-01-01 22:00:00,0.0,0.027,0.0,0.203,0.0,0.034,0.005,0.0,0.0,0.0,0.098,0.0,0.074,0.032
2018-01-01 23:00:00,0.0,0.023,0.0,0.201,0.0,0.033,0.002,0.0,0.0,0.0,0.094,0.0,0.0,0.04
2018-01-02 00:00:00,0.0,0.022,0.0,0.201,0.0,0.033,0.002,0.0,0.0,0.0,0.088,0.0,0.0,0.028
2018-01-02 01:00:00,0.0,0.015,0.0,0.193,0.0,0.033,0.004,0.0,0.0,0.0,0.085,0.0,0.0,0.0
2018-01-02 02:00:00,0.0,0.009,0.0,0.19,0.0,0.033,0.002,0.0,0.0,0.0,0.082,0.0,0.0,0.0
2018-01-02 03:00:00,0.0,0.007,0.0,0.189,0.0,0.033,0.0,0.0,0.0,0.0,0.081,0.0,0.0,0.0
2018-01-02 04:00:00,0.0,0.016,0.0,0.186,0.0,0.034,0.0,0.0,0.0,0.0,0.079,0.0,0.0,0.0
2018-01-02 05:00:00,0.0,0.016,0.0,0.186,0.0,0.034,0.0,0.0,0.0,0.0,0.087,0.0,0.0,0.0
2018-01-02 06:00:00,0.0,0.03,0.0,0.106,0.0,0.017,0.0,0.0,0.0,0.0,0.085,0.0,0.0,0.0
2018-01-02 07:00:00,0.0,0.043,0.0,0.025,0.0,0.0,0.007,0.0,0.0,0.0,0.092,0.0,0.0,0.0
2018-01-02 08:00:00,0.0,0.047,0.0,0.124,0.0,0.017,0.003,0.0,0.0,0.0,0.096,0.0,0.0,0.0
2018-01-02 09:00:00,0.0,0.076,0.0,0.208,0.0,0.034,0.0,0.0,0.0,0.0,0.118,0.0,0.08,0.004
2018-01-02 10:00:00,0.0,0.073,0.01,0.204,0.0,0.032,0.0,0.042,0.0,0.011,0.145,0.0,0.19,0.034
2018-01-02 11:00:00,0.0,0.064,0.018,0.199,0.0,0.032,0.0,0.083,0.05,0.022,0.156,0.098,0.24,0.033
2018-01-02 12:00:00,0.0,0.057,0.017,0.179,0.0,0.032,0.0,0.083,0.048,0.022,0.153,0.1,0.236,0.033
2018-01-02 13:00:00,0.0,0.055,0.017,0.172,0.0,0.029,0.0,0.083,0.046,0.022,0.133,0.113,0.178,0.033
2018-01-02 14:00:00,0.0,0.056,0.017,0.199,0.0,0.029,0.0,0.08,0.045,0.021,0.112,0.119,0.269,0.032
2018-01-02 15:00:00,0.0,0.056,0.016,0.205,0.0,0.031,0.0,0.078,0.044,0.021,0.098,0.113,0.137,0.03
2018-01-02 16:00:00,0.0,0.054,0.016,0.215,0.0,0.03,0.0,0.077,0.045,0.021,0.089,0.109,0.134,0.03
2018-01-02 17:00:00,0.0,0.024,0.017,0.194,0.0,0.042,0.004,0.076,0.045,0.021,0.072,0.099,0.132,0.028
2018-01-02 18:00:00,0.005,0.012,0.017,0.228,0.001,0.031,0.006,0.078,0.045,0.021,0.08,0.09,0.128,0.037
2018-01-02 19:00:00,0.0,0.012,0.016,0.219,0.001,0.029,0.003,0.08,0.047,0.022,0.072,0.084,0.13,0.028
2018-01-02 20:00:00,0.0,0.012,0.019,0.217,0.0,0.029,0.001,0.081,0.045,0.022,0.083,0.083,0.142,0.029
2018-01-02 21:00:00,0.0,0.008,0.026,0.227,0.0,0.055,0.0,0.082,0.027,0.022,0.073,0.082,0.143,0.036
2018-01-02 22:00:00,0.0,0.004,0.013,0.198,0.0,0.041,0.0,0.079,0.015,0.022,0.093,0.08,0.146,0.03
2018-01-02 23:00:00,0.0,0.003,0.012,0.163,0.0,0.026,0.0,0.078,0.02,0.022,0.089,0.08,0.142,0.03
2018-01-03 00:00:00,0.0,0.004,0.012,0.164,0.0,0.026,0.002,0.078,0.032,0.022,0.079,0.078,0.139,0.029
2018-01-03 01:00:00,0.0,0.001,0.012,0.151,0.0,0.027,0.0,0.075,0.025,0.022,0.077,0.078,0.136,0.028
2018-01-03 02:00:00,0.0,0.001,0.01,0.148,0.0,0.03,0.0,0.073,0.023,0.022,0.073,0.078,0.157,0.028
2018-01-03 03:00:00,0.002,0.001,0.009,0.145,0.0,0.03,0.0,0.073,0.023,0.018,0.078,0.077,0.135,0.027
2018-01-03 04:00:00,0.0,0.001,0.013,0.138,0.0,0.028,0.0,0.072,0.024,0.017,0.079,0.077,0.137,0.03
2018-01-03 05:00:00,0.0,0.001,0.014,0.141,0.0,0.031,0.0,0.074,0.025,0.019,0.089,0.078,0.139,0.03
2018-01-03 06:00:00,0.0,0.015,0.009,0.145,0.0,0.027,0.001,0.074,0.04,0.019,0.088,0.077,0.143,0.028
2018-01-03 07:00:00,0.0,0.03,0.033,0.168,0.0,0.028,0.0,0.073,0.043,0.018,0.095,0.078,0.15,0.028
2018-01-03 08:00:00,0.0,0.023,0.009,0.173,0.0,0.026,0.0,0.074,0.04,0.018,0.098,0.08,0.15,0.028
2018-01-03 09:00:00,0.0,0.043,0.009,0.169,0.004,0.027,0.0,0.072,0.022,0.013,0.12,0.08,0.202,0.032
2018-01-03 10:00:00,0.0,0.054,0.007,0.178,0.0,0.028,0.0,0.07,0.021,0.01,0.149,0.082,0.361,0.033
2018-01-03 11:00:00,0.0,0.057,0.031,0.167,0.0,0.029,0.0,0.069,0.023,0.014,0.148,0.079,0.355,0.031
2018-01-03 12:00:00,0.001,0.062,0.025,0.136,0.0,0.06,0.0,0.064,0.015,0.017,0.152,0.076,0.329,0.023
2018-01-03 13:00:00,0.003,0.064,0.025,0.142,0.0,0.049,0.008,0.053,0.011,0.013,0.144,0.088,0.182,0.019
2018-01-03 14:00:00,0.001,0.064,0.028,0.178,0.0,0.028,0.0,0.047,0.003,0.01,0.121,0.093,0.125,0.019
2018-01-03 15:00:00,0.0,0.065,0.038,0.211,0.0,0.034,0.0,0.046,0.005,0.011,0.113,0.089,0.128,0.019
2018-01-03 16:00:00,0.0,0.058,0.025,0.195,0.0,0.026,0.0,0.054,0.002,0.016,0.084,0.083,0.127,0.024
2018-01-03 17:00:00,0.0,0.026,0.014,0.161,0.001,0.017,0.0,0.069,0.01,0.02,0.071,0.085,0.149,0.027
2018-01-03 18:00:00,0.005,0.014,0.016,0.184,0.001,0.016,0.0,0.073,0.026,0.02,0.068,0.083,0.124,0.027
2018-01-03 19:00:00,0.0,0.016,0.051,0.192,0.001,0.023,0.0,0.075,0.035,0.021,0.07,0.075,0.125,0.031
2018-01-03 20:00:00,0.0,0.015,0.02,0.2,0.001,0.04,0.0,0.078,0.033,0.022,0.082,0.077,0.144,0.029
2018-01-03 21:00:00,0.0,0.011,0.047,0.202,0.0,0.021,0.0,0.08,0.022,0.022,0.076,0.078,0.139,0.029
2018-01-03 22:00:00,0.0,0.007,0.027,0.178,0.0,0.02,0.0,0.079,0.024,0.022,0.099,0.078,0.142,0.03
2018-01-03 23:00:00,0.0,0.005,0.011,0.142,0.0,0.02,0.0,0.079,0.027,0.023,0.095,0.079,0.143,0.029
2018-01-04 00:00:00,0.0,0.004,0.011,0.148,0.0,0.021,0.0,0.079,0.037,0.023,0.089,0.082,0.144,0.029
2018-01-04 01:00:00,0.0,0.002,0.011,0.147,0.0,0.023,0.0,0.078,0.034,0.023,0.083,0.085,0.143,0.027
2018-01-04 02:00:00,0.0,0.001,0.011,0.147,0.0,0.029,0.0,0.077,0.034,0.023,0.077,0.086,0.146,0.027
2018-01-04 03:00:00,0.002,0.002,0.022,0.147,0.0,0.031,0.0,0.078,0.033,0.022,0.08,0.085,0.141,0.027
2018-01-04 04:00:00,0.0,0.001,0.025,0.142,0.0,0.044,0.0,0.077,0.033,0.021,0.08,0.084,0.136,0.03
2018-01-04 05:00:00,0.0,0.001,0.015,0.129,0.0,0.026,0.0,0.078,0.032,0.022,0.089,0.081,0.134,0.029
2018-01-04 06:00:00,0.0,0.0,0.011,0.151,0.003,0.023,0.0,0.077,0.034,0.02,0.089,0.079,0.21,0.028
2018-01-04 07:00:00,0.0,0.009,0.01,0.155,0.003,0.028,0.0,0.077,0.045,0.019,0.097,0.079,0.207,0.027
2018-01-04 08:00:00,0.009,0.014,0.011,0.17,0.0,0.02,0.0,0.076,0.056,0.02,0.101,0.08,0.256,0.026
2018-01-04 09:00:00,0.009,0.041,0.011,0.177,0.0,0.014,0.0,0.075,0.036,0.016,0.12,0.079,0.345,0.031
2018-01-04 10:00:00,0.0,0.054,0.009,0.178,0.0,0.02,0.0,0.073,0.031,0.017,0.136,0.081,0.314,0.031
2018-01-04 11:00:00,0.004,0.056,0.007,0.166,0.0,0.012,0.0,0.072,0.023,0.018,0.136,0.08,0.203,0.027
2018-01-04 12:00:00,0.008,0.057,0.006,0.146,0.0,0.014,0.0,0.071,0.023,0.019,0.134,0.083,0.167,0.025
2018-01-04 13:00:00,0.001,0.057,0.012,0.145,0.0,0.014,0.0,0.069,0.025,0.02,0.123,0.092,0.216,0.025
2018-01-04 14:00:00,0.003,0.058,0.019,0.172,0.0,0.02,0.0,0.068,0.019,0.019,0.106,0.093,0.325,0.023
2018-01-04 15:00:00,0.0,0.058,0.018,0.184,0.0,0.03,0.0,0.068,0.024,0.019,0.097,0.079,0.24,0.021
2018-01-04 16:00:00,0.0,0.056,0.015,0.193,0.0,0.029,0.0,0.068,0.03,0.02,0.092,0.095,0.225,0.021
2018-01-04 17:00:00,0.0,0.031,0.026,0.176,0.0,0.025,0.0,0.069,0.035,0.02,0.074,0.089,0.155,0.02
2018-01-04 18:00:00,0.005,0.013,0.017,0.207,0.001,0.029,0.0,0.072,0.041,0.02,0.076,0.082,0.114,0.019
2018-01-04 19:00:00,0.0,0.013,0.011,0.224,0.001,0.032,0.0,0.074,0.041,0.021,0.075,0.077,0.116,0.025
2018-01-04 20:00:00,0.0,0.013,0.04,0.205,0.001,0.028,0.0,0.074,0.039,0.021,0.084,0.078,0.114,0.021
2018-01-04 21:00:00,0.0,0.008,0.027,0.214,0.006,0.026,0.0,0.076,0.016,0.021,0.072,0.077,0.114,0.022
2018-01-04 22:00:00,0.0,0.005,0.016,0.187,0.0,0.04,0.0,0.075,0.02,0.021,0.092,0.077,0.113,0.024
2018-01-04 23:00:00,0.0,0.004,0.027,0.165,0.0,0.032,0.0,0.075,0.028,0.022,0.086,0.079,0.113,0.024
2018-01-05 00:00:00,0.0,0.003,0.009,0.171,0.0,0.032,0.0,0.076,0.04,0.023,0.08,0.08,0.112,0.022
2018-01-05 01:00:00,0.0,0.001,0.01,0.169,0.0,0.032,0.0,0.074,0.041,0.023,0.077,0.084,0.112,0.021
2018-01-05 02:00:00,0.0,0.001,0.011,0.164,0.0,0.033,0.0,0.074,0.041,0.023,0.074,0.086,0.118,0.021
2018-01-05 03:00:00,0.001,0.001,0.011,0.164,0.0,0.033,0.0,0.075,0.042,0.021,0.078,0.086,0.116,0.024
2018-01-05 04:00:00,0.0,0.001,0.015,0.167,0.0,0.032,0.0,0.074,0.041,0.021,0.079,0.086,0.116,0.027
2018-01-05 05:00:00,0.0,0.001,0.015,0.161,0.002,0.03,0.0,0.075,0.04,0.021,0.087,0.083,0.119,0.034
2018-01-05 06:00:00,0.0,0.012,0.011,0.172,0.008,0.04,0.0,0.075,0.045,0.02,0.087,0.081,0.124,0.026
2018-01-05 07:00:00,0.0,0.029,0.012,0.189,0.0,0.032,0.0,0.076,0.047,0.02,0.095,0.081,0.151,0.026
2018-01-05 08:00:00,0.0,0.033,0.017,0.192,0.0,0.032,0.0,0.077,0.047,0.021,0.098,0.082,0.153,0.028
2018-01-05 09:00:00,0.0,0.056,0.013,0.194,0.0,0.032,0.0,0.078,0.046,0.02,0.117,0.083,0.138,0.031
2018-01-05 10:00:00,0.0,0.064,0.012,0.201,0.0,0.032,0.0,0.079,0.046,0.02,0.135,0.085,0.156,0.032
2018-01-05 11:00:00,0.0,0.069,0.011,0.2,0.0,0.044,0.0,0.079,0.047,0.02,0.137,0.084,0.14,0.032
2018-01-05 12:00:00,0.0,0.069,0.013,0.182,0.0,0.032,0.0,0.079,0.046,0.021,0.138,0.088,0.145,0.032
2018-01-05 13:00:00,0.0,0.074,0.012,0.176,0.0,0.031,0.0,0.08,0.046,0.022,0.13,0.101,0.19,0.033
2018-01-05 14:00:00,0.0,0.07,0.015,0.197,0.0,0.031,0.0,0.079,0.046,0.022,0.111,0.107,0.165,0.032
2018-01-05 15:00:00,0.0,0.076,0.017,0.192,0.0,0.031,0.0,0.079,0.046,0.022,0.098,0.103,0.142,0.032
2018-01-05 16:00:00,0.0,0.071,0.016,0.207,0.0,0.033,0.0,0.08,0.047,0.022,0.092,0.102,0.158,0.032
2018-01-05 17:00:00,0.0,0.047,0.017,0.203,0.0,0.032,0.009,0.081,0.047,0.022,0.074,0.094,0.157,0.03
2018-01-05 18:00:00,0.003,0.039,0.017,0.216,0.0,0.033,0.014,0.082,0.047,0.023,0.075,0.085,0.143,0.027
2018-01-05 19:00:00,0.0,0.042,0.015,0.216,0.0,0.033,0.011,0.084,0.05,0.023,0.075,0.082,0.142,0.027
2018-01-05 20:00:00,0.0,0.039,0.017,0.222,0.0,0.033,0.01,0.085,0.048,0.024,0.081,0.081,0.138,0.033
2018-01-05 21:00:00,0.0,0.014,0.033,0.229,0.0,0.034,0.011,0.086,0.046,0.023,0.079,0.081,0.138,0.028
2018-01-05 22:00:00,0.0,0.002,0.019,0.203,0.0,0.034,0.003,0.086,0.044,0.024,0.098,0.082,0.148,0.03
2018-01-05 23:00:00,0.0,0.002,0.021,0.194,0.0,0.034,0.001,0.085,0.045,0.024,0.093,0.084,0.146,0.035
2018-01-06 00:00:00,0.0,0.002,0.027,0.202,0.0,0.034,0.003,0.085,0.047,0.025,0.073,0.085,0.162,0.029
2018-01-06 01:00:00,0.0,0.001,0.016,0.194,0.0,0.033,0.005,0.085,0.047,0.024,0.059,0.086,0.144,0.027
2018-01-06 02:00:00,0.0,0.0,0.016,0.19,0.0,0.033,0.001,0.085,0.046,0.024,0.056,0.085,0.149,0.027
2018-01-06 03:00:00,0.0,0.0,0.016,0.185,0.0,0.032,0.0,0.085,0.046,0.023,0.056,0.085,0.143,0.027
2018-01-06 04:00:00,0.0,0.0,0.017,0.189,0.0,0.033,0.0,0.085,0.046,0.023,0.055,0.084,0.141,0.028
2018-01-06 05:00:00,0.0,0.002,0.017,0.18,0.0,0.044,0.0,0.085,0.046,0.023,0.062,0.085,0.14,0.029
2018-01-06 06:00:00,0.0,0.018,0.031,0.179,0.0,0.033,0.0,0.084,0.047,0.023,0.057,0.081,0.139,0.028
2018-01-06 07:00:00,0.0,0.034,0.033,0.181,0.0,0.034,0.0,0.084,0.047,0.022,0.063,0.079,0.141,0.028
2018-01-06 08:00:00,0.0,0.041,0.017,0.183,0.0,0.034,0.0,0.084,0.048,0.023,0.066,0.079,0.142,0.028
2018-01-06 09:00:00,0.0,0.07,0.017,0.18,0.0,0.033,0.0,0.083,0.047,0.022,0.086,0.078,0.146,0.032
2018-01-06 10:00:00,0.0,0.074,0.017,0.187,0.0,0.033,0.0,0.084,0.048,0.022,0.101,0.078,0.145,0.033
2018-01-06 11:00:00,0.0,0.07,0.017,0.184,0.0,0.033,0.0,0.084,0.047,0.021,0.121,0.078,0.144,0.033
2018-01-06 12:00:00,0.0,0.068,0.017,0.172,0.0,0.033,0.0,0.084,0.047,0.022,0.125,0.078,0.138,0.033
2018-01-06 13:00:00,0.0,0.063,0.016,0.169,0.0,0.033,0.0,0.084,0.048,0.022,0.124,0.078,0.139,0.033
2018-01-06 14:00:00,0.0,0.062,0.015,0.171,0.0,0.031,0.0,0.085,0.047,0.022,0.106,0.078,0.136,0.033
2018-01-06 15:00:00,0.0,0.059,0.016,0.179,0.0,0.033,0.0,0.086,0.048,0.022,0.095,0.083,0.136,0.032
2018-01-06 16:00:00,0.0,0.062,0.017,0.19,0.0,0.033,0.0,0.086,0.048,0.023,0.091,0.088,0.137,0.032
2018-01-06 17:00:00,0.0,0.041,0.017,0.19,0.001,0.044,0.013,0.087,0.047,0.023,0.07,0.092,0.141,0.039
2018-01-06 18:00:00,0.005,0.039,0.017,0.204,0.001,0.035,0.018,0.087,0.048,0.024,0.068,0.094,0.141,0.036
2018-01-06 19:00:00,0.0,0.046,0.014,0.21,0.002,0.034,0.015,0.087,0.051,0.024,0.072,0.093,0.142,0.033
2018-01-06 20:00:00,0.0,0.048,0.019,0.212,0.001,0.034,0.015,0.088,0.049,0.024,0.074,0.092,0.146,0.029
2018-01-06 21:00:00,0.0,0.023,0.019,0.215,0.004,0.034,0.016,0.089,0.048,0.024,0.076,0.09,0.146,0.029
2018-01-06 22:00:00,0.0,0.012,0.017,0.204,0.001,0.034,0.005,0.088,0.048,0.025,0.072,0.088,0.147,0.03
2018-01-06 23:00:00,0.0,0.007,0.016,0.156,0.0,0.026,0.004,0.088,0.047,0.025,0.049,0.086,0.147,0.029
2018-01-07 00:00:00,0.0,0.004,0.02,0.023,0.0,0.0,0.005,0.086,0.048,0.025,0.027,0.081,0.147,0.028
2018-01-07 01:00:00,0.0,0.006,0.016,0.023,0.0,0.0,0.007,0.086,0.048,0.024,0.028,0.08,0.147,0.027
2018-01-07 02:00:00,0.0,0.006,0.016,0.023,0.0,0.0,0.002,0.085,0.047,0.024,0.027,0.08,0.15,0.027
2018-01-07 03:00:00,0.0,0.0,0.017,0.023,0.0,0.0,0.0,0.085,0.047,0.024,0.026,0.08,0.072,0.027
2018-01-07 04:00:00,0.0,0.0,0.017,0.022,0.0,0.0,0.0,0.085,0.023,0.023,0.025,0.039,0.0,0.028
2018-01-07 05:00:00,0.0,0.0,0.0,0.022,0.0,0.0,0.0,0.0,0.024,0.0,0.024,0.045,0.0,0.029
2018-01-07 06:00:00,0.0,0.0,0.0,0.021,0.0,0.0,0.0,0.0,0.048,0.0,0.026,0.08,0.0,0.027
2018-01-07 07:00:00,0.0,0.0,0.0,0.021,0.0,0.0,0.0,0.0,0.047,0.0,0.026,0.077,0.0,0.027
2018-01-07 08:00:00,0.0,0.0,0.0,0.022,0.0,0.0,0.0,0.0,0.047,0.0,0.024,0.076,0.0,0.0
2018-01-07 09:00:00,0.0,0.072,0.005,0.163,0.0,0.038,0.0,0.022,0.047,0.006,0.077,0.076,0.088,0.025
2018-01-07 10:00:00,0.0,0.095,0.025,0.199,0.0,0.039,0.0,0.086,0.047,0.022,0.099,0.076,0.199,0.034
2018-01-07 11:00:00,0.003,0.08,0.037,0.191,0.0,0.034,0.0,0.086,0.046,0.021,0.112,0.076,0.185,0.033
2018-01-07 12:00:00,0.0,0.069,0.016,0.173,0.0,0.051,0.0,0.086,0.036,0.021,0.128,0.077,0.149,0.033
2018-01-07 13:00:00,0.0,0.059,0.038,0.165,0.0,0.033,0.0,0.085,0.025,0.021,0.118,0.077,0.149,0.032
2018-01-07 14:00:00,0.0,0.057,0.031,0.163,0.0,0.032,0.0,0.083,0.017,0.021,0.102,0.077,0.143,0.029
2018-01-07 15:00:00,0.0,0.057,0.022,0.168,0.0,0.031,0.0,0.081,0.032,0.02,0.095,0.075,0.131,0.029
2018-01-07 16:00:00,0.0,0.054,0.019,0.182,0.0,0.029,0.0,0.081,0.028,0.02,0.091,0.076,0.13,0.031
2018-01-07 17:00:00,0.0,0.026,0.016,0.181,0.0,0.029,0.0,0.082,0.034,0.021,0.064,0.077,0.138,0.031
2018-01-07 18:00:00,0.005,0.021,0.016,0.19,0.0,0.029,0.004,0.083,0.04,0.021,0.056,0.078,0.142,0.025
2018-01-07 19:00:00,0.0,0.031,0.02,0.194,0.0,0.041,0.002,0.083,0.045,0.022,0.067,0.077,0.14,0.027
2018-01-07 20:00:00,0.0,0.021,0.012,0.194,0.006,0.045,0.001,0.083,0.043,0.022,0.071,0.077,0.142,0.028
2018-01-07 21:00:00,0.0,0.012,0.031,0.204,0.0,0.03,0.0,0.082,0.019,0.022,0.062,0.076,0.135,0.026
2018-01-07 22:00:00,0.0,0.019,0.016,0.213,0.0,0.031,0.0,0.081,0.022,0.022,0.064,0.074,0.134,0.037
2018-01-07 23:00:00,0.0,0.005,0.011,0.166,0.0,0.031,0.0,0.081,0.024,0.023,0.062,0.076,0.129,0.026
2018-01-08 00:00:00,0.0,0.002,0.01,0.17,0.0,0.031,0.0,0.082,0.027,0.023,0.07,0.077,0.124,0.026
2018-01-08 01:00:00,0.0,0.001,0.01,0.155,0.0,0.031,0.0,0.08,0.021,0.023,0.074,0.078,0.121,0.025
2018-01-08 02:00:00,0.0,0.0,0.01,0.15,0.0,0.032,0.0,0.079,0.018,0.023,0.068,0.078,0.125,0.025
2018-01-08 03:00:00,0.001,0.0,0.01,0.144,0.0,0.031,0.0,0.079,0.016,0.021,0.074,0.076,0.12,0.025
2018-01-08 04:00:00,0.0,0.001,0.014,0.133,0.0,0.03,0.0,0.077,0.016,0.021,0.074,0.077,0.118,0.027
2018-01-08 05:00:00,0.0,0.001,0.013,0.127,0.0,0.036,0.0,0.078,0.016,0.02,0.077,0.075,0.117,0.035
2018-01-08 06:00:00,0.0,0.0,0.025,0.14,0.0,0.039,0.0,0.077,0.029,0.02,0.083,0.072,0.116,0.025
2018-01-08 07:00:00,0.0,0.008,0.022,0.14,0.0,0.034,0.0,0.076,0.027,0.02,0.093,0.072,0.128,0.019
2018-01-08 08:00:00,0.0,0.012,0.007,0.137,0.0,0.027,0.0,0.075,0.031,0.019,0.097,0.074,0.149,0.019
2018-01-08 09:00:00,0.0,0.041,0.008,0.149,0.0,0.026,0.0,0.074,0.026,0.015,0.115,0.07,0.168,0.021
2018-01-08 10:00:00,0.0,0.066,0.005,0.145,0.0,0.022,0.0,0.073,0.017,0.013,0.131,0.06,0.196,0.017
2018-01-08 11:00:00,0.0,0.056,0.005,0.124,0.0,0.021,0.0,0.071,0.013,0.015,0.131,0.055,0.278,0.013
2018-01-08 12:00:00,0.0,0.058,0.004,0.121,0.0,0.019,0.0,0.066,0.004,0.018,0.127,0.057,0.17,0.011
2018-01-08 13:00:00,0.0,0.059,0.002,0.156,0.0,0.024,0.0,0.054,0.0,0.016,0.113,0.068,0.128,0.011
2018-01-08 14:00:00,0.0,0.06,0.005,0.147,0.0,0.023,0.0,0.044,0.0,0.013,0.092,0.066,0.13,0.01
2018-01-08 15:00:00,0.0,0.059,0.005,0.15,0.0,0.026,0.0,0.037,0.004,0.011,0.083,0.059,0.193,0.012
2018-01-08 16:00:00,0.0,0.057,0.005,0.151,0.0,0.018,0.0,0.031,0.012,0.009,0.082,0.066,0.272,0.017
2018-01-08 17:00:00,0.0,0.027,0.005,0.142,0.001,0.016,0.0,0.032,0.0,0.01,0.068,0.064,0.254,0.019
2018-01-08 18:00:00,0.005,0.015,0.008,0.176,0.006,0.029,0.0,0.026,0.0,0.009,0.074,0.051,0.308,0.059
2018-01-08 19:00:00,0.0,0.019,0.004,0.154,0.002,0.039,0.0,0.023,0.004,0.009,0.06,0.036,0.319,0.075
2018-01-08 20:00:00,0.007,0.019,0.007,0.165,0.002,0.023,0.0,0.032,0.001,0.01,0.075,0.038,0.308,0.035
2018-01-08 21:00:00,0.0,0.017,0.003,0.161,0.001,0.017,0.0,0.027,0.001,0.017,0.075,0.057,0.314,0.018
2018-01-08 22:00:00,0.0,0.017,0.001,0.161,0.0,0.013,0.0,0.025,0.001,0.018,0.092,0.057,0.337,0.017
2018-01-08 23:00:00,0.0,0.008,0.0,0.119,0.01,0.013,0.0,0.024,0.001,0.017,0.088,0.055,0.334,0.013
2018-01-09 00:00:00,0.0,0.005,0.0,0.119,0.0,0.012,0.0,0.026,0.01,0.017,0.075,0.049,0.312,0.015
2018-01-09 01:00:00,0.0,0.001,0.001,0.111,0.0,0.012,0.0,0.065,0.0,0.016,0.069,0.048,0.249,0.014
2018-01-09 02:00:00,0.0,0.001,0.001,0.113,0.0,0.026,0.0,0.058,0.0,0.008,0.057,0.047,0.3,0.012
2018-01-09 03:00:00,0.002,0.001,0.001,0.107,0.0,0.019,0.0,0.059,0.0,0.002,0.06,0.051,0.298,0.011
2018-01-09 04:00:00,0.0,0.001,0.02,0.096,0.0,0.019,0.0,0.055,0.009,0.002,0.059,0.051,0.186,0.016
2018-01-09 05:00:00,0.0,0.002,0.018,0.111,0.017,0.015,0.0,0.056,0.03,0.002,0.07,0.051,0.132,0.012
2018-01-09 06:00:00,0.0,0.001,0.028,0.086,0.0,0.011,0.0,0.053,0.001,0.001,0.078,0.039,0.259,0.006
2018-01-09 07:00:00,0.013,0.026,0.043,0.085,0.005,0.026,0.0,0.053,0.0,0.001,0.091,0.036,0.196,0.005
2018-01-09 08:00:00,0.013,0.04,0.02,0.096,0.004,0.075,0.0,0.048,0.0,0.001,0.09,0.038,0.252,0.005
2018-01-09 09:00:00,0.006,0.068,0.009,0.112,0.0,0.033,0.0,0.045,0.0,0.0,0.114,0.038,0.244,0.009
2018-01-09 10:00:00,0.002,0.08,0.028,0.117,0.0,0.04,0.0,0.011,0.0,0.0,0.14,0.045,0.099,0.011
2018-01-09 11:00:00,0.004,0.068,0.062,0.127,0.0,0.063,0.0,0.0,0.005,0.0,0.137,0.043,0.089,0.011
2018-01-09 12:00:00,0.004,0.07,0.025,0.115,0.0,0.054,0.0,0.0,0.0,0.011,0.143,0.048,0.144,0.011
2018-01-09 13:00:00,0.001,0.074,0.004,0.129,0.0,0.041,0.0,0.005,0.0,0.005,0.142,0.061,0.206,0.039
2018-01-09 14:00:00,0.003,0.066,0.044,0.183,0.0,0.014,0.0,0.016,0.0,0.006,0.119,0.065,0.077,0.016
2018-01-09 15:00:00,0.009,0.065,0.055,0.198,0.0,0.038,0.0,0.021,0.0,0.009,0.114,0.068,0.152,0.019
2018-01-09 16:00:00,0.0,0.061,0.029,0.205,0.0,0.028,0.0,0.024,0.0,0.011,0.086,0.076,0.122,0.01
2018-01-09 17:00:00,0.0,0.03,0.01,0.17,0.001,0.025,0.0,0.031,0.001,0.012,0.069,0.073,0.133,0.03
2018-01-09 18:00:00,0.005,0.019,0.007,0.181,0.002,0.023,0.0,0.035,0.013,0.014,0.064,0.067,0.091,0.035
2018-01-09 19:00:00,0.01,0.021,0.004,0.195,0.002,0.026,0.0,0.039,0.015,0.016,0.06,0.06,0.097,0.037
2018-01-09 20:00:00,0.017,0.021,0.011,0.193,0.001,0.03,0.0,0.041,0.019,0.018,0.082,0.064,0.106,0.038
2018-01-09 21:00:00,0.0,0.018,0.007,0.192,0.001,0.013,0.007,0.054,0.01,0.02,0.086,0.075,0.106,0.023
2018-01-09 22:00:00,0.0,0.012,0.007,0.196,0.0,0.006,0.0,0.062,0.001,0.022,0.089,0.075,0.108,0.014
2018-01-09 23:00:00,0.022,0.009,0.023,0.142,0.0,0.017,0.0,0.054,0.001,0.022,0.084,0.073,0.112,0.014
2018-01-10 00:00:00,0.0,0.005,0.004,0.15,0.0,0.018,0.0,0.057,0.009,0.022,0.076,0.071,0.122,0.015
2018-01-10 01:00:00,0.0,0.002,0.004,0.136,0.0,0.02,0.0,0.072,0.001,0.021,0.074,0.071,0.124,0.018
2018-01-10 02:00:00,0.0,0.001,0.007,0.14,0.0,0.031,0.0,0.072,0.0,0.022,0.069,0.074,0.129,0.02
2018-01-10 03:00:00,0.002,0.002,0.011,0.141,0.0,0.033,0.0,0.075,0.007,0.016,0.081,0.077,0.122,0.022
2018-01-10 04:00:00,0.0,0.002,0.015,0.142,0.0,0.034,0.0,0.075,0.015,0.018,0.083,0.077,0.124,0.027
2018-01-10 05:00:00,0.001,0.012,0.016,0.138,0.001,0.033,0.0,0.078,0.018,0.021,0.094,0.08,0.126,0.042
2018-01-10 06:00:00,0.0,0.0,0.012,0.153,0.0,0.047,0.0,0.078,0.043,0.021,0.092,0.076,0.133,0.027
2018-01-10 07:00:00,0.001,0.009,0.011,0.168,0.0,0.049,0.0,0.078,0.045,0.02,0.1,0.08,0.165,0.027
2018-01-10 08:00:00,0.001,0.013,0.008,0.17,0.0,0.029,0.0,0.077,0.04,0.02,0.103,0.082,0.158,0.027
2018-01-10 09:00:00,0.001,0.043,0.008,0.167,0.0,0.029,0.0,0.076,0.034,0.018,0.127,0.082,0.233,0.024
2018-01-10 10:00:00,0.003,0.057,0.015,0.16,0.0,0.02,0.0,0.075,0.021,0.012,0.177,0.078,0.362,0.016
2018-01-10 11:00:00,0.006,0.065,0.029,0.133,0.0,0.044,0.0,0.062,0.007,0.011,0.164,0.088,0.443,0.012
2018-01-10 12:00:00,0.007,0.071,0.029,0.114,0.0,0.051,0.0,0.045,0.001,0.017,0.2,0.085,0.398,0.041
2018-01-10 13:00:00,0.009,0.077,0.028,0.117,0.0,0.058,0.0,0.027,0.001,0.005,0.177,0.092,0.261,0.036
2018-01-10 14:00:00,0.011,0.078,0.02,0.168,0.0,0.028,0.0,0.016,0.002,0.001,0.165,0.101,0.126,0.027
2018-01-10 15:00:00,0.009,0.076,0.006,0.206,0.0,0.051,0.0,0.009,0.001,0.0,0.131,0.092,0.161,0.011
2018-01-10 16:00:00,0.002,0.068,0.001,0.204,0.001,0.072,0.0,0.011,0.0,0.002,0.121,0.071,0.11,0.01
2018-01-10 17:00:00,0.0,0.033,0.006,0.176,0.002,0.049,0.0,0.024,0.0,0.007,0.067,0.056,0.107,0.032
2018-01-10 18:00:00,0.005,0.021,0.006,0.199,0.003,0.065,0.0,0.025,0.0,0.009,0.065,0.05,0.131,0.041
2018-01-10 19:00:00,0.0,0.024,0.003,0.219,0.002,0.053,0.0,0.03,0.005,0.012,0.061,0.045,0.122,0.036
2018-01-10 20:00:00,0.0,0.024,0.009,0.203,0.001,0.035,0.0,0.039,0.003,0.014,0.073,0.05,0.126,0.041
2018-01-10 21:00:00,0.03,0.024,0.003,0.24,0.031,0.028,0.0,0.038,0.004,0.019,0.09,0.071,0.212,0.031
2018-01-10 22:00:00,0.0,0.015,0.001,0.221,0.0,0.02,0.0,0.039,0.001,0.021,0.098,0.07,0.299,0.033
2018-01-10 23:00:00,0.0,0.013,0.001,0.181,0.0,0.018,0.0,0.039,0.009,0.021,0.083,0.067,0.329,0.015
2018-01-11 00:00:00,0.0,0.007,0.001,0.157,0.0,0.019,0.0,0.035,0.009,0.021,0.075,0.063,0.345,0.012
2018-01-11 01:00:00,0.0,0.002,0.001,0.148,0.0,0.023,0.0,0.071,0.0,0.019,0.071,0.062,0.25,0.011
2018-01-11 02:00:00,0.0,0.002,0.001,0.143,0.0,0.028,0.0,0.061,0.0,0.008,0.059,0.062,0.211,0.008
2018-01-11 03:00:00,0.003,0.004,0.0,0.133,0.0,0.02,0.003,0.054,0.0,0.002,0.065,0.067,0.318,0.007
2018-01-11 04:00:00,0.0,0.011,0.004,0.137,0.0,0.039,0.0,0.049,0.0,0.002,0.069,0.064,0.31,0.013
2018-01-11 05:00:00,0.0,0.005,0.015,0.143,0.0,0.019,0.0,0.045,0.005,0.003,0.083,0.058,0.298,0.022
2018-01-11 06:00:00,0.0,0.005,0.027,0.108,0.0,0.027,0.0,0.034,0.017,0.01,0.088,0.041,0.312,0.022
2018-01-11 07:00:00,0.0,0.014,0.012,0.176,0.0,0.032,0.0,0.031,0.0,0.006,0.091,0.041,0.186,0.011
2018-01-11 08:00:00,0.0,0.021,0.011,0.156,0.0,0.012,0.0,0.025,0.0,0.001,0.093,0.039,0.285,0.011
2018-01-11 09:00:00,0.001,0.051,0.054,0.211,0.0,0.012,0.0,0.015,0.0,0.0,0.113,0.04,0.334,0.014
2018-01-11 10:00:00,0.0,0.072,0.046,0.151,0.0,0.003,0.0,0.004,0.0,0.0,0.146,0.046,0.46,0.012
2018-01-11 11:00:00,0.0,0.078,0.036,0.188,0.0,0.028,0.0,0.0,0.007,0.0,0.141,0.045,0.466,0.012
2018-01-11 12:00:00,0.001,0.08,0.027,0.136,0.0,0.037,0.011,0.007,0.0,0.001,0.157,0.05,0.492,0.012
2018-01-11 13:00:00,0.001,0.099,0.027,0.137,0.0,0.016,0.0,0.006,0.0,0.0,0.164,0.063,0.455,0.012
2018-01-11 14:00:00,0.001,0.099,0.028,0.21,0.0,0.007,0.0,0.0,0.0,0.0,0.146,0.081,0.414,0.016
2018-01-11 15:00:00,0.0,0.134,0.021,0.22,0.0,0.022,0.0,0.0,0.0,0.0,0.14,0.1,0.309,0.01
2018-01-11 16:00:00,0.011,0.101,0.007,0.229,0.002,0.013,0.0,0.0,0.008,0.0,0.119,0.076,0.194,0.01
2018-01-11 17:00:00,0.014,0.061,0.015,0.247,0.003,0.018,0.0,0.0,0.011,0.0,0.094,0.056,0.229,0.032
2018-01-11 18:00:00,0.037,0.084,0.022,0.265,0.004,0.049,0.0,0.001,0.011,0.0,0.104,0.049,0.388,0.036
2018-01-11 19:00:00,0.03,0.046,0.017,0.288,0.004,0.065,0.0,0.002,0.028,0.002,0.096,0.039,0.371,0.033
2018-01-11 20:00:00,0.032,0.085,0.029,0.312,0.004,0.06,0.0,0.039,0.029,0.016,0.149,0.041,0.111,0.032
2018-01-11 21:00:00,0.037,0.092,0.022,0.296,0.006,0.083,0.0,0.007,0.002,0.009,0.127,0.047,0.105,0.027
2018-01-11 22:00:00,0.026,0.032,0.032,0.31,0.024,0.028,0.01,0.007,0.001,0.011,0.125,0.055,0.107,0.019
2018-01-11 23:00:00,0.01,0.027,0.007,0.21,0.0,0.042,0.0,0.006,0.001,0.008,0.11,0.058,0.107,0.04
2018-01-12 00:00:00,0.006,0.015,0.006,0.219,0.001,0.031,0.0,0.013,0.016,0.007,0.115,0.038,0.106,0.012
2018-01-12 01:00:00,0.005,0.012,0.002,0.187,0.001,0.018,0.0,0.037,0.004,0.008,0.086,0.037,0.106,0.009
2018-01-12 02:00:00,0.002,0.004,0.001,0.183,0.002,0.013,0.0,0.023,0.0,0.004,0.065,0.038,0.121,0.004
2018-01-12 03:00:00,0.006,0.01,0.002,0.163,0.002,0.007,0.0,0.031,0.001,0.002,0.066,0.052,0.326,0.022
2018-01-12 04:00:00,0.016,0.025,0.0,0.178,0.001,0.005,0.0,0.027,0.006,0.002,0.075,0.042,0.376,0.035
2018-01-12 05:00:00,0.008,0.023,0.0,0.281,0.011,0.019,0.0,0.033,0.023,0.003,0.16,0.042,0.96,0.023
2018-01-12 06:00:00,0.019,0.054,0.021,0.366,0.018,0.038,0.0,0.036,0.021,0.002,0.111,0.047,0.652,0.005
2018-01-12 07:00:00,0.022,0.058,0.061,0.31,0.0,0.075,0.0,0.031,0.035,0.002,0.174,0.054,0.405,0.016
2018-01-12 08:00:00,0.02,0.069,0.07,0.33,0.016,0.074,0.0,0.029,0.004,0.001,0.125,0.06,0.422,0.009
2018-01-12 09:00:00,0.035,0.088,0.012,0.422,0.0,0.083,0.0,0.024,0.005,0.009,0.187,0.043,0.566,0.035
2018-01-12 10:00:00,0.056,0.118,0.013,0.426,0.0,0.067,0.007,0.006,0.0,0.0,0.214,0.052,0.663,0.035
2018-01-12 11:00:00,0.05,0.155,0.024,0.481,0.0,0.076,0.01,0.0,0.014,0.0,0.28,0.049,0.721,0.016
2018-01-12 12:00:00,0.057,0.126,0.024,0.839,0.0,0.121,0.01,0.004,0.011,0.004,0.375,0.08,0.709,0.028
2018-01-12 13:00:00,0.067,0.136,0.04,0.934,0.001,0.11,0.024,0.0,0.005,0.0,0.43,0.092,0.699,0.023
2018-01-12 14:00:00,0.063,0.145,0.038,1.001,0.003,0.078,0.025,0.0,0.006,0.0,0.494,0.124,0.733,0.028
2018-01-12 15:00:00,0.062,0.169,0.015,0.995,0.004,0.082,0.019,0.0,0.006,0.0,0.457,0.149,0.62,0.054
2018-01-12 16:00:00,0.061,0.199,0.038,1.099,0.034,0.136,0.012,0.0,0.005,0.0,0.467,0.16,0.609,0.038
2018-01-12 17:00:00,0.125,0.211,0.031,1.255,0.058,0.162,0.001,0.0,0.013,0.012,0.434,0.135,0.572,0.047
2018-01-12 18:00:00,0.149,0.305,0.039,0.975,0.088,0.115,0.0,0.001,0.002,0.0,0.474,0.08,0.569,0.104
2018-01-12 19:00:00,0.03,0.326,0.036,0.364,0.068,0.074,0.0,0.002,0.017,0.005,0.35,0.09,0.578,0.158
2018-01-12 20:00:00,0.032,0.309,0.048,0.298,0.049,0.057,0.0,0.004,0.002,0.002,0.285,0.083,0.535,0.162
2018-01-12 21:00:00,0.023,0.344,0.06,0.318,0.021,0.02,0.0,0.01,0.005,0.02,0.341,0.086,0.525,0.111
2018-01-12 22:00:00,0.015,0.286,0.037,0.225,0.007,0.027,0.0,0.023,0.001,0.025,0.135,0.047,0.474,0.101
2018-01-12 23:00:00,0.001,0.078,0.021,0.174,0.002,0.024,0.0,0.026,0.008,0.025,0.122,0.061,0.458,0.03
2018-01-13 00:00:00,0.0,0.021,0.0,0.212,0.002,0.032,0.0,0.039,0.012,0.025,0.07,0.064,0.432,0.013
2018-01-13 01:00:00,0.0,0.038,0.001,0.186,0.002,0.04,0.0,0.085,0.0,0.025,0.059,0.066,0.404,0.012
2018-01-13 02:00:00,0.0,0.03,0.003,0.182,0.001,0.041,0.0,0.082,0.0,0.023,0.04,0.071,0.421,0.004
2018-01-13 03:00:00,0.002,0.003,0.006,0.163,0.001,0.041,0.0,0.083,0.0,0.009,0.048,0.084,0.339,0.003
2018-01-13 04:00:00,0.0,0.008,0.022,0.189,0.0,0.04,0.0,0.084,0.0,0.014,0.056,0.085,0.157,0.007
2018-01-13 05:00:00,0.0,0.004,0.015,0.169,0.0,0.04,0.0,0.085,0.0,0.019,0.081,0.086,0.407,0.007
2018-01-13 06:00:00,0.0,0.003,0.016,0.193,0.0,0.039,0.0,0.085,0.03,0.021,0.072,0.063,0.366,0.004
2018-01-13 07:00:00,0.0,0.013,0.016,0.205,0.0,0.039,0.0,0.085,0.041,0.023,0.078,0.082,0.166,0.009
2018-01-13 08:00:00,0.0,0.016,0.016,0.204,0.0,0.038,0.0,0.086,0.049,0.023,0.081,0.088,0.112,0.018
2018-01-13 09:00:00,0.0,0.044,0.018,0.213,0.0,0.039,0.0,0.087,0.045,0.023,0.099,0.087,0.131,0.027
2018-01-13 10:00:00,0.0,0.059,0.021,0.216,0.0,0.038,0.0,0.089,0.05,0.023,0.13,0.087,0.143,0.031
2018-01-13 11:00:00,0.0,0.065,0.016,0.209,0.001,0.037,0.0,0.09,0.038,0.022,0.139,0.087,0.147,0.02
2018-01-13 12:00:00,0.0,0.064,0.032,0.195,0.016,0.036,0.0,0.09,0.032,0.023,0.146,0.087,0.144,0.021
2018-01-13 13:00:00,0.0,0.068,0.023,0.192,0.0,0.037,0.0,0.09,0.039,0.023,0.141,0.086,0.17,0.044
2018-01-13 14:00:00,0.0,0.064,0.013,0.199,0.0,0.036,0.0,0.09,0.031,0.023,0.126,0.086,0.206,0.038
2018-01-13 15:00:00,0.0,0.064,0.011,0.205,0.0,0.036,0.01,0.089,0.039,0.022,0.114,0.09,0.136,0.046
2018-01-13 16:00:00,0.0,0.061,0.016,0.216,0.001,0.035,0.0,0.09,0.041,0.023,0.105,0.096,0.169,0.048
2018-01-13 17:00:00,0.0,0.033,0.021,0.217,0.003,0.035,0.0,0.09,0.048,0.023,0.083,0.1,0.151,0.04
2018-01-13 18:00:00,0.005,0.022,0.021,0.243,0.003,0.035,0.0,0.091,0.051,0.023,0.081,0.102,0.136,0.036
2018-01-13 19:00:00,0.0,0.02,0.018,0.256,0.004,0.035,0.0,0.091,0.056,0.024,0.087,0.102,0.136,0.038
2018-01-13 20:00:00,0.0,0.019,0.018,0.267,0.003,0.035,0.0,0.093,0.051,0.024,0.089,0.101,0.136,0.033
2018-01-13 21:00:00,0.0,0.018,0.019,0.258,0.002,0.035,0.0,0.095,0.044,0.025,0.085,0.1,0.136,0.033
2018-01-13 22:00:00,0.0,0.016,0.03,0.24,0.001,0.048,0.0,0.094,0.046,0.025,0.086,0.097,0.136,0.033
2018-01-13 23:00:00,0.0,0.01,0.027,0.213,0.001,0.035,0.0,0.094,0.047,0.026,0.081,0.096,0.143,0.032
2018-01-14 00:00:00,0.0,0.004,0.017,0.207,0.0,0.035,0.0,0.093,0.051,0.026,0.069,0.093,0.154,0.031
2018-01-14 01:00:00,0.0,0.001,0.017,0.194,0.0,0.035,0.0,0.092,0.049,0.025,0.084,0.092,0.139,0.029
2018-01-14 02:00:00,0.0,0.001,0.018,0.186,0.0,0.036,0.0,0.09,0.049,0.025,0.067,0.091,0.146,0.028
2018-01-14 03:00:00,0.0,0.001,0.018,0.194,0.0,0.035,0.0,0.091,0.049,0.024,0.066,0.091,0.142,0.028
2018-01-14 04:00:00,0.0,0.002,0.02,0.205,0.0,0.035,0.0,0.09,0.049,0.023,0.065,0.091,0.143,0.03
2018-01-14 05:00:00,0.0,0.002,0.02,0.194,0.0,0.035,0.0,0.091,0.049,0.024,0.07,0.088,0.145,0.03
2018-01-14 06:00:00,0.0,0.001,0.02,0.194,0.0,0.035,0.0,0.091,0.049,0.023,0.067,0.085,0.146,0.029
2018-01-14 07:00:00,0.0,0.008,0.02,0.196,0.0,0.034,0.0,0.09,0.05,0.023,0.07,0.085,0.148,0.029
2018-01-14 08:00:00,0.0,0.012,0.02,0.197,0.0,0.034,0.0,0.09,0.05,0.023,0.072,0.086,0.148,0.029
2018-01-14 09:00:00,0.0,0.041,0.02,0.188,0.0,0.034,0.0,0.089,0.047,0.022,0.088,0.085,0.152,0.033
2018-01-14 10:00:00,0.0,0.054,0.028,0.19,0.0,0.03,0.0,0.089,0.048,0.021,0.099,0.084,0.151,0.034
2018-01-14 11:00:00,0.0,0.057,0.034,0.185,0.0,0.031,0.0,0.09,0.041,0.021,0.115,0.084,0.147,0.028
2018-01-14 12:00:00,0.002,0.059,0.016,0.156,0.0,0.032,0.0,0.089,0.032,0.022,0.14,0.085,0.145,0.026
2018-01-14 13:00:00,0.005,0.06,0.014,0.147,0.0,0.034,0.0,0.088,0.024,0.022,0.125,0.088,0.142,0.026
2018-01-14 14:00:00,0.006,0.06,0.011,0.158,0.0,0.033,0.0,0.087,0.018,0.022,0.112,0.088,0.141,0.023
2018-01-14 15:00:00,0.005,0.06,0.01,0.165,0.0,0.031,0.0,0.087,0.026,0.022,0.106,0.082,0.137,0.027
2018-01-14 16:00:00,0.001,0.057,0.014,0.182,0.0,0.029,0.0,0.087,0.031,0.022,0.092,0.082,0.135,0.03
2018-01-14 17:00:00,0.0,0.025,0.028,0.183,0.0,0.029,0.0,0.088,0.042,0.022,0.069,0.083,0.148,0.038
2018-01-14 18:00:00,0.005,0.013,0.019,0.211,0.0,0.031,0.006,0.09,0.047,0.023,0.062,0.084,0.14,0.029
2018-01-14 19:00:00,0.0,0.014,0.019,0.227,0.0,0.031,0.009,0.091,0.052,0.023,0.074,0.085,0.142,0.031
2018-01-14 20:00:00,0.0,0.026,0.019,0.23,0.0,0.042,0.012,0.093,0.049,0.024,0.076,0.085,0.141,0.038
2018-01-14 21:00:00,0.002,0.014,0.019,0.231,0.0,0.033,0.015,0.093,0.048,0.024,0.072,0.086,0.146,0.039
2018-01-14 22:00:00,0.0,0.009,0.023,0.22,0.0,0.034,0.004,0.093,0.052,0.024,0.071,0.086,0.147,0.029
2018-01-14 23:00:00,0.0,0.005,0.018,0.209,0.0,0.033,0.003,0.093,0.048,0.025,0.071,0.087,0.146,0.029
2018-01-15 00:00:00,0.0,0.002,0.019,0.21,0.0,0.034,0.006,0.094,0.05,0.025,0.081,0.091,0.147,0.029
2018-01-15 01:00:00,0.0,0.001,0.018,0.205,0.0,0.033,0.008,0.093,0.048,0.025,0.086,0.091,0.148,0.028
2018-01-15 02:00:00,0.0,0.0,0.018,0.203,0.0,0.034,0.002,0.093,0.048,0.025,0.083,0.09,0.153,0.028
2018-01-15 03:00:00,0.0,0.0,0.017,0.194,0.0,0.034,0.0,0.093,0.048,0.024,0.081,0.089,0.147,0.028
2018-01-15 04:00:00,0.0,0.0,0.018,0.192,0.0,0.044,0.0,0.091,0.048,0.024,0.08,0.088,0.144,0.032
2018-01-15 05:00:00,0.0,0.0,0.019,0.192,0.0,0.038,0.0,0.092,0.048,0.023,0.084,0.085,0.144,0.04
2018-01-15 06:00:00,0.0,0.011,0.02,0.195,0.0,0.033,0.0,0.091,0.049,0.023,0.087,0.083,0.148,0.029
2018-01-15 07:00:00,0.0,0.026,0.021,0.189,0.0,0.04,0.0,0.091,0.049,0.023,0.094,0.084,0.148,0.029
2018-01-15 08:00:00,0.0,0.017,0.032,0.189,0.0,0.052,0.0,0.09,0.049,0.023,0.099,0.085,0.15,0.029
2018-01-15 09:00:00,0.0,0.04,0.026,0.192,0.0,0.032,0.004,0.089,0.048,0.021,0.12,0.085,0.224,0.033
2018-01-15 10:00:00,0.0,0.053,0.01,0.197,0.0,0.032,0.007,0.087,0.047,0.021,0.143,0.087,0.178,0.034
2018-01-15 11:00:00,0.0,0.057,0.008,0.191,0.0,0.027,0.005,0.085,0.044,0.02,0.154,0.086,0.155,0.031
2018-01-15 12:00:00,0.007,0.06,0.008,0.162,0.0,0.025,0.0,0.083,0.031,0.02,0.155,0.093,0.155,0.029
2018-01-15 13:00:00,0.002,0.064,0.005,0.152,0.0,0.033,0.0,0.082,0.021,0.019,0.144,0.115,0.152,0.026
2018-01-15 14:00:00,0.003,0.066,0.023,0.189,0.0,0.026,0.0,0.081,0.011,0.02,0.123,0.123,0.149,0.021
2018-01-15 15:00:00,0.002,0.065,0.018,0.205,0.0,0.028,0.0,0.079,0.013,0.017,0.109,0.117,0.142,0.02
2018-01-15 16:00:00,0.0,0.059,0.011,0.212,0.0,0.026,0.0,0.076,0.017,0.019,0.094,0.108,0.139,0.023
2018-01-15 17:00:00,0.0,0.027,0.024,0.192,0.0,0.028,0.0,0.077,0.028,0.02,0.081,0.096,0.131,0.043
2018-01-15 18:00:00,0.004,0.014,0.019,0.213,0.001,0.029,0.004,0.081,0.037,0.021,0.07,0.086,0.151,0.047
2018-01-15 19:00:00,0.0,0.017,0.012,0.21,0.001,0.031,0.007,0.083,0.048,0.022,0.067,0.081,0.237,0.03
2018-01-15 20:00:00,0.0,0.017,0.017,0.22,0.001,0.032,0.007,0.085,0.045,0.022,0.083,0.081,0.173,0.029
2018-01-15 21:00:00,0.0,0.012,0.013,0.229,0.0,0.032,0.007,0.087,0.026,0.022,0.074,0.081,0.13,0.027
2018-01-15 22:00:00,0.0,0.007,0.056,0.211,0.0,0.031,0.002,0.087,0.026,0.023,0.096,0.081,0.127,0.027
2018-01-15 23:00:00,0.0,0.005,0.013,0.196,0.0,0.032,0.0,0.086,0.028,0.024,0.091,0.081,0.126,0.026
2018-01-16 00:00:00,0.0,0.005,0.01,0.194,0.0,0.032,0.0,0.087,0.04,0.024,0.083,0.082,0.126,0.025
2018-01-16 01:00:00,0.0,0.002,0.01,0.181,0.0,0.031,0.0,0.085,0.028,0.024,0.077,0.083,0.13,0.023
2018-01-16 02:00:00,0.0,0.001,0.009,0.174,0.0,0.033,0.0,0.083,0.026,0.023,0.071,0.084,0.139,0.023
2018-01-16 03:00:00,0.0,0.001,0.007,0.169,0.0,0.032,0.0,0.083,0.026,0.022,0.078,0.084,0.127,0.023
2018-01-16 04:00:00,0.0,0.001,0.012,0.171,0.0,0.031,0.0,0.08,0.025,0.021,0.08,0.082,0.172,0.052
2018-01-16 05:00:00,0.0,0.001,0.013,0.156,0.0,0.031,0.0,0.081,0.024,0.021,0.083,0.08,0.236,0.029
2018-01-16 06:00:00,0.0,0.0,0.015,0.174,0.001,0.03,0.0,0.079,0.036,0.02,0.084,0.079,0.174,0.032
2018-01-16 07:00:00,0.0,0.009,0.007,0.172,0.005,0.027,0.0,0.078,0.035,0.02,0.099,0.08,0.131,0.021
2018-01-16 08:00:00,0.0,0.013,0.006,0.171,0.009,0.025,0.0,0.077,0.028,0.019,0.102,0.081,0.141,0.023
2018-01-16 09:00:00,0.001,0.042,0.005,0.166,0.0,0.019,0.0,0.076,0.024,0.014,0.122,0.08,0.259,0.023
2018-01-16 10:00:00,0.006,0.055,0.006,0.162,0.0,0.019,0.0,0.075,0.013,0.012,0.137,0.08,0.315,0.017
2018-01-16 11:00:00,0.0,0.059,0.017,0.138,0.0,0.026,0.0,0.072,0.006,0.014,0.137,0.073,0.296,0.012
2018-01-16 12:00:00,0.0,0.062,0.052,0.112,0.0,0.033,0.0,0.061,0.0,0.018,0.151,0.072,0.343,0.011
2018-01-16 13:00:00,0.001,0.065,0.031,0.119,0.0,0.037,0.0,0.05,0.0,0.013,0.116,0.081,0.335,0.011
2018-01-16 14:00:00,0.0,0.065,0.01,0.165,0.0,0.011,0.0,0.041,0.0,0.009,0.093,0.085,0.357,0.011
2018-01-16 15:00:00,0.0,0.065,0.003,0.172,0.0,0.022,0.0,0.039,0.0,0.01,0.082,0.079,0.149,0.01
2018-01-16 16:00:00,0.0,0.061,0.005,0.173,0.0,0.037,0.0,0.042,0.0,0.012,0.08,0.083,0.133,0.018
2018-01-16 17:00:00,0.0,0.03,0.005,0.151,0.001,0.022,0.0,0.048,0.002,0.015,0.067,0.079,0.2,0.053
2018-01-16 18:00:00,0.005,0.019,0.01,0.171,0.002,0.024,0.0,0.052,0.01,0.018,0.066,0.071,0.196,0.051
2018-01-16 19:00:00,0.0,0.023,0.013,0.198,0.002,0.02,0.0,0.056,0.02,0.02,0.062,0.065,0.12,0.035
2018-01-16 20:00:00,0.0,0.022,0.01,0.193,0.002,0.021,0.0,0.064,0.019,0.021,0.077,0.07,0.175,0.04
2018-01-16 21:00:00,0.0,0.019,0.007,0.206,0.01,0.009,0.0,0.07,0.006,0.021,0.071,0.076,0.128,0.03
2018-01-16 22:00:00,0.0,0.026,0.006,0.189,0.0,0.053,0.0,0.072,0.002,0.021,0.088,0.077,0.125,0.021
2018-01-16 23:00:00,0.0,0.035,0.005,0.155,0.0,0.034,0.0,0.07,0.004,0.022,0.082,0.078,0.126,0.022
2018-01-17 00:00:00,0.0,0.006,0.005,0.159,0.0,0.02,0.0,0.07,0.018,0.022,0.073,0.076,0.134,0.018
2018-01-17 01:00:00,0.0,0.002,0.005,0.144,0.0,0.021,0.0,0.077,0.007,0.022,0.068,0.076,0.134,0.015
2018-01-17 02:00:00,0.0,0.001,0.005,0.144,0.0,0.03,0.0,0.074,0.006,0.022,0.06,0.076,0.133,0.014
2018-01-17 03:00:00,0.002,0.002,0.005,0.14,0.0,0.039,0.0,0.074,0.006,0.009,0.074,0.076,0.125,0.016
2018-01-17 04:00:00,0.0,0.002,0.01,0.133,0.0,0.042,0.004,0.072,0.006,0.009,0.076,0.076,0.131,0.019
2018-01-17 05:00:00,0.0,0.002,0.01,0.123,0.0,0.039,0.0,0.073,0.007,0.011,0.089,0.076,0.165,0.028
2018-01-17 06:00:00,0.0,0.001,0.005,0.122,0.0,0.04,0.0,0.073,0.027,0.011,0.087,0.062,0.235,0.027
2018-01-17 07:00:00,0.0,0.011,0.005,0.152,0.0,0.024,0.0,0.072,0.027,0.012,0.099,0.061,0.158,0.014
2018-01-17 08:00:00,0.001,0.015,0.005,0.155,0.0,0.021,0.0,0.072,0.023,0.012,0.101,0.067,0.131,0.015
2018-01-17 09:00:00,0.001,0.044,0.004,0.177,0.0,0.029,0.0,0.071,0.016,0.008,0.119,0.065,0.256,0.012
2018-01-17 10:00:00,0.0,0.058,0.001,0.157,0.0,0.037,0.0,0.05,0.004,0.004,0.138,0.064,0.317,0.021
2018-01-17 11:00:00,0.0,0.061,0.002,0.158,0.0,0.028,0.0,0.04,0.006,0.008,0.14,0.058,0.188,0.028
2018-01-17 12:00:00,0.0,0.061,0.003,0.13,0.0,0.017,0.0,0.032,0.0,0.017,0.146,0.057,0.115,0.012
2018-01-17 13:00:00,0.001,0.062,0.003,0.125,0.0,0.022,0.0,0.026,0.0,0.009,0.128,0.069,0.115,0.015
2018-01-17 14:00:00,0.0,0.062,0.001,0.19,0.0,0.024,0.0,0.021,0.0,0.005,0.097,0.078,0.115,0.031
2018-01-17 15:00:00,0.0,0.062,0.001,0.192,0.0,0.023,0.0,0.021,0.0,0.006,0.085,0.076,0.113,0.036
2018-01-17 16:00:00,0.0,0.058,0.004,0.187,0.001,0.013,0.0,0.026,0.0,0.009,0.085,0.075,0.131,0.02
2018-01-17 17:00:00,0.0,0.028,0.011,0.162,0.002,0.024,0.0,0.04,0.0,0.015,0.073,0.071,0.161,0.025
2018-01-17 18:00:00,0.008,0.016,0.014,0.195,0.003,0.018,0.0,0.048,0.005,0.019,0.068,0.068,0.108,0.025
2018-01-17 19:00:00,0.019,0.018,0.012,0.199,0.014,0.024,0.0,0.057,0.022,0.021,0.067,0.067,0.161,0.027
2018-01-17 20:00:00,0.012,0.028,0.027,0.231,0.002,0.025,0.0,0.067,0.015,0.021,0.08,0.07,0.116,0.023
2018-01-17 21:00:00,0.0,0.012,0.008,0.249,0.001,0.022,0.0,0.074,0.01,0.021,0.07,0.077,0.122,0.022
2018-01-17 22:00:00,0.0,0.008,0.007,0.214,0.001,0.039,0.0,0.074,0.013,0.022,0.107,0.077,0.124,0.026
2018-01-17 23:00:00,0.0,0.007,0.006,0.165,0.0,0.022,0.0,0.078,0.019,0.023,0.103,0.079,0.125,0.024
2018-01-18 00:00:00,0.0,0.005,0.008,0.192,0.001,0.043,0.0,0.08,0.032,0.023,0.085,0.08,0.128,0.026
2018-01-18 01:00:00,0.0,0.002,0.009,0.17,0.0,0.049,0.0,0.079,0.027,0.023,0.08,0.084,0.128,0.027
2018-01-18 02:00:00,0.0,0.001,0.01,0.161,0.0,0.031,0.0,0.078,0.028,0.023,0.076,0.086,0.133,0.025
2018-01-18 03:00:00,0.001,0.001,0.011,0.16,0.0,0.023,0.0,0.079,0.03,0.022,0.083,0.087,0.127,0.022
2018-01-18 04:00:00,0.0,0.001,0.016,0.154,0.0,0.03,0.0,0.078,0.03,0.022,0.084,0.087,0.128,0.025
2018-01-18 05:00:00,0.0,0.001,0.021,0.159,0.0,0.03,0.0,0.079,0.03,0.022,0.094,0.082,0.13,0.023
2018-01-18 06:00:00,0.0,0.003,0.018,0.143,0.0,0.039,0.0,0.079,0.044,0.021,0.092,0.079,0.132,0.021
2018-01-18 07:00:00,0.0,0.018,0.02,0.171,0.0,0.021,0.0,0.078,0.043,0.021,0.1,0.08,0.142,0.021
2018-01-18 08:00:00,0.0,0.014,0.017,0.172,0.0,0.027,0.0,0.077,0.044,0.019,0.103,0.079,0.15,0.018
2018-01-18 09:00:00,0.0,0.041,0.054,0.173,0.0,0.038,0.0,0.075,0.039,0.01,0.124,0.077,0.207,0.015
2018-01-18 10:00:00,0.0,0.054,0.057,0.174,0.015,0.034,0.0,0.071,0.023,0.006,0.144,0.082,0.327,0.014
2018-01-18 11:00:00,0.005,0.056,0.024,0.174,0.0,0.018,0.0,0.056,0.021,0.013,0.153,0.061,0.322,0.015
2018-01-18 12:00:00,0.0,0.059,0.025,0.133,0.017,0.016,0.0,0.043,0.006,0.018,0.148,0.069,0.237,0.029
2018-01-18 13:00:00,0.0,0.06,0.002,0.131,0.006,0.009,0.0,0.035,0.001,0.013,0.119,0.079,0.15,0.015
2018-01-18 14:00:00,0.0,0.06,0.018,0.17,0.0,0.017,0.0,0.032,0.0,0.012,0.097,0.085,0.233,0.013
2018-01-18 15:00:00,0.0,0.06,0.039,0.17,0.0,0.02,0.0,0.031,0.006,0.011,0.091,0.072,0.104,0.013
2018-01-18 16:00:00,0.0,0.057,0.015,0.174,0.0,0.015,0.0,0.034,0.002,0.013,0.092,0.087,0.122,0.019
2018-01-18 17:00:00,0.0,0.027,0.018,0.161,0.002,0.018,0.0,0.039,0.005,0.015,0.075,0.08,0.171,0.027
2018-01-18 18:00:00,0.005,0.015,0.015,0.184,0.002,0.017,0.0,0.045,0.014,0.018,0.073,0.073,0.179,0.029
2018-01-18 19:00:00,0.0,0.016,0.007,0.2,0.002,0.013,0.0,0.052,0.024,0.02,0.071,0.065,0.13,0.03
2018-01-18 20:00:00,0.0,0.017,0.017,0.218,0.002,0.02,0.0,0.057,0.021,0.021,0.099,0.069,0.134,0.025
2018-01-18 21:00:00,0.006,0.013,0.007,0.23,0.001,0.009,0.0,0.064,0.007,0.021,0.069,0.076,0.131,0.023
2018-01-18 22:00:00,0.0,0.009,0.006,0.195,0.0,0.065,0.002,0.065,0.003,0.021,0.092,0.077,0.131,0.023
2018-01-18 23:00:00,0.0,0.007,0.005,0.151,0.0,0.022,0.003,0.065,0.005,0.022,0.093,0.078,0.13,0.022
2018-01-19 00:00:00,0.0,0.005,0.005,0.153,0.0,0.019,0.0,0.064,0.013,0.022,0.078,0.076,0.13,0.021
2018-01-19 01:00:00,0.0,0.001,0.005,0.141,0.0,0.021,0.0,0.075,0.005,0.022,0.072,0.076,0.13,0.019
2018-01-19 02:00:00,0.0,0.001,0.005,0.138,0.0,0.03,0.0,0.075,0.003,0.021,0.065,0.075,0.134,0.018
2018-01-19 03:00:00,0.002,0.001,0.005,0.127,0.0,0.024,0.0,0.075,0.004,0.006,0.079,0.075,0.126,0.018
2018-01-19 04:00:00,0.0,0.001,0.009,0.126,0.0,0.02,0.0,0.072,0.004,0.005,0.08,0.075,0.127,0.03
2018-01-19 05:00:00,0.0,0.001,0.01,0.125,0.0,0.036,0.0,0.073,0.005,0.008,0.091,0.072,0.124,0.038
2018-01-19 06:00:00,0.0,0.001,0.005,0.111,0.0,0.024,0.0,0.072,0.028,0.007,0.091,0.049,0.127,0.019
2018-01-19 07:00:00,0.0,0.011,0.004,0.144,0.0,0.035,0.0,0.072,0.029,0.008,0.101,0.048,0.13,0.02
2018-01-19 08:00:00,0.0,0.013,0.003,0.15,0.0,0.019,0.0,0.071,0.028,0.008,0.102,0.048,0.133,0.016
2018-01-19 09:00:00,0.0,0.042,0.003,0.142,0.0,0.018,0.0,0.07,0.025,0.005,0.118,0.046,0.248,0.015
2018-01-19 10:00:00,0.0,0.055,0.003,0.178,0.0,0.017,0.0,0.039,0.011,0.005,0.134,0.052,0.282,0.017
2018-01-19 11:00:00,0.0,0.058,0.002,0.145,0.0,0.017,0.0,0.033,0.008,0.013,0.133,0.055,0.287,0.015
2018-01-19 12:00:00,0.0,0.06,0.001,0.12,0.0,0.016,0.0,0.03,0.003,0.018,0.138,0.055,0.217,0.026
2018-01-19 13:00:00,0.0,0.06,0.001,0.114,0.004,0.015,0.0,0.029,0.001,0.012,0.126,0.066,0.13,0.046
2018-01-19 14:00:00,0.0,0.061,0.005,0.153,0.0,0.013,0.0,0.029,0.0,0.012,0.1,0.072,0.117,0.016
2018-01-19 15:00:00,0.0,0.061,0.004,0.168,0.0,0.022,0.0,0.029,0.005,0.014,0.09,0.072,0.129,0.013
2018-01-19 16:00:00,0.0,0.059,0.019,0.176,0.001,0.021,0.0,0.03,0.004,0.013,0.089,0.075,0.127,0.021
2018-01-19 17:00:00,0.0,0.029,0.041,0.165,0.004,0.016,0.0,0.036,0.007,0.015,0.071,0.071,0.11,0.027
2018-01-19 18:00:00,0.005,0.017,0.011,0.188,0.017,0.062,0.0,0.037,0.018,0.017,0.066,0.065,0.113,0.029
2018-01-19 19:00:00,0.0,0.019,0.002,0.203,0.002,0.067,0.0,0.036,0.023,0.018,0.065,0.058,0.117,0.044
2018-01-19 20:00:00,0.0,0.019,0.008,0.22,0.002,0.016,0.0,0.041,0.019,0.018,0.079,0.062,0.124,0.022
2018-01-19 21:00:00,0.0,0.014,0.007,0.199,0.002,0.018,0.005,0.043,0.017,0.02,0.071,0.074,0.129,0.023
2018-01-19 22:00:00,0.0,0.01,0.003,0.181,0.001,0.013,0.0,0.045,0.007,0.021,0.088,0.077,0.125,0.025
2018-01-19 23:00:00,0.0,0.007,0.002,0.158,0.0,0.019,0.0,0.048,0.0,0.022,0.083,0.078,0.123,0.024
2018-01-20 00:00:00,0.0,0.005,0.003,0.168,0.001,0.021,0.0,0.049,0.013,0.022,0.075,0.074,0.146,0.023
2018-01-20 01:00:00,0.0,0.002,0.003,0.148,0.001,0.02,0.0,0.075,0.002,0.021,0.045,0.072,0.126,0.021
2018-01-20 02:00:00,0.0,0.001,0.003,0.149,0.0,0.03,0.0,0.074,0.0,0.016,0.037,0.068,0.133,0.022
2018-01-20 03:00:00,0.004,0.001,0.004,0.129,0.0,0.025,0.0,0.073,0.0,0.005,0.049,0.069,0.129,0.022
2018-01-20 04:00:00,0.005,0.001,0.009,0.12,0.0,0.019,0.0,0.073,0.0,0.002,0.047,0.066,0.129,0.024
2018-01-20 05:00:00,0.006,0.004,0.008,0.113,0.0,0.021,0.0,0.072,0.0,0.003,0.063,0.062,0.129,0.026
2018-01-20 06:00:00,0.0,0.004,0.005,0.115,0.0,0.016,0.005,0.061,0.006,0.002,0.057,0.04,0.171,0.032
2018-01-20 07:00:00,0.0,0.012,0.02,0.139,0.0,0.024,0.0,0.056,0.0,0.002,0.085,0.046,0.238,0.037
2018-01-20 08:00:00,0.0,0.04,0.041,0.129,0.0,0.008,0.018,0.045,0.0,0.001,0.065,0.043,0.186,0.019
2018-01-20 09:00:00,0.0,0.045,0.037,0.133,0.0,0.01,0.009,0.037,0.005,0.0,0.092,0.036,0.303,0.013
2018-01-20 10:00:00,0.0,0.065,0.042,0.158,0.008,0.061,0.0,0.008,0.006,0.0,0.095,0.05,0.301,0.012
2018-01-20 11:00:00,0.0,0.075,0.113,0.133,0.0,0.059,0.0,0.0,0.028,0.0,0.144,0.069,0.288,0.013
2018-01-20 12:00:00,0.0,0.076,0.115,0.104,0.0,0.045,0.0,0.0,0.043,0.008,0.152,0.064,0.277,0.046
2018-01-20 13:00:00,0.0,0.086,0.059,0.111,0.0,0.036,0.0,0.0,0.015,0.028,0.167,0.045,0.216,0.052
2018-01-20 14:00:00,0.0,0.093,0.051,0.117,0.0,0.031,0.0,0.0,0.006,0.007,0.188,0.045,0.2,0.081
2018-01-20 15:00:00,0.0,0.093,0.109,0.133,0.0,0.014,0.041,0.0,0.0,0.006,0.194,0.052,0.165,0.062
2018-01-20 16:00:00,0.0,0.1,0.035,0.168,0.002,0.007,0.017,0.0,0.0,0.006,0.148,0.04,0.085,0.056
2018-01-20 17:00:00,0.001,0.046,0.022,0.169,0.006,0.067,0.001,0.0,0.001,0.009,0.089,0.047,0.14,0.087
2018-01-20 18:00:00,0.006,0.035,0.023,0.202,0.007,0.033,0.0,0.0,0.001,0.012,0.077,0.038,0.086,0.072
2018-01-20 19:00:00,0.001,0.034,0.022,0.21,0.006,0.047,0.0,0.0,0.008,0.013,0.065,0.042,0.148,0.063
2018-01-20 20:00:00,0.002,0.032,0.023,0.232,0.005,0.072,0.0,0.003,0.003,0.014,0.084,0.051,0.166,0.052
2018-01-20 21:00:00,0.003,0.053,0.011,0.236,0.008,0.053,0.0,0.007,0.001,0.01,0.084,0.066,0.148,0.038
2018-01-20 22:00:00,0.003,0.022,0.007,0.257,0.004,0.034,0.0,0.007,0.001,0.015,0.072,0.059,0.159,0.019
2018-01-20 23:00:00,0.002,0.017,0.002,0.211,0.003,0.015,0.0,0.005,0.001,0.015,0.06,0.057,0.142,0.019
2018-01-21 00:00:00,0.001,0.007,0.006,0.179,0.01,0.007,0.0,0.004,0.042,0.014,0.049,0.051,0.15,0.013
2018-01-21 01:00:00,0.0,0.003,0.0,0.154,0.001,0.008,0.0,0.064,0.009,0.013,0.053,0.051,0.199,0.013
2018-01-21 02:00:00,0.0,0.005,0.0,0.15,0.001,0.021,0.0,0.053,0.001,0.005,0.041,0.05,0.137,0.013
2018-01-21 03:00:00,0.004,0.004,0.0,0.135,0.0,0.014,0.0,0.053,0.0,0.002,0.044,0.055,0.129,0.016
2018-01-21 04:00:00,0.0,0.004,0.004,0.122,0.0,0.011,0.0,0.052,0.0,0.002,0.044,0.053,0.13,0.015
2018-01-21 05:00:00,0.01,0.005,0.009,0.136,0.0,0.022,0.0,0.057,0.0,0.002,0.059,0.056,0.131,0.015
2018-01-21 06:00:00,0.001,0.003,0.005,0.116,0.0,0.05,0.0,0.055,0.0,0.001,0.056,0.04,0.129,0.011
2018-01-21 07:00:00,0.0,0.012,0.01,0.167,0.0,0.028,0.0,0.051,0.0,0.001,0.066,0.051,0.132,0.009
2018-01-21 08:00:00,0.002,0.032,0.041,0.156,0.0,0.027,0.0,0.052,0.016,0.001,0.062,0.076,0.272,0.017
2018-01-21 09:00:00,0.002,0.046,0.056,0.14,0.0,0.016,0.0,0.049,0.0,0.0,0.086,0.075,0.279,0.103
2018-01-21 10:00:00,0.0,0.06,0.04,0.195,0.0,0.005,0.0,0.012,0.0,0.0,0.084,0.054,0.438,0.046
2018-01-21 11:00:00,0.0,0.064,0.029,0.196,0.0,0.021,0.0,0.0,0.009,0.0,0.09,0.042,0.443,0.063
2018-01-21 12:00:00,0.01,0.065,0.042,0.167,0.0,0.032,0.0,0.0,0.012,0.009,0.132,0.037,0.414,0.13
2018-01-21 13:00:00,0.006,0.067,0.047,0.183,0.0,0.049,0.0,0.0,0.0,0.01,0.107,0.069,0.376,0.088
2018-01-21 14:00:00,0.008,0.069,0.127,0.28,0.034,0.029,0.0,0.0,0.0,0.005,0.112,0.048,0.313,0.11
2018-01-21 15:00:00,0.002,0.069,0.029,0.239,0.0,0.041,0.0,0.0,0.0,0.004,0.106,0.061,0.221,0.071
2018-01-21 16:00:00,0.0,0.065,0.021,0.167,0.0,0.034,0.0,0.0,0.0,0.005,0.092,0.063,0.115,0.061
2018-01-21 17:00:00,0.0,0.034,0.023,0.215,0.0,0.043,0.0,0.0,0.006,0.009,0.071,0.038,0.084,0.084
2018-01-21 18:00:00,0.006,0.019,0.021,0.167,0.0,0.047,0.0,0.001,0.001,0.013,0.045,0.036,0.128,0.077
2018-01-21 19:00:00,0.005,0.016,0.037,0.233,0.0,0.045,0.0,0.012,0.01,0.017,0.051,0.038,0.115,0.048
2018-01-21 20:00:00,0.006,0.027,0.035,0.209,0.0,0.042,0.0,0.026,0.002,0.019,0.061,0.04,0.123,0.046
2018-01-21 21:00:00,0.034,0.021,0.017,0.191,0.0,0.018,0.0,0.029,0.001,0.02,0.056,0.06,0.128,0.05
2018-01-21 22:00:00,0.006,0.02,0.005,0.223,0.007,0.062,0.0,0.036,0.0,0.021,0.062,0.066,0.129,0.044
2018-01-21 23:00:00,0.001,0.009,0.003,0.182,0.0,0.022,0.0,0.038,0.0,0.022,0.055,0.07,0.13,0.017
2018-01-22 00:00:00,0.0,0.004,0.002,0.169,0.0,0.021,0.0,0.041,0.013,0.022,0.064,0.066,0.129,0.028
2018-01-22 01:00:00,0.0,0.001,0.003,0.161,0.0,0.024,0.0,0.085,0.002,0.022,0.07,0.067,0.198,0.017
2018-01-22 02:00:00,0.0,0.001,0.003,0.157,0.0,0.035,0.003,0.081,0.0,0.012,0.058,0.068,0.19,0.014
2018-01-22 03:00:00,0.003,0.002,0.003,0.146,0.0,0.032,0.0,0.08,0.0,0.004,0.071,0.073,0.137,0.014
2018-01-22 04:00:00,0.0,0.002,0.008,0.145,0.0,0.031,0.0,0.077,0.0,0.002,0.082,0.069,0.201,0.019
2018-01-22 05:00:00,0.006,0.003,0.036,0.151,0.006,0.052,0.0,0.079,0.005,0.002,0.082,0.068,0.243,0.017
2018-01-22 06:00:00,0.008,0.002,0.012,0.148,0.003,0.027,0.0,0.076,0.015,0.001,0.093,0.044,0.2,0.043
2018-01-22 07:00:00,0.003,0.013,0.001,0.139,0.0,0.05,0.0,0.068,0.01,0.001,0.123,0.039,0.146,0.009
2018-01-22 08:00:00,0.0,0.016,0.0,0.155,0.0,0.06,0.0,0.07,0.008,0.001,0.112,0.045,0.154,0.013
2018-01-22 09:00:00,0.0,0.045,0.001,0.156,0.0,0.083,0.0,0.065,0.006,0.0,0.141,0.05,0.254,0.012
2018-01-22 10:00:00,0.0,0.059,0.02,0.198,0.0,0.051,0.0,0.02,0.0,0.0,0.143,0.07,0.349,0.012
2018-01-22 11:00:00,0.0,0.063,0.04,0.197,0.0,0.034,0.0,0.007,0.006,0.008,0.138,0.076,0.355,0.012
2018-01-22 12:00:00,0.0,0.065,0.001,0.186,0.0,0.038,0.0,0.012,0.0,0.018,0.137,0.048,0.387,0.012
2018-01-22 13:00:00,0.0,0.07,0.001,0.165,0.0,0.021,0.0,0.012,0.018,0.011,0.122,0.062,0.323,0.012
2018-01-22 14:00:00,0.0,0.069,0.001,0.201,0.0,0.02,0.0,0.009,0.0,0.006,0.105,0.07,0.149,0.015
2018-01-22 15:00:00,0.0,0.069,0.0,0.203,0.0,0.03,0.0,0.004,0.0,0.005,0.097,0.068,0.187,0.029
2018-01-22 16:00:00,0.0,0.067,0.0,0.212,0.001,0.025,0.0,0.005,0.0,0.005,0.092,0.073,0.13,0.01
2018-01-22 17:00:00,0.0,0.044,0.023,0.189,0.002,0.022,0.0,0.014,0.006,0.008,0.078,0.077,0.174,0.028
2018-01-22 18:00:00,0.005,0.024,0.008,0.224,0.003,0.019,0.0,0.013,0.013,0.01,0.074,0.074,0.115,0.037
2018-01-22 19:00:00,0.0,0.028,0.002,0.239,0.002,0.053,0.0,0.021,0.022,0.024,0.065,0.063,0.119,0.091
2018-01-22 20:00:00,0.0,0.043,0.022,0.218,0.002,0.053,0.0,0.034,0.014,0.015,0.082,0.066,0.128,0.038
2018-01-22 21:00:00,0.0,0.024,0.006,0.259,0.001,0.025,0.0,0.04,0.003,0.021,0.073,0.08,0.127,0.059
2018-01-22 22:00:00,0.0,0.049,0.004,0.2,0.0,0.016,0.0,0.043,0.001,0.023,0.093,0.083,0.124,0.051
2018-01-22 23:00:00,0.0,0.012,0.003,0.153,0.0,0.019,0.0,0.043,0.0,0.023,0.085,0.086,0.123,0.02
2018-01-23 00:00:00,0.0,0.006,0.003,0.15,0.0,0.015,0.0,0.043,0.012,0.023,0.072,0.081,0.123,0.033
2018-01-23 01:00:00,0.0,0.002,0.003,0.141,0.001,0.015,0.0,0.082,0.002,0.023,0.07,0.077,0.125,0.018
2018-01-23 02:00:00,0.0,0.001,0.003,0.14,0.0,0.026,0.0,0.082,0.0,0.015,0.058,0.073,0.131,0.015
2018-01-23 03:00:00,0.003,0.003,0.003,0.127,0.0,0.017,0.0,0.08,0.0,0.004,0.074,0.076,0.119,0.014
2018-01-23 04:00:00,0.0,0.004,0.008,0.122,0.0,0.013,0.0,0.074,0.0,0.002,0.077,0.073,0.121,0.019
2018-01-23 05:00:00,0.001,0.006,0.008,0.123,0.0,0.017,0.003,0.075,0.0,0.002,0.087,0.07,0.175,0.015
2018-01-23 06:00:00,0.004,0.007,0.018,0.135,0.002,0.021,0.009,0.069,0.017,0.001,0.097,0.045,0.295,0.01
2018-01-23 07:00:00,0.006,0.017,0.036,0.149,0.013,0.026,0.009,0.062,0.014,0.001,0.106,0.041,0.151,0.028
2018-01-23 08:00:00,0.008,0.021,0.02,0.143,0.0,0.004,0.0,0.059,0.013,0.001,0.106,0.049,0.14,0.028
2018-01-23 09:00:00,0.001,0.05,0.0,0.179,0.0,0.009,0.0,0.062,0.007,0.0,0.134,0.044,0.296,0.045
2018-01-23 10:00:00,0.0,0.071,0.001,0.15,0.0,0.021,0.0,0.01,0.001,0.0,0.146,0.045,0.238,0.017
2018-01-23 11:00:00,0.0,0.079,0.003,0.141,0.0,0.009,0.0,0.0,0.006,0.006,0.14,0.043,0.272,0.012
2018-01-23 12:00:00,0.0,0.076,0.005,0.125,0.0,0.027,0.013,0.0,0.0,0.017,0.145,0.049,0.265,0.014
2018-01-23 13:00:00,0.006,0.078,0.004,0.132,0.0,0.059,0.014,0.0,0.0,0.007,0.129,0.067,0.336,0.012
2018-01-23 14:00:00,0.011,0.078,0.022,0.192,0.0,0.014,0.0,0.0,0.0,0.002,0.11,0.076,0.383,0.014
2018-01-23 15:00:00,0.018,0.088,0.037,0.234,0.0,0.019,0.0,0.0,0.0,0.003,0.097,0.075,0.221,0.01
2018-01-23 16:00:00,0.008,0.1,0.006,0.242,0.001,0.025,0.0,0.0,0.0,0.005,0.094,0.07,0.183,0.01
2018-01-23 17:00:00,0.0,0.058,0.008,0.216,0.006,0.041,0.0,0.001,0.0,0.007,0.081,0.056,0.115,0.029
2018-01-23 18:00:00,0.017,0.032,0.011,0.244,0.009,0.053,0.0,0.001,0.0,0.013,0.086,0.048,0.106,0.028
2018-01-23 19:00:00,0.002,0.033,0.005,0.257,0.004,0.087,0.0,0.002,0.009,0.008,0.082,0.038,0.111,0.035
2018-01-23 20:00:00,0.044,0.032,0.013,0.241,0.004,0.047,0.0,0.009,0.001,0.011,0.087,0.046,0.119,0.032
2018-01-23 21:00:00,0.017,0.028,0.006,0.28,0.054,0.064,0.0,0.013,0.001,0.02,0.086,0.063,0.12,0.024
2018-01-23 22:00:00,0.011,0.021,0.008,0.238,0.001,0.029,0.0,0.016,0.016,0.023,0.102,0.061,0.14,0.017
2018-01-23 23:00:00,0.04,0.022,0.001,0.174,0.0,0.029,0.0,0.017,0.001,0.022,0.088,0.054,0.131,0.06
2018-01-24 00:00:00,0.002,0.007,0.001,0.172,0.001,0.01,0.0,0.022,0.014,0.022,0.077,0.057,0.132,0.013
2018-01-24 01:00:00,0.0,0.002,0.001,0.165,0.007,0.01,0.0,0.082,0.0,0.021,0.076,0.059,0.214,0.013
2018-01-24 02:00:00,0.0,0.002,0.001,0.152,0.001,0.019,0.0,0.071,0.0,0.01,0.059,0.059,0.359,0.006
2018-01-24 03:00:00,0.003,0.004,0.002,0.142,0.0,0.017,0.0,0.075,0.0,0.003,0.066,0.064,0.364,0.004
2018-01-24 04:00:00,0.004,0.003,0.026,0.142,0.0,0.027,0.0,0.08,0.0,0.002,0.07,0.066,0.247,0.013
2018-01-24 05:00:00,0.0,0.004,0.04,0.144,0.011,0.027,0.0,0.081,0.0,0.002,0.084,0.073,0.337,0.012
2018-01-24 06:00:00,0.0,0.003,0.036,0.134,0.0,0.04,0.0,0.082,0.014,0.006,0.094,0.05,0.294,0.01
2018-01-24 07:00:00,0.0,0.013,0.026,0.167,0.0,0.045,0.0,0.083,0.02,0.011,0.109,0.06,0.13,0.022
2018-01-24 08:00:00,0.0,0.017,0.009,0.188,0.0,0.069,0.0,0.083,0.033,0.012,0.11,0.085,0.168,0.016
2018-01-24 09:00:00,0.0,0.045,0.01,0.192,0.0,0.061,0.0,0.084,0.036,0.013,0.129,0.089,0.155,0.016
2018-01-24 10:00:00,0.0,0.059,0.008,0.187,0.0,0.031,0.0,0.076,0.032,0.015,0.149,0.093,0.12,0.017
2018-01-24 11:00:00,0.002,0.063,0.005,0.18,0.0,0.053,0.0,0.077,0.016,0.02,0.155,0.093,0.112,0.013
2018-01-24 12:00:00,0.005,0.064,0.006,0.18,0.0,0.066,0.0,0.075,0.016,0.022,0.161,0.098,0.111,0.025
2018-01-24 13:00:00,0.007,0.066,0.006,0.156,0.0,0.062,0.0,0.078,0.015,0.023,0.148,0.1,0.212,0.014
2018-01-24 14:00:00,0.008,0.068,0.007,0.201,0.0,0.031,0.0,0.071,0.007,0.022,0.125,0.091,0.105,0.015
2018-01-24 15:00:00,0.006,0.068,0.006,0.229,0.0,0.067,0.0,0.067,0.014,0.022,0.113,0.109,0.203,0.014
2018-01-24 16:00:00,0.002,0.062,0.011,0.239,0.0,0.051,0.0,0.069,0.023,0.022,0.106,0.107,0.156,0.022
2018-01-24 17:00:00,0.0,0.03,0.018,0.21,0.001,0.026,0.0,0.078,0.032,0.022,0.083,0.1,0.202,0.03
2018-01-24 18:00:00,0.005,0.017,0.018,0.236,0.001,0.028,0.0,0.082,0.04,0.022,0.07,0.093,0.127,0.038
2018-01-24 19:00:00,0.0,0.018,0.016,0.245,0.001,0.031,0.0,0.088,0.053,0.023,0.069,0.085,0.13,0.048
2018-01-24 20:00:00,0.0,0.018,0.021,0.251,0.017,0.033,0.0,0.089,0.05,0.023,0.086,0.085,0.134,0.036
2018-01-24 21:00:00,0.0,0.013,0.017,0.256,0.0,0.025,0.0,0.09,0.035,0.023,0.074,0.085,0.133,0.038
2018-01-24 22:00:00,0.0,0.01,0.015,0.227,0.0,0.035,0.0,0.09,0.038,0.023,0.096,0.084,0.131,0.042
2018-01-24 23:00:00,0.0,0.008,0.014,0.191,0.0,0.029,0.0,0.089,0.036,0.024,0.091,0.084,0.13,0.034
2018-01-25 00:00:00,0.0,0.005,0.014,0.191,0.0,0.034,0.0,0.09,0.044,0.024,0.09,0.083,0.129,0.03
2018-01-25 01:00:00,0.0,0.001,0.014,0.177,0.0,0.033,0.0,0.088,0.038,0.024,0.084,0.086,0.126,0.029
2018-01-25 02:00:00,0.0,0.001,0.014,0.189,0.0,0.034,0.0,0.087,0.037,0.024,0.08,0.086,0.132,0.028
2018-01-25 03:00:00,0.001,0.001,0.015,0.174,0.0,0.034,0.0,0.087,0.041,0.023,0.093,0.088,0.126,0.028
2018-01-25 04:00:00,0.0,0.001,0.019,0.17,0.0,0.033,0.0,0.086,0.042,0.022,0.085,0.089,0.127,0.032
2018-01-25 05:00:00,0.0,0.002,0.019,0.171,0.0,0.036,0.0,0.086,0.041,0.022,0.095,0.084,0.128,0.042
2018-01-25 06:00:00,0.0,0.0,0.014,0.176,0.0,0.039,0.0,0.086,0.051,0.021,0.094,0.083,0.129,0.038
2018-01-25 07:00:00,0.0,0.01,0.014,0.193,0.0,0.037,0.0,0.086,0.05,0.022,0.102,0.083,0.13,0.057
2018-01-25 08:00:00,0.0,0.013,0.01,0.199,0.0,0.033,0.0,0.086,0.05,0.022,0.104,0.087,0.134,0.028
2018-01-25 09:00:00,0.0,0.042,0.01,0.197,0.0,0.032,0.0,0.085,0.05,0.021,0.125,0.087,0.143,0.028
2018-01-25 10:00:00,0.0,0.057,0.009,0.24,0.0,0.031,0.0,0.085,0.049,0.02,0.15,0.088,0.147,0.025
2018-01-25 11:00:00,0.002,0.059,0.011,0.198,0.0,0.051,0.0,0.084,0.049,0.02,0.157,0.089,0.143,0.022
2018-01-25 12:00:00,0.004,0.061,0.013,0.18,0.0,0.06,0.0,0.083,0.04,0.02,0.157,0.093,0.141,0.022
2018-01-25 13:00:00,0.006,0.063,0.012,0.172,0.0,0.064,0.0,0.083,0.037,0.021,0.145,0.115,0.175,0.022
2018-01-25 14:00:00,0.006,0.064,0.006,0.241,0.0,0.032,0.0,0.083,0.037,0.02,0.122,0.113,0.127,0.021
2018-01-25 15:00:00,0.004,0.063,0.007,0.248,0.0,0.055,0.0,0.081,0.038,0.02,0.108,0.113,0.137,0.028
2018-01-25 16:00:00,0.002,0.059,0.011,0.248,0.0,0.044,0.0,0.081,0.033,0.02,0.097,0.109,0.142,0.033
2018-01-25 17:00:00,0.0,0.028,0.016,0.216,0.0,0.027,0.0,0.08,0.038,0.02,0.075,0.096,0.141,0.038
2018-01-25 18:00:00,0.005,0.015,0.019,0.251,0.001,0.026,0.0,0.082,0.043,0.021,0.07,0.088,0.126,0.046
2018-01-25 19:00:00,0.0,0.017,0.015,0.269,0.001,0.03,0.0,0.083,0.052,0.022,0.073,0.082,0.128,0.045
2018-01-25 20:00:00,0.0,0.017,0.017,0.262,0.001,0.027,0.0,0.084,0.047,0.022,0.084,0.081,0.132,0.042
2018-01-25 21:00:00,0.025,0.012,0.014,0.254,0.0,0.028,0.0,0.086,0.035,0.022,0.076,0.082,0.132,0.044
2018-01-25 22:00:00,0.024,0.009,0.012,0.262,0.0,0.037,0.0,0.085,0.034,0.023,0.097,0.082,0.129,0.045
2018-01-25 23:00:00,0.01,0.007,0.012,0.196,0.0,0.027,0.0,0.084,0.034,0.023,0.096,0.083,0.128,0.028
2018-01-26 00:00:00,0.0,0.005,0.011,0.194,0.0,0.027,0.0,0.085,0.04,0.024,0.089,0.083,0.129,0.028
2018-01-26 01:00:00,0.0,0.002,0.012,0.18,0.0,0.03,0.0,0.084,0.033,0.024,0.088,0.084,0.134,0.027
2018-01-26 02:00:00,0.0,0.001,0.012,0.179,0.0,0.032,0.0,0.084,0.03,0.024,0.08,0.084,0.143,0.026
2018-01-26 03:00:00,0.001,0.001,0.021,0.177,0.0,0.033,0.0,0.084,0.029,0.022,0.083,0.084,0.146,0.026
2018-01-26 04:00:00,0.0,0.001,0.026,0.174,0.0,0.042,0.0,0.082,0.034,0.022,0.084,0.085,0.146,0.03
2018-01-26 05:00:00,0.0,0.001,0.028,0.173,0.0,0.041,0.0,0.083,0.03,0.022,0.093,0.083,0.143,0.029
2018-01-26 06:00:00,0.0,0.0,0.014,0.169,0.0,0.022,0.0,0.083,0.051,0.021,0.09,0.081,0.15,0.028
2018-01-26 07:00:00,0.0,0.009,0.012,0.189,0.0,0.022,0.001,0.083,0.047,0.022,0.099,0.082,0.149,0.028
2018-01-26 08:00:00,0.001,0.013,0.016,0.214,0.0,0.023,0.0,0.083,0.047,0.022,0.102,0.084,0.149,0.028
2018-01-26 09:00:00,0.001,0.042,0.007,0.181,0.0,0.016,0.0,0.081,0.036,0.019,0.13,0.083,0.263,0.03
2018-01-26 10:00:00,0.002,0.056,0.014,0.199,0.0,0.029,0.0,0.079,0.016,0.015,0.157,0.09,0.4,0.018
2018-01-26 11:00:00,0.005,0.063,0.03,0.167,0.0,0.061,0.0,0.074,0.008,0.015,0.161,0.099,0.321,0.016
2018-01-26 12:00:00,0.008,0.069,0.032,0.144,0.0,0.065,0.0,0.061,0.001,0.019,0.164,0.13,0.139,0.015
2018-01-26 13:00:00,0.011,0.073,0.026,0.152,0.0,0.062,0.0,0.05,0.002,0.015,0.15,0.15,0.197,0.017
2018-01-26 14:00:00,0.012,0.075,0.008,0.192,0.0,0.032,0.001,0.039,0.002,0.009,0.133,0.122,0.129,0.016
2018-01-26 15:00:00,0.01,0.077,0.015,0.239,0.0,0.053,0.007,0.034,0.002,0.007,0.117,0.113,0.18,0.027
2018-01-26 16:00:00,0.004,0.072,0.009,0.228,0.0,0.045,0.0,0.031,0.002,0.009,0.108,0.092,0.115,0.038
2018-01-26 17:00:00,0.0,0.032,0.01,0.196,0.008,0.03,0.0,0.046,0.003,0.015,0.072,0.082,0.131,0.038
2018-01-26 18:00:00,0.018,0.018,0.012,0.241,0.002,0.033,0.0,0.057,0.008,0.019,0.066,0.077,0.136,0.036
2018-01-26 19:00:00,0.015,0.021,0.01,0.245,0.002,0.019,0.0,0.074,0.023,0.021,0.065,0.07,0.138,0.059
2018-01-26 20:00:00,0.013,0.021,0.016,0.252,0.001,0.027,0.0,0.08,0.023,0.022,0.077,0.075,0.134,0.043
2018-01-26 21:00:00,0.021,0.022,0.012,0.242,0.0,0.02,0.0,0.083,0.009,0.022,0.069,0.079,0.135,0.03
2018-01-26 22:00:00,0.0,0.011,0.01,0.199,0.0,0.017,0.0,0.083,0.01,0.022,0.092,0.078,0.143,0.031
2018-01-26 23:00:00,0.0,0.015,0.009,0.159,0.0,0.039,0.0,0.082,0.012,0.023,0.088,0.073,0.137,0.03
2018-01-27 00:00:00,0.0,0.005,0.009,0.178,0.0,0.022,0.0,0.082,0.024,0.023,0.065,0.077,0.138,0.029
2018-01-27 01:00:00,0.0,0.002,0.008,0.183,0.0,0.022,0.0,0.079,0.015,0.023,0.051,0.077,0.134,0.027
2018-01-27 02:00:00,0.0,0.001,0.008,0.162,0.0,0.03,0.0,0.077,0.012,0.022,0.046,0.077,0.145,0.026
2018-01-27 03:00:00,0.003,0.001,0.009,0.138,0.0,0.027,0.0,0.078,0.012,0.019,0.056,0.077,0.144,0.026
2018-01-27 04:00:00,0.0,0.001,0.014,0.135,0.0,0.028,0.0,0.078,0.013,0.019,0.059,0.077,0.139,0.029
2018-01-27 05:00:00,0.0,0.003,0.014,0.139,0.0,0.035,0.0,0.079,0.014,0.02,0.07,0.079,0.138,0.029
2018-01-27 06:00:00,0.0,0.003,0.013,0.148,0.0,0.045,0.0,0.077,0.031,0.019,0.062,0.066,0.136,0.028
2018-01-27 07:00:00,0.0,0.013,0.011,0.159,0.0,0.027,0.0,0.076,0.029,0.018,0.069,0.065,0.138,0.028
2018-01-27 08:00:00,0.008,0.016,0.011,0.177,0.0,0.026,0.0,0.075,0.022,0.014,0.072,0.067,0.24,0.027
2018-01-27 09:00:00,0.001,0.048,0.042,0.181,0.0,0.027,0.0,0.073,0.01,0.007,0.087,0.059,0.301,0.023
2018-01-27 10:00:00,0.02,0.076,0.072,0.155,0.0,0.027,0.02,0.034,0.003,0.001,0.098,0.05,0.465,0.015
2018-01-27 11:00:00,0.018,0.081,0.053,0.143,0.0,0.052,0.002,0.0,0.0,0.003,0.159,0.059,0.467,0.013
2018-01-27 12:00:00,0.007,0.096,0.084,0.121,0.0,0.047,0.019,0.0,0.0,0.01,0.148,0.061,0.453,0.038
2018-01-27 13:00:00,0.029,0.119,0.059,0.115,0.0,0.038,0.0,0.0,0.0,0.008,0.139,0.047,0.418,0.044
2018-01-27 14:00:00,0.007,0.121,0.055,0.132,0.0,0.062,0.003,0.0,0.005,0.007,0.147,0.038,0.399,0.047
2018-01-27 15:00:00,0.007,0.109,0.039,0.157,0.0,0.069,0.004,0.0,0.006,0.008,0.107,0.042,0.329,0.031
2018-01-27 16:00:00,0.0,0.108,0.033,0.167,0.003,0.043,0.003,0.0,0.009,0.008,0.113,0.048,0.187,0.064
2018-01-27 17:00:00,0.001,0.063,0.031,0.171,0.008,0.047,0.0,0.0,0.029,0.009,0.075,0.048,0.15,0.07
2018-01-27 18:00:00,0.007,0.056,0.033,0.186,0.007,0.046,0.0,0.001,0.007,0.01,0.072,0.055,0.098,0.085
2018-01-27 19:00:00,0.01,0.08,0.031,0.212,0.013,0.051,0.0,0.001,0.018,0.01,0.072,0.061,0.114,0.105
2018-01-27 20:00:00,0.007,0.07,0.035,0.247,0.006,0.043,0.0,0.004,0.009,0.01,0.089,0.068,0.124,0.078
2018-01-27 21:00:00,0.022,0.116,0.039,0.242,0.017,0.028,0.002,0.008,0.008,0.013,0.084,0.058,0.284,0.073
2018-01-27 22:00:00,0.004,0.046,0.018,0.316,0.009,0.038,0.0,0.007,0.024,0.011,0.076,0.049,0.364,0.048
2018-01-27 23:00:00,0.001,0.041,0.009,0.21,0.014,0.014,0.0,0.006,0.002,0.012,0.061,0.051,0.345,0.033
2018-01-28 00:00:00,0.001,0.016,0.007,0.186,0.002,0.008,0.0,0.004,0.018,0.011,0.052,0.046,0.282,0.02
2018-01-28 01:00:00,0.0,0.012,0.003,0.173,0.001,0.006,0.0,0.048,0.008,0.01,0.056,0.044,0.234,0.013
2018-01-28 02:00:00,0.0,0.013,0.001,0.169,0.001,0.016,0.0,0.038,0.006,0.004,0.041,0.041,0.377,0.008
2018-01-28 03:00:00,0.003,0.007,0.0,0.142,0.001,0.01,0.0,0.044,0.004,0.002,0.041,0.044,0.333,0.007
2018-01-28 04:00:00,0.0,0.008,0.002,0.133,0.0,0.006,0.004,0.036,0.002,0.002,0.041,0.047,0.321,0.009
2018-01-28 05:00:00,0.001,0.011,0.002,0.132,0.0,0.007,0.0,0.038,0.001,0.002,0.064,0.044,0.269,0.015
2018-01-28 06:00:00,0.017,0.009,0.018,0.129,0.0,0.008,0.015,0.035,0.0,0.002,0.068,0.041,0.169,0.009
2018-01-28 07:00:00,0.009,0.016,0.018,0.158,0.0,0.033,0.003,0.034,0.008,0.002,0.06,0.036,0.114,0.021
2018-01-28 08:00:00,0.042,0.024,0.023,0.194,0.006,0.07,0.015,0.035,0.03,0.001,0.076,0.042,0.108,0.029
2018-01-28 09:00:00,0.002,0.048,0.034,0.191,0.0,0.103,0.0,0.027,0.025,0.0,0.096,0.043,0.255,0.057
2018-01-28 10:00:00,0.018,0.068,0.082,0.175,0.005,0.09,0.004,0.005,0.012,0.007,0.105,0.108,0.431,0.041
2018-01-28 11:00:00,0.027,0.077,0.144,0.259,0.054,0.093,0.002,0.001,0.048,0.02,0.115,0.188,0.414,0.036
2018-01-28 12:00:00,0.041,0.075,0.147,0.403,0.052,0.114,0.001,0.004,0.022,0.045,0.188,0.212,0.126,0.099
2018-01-28 13:00:00,0.034,0.086,0.125,0.533,0.045,0.103,0.0,0.004,0.008,0.03,0.135,0.166,0.098,0.06
2018-01-28 14:00:00,0.025,0.092,0.127,0.446,0.037,0.097,0.0,0.003,0.01,0.032,0.144,0.165,0.091,0.09
2018-01-28 15:00:00,0.026,0.087,0.113,0.336,0.014,0.123,0.0,0.001,0.017,0.025,0.13,0.207,0.072,0.039
2018-01-28 16:00:00,0.008,0.078,0.097,0.358,0.031,0.075,0.0,0.0,0.006,0.003,0.129,0.107,0.108,0.099
2018-01-28 17:00:00,0.0,0.042,0.02,0.284,0.003,0.064,0.0,0.0,0.011,0.007,0.073,0.063,0.102,0.085
2018-01-28 18:00:00,0.013,0.026,0.034,0.237,0.0,0.039,0.0,0.0,0.005,0.012,0.048,0.071,0.132,0.058
2018-01-28 19:00:00,0.019,0.023,0.019,0.263,0.001,0.033,0.0,0.007,0.022,0.015,0.056,0.059,0.116,0.073
2018-01-28 20:00:00,0.019,0.018,0.021,0.27,0.0,0.068,0.002,0.022,0.006,0.017,0.073,0.043,0.124,0.057
2018-01-28 21:00:00,0.017,0.018,0.008,0.265,0.0,0.049,0.007,0.032,0.001,0.018,0.056,0.068,0.128,0.054
2018-01-28 22:00:00,0.012,0.015,0.001,0.257,0.0,0.041,0.009,0.037,0.003,0.021,0.058,0.073,0.128,0.048
2018-01-28 23:00:00,0.004,0.01,0.003,0.174,0.0,0.019,0.0,0.04,0.0,0.021,0.057,0.074,0.13,0.03
2018-01-29 00:00:00,0.0,0.004,0.0,0.176,0.0,0.023,0.0,0.043,0.013,0.022,0.065,0.07,0.129,0.02
2018-01-29 01:00:00,0.0,0.001,0.001,0.17,0.0,0.026,0.0,0.083,0.0,0.021,0.07,0.07,0.129,0.019
2018-01-29 02:00:00,0.0,0.001,0.003,0.162,0.0,0.036,0.0,0.078,0.0,0.016,0.063,0.071,0.138,0.019
2018-01-29 03:00:00,0.002,0.002,0.005,0.151,0.0,0.036,0.0,0.078,0.0,0.005,0.079,0.075,0.13,0.019
2018-01-29 04:00:00,0.0,0.002,0.029,0.154,0.0,0.036,0.0,0.077,0.001,0.002,0.083,0.074,0.155,0.053
2018-01-29 05:00:00,0.0,0.002,0.011,0.139,0.0,0.049,0.0,0.078,0.011,0.003,0.092,0.075,0.13,0.027
2018-01-29 06:00:00,0.0,0.001,0.004,0.154,0.003,0.031,0.0,0.077,0.017,0.003,0.091,0.054,0.133,0.024
2018-01-29 07:00:00,0.0,0.012,0.01,0.195,0.005,0.066,0.0,0.077,0.013,0.005,0.106,0.054,0.157,0.023
2018-01-29 08:00:00,0.0,0.015,0.021,0.172,0.012,0.043,0.0,0.077,0.002,0.006,0.109,0.061,0.138,0.022
2018-01-29 09:00:00,0.0,0.045,0.001,0.188,0.04,0.036,0.0,0.077,0.001,0.002,0.127,0.061,0.296,0.021
2018-01-29 10:00:00,0.0,0.064,0.015,0.183,0.0,0.027,0.0,0.032,0.0,0.0,0.143,0.056,0.352,0.025
2018-01-29 11:00:00,0.0,0.081,0.033,0.171,0.0,0.043,0.0,0.016,0.008,0.007,0.145,0.059,0.205,0.015
2018-01-29 12:00:00,0.01,0.087,0.045,0.144,0.0,0.049,0.0,0.014,0.0,0.017,0.142,0.079,0.17,0.019
2018-01-29 13:00:00,0.001,0.086,0.018,0.152,0.0,0.031,0.0,0.012,0.0,0.009,0.127,0.104,0.236,0.014
2018-01-29 14:00:00,0.001,0.077,0.007,0.206,0.0,0.023,0.0,0.01,0.001,0.005,0.109,0.09,0.139,0.014
2018-01-29 15:00:00,0.002,0.071,0.014,0.25,0.0,0.033,0.0,0.012,0.0,0.006,0.099,0.083,0.138,0.028
2018-01-29 16:00:00,0.0,0.1,0.013,0.247,0.001,0.029,0.0,0.02,0.0,0.01,0.092,0.074,0.163,0.012
2018-01-29 17:00:00,0.0,0.04,0.01,0.217,0.001,0.024,0.0,0.036,0.005,0.013,0.074,0.06,0.154,0.038
2018-01-29 18:00:00,0.005,0.032,0.03,0.242,0.002,0.032,0.0,0.039,0.0,0.016,0.072,0.058,0.133,0.077
2018-01-29 19:00:00,0.0,0.04,0.027,0.267,0.002,0.057,0.0,0.047,0.013,0.019,0.077,0.055,0.124,0.07
2018-01-29 20:00:00,0.0,0.045,0.022,0.283,0.001,0.073,0.0,0.059,0.032,0.021,0.086,0.063,0.13,0.074
2018-01-29 21:00:00,0.0,0.022,0.043,0.25,0.001,0.041,0.0,0.066,0.005,0.022,0.075,0.078,0.131,0.06
2018-01-29 22:00:00,0.0,0.016,0.008,0.213,0.012,0.029,0.0,0.069,0.001,0.022,0.098,0.081,0.13,0.036
2018-01-29 23:00:00,0.0,0.012,0.007,0.188,0.0,0.03,0.0,0.072,0.002,0.023,0.094,0.077,0.129,0.021
2018-01-30 00:00:00,0.0,0.006,0.007,0.192,0.0,0.032,0.0,0.073,0.02,0.023,0.087,0.08,0.126,0.021
2018-01-30 01:00:00,0.0,0.002,0.008,0.18,0.0,0.033,0.0,0.088,0.011,0.022,0.081,0.081,0.124,0.02
2018-01-30 02:00:00,0.0,0.002,0.008,0.177,0.0,0.034,0.0,0.081,0.01,0.022,0.075,0.081,0.131,0.018
2018-01-30 03:00:00,0.001,0.002,0.008,0.171,0.0,0.034,0.0,0.081,0.015,0.012,0.083,0.081,0.123,0.018
2018-01-30 04:00:00,0.0,0.002,0.014,0.177,0.0,0.034,0.0,0.089,0.031,0.011,0.088,0.08,0.124,0.025
2018-01-30 05:00:00,0.0,0.002,0.013,0.164,0.0,0.042,0.0,0.08,0.02,0.014,0.095,0.081,0.122,0.034
2018-01-30 06:00:00,0.0,0.002,0.007,0.168,0.0,0.049,0.0,0.079,0.049,0.013,0.094,0.07,0.125,0.029
2018-01-30 07:00:00,0.0,0.012,0.008,0.203,0.002,0.047,0.0,0.079,0.038,0.015,0.103,0.071,0.127,0.027
2018-01-30 08:00:00,0.0,0.015,0.008,0.214,0.0,0.033,0.0,0.079,0.038,0.015,0.107,0.076,0.135,0.02
2018-01-30 09:00:00,0.0,0.048,0.01,0.197,0.0,0.033,0.0,0.078,0.035,0.013,0.125,0.077,0.371,0.021
2018-01-30 10:00:00,0.0,0.057,0.008,0.205,0.0,0.056,0.0,0.076,0.029,0.014,0.139,0.062,0.354,0.019
2018-01-30 11:00:00,0.006,0.059,0.007,0.198,0.0,0.036,0.0,0.073,0.024,0.018,0.144,0.062,0.266,0.016
2018-01-30 12:00:00,0.0,0.06,0.004,0.172,0.0,0.029,0.0,0.072,0.018,0.02,0.142,0.078,0.241,0.027
2018-01-30 13:00:00,0.0,0.061,0.002,0.163,0.0,0.033,0.0,0.066,0.015,0.02,0.121,0.09,0.251,0.018
2018-01-30 14:00:00,0.002,0.061,0.007,0.204,0.0,0.03,0.0,0.064,0.015,0.02,0.104,0.095,0.198,0.018
2018-01-30 15:00:00,0.0,0.062,0.016,0.226,0.0,0.069,0.0,0.063,0.024,0.02,0.094,0.096,0.12,0.019
2018-01-30 16:00:00,0.0,0.059,0.011,0.231,0.0,0.043,0.0,0.065,0.026,0.02,0.095,0.098,0.136,0.022
2018-01-30 17:00:00,0.0,0.029,0.017,0.201,0.001,0.026,0.0,0.075,0.028,0.02,0.079,0.094,0.176,0.027
2018-01-30 18:00:00,0.005,0.016,0.019,0.218,0.001,0.025,0.0,0.076,0.035,0.021,0.075,0.088,0.129,0.026
2018-01-30 19:00:00,0.0,0.016,0.015,0.222,0.001,0.031,0.0,0.081,0.051,0.022,0.075,0.081,0.12,0.051
2018-01-30 20:00:00,0.0,0.015,0.018,0.234,0.011,0.027,0.0,0.082,0.047,0.022,0.087,0.082,0.122,0.046
2018-01-30 21:00:00,0.0,0.011,0.014,0.259,0.001,0.038,0.001,0.084,0.027,0.022,0.076,0.082,0.123,0.029
2018-01-30 22:00:00,0.0,0.008,0.013,0.215,0.0,0.04,0.0,0.083,0.029,0.023,0.1,0.082,0.123,0.03
2018-01-30 23:00:00,0.0,0.007,0.013,0.174,0.0,0.024,0.0,0.082,0.033,0.023,0.096,0.083,0.123,0.029
2018-01-31 00:00:00,0.0,0.005,0.012,0.185,0.0,0.03,0.0,0.083,0.043,0.024,0.089,0.082,0.123,0.029
2018-01-31 01:00:00,0.0,0.001,0.012,0.179,0.0,0.031,0.0,0.082,0.037,0.024,0.084,0.084,0.141,0.027
2018-01-31 02:00:00,0.0,0.001,0.013,0.164,0.0,0.032,0.0,0.081,0.035,0.023,0.078,0.084,0.132,0.035
2018-01-31 03:00:00,0.002,0.001,0.014,0.162,0.0,0.032,0.0,0.081,0.038,0.022,0.082,0.085,0.129,0.026
2018-01-31 04:00:00,0.0,0.001,0.027,0.159,0.0,0.032,0.0,0.08,0.036,0.022,0.083,0.088,0.129,0.03
2018-01-31 05:00:00,0.0,0.001,0.025,0.158,0.0,0.044,0.0,0.08,0.035,0.022,0.093,0.083,0.131,0.029
2018-01-31 06:00:00,0.0,0.0,0.015,0.166,0.002,0.034,0.0,0.08,0.048,0.021,0.092,0.082,0.134,0.027
2018-01-31 07:00:00,0.0,0.009,0.012,0.188,0.0,0.036,0.0,0.08,0.048,0.021,0.1,0.082,0.136,0.028
2018-01-31 08:00:00,0.0,0.013,0.01,0.184,0.0,0.055,0.0,0.08,0.046,0.021,0.102,0.084,0.136,0.027
2018-01-31 09:00:00,0.001,0.042,0.007,0.174,0.0,0.029,0.0,0.079,0.025,0.02,0.126,0.084,0.174,0.026
2018-01-31 10:00:00,0.001,0.055,0.011,0.175,0.0,0.017,0.0,0.078,0.029,0.017,0.152,0.087,0.151,0.021
2018-01-31 11:00:00,0.004,0.058,0.015,0.148,0.0,0.021,0.0,0.077,0.017,0.018,0.158,0.099,0.148,0.018
2018-01-31 12:00:00,0.004,0.061,0.019,0.141,0.0,0.035,0.0,0.068,0.004,0.019,0.163,0.11,0.139,0.017
2018-01-31 13:00:00,0.007,0.063,0.008,0.131,0.0,0.056,0.0,0.059,0.001,0.018,0.141,0.114,0.13,0.017
2018-01-31 14:00:00,0.014,0.061,0.003,0.18,0.0,0.021,0.0,0.049,0.0,0.015,0.105,0.103,0.124,0.015
2018-01-31 15:00:00,0.025,0.071,0.016,0.187,0.0,0.027,0.0,0.044,0.003,0.014,0.093,0.091,0.119,0.016
2018-01-31 16:00:00,0.0,0.062,0.031,0.196,0.0,0.023,0.002,0.044,0.007,0.015,0.091,0.092,0.123,0.018
2018-01-31 17:00:00,0.0,0.029,0.007,0.188,0.001,0.021,0.001,0.047,0.014,0.017,0.074,0.085,0.124,0.036
2018-01-31 18:00:00,0.006,0.017,0.008,0.209,0.002,0.047,0.0,0.053,0.023,0.019,0.068,0.079,0.133,0.053
2018-01-31 19:00:00,0.0,0.02,0.007,0.201,0.002,0.026,0.0,0.062,0.029,0.02,0.065,0.071,0.131,0.057
2018-01-31 20:00:00,0.003,0.019,0.012,0.232,0.001,0.024,0.0,0.068,0.021,0.021,0.078,0.072,0.16,0.052
2018-01-31 21:00:00,0.005,0.015,0.022,0.223,0.001,0.051,0.0,0.069,0.013,0.021,0.094,0.077,0.26,0.034
2018-01-31 22:00:00,0.006,0.01,0.007,0.195,0.0,0.025,0.0,0.068,0.006,0.021,0.089,0.076,0.153,0.022
2018-01-31 23:00:00,0.008,0.008,0.005,0.161,0.0,0.018,0.0,0.059,0.006,0.022,0.081,0.077,0.152,0.02
2018-02-01 00:00:00,0.0,0.004,0.004,0.163,0.0,0.022,0.0,0.057,0.018,0.022,0.072,0.075,0.216,0.019
2018-02-01 01:00:00,0.0,0.001,0.004,0.149,0.0,0.026,0.0,0.075,0.004,0.021,0.068,0.072,0.344,0.018
2018-02-01 02:00:00,0.0,0.001,0.004,0.141,0.0,0.029,0.0,0.072,0.002,0.019,0.058,0.071,0.387,0.016
2018-02-01 03:00:00,0.002,0.002,0.004,0.129,0.0,0.024,0.0,0.071,0.002,0.006,0.07,0.07,0.351,0.016
2018-02-01 04:00:00,0.0,0.002,0.044,0.124,0.0,0.02,0.0,0.069,0.001,0.002,0.074,0.065,0.348,0.021
2018-02-01 05:00:00,0.0,0.002,0.016,0.121,0.0,0.032,0.0,0.069,0.006,0.003,0.087,0.056,0.314,0.027
2018-02-01 06:00:00,0.0,0.001,0.014,0.151,0.007,0.024,0.0,0.063,0.034,0.002,0.09,0.047,0.316,0.044
2018-02-01 07:00:00,0.0,0.011,0.002,0.141,0.0,0.036,0.0,0.059,0.022,0.003,0.107,0.05,0.295,0.043
2018-02-01 08:00:00,0.0,0.014,0.036,0.152,0.0,0.029,0.0,0.055,0.016,0.001,0.117,0.055,0.316,0.023
2018-02-01 09:00:00,0.0,0.043,0.01,0.148,0.0,0.031,0.0,0.048,0.012,0.0,0.116,0.055,0.253,0.015
2018-02-01 10:00:00,0.0,0.057,0.021,0.141,0.0,0.022,0.0,0.011,0.006,0.0,0.136,0.058,0.299,0.016
2018-02-01 11:00:00,0.005,0.06,0.023,0.142,0.0,0.035,0.0,0.001,0.007,0.006,0.134,0.054,0.293,0.017
2018-02-01 12:00:00,0.013,0.062,0.011,0.123,0.0,0.048,0.005,0.004,0.0,0.016,0.135,0.055,0.174,0.019
2018-02-01 13:00:00,0.01,0.063,0.012,0.125,0.0,0.047,0.002,0.001,0.0,0.008,0.137,0.066,0.117,0.019
2018-02-01 14:00:00,0.008,0.064,0.015,0.179,0.0,0.03,0.007,0.001,0.0,0.002,0.128,0.076,0.115,0.016
2018-02-01 15:00:00,0.01,0.065,0.009,0.222,0.0,0.046,0.0,0.002,0.0,0.0,0.125,0.075,0.115,0.013
2018-02-01 16:00:00,0.017,0.064,0.028,0.233,0.001,0.041,0.0,0.001,0.0,0.003,0.094,0.07,0.109,0.028
2018-02-01 17:00:00,0.01,0.035,0.006,0.194,0.003,0.033,0.0,0.0,0.001,0.005,0.075,0.063,0.111,0.027
2018-02-01 18:00:00,0.021,0.024,0.01,0.262,0.003,0.036,0.0,0.0,0.0,0.007,0.079,0.057,0.115,0.06
2018-02-01 19:00:00,0.028,0.027,0.006,0.281,0.003,0.038,0.0,0.002,0.011,0.01,0.068,0.049,0.115,0.057
2018-02-01 20:00:00,0.019,0.027,0.016,0.236,0.003,0.073,0.001,0.015,0.008,0.012,0.086,0.053,0.129,0.053
2018-02-01 21:00:00,0.006,0.024,0.005,0.221,0.004,0.068,0.007,0.023,0.007,0.019,0.11,0.068,0.127,0.024
2018-02-01 22:00:00,0.0,0.024,0.007,0.219,0.001,0.049,0.0,0.028,0.001,0.023,0.105,0.068,0.147,0.029
2018-02-01 23:00:00,0.015,0.026,0.022,0.148,0.0,0.014,0.01,0.033,0.001,0.021,0.106,0.07,0.279,0.021
2018-02-02 00:00:00,0.008,0.006,0.004,0.161,0.001,0.041,0.0,0.043,0.01,0.021,0.076,0.068,0.336,0.019
2018-02-02 01:00:00,0.0,0.002,0.005,0.155,0.001,0.025,0.0,0.076,0.0,0.021,0.072,0.07,0.326,0.026
2018-02-02 02:00:00,0.002,0.001,0.008,0.153,0.0,0.032,0.0,0.074,0.001,0.022,0.059,0.074,0.321,0.015
2018-02-02 03:00:00,0.002,0.002,0.009,0.155,0.0,0.034,0.0,0.075,0.007,0.012,0.071,0.076,0.271,0.014
2018-02-02 04:00:00,0.0,0.001,0.026,0.157,0.0,0.033,0.0,0.075,0.012,0.013,0.077,0.077,0.134,0.022
2018-02-02 05:00:00,0.0,0.002,0.015,0.16,0.0,0.034,0.0,0.076,0.027,0.017,0.094,0.078,0.11,0.021
2018-02-02 06:00:00,0.0,0.001,0.02,0.164,0.008,0.043,0.0,0.077,0.046,0.019,0.093,0.079,0.111,0.043
2018-02-02 07:00:00,0.0,0.025,0.019,0.196,0.0,0.046,0.0,0.078,0.053,0.021,0.101,0.081,0.148,0.042
2018-02-02 08:00:00,0.0,0.017,0.033,0.198,0.0,0.036,0.0,0.079,0.054,0.021,0.105,0.084,0.221,0.039
2018-02-02 09:00:00,0.0,0.043,0.007,0.197,0.0,0.033,0.0,0.079,0.036,0.02,0.124,0.084,0.156,0.032
2018-02-02 10:00:00,0.0,0.056,0.008,0.209,0.0,0.037,0.0,0.079,0.037,0.02,0.145,0.089,0.144,0.031
2018-02-02 11:00:00,0.0,0.059,0.008,0.22,0.002,0.037,0.0,0.079,0.043,0.02,0.149,0.089,0.142,0.025
2018-02-02 12:00:00,0.001,0.06,0.012,0.207,0.0,0.042,0.0,0.08,0.038,0.021,0.148,0.095,0.142,0.028
2018-02-02 13:00:00,0.002,0.061,0.009,0.2,0.0,0.052,0.0,0.08,0.043,0.022,0.136,0.108,0.225,0.029
2018-02-02 14:00:00,0.002,0.061,0.012,0.224,0.0,0.037,0.0,0.08,0.047,0.022,0.119,0.114,0.138,0.027
2018-02-02 15:00:00,0.001,0.06,0.01,0.234,0.0,0.05,0.0,0.08,0.047,0.022,0.105,0.11,0.172,0.027
2018-02-02 16:00:00,0.0,0.057,0.012,0.242,0.0,0.043,0.0,0.08,0.048,0.022,0.097,0.107,0.157,0.032
2018-02-02 17:00:00,0.0,0.026,0.018,0.214,0.0,0.039,0.0,0.08,0.048,0.022,0.079,0.098,0.21,0.034
2018-02-02 18:00:00,0.004,0.013,0.02,0.232,0.0,0.033,0.0,0.084,0.048,0.023,0.082,0.09,0.138,0.028
2018-02-02 19:00:00,0.0,0.013,0.019,0.231,0.004,0.033,0.0,0.086,0.054,0.023,0.08,0.085,0.142,0.051
2018-02-02 20:00:00,0.004,0.013,0.02,0.239,0.001,0.033,0.0,0.087,0.049,0.024,0.086,0.085,0.145,0.03
2018-02-02 21:00:00,0.0,0.008,0.018,0.239,0.013,0.033,0.0,0.089,0.048,0.024,0.086,0.085,0.15,0.03
2018-02-02 22:00:00,0.001,0.005,0.017,0.216,0.0,0.031,0.0,0.088,0.048,0.024,0.105,0.086,0.149,0.031
2018-02-02 23:00:00,0.0,0.005,0.017,0.195,0.0,0.033,0.0,0.088,0.048,0.025,0.101,0.088,0.143,0.03
2018-02-03 00:00:00,0.0,0.005,0.017,0.209,0.0,0.033,0.0,0.089,0.049,0.025,0.079,0.09,0.164,0.03
2018-02-03 01:00:00,0.0,0.002,0.016,0.196,0.0,0.033,0.0,0.086,0.048,0.025,0.064,0.091,0.148,0.028
2018-02-03 02:00:00,0.0,0.001,0.016,0.193,0.0,0.033,0.0,0.086,0.047,0.025,0.059,0.09,0.156,0.028
2018-02-03 03:00:00,0.0,0.001,0.016,0.187,0.0,0.034,0.0,0.086,0.047,0.023,0.059,0.09,0.155,0.028
2018-02-03 04:00:00,0.0,0.001,0.018,0.186,0.0,0.033,0.0,0.086,0.047,0.023,0.058,0.089,0.156,0.03
2018-02-03 05:00:00,0.0,0.004,0.019,0.187,0.0,0.034,0.0,0.087,0.047,0.024,0.067,0.09,0.155,0.031
2018-02-03 06:00:00,0.0,0.009,0.019,0.192,0.0,0.033,0.0,0.087,0.048,0.023,0.062,0.087,0.155,0.029
2018-02-03 07:00:00,0.0,0.026,0.019,0.2,0.0,0.033,0.0,0.087,0.049,0.023,0.07,0.085,0.156,0.03
2018-02-03 08:00:00,0.0,0.034,0.035,0.2,0.0,0.033,0.0,0.087,0.048,0.023,0.073,0.085,0.16,0.032
2018-02-03 09:00:00,0.0,0.042,0.02,0.19,0.0,0.053,0.0,0.085,0.045,0.021,0.089,0.083,0.225,0.033
2018-02-03 10:00:00,0.0,0.054,0.015,0.187,0.0,0.031,0.0,0.085,0.039,0.021,0.1,0.082,0.27,0.034
2018-02-03 11:00:00,0.0,0.057,0.012,0.163,0.0,0.065,0.0,0.084,0.028,0.02,0.123,0.081,0.269,0.033
2018-02-03 12:00:00,0.0,0.06,0.01,0.151,0.0,0.08,0.0,0.082,0.016,0.02,0.126,0.082,0.186,0.027
2018-02-03 13:00:00,0.0,0.061,0.008,0.156,0.0,0.049,0.0,0.08,0.007,0.02,0.124,0.091,0.199,0.028
2018-02-03 14:00:00,0.0,0.062,0.005,0.148,0.0,0.036,0.0,0.078,0.004,0.02,0.103,0.082,0.185,0.026
2018-02-03 15:00:00,0.0,0.062,0.003,0.171,0.0,0.056,0.0,0.073,0.012,0.02,0.089,0.074,0.119,0.025
2018-02-03 16:00:00,0.0,0.06,0.004,0.179,0.001,0.045,0.0,0.066,0.015,0.019,0.084,0.07,0.134,0.028
2018-02-03 17:00:00,0.0,0.032,0.01,0.175,0.004,0.024,0.0,0.073,0.021,0.02,0.069,0.089,0.122,0.042
2018-02-03 18:00:00,0.005,0.021,0.011,0.197,0.005,0.02,0.0,0.076,0.023,0.02,0.064,0.094,0.125,0.052
2018-02-03 19:00:00,0.0,0.02,0.01,0.217,0.005,0.039,0.0,0.077,0.04,0.021,0.068,0.095,0.128,0.038
2018-02-03 20:00:00,0.0,0.019,0.01,0.237,0.004,0.024,0.0,0.08,0.039,0.022,0.078,0.095,0.129,0.031
2018-02-03 21:00:00,0.001,0.018,0.012,0.22,0.003,0.029,0.0,0.085,0.026,0.023,0.067,0.094,0.13,0.031
2018-02-03 22:00:00,0.001,0.017,0.009,0.22,0.002,0.022,0.0,0.085,0.019,0.023,0.071,0.079,0.127,0.03
2018-02-03 23:00:00,0.0,0.011,0.008,0.197,0.001,0.031,0.0,0.083,0.022,0.024,0.061,0.08,0.13,0.029
2018-02-04 00:00:00,0.0,0.004,0.007,0.182,0.0,0.035,0.0,0.082,0.032,0.023,0.054,0.078,0.131,0.029
2018-02-04 01:00:00,0.0,0.001,0.007,0.162,0.0,0.038,0.0,0.078,0.022,0.022,0.053,0.077,0.169,0.027
2018-02-04 02:00:00,0.0,0.001,0.007,0.157,0.0,0.032,0.0,0.076,0.018,0.022,0.047,0.077,0.249,0.026
2018-02-04 03:00:00,0.001,0.001,0.007,0.154,0.0,0.032,0.0,0.075,0.017,0.014,0.056,0.077,0.262,0.026
2018-02-04 04:00:00,0.0,0.001,0.011,0.142,0.0,0.031,0.0,0.073,0.017,0.012,0.059,0.077,0.277,0.026
2018-02-04 05:00:00,0.0,0.002,0.01,0.137,0.0,0.03,0.0,0.073,0.014,0.012,0.064,0.077,0.233,0.024
2018-02-04 06:00:00,0.0,0.001,0.01,0.134,0.0,0.026,0.0,0.071,0.031,0.008,0.062,0.07,0.263,0.02
2018-02-04 07:00:00,0.0,0.009,0.01,0.136,0.0,0.021,0.0,0.07,0.031,0.01,0.069,0.071,0.232,0.018
2018-02-04 08:00:00,0.0,0.025,0.036,0.145,0.0,0.024,0.004,0.069,0.03,0.008,0.063,0.072,0.328,0.029
2018-02-04 09:00:00,0.002,0.051,0.032,0.146,0.0,0.029,0.008,0.068,0.018,0.005,0.077,0.067,0.294,0.02
2018-02-04 10:00:00,0.0,0.057,0.061,0.133,0.0,0.018,0.0,0.034,0.012,0.005,0.092,0.063,0.3,0.014
2018-02-04 11:00:00,0.0,0.061,0.052,0.138,0.0,0.03,0.0,0.022,0.01,0.011,0.101,0.066,0.25,0.062
2018-02-04 12:00:00,0.0,0.061,0.049,0.114,0.0,0.019,0.0,0.017,0.002,0.017,0.127,0.054,0.137,0.031
2018-02-04 13:00:00,0.0,0.062,0.019,0.106,0.0,0.024,0.0,0.01,0.0,0.018,0.111,0.05,0.122,0.012
2018-02-04 14:00:00,0.0,0.063,0.015,0.097,0.0,0.021,0.0,0.011,0.0,0.017,0.122,0.048,0.193,0.011
2018-02-04 15:00:00,0.0,0.063,0.023,0.108,0.0,0.023,0.002,0.015,0.006,0.016,0.083,0.043,0.258,0.027
2018-02-04 16:00:00,0.0,0.06,0.047,0.141,0.0,0.019,0.0,0.022,0.006,0.017,0.08,0.053,0.341,0.013
2018-02-04 17:00:00,0.0,0.03,0.009,0.126,0.0,0.018,0.0,0.03,0.024,0.018,0.058,0.055,0.34,0.027
2018-02-04 18:00:00,0.005,0.017,0.009,0.147,0.0,0.024,0.0,0.034,0.023,0.018,0.043,0.054,0.313,0.048
2018-02-04 19:00:00,0.0,0.017,0.003,0.132,0.0,0.022,0.0,0.038,0.03,0.019,0.047,0.051,0.299,0.022
2018-02-04 20:00:00,0.001,0.016,0.004,0.134,0.0,0.019,0.0,0.043,0.032,0.019,0.082,0.057,0.325,0.04
2018-02-04 21:00:00,0.009,0.019,0.004,0.146,0.0,0.019,0.0,0.044,0.014,0.019,0.098,0.083,0.321,0.021
2018-02-04 22:00:00,0.011,0.031,0.003,0.182,0.0,0.014,0.0,0.042,0.028,0.019,0.054,0.074,0.324,0.021
2018-02-04 23:00:00,0.001,0.01,0.003,0.15,0.0,0.01,0.0,0.043,0.025,0.02,0.053,0.07,0.315,0.018
2018-02-05 00:00:00,0.0,0.004,0.003,0.145,0.0,0.011,0.0,0.046,0.011,0.02,0.062,0.066,0.214,0.012
2018-02-05 01:00:00,0.0,0.001,0.003,0.142,0.0,0.012,0.0,0.075,0.001,0.016,0.067,0.065,0.294,0.013
2018-02-05 02:00:00,0.0,0.001,0.003,0.139,0.0,0.026,0.0,0.071,0.0,0.013,0.056,0.065,0.328,0.009
2018-02-05 03:00:00,0.003,0.002,0.003,0.129,0.0,0.012,0.0,0.071,0.0,0.004,0.066,0.067,0.203,0.008
2018-02-05 04:00:00,0.001,0.001,0.008,0.138,0.0,0.014,0.0,0.068,0.0,0.002,0.071,0.064,0.268,0.014
2018-02-05 05:00:00,0.001,0.011,0.007,0.118,0.0,0.026,0.0,0.068,0.0,0.002,0.08,0.062,0.211,0.007
2018-02-05 06:00:00,0.0,0.001,0.019,0.118,0.0,0.026,0.008,0.066,0.013,0.001,0.084,0.042,0.112,0.025
2018-02-05 07:00:00,0.0,0.017,0.026,0.121,0.003,0.034,0.0,0.065,0.009,0.002,0.097,0.041,0.116,0.019
2018-02-05 08:00:00,0.0,0.015,0.044,0.151,0.0,0.046,0.0,0.07,0.016,0.006,0.098,0.058,0.116,0.018
2018-02-05 09:00:00,0.0,0.044,0.037,0.163,0.0,0.022,0.0,0.071,0.025,0.008,0.121,0.074,0.122,0.011
2018-02-05 10:00:00,0.0,0.058,0.002,0.149,0.0,0.027,0.0,0.055,0.025,0.011,0.137,0.084,0.198,0.032
2018-02-05 11:00:00,0.003,0.062,0.002,0.151,0.0,0.046,0.0,0.056,0.028,0.018,0.137,0.086,0.204,0.017
2018-02-05 12:00:00,0.013,0.065,0.004,0.139,0.0,0.063,0.0,0.063,0.026,0.02,0.153,0.092,0.122,0.018
2018-02-05 13:00:00,0.009,0.067,0.001,0.136,0.0,0.069,0.0,0.063,0.03,0.021,0.138,0.107,0.249,0.02
2018-02-05 14:00:00,0.019,0.067,0.001,0.211,0.0,0.035,0.0,0.059,0.021,0.02,0.117,0.112,0.117,0.019
2018-02-05 15:00:00,0.006,0.067,0.0,0.232,0.0,0.057,0.0,0.055,0.023,0.019,0.11,0.108,0.242,0.02
2018-02-05 16:00:00,0.003,0.063,0.002,0.258,0.0,0.047,0.0,0.058,0.022,0.02,0.103,0.106,0.162,0.024
2018-02-05 17:00:00,0.0,0.029,0.011,0.236,0.001,0.025,0.0,0.07,0.025,0.021,0.077,0.096,0.184,0.031
2018-02-05 18:00:00,0.005,0.016,0.016,0.234,0.001,0.02,0.0,0.075,0.032,0.021,0.074,0.088,0.126,0.027
2018-02-05 19:00:00,0.0,0.017,0.014,0.247,0.001,0.03,0.0,0.081,0.052,0.023,0.075,0.081,0.127,0.033
2018-02-05 20:00:00,0.0,0.016,0.019,0.252,0.009,0.033,0.0,0.084,0.048,0.023,0.09,0.083,0.131,0.046
2018-02-05 21:00:00,0.0,0.012,0.017,0.249,0.005,0.03,0.0,0.088,0.04,0.024,0.081,0.083,0.132,0.045
2018-02-05 22:00:00,0.0,0.008,0.017,0.221,0.0,0.058,0.0,0.088,0.044,0.024,0.105,0.085,0.131,0.031
2018-02-05 23:00:00,0.0,0.007,0.016,0.194,0.0,0.048,0.0,0.088,0.045,0.025,0.1,0.087,0.13,0.03
2018-02-06 00:00:00,0.0,0.005,0.015,0.199,0.0,0.032,0.0,0.088,0.049,0.025,0.094,0.09,0.129,0.029
2018-02-06 01:00:00,0.0,0.002,0.015,0.182,0.0,0.031,0.0,0.087,0.047,0.025,0.088,0.091,0.132,0.028
2018-02-06 02:00:00,0.0,0.001,0.014,0.177,0.0,0.033,0.0,0.085,0.046,0.024,0.082,0.09,0.138,0.027
2018-02-06 03:00:00,0.001,0.002,0.013,0.171,0.0,0.033,0.0,0.084,0.044,0.023,0.084,0.09,0.133,0.027
2018-02-06 04:00:00,0.0,0.002,0.017,0.16,0.0,0.033,0.0,0.082,0.044,0.022,0.083,0.089,0.132,0.031
2018-02-06 05:00:00,0.0,0.001,0.015,0.16,0.0,0.043,0.0,0.082,0.043,0.022,0.093,0.085,0.131,0.029
2018-02-06 06:00:00,0.0,0.0,0.042,0.167,0.0,0.06,0.0,0.08,0.05,0.021,0.092,0.083,0.135,0.05
2018-02-06 07:00:00,0.0,0.01,0.022,0.164,0.006,0.044,0.0,0.079,0.049,0.021,0.1,0.083,0.168,0.027
2018-02-06 08:00:00,0.001,0.013,0.005,0.171,0.0,0.033,0.013,0.078,0.047,0.021,0.104,0.084,0.146,0.026
2018-02-06 09:00:00,0.0,0.042,0.006,0.165,0.0,0.026,0.001,0.077,0.041,0.017,0.124,0.083,0.329,0.027
2018-02-06 10:00:00,0.0,0.058,0.003,0.176,0.0,0.028,0.009,0.076,0.031,0.012,0.142,0.085,0.269,0.034
2018-02-06 11:00:00,0.0,0.071,0.012,0.165,0.0,0.037,0.009,0.069,0.023,0.015,0.139,0.083,0.301,0.02
2018-02-06 12:00:00,0.001,0.066,0.027,0.137,0.0,0.043,0.003,0.055,0.012,0.018,0.138,0.079,0.306,0.022
2018-02-06 13:00:00,0.004,0.064,0.035,0.134,0.0,0.052,0.0,0.045,0.009,0.015,0.132,0.087,0.334,0.033
2018-02-06 14:00:00,0.003,0.069,0.024,0.183,0.0,0.021,0.0,0.038,0.002,0.012,0.105,0.093,0.347,0.014
2018-02-06 15:00:00,0.003,0.067,0.023,0.2,0.0,0.042,0.0,0.034,0.019,0.012,0.092,0.089,0.147,0.029
2018-02-06 16:00:00,0.002,0.066,0.006,0.221,0.0,0.071,0.0,0.036,0.001,0.013,0.089,0.089,0.147,0.026
2018-02-06 17:00:00,0.0,0.03,0.011,0.173,0.007,0.061,0.0,0.045,0.005,0.016,0.074,0.075,0.116,0.041
2018-02-06 18:00:00,0.005,0.018,0.012,0.201,0.002,0.035,0.0,0.048,0.012,0.018,0.07,0.072,0.118,0.052
2018-02-06 19:00:00,0.0,0.021,0.011,0.221,0.002,0.04,0.0,0.057,0.027,0.02,0.066,0.063,0.124,0.046
2018-02-06 20:00:00,0.0,0.02,0.023,0.242,0.001,0.028,0.0,0.067,0.026,0.021,0.08,0.075,0.148,0.028
2018-02-06 21:00:00,0.0,0.013,0.009,0.231,0.002,0.022,0.0,0.08,0.011,0.021,0.069,0.078,0.131,0.029
2018-02-06 22:00:00,0.0,0.009,0.01,0.223,0.0,0.019,0.007,0.082,0.032,0.022,0.094,0.078,0.131,0.031
2018-02-06 23:00:00,0.036,0.008,0.012,0.189,0.0,0.021,0.0,0.082,0.028,0.023,0.092,0.08,0.132,0.03
2018-02-07 00:00:00,0.0,0.006,0.013,0.19,0.0,0.027,0.0,0.085,0.025,0.024,0.082,0.079,0.136,0.029
2018-02-07 01:00:00,0.0,0.001,0.014,0.183,0.0,0.029,0.0,0.084,0.025,0.024,0.083,0.083,0.137,0.028
2018-02-07 02:00:00,0.003,0.001,0.015,0.181,0.0,0.033,0.0,0.084,0.031,0.024,0.079,0.087,0.153,0.027
2018-02-07 03:00:00,0.001,0.002,0.016,0.182,0.0,0.033,0.0,0.085,0.034,0.023,0.083,0.087,0.144,0.027
2018-02-07 04:00:00,0.0,0.001,0.018,0.175,0.0,0.033,0.0,0.084,0.037,0.023,0.082,0.088,0.143,0.046
2018-02-07 05:00:00,0.0,0.001,0.019,0.164,0.0,0.056,0.0,0.085,0.037,0.023,0.093,0.084,0.143,0.03
2018-02-07 06:00:00,0.0,0.001,0.014,0.171,0.0,0.029,0.0,0.085,0.048,0.022,0.092,0.081,0.141,0.029
2018-02-07 07:00:00,0.0,0.01,0.012,0.191,0.0,0.031,0.0,0.084,0.047,0.022,0.099,0.082,0.146,0.029
2018-02-07 08:00:00,0.001,0.013,0.009,0.199,0.0,0.028,0.0,0.083,0.047,0.022,0.102,0.084,0.154,0.029
2018-02-07 09:00:00,0.001,0.042,0.011,0.2,0.0,0.024,0.0,0.081,0.045,0.021,0.122,0.083,0.297,0.033
2018-02-07 10:00:00,0.0,0.055,0.009,0.2,0.0,0.022,0.0,0.081,0.04,0.02,0.14,0.085,0.284,0.034
2018-02-07 11:00:00,0.0,0.058,0.008,0.183,0.002,0.019,0.006,0.079,0.036,0.02,0.141,0.084,0.262,0.033
2018-02-07 12:00:00,0.0,0.062,0.005,0.148,0.0,0.017,0.0,0.077,0.028,0.021,0.14,0.087,0.352,0.031
2018-02-07 13:00:00,0.0,0.06,0.003,0.143,0.0,0.016,0.0,0.075,0.024,0.021,0.125,0.095,0.255,0.03
2018-02-07 14:00:00,0.0,0.061,0.007,0.186,0.0,0.032,0.0,0.067,0.022,0.02,0.105,0.098,0.285,0.028
2018-02-07 15:00:00,0.0,0.061,0.008,0.189,0.0,0.041,0.001,0.062,0.025,0.02,0.096,0.094,0.176,0.027
2018-02-07 16:00:00,0.0,0.059,0.009,0.191,0.0,0.07,0.0,0.06,0.026,0.02,0.094,0.097,0.219,0.027
2018-02-07 17:00:00,0.0,0.029,0.009,0.183,0.001,0.057,0.0,0.061,0.027,0.02,0.077,0.086,0.244,0.028
2018-02-07 18:00:00,0.005,0.016,0.01,0.203,0.003,0.05,0.0,0.061,0.03,0.02,0.073,0.074,0.319,0.025
2018-02-07 19:00:00,0.0,0.017,0.007,0.205,0.001,0.025,0.0,0.068,0.042,0.021,0.069,0.073,0.332,0.031
2018-02-07 20:00:00,0.0,0.018,0.022,0.224,0.001,0.021,0.0,0.073,0.03,0.021,0.081,0.076,0.227,0.028
2018-02-07 21:00:00,0.0,0.012,0.026,0.224,0.001,0.043,0.0,0.077,0.012,0.021,0.066,0.078,0.126,0.026
2018-02-07 22:00:00,0.0,0.008,0.028,0.2,0.0,0.029,0.0,0.077,0.01,0.022,0.092,0.077,0.126,0.023
2018-02-07 23:00:00,0.0,0.007,0.014,0.173,0.0,0.023,0.0,0.078,0.014,0.023,0.091,0.078,0.125,0.029
2018-02-08 00:00:00,0.0,0.004,0.008,0.179,0.0,0.019,0.0,0.079,0.029,0.023,0.077,0.077,0.119,0.018
2018-02-08 01:00:00,0.0,0.001,0.009,0.167,0.0,0.027,0.0,0.077,0.025,0.023,0.072,0.078,0.118,0.016
2018-02-08 02:00:00,0.0,0.001,0.009,0.164,0.0,0.031,0.0,0.076,0.025,0.023,0.067,0.078,0.125,0.017
2018-02-08 03:00:00,0.002,0.001,0.01,0.159,0.0,0.03,0.0,0.077,0.026,0.02,0.079,0.078,0.119,0.02
2018-02-08 04:00:00,0.0,0.001,0.014,0.156,0.0,0.03,0.0,0.075,0.026,0.02,0.08,0.079,0.122,0.025
2018-02-08 05:00:00,0.0,0.001,0.015,0.148,0.0,0.041,0.0,0.076,0.025,0.02,0.091,0.079,0.12,0.023
2018-02-08 06:00:00,0.0,0.0,0.018,0.145,0.0,0.028,0.0,0.076,0.029,0.019,0.09,0.08,0.157,0.026
2018-02-08 07:00:00,0.0,0.01,0.006,0.18,0.0,0.026,0.0,0.076,0.047,0.02,0.099,0.08,0.16,0.025
2018-02-08 08:00:00,0.001,0.013,0.005,0.171,0.0,0.032,0.0,0.075,0.035,0.019,0.103,0.082,0.153,0.021
2018-02-08 09:00:00,0.005,0.042,0.006,0.165,0.001,0.049,0.0,0.075,0.029,0.016,0.122,0.082,0.196,0.023
2018-02-08 10:00:00,0.011,0.055,0.007,0.161,0.0,0.036,0.0,0.074,0.024,0.014,0.139,0.085,0.229,0.023
2018-02-08 11:00:00,0.003,0.058,0.013,0.145,0.0,0.034,0.01,0.07,0.018,0.017,0.138,0.085,0.136,0.02
2018-02-08 12:00:00,0.007,0.06,0.012,0.126,0.0,0.057,0.0,0.066,0.013,0.019,0.146,0.085,0.129,0.031
2018-02-08 13:00:00,0.009,0.064,0.004,0.139,0.0,0.056,0.0,0.06,0.011,0.02,0.137,0.098,0.181,0.016
2018-02-08 14:00:00,0.012,0.066,0.025,0.208,0.0,0.022,0.0,0.051,0.007,0.018,0.115,0.106,0.116,0.013
2018-02-08 15:00:00,0.01,0.068,0.015,0.226,0.0,0.086,0.0,0.049,0.013,0.018,0.104,0.104,0.148,0.016
2018-02-08 16:00:00,0.006,0.063,0.009,0.21,0.0,0.056,0.0,0.053,0.012,0.019,0.096,0.102,0.141,0.019
2018-02-08 17:00:00,0.0,0.029,0.014,0.18,0.001,0.049,0.0,0.066,0.025,0.02,0.073,0.096,0.177,0.032
2018-02-08 18:00:00,0.005,0.016,0.016,0.217,0.001,0.057,0.0,0.074,0.033,0.021,0.068,0.087,0.123,0.031
2018-02-08 19:00:00,0.0,0.018,0.014,0.228,0.001,0.043,0.0,0.08,0.048,0.022,0.068,0.08,0.125,0.036
2018-02-08 20:00:00,0.0,0.017,0.02,0.247,0.001,0.039,0.0,0.084,0.046,0.023,0.082,0.082,0.13,0.031
2018-02-08 21:00:00,0.0,0.012,0.018,0.241,0.0,0.055,0.0,0.086,0.034,0.023,0.072,0.082,0.132,0.031
2018-02-08 22:00:00,0.0,0.009,0.016,0.213,0.0,0.022,0.0,0.086,0.034,0.023,0.095,0.084,0.151,0.039
2018-02-08 23:00:00,0.0,0.007,0.014,0.194,0.0,0.025,0.0,0.086,0.05,0.024,0.091,0.086,0.145,0.03
2018-02-09 00:00:00,0.0,0.004,0.01,0.188,0.0,0.028,0.0,0.087,0.043,0.025,0.084,0.083,0.147,0.029
2018-02-09 01:00:00,0.0,0.001,0.009,0.172,0.0,0.027,0.0,0.084,0.029,0.024,0.077,0.08,0.148,0.027
2018-02-09 02:00:00,0.0,0.001,0.008,0.167,0.0,0.031,0.0,0.081,0.024,0.024,0.073,0.079,0.155,0.027
2018-02-09 03:00:00,0.002,0.001,0.009,0.165,0.0,0.032,0.0,0.08,0.023,0.022,0.081,0.079,0.154,0.028
2018-02-09 04:00:00,0.0,0.001,0.014,0.163,0.0,0.031,0.0,0.078,0.024,0.021,0.082,0.079,0.155,0.032
2018-02-09 05:00:00,0.0,0.001,0.02,0.159,0.0,0.031,0.0,0.079,0.035,0.022,0.093,0.081,0.156,0.031
2018-02-09 06:00:00,0.0,0.006,0.033,0.158,0.0,0.024,0.0,0.079,0.045,0.021,0.091,0.08,0.156,0.029
2018-02-09 07:00:00,0.0,0.009,0.015,0.184,0.0,0.045,0.0,0.079,0.042,0.021,0.099,0.081,0.169,0.03
2018-02-09 08:00:00,0.0,0.012,0.033,0.182,0.0,0.026,0.0,0.079,0.039,0.021,0.102,0.083,0.162,0.029
2018-02-09 09:00:00,0.0,0.042,0.006,0.184,0.0,0.04,0.0,0.077,0.031,0.018,0.124,0.081,0.251,0.033
2018-02-09 10:00:00,0.009,0.055,0.005,0.183,0.0,0.021,0.0,0.075,0.022,0.015,0.148,0.083,0.362,0.034
2018-02-09 11:00:00,0.01,0.058,0.003,0.172,0.0,0.022,0.0,0.07,0.013,0.017,0.144,0.077,0.463,0.029
2018-02-09 12:00:00,0.02,0.06,0.004,0.172,0.0,0.038,0.0,0.06,0.008,0.019,0.139,0.076,0.363,0.028
2018-02-09 13:00:00,0.016,0.061,0.003,0.14,0.006,0.045,0.0,0.051,0.003,0.018,0.125,0.082,0.197,0.022
2018-02-09 14:00:00,0.006,0.061,0.002,0.184,0.0,0.022,0.0,0.045,0.001,0.017,0.104,0.09,0.241,0.026
2018-02-09 15:00:00,0.001,0.061,0.002,0.212,0.0,0.037,0.0,0.04,0.003,0.015,0.092,0.089,0.183,0.019
2018-02-09 16:00:00,0.0,0.059,0.004,0.217,0.0,0.03,0.0,0.041,0.007,0.016,0.089,0.091,0.176,0.021
2018-02-09 17:00:00,0.0,0.029,0.01,0.184,0.001,0.021,0.0,0.049,0.013,0.018,0.074,0.086,0.235,0.023
2018-02-09 18:00:00,0.005,0.016,0.013,0.204,0.002,0.02,0.0,0.06,0.016,0.02,0.07,0.08,0.328,0.021
2018-02-09 19:00:00,0.0,0.027,0.009,0.206,0.002,0.026,0.0,0.068,0.035,0.021,0.067,0.075,0.311,0.033
2018-02-09 20:00:00,0.0,0.022,0.014,0.208,0.001,0.02,0.0,0.073,0.03,0.021,0.082,0.075,0.263,0.036
2018-02-09 21:00:00,0.0,0.016,0.008,0.274,0.001,0.034,0.0,0.077,0.012,0.021,0.069,0.077,0.304,0.052
2018-02-09 22:00:00,0.0,0.01,0.007,0.228,0.0,0.02,0.0,0.078,0.01,0.022,0.09,0.077,0.321,0.028
2018-02-09 23:00:00,0.0,0.008,0.006,0.165,0.0,0.02,0.0,0.077,0.013,0.022,0.085,0.078,0.23,0.044
2018-02-10 00:00:00,0.0,0.004,0.006,0.167,0.0,0.021,0.0,0.075,0.025,0.023,0.061,0.077,0.152,0.02
2018-02-10 01:00:00,0.0,0.001,0.007,0.158,0.0,0.022,0.0,0.076,0.014,0.022,0.047,0.077,0.128,0.018
2018-02-10 02:00:00,0.0,0.001,0.007,0.151,0.0,0.03,0.0,0.074,0.012,0.022,0.038,0.076,0.279,0.016
2018-02-10 03:00:00,0.002,0.001,0.007,0.138,0.0,0.026,0.0,0.074,0.011,0.013,0.05,0.076,0.341,0.016
2018-02-10 04:00:00,0.0,0.001,0.011,0.127,0.0,0.023,0.0,0.073,0.012,0.012,0.052,0.076,0.344,0.019
2018-02-10 05:00:00,0.0,0.004,0.012,0.125,0.0,0.022,0.0,0.074,0.011,0.014,0.067,0.078,0.23,0.02
2018-02-10 06:00:00,0.0,0.004,0.022,0.128,0.0,0.061,0.0,0.072,0.028,0.012,0.062,0.062,0.2,0.018
2018-02-10 07:00:00,0.0,0.013,0.008,0.157,0.0,0.038,0.001,0.071,0.03,0.012,0.065,0.06,0.185,0.019
2018-02-10 08:00:00,0.003,0.028,0.008,0.134,0.0,0.013,0.0,0.07,0.025,0.011,0.066,0.062,0.294,0.014
2018-02-10 09:00:00,0.029,0.047,0.012,0.127,0.0,0.007,0.0,0.069,0.013,0.006,0.087,0.057,0.352,0.035
2018-02-10 10:00:00,0.0,0.066,0.017,0.139,0.0,0.011,0.0,0.035,0.01,0.004,0.1,0.052,0.439,0.013
2018-02-10 11:00:00,0.0,0.076,0.012,0.146,0.0,0.01,0.002,0.023,0.011,0.012,0.123,0.046,0.47,0.034
2018-02-10 12:00:00,0.0,0.074,0.003,0.145,0.0,0.01,0.01,0.015,0.0,0.018,0.167,0.038,0.369,0.014
2018-02-10 13:00:00,0.0,0.075,0.002,0.092,0.0,0.009,0.0,0.006,0.0,0.019,0.151,0.035,0.404,0.056
2018-02-10 14:00:00,0.0,0.076,0.016,0.103,0.0,0.007,0.0,0.004,0.0,0.017,0.186,0.036,0.357,0.057
2018-02-10 15:00:00,0.0,0.073,0.034,0.13,0.0,0.027,0.0,0.004,0.0,0.015,0.106,0.048,0.324,0.031
2018-02-10 16:00:00,0.0,0.072,0.049,0.138,0.003,0.016,0.0,0.004,0.0,0.015,0.084,0.037,0.3,0.031
2018-02-10 17:00:00,0.0,0.049,0.044,0.143,0.007,0.015,0.0,0.012,0.001,0.017,0.064,0.054,0.213,0.066
2018-02-10 18:00:00,0.005,0.04,0.027,0.181,0.007,0.018,0.0,0.02,0.001,0.017,0.066,0.054,0.204,0.061
2018-02-10 19:00:00,0.0,0.038,0.028,0.228,0.007,0.023,0.0,0.031,0.01,0.019,0.063,0.058,0.164,0.076
2018-02-10 20:00:00,0.001,0.037,0.046,0.229,0.006,0.038,0.002,0.04,0.002,0.02,0.083,0.08,0.101,0.056
2018-02-10 21:00:00,0.002,0.035,0.004,0.237,0.008,0.023,0.0,0.048,0.003,0.022,0.078,0.088,0.106,0.05
2018-02-10 22:00:00,0.001,0.041,0.021,0.244,0.004,0.02,0.0,0.051,0.001,0.022,0.067,0.073,0.109,0.03
2018-02-10 23:00:00,0.001,0.022,0.004,0.189,0.003,0.023,0.0,0.053,0.005,0.022,0.056,0.072,0.12,0.023
2018-02-11 00:00:00,0.0,0.009,0.004,0.191,0.002,0.064,0.0,0.054,0.009,0.022,0.047,0.07,0.15,0.014
2018-02-11 01:00:00,0.0,0.004,0.004,0.157,0.001,0.075,0.0,0.079,0.0,0.022,0.049,0.067,0.148,0.013
2018-02-11 02:00:00,0.0,0.006,0.004,0.153,0.001,0.032,0.0,0.075,0.0,0.018,0.037,0.067,0.12,0.009
2018-02-11 03:00:00,0.003,0.005,0.005,0.151,0.0,0.031,0.0,0.075,0.0,0.006,0.054,0.072,0.111,0.007
2018-02-11 04:00:00,0.0,0.005,0.01,0.142,0.0,0.029,0.0,0.074,0.0,0.003,0.059,0.073,0.127,0.009
2018-02-11 05:00:00,0.0,0.006,0.011,0.137,0.0,0.026,0.0,0.075,0.0,0.006,0.072,0.072,0.113,0.009
2018-02-11 06:00:00,0.0,0.002,0.01,0.136,0.0,0.024,0.0,0.074,0.02,0.006,0.068,0.052,0.113,0.008
2018-02-11 07:00:00,0.001,0.012,0.009,0.146,0.0,0.025,0.0,0.074,0.019,0.007,0.075,0.037,0.117,0.015
2018-02-11 08:00:00,0.006,0.017,0.024,0.145,0.0,0.017,0.0,0.073,0.013,0.006,0.074,0.045,0.116,0.046
2018-02-11 09:00:00,0.0,0.064,0.044,0.142,0.0,0.037,0.002,0.072,0.011,0.002,0.089,0.05,0.186,0.017
2018-02-11 10:00:00,0.0,0.101,0.036,0.201,0.0,0.083,0.0,0.024,0.005,0.001,0.097,0.044,0.315,0.035
2018-02-11 11:00:00,0.0,0.07,0.037,0.139,0.0,0.019,0.0,0.009,0.0,0.005,0.097,0.038,0.222,0.033
2018-02-11 12:00:00,0.0,0.063,0.037,0.099,0.0,0.047,0.0,0.009,0.0,0.015,0.109,0.035,0.315,0.012
2018-02-11 13:00:00,0.0,0.064,0.007,0.079,0.0,0.029,0.0,0.004,0.0,0.02,0.098,0.035,0.391,0.012
2018-02-11 14:00:00,0.0,0.065,0.04,0.093,0.0,0.029,0.0,0.002,0.0,0.013,0.089,0.035,0.289,0.021
2018-02-11 15:00:00,0.0,0.066,0.054,0.092,0.0,0.028,0.0,0.001,0.0,0.016,0.089,0.035,0.113,0.01
2018-02-11 16:00:00,0.0,0.073,0.017,0.115,0.0,0.025,0.011,0.002,0.002,0.015,0.092,0.035,0.171,0.03
2018-02-11 17:00:00,0.0,0.059,0.01,0.106,0.0,0.029,0.0,0.005,0.003,0.015,0.066,0.04,0.12,0.046
2018-02-11 18:00:00,0.011,0.027,0.013,0.141,0.0,0.036,0.0,0.014,0.0,0.016,0.044,0.043,0.158,0.051
2018-02-11 19:00:00,0.0,0.025,0.008,0.153,0.0,0.032,0.0,0.02,0.007,0.017,0.049,0.042,0.158,0.047
2018-02-11 20:00:00,0.001,0.028,0.01,0.15,0.0,0.038,0.0,0.02,0.002,0.016,0.059,0.045,0.128,0.049
2018-02-11 21:00:00,0.001,0.025,0.007,0.159,0.0,0.018,0.0,0.017,0.012,0.014,0.058,0.062,0.135,0.09
2018-02-11 22:00:00,0.001,0.023,0.004,0.22,0.0,0.029,0.0,0.021,0.0,0.018,0.072,0.062,0.118,0.054
2018-02-11 23:00:00,0.001,0.013,0.029,0.208,0.0,0.017,0.0,0.025,0.0,0.018,0.062,0.066,0.121,0.024
2018-02-12 00:00:00,0.0,0.005,0.001,0.191,0.0,0.008,0.0,0.026,0.015,0.019,0.068,0.057,0.121,0.014
2018-02-12 01:00:00,0.0,0.001,0.002,0.146,0.0,0.008,0.0,0.079,0.003,0.02,0.076,0.057,0.121,0.014
2018-02-12 02:00:00,0.0,0.001,0.004,0.142,0.0,0.023,0.0,0.076,0.0,0.015,0.058,0.057,0.129,0.01
2018-02-12 03:00:00,0.003,0.002,0.005,0.134,0.0,0.025,0.0,0.077,0.0,0.005,0.057,0.069,0.117,0.009
2018-02-12 04:00:00,0.0,0.002,0.01,0.153,0.0,0.038,0.0,0.077,0.0,0.002,0.061,0.075,0.122,0.015
2018-02-12 05:00:00,0.0,0.003,0.045,0.119,0.0,0.023,0.0,0.079,0.003,0.002,0.072,0.079,0.624,0.01
2018-02-12 06:00:00,0.0,0.002,0.042,0.143,0.0,0.028,0.004,0.078,0.02,0.005,0.089,0.055,0.428,0.009
2018-02-12 07:00:00,0.0,0.013,0.008,0.135,0.0,0.03,0.0,0.079,0.015,0.008,0.103,0.051,0.113,0.016
2018-02-12 08:00:00,0.0,0.016,0.005,0.113,0.0,0.054,0.0,0.079,0.018,0.008,0.107,0.058,0.16,0.023
2018-02-12 09:00:00,0.001,0.046,0.004,0.112,0.0,0.04,0.0,0.079,0.015,0.004,0.126,0.068,0.117,0.009
2018-02-12 10:00:00,0.002,0.059,0.014,0.139,0.0,0.033,0.0,0.036,0.02,0.001,0.144,0.093,0.138,0.02
2018-02-12 11:00:00,0.007,0.064,0.051,0.13,0.0,0.046,0.0,0.018,0.013,0.009,0.146,0.069,0.268,0.031
2018-02-12 12:00:00,0.013,0.067,0.045,0.141,0.0,0.056,0.0,0.015,0.0,0.018,0.156,0.068,0.257,0.014
2018-02-12 13:00:00,0.015,0.072,0.017,0.154,0.0,0.076,0.0,0.019,0.001,0.011,0.146,0.09,0.237,0.015
2018-02-12 14:00:00,0.016,0.079,0.009,0.225,0.0,0.039,0.0,0.023,0.003,0.009,0.127,0.099,0.136,0.018
2018-02-12 15:00:00,0.014,0.087,0.0,0.239,0.0,0.06,0.001,0.017,0.002,0.008,0.117,0.119,0.212,0.019
2018-02-12 16:00:00,0.01,0.072,0.001,0.243,0.0,0.06,0.001,0.017,0.001,0.019,0.109,0.097,0.165,0.022
2018-02-12 17:00:00,0.001,0.044,0.017,0.229,0.001,0.049,0.0,0.032,0.007,0.015,0.093,0.073,0.189,0.066
2018-02-12 18:00:00,0.005,0.035,0.014,0.218,0.001,0.032,0.0,0.047,0.02,0.02,0.08,0.075,0.152,0.066
2018-02-12 19:00:00,0.0,0.023,0.012,0.236,0.002,0.027,0.011,0.068,0.038,0.022,0.065,0.071,0.143,0.045
2018-02-12 20:00:00,0.0,0.02,0.018,0.251,0.001,0.029,0.001,0.083,0.035,0.023,0.084,0.081,0.16,0.046
2018-02-12 21:00:00,0.004,0.014,0.01,0.265,0.001,0.033,0.0,0.087,0.024,0.023,0.074,0.083,0.142,0.044
2018-02-12 22:00:00,0.0,0.011,0.01,0.216,0.0,0.032,0.0,0.086,0.026,0.023,0.097,0.084,0.138,0.039
2018-02-12 23:00:00,0.0,0.008,0.026,0.204,0.0,0.051,0.001,0.086,0.025,0.024,0.095,0.085,0.134,0.038
2018-02-13 00:00:00,0.0,0.005,0.011,0.197,0.0,0.032,0.001,0.087,0.038,0.024,0.087,0.083,0.132,0.029
2018-02-13 01:00:00,0.0,0.001,0.011,0.183,0.0,0.034,0.0,0.086,0.031,0.024,0.083,0.083,0.13,0.028
2018-02-13 02:00:00,0.0,0.001,0.012,0.182,0.0,0.036,0.0,0.086,0.03,0.024,0.077,0.083,0.153,0.028
2018-02-13 03:00:00,0.002,0.002,0.014,0.179,0.0,0.036,0.0,0.087,0.031,0.023,0.085,0.083,0.131,0.028
2018-02-13 04:00:00,0.0,0.001,0.034,0.179,0.0,0.053,0.0,0.086,0.035,0.023,0.087,0.088,0.133,0.043
2018-02-13 05:00:00,0.0,0.001,0.034,0.18,0.0,0.052,0.0,0.088,0.038,0.023,0.099,0.086,0.135,0.031
2018-02-13 06:00:00,0.0,0.001,0.013,0.188,0.0,0.035,0.0,0.087,0.052,0.022,0.097,0.085,0.136,0.03
2018-02-13 07:00:00,0.001,0.01,0.012,0.204,0.003,0.046,0.0,0.086,0.05,0.022,0.104,0.085,0.139,0.029
2018-02-13 08:00:00,0.001,0.015,0.008,0.205,0.0,0.037,0.0,0.086,0.05,0.022,0.108,0.087,0.182,0.03
2018-02-13 09:00:00,0.016,0.045,0.023,0.213,0.0,0.034,0.0,0.084,0.045,0.02,0.136,0.087,0.32,0.053
2018-02-13 10:00:00,0.015,0.059,0.041,0.178,0.004,0.038,0.0,0.083,0.027,0.014,0.157,0.106,0.265,0.023
2018-02-13 11:00:00,0.008,0.065,0.045,0.219,0.003,0.05,0.0,0.073,0.017,0.015,0.161,0.137,0.149,0.024
2018-02-13 12:00:00,0.01,0.069,0.041,0.15,0.0,0.063,0.0,0.058,0.002,0.019,0.163,0.176,0.144,0.02
2018-02-13 13:00:00,0.016,0.073,0.026,0.162,0.0,0.065,0.0,0.048,0.002,0.015,0.15,0.191,0.257,0.021
2018-02-13 14:00:00,0.019,0.075,0.01,0.224,0.0,0.061,0.0,0.039,0.002,0.011,0.128,0.137,0.217,0.021
2018-02-13 15:00:00,0.01,0.081,0.002,0.228,0.0,0.057,0.0,0.031,0.0,0.01,0.11,0.114,0.186,0.021
2018-02-13 16:00:00,0.007,0.074,0.006,0.252,0.003,0.073,0.0,0.031,0.005,0.011,0.102,0.096,0.119,0.024
2018-02-13 17:00:00,0.0,0.034,0.008,0.194,0.002,0.036,0.0,0.04,0.009,0.014,0.076,0.086,0.112,0.06
2018-02-13 18:00:00,0.005,0.019,0.01,0.259,0.003,0.045,0.0,0.05,0.017,0.019,0.07,0.078,0.131,0.072
2018-02-13 19:00:00,0.002,0.022,0.008,0.272,0.002,0.039,0.0,0.069,0.036,0.021,0.08,0.072,0.192,0.047
2018-02-13 20:00:00,0.001,0.02,0.017,0.265,0.002,0.035,0.003,0.081,0.027,0.022,0.086,0.078,0.23,0.04
2018-02-13 21:00:00,0.023,0.015,0.011,0.264,0.001,0.031,0.0,0.084,0.014,0.022,0.076,0.08,0.151,0.047
2018-02-13 22:00:00,0.0,0.011,0.008,0.229,0.0,0.025,0.0,0.084,0.011,0.022,0.1,0.08,0.15,0.044
2018-02-13 23:00:00,0.0,0.008,0.008,0.19,0.0,0.025,0.0,0.083,0.022,0.022,0.095,0.081,0.131,0.044
2018-02-14 00:00:00,0.0,0.005,0.008,0.186,0.0,0.03,0.0,0.084,0.024,0.023,0.088,0.077,0.132,0.03
2018-02-14 01:00:00,0.0,0.002,0.009,0.168,0.0,0.03,0.0,0.082,0.019,0.023,0.082,0.079,0.204,0.027
2018-02-14 02:00:00,0.0,0.002,0.01,0.166,0.0,0.032,0.0,0.081,0.019,0.023,0.077,0.078,0.283,0.027
2018-02-14 03:00:00,0.002,0.002,0.011,0.165,0.0,0.033,0.0,0.081,0.02,0.02,0.082,0.079,0.292,0.037
2018-02-14 04:00:00,0.0,0.002,0.015,0.165,0.0,0.032,0.0,0.079,0.019,0.02,0.083,0.079,0.305,0.031
2018-02-14 05:00:00,0.0,0.002,0.014,0.148,0.0,0.024,0.0,0.079,0.019,0.018,0.097,0.078,0.282,0.03
2018-02-14 06:00:00,0.0,0.002,0.007,0.126,0.0,0.019,0.0,0.078,0.043,0.015,0.093,0.068,0.277,0.028
2018-02-14 07:00:00,0.001,0.012,0.005,0.158,0.0,0.015,0.0,0.077,0.04,0.014,0.101,0.075,0.249,0.028
2018-02-14 08:00:00,0.0,0.016,0.004,0.167,0.0,0.031,0.0,0.076,0.022,0.013,0.106,0.07,0.285,0.024
2018-02-14 09:00:00,0.003,0.046,0.022,0.186,0.0,0.026,0.0,0.075,0.013,0.008,0.127,0.064,0.419,0.02
2018-02-14 10:00:00,0.0,0.06,0.038,0.172,0.0,0.026,0.0,0.046,0.008,0.004,0.158,0.067,0.384,0.013
2018-02-14 11:00:00,0.001,0.063,0.034,0.154,0.0,0.036,0.0,0.022,0.002,0.007,0.141,0.059,0.387,0.053
2018-02-14 12:00:00,0.007,0.065,0.036,0.134,0.0,0.081,0.0,0.004,0.0,0.015,0.137,0.073,0.262,0.022
2018-02-14 13:00:00,0.014,0.083,0.032,0.154,0.0,0.063,0.0,0.003,0.0,0.006,0.119,0.104,0.339,0.021
2018-02-14 14:00:00,0.017,0.091,0.017,0.235,0.0,0.04,0.0,0.005,0.004,0.003,0.106,0.125,0.357,0.076
2018-02-14 15:00:00,0.016,0.093,0.011,0.305,0.0,0.055,0.0,0.004,0.004,0.001,0.099,0.141,0.301,0.071
2018-02-14 16:00:00,0.011,0.094,0.011,0.303,0.001,0.052,0.0,0.004,0.003,0.001,0.103,0.118,0.239,0.098
2018-02-14 17:00:00,0.002,0.053,0.026,0.217,0.003,0.052,0.0,0.001,0.005,0.001,0.091,0.069,0.097,0.091
2018-02-14 18:00:00,0.005,0.068,0.023,0.278,0.004,0.078,0.0,0.003,0.001,0.007,0.08,0.051,0.101,0.072
2018-02-14 19:00:00,0.004,0.09,0.013,0.276,0.003,0.049,0.0,0.004,0.014,0.01,0.073,0.066,0.151,0.052
2018-02-14 20:00:00,0.009,0.028,0.034,0.286,0.003,0.046,0.0,0.017,0.001,0.012,0.091,0.048,0.135,0.06
2018-02-14 21:00:00,0.006,0.026,0.032,0.282,0.002,0.034,0.0,0.027,0.001,0.017,0.089,0.063,0.135,0.032
2018-02-14 22:00:00,0.004,0.019,0.007,0.234,0.001,0.05,0.0,0.031,0.012,0.019,0.106,0.063,0.135,0.027
2018-02-14 23:00:00,0.004,0.015,0.003,0.173,0.0,0.022,0.0,0.052,0.003,0.022,0.1,0.059,0.134,0.025
2018-02-15 00:00:00,0.001,0.007,0.004,0.185,0.001,0.019,0.0,0.06,0.013,0.022,0.084,0.059,0.135,0.024
2018-02-15 01:00:00,0.0,0.003,0.005,0.198,0.0,0.016,0.0,0.081,0.0,0.022,0.077,0.066,0.134,0.023
2018-02-15 02:00:00,0.0,0.002,0.006,0.167,0.0,0.03,0.0,0.078,0.0,0.022,0.06,0.071,0.145,0.023
2018-02-15 03:00:00,0.003,0.004,0.006,0.149,0.0,0.019,0.0,0.078,0.0,0.011,0.066,0.077,0.155,0.023
2018-02-15 04:00:00,0.0,0.003,0.011,0.146,0.0,0.024,0.0,0.075,0.0,0.01,0.071,0.077,0.146,0.029
2018-02-15 05:00:00,0.001,0.004,0.01,0.164,0.0,0.015,0.0,0.074,0.005,0.011,0.089,0.079,0.133,0.027
2018-02-15 06:00:00,0.003,0.003,0.018,0.133,0.0,0.046,0.0,0.075,0.029,0.012,0.092,0.063,0.134,0.033
2018-02-15 07:00:00,0.001,0.014,0.004,0.178,0.0,0.067,0.0,0.076,0.031,0.014,0.107,0.065,0.142,0.026
2018-02-15 08:00:00,0.001,0.018,0.004,0.181,0.0,0.016,0.0,0.076,0.025,0.012,0.097,0.063,0.309,0.047
2018-02-15 09:00:00,0.001,0.048,0.001,0.204,0.0,0.021,0.0,0.074,0.014,0.005,0.152,0.047,0.448,0.018
2018-02-15 10:00:00,0.017,0.066,0.071,0.19,0.0,0.042,0.0,0.024,0.004,0.0,0.166,0.06,0.513,0.012
2018-02-15 11:00:00,0.002,0.072,0.041,0.191,0.0,0.039,0.0,0.004,0.008,0.006,0.168,0.05,0.537,0.012
2018-02-15 12:00:00,0.02,0.072,0.036,0.18,0.0,0.069,0.0,0.0,0.0,0.015,0.184,0.051,0.565,0.012
2018-02-15 13:00:00,0.018,0.076,0.048,0.18,0.0,0.061,0.0,0.0,0.0,0.004,0.185,0.074,0.522,0.014
2018-02-15 14:00:00,0.017,0.085,0.044,0.292,0.0,0.023,0.001,0.001,0.001,0.0,0.152,0.097,0.498,0.018
2018-02-15 15:00:00,0.028,0.089,0.034,0.336,0.011,0.051,0.019,0.003,0.003,0.0,0.151,0.123,0.383,0.023
2018-02-15 16:00:00,0.022,0.089,0.039,0.43,0.002,0.066,0.061,0.005,0.006,0.002,0.19,0.129,0.335,0.02
2018-02-15 17:00:00,0.012,0.07,0.04,0.345,0.018,0.054,0.009,0.002,0.013,0.0,0.143,0.11,0.272,0.051
2018-02-15 18:00:00,0.066,0.045,0.02,0.4,0.012,0.079,0.003,0.001,0.014,0.0,0.161,0.109,0.225,0.031
2018-02-15 19:00:00,0.056,0.113,0.032,0.436,0.004,0.076,0.002,0.002,0.038,0.007,0.148,0.08,0.104,0.028
2018-02-15 20:00:00,0.025,0.04,0.042,0.445,0.004,0.052,0.001,0.005,0.002,0.023,0.127,0.087,0.117,0.02
2018-02-15 21:00:00,0.037,0.057,0.01,0.484,0.003,0.071,0.0,0.007,0.002,0.016,0.13,0.067,0.157,0.039
2018-02-15 22:00:00,0.01,0.027,0.0,0.448,0.002,0.043,0.0,0.007,0.002,0.019,0.124,0.097,0.125,0.028
2018-02-15 23:00:00,0.002,0.022,0.0,0.273,0.001,0.028,0.0,0.006,0.001,0.02,0.105,0.072,0.148,0.019
2018-02-16 00:00:00,0.003,0.013,0.0,0.217,0.001,0.018,0.0,0.015,0.021,0.021,0.089,0.083,0.123,0.018
2018-02-16 01:00:00,0.0,0.006,0.0,0.199,0.002,0.03,0.0,0.073,0.009,0.019,0.084,0.056,0.124,0.018
2018-02-16 02:00:00,0.0,0.003,0.0,0.187,0.001,0.023,0.0,0.058,0.003,0.008,0.064,0.054,0.148,0.013
2018-02-16 03:00:00,0.003,0.007,0.0,0.163,0.001,0.015,0.0,0.057,0.001,0.003,0.064,0.06,0.121,0.011
2018-02-16 04:00:00,0.0,0.011,0.003,0.165,0.0,0.015,0.0,0.05,0.001,0.002,0.065,0.059,0.118,0.017
2018-02-16 05:00:00,0.001,0.009,0.041,0.179,0.0,0.019,0.0,0.05,0.001,0.003,0.091,0.055,0.584,0.013
2018-02-16 06:00:00,0.021,0.012,0.065,0.132,0.0,0.029,0.0,0.047,0.007,0.001,0.085,0.042,0.449,0.011
2018-02-16 07:00:00,0.022,0.019,0.034,0.213,0.001,0.04,0.002,0.046,0.018,0.002,0.094,0.054,0.227,0.013
2018-02-16 08:00:00,0.009,0.055,0.01,0.182,0.006,0.137,0.033,0.038,0.0,0.001,0.096,0.042,0.188,0.045
2018-02-16 09:00:00,0.016,0.077,0.002,0.194,0.011,0.085,0.01,0.041,0.008,0.0,0.121,0.043,0.292,0.011
2018-02-16 10:00:00,0.011,0.069,0.021,0.197,0.034,0.027,0.008,0.01,0.005,0.0,0.145,0.081,0.361,0.067
2018-02-16 11:00:00,0.018,0.077,0.072,0.192,0.004,0.046,0.008,0.0,0.02,0.004,0.166,0.05,0.383,0.049
2018-02-16 12:00:00,0.025,0.072,0.025,0.183,0.0,0.065,0.013,0.001,0.002,0.016,0.147,0.059,0.385,0.027
2018-02-16 13:00:00,0.027,0.073,0.013,0.183,0.0,0.05,0.0,0.0,0.0,0.009,0.139,0.066,0.397,0.071
2018-02-16 14:00:00,0.015,0.072,0.0,0.234,0.0,0.036,0.0,0.0,0.003,0.005,0.11,0.079,0.301,0.041
2018-02-16 15:00:00,0.009,0.07,0.003,0.245,0.0,0.06,0.0,0.002,0.0,0.005,0.096,0.075,0.151,0.065
2018-02-16 16:00:00,0.001,0.075,0.002,0.239,0.001,0.044,0.0,0.007,0.0,0.011,0.096,0.083,0.175,0.01
2018-02-16 17:00:00,0.0,0.037,0.01,0.223,0.002,0.043,0.0,0.026,0.007,0.024,0.086,0.079,0.147,0.02
2018-02-16 18:00:00,0.005,0.025,0.015,0.252,0.043,0.043,0.0,0.035,0.009,0.02,0.077,0.072,0.104,0.03
2018-02-16 19:00:00,0.0,0.028,0.009,0.27,0.002,0.064,0.0,0.043,0.041,0.022,0.069,0.069,0.12,0.022
2018-02-16 20:00:00,0.003,0.025,0.013,0.285,0.002,0.079,0.006,0.062,0.035,0.023,0.084,0.078,0.126,0.033
2018-02-16 21:00:00,0.009,0.021,0.029,0.305,0.001,0.04,0.0,0.073,0.014,0.024,0.077,0.085,0.134,0.019
2018-02-16 22:00:00,0.013,0.018,0.007,0.24,0.0,0.055,0.0,0.081,0.02,0.024,0.093,0.086,0.131,0.032
2018-02-16 23:00:00,0.004,0.024,0.008,0.197,0.0,0.034,0.0,0.088,0.021,0.025,0.094,0.087,0.13,0.023
2018-02-17 00:00:00,0.0,0.005,0.009,0.218,0.0,0.051,0.0,0.088,0.035,0.025,0.071,0.085,0.156,0.022
2018-02-17 01:00:00,0.0,0.001,0.01,0.206,0.0,0.033,0.0,0.087,0.025,0.024,0.06,0.085,0.163,0.024
2018-02-17 02:00:00,0.0,0.001,0.011,0.202,0.0,0.037,0.0,0.087,0.026,0.024,0.052,0.085,0.136,0.025
2018-02-17 03:00:00,0.002,0.001,0.013,0.179,0.0,0.038,0.0,0.088,0.027,0.024,0.063,0.085,0.131,0.027
2018-02-17 04:00:00,0.0,0.001,0.019,0.178,0.0,0.037,0.0,0.088,0.022,0.023,0.067,0.085,0.136,0.031
2018-02-17 05:00:00,0.001,0.004,0.021,0.178,0.0,0.037,0.0,0.089,0.034,0.024,0.084,0.087,0.137,0.032
2018-02-17 06:00:00,0.0,0.003,0.021,0.191,0.0,0.037,0.0,0.089,0.048,0.023,0.07,0.086,0.164,0.03
2018-02-17 07:00:00,0.001,0.012,0.025,0.218,0.0,0.04,0.0,0.088,0.051,0.023,0.076,0.085,0.139,0.031
2018-02-17 08:00:00,0.019,0.016,0.032,0.208,0.0,0.036,0.0,0.088,0.048,0.022,0.078,0.085,0.141,0.045
2018-02-17 09:00:00,0.001,0.045,0.023,0.208,0.01,0.046,0.0,0.086,0.032,0.018,0.107,0.112,0.168,0.044
2018-02-17 10:00:00,0.0,0.062,0.031,0.203,0.0,0.048,0.0,0.077,0.014,0.009,0.111,0.079,0.142,0.037
2018-02-17 11:00:00,0.0,0.069,0.046,0.183,0.0,0.086,0.0,0.05,0.002,0.012,0.153,0.091,0.193,0.033
2018-02-17 12:00:00,0.0,0.068,0.044,0.162,0.0,0.098,0.0,0.032,0.0,0.018,0.166,0.116,0.137,0.013
2018-02-17 13:00:00,0.0,0.07,0.041,0.204,0.0,0.031,0.0,0.023,0.0,0.018,0.132,0.112,0.122,0.018
2018-02-17 14:00:00,0.0,0.069,0.022,0.118,0.0,0.02,0.0,0.014,0.0,0.016,0.104,0.055,0.108,0.019
2018-02-17 15:00:00,0.0,0.069,0.018,0.131,0.0,0.035,0.0,0.01,0.0,0.015,0.087,0.045,0.192,0.016
2018-02-17 16:00:00,0.0,0.066,0.017,0.163,0.003,0.029,0.0,0.023,0.0,0.018,0.082,0.054,0.121,0.071
2018-02-17 17:00:00,0.0,0.039,0.015,0.187,0.005,0.026,0.0,0.039,0.006,0.02,0.068,0.077,0.183,0.091
2018-02-17 18:00:00,0.005,0.029,0.017,0.209,0.011,0.033,0.0,0.047,0.011,0.02,0.058,0.087,0.167,0.072
2018-02-17 19:00:00,0.0,0.027,0.012,0.254,0.01,0.045,0.0,0.057,0.019,0.021,0.057,0.084,0.132,0.06
2018-02-17 20:00:00,0.001,0.025,0.012,0.245,0.005,0.05,0.0,0.059,0.019,0.021,0.083,0.089,0.306,0.028
2018-02-17 21:00:00,0.013,0.042,0.005,0.267,0.002,0.026,0.0,0.062,0.004,0.022,0.071,0.094,0.367,0.039
2018-02-17 22:00:00,0.016,0.034,0.005,0.27,0.003,0.03,0.0,0.063,0.004,0.022,0.067,0.083,0.388,0.027
2018-02-17 23:00:00,0.011,0.019,0.006,0.199,0.019,0.048,0.0,0.066,0.005,0.023,0.06,0.084,0.362,0.025
2018-02-18 00:00:00,0.0,0.007,0.006,0.18,0.015,0.027,0.0,0.068,0.022,0.022,0.054,0.081,0.331,0.023
2018-02-18 01:00:00,0.0,0.003,0.006,0.174,0.012,0.021,0.0,0.087,0.01,0.022,0.056,0.08,0.313,0.023
2018-02-18 02:00:00,0.0,0.005,0.006,0.152,0.01,0.031,0.0,0.082,0.009,0.02,0.046,0.08,0.324,0.02
2018-02-18 03:00:00,0.002,0.004,0.006,0.143,0.0,0.024,0.0,0.082,0.009,0.007,0.062,0.08,0.32,0.019
2018-02-18 04:00:00,0.0,0.004,0.011,0.134,0.0,0.019,0.0,0.081,0.01,0.005,0.063,0.08,0.292,0.021
2018-02-18 05:00:00,0.001,0.005,0.011,0.134,0.0,0.02,0.0,0.079,0.01,0.007,0.075,0.078,0.217,0.021
2018-02-18 06:00:00,0.0,0.001,0.011,0.14,0.0,0.019,0.0,0.078,0.03,0.007,0.07,0.052,0.172,0.02
2018-02-18 07:00:00,0.001,0.011,0.029,0.151,0.0,0.018,0.0,0.079,0.03,0.009,0.075,0.054,0.134,0.026
2018-02-18 08:00:00,0.0,0.015,0.019,0.14,0.01,0.018,0.01,0.078,0.024,0.007,0.07,0.063,0.147,0.017
2018-02-18 09:00:00,0.0,0.045,0.032,0.136,0.01,0.018,0.0,0.077,0.017,0.003,0.086,0.058,0.279,0.039
2018-02-18 10:00:00,0.0,0.07,0.033,0.137,0.0,0.013,0.0,0.024,0.011,0.001,0.106,0.055,0.203,0.017
2018-02-18 11:00:00,0.0,0.069,0.07,0.122,0.0,0.034,0.0,0.001,0.006,0.008,0.093,0.05,0.219,0.022
2018-02-18 12:00:00,0.0,0.072,0.064,0.142,0.0,0.015,0.0,0.0,0.001,0.016,0.108,0.046,0.12,0.059
2018-02-18 13:00:00,0.0,0.07,0.034,0.131,0.0,0.052,0.0,0.002,0.0,0.018,0.098,0.043,0.143,0.027
2018-02-18 14:00:00,0.0,0.07,0.022,0.108,0.0,0.048,0.0,0.005,0.0,0.017,0.111,0.044,0.144,0.028
2018-02-18 15:00:00,0.0,0.067,0.029,0.108,0.0,0.016,0.0,0.007,0.001,0.027,0.128,0.043,0.109,0.012
2018-02-18 16:00:00,0.0,0.064,0.036,0.118,0.0,0.01,0.0,0.009,0.001,0.017,0.086,0.047,0.127,0.04
2018-02-18 17:00:00,0.0,0.033,0.014,0.159,0.0,0.016,0.0,0.022,0.01,0.018,0.065,0.054,0.116,0.052
2018-02-18 18:00:00,0.02,0.018,0.016,0.174,0.0,0.034,0.0,0.039,0.007,0.019,0.049,0.057,0.135,0.055
2018-02-18 19:00:00,0.012,0.018,0.008,0.177,0.0,0.051,0.0,0.05,0.037,0.02,0.056,0.059,0.279,0.05
2018-02-18 20:00:00,0.019,0.023,0.009,0.223,0.0,0.043,0.0,0.063,0.021,0.021,0.064,0.065,0.15,0.048
2018-02-18 21:00:00,0.016,0.017,0.011,0.286,0.0,0.054,0.0,0.081,0.006,0.021,0.056,0.077,0.133,0.043
2018-02-18 22:00:00,0.007,0.013,0.01,0.234,0.0,0.038,0.0,0.084,0.004,0.022,0.062,0.08,0.134,0.029
2018-02-18 23:00:00,0.001,0.008,0.011,0.197,0.0,0.043,0.0,0.086,0.008,0.023,0.065,0.082,0.16,0.03
2018-02-19 00:00:00,0.0,0.003,0.011,0.177,0.0,0.019,0.0,0.087,0.025,0.023,0.072,0.08,0.142,0.029
2018-02-19 01:00:00,0.0,0.001,0.012,0.166,0.0,0.021,0.0,0.087,0.013,0.023,0.079,0.079,0.148,0.028
2018-02-19 02:00:00,0.0,0.001,0.012,0.159,0.0,0.032,0.0,0.086,0.013,0.023,0.07,0.079,0.143,0.028
2018-02-19 03:00:00,0.002,0.001,0.012,0.146,0.0,0.039,0.0,0.086,0.012,0.022,0.082,0.079,0.161,0.028
2018-02-19 04:00:00,0.0,0.001,0.018,0.143,0.0,0.026,0.0,0.085,0.012,0.022,0.085,0.079,0.14,0.032
2018-02-19 05:00:00,0.0,0.001,0.019,0.127,0.0,0.025,0.0,0.086,0.014,0.022,0.095,0.077,0.143,0.03
2018-02-19 06:00:00,0.007,0.001,0.012,0.11,0.0,0.023,0.0,0.085,0.038,0.021,0.094,0.054,0.145,0.041
2018-02-19 07:00:00,0.0,0.012,0.022,0.147,0.0,0.043,0.0,0.085,0.031,0.022,0.104,0.062,0.159,0.04
2018-02-19 08:00:00,0.0,0.033,0.03,0.184,0.006,0.034,0.0,0.084,0.018,0.018,0.113,0.061,0.23,0.054
2018-02-19 09:00:00,0.001,0.049,0.02,0.146,0.009,0.017,0.0,0.081,0.009,0.007,0.127,0.057,0.479,0.053
2018-02-19 10:00:00,0.002,0.071,0.053,0.156,0.026,0.027,0.0,0.043,0.002,0.0,0.154,0.061,0.485,0.039
2018-02-19 11:00:00,0.006,0.078,0.079,0.158,0.0,0.04,0.0,0.01,0.002,0.005,0.158,0.082,0.491,0.04
2018-02-19 12:00:00,0.011,0.089,0.09,0.145,0.001,0.051,0.0,0.008,0.001,0.03,0.179,0.13,0.469,0.024
2018-02-19 13:00:00,0.014,0.086,0.084,0.146,0.003,0.046,0.0,0.012,0.004,0.066,0.163,0.181,0.435,0.017
2018-02-19 14:00:00,0.014,0.127,0.072,0.233,0.002,0.022,0.0,0.017,0.019,0.008,0.126,0.141,0.424,0.026
2018-02-19 15:00:00,0.02,0.098,0.029,0.233,0.001,0.033,0.0,0.002,0.0,0.004,0.107,0.106,0.321,0.016
2018-02-19 16:00:00,0.008,0.077,0.025,0.231,0.002,0.039,0.0,0.0,0.0,0.0,0.099,0.073,0.281,0.017
2018-02-19 17:00:00,0.005,0.039,0.017,0.218,0.004,0.041,0.0,0.002,0.004,0.003,0.09,0.071,0.31,0.033
2018-02-19 18:00:00,0.02,0.028,0.016,0.227,0.004,0.04,0.0,0.006,0.005,0.007,0.09,0.053,0.353,0.041
2018-02-19 19:00:00,0.02,0.031,0.012,0.254,0.005,0.055,0.0,0.013,0.028,0.01,0.077,0.043,0.405,0.029
2018-02-19 20:00:00,0.015,0.031,0.021,0.263,0.004,0.059,0.0,0.035,0.007,0.014,0.093,0.053,0.397,0.072
2018-02-19 21:00:00,0.006,0.028,0.007,0.271,0.003,0.055,0.0,0.041,0.001,0.036,0.089,0.089,0.4,0.04
2018-02-19 22:00:00,0.004,0.021,0.007,0.275,0.002,0.033,0.0,0.044,0.001,0.025,0.127,0.072,0.342,0.027
2018-02-19 23:00:00,0.0,0.017,0.002,0.199,0.001,0.026,0.007,0.042,0.001,0.022,0.102,0.07,0.341,0.029
2018-02-20 00:00:00,0.0,0.008,0.001,0.187,0.001,0.017,0.011,0.045,0.015,0.022,0.082,0.064,0.342,0.026
2018-02-20 01:00:00,0.0,0.004,0.002,0.178,0.002,0.018,0.0,0.087,0.0,0.022,0.094,0.061,0.307,0.019
2018-02-20 02:00:00,0.0,0.002,0.002,0.174,0.001,0.024,0.0,0.078,0.0,0.014,0.073,0.059,0.227,0.013
2018-02-20 03:00:00,0.003,0.006,0.001,0.16,0.001,0.026,0.0,0.073,0.0,0.004,0.074,0.063,0.244,0.012
2018-02-20 04:00:00,0.0,0.006,0.009,0.174,0.0,0.031,0.0,0.069,0.002,0.002,0.077,0.062,0.213,0.02
2018-02-20 05:00:00,0.018,0.008,0.008,0.215,0.0,0.047,0.005,0.076,0.0,0.002,0.106,0.064,0.734,0.03
2018-02-20 06:00:00,0.008,0.008,0.002,0.238,0.0,0.02,0.0,0.079,0.036,0.001,0.125,0.045,0.547,0.015
2018-02-20 07:00:00,0.001,0.032,0.001,0.252,0.0,0.047,0.0,0.072,0.011,0.001,0.132,0.056,0.302,0.012
2018-02-20 08:00:00,0.012,0.026,0.013,0.246,0.004,0.079,0.0,0.064,0.006,0.001,0.102,0.069,0.303,0.015
2018-02-20 09:00:00,0.004,0.066,0.04,0.253,0.013,0.093,0.0,0.054,0.021,0.0,0.143,0.043,0.461,0.034
2018-02-20 10:00:00,0.01,0.097,0.035,0.233,0.0,0.062,0.004,0.011,0.004,0.0,0.156,0.058,0.548,0.032
2018-02-20 11:00:00,0.019,0.132,0.054,0.286,0.007,0.086,0.008,0.001,0.028,0.003,0.212,0.091,0.646,0.064
2018-02-20 12:00:00,0.036,0.213,0.044,0.236,0.0,0.066,0.01,0.005,0.016,0.008,0.229,0.091,0.686,0.035
2018-02-20 13:00:00,0.021,0.314,0.04,0.278,0.0,0.083,0.01,0.001,0.004,0.004,0.272,0.165,0.77,0.062
2018-02-20 14:00:00,0.026,0.326,0.031,0.383,0.0,0.032,0.011,0.002,0.024,0.0,0.239,0.237,0.811,0.036
2018-02-20 15:00:00,0.037,0.268,0.027,0.5,0.001,0.044,0.009,0.002,0.007,0.0,0.17,0.194,1.033,0.034
2018-02-20 16:00:00,0.04,0.273,0.022,0.509,0.003,0.066,0.008,0.01,0.006,0.0,0.304,0.192,1.153,0.028
2018-02-20 17:00:00,0.037,0.38,0.026,0.552,0.005,0.059,0.0,0.004,0.027,0.003,0.212,0.167,0.628,0.049
2018-02-20 18:00:00,0.054,0.184,0.024,0.676,0.007,0.084,0.0,0.0,0.031,0.021,0.139,0.124,0.179,0.048
2018-02-20 19:00:00,0.05,0.13,0.021,0.721,0.013,0.116,0.0,0.002,0.074,0.027,0.101,0.092,0.128,0.05
2018-02-20 20:00:00,0.068,0.096,0.064,0.827,0.051,0.147,0.0,0.006,0.021,0.023,0.117,0.12,0.144,0.06
2018-02-20 21:00:00,0.09,0.08,0.026,0.844,0.013,0.149,0.0,0.013,0.024,0.021,0.125,0.12,0.161,0.047
2018-02-20 22:00:00,0.063,0.047,0.008,0.681,0.003,0.155,0.0,0.023,0.023,0.024,0.131,0.063,0.127,0.032
2018-02-20 23:00:00,0.041,0.037,0.003,0.588,0.001,0.113,0.0,0.026,0.023,0.024,0.151,0.06,0.138,0.02
2018-02-21 00:00:00,0.028,0.026,0.0,0.502,0.002,0.049,0.0,0.027,0.037,0.024,0.11,0.051,0.185,0.026
2018-02-21 01:00:00,0.017,0.034,0.0,0.403,0.002,0.037,0.0,0.088,0.03,0.023,0.087,0.044,0.138,0.019
2018-02-21 02:00:00,0.015,0.008,0.0,0.374,0.002,0.043,0.0,0.069,0.016,0.012,0.079,0.039,0.148,0.013
2018-02-21 03:00:00,0.02,0.012,0.0,0.356,0.006,0.052,0.0,0.066,0.013,0.003,0.066,0.055,0.171,0.014
2018-02-21 04:00:00,0.045,0.013,0.005,0.386,0.014,0.042,0.0,0.064,0.017,0.002,0.067,0.057,0.138,0.027
2018-02-21 05:00:00,0.02,0.023,0.002,0.499,0.0,0.108,0.0,0.326,0.019,0.004,0.09,0.069,0.155,0.045
2018-02-21 06:00:00,0.087,0.024,0.059,0.868,0.0,0.236,0.0,0.346,0.027,0.017,0.092,0.063,0.263,0.03
2018-02-21 07:00:00,0.051,0.051,0.035,0.893,0.002,0.237,0.018,0.212,0.032,0.002,0.12,0.179,0.315,0.052
2018-02-21 08:00:00,0.1,0.072,0.071,1.169,0.0,0.282,0.009,0.131,0.03,0.002,0.141,0.219,0.282,0.018
2018-02-21 09:00:00,0.139,0.097,0.16,1.621,0.018,0.361,0.013,0.451,0.047,0.04,0.269,0.507,0.398,0.097
2018-02-21 10:00:00,0.351,0.231,0.354,3.176,0.047,0.583,0.023,0.688,0.161,0.167,0.812,0.906,0.57,0.076
2018-02-21 11:00:00,0.59,0.619,0.494,4.941,0.072,0.898,0.061,0.778,0.554,0.406,2.083,1.687,0.687,0.09
2018-02-21 12:00:00,0.66,1.334,0.625,5.73,0.138,0.939,0.047,0.914,1.245,0.787,3.248,2.74,0.893,0.116
2018-02-21 13:00:00,0.481,2.422,0.485,3.953,0.164,0.617,0.064,0.649,1.415,0.622,3.788,3.035,1.924,0.217
2018-02-21 14:00:00,0.415,2.571,0.312,2.827,0.14,0.452,0.039,0.187,0.916,0.238,3.589,2.207,3.261,0.298
2018-02-21 15:00:00,0.162,1.887,0.149,1.337,0.065,0.243,0.022,0.026,0.376,0.039,1.936,1.151,2.878,0.278
2018-02-21 16:00:00,0.044,0.617,0.091,0.547,0.062,0.162,0.023,0.035,0.031,0.037,0.633,0.417,2.054,0.187
2018-02-21 17:00:00,0.008,0.314,0.059,0.457,0.06,0.076,0.002,0.05,0.079,0.015,0.314,0.312,1.729,0.221
2018-02-21 18:00:00,0.029,0.272,0.072,0.519,0.015,0.065,0.005,0.003,0.046,0.001,0.257,0.134,1.082,0.212
2018-02-21 19:00:00,0.035,0.142,0.052,0.456,0.022,0.074,0.002,0.002,0.051,0.002,0.161,0.073,1.113,0.171
2018-02-21 20:00:00,0.054,0.163,0.053,0.356,0.01,0.081,0.0,0.005,0.034,0.008,0.142,0.057,0.508,0.185
2018-02-21 21:00:00,0.043,0.1,0.015,0.357,0.007,0.084,0.0,0.026,0.043,0.022,0.125,0.079,0.294,0.117
2018-02-21 22:00:00,0.038,0.04,0.005,0.34,0.026,0.071,0.0,0.03,0.033,0.028,0.118,0.085,0.241,0.099
2018-02-21 23:00:00,0.011,0.044,0.016,0.293,0.036,0.038,0.0,0.042,0.009,0.026,0.127,0.089,0.149,0.079
2018-02-22 00:00:00,0.005,0.014,0.003,0.233,0.001,0.034,0.0,0.052,0.026,0.026,0.083,0.082,0.112,0.04
2018-02-22 01:00:00,0.0,0.005,0.003,0.218,0.002,0.038,0.0,0.099,0.006,0.026,0.082,0.086,0.115,0.017
2018-02-22 02:00:00,0.0,0.003,0.005,0.21,0.001,0.042,0.0,0.09,0.0,0.026,0.064,0.091,0.173,0.01
2018-02-22 03:00:00,0.003,0.006,0.004,0.184,0.001,0.043,0.0,0.09,0.001,0.008,0.078,0.088,0.168,0.012
2018-02-22 04:00:00,0.0,0.007,0.011,0.171,0.0,0.04,0.0,0.088,0.009,0.006,0.085,0.089,0.125,0.025
2018-02-22 05:00:00,0.001,0.008,0.01,0.171,0.01,0.055,0.0,0.089,0.008,0.011,0.104,0.09,0.383,0.019
2018-02-22 06:00:00,0.0,0.007,0.038,0.147,0.004,0.048,0.0,0.088,0.036,0.014,0.111,0.062,0.364,0.033
2018-02-22 07:00:00,0.001,0.018,0.028,0.189,0.009,0.027,0.0,0.088,0.038,0.013,0.117,0.054,0.162,0.034
2018-02-22 08:00:00,0.027,0.02,0.028,0.214,0.0,0.055,0.007,0.088,0.025,0.01,0.124,0.071,0.2,0.014
2018-02-22 09:00:00,0.015,0.061,0.029,0.207,0.0,0.019,0.007,0.088,0.017,0.01,0.177,0.069,0.174,0.012
2018-02-22 10:00:00,0.0,0.094,0.02,0.234,0.0,0.046,0.007,0.051,0.014,0.009,0.197,0.073,0.158,0.033
2018-02-22 11:00:00,0.001,0.064,0.046,0.259,0.0,0.032,0.003,0.037,0.012,0.017,0.174,0.066,0.157,0.018
2018-02-22 12:00:00,0.0,0.065,0.042,0.204,0.0,0.024,0.0,0.03,0.0,0.021,0.157,0.072,0.188,0.03
2018-02-22 13:00:00,0.0,0.065,0.018,0.186,0.0,0.027,0.0,0.03,0.0,0.017,0.141,0.082,0.194,0.027
2018-02-22 14:00:00,0.005,0.064,0.006,0.237,0.0,0.027,0.0,0.027,0.004,0.016,0.12,0.089,0.349,0.026
2018-02-22 15:00:00,0.008,0.065,0.002,0.249,0.0,0.034,0.007,0.032,0.001,0.015,0.112,0.088,0.323,0.022
2018-02-22 16:00:00,0.016,0.063,0.004,0.249,0.001,0.025,0.0,0.032,0.001,0.018,0.113,0.092,0.345,0.024
2018-02-22 17:00:00,0.0,0.034,0.011,0.234,0.003,0.035,0.0,0.038,0.013,0.019,0.139,0.085,0.284,0.035
2018-02-22 18:00:00,0.005,0.022,0.026,0.26,0.017,0.028,0.0,0.047,0.02,0.024,0.089,0.077,0.319,0.03
2018-02-22 19:00:00,0.0,0.025,0.046,0.273,0.003,0.033,0.0,0.064,0.055,0.023,0.085,0.071,0.142,0.048
2018-02-22 20:00:00,0.0,0.038,0.039,0.286,0.01,0.033,0.0,0.082,0.036,0.024,0.099,0.075,0.151,0.044
2018-02-22 21:00:00,0.0,0.021,0.028,0.301,0.014,0.039,0.0,0.095,0.018,0.024,0.082,0.088,0.152,0.066
2018-02-22 22:00:00,0.0,0.016,0.017,0.259,0.003,0.047,0.0,0.096,0.022,0.024,0.102,0.088,0.15,0.047
2018-02-22 23:00:00,0.0,0.012,0.033,0.198,0.0,0.044,0.0,0.095,0.027,0.025,0.092,0.089,0.156,0.039
2018-02-23 00:00:00,0.0,0.006,0.012,0.206,0.001,0.049,0.0,0.095,0.044,0.025,0.095,0.088,0.147,0.031
2018-02-23 01:00:00,0.0,0.002,0.012,0.194,0.0,0.034,0.0,0.094,0.032,0.024,0.09,0.088,0.146,0.029
2018-02-23 02:00:00,0.0,0.002,0.012,0.185,0.0,0.037,0.0,0.093,0.031,0.024,0.084,0.087,0.176,0.029
2018-02-23 03:00:00,0.002,0.002,0.013,0.184,0.0,0.038,0.0,0.093,0.032,0.023,0.091,0.087,0.154,0.03
2018-02-23 04:00:00,0.0,0.002,0.019,0.182,0.0,0.036,0.0,0.09,0.035,0.023,0.092,0.086,0.144,0.036
2018-02-23 05:00:00,0.017,0.002,0.02,0.176,0.0,0.051,0.0,0.092,0.034,0.024,0.107,0.086,0.189,0.033
2018-02-23 06:00:00,0.0,0.001,0.012,0.173,0.0,0.037,0.002,0.091,0.053,0.022,0.103,0.086,0.166,0.042
2018-02-23 07:00:00,0.0,0.012,0.011,0.213,0.0,0.049,0.0,0.09,0.05,0.021,0.109,0.087,0.152,0.031
2018-02-23 08:00:00,0.001,0.016,0.009,0.202,0.0,0.026,0.0,0.089,0.043,0.018,0.113,0.088,0.23,0.03
2018-02-23 09:00:00,0.001,0.049,0.009,0.198,0.0,0.024,0.0,0.087,0.023,0.012,0.137,0.082,0.465,0.036
2018-02-23 10:00:00,0.0,0.066,0.005,0.211,0.0,0.026,0.0,0.069,0.024,0.009,0.157,0.077,0.536,0.037
2018-02-23 11:00:00,0.0,0.067,0.002,0.178,0.0,0.017,0.0,0.049,0.022,0.014,0.151,0.071,0.381,0.015
2018-02-23 12:00:00,0.0,0.064,0.0,0.149,0.0,0.017,0.0,0.035,0.015,0.019,0.151,0.073,0.207,0.015
2018-02-23 13:00:00,0.0,0.065,0.0,0.15,0.0,0.018,0.0,0.037,0.014,0.017,0.138,0.085,0.31,0.018
2018-02-23 14:00:00,0.0,0.065,0.004,0.21,0.0,0.02,0.0,0.041,0.017,0.016,0.118,0.09,0.301,0.02
2018-02-23 15:00:00,0.0,0.088,0.006,0.221,0.0,0.026,0.0,0.036,0.021,0.028,0.105,0.09,0.221,0.018
2018-02-23 16:00:00,0.0,0.067,0.012,0.221,0.001,0.024,0.0,0.039,0.015,0.015,0.105,0.091,0.29,0.036
2018-02-23 17:00:00,0.0,0.035,0.016,0.204,0.002,0.026,0.0,0.044,0.022,0.016,0.089,0.087,0.238,0.031
2018-02-23 18:00:00,0.005,0.024,0.019,0.228,0.003,0.032,0.0,0.038,0.029,0.016,0.074,0.081,0.317,0.039
2018-02-23 19:00:00,0.0,0.028,0.02,0.248,0.012,0.031,0.0,0.044,0.042,0.017,0.068,0.069,0.202,0.037
2018-02-23 20:00:00,0.0,0.045,0.022,0.285,0.006,0.062,0.0,0.042,0.025,0.017,0.084,0.07,0.138,0.046
2018-02-23 21:00:00,0.002,0.026,0.043,0.274,0.002,0.085,0.0,0.05,0.007,0.021,0.086,0.073,0.138,0.04
2018-02-23 22:00:00,0.017,0.019,0.02,0.26,0.001,0.056,0.0,0.043,0.001,0.022,0.122,0.078,0.299,0.044
2018-02-23 23:00:00,0.0,0.016,0.018,0.17,0.0,0.053,0.0,0.039,0.001,0.022,0.092,0.075,0.336,0.024
2018-02-24 00:00:00,0.003,0.008,0.001,0.184,0.001,0.017,0.0,0.038,0.012,0.022,0.066,0.07,0.261,0.02
2018-02-24 01:00:00,0.0,0.003,0.002,0.174,0.001,0.016,0.0,0.086,0.001,0.021,0.054,0.065,0.203,0.021
2018-02-24 02:00:00,0.0,0.002,0.001,0.166,0.001,0.026,0.0,0.073,0.0,0.011,0.039,0.061,0.173,0.016
2018-02-24 03:00:00,0.003,0.002,0.001,0.134,0.0,0.018,0.0,0.069,0.0,0.003,0.046,0.074,0.132,0.015
2018-02-24 04:00:00,0.0,0.002,0.006,0.132,0.0,0.013,0.0,0.062,0.001,0.002,0.046,0.062,0.134,0.016
2018-02-24 05:00:00,0.001,0.005,0.007,0.145,0.0,0.013,0.0,0.062,0.0,0.003,0.065,0.064,0.132,0.015
2018-02-24 06:00:00,0.008,0.006,0.006,0.136,0.0,0.007,0.0,0.06,0.009,0.002,0.074,0.042,0.133,0.018
2018-02-24 07:00:00,0.025,0.016,0.005,0.158,0.0,0.02,0.0,0.06,0.009,0.002,0.068,0.045,0.136,0.008
2018-02-24 08:00:00,0.018,0.021,0.053,0.157,0.025,0.061,0.0,0.054,0.003,0.001,0.067,0.052,0.214,0.041
2018-02-24 09:00:00,0.019,0.05,0.023,0.309,0.0,0.058,0.0,0.043,0.002,0.0,0.093,0.049,0.42,0.087
2018-02-24 10:00:00,0.02,0.107,0.027,0.169,0.0,0.041,0.0,0.009,0.0,0.022,0.101,0.051,0.536,0.125
2018-02-24 11:00:00,0.001,0.098,0.028,0.165,0.0,0.053,0.0,0.0,0.0,0.003,0.142,0.072,0.444,0.111
2018-02-24 12:00:00,0.004,0.12,0.024,0.126,0.013,0.025,0.0,0.0,0.0,0.016,0.143,0.04,0.173,0.174
2018-02-24 13:00:00,0.012,0.13,0.033,0.129,0.009,0.018,0.0,0.0,0.0,0.019,0.14,0.037,0.151,0.215
2018-02-24 14:00:00,0.0,0.102,0.033,0.144,0.0,0.026,0.0,0.0,0.0,0.016,0.109,0.047,0.165,0.252
2018-02-24 15:00:00,0.0,0.104,0.024,0.192,0.0,0.033,0.0,0.0,0.0,0.016,0.095,0.057,0.219,0.116
2018-02-24 16:00:00,0.0,0.076,0.012,0.196,0.003,0.021,0.0,0.0,0.0,0.017,0.092,0.048,0.275,0.14
2018-02-24 17:00:00,0.001,0.055,0.018,0.227,0.006,0.017,0.0,0.012,0.006,0.02,0.076,0.057,0.188,0.094
2018-02-24 18:00:00,0.007,0.061,0.04,0.237,0.007,0.046,0.0,0.027,0.004,0.022,0.108,0.068,0.184,0.085
2018-02-24 19:00:00,0.007,0.057,0.036,0.252,0.006,0.024,0.0,0.046,0.059,0.022,0.124,0.075,0.121,0.077
2018-02-24 20:00:00,0.01,0.034,0.015,0.264,0.011,0.034,0.008,0.061,0.034,0.024,0.125,0.094,0.194,0.068
2018-02-24 21:00:00,0.008,0.031,0.013,0.309,0.009,0.027,0.007,0.074,0.007,0.025,0.082,0.099,0.195,0.06
2018-02-24 22:00:00,0.037,0.047,0.015,0.316,0.004,0.038,0.0,0.079,0.007,0.025,0.074,0.088,0.145,0.062
2018-02-24 23:00:00,0.004,0.024,0.009,0.242,0.005,0.022,0.008,0.081,0.014,0.025,0.068,0.09,0.152,0.035
2018-02-25 00:00:00,0.0,0.008,0.01,0.217,0.001,0.025,0.0,0.088,0.034,0.025,0.059,0.086,0.164,0.034
2018-02-25 01:00:00,0.0,0.004,0.009,0.204,0.001,0.026,0.0,0.097,0.018,0.024,0.064,0.085,0.141,0.028
2018-02-25 02:00:00,0.0,0.005,0.009,0.176,0.0,0.034,0.0,0.09,0.018,0.024,0.053,0.085,0.151,0.025
2018-02-25 03:00:00,0.003,0.004,0.009,0.158,0.0,0.03,0.0,0.089,0.018,0.01,0.067,0.084,0.139,0.024
2018-02-25 04:00:00,0.0,0.004,0.014,0.155,0.0,0.026,0.0,0.088,0.02,0.01,0.067,0.084,0.14,0.026
2018-02-25 05:00:00,0.0,0.005,0.014,0.158,0.0,0.025,0.0,0.088,0.016,0.011,0.079,0.084,0.136,0.025
2018-02-25 06:00:00,0.017,0.002,0.044,0.147,0.0,0.024,0.0,0.086,0.034,0.009,0.074,0.063,0.16,0.023
2018-02-25 07:00:00,0.0,0.012,0.039,0.166,0.0,0.033,0.0,0.085,0.025,0.008,0.08,0.067,0.263,0.021
2018-02-25 08:00:00,0.0,0.016,0.022,0.179,0.0,0.013,0.0,0.084,0.026,0.009,0.079,0.072,0.329,0.024
2018-02-25 09:00:00,0.0,0.046,0.031,0.206,0.0,0.033,0.0,0.084,0.034,0.006,0.098,0.075,0.292,0.02
2018-02-25 10:00:00,0.0,0.063,0.009,0.211,0.002,0.031,0.0,0.054,0.043,0.009,0.11,0.077,0.329,0.021
2018-02-25 11:00:00,0.0,0.074,0.012,0.154,0.0,0.025,0.0,0.041,0.026,0.018,0.114,0.067,0.324,0.018
2018-02-25 12:00:00,0.0,0.069,0.007,0.14,0.0,0.019,0.0,0.044,0.036,0.021,0.131,0.07,0.401,0.015
2018-02-25 13:00:00,0.0,0.087,0.01,0.1,0.004,0.02,0.0,0.043,0.02,0.021,0.131,0.06,0.445,0.018
2018-02-25 14:00:00,0.0,0.087,0.01,0.106,0.0,0.021,0.011,0.043,0.018,0.021,0.124,0.061,0.366,0.016
2018-02-25 15:00:00,0.0,0.067,0.033,0.108,0.0,0.028,0.0,0.035,0.014,0.021,0.102,0.057,0.225,0.016
2018-02-25 16:00:00,0.0,0.064,0.009,0.135,0.0,0.024,0.002,0.033,0.018,0.02,0.098,0.058,0.18,0.02
2018-02-25 17:00:00,0.0,0.034,0.012,0.151,0.0,0.022,0.0,0.045,0.021,0.02,0.076,0.041,0.121,0.034
2018-02-25 18:00:00,0.005,0.021,0.013,0.17,0.0,0.03,0.0,0.034,0.017,0.02,0.054,0.053,0.122,0.044
2018-02-25 19:00:00,0.004,0.02,0.007,0.203,0.005,0.044,0.0,0.045,0.04,0.021,0.055,0.055,0.132,0.044
2018-02-25 20:00:00,0.001,0.018,0.023,0.193,0.0,0.042,0.0,0.036,0.02,0.021,0.066,0.059,0.141,0.046
2018-02-25 21:00:00,0.002,0.02,0.008,0.244,0.009,0.038,0.0,0.038,0.008,0.021,0.057,0.076,0.128,0.042
2018-02-25 22:00:00,0.002,0.017,0.008,0.248,0.004,0.033,0.0,0.041,0.0,0.022,0.086,0.083,0.164,0.034
2018-02-25 23:00:00,0.001,0.03,0.006,0.183,0.0,0.04,0.0,0.046,0.001,0.022,0.08,0.078,0.14,0.042
2018-02-26 00:00:00,0.0,0.01,0.006,0.164,0.0,0.023,0.0,0.056,0.014,0.023,0.065,0.071,0.135,0.019
2018-02-26 01:00:00,0.0,0.002,0.007,0.158,0.022,0.014,0.0,0.096,0.003,0.023,0.071,0.073,0.134,0.021
2018-02-26 02:00:00,0.0,0.002,0.007,0.156,0.0,0.027,0.0,0.087,0.003,0.019,0.058,0.077,0.142,0.016
2018-02-26 03:00:00,0.003,0.003,0.007,0.141,0.0,0.019,0.0,0.087,0.003,0.006,0.069,0.079,0.132,0.016
2018-02-26 04:00:00,0.0,0.003,0.013,0.134,0.0,0.015,0.0,0.085,0.011,0.003,0.074,0.076,0.135,0.033
2018-02-26 05:00:00,0.001,0.004,0.013,0.126,0.0,0.022,0.0,0.085,0.027,0.006,0.079,0.08,0.131,0.017
2018-02-26 06:00:00,0.001,0.004,0.006,0.118,0.0,0.025,0.0,0.085,0.029,0.005,0.094,0.054,0.123,0.012
2018-02-26 07:00:00,0.018,0.014,0.005,0.15,0.0,0.063,0.0,0.081,0.023,0.002,0.103,0.04,0.131,0.03
2018-02-26 08:00:00,0.019,0.02,0.035,0.192,0.011,0.005,0.002,0.066,0.012,0.001,0.111,0.048,0.13,0.042
2018-02-26 09:00:00,0.016,0.05,0.049,0.179,0.003,0.01,0.024,0.053,0.014,0.0,0.129,0.086,0.272,0.019
2018-02-26 10:00:00,0.001,0.085,0.095,0.184,0.0,0.028,0.002,0.008,0.016,0.001,0.155,0.13,0.482,0.035
2018-02-26 11:00:00,0.004,0.089,0.101,0.231,0.0,0.046,0.045,0.001,0.011,0.002,0.171,0.142,0.572,0.058
2018-02-26 12:00:00,0.024,0.084,0.082,0.292,0.001,0.072,0.017,0.006,0.002,0.013,0.215,0.112,0.4,0.088
2018-02-26 13:00:00,0.021,0.108,0.078,0.253,0.004,0.073,0.013,0.007,0.011,0.006,0.205,0.14,0.355,0.061
2018-02-26 14:00:00,0.011,0.121,0.051,0.277,0.003,0.036,0.014,0.007,0.005,0.004,0.166,0.145,0.281,0.086
2018-02-26 15:00:00,0.01,0.115,0.058,0.296,0.0,0.057,0.011,0.019,0.001,0.002,0.156,0.12,0.349,0.119
2018-02-26 16:00:00,0.019,0.125,0.035,0.328,0.001,0.034,0.009,0.003,0.014,0.027,0.145,0.11,0.213,0.114
2018-02-26 17:00:00,0.053,0.083,0.012,0.261,0.008,0.041,0.003,0.001,0.008,0.002,0.111,0.071,0.24,0.151
2018-02-26 18:00:00,0.057,0.03,0.021,0.288,0.017,0.045,0.0,0.001,0.015,0.006,0.087,0.053,0.168,0.132
2018-02-26 19:00:00,0.05,0.031,0.015,0.295,0.017,0.055,0.0,0.001,0.038,0.019,0.072,0.04,0.151,0.077
2018-02-26 20:00:00,0.053,0.033,0.022,0.283,0.003,0.052,0.0,0.03,0.007,0.011,0.113,0.05,0.154,0.126
2018-02-26 21:00:00,0.04,0.027,0.027,0.287,0.002,0.063,0.0,0.029,0.002,0.021,0.087,0.076,0.151,0.084
2018-02-26 22:00:00,0.028,0.046,0.001,0.257,0.001,0.04,0.0,0.039,0.001,0.023,0.095,0.078,0.153,0.056
2018-02-26 23:00:00,0.015,0.015,0.011,0.187,0.001,0.019,0.004,0.045,0.001,0.023,0.089,0.079,0.141,0.028
2018-02-27 00:00:00,0.004,0.006,0.001,0.196,0.001,0.035,0.0,0.042,0.013,0.023,0.079,0.075,0.144,0.021
2018-02-27 01:00:00,0.0,0.002,0.002,0.185,0.001,0.025,0.0,0.093,0.002,0.023,0.08,0.073,0.143,0.024
2018-02-27 02:00:00,0.0,0.002,0.003,0.176,0.001,0.034,0.0,0.086,0.0,0.018,0.068,0.074,0.152,0.022
2018-02-27 03:00:00,0.003,0.003,0.004,0.159,0.0,0.027,0.0,0.085,0.02,0.006,0.083,0.079,0.142,0.025
2018-02-27 04:00:00,0.0,0.003,0.01,0.168,0.0,0.036,0.0,0.083,0.019,0.002,0.087,0.077,0.141,0.035
2018-02-27 05:00:00,0.001,0.004,0.011,0.158,0.006,0.02,0.0,0.086,0.005,0.004,0.1,0.079,0.142,0.031
2018-02-27 06:00:00,0.006,0.003,0.004,0.176,0.019,0.043,0.0,0.084,0.029,0.005,0.103,0.062,0.145,0.063
2018-02-27 07:00:00,0.015,0.015,0.006,0.167,0.034,0.019,0.0,0.08,0.027,0.007,0.113,0.055,0.145,0.036
2018-02-27 08:00:00,0.007,0.023,0.043,0.253,0.02,0.085,0.008,0.066,0.017,0.003,0.129,0.057,0.256,0.044
2018-02-27 09:00:00,0.022,0.061,0.075,0.234,0.007,0.1,0.009,0.042,0.004,0.021,0.15,0.128,0.498,0.036
2018-02-27 10:00:00,0.049,0.096,0.127,0.314,0.021,0.076,0.01,0.016,0.003,0.038,0.224,0.191,0.497,0.085
2018-02-27 11:00:00,0.065,0.111,0.151,0.406,0.017,0.093,0.01,0.027,0.056,0.054,0.205,0.254,0.205,0.095
2018-02-27 12:00:00,0.08,0.149,0.158,0.46,0.02,0.095,0.009,0.049,0.126,0.101,0.241,0.315,0.283,0.125
2018-02-27 13:00:00,0.144,0.149,0.168,0.658,0.022,0.117,0.011,0.049,0.17,0.121,0.282,0.404,0.373,0.124
2018-02-27 14:00:00,0.184,0.192,0.243,1.075,0.016,0.132,0.021,0.07,0.185,0.171,0.337,0.412,0.348,0.152
2018-02-27 15:00:00,0.237,0.171,0.308,1.324,0.005,0.146,0.038,0.098,0.125,0.147,0.395,0.403,0.552,0.193
2018-02-27 16:00:00,0.125,0.186,0.243,1.184,0.006,0.148,0.027,0.099,0.08,0.11,0.299,0.355,0.35,0.269
2018-02-27 17:00:00,0.044,0.109,0.11,0.661,0.005,0.136,0.013,0.047,0.033,0.049,0.152,0.183,0.241,0.243
2018-02-27 18:00:00,0.05,0.044,0.078,0.466,0.022,0.108,0.004,0.032,0.024,0.004,0.162,0.099,0.352,0.184
2018-02-27 19:00:00,0.048,0.038,0.042,0.415,0.013,0.107,0.002,0.004,0.066,0.017,0.165,0.058,0.416,0.134
2018-02-27 20:00:00,0.038,0.038,0.027,0.422,0.004,0.109,0.0,0.022,0.033,0.014,0.123,0.053,0.388,0.096
2018-02-27 21:00:00,0.036,0.032,0.014,0.424,0.003,0.114,0.0,0.064,0.041,0.041,0.104,0.062,0.272,0.034
2018-02-27 22:00:00,0.02,0.02,0.008,0.41,0.001,0.115,0.0,0.035,0.03,0.023,0.136,0.064,0.278,0.057
2018-02-27 23:00:00,0.04,0.016,0.021,0.286,0.0,0.064,0.0,0.039,0.012,0.024,0.094,0.065,0.167,0.053
2018-02-28 00:00:00,0.021,0.02,0.002,0.231,0.001,0.033,0.012,0.045,0.015,0.024,0.082,0.057,0.146,0.031
2018-02-28 01:00:00,0.001,0.003,0.001,0.218,0.001,0.028,0.0,0.087,0.01,0.022,0.078,0.055,0.145,0.03
2018-02-28 02:00:00,0.0,0.002,0.001,0.204,0.001,0.056,0.0,0.073,0.006,0.014,0.062,0.053,0.152,0.027
2018-02-28 03:00:00,0.006,0.004,0.001,0.179,0.0,0.047,0.0,0.071,0.003,0.004,0.07,0.056,0.215,0.026
2018-02-28 04:00:00,0.022,0.003,0.006,0.18,0.0,0.018,0.0,0.062,0.005,0.002,0.074,0.054,0.14,0.035
2018-02-28 05:00:00,0.001,0.004,0.03,0.211,0.0,0.038,0.0,0.061,0.013,0.006,0.096,0.059,0.14,0.029
2018-02-28 06:00:00,0.006,0.003,0.022,0.163,0.006,0.045,0.0,0.057,0.008,0.006,0.12,0.051,0.139,0.041
2018-02-28 07:00:00,0.029,0.022,0.03,0.21,0.014,0.019,0.002,0.053,0.01,0.002,0.109,0.041,0.144,0.026
2018-02-28 08:00:00,0.046,0.027,0.046,0.217,0.02,0.061,0.008,0.047,0.018,0.007,0.113,0.045,0.317,0.02
2018-02-28 09:00:00,0.046,0.074,0.032,0.219,0.018,0.062,0.008,0.034,0.004,0.008,0.182,0.083,0.547,0.035
2018-02-28 10:00:00,0.057,0.139,0.107,0.269,0.02,0.047,0.008,0.01,0.002,0.006,0.27,0.349,0.633,0.031
2018-02-28 11:00:00,0.062,0.143,0.16,0.315,0.024,0.076,0.011,0.026,0.081,0.021,0.277,0.497,0.496,0.088
2018-02-28 12:00:00,0.094,0.178,0.138,0.526,0.03,0.079,0.015,0.088,0.174,0.065,0.481,0.6,0.565,0.129
2018-02-28 13:00:00,0.105,0.263,0.154,0.691,0.032,0.107,0.019,0.135,0.188,0.097,0.686,0.651,0.662,0.29
2018-02-28 14:00:00,0.134,0.439,0.22,1.251,0.029,0.157,0.029,0.309,0.218,0.116,0.642,0.683,0.715,0.411
2018-02-28 15:00:00,0.215,0.336,0.289,1.703,0.033,0.224,0.031,0.248,0.272,0.129,0.712,0.732,0.803,0.395
2018-02-28 16:00:00,0.126,0.327,0.269,1.431,0.064,0.203,0.021,0.205,0.183,0.157,0.669,0.747,0.749,0.377
2018-02-28 17:00:00,0.057,0.267,0.125,1.234,0.106,0.181,0.01,0.14,0.103,0.109,0.48,0.426,0.489,0.324
2018-02-28 18:00:00,0.103,0.17,0.06,1.131,0.024,0.196,0.005,0.032,0.059,0.068,0.248,0.26,0.4,0.192
2018-02-28 19:00:00,0.071,0.114,0.028,0.751,0.035,0.178,0.002,0.017,0.076,0.012,0.2,0.124,0.364,0.14
2018-02-28 20:00:00,0.041,0.09,0.06,0.634,0.02,0.135,0.001,0.021,0.051,0.011,0.173,0.093,0.387,0.098
2018-02-28 21:00:00,0.068,0.083,0.036,0.659,0.008,0.136,0.0,0.012,0.03,0.042,0.162,0.111,0.378,0.067
2018-02-28 22:00:00,0.048,0.05,0.009,0.575,0.003,0.13,0.0,0.01,0.026,0.044,0.142,0.08,0.381,0.049
2018-02-28 23:00:00,0.031,0.035,0.01,0.365,0.001,0.072,0.0,0.007,0.025,0.023,0.126,0.144,0.308,0.034
2018-03-01 00:00:00,0.028,0.028,0.006,0.292,0.002,0.05,0.0,0.008,0.037,0.023,0.096,0.057,0.363,0.029
2018-03-01 01:00:00,0.006,0.017,0.002,0.209,0.002,0.032,0.0,0.077,0.026,0.021,0.088,0.057,0.328,0.025
2018-03-01 02:00:00,0.002,0.01,0.001,0.202,0.002,0.036,0.0,0.061,0.014,0.012,0.067,0.056,0.334,0.018
2018-03-01 03:00:00,0.018,0.015,0.001,0.184,0.001,0.032,0.0,0.073,0.009,0.004,0.071,0.055,0.23,0.018
2018-03-01 04:00:00,0.008,0.016,0.009,0.181,0.0,0.036,0.0,0.074,0.045,0.002,0.078,0.063,0.132,0.046
2018-03-01 05:00:00,0.001,0.02,0.008,0.2,0.0,0.037,0.0,0.08,0.004,0.006,0.113,0.07,0.373,0.024
2018-03-01 06:00:00,0.001,0.019,0.022,0.153,0.0,0.043,0.0,0.076,0.011,0.007,0.107,0.059,0.197,0.022
2018-03-01 07:00:00,0.001,0.029,0.001,0.189,0.0,0.065,0.001,0.076,0.005,0.009,0.115,0.059,0.158,0.027
2018-03-01 08:00:00,0.002,0.031,0.001,0.21,0.0,0.074,0.008,0.074,0.011,0.009,0.112,0.054,0.26,0.034
2018-03-01 09:00:00,0.002,0.061,0.005,0.217,0.0,0.045,0.008,0.066,0.001,0.004,0.143,0.06,0.477,0.068
2018-03-01 10:00:00,0.0,0.124,0.042,0.231,0.0,0.077,0.008,0.014,0.0,0.003,0.166,0.104,0.576,0.044
2018-03-01 11:00:00,0.0,0.119,0.063,0.224,0.0,0.08,0.005,0.004,0.012,0.012,0.191,0.093,0.643,0.08
2018-03-01 12:00:00,0.002,0.111,0.059,0.205,0.0,0.093,0.0,0.009,0.0,0.02,0.292,0.081,0.525,0.108
2018-03-01 13:00:00,0.003,0.116,0.04,0.19,0.0,0.043,0.0,0.003,0.0,0.012,0.264,0.134,0.285,0.109
2018-03-01 14:00:00,0.013,0.126,0.038,0.257,0.001,0.045,0.01,0.004,0.004,0.009,0.206,0.168,0.178,0.09
2018-03-01 15:00:00,0.018,0.133,0.009,0.291,0.001,0.046,0.007,0.003,0.0,0.012,0.139,0.199,0.285,0.091
2018-03-01 16:00:00,0.004,0.107,0.007,0.28,0.002,0.046,0.0,0.013,0.0,0.015,0.127,0.089,0.19,0.132
2018-03-01 17:00:00,0.0,0.095,0.007,0.262,0.003,0.047,0.005,0.029,0.006,0.018,0.154,0.075,0.207,0.114
2018-03-01 18:00:00,0.013,0.084,0.015,0.27,0.004,0.043,0.0,0.03,0.014,0.02,0.12,0.071,0.112,0.089
2018-03-01 19:00:00,0.018,0.066,0.008,0.321,0.004,0.038,0.014,0.04,0.06,0.023,0.134,0.063,0.13,0.1
2018-03-01 20:00:00,0.012,0.056,0.03,0.332,0.003,0.045,0.0,0.046,0.031,0.023,0.095,0.071,0.135,0.086
2018-03-01 21:00:00,0.05,0.076,0.01,0.317,0.009,0.039,0.0,0.057,0.01,0.024,0.093,0.087,0.138,0.059
2018-03-01 22:00:00,0.002,0.035,0.008,0.281,0.001,0.051,0.0,0.062,0.005,0.025,0.109,0.087,0.341,0.045
2018-03-01 23:00:00,0.0,0.023,0.007,0.22,0.0,0.036,0.0,0.06,0.01,0.025,0.097,0.089,0.394,0.032
2018-03-02 00:00:00,0.0,0.011,0.007,0.22,0.001,0.041,0.0,0.067,0.03,0.025,0.086,0.087,0.365,0.025
2018-03-02 01:00:00,0.0,0.004,0.007,0.201,0.001,0.033,0.0,0.096,0.016,0.024,0.082,0.086,0.205,0.026
2018-03-02 02:00:00,0.0,0.002,0.006,0.2,0.0,0.038,0.0,0.088,0.014,0.024,0.07,0.085,0.147,0.021
2018-03-02 03:00:00,0.002,0.004,0.007,0.183,0.0,0.038,0.0,0.087,0.014,0.011,0.086,0.085,0.132,0.023
2018-03-02 04:00:00,0.0,0.004,0.011,0.171,0.0,0.034,0.0,0.085,0.033,0.01,0.089,0.084,0.129,0.033
2018-03-02 05:00:00,0.0,0.005,0.026,0.159,0.017,0.031,0.0,0.086,0.013,0.013,0.107,0.082,0.178,0.027
2018-03-02 06:00:00,0.0,0.005,0.01,0.161,0.0,0.03,0.0,0.084,0.038,0.012,0.107,0.054,0.335,0.039
2018-03-02 07:00:00,0.0,0.031,0.002,0.218,0.0,0.034,0.0,0.084,0.032,0.013,0.117,0.053,0.333,0.022
2018-03-02 08:00:00,0.0,0.024,0.001,0.249,0.0,0.024,0.0,0.084,0.03,0.013,0.116,0.066,0.291,0.021
2018-03-02 09:00:00,0.0,0.046,0.002,0.251,0.0,0.035,0.0,0.083,0.028,0.011,0.149,0.067,0.297,0.023
2018-03-02 10:00:00,0.0,0.075,0.002,0.26,0.0,0.035,0.0,0.043,0.024,0.012,0.165,0.07,0.344,0.023
2018-03-02 11:00:00,0.0,0.063,0.001,0.259,0.0,0.037,0.0,0.042,0.018,0.019,0.163,0.066,0.252,0.02
2018-03-02 12:00:00,0.0,0.063,0.001,0.223,0.0,0.041,0.019,0.039,0.01,0.022,0.148,0.07,0.258,0.019
2018-03-02 13:00:00,0.0,0.063,0.0,0.208,0.0,0.031,0.0,0.031,0.008,0.019,0.137,0.082,0.239,0.021
2018-03-02 14:00:00,0.0,0.063,0.003,0.268,0.0,0.027,0.0,0.033,0.012,0.018,0.119,0.09,0.288,0.053
2018-03-02 15:00:00,0.022,0.063,0.006,0.252,0.0,0.033,0.0,0.039,0.019,0.022,0.111,0.091,0.165,0.022
2018-03-02 16:00:00,0.0,0.061,0.008,0.241,0.001,0.032,0.0,0.043,0.022,0.021,0.112,0.097,0.225,0.023
2018-03-02 17:00:00,0.0,0.032,0.01,0.233,0.003,0.031,0.0,0.052,0.031,0.022,0.097,0.091,0.129,0.028
2018-03-02 18:00:00,0.005,0.02,0.014,0.274,0.004,0.051,0.0,0.051,0.022,0.022,0.09,0.091,0.126,0.029
2018-03-02 19:00:00,0.0,0.021,0.046,0.286,0.004,0.063,0.0,0.055,0.057,0.023,0.092,0.074,0.14,0.035
2018-03-02 20:00:00,0.0,0.02,0.018,0.3,0.004,0.072,0.0,0.061,0.033,0.024,0.094,0.079,0.131,0.037
2018-03-02 21:00:00,0.0,0.017,0.015,0.29,0.024,0.025,0.0,0.068,0.017,0.024,0.086,0.085,0.15,0.052
2018-03-02 22:00:00,0.0,0.012,0.009,0.238,0.001,0.047,0.0,0.061,0.015,0.024,0.103,0.085,0.129,0.056
2018-03-02 23:00:00,0.0,0.01,0.011,0.184,0.0,0.028,0.0,0.062,0.016,0.024,0.099,0.088,0.129,0.027
2018-03-03 00:00:00,0.0,0.005,0.008,0.211,0.001,0.032,0.0,0.068,0.03,0.025,0.074,0.084,0.157,0.025
2018-03-03 01:00:00,0.0,0.001,0.008,0.194,0.001,0.028,0.0,0.095,0.017,0.024,0.094,0.084,0.161,0.025
2018-03-03 02:00:00,0.0,0.001,0.009,0.183,0.001,0.06,0.0,0.088,0.015,0.024,0.049,0.084,0.136,0.019
2018-03-03 03:00:00,0.002,0.001,0.009,0.154,0.0,0.042,0.0,0.087,0.016,0.013,0.064,0.085,0.126,0.031
2018-03-03 04:00:00,0.0,0.001,0.014,0.151,0.0,0.03,0.0,0.087,0.021,0.011,0.066,0.085,0.165,0.032
2018-03-03 05:00:00,0.0,0.003,0.013,0.151,0.0,0.031,0.0,0.087,0.011,0.013,0.079,0.084,0.127,0.024
2018-03-03 06:00:00,0.0,0.003,0.069,0.166,0.0,0.03,0.004,0.085,0.028,0.012,0.072,0.066,0.126,0.021
2018-03-03 07:00:00,0.014,0.012,0.062,0.182,0.0,0.025,0.0,0.085,0.034,0.013,0.081,0.06,0.128,0.02
2018-03-03 08:00:00,0.0,0.026,0.078,0.224,0.007,0.026,0.0,0.085,0.026,0.011,0.078,0.064,0.131,0.045
2018-03-03 09:00:00,0.037,0.062,0.046,0.188,0.03,0.018,0.0,0.076,0.023,0.007,0.092,0.06,0.151,0.04
2018-03-03 10:00:00,0.017,0.064,0.047,0.204,0.02,0.018,0.0,0.019,0.033,0.006,0.112,0.054,0.208,0.025
2018-03-03 11:00:00,0.01,0.066,0.025,0.206,0.008,0.013,0.0,0.0,0.022,0.013,0.137,0.049,0.206,0.018
2018-03-03 12:00:00,0.006,0.081,0.019,0.194,0.0,0.022,0.0,0.0,0.007,0.019,0.138,0.06,0.139,0.033
2018-03-03 13:00:00,0.0,0.078,0.018,0.166,0.0,0.022,0.0,0.0,0.01,0.021,0.131,0.046,0.138,0.015
2018-03-03 14:00:00,0.003,0.073,0.027,0.185,0.0,0.022,0.0,0.007,0.004,0.021,0.11,0.046,0.132,0.015
2018-03-03 15:00:00,0.0,0.065,0.026,0.147,0.013,0.037,0.0,0.014,0.008,0.021,0.109,0.049,0.124,0.026
2018-03-03 16:00:00,0.0,0.081,0.009,0.169,0.009,0.022,0.0,0.011,0.01,0.021,0.101,0.053,0.122,0.029
2018-03-03 17:00:00,0.001,0.04,0.011,0.19,0.008,0.022,0.0,0.024,0.022,0.021,0.085,0.089,0.119,0.057
2018-03-03 18:00:00,0.006,0.029,0.025,0.201,0.006,0.071,0.0,0.037,0.017,0.026,0.095,0.078,0.124,0.063
2018-03-03 19:00:00,0.001,0.037,0.009,0.228,0.01,0.038,0.0,0.039,0.034,0.018,0.07,0.077,0.12,0.062
2018-03-03 20:00:00,0.001,0.027,0.009,0.273,0.006,0.034,0.011,0.044,0.028,0.02,0.113,0.081,0.121,0.085
2018-03-03 21:00:00,0.002,0.027,0.007,0.266,0.005,0.071,0.0,0.056,0.011,0.024,0.078,0.092,0.124,0.085
2018-03-03 22:00:00,0.002,0.022,0.009,0.285,0.003,0.024,0.0,0.054,0.008,0.024,0.067,0.09,0.131,0.069
2018-03-03 23:00:00,0.001,0.033,0.02,0.203,0.011,0.018,0.0,0.055,0.004,0.025,0.061,0.084,0.128,0.059
2018-03-04 00:00:00,0.0,0.006,0.004,0.185,0.002,0.018,0.0,0.057,0.022,0.024,0.052,0.077,0.133,0.024
2018-03-04 01:00:00,0.0,0.003,0.004,0.172,0.001,0.018,0.0,0.096,0.009,0.023,0.057,0.077,0.123,0.024
2018-03-04 02:00:00,0.0,0.004,0.005,0.163,0.001,0.031,0.0,0.089,0.006,0.02,0.047,0.077,0.133,0.019
2018-03-04 03:00:00,0.003,0.003,0.006,0.153,0.0,0.024,0.0,0.088,0.007,0.006,0.063,0.08,0.122,0.018
2018-03-04 04:00:00,0.0,0.004,0.012,0.142,0.0,0.017,0.0,0.088,0.01,0.004,0.066,0.089,0.124,0.023
2018-03-04 05:00:00,0.007,0.005,0.01,0.139,0.0,0.019,0.0,0.087,0.008,0.006,0.079,0.077,0.123,0.02
2018-03-04 06:00:00,0.007,0.001,0.01,0.156,0.0,0.018,0.0,0.085,0.03,0.007,0.074,0.055,0.121,0.028
2018-03-04 07:00:00,0.0,0.011,0.011,0.178,0.0,0.015,0.007,0.085,0.035,0.006,0.081,0.053,0.349,0.069
2018-03-04 08:00:00,0.0,0.027,0.018,0.148,0.0,0.031,0.01,0.083,0.032,0.006,0.08,0.06,0.207,0.044
2018-03-04 09:00:00,0.0,0.045,0.025,0.131,0.0,0.017,0.0,0.071,0.028,0.002,0.094,0.054,0.121,0.046
2018-03-04 10:00:00,0.0,0.06,0.038,0.144,0.0,0.045,0.0,0.015,0.013,0.001,0.105,0.049,0.119,0.016
2018-03-04 11:00:00,0.014,0.063,0.022,0.159,0.0,0.031,0.008,0.0,0.015,0.01,0.152,0.046,0.166,0.029
2018-03-04 12:00:00,0.007,0.064,0.014,0.119,0.0,0.025,0.0,0.011,0.02,0.019,0.115,0.045,0.118,0.019
2018-03-04 13:00:00,0.011,0.066,0.012,0.132,0.0,0.09,0.0,0.005,0.026,0.021,0.106,0.049,0.129,0.062
2018-03-04 14:00:00,0.005,0.067,0.006,0.167,0.0,0.021,0.0,0.017,0.035,0.021,0.095,0.048,0.18,0.068
2018-03-04 15:00:00,0.0,0.067,0.014,0.112,0.0,0.06,0.0,0.027,0.015,0.021,0.095,0.061,0.119,0.092
2018-03-04 16:00:00,0.0,0.064,0.012,0.135,0.0,0.028,0.018,0.038,0.011,0.021,0.094,0.062,0.118,0.11
2018-03-04 17:00:00,0.0,0.032,0.013,0.145,0.0,0.034,0.0,0.042,0.025,0.021,0.075,0.071,0.118,0.126
2018-03-04 18:00:00,0.005,0.018,0.025,0.176,0.0,0.025,0.0,0.054,0.025,0.021,0.058,0.071,0.131,0.089
2018-03-04 19:00:00,0.007,0.016,0.009,0.209,0.0,0.033,0.0,0.069,0.044,0.022,0.061,0.069,0.218,0.063
2018-03-04 20:00:00,0.001,0.015,0.036,0.225,0.0,0.033,0.0,0.066,0.038,0.023,0.073,0.074,0.32,0.046
2018-03-04 21:00:00,0.002,0.016,0.012,0.259,0.0,0.026,0.0,0.076,0.013,0.023,0.059,0.081,0.32,0.044
2018-03-04 22:00:00,0.002,0.013,0.007,0.249,0.0,0.03,0.0,0.068,0.011,0.025,0.065,0.083,0.212,0.037
2018-03-04 23:00:00,0.001,0.013,0.007,0.182,0.0,0.033,0.0,0.067,0.019,0.023,0.064,0.086,0.302,0.032
2018-03-05 00:00:00,0.0,0.003,0.005,0.191,0.0,0.028,0.0,0.068,0.033,0.024,0.073,0.082,0.321,0.022
2018-03-05 01:00:00,0.0,0.001,0.007,0.178,0.0,0.03,0.0,0.096,0.017,0.023,0.08,0.082,0.247,0.024
2018-03-05 02:00:00,0.0,0.001,0.008,0.173,0.0,0.035,0.0,0.088,0.014,0.023,0.07,0.082,0.18,0.02
2018-03-05 03:00:00,0.002,0.001,0.008,0.162,0.0,0.053,0.0,0.088,0.014,0.01,0.085,0.082,0.127,0.021
2018-03-05 04:00:00,0.0,0.001,0.045,0.18,0.0,0.04,0.0,0.086,0.029,0.009,0.098,0.082,0.127,0.029
2018-03-05 05:00:00,0.006,0.002,0.015,0.174,0.0,0.062,0.0,0.087,0.015,0.011,0.099,0.082,0.127,0.023
2018-03-05 06:00:00,0.0,0.001,0.007,0.133,0.004,0.037,0.0,0.086,0.039,0.011,0.1,0.062,0.128,0.022
2018-03-05 07:00:00,0.0,0.012,0.006,0.167,0.0,0.064,0.0,0.086,0.013,0.012,0.108,0.059,0.165,0.021
2018-03-05 08:00:00,0.0,0.015,0.004,0.165,0.0,0.009,0.004,0.085,0.007,0.011,0.112,0.063,0.129,0.023
2018-03-05 09:00:00,0.001,0.044,0.002,0.138,0.0,0.008,0.0,0.083,0.017,0.007,0.132,0.061,0.144,0.044
2018-03-05 10:00:00,0.0,0.059,0.009,0.145,0.0,0.016,0.0,0.029,0.005,0.005,0.148,0.064,0.136,0.015
2018-03-05 11:00:00,0.0,0.061,0.012,0.141,0.006,0.029,0.0,0.012,0.011,0.012,0.153,0.056,0.148,0.012
2018-03-05 12:00:00,0.0,0.062,0.008,0.129,0.0,0.042,0.0,0.012,0.0,0.019,0.145,0.057,0.164,0.013
2018-03-05 13:00:00,0.0,0.063,0.007,0.141,0.002,0.044,0.0,0.013,0.0,0.015,0.129,0.07,0.223,0.037
2018-03-05 14:00:00,0.0,0.064,0.01,0.186,0.0,0.025,0.0,0.01,0.004,0.011,0.108,0.078,0.138,0.043
2018-03-05 15:00:00,0.0,0.065,0.0,0.206,0.0,0.031,0.0,0.004,0.003,0.01,0.108,0.079,0.209,0.021
2018-03-05 16:00:00,0.0,0.063,0.052,0.211,0.001,0.025,0.0,0.006,0.0,0.012,0.095,0.08,0.161,0.017
2018-03-05 17:00:00,0.001,0.033,0.013,0.209,0.003,0.023,0.0,0.015,0.011,0.025,0.079,0.076,0.166,0.041
2018-03-05 18:00:00,0.005,0.024,0.024,0.219,0.004,0.017,0.0,0.017,0.015,0.031,0.072,0.071,0.113,0.044
2018-03-05 19:00:00,0.01,0.025,0.005,0.265,0.004,0.021,0.0,0.029,0.043,0.019,0.068,0.062,0.137,0.038
2018-03-05 20:00:00,0.0,0.024,0.015,0.263,0.005,0.027,0.0,0.052,0.017,0.021,0.093,0.089,0.127,0.042
2018-03-05 21:00:00,0.0,0.021,0.006,0.281,0.017,0.022,0.0,0.056,0.008,0.023,0.081,0.081,0.127,0.043
2018-03-05 22:00:00,0.0,0.015,0.006,0.247,0.001,0.023,0.0,0.06,0.003,0.024,0.098,0.1,0.129,0.038
2018-03-05 23:00:00,0.0,0.012,0.003,0.196,0.0,0.048,0.0,0.063,0.009,0.024,0.093,0.097,0.13,0.027
2018-03-06 00:00:00,0.0,0.006,0.006,0.184,0.001,0.022,0.0,0.072,0.028,0.024,0.086,0.083,0.134,0.028
2018-03-06 01:00:00,0.0,0.002,0.007,0.17,0.001,0.023,0.0,0.096,0.017,0.024,0.085,0.083,0.137,0.028
2018-03-06 02:00:00,0.0,0.001,0.008,0.164,0.0,0.038,0.0,0.089,0.018,0.023,0.077,0.082,0.144,0.027
2018-03-06 03:00:00,0.003,0.002,0.008,0.159,0.0,0.03,0.0,0.089,0.023,0.014,0.087,0.083,0.134,0.027
2018-03-06 04:00:00,0.0,0.002,0.015,0.157,0.0,0.029,0.0,0.086,0.027,0.014,0.089,0.083,0.135,0.035
2018-03-06 05:00:00,0.001,0.002,0.03,0.142,0.011,0.052,0.0,0.087,0.018,0.017,0.103,0.083,0.135,0.047
2018-03-06 06:00:00,0.001,0.001,0.019,0.148,0.012,0.067,0.0,0.086,0.041,0.018,0.1,0.074,0.137,0.039
2018-03-06 07:00:00,0.001,0.011,0.007,0.184,0.0,0.019,0.0,0.086,0.043,0.015,0.109,0.073,0.142,0.029
2018-03-06 08:00:00,0.001,0.018,0.001,0.173,0.001,0.044,0.0,0.085,0.037,0.012,0.113,0.077,0.301,0.023
2018-03-06 09:00:00,0.001,0.051,0.014,0.152,0.032,0.047,0.0,0.083,0.03,0.006,0.137,0.073,0.442,0.016
2018-03-06 10:00:00,0.001,0.074,0.059,0.168,0.025,0.051,0.0,0.025,0.01,0.003,0.167,0.109,0.261,0.014
2018-03-06 11:00:00,0.006,0.086,0.083,0.247,0.002,0.053,0.0,0.01,0.011,0.013,0.166,0.162,0.255,0.062
2018-03-06 12:00:00,0.017,0.093,0.106,0.308,0.0,0.068,0.0,0.032,0.036,0.028,0.183,0.216,0.3,0.098
2018-03-06 13:00:00,0.023,0.106,0.112,0.4,0.002,0.077,0.002,0.04,0.095,0.042,0.176,0.276,0.35,0.068
2018-03-06 14:00:00,0.028,0.118,0.141,0.669,0.002,0.074,0.008,0.04,0.131,0.071,0.172,0.29,0.304,0.125
2018-03-06 15:00:00,0.057,0.16,0.215,0.641,0.001,0.114,0.017,0.062,0.128,0.09,0.184,0.277,0.32,0.192
2018-03-06 16:00:00,0.04,0.138,0.234,0.816,0.014,0.104,0.01,0.099,0.046,0.095,0.195,0.243,0.289,0.213
2018-03-06 17:00:00,0.014,0.132,0.103,0.74,0.003,0.106,0.005,0.046,0.011,0.062,0.146,0.142,0.233,0.165
2018-03-06 18:00:00,0.012,0.053,0.025,0.415,0.004,0.062,0.002,0.008,0.0,0.011,0.123,0.084,0.161,0.061
2018-03-06 19:00:00,0.015,0.03,0.011,0.339,0.004,0.075,0.012,0.008,0.036,0.019,0.082,0.043,0.162,0.09
2018-03-06 20:00:00,0.019,0.029,0.07,0.353,0.003,0.063,0.012,0.039,0.016,0.022,0.081,0.058,0.135,0.071
2018-03-06 21:00:00,0.012,0.023,0.043,0.37,0.002,0.072,0.0,0.054,0.006,0.02,0.078,0.08,0.166,0.055
2018-03-06 22:00:00,0.009,0.015,0.002,0.299,0.021,0.036,0.0,0.06,0.005,0.024,0.097,0.083,0.14,0.037
2018-03-06 23:00:00,0.005,0.012,0.004,0.241,0.0,0.027,0.0,0.063,0.01,0.023,0.093,0.086,0.139,0.032
2018-03-07 00:00:00,0.002,0.006,0.005,0.222,0.0,0.023,0.0,0.068,0.024,0.024,0.084,0.083,0.14,0.031
2018-03-07 01:00:00,0.0,0.002,0.006,0.195,0.0,0.032,0.0,0.093,0.015,0.023,0.081,0.082,0.238,0.03
2018-03-07 02:00:00,0.0,0.001,0.006,0.186,0.0,0.033,0.0,0.087,0.011,0.023,0.07,0.08,0.272,0.026
2018-03-07 03:00:00,0.003,0.003,0.007,0.172,0.0,0.027,0.0,0.087,0.012,0.012,0.085,0.082,0.313,0.026
2018-03-07 04:00:00,0.002,0.003,0.013,0.192,0.0,0.028,0.0,0.084,0.017,0.012,0.085,0.081,0.288,0.054
2018-03-07 05:00:00,0.001,0.003,0.024,0.176,0.0,0.068,0.0,0.084,0.027,0.012,0.098,0.082,0.351,0.04
2018-03-07 06:00:00,0.001,0.022,0.023,0.124,0.0,0.038,0.0,0.083,0.04,0.008,0.1,0.063,0.374,0.036
2018-03-07 07:00:00,0.001,0.023,0.001,0.19,0.0,0.015,0.0,0.083,0.035,0.009,0.11,0.063,0.334,0.02
2018-03-07 08:00:00,0.013,0.018,0.002,0.192,0.0,0.016,0.0,0.082,0.03,0.012,0.136,0.073,0.281,0.02
2018-03-07 09:00:00,0.029,0.047,0.001,0.207,0.0,0.036,0.0,0.081,0.025,0.008,0.152,0.093,0.282,0.036
2018-03-07 10:00:00,0.0,0.061,0.003,0.203,0.016,0.021,0.0,0.042,0.02,0.01,0.152,0.069,0.313,0.088
2018-03-07 11:00:00,0.0,0.067,0.041,0.191,0.0,0.037,0.0,0.03,0.022,0.017,0.148,0.064,0.16,0.045
2018-03-07 12:00:00,0.002,0.067,0.042,0.16,0.014,0.068,0.0,0.028,0.006,0.02,0.161,0.065,0.148,0.028
2018-03-07 13:00:00,0.012,0.075,0.05,0.177,0.018,0.089,0.0,0.023,0.001,0.018,0.137,0.078,0.193,0.027
2018-03-07 14:00:00,0.017,0.083,0.054,0.314,0.012,0.019,0.0,0.014,0.004,0.013,0.124,0.082,0.141,0.029
2018-03-07 15:00:00,0.033,0.066,0.024,0.253,0.022,0.033,0.0,0.014,0.005,0.023,0.117,0.079,0.169,0.025
2018-03-07 16:00:00,0.024,0.063,0.032,0.244,0.001,0.024,0.0,0.024,0.006,0.016,0.102,0.085,0.142,0.027
2018-03-07 17:00:00,0.007,0.033,0.017,0.216,0.001,0.064,0.0,0.036,0.017,0.018,0.089,0.086,0.128,0.047
2018-03-07 18:00:00,0.033,0.022,0.013,0.254,0.002,0.034,0.0,0.038,0.03,0.02,0.081,0.075,0.124,0.065
2018-03-07 19:00:00,0.011,0.026,0.008,0.299,0.005,0.039,0.0,0.048,0.047,0.022,0.077,0.066,0.124,0.061
2018-03-07 20:00:00,0.05,0.025,0.019,0.324,0.012,0.04,0.0,0.06,0.029,0.019,0.093,0.073,0.128,0.036
2018-03-07 21:00:00,0.022,0.038,0.032,0.334,0.002,0.037,0.0,0.065,0.014,0.022,0.084,0.093,0.129,0.033
2018-03-07 22:00:00,0.009,0.03,0.021,0.308,0.001,0.022,0.0,0.068,0.03,0.023,0.105,0.083,0.128,0.029
2018-03-07 23:00:00,0.002,0.029,0.015,0.212,0.0,0.026,0.0,0.07,0.017,0.023,0.096,0.086,0.126,0.028
2018-03-08 00:00:00,0.0,0.007,0.008,0.225,0.001,0.028,0.0,0.071,0.032,0.024,0.086,0.082,0.124,0.026
2018-03-08 01:00:00,0.0,0.002,0.008,0.199,0.001,0.029,0.0,0.091,0.019,0.023,0.083,0.082,0.123,0.026
2018-03-08 02:00:00,0.0,0.001,0.009,0.189,0.0,0.035,0.0,0.085,0.017,0.023,0.072,0.081,0.131,0.023
2018-03-08 03:00:00,0.003,0.002,0.009,0.176,0.0,0.038,0.0,0.084,0.018,0.014,0.085,0.081,0.123,0.022
2018-03-08 04:00:00,0.0,0.002,0.014,0.186,0.001,0.034,0.0,0.082,0.021,0.013,0.077,0.081,0.124,0.029
2018-03-08 05:00:00,0.0,0.003,0.014,0.154,0.0,0.06,0.0,0.083,0.022,0.015,0.098,0.082,0.123,0.024
2018-03-08 06:00:00,0.004,0.002,0.016,0.156,0.02,0.03,0.0,0.082,0.054,0.015,0.104,0.067,0.126,0.055
2018-03-08 07:00:00,0.001,0.029,0.01,0.19,0.0,0.086,0.0,0.082,0.037,0.015,0.109,0.064,0.134,0.022
2018-03-08 08:00:00,0.004,0.015,0.005,0.211,0.0,0.078,0.0,0.081,0.02,0.015,0.112,0.068,0.135,0.034
2018-03-08 09:00:00,0.001,0.045,0.008,0.202,0.005,0.059,0.0,0.081,0.017,0.013,0.132,0.068,0.138,0.034
2018-03-08 10:00:00,0.0,0.059,0.033,0.218,0.018,0.041,0.013,0.046,0.018,0.012,0.151,0.072,0.137,0.017
2018-03-08 11:00:00,0.002,0.062,0.008,0.204,0.014,0.021,0.0,0.036,0.019,0.017,0.144,0.066,0.135,0.017
2018-03-08 12:00:00,0.0,0.063,0.012,0.178,0.004,0.036,0.0,0.031,0.007,0.02,0.148,0.069,0.313,0.013
2018-03-08 13:00:00,0.0,0.064,0.01,0.19,0.0,0.039,0.003,0.026,0.004,0.019,0.128,0.079,0.238,0.027
2018-03-08 14:00:00,0.0,0.064,0.073,0.237,0.0,0.016,0.0,0.024,0.007,0.016,0.109,0.088,0.194,0.024
2018-03-08 15:00:00,0.0,0.064,0.018,0.254,0.0,0.027,0.0,0.025,0.01,0.016,0.099,0.088,0.108,0.021
2018-03-08 16:00:00,0.0,0.062,0.007,0.256,0.007,0.051,0.0,0.029,0.019,0.027,0.097,0.085,0.143,0.022
2018-03-08 17:00:00,0.0,0.032,0.016,0.22,0.003,0.027,0.0,0.036,0.024,0.019,0.086,0.079,0.197,0.042
2018-03-08 18:00:00,0.005,0.02,0.012,0.252,0.004,0.049,0.0,0.038,0.024,0.021,0.083,0.084,0.132,0.045
2018-03-08 19:00:00,0.012,0.023,0.007,0.311,0.004,0.064,0.0,0.05,0.049,0.022,0.079,0.068,0.147,0.04
2018-03-08 20:00:00,0.039,0.022,0.016,0.303,0.003,0.043,0.0,0.062,0.034,0.025,0.094,0.076,0.139,0.04
2018-03-08 21:00:00,0.0,0.018,0.008,0.304,0.002,0.037,0.0,0.07,0.021,0.023,0.082,0.083,0.14,0.043
2018-03-08 22:00:00,0.0,0.013,0.008,0.252,0.001,0.022,0.0,0.073,0.021,0.024,0.101,0.083,0.138,0.034
2018-03-08 23:00:00,0.012,0.01,0.008,0.202,0.0,0.018,0.0,0.076,0.022,0.024,0.097,0.087,0.136,0.032
2018-03-09 00:00:00,0.016,0.005,0.019,0.203,0.001,0.023,0.0,0.075,0.037,0.024,0.089,0.082,0.135,0.029
2018-03-09 01:00:00,0.013,0.002,0.013,0.185,0.001,0.028,0.0,0.091,0.024,0.024,0.086,0.082,0.132,0.027
2018-03-09 02:00:00,0.0,0.001,0.01,0.18,0.0,0.035,0.0,0.085,0.022,0.023,0.076,0.082,0.138,0.026
2018-03-09 03:00:00,0.002,0.002,0.011,0.169,0.0,0.03,0.0,0.086,0.022,0.018,0.086,0.082,0.13,0.026
2018-03-09 04:00:00,0.0,0.001,0.015,0.163,0.0,0.019,0.0,0.083,0.023,0.018,0.09,0.082,0.13,0.045
2018-03-09 05:00:00,0.0,0.002,0.013,0.151,0.0,0.045,0.0,0.083,0.022,0.018,0.105,0.082,0.134,0.031
2018-03-09 06:00:00,0.0,0.001,0.022,0.136,0.0,0.041,0.0,0.083,0.044,0.018,0.103,0.063,0.133,0.028
2018-03-09 07:00:00,0.0,0.011,0.034,0.211,0.0,0.019,0.0,0.082,0.039,0.016,0.109,0.068,0.135,0.026
2018-03-09 08:00:00,0.001,0.025,0.026,0.198,0.0,0.026,0.0,0.082,0.058,0.014,0.111,0.069,0.165,0.019
2018-03-09 09:00:00,0.01,0.059,0.031,0.212,0.0,0.02,0.0,0.08,0.042,0.01,0.125,0.066,0.27,0.022
2018-03-09 10:00:00,0.002,0.058,0.012,0.21,0.0,0.029,0.0,0.036,0.03,0.008,0.147,0.067,0.176,0.017
2018-03-09 11:00:00,0.02,0.063,0.017,0.185,0.0,0.042,0.0,0.02,0.027,0.014,0.149,0.065,0.145,0.015
2018-03-09 12:00:00,0.009,0.066,0.023,0.227,0.0,0.051,0.0,0.015,0.0,0.019,0.149,0.069,0.14,0.016
2018-03-09 13:00:00,0.01,0.07,0.017,0.231,0.0,0.072,0.0,0.011,0.018,0.021,0.13,0.085,0.224,0.017
2018-03-09 14:00:00,0.009,0.07,0.019,0.266,0.0,0.024,0.0,0.005,0.01,0.01,0.113,0.095,0.126,0.025
2018-03-09 15:00:00,0.017,0.069,0.011,0.329,0.012,0.043,0.0,0.004,0.0,0.01,0.113,0.099,0.116,0.033
2018-03-09 16:00:00,0.009,0.066,0.023,0.329,0.005,0.046,0.0,0.009,0.0,0.012,0.1,0.091,0.129,0.024
2018-03-09 17:00:00,0.002,0.035,0.008,0.246,0.009,0.047,0.0,0.022,0.016,0.016,0.123,0.08,0.299,0.046
2018-03-09 18:00:00,0.005,0.023,0.011,0.28,0.02,0.041,0.0,0.021,0.023,0.018,0.101,0.09,0.31,0.031
2018-03-09 19:00:00,0.0,0.025,0.025,0.283,0.003,0.051,0.0,0.036,0.038,0.021,0.082,0.063,0.339,0.054
2018-03-09 20:00:00,0.0,0.024,0.023,0.334,0.003,0.032,0.0,0.055,0.043,0.022,0.095,0.072,0.288,0.042
2018-03-09 21:00:00,0.0,0.02,0.012,0.365,0.002,0.042,0.0,0.078,0.011,0.023,0.082,0.081,0.163,0.036
2018-03-09 22:00:00,0.0,0.014,0.009,0.278,0.001,0.028,0.0,0.075,0.007,0.024,0.111,0.083,0.155,0.034
2018-03-09 23:00:00,0.0,0.011,0.009,0.22,0.0,0.019,0.0,0.075,0.017,0.024,0.096,0.093,0.142,0.033
2018-03-10 00:00:00,0.0,0.005,0.008,0.238,0.001,0.026,0.0,0.076,0.035,0.024,0.07,0.083,0.16,0.032
2018-03-10 01:00:00,0.0,0.001,0.008,0.219,0.001,0.027,0.0,0.091,0.022,0.023,0.058,0.082,0.137,0.029
2018-03-10 02:00:00,0.0,0.001,0.008,0.209,0.0,0.035,0.0,0.084,0.021,0.023,0.048,0.081,0.207,0.027
2018-03-10 03:00:00,0.002,0.001,0.009,0.174,0.0,0.042,0.0,0.084,0.021,0.014,0.061,0.081,0.353,0.024
2018-03-10 04:00:00,0.0,0.001,0.014,0.171,0.0,0.066,0.0,0.083,0.023,0.013,0.062,0.081,0.339,0.026
2018-03-10 05:00:00,0.0,0.003,0.014,0.16,0.0,0.039,0.0,0.084,0.02,0.015,0.077,0.084,0.252,0.026
2018-03-10 06:00:00,0.005,0.003,0.012,0.17,0.0,0.022,0.0,0.082,0.034,0.014,0.069,0.068,0.145,0.024
2018-03-10 07:00:00,0.033,0.012,0.007,0.182,0.0,0.051,0.004,0.081,0.027,0.014,0.076,0.066,0.132,0.023
2018-03-10 08:00:00,0.009,0.018,0.01,0.186,0.0,0.019,0.0,0.079,0.029,0.011,0.074,0.07,0.134,0.018
2018-03-10 09:00:00,0.041,0.062,0.01,0.179,0.0,0.04,0.0,0.073,0.026,0.008,0.09,0.066,0.129,0.032
2018-03-10 10:00:00,0.012,0.068,0.012,0.202,0.0,0.011,0.0,0.019,0.02,0.007,0.106,0.065,0.128,0.035
2018-03-10 11:00:00,0.0,0.063,0.015,0.181,0.0,0.019,0.0,0.006,0.018,0.036,0.127,0.062,0.131,0.03
2018-03-10 12:00:00,0.0,0.064,0.013,0.144,0.0,0.042,0.0,0.034,0.017,0.042,0.129,0.061,0.126,0.069
2018-03-10 13:00:00,0.0,0.065,0.03,0.162,0.0,0.055,0.0,0.01,0.017,0.021,0.121,0.061,0.167,0.025
2018-03-10 14:00:00,0.0,0.065,0.031,0.171,0.0,0.026,0.0,0.004,0.014,0.02,0.106,0.059,0.2,0.017
2018-03-10 15:00:00,0.0,0.066,0.048,0.166,0.0,0.041,0.0,0.009,0.017,0.02,0.098,0.056,0.12,0.029
2018-03-10 16:00:00,0.0,0.064,0.021,0.193,0.002,0.038,0.006,0.013,0.014,0.02,0.095,0.071,0.127,0.026
2018-03-10 17:00:00,0.001,0.038,0.033,0.232,0.014,0.045,0.0,0.031,0.021,0.021,0.075,0.081,0.138,0.047
2018-03-10 18:00:00,0.005,0.048,0.043,0.271,0.006,0.044,0.0,0.045,0.019,0.018,0.082,0.099,0.218,0.041
2018-03-10 19:00:00,0.005,0.026,0.01,0.272,0.045,0.059,0.0,0.055,0.029,0.034,0.07,0.086,0.129,0.06
2018-03-10 20:00:00,0.01,0.023,0.014,0.298,0.01,0.045,0.0,0.064,0.041,0.023,0.086,0.09,0.167,0.056
2018-03-10 21:00:00,0.002,0.023,0.01,0.294,0.005,0.037,0.0,0.072,0.019,0.024,0.076,0.096,0.171,0.033
2018-03-10 22:00:00,0.002,0.019,0.025,0.304,0.003,0.021,0.0,0.072,0.004,0.024,0.073,0.084,0.143,0.028
2018-03-10 23:00:00,0.001,0.014,0.008,0.221,0.002,0.026,0.0,0.072,0.01,0.024,0.063,0.092,0.139,0.027
2018-03-11 00:00:00,0.0,0.003,0.008,0.195,0.001,0.026,0.0,0.093,0.021,0.023,0.057,0.081,0.157,0.027
2018-03-11 01:00:00,0.0,0.001,0.007,0.183,0.0,0.035,0.0,0.086,0.014,0.023,0.048,0.081,0.164,0.023
2018-03-11 02:00:00,0.002,0.002,0.008,0.174,0.0,0.03,0.0,0.085,0.015,0.011,0.063,0.081,0.131,0.023
2018-03-11 03:00:00,0.0,0.003,0.014,0.161,0.0,0.022,0.0,0.084,0.019,0.01,0.063,0.081,0.132,0.026
2018-03-11 04:00:00,0.0,0.003,0.014,0.155,0.0,0.024,0.0,0.084,0.018,0.012,0.077,0.081,0.132,0.025
2018-03-11 05:00:00,0.001,0.001,0.013,0.158,0.0,0.039,0.0,0.082,0.038,0.012,0.071,0.068,0.133,0.025
2018-03-11 06:00:00,0.0,0.01,0.024,0.178,0.0,0.047,0.0,0.082,0.041,0.007,0.078,0.066,0.2,0.023
2018-03-11 07:00:00,0.0,0.014,0.008,0.169,0.0,0.039,0.0,0.081,0.023,0.009,0.086,0.073,0.192,0.025
2018-03-11 08:00:00,0.0,0.044,0.007,0.161,0.014,0.045,0.0,0.081,0.021,0.006,0.11,0.065,0.246,0.035
2018-03-11 09:00:00,0.0,0.059,0.024,0.174,0.0,0.016,0.003,0.024,0.021,0.003,0.113,0.062,0.279,0.031
2018-03-11 10:00:00,0.0,0.072,0.055,0.162,0.0,0.019,0.0,0.024,0.021,0.008,0.113,0.047,0.151,0.052
2018-03-11 11:00:00,0.0,0.063,0.052,0.148,0.0,0.009,0.0,0.008,0.024,0.019,0.115,0.057,0.139,0.046
2018-03-11 12:00:00,0.0,0.073,0.049,0.101,0.0,0.023,0.015,0.018,0.021,0.021,0.124,0.053,0.141,0.034
2018-03-11 13:00:00,0.0,0.067,0.027,0.098,0.0,0.026,0.0,0.021,0.006,0.02,0.107,0.05,0.124,0.017
2018-03-11 14:00:00,0.0,0.069,0.015,0.111,0.0,0.064,0.0,0.027,0.009,0.02,0.087,0.048,0.108,0.032
2018-03-11 15:00:00,0.002,0.067,0.009,0.127,0.0,0.036,0.0,0.018,0.001,0.02,0.082,0.06,0.104,0.016
2018-03-11 16:00:00,0.004,0.037,0.015,0.17,0.0,0.021,0.0,0.034,0.013,0.02,0.064,0.055,0.118,0.057
2018-03-11 17:00:00,0.009,0.022,0.015,0.183,0.0,0.027,0.004,0.04,0.009,0.021,0.047,0.052,0.104,0.093
2018-03-11 18:00:00,0.0,0.022,0.02,0.212,0.0,0.024,0.0,0.051,0.037,0.021,0.054,0.055,0.217,0.096
2018-03-11 19:00:00,0.001,0.021,0.015,0.239,0.0,0.08,0.0,0.062,0.016,0.022,0.067,0.066,0.313,0.046
2018-03-11 20:00:00,0.003,0.019,0.01,0.291,0.0,0.073,0.0,0.067,0.008,0.022,0.057,0.078,0.324,0.042
2018-03-11 21:00:00,0.004,0.013,0.021,0.242,0.0,0.044,0.0,0.072,0.008,0.023,0.06,0.081,0.33,0.036
2018-03-11 22:00:00,0.002,0.009,0.007,0.205,0.0,0.039,0.0,0.074,0.013,0.023,0.061,0.084,0.307,0.026
2018-03-11 23:00:00,0.003,0.004,0.007,0.212,0.0,0.04,0.0,0.08,0.031,0.023,0.059,0.081,0.318,0.022
2018-03-12 00:00:00,0.0,0.02,0.008,0.189,0.0,0.023,0.0,0.094,0.014,0.023,0.071,0.081,0.271,0.025
2018-03-12 01:00:00,0.0,0.001,0.008,0.181,0.0,0.033,0.0,0.087,0.014,0.023,0.067,0.081,0.213,0.026
2018-03-12 02:00:00,0.002,0.002,0.009,0.169,0.0,0.03,0.0,0.087,0.021,0.014,0.082,0.081,0.141,0.029
2018-03-12 03:00:00,0.0,0.002,0.014,0.177,0.003,0.03,0.0,0.084,0.027,0.014,0.085,0.082,0.134,0.032
2018-03-12 04:00:00,0.003,0.002,0.013,0.168,0.004,0.036,0.0,0.085,0.025,0.015,0.097,0.082,0.13,0.051
2018-03-12 05:00:00,0.001,0.001,0.027,0.156,0.017,0.034,0.0,0.084,0.032,0.016,0.097,0.073,0.129,0.035
2018-03-12 06:00:00,0.019,0.012,0.012,0.172,0.002,0.038,0.0,0.084,0.042,0.016,0.105,0.077,0.144,0.029
2018-03-12 07:00:00,0.001,0.015,0.017,0.177,0.005,0.047,0.0,0.083,0.04,0.015,0.111,0.077,0.17,0.029
2018-03-12 08:00:00,0.003,0.044,0.01,0.145,0.015,0.016,0.008,0.08,0.03,0.009,0.139,0.075,0.411,0.027
2018-03-12 09:00:00,0.025,0.06,0.073,0.181,0.042,0.04,0.0,0.026,0.015,0.005,0.181,0.098,0.414,0.029
2018-03-12 10:00:00,0.04,0.066,0.098,0.197,0.039,0.046,0.0,0.004,0.022,0.011,0.148,0.109,0.217,0.038
2018-03-12 11:00:00,0.02,0.069,0.087,0.194,0.011,0.054,0.001,0.007,0.0,0.019,0.164,0.084,0.277,0.03
2018-03-12 12:00:00,0.004,0.069,0.06,0.161,0.0,0.043,0.001,0.001,0.0,0.01,0.145,0.072,0.249,0.016
2018-03-12 13:00:00,0.0,0.069,0.04,0.211,0.0,0.01,0.002,0.001,0.005,0.013,0.144,0.08,0.135,0.02
2018-03-12 14:00:00,0.001,0.071,0.034,0.28,0.001,0.04,0.002,0.002,0.0,0.008,0.112,0.08,0.123,0.034
2018-03-12 15:00:00,0.001,0.069,0.025,0.247,0.016,0.034,0.017,0.009,0.0,0.009,0.11,0.078,0.131,0.021
2018-03-12 16:00:00,0.007,0.039,0.012,0.225,0.021,0.075,0.001,0.039,0.007,0.011,0.083,0.068,0.123,0.027
2018-03-12 17:00:00,0.005,0.026,0.04,0.303,0.005,0.061,0.0,0.012,0.012,0.013,0.077,0.061,0.128,0.039
2018-03-12 18:00:00,0.001,0.028,0.055,0.278,0.011,0.061,0.004,0.022,0.03,0.016,0.068,0.052,0.256,0.034
2018-03-12 19:00:00,0.001,0.033,0.035,0.31,0.02,0.039,0.008,0.039,0.015,0.019,0.087,0.059,0.359,0.039
2018-03-12 20:00:00,0.002,0.024,0.023,0.318,0.003,0.031,0.005,0.048,0.013,0.022,0.083,0.076,0.35,0.056
2018-03-12 21:00:00,0.0,0.016,0.005,0.283,0.003,0.018,0.005,0.055,0.001,0.023,0.096,0.078,0.346,0.067
2018-03-12 22:00:00,0.0,0.032,0.006,0.224,0.0,0.043,0.0,0.058,0.001,0.024,0.09,0.079,0.352,0.027
2018-03-12 23:00:00,0.002,0.032,0.006,0.214,0.001,0.031,0.0,0.059,0.021,0.024,0.08,0.077,0.16,0.023
2018-03-13 00:00:00,0.0,0.002,0.006,0.194,0.001,0.023,0.0,0.093,0.009,0.023,0.078,0.077,0.127,0.024
2018-03-13 01:00:00,0.0,0.002,0.007,0.186,0.0,0.033,0.0,0.085,0.008,0.023,0.066,0.077,0.167,0.02
2018-03-13 02:00:00,0.003,0.004,0.006,0.17,0.0,0.028,0.0,0.085,0.01,0.008,0.079,0.08,0.281,0.021
2018-03-13 03:00:00,0.0,0.003,0.011,0.166,0.0,0.025,0.0,0.081,0.019,0.008,0.084,0.079,0.329,0.035
2018-03-13 04:00:00,0.001,0.004,0.011,0.152,0.0,0.038,0.0,0.082,0.013,0.011,0.095,0.079,0.281,0.049
2018-03-13 05:00:00,0.0,0.003,0.005,0.135,0.0,0.034,0.0,0.082,0.037,0.011,0.097,0.06,0.129,0.027
2018-03-13 06:00:00,0.001,0.013,0.01,0.188,0.01,0.068,0.0,0.081,0.041,0.01,0.107,0.059,0.124,0.056
2018-03-13 07:00:00,0.001,0.016,0.008,0.19,0.0,0.046,0.0,0.081,0.036,0.013,0.109,0.066,0.135,0.035
2018-03-13 08:00:00,0.001,0.044,0.02,0.199,0.0,0.029,0.0,0.08,0.029,0.01,0.131,0.066,0.147,0.026
2018-03-13 09:00:00,0.0,0.069,0.002,0.215,0.0,0.017,0.007,0.045,0.024,0.011,0.148,0.07,0.145,0.026
2018-03-13 10:00:00,0.0,0.079,0.001,0.228,0.0,0.016,0.003,0.04,0.028,0.018,0.145,0.068,0.146,0.023
2018-03-13 11:00:00,0.0,0.065,0.003,0.152,0.0,0.018,0.007,0.039,0.016,0.021,0.148,0.071,0.157,0.021
2018-03-13 12:00:00,0.001,0.066,0.002,0.155,0.0,0.027,0.002,0.04,0.013,0.021,0.135,0.083,0.144,0.023
2018-03-13 13:00:00,0.002,0.067,0.015,0.242,0.0,0.031,0.007,0.041,0.016,0.02,0.114,0.092,0.142,0.024
2018-03-13 14:00:00,0.003,0.067,0.006,0.269,0.0,0.049,0.0,0.04,0.017,0.019,0.104,0.093,0.155,0.036
2018-03-13 15:00:00,0.003,0.065,0.013,0.259,0.001,0.024,0.0,0.039,0.012,0.02,0.121,0.095,0.161,0.022
2018-03-13 16:00:00,0.005,0.036,0.011,0.243,0.002,0.027,0.0,0.046,0.021,0.021,0.085,0.085,0.134,0.04
2018-03-13 17:00:00,0.005,0.023,0.011,0.294,0.003,0.036,0.0,0.046,0.016,0.021,0.133,0.079,0.123,0.039
2018-03-13 18:00:00,0.0,0.025,0.014,0.292,0.003,0.037,0.0,0.056,0.042,0.022,0.072,0.068,0.129,0.039
2018-03-13 19:00:00,0.0,0.023,0.015,0.319,0.003,0.088,0.0,0.061,0.02,0.023,0.09,0.073,0.138,0.039
2018-03-13 20:00:00,0.0,0.019,0.01,0.329,0.002,0.049,0.0,0.069,0.011,0.023,0.082,0.081,0.137,0.071
2018-03-13 21:00:00,0.0,0.015,0.009,0.259,0.001,0.031,0.0,0.067,0.014,0.023,0.104,0.082,0.136,0.032
2018-03-13 22:00:00,0.0,0.011,0.008,0.211,0.0,0.029,0.0,0.066,0.015,0.024,0.097,0.082,0.138,0.03
2018-03-13 23:00:00,0.0,0.005,0.008,0.219,0.001,0.031,0.0,0.069,0.03,0.024,0.089,0.081,0.135,0.028
2018-03-14 00:00:00,0.0,0.002,0.008,0.204,0.001,0.031,0.0,0.091,0.021,0.023,0.084,0.081,0.135,0.027
2018-03-14 01:00:00,0.0,0.001,0.008,0.196,0.001,0.034,0.0,0.084,0.017,0.023,0.073,0.08,0.14,0.024
2018-03-14 02:00:00,0.002,0.002,0.008,0.183,0.0,0.035,0.0,0.084,0.02,0.014,0.085,0.079,0.129,0.024
2018-03-14 03:00:00,0.0,0.002,0.013,0.184,0.0,0.039,0.0,0.081,0.037,0.013,0.088,0.076,0.131,0.031
2018-03-14 04:00:00,0.0,0.003,0.013,0.169,0.0,0.039,0.005,0.081,0.021,0.014,0.1,0.08,0.129,0.044
2018-03-14 05:00:00,0.0,0.002,0.023,0.159,0.0,0.053,0.005,0.081,0.039,0.015,0.098,0.064,0.128,0.024
2018-03-14 06:00:00,0.0,0.012,0.044,0.205,0.023,0.034,0.0,0.08,0.037,0.014,0.117,0.062,0.142,0.024
2018-03-14 07:00:00,0.0,0.015,0.031,0.218,0.0,0.02,0.0,0.08,0.024,0.013,0.111,0.066,0.137,0.024
2018-03-14 08:00:00,0.0,0.044,0.059,0.187,0.0,0.03,0.0,0.079,0.027,0.011,0.148,0.073,0.177,0.024
2018-03-14 09:00:00,0.002,0.058,0.035,0.195,0.0,0.033,0.0,0.046,0.016,0.007,0.151,0.066,0.239,0.022
2018-03-14 10:00:00,0.0,0.061,0.088,0.189,0.0,0.024,0.0,0.027,0.013,0.014,0.151,0.063,0.259,0.02
2018-03-14 11:00:00,0.0,0.064,0.088,0.159,0.0,0.019,0.0,0.012,0.0,0.019,0.141,0.068,0.13,0.018
2018-03-14 12:00:00,0.0,0.066,0.056,0.151,0.0,0.021,0.0,0.007,0.0,0.014,0.125,0.114,0.203,0.017
2018-03-14 13:00:00,0.0,0.067,0.045,0.221,0.0,0.023,0.0,0.01,0.004,0.012,0.107,0.09,0.131,0.019
2018-03-14 14:00:00,0.001,0.067,0.037,0.253,0.001,0.07,0.0,0.014,0.0,0.013,0.105,0.098,0.195,0.017
2018-03-14 15:00:00,0.001,0.065,0.037,0.257,0.002,0.049,0.0,0.019,0.005,0.015,0.098,0.089,0.139,0.016
2018-03-14 16:00:00,0.0,0.035,0.021,0.233,0.003,0.054,0.008,0.033,0.009,0.017,0.084,0.08,0.187,0.057
2018-03-14 17:00:00,0.025,0.023,0.018,0.256,0.004,0.05,0.009,0.045,0.009,0.02,0.078,0.074,0.12,0.032
2018-03-14 18:00:00,0.0,0.025,0.011,0.289,0.004,0.04,0.0,0.042,0.034,0.022,0.069,0.066,0.122,0.038
2018-03-14 19:00:00,0.0,0.023,0.018,0.314,0.003,0.041,0.0,0.054,0.016,0.023,0.098,0.072,0.191,0.036
2018-03-14 20:00:00,0.0,0.024,0.01,0.303,0.002,0.038,0.001,0.063,0.009,0.023,0.082,0.08,0.276,0.036
2018-03-14 21:00:00,0.0,0.013,0.008,0.26,0.001,0.061,0.015,0.067,0.012,0.024,0.102,0.082,0.287,0.032
2018-03-14 22:00:00,0.0,0.01,0.008,0.203,0.0,0.023,0.0,0.066,0.014,0.024,0.095,0.084,0.292,0.028
2018-03-14 23:00:00,0.0,0.005,0.008,0.217,0.001,0.024,0.0,0.069,0.03,0.024,0.086,0.069,0.185,0.028
2018-03-15 00:00:00,0.0,0.001,0.008,0.212,0.001,0.025,0.0,0.092,0.013,0.024,0.083,0.081,0.136,0.027
2018-03-15 01:00:00,0.0,0.001,0.008,0.187,0.0,0.033,0.0,0.085,0.014,0.023,0.071,0.081,0.144,0.023
2018-03-15 02:00:00,0.002,0.002,0.008,0.172,0.0,0.031,0.0,0.085,0.018,0.013,0.084,0.081,0.159,0.024
2018-03-15 03:00:00,0.0,0.001,0.013,0.164,0.0,0.048,0.0,0.082,0.02,0.013,0.087,0.081,0.13,0.032
2018-03-15 04:00:00,0.008,0.003,0.014,0.167,0.0,0.04,0.0,0.083,0.019,0.015,0.098,0.081,0.126,0.038
2018-03-15 05:00:00,0.001,0.002,0.037,0.153,0.011,0.032,0.007,0.082,0.049,0.015,0.098,0.066,0.195,0.038
2018-03-15 06:00:00,0.009,0.012,0.028,0.193,0.009,0.027,0.0,0.082,0.047,0.015,0.107,0.067,0.159,0.027
2018-03-15 07:00:00,0.002,0.015,0.028,0.189,0.031,0.051,0.0,0.081,0.042,0.015,0.11,0.072,0.186,0.031
2018-03-15 08:00:00,0.001,0.059,0.004,0.182,0.013,0.036,0.0,0.08,0.035,0.012,0.131,0.072,0.146,0.049
2018-03-15 09:00:00,0.0,0.087,0.008,0.203,0.016,0.068,0.0,0.038,0.03,0.01,0.149,0.075,0.141,0.044
2018-03-15 10:00:00,0.0,0.065,0.014,0.192,0.01,0.022,0.0,0.027,0.029,0.017,0.143,0.072,0.149,0.06
2018-03-15 11:00:00,0.0,0.064,0.024,0.159,0.0,0.037,0.0,0.027,0.019,0.021,0.149,0.083,0.173,0.033
2018-03-15 12:00:00,0.0,0.066,0.044,0.154,0.0,0.008,0.0,0.022,0.017,0.017,0.137,0.09,0.207,0.018
2018-03-15 13:00:00,0.0,0.068,0.068,0.216,0.0,0.011,0.0,0.021,0.017,0.013,0.118,0.086,0.127,0.03
2018-03-15 14:00:00,0.004,0.071,0.05,0.236,0.0,0.04,0.0,0.017,0.022,0.014,0.104,0.086,0.124,0.019
2018-03-15 15:00:00,0.007,0.069,0.041,0.246,0.001,0.058,0.0,0.013,0.028,0.014,0.107,0.088,0.118,0.043
2018-03-15 16:00:00,0.005,0.038,0.035,0.286,0.002,0.063,0.0,0.02,0.019,0.016,0.086,0.081,0.103,0.068
2018-03-15 17:00:00,0.006,0.029,0.029,0.302,0.003,0.076,0.0,0.017,0.017,0.018,0.084,0.073,0.11,0.043
2018-03-15 18:00:00,0.0,0.047,0.009,0.291,0.003,0.068,0.0,0.031,0.044,0.021,0.071,0.063,0.129,0.056
2018-03-15 19:00:00,0.0,0.037,0.017,0.355,0.002,0.073,0.0,0.051,0.033,0.023,0.087,0.07,0.132,0.077
2018-03-15 20:00:00,0.0,0.02,0.009,0.366,0.002,0.045,0.0,0.066,0.011,0.023,0.091,0.081,0.139,0.051
2018-03-15 21:00:00,0.0,0.014,0.009,0.262,0.001,0.027,0.0,0.071,0.012,0.023,0.099,0.083,0.132,0.04
2018-03-15 22:00:00,0.0,0.011,0.009,0.202,0.0,0.032,0.0,0.07,0.012,0.024,0.094,0.087,0.133,0.028
2018-03-15 23:00:00,0.0,0.005,0.009,0.212,0.001,0.029,0.0,0.076,0.033,0.024,0.086,0.081,0.133,0.027
2018-03-16 00:00:00,0.0,0.002,0.01,0.2,0.0,0.037,0.0,0.089,0.024,0.024,0.083,0.081,0.133,0.026
2018-03-16 01:00:00,0.0,0.001,0.011,0.206,0.0,0.038,0.0,0.085,0.025,0.023,0.072,0.081,0.142,0.024
2018-03-16 02:00:00,0.002,0.002,0.026,0.19,0.0,0.036,0.0,0.085,0.028,0.018,0.085,0.082,0.131,0.024
2018-03-16 03:00:00,0.0,0.002,0.015,0.201,0.0,0.035,0.0,0.083,0.032,0.018,0.089,0.082,0.132,0.032
2018-03-16 04:00:00,0.0,0.002,0.016,0.172,0.013,0.03,0.0,0.085,0.032,0.02,0.098,0.082,0.131,0.039
2018-03-16 05:00:00,0.001,0.012,0.01,0.182,0.024,0.069,0.0,0.084,0.064,0.019,0.097,0.079,0.133,0.035
2018-03-16 06:00:00,0.0,0.021,0.009,0.208,0.007,0.029,0.0,0.084,0.05,0.021,0.107,0.083,0.154,0.052
2018-03-16 07:00:00,0.006,0.014,0.025,0.223,0.0,0.026,0.007,0.084,0.05,0.021,0.109,0.086,0.139,0.026
2018-03-16 08:00:00,0.014,0.044,0.013,0.225,0.0,0.034,0.0,0.084,0.049,0.02,0.13,0.085,0.146,0.027
2018-03-16 09:00:00,0.0,0.058,0.009,0.238,0.0,0.034,0.0,0.084,0.045,0.02,0.149,0.089,0.153,0.029
2018-03-16 10:00:00,0.0,0.063,0.005,0.228,0.0,0.032,0.0,0.084,0.046,0.021,0.15,0.089,0.164,0.044
2018-03-16 11:00:00,0.0,0.065,0.004,0.187,0.0,0.037,0.0,0.078,0.037,0.021,0.146,0.094,0.159,0.074
2018-03-16 12:00:00,0.0,0.066,0.006,0.178,0.0,0.031,0.0,0.077,0.034,0.022,0.133,0.105,0.251,0.036
2018-03-16 13:00:00,0.0,0.067,0.012,0.216,0.0,0.024,0.0,0.079,0.035,0.022,0.114,0.109,0.167,0.035
2018-03-16 14:00:00,0.0,0.068,0.01,0.23,0.0,0.034,0.0,0.075,0.037,0.021,0.105,0.108,0.204,0.02
2018-03-16 15:00:00,0.001,0.065,0.007,0.24,0.0,0.031,0.0,0.068,0.033,0.021,0.104,0.109,0.171,0.023
2018-03-16 16:00:00,0.001,0.033,0.009,0.241,0.001,0.036,0.0,0.064,0.033,0.021,0.086,0.097,0.175,0.039
2018-03-16 17:00:00,0.005,0.03,0.012,0.26,0.001,0.025,0.0,0.062,0.031,0.021,0.074,0.086,0.129,0.042
2018-03-16 18:00:00,0.0,0.021,0.011,0.271,0.001,0.029,0.0,0.073,0.049,0.022,0.074,0.08,0.128,0.038
2018-03-16 19:00:00,0.0,0.02,0.019,0.271,0.001,0.024,0.0,0.083,0.039,0.023,0.084,0.081,0.135,0.034
2018-03-16 20:00:00,0.0,0.014,0.014,0.294,0.001,0.029,0.0,0.086,0.031,0.023,0.078,0.081,0.138,0.042
2018-03-16 21:00:00,0.0,0.011,0.014,0.241,0.0,0.017,0.0,0.086,0.033,0.023,0.101,0.081,0.139,0.031
2018-03-16 22:00:00,0.0,0.008,0.012,0.206,0.0,0.033,0.0,0.086,0.035,0.024,0.097,0.083,0.138,0.031
2018-03-16 23:00:00,0.0,0.004,0.013,0.206,0.0,0.033,0.0,0.086,0.04,0.024,0.089,0.082,0.137,0.03
2018-03-17 00:00:00,0.0,0.001,0.013,0.204,0.0,0.033,0.0,0.084,0.041,0.024,0.069,0.082,0.138,0.028
2018-03-17 01:00:00,0.0,0.001,0.013,0.194,0.0,0.033,0.0,0.083,0.039,0.024,0.053,0.082,0.145,0.027
2018-03-17 02:00:00,0.002,0.001,0.013,0.18,0.0,0.033,0.0,0.083,0.036,0.022,0.06,0.082,0.135,0.027
2018-03-17 03:00:00,0.0,0.001,0.016,0.182,0.0,0.031,0.0,0.083,0.034,0.022,0.061,0.081,0.137,0.03
2018-03-17 04:00:00,0.0,0.002,0.017,0.167,0.0,0.03,0.0,0.083,0.032,0.023,0.075,0.083,0.155,0.029
2018-03-17 05:00:00,0.0,0.002,0.016,0.174,0.0,0.047,0.0,0.081,0.043,0.021,0.065,0.08,0.14,0.028
2018-03-17 06:00:00,0.0,0.01,0.031,0.186,0.0,0.028,0.0,0.081,0.043,0.021,0.071,0.079,0.137,0.03
2018-03-17 07:00:00,0.0,0.014,0.034,0.171,0.0,0.025,0.0,0.079,0.042,0.02,0.074,0.081,0.164,0.029
2018-03-17 08:00:00,0.0,0.042,0.025,0.187,0.0,0.054,0.0,0.078,0.034,0.017,0.092,0.08,0.247,0.029
2018-03-17 09:00:00,0.0,0.058,0.023,0.184,0.0,0.029,0.005,0.071,0.038,0.018,0.106,0.08,0.274,0.025
2018-03-17 10:00:00,0.0,0.063,0.024,0.198,0.0,0.031,0.0,0.074,0.032,0.019,0.127,0.081,0.141,0.022
2018-03-17 11:00:00,0.0,0.067,0.021,0.202,0.0,0.023,0.0,0.078,0.032,0.021,0.135,0.081,0.131,0.027
2018-03-17 12:00:00,0.001,0.071,0.017,0.192,0.0,0.032,0.0,0.082,0.034,0.022,0.137,0.081,0.172,0.023
2018-03-17 13:00:00,0.003,0.074,0.013,0.194,0.015,0.033,0.0,0.093,0.037,0.021,0.119,0.081,0.169,0.035
2018-03-17 14:00:00,0.005,0.073,0.008,0.234,0.0,0.053,0.0,0.082,0.041,0.021,0.109,0.083,0.12,0.046
2018-03-17 15:00:00,0.005,0.069,0.011,0.227,0.001,0.061,0.0,0.082,0.036,0.022,0.104,0.085,0.126,0.024
2018-03-17 16:00:00,0.004,0.039,0.006,0.276,0.003,0.061,0.0,0.081,0.043,0.022,0.085,0.094,0.126,0.056
2018-03-17 17:00:00,0.023,0.027,0.011,0.281,0.004,0.038,0.0,0.081,0.041,0.022,0.076,0.099,0.131,0.082
2018-03-17 18:00:00,0.0,0.023,0.014,0.273,0.004,0.028,0.0,0.082,0.059,0.023,0.076,0.098,0.133,0.073
2018-03-17 19:00:00,0.001,0.021,0.017,0.285,0.004,0.026,0.0,0.085,0.048,0.024,0.093,0.099,0.141,0.034
2018-03-17 20:00:00,0.001,0.02,0.019,0.277,0.003,0.032,0.0,0.09,0.041,0.025,0.087,0.099,0.146,0.032
2018-03-17 21:00:00,0.001,0.018,0.02,0.269,0.002,0.033,0.0,0.091,0.046,0.026,0.088,0.097,0.15,0.032
2018-03-17 22:00:00,0.001,0.012,0.02,0.243,0.001,0.033,0.0,0.092,0.047,0.027,0.08,0.096,0.153,0.031
2018-03-17 23:00:00,0.0,0.005,0.02,0.235,0.0,0.033,0.0,0.093,0.048,0.027,0.07,0.093,0.168,0.03
2018-03-18 00:00:00,0.0,0.001,0.02,0.208,0.0,0.032,0.0,0.091,0.048,0.026,0.065,0.092,0.164,0.029
2018-03-18 01:00:00,0.0,0.001,0.02,0.203,0.0,0.034,0.0,0.091,0.047,0.026,0.064,0.092,0.162,0.028
2018-03-18 02:00:00,0.0,0.001,0.02,0.201,0.0,0.034,0.0,0.092,0.048,0.025,0.063,0.092,0.158,0.028
2018-03-18 03:00:00,0.0,0.002,0.02,0.201,0.0,0.033,0.0,0.092,0.048,0.025,0.062,0.091,0.159,0.031
2018-03-18 04:00:00,0.0,0.002,0.0,0.202,0.0,0.034,0.0,0.0,0.048,0.0,0.07,0.088,0.159,0.031
2018-03-18 05:00:00,0.0,0.013,0.0,0.2,0.0,0.033,0.0,0.0,0.049,0.0,0.067,0.085,0.157,0.03
2018-03-18 06:00:00,0.0,0.025,0.015,0.207,0.0,0.031,0.0,0.07,0.049,0.019,0.07,0.085,0.154,0.03
2018-03-18 07:00:00,0.0,0.015,0.029,0.207,0.0,0.032,0.0,0.092,0.055,0.025,0.073,0.086,0.187,0.03
2018-03-18 08:00:00,0.0,0.041,0.048,0.197,0.0,0.032,0.0,0.089,0.048,0.023,0.089,0.083,0.221,0.034
2018-03-18 09:00:00,0.0,0.055,0.02,0.182,0.0,0.023,0.0,0.087,0.05,0.022,0.097,0.083,0.18,0.044
2018-03-18 10:00:00,0.002,0.058,0.028,0.183,0.0,0.02,0.0,0.086,0.044,0.021,0.103,0.083,0.148,0.038
2018-03-18 11:00:00,0.004,0.061,0.031,0.161,0.0,0.05,0.0,0.084,0.036,0.022,0.122,0.081,0.153,0.034
2018-03-18 12:00:00,0.007,0.063,0.029,0.144,0.0,0.085,0.0,0.083,0.03,0.022,0.118,0.086,0.145,0.038
2018-03-18 13:00:00,0.01,0.066,0.019,0.145,0.0,0.058,0.0,0.081,0.025,0.022,0.11,0.083,0.143,0.031
2018-03-18 14:00:00,0.011,0.074,0.009,0.16,0.0,0.05,0.0,0.079,0.026,0.021,0.106,0.1,0.13,0.027
2018-03-18 15:00:00,0.009,0.071,0.003,0.217,0.0,0.04,0.0,0.077,0.022,0.021,0.095,0.111,0.123,0.025
2018-03-18 16:00:00,0.004,0.044,0.005,0.186,0.0,0.024,0.0,0.075,0.027,0.021,0.073,0.101,0.118,0.107
2018-03-18 17:00:00,0.006,0.023,0.01,0.209,0.0,0.024,0.0,0.076,0.024,0.021,0.067,0.079,0.117,0.051
2018-03-18 18:00:00,0.0,0.015,0.03,0.225,0.0,0.02,0.0,0.078,0.052,0.022,0.08,0.078,0.127,0.04
2018-03-18 19:00:00,0.0,0.013,0.013,0.234,0.0,0.024,0.0,0.081,0.045,0.023,0.074,0.08,0.137,0.033
2018-03-18 20:00:00,0.009,0.013,0.016,0.239,0.0,0.025,0.0,0.083,0.044,0.023,0.058,0.079,0.145,0.037
2018-03-18 21:00:00,0.001,0.012,0.017,0.23,0.0,0.022,0.0,0.086,0.035,0.024,0.072,0.08,0.149,0.028
2018-03-18 22:00:00,0.0,0.007,0.017,0.207,0.0,0.031,0.0,0.087,0.039,0.025,0.074,0.082,0.155,0.028
2018-03-18 23:00:00,0.0,0.003,0.018,0.209,0.0,0.049,0.0,0.09,0.046,0.026,0.071,0.083,0.157,0.028
2018-03-19 00:00:00,0.0,0.001,0.017,0.2,0.0,0.032,0.0,0.089,0.043,0.026,0.078,0.084,0.158,0.028
2018-03-19 01:00:00,0.0,0.0,0.015,0.213,0.0,0.034,0.0,0.087,0.042,0.025,0.089,0.086,0.163,0.028
2018-03-19 02:00:00,0.001,0.001,0.015,0.198,0.0,0.034,0.0,0.087,0.043,0.024,0.082,0.088,0.157,0.028
2018-03-19 03:00:00,0.0,0.001,0.018,0.196,0.0,0.033,0.0,0.086,0.045,0.024,0.082,0.087,0.158,0.032
2018-03-19 04:00:00,0.0,0.001,0.02,0.19,0.0,0.034,0.0,0.088,0.045,0.024,0.088,0.084,0.158,0.03
2018-03-19 05:00:00,0.0,0.004,0.026,0.191,0.0,0.034,0.0,0.088,0.051,0.023,0.089,0.083,0.158,0.029
2018-03-19 06:00:00,0.0,0.013,0.033,0.198,0.0,0.049,0.0,0.088,0.047,0.024,0.098,0.084,0.161,0.029
2018-03-19 07:00:00,0.001,0.014,0.024,0.208,0.0,0.031,0.0,0.087,0.047,0.024,0.103,0.085,0.175,0.029
2018-03-19 08:00:00,0.0,0.043,0.005,0.197,0.0,0.042,0.0,0.084,0.046,0.021,0.125,0.085,0.329,0.041
2018-03-19 09:00:00,0.001,0.056,0.014,0.202,0.0,0.03,0.0,0.082,0.045,0.021,0.145,0.087,0.223,0.034
2018-03-19 10:00:00,0.001,0.061,0.03,0.199,0.0,0.038,0.0,0.079,0.04,0.02,0.15,0.088,0.197,0.032
2018-03-19 11:00:00,0.004,0.064,0.031,0.167,0.0,0.054,0.0,0.078,0.029,0.021,0.157,0.117,0.158,0.032
2018-03-19 12:00:00,0.007,0.067,0.027,0.159,0.0,0.067,0.0,0.076,0.023,0.021,0.149,0.112,0.159,0.029
2018-03-19 13:00:00,0.009,0.07,0.027,0.207,0.0,0.03,0.0,0.072,0.019,0.021,0.13,0.119,0.291,0.027
2018-03-19 14:00:00,0.011,0.072,0.033,0.278,0.0,0.055,0.0,0.071,0.019,0.021,0.12,0.119,0.141,0.022
2018-03-19 15:00:00,0.012,0.076,0.008,0.27,0.0,0.052,0.0,0.069,0.014,0.021,0.123,0.117,0.133,0.024
2018-03-19 16:00:00,0.007,0.052,0.003,0.249,0.001,0.031,0.0,0.077,0.021,0.022,0.093,0.105,0.123,0.056
2018-03-19 17:00:00,0.007,0.03,0.017,0.261,0.001,0.019,0.0,0.069,0.026,0.022,0.076,0.091,0.121,0.044
2018-03-19 18:00:00,0.0,0.024,0.01,0.281,0.001,0.019,0.0,0.077,0.047,0.022,0.07,0.077,0.152,0.055
2018-03-19 19:00:00,0.0,0.022,0.018,0.289,0.01,0.022,0.0,0.081,0.035,0.023,0.08,0.079,0.134,0.039
2018-03-19 20:00:00,0.0,0.016,0.015,0.28,0.001,0.026,0.0,0.085,0.023,0.023,0.077,0.08,0.144,0.034
2018-03-19 21:00:00,0.0,0.011,0.015,0.243,0.0,0.024,0.001,0.086,0.027,0.024,0.106,0.079,0.149,0.03
2018-03-19 22:00:00,0.0,0.008,0.015,0.212,0.0,0.02,0.0,0.087,0.036,0.025,0.103,0.081,0.147,0.03
2018-03-19 23:00:00,0.0,0.005,0.016,0.218,0.0,0.022,0.0,0.089,0.033,0.026,0.097,0.081,0.151,0.029
2018-03-20 00:00:00,0.0,0.002,0.016,0.202,0.0,0.023,0.0,0.088,0.038,0.026,0.09,0.081,0.154,0.027
2018-03-20 01:00:00,0.0,0.001,0.016,0.2,0.0,0.033,0.0,0.087,0.039,0.025,0.085,0.085,0.162,0.027
2018-03-20 02:00:00,0.001,0.002,0.016,0.199,0.0,0.034,0.0,0.088,0.039,0.025,0.083,0.081,0.157,0.027
2018-03-20 03:00:00,0.0,0.002,0.018,0.197,0.0,0.034,0.0,0.086,0.04,0.024,0.083,0.084,0.158,0.032
2018-03-20 04:00:00,0.0,0.002,0.018,0.191,0.001,0.033,0.0,0.088,0.041,0.024,0.092,0.083,0.158,0.03
2018-03-20 05:00:00,0.0,0.019,0.02,0.189,0.0,0.031,0.0,0.088,0.045,0.023,0.091,0.082,0.159,0.035
2018-03-20 06:00:00,0.0,0.029,0.019,0.204,0.0,0.033,0.0,0.088,0.045,0.024,0.099,0.083,0.162,0.036
2018-03-20 07:00:00,0.001,0.029,0.01,0.213,0.0,0.033,0.0,0.087,0.047,0.024,0.104,0.085,0.191,0.031
2018-03-20 08:00:00,0.002,0.046,0.029,0.217,0.0,0.034,0.0,0.084,0.046,0.022,0.13,0.085,0.37,0.033
2018-03-20 09:00:00,0.004,0.067,0.05,0.218,0.0,0.029,0.001,0.079,0.037,0.021,0.159,0.097,0.371,0.033
2018-03-20 10:00:00,0.011,0.065,0.057,0.192,0.0,0.047,0.018,0.076,0.024,0.02,0.16,0.12,0.242,0.029
2018-03-20 11:00:00,0.012,0.072,0.058,0.172,0.0,0.053,0.001,0.069,0.004,0.02,0.167,0.167,0.171,0.029
2018-03-20 12:00:00,0.019,0.081,0.053,0.285,0.0,0.066,0.001,0.056,0.016,0.022,0.154,0.208,0.196,0.024
2018-03-20 13:00:00,0.026,0.09,0.045,0.508,0.0,0.049,0.016,0.048,0.072,0.023,0.135,0.22,0.18,0.032
2018-03-20 14:00:00,0.026,0.092,0.049,0.584,0.001,0.081,0.012,0.041,0.101,0.021,0.128,0.232,0.161,0.062
2018-03-20 15:00:00,0.024,0.12,0.088,0.578,0.007,0.087,0.004,0.034,0.109,0.023,0.165,0.24,0.133,0.134
2018-03-20 16:00:00,0.018,0.056,0.069,0.51,0.004,0.093,0.002,0.035,0.045,0.019,0.108,0.197,0.118,0.159
2018-03-20 17:00:00,0.025,0.034,0.026,0.5,0.004,0.081,0.001,0.029,0.008,0.02,0.11,0.131,0.132,0.115
2018-03-20 18:00:00,0.01,0.028,0.006,0.335,0.004,0.022,0.0,0.049,0.015,0.021,0.071,0.056,0.272,0.076
2018-03-20 19:00:00,0.008,0.026,0.016,0.352,0.008,0.064,0.0,0.067,0.017,0.022,0.087,0.07,0.349,0.062
2018-03-20 20:00:00,0.004,0.021,0.009,0.319,0.013,0.035,0.0,0.08,0.015,0.022,0.078,0.079,0.328,0.049
2018-03-20 21:00:00,0.001,0.014,0.009,0.285,0.001,0.03,0.0,0.082,0.02,0.023,0.101,0.08,0.214,0.03
2018-03-20 22:00:00,0.0,0.011,0.01,0.23,0.0,0.027,0.0,0.083,0.026,0.024,0.101,0.081,0.132,0.028
2018-03-20 23:00:00,0.0,0.006,0.012,0.222,0.001,0.026,0.0,0.085,0.033,0.025,0.104,0.081,0.139,0.027
2018-03-21 00:00:00,0.0,0.002,0.013,0.209,0.0,0.031,0.0,0.084,0.034,0.025,0.088,0.081,0.16,0.028
2018-03-21 01:00:00,0.0,0.001,0.013,0.205,0.0,0.033,0.0,0.084,0.035,0.025,0.084,0.081,0.152,0.026
2018-03-21 02:00:00,0.001,0.002,0.014,0.199,0.0,0.037,0.0,0.085,0.035,0.024,0.085,0.081,0.148,0.026
2018-03-21 03:00:00,0.0,0.002,0.017,0.199,0.0,0.033,0.0,0.084,0.04,0.024,0.084,0.084,0.146,0.034
2018-03-21 04:00:00,0.001,0.002,0.018,0.193,0.0,0.035,0.0,0.084,0.045,0.024,0.099,0.083,0.137,0.028
2018-03-21 05:00:00,0.0,0.001,0.024,0.196,0.0,0.035,0.0,0.085,0.049,0.023,0.095,0.083,0.136,0.027
2018-03-21 06:00:00,0.001,0.01,0.013,0.219,0.0,0.032,0.0,0.085,0.047,0.023,0.103,0.084,0.141,0.028
2018-03-21 07:00:00,0.001,0.014,0.01,0.225,0.004,0.033,0.0,0.084,0.047,0.023,0.106,0.086,0.171,0.057
2018-03-21 08:00:00,0.001,0.043,0.005,0.218,0.007,0.025,0.0,0.081,0.038,0.022,0.127,0.085,0.211,0.041
2018-03-21 09:00:00,0.0,0.057,0.018,0.226,0.012,0.03,0.0,0.077,0.037,0.021,0.144,0.091,0.222,0.046
2018-03-21 10:00:00,0.001,0.061,0.036,0.227,0.028,0.024,0.0,0.072,0.026,0.019,0.145,0.097,0.148,0.044
2018-03-21 11:00:00,0.002,0.063,0.043,0.191,0.002,0.037,0.0,0.051,0.009,0.021,0.146,0.128,0.151,0.022
2018-03-21 12:00:00,0.005,0.068,0.047,0.182,0.0,0.048,0.0,0.036,0.001,0.019,0.135,0.134,0.214,0.028
2018-03-21 13:00:00,0.006,0.072,0.034,0.213,0.01,0.024,0.0,0.028,0.004,0.015,0.115,0.112,0.209,0.035
2018-03-21 14:00:00,0.005,0.075,0.022,0.242,0.012,0.043,0.0,0.025,0.0,0.013,0.106,0.104,0.145,0.02
2018-03-21 15:00:00,0.003,0.073,0.041,0.258,0.003,0.042,0.0,0.023,0.0,0.009,0.105,0.093,0.183,0.017
2018-03-21 16:00:00,0.001,0.042,0.025,0.229,0.014,0.03,0.009,0.043,0.006,0.014,0.086,0.079,0.11,0.028
2018-03-21 17:00:00,0.005,0.027,0.024,0.251,0.005,0.022,0.0,0.029,0.0,0.017,0.075,0.067,0.105,0.033
2018-03-21 18:00:00,0.0,0.028,0.01,0.28,0.004,0.05,0.0,0.053,0.022,0.02,0.073,0.057,0.19,0.033
2018-03-21 19:00:00,0.0,0.033,0.019,0.312,0.02,0.024,0.0,0.059,0.02,0.021,0.092,0.066,0.201,0.039
2018-03-21 20:00:00,0.0,0.022,0.009,0.32,0.007,0.045,0.001,0.072,0.006,0.024,0.088,0.076,0.134,0.032
2018-03-21 21:00:00,0.0,0.015,0.007,0.289,0.002,0.023,0.0,0.088,0.007,0.023,0.119,0.078,0.135,0.03
2018-03-21 22:00:00,0.0,0.011,0.007,0.256,0.0,0.023,0.0,0.079,0.012,0.023,0.096,0.079,0.121,0.023
2018-03-21 23:00:00,0.0,0.006,0.008,0.206,0.001,0.024,0.0,0.084,0.023,0.024,0.089,0.078,0.124,0.021
2018-03-22 00:00:00,0.0,0.002,0.008,0.198,0.001,0.025,0.0,0.082,0.022,0.023,0.085,0.078,0.177,0.024
2018-03-22 01:00:00,0.003,0.002,0.008,0.192,0.001,0.031,0.0,0.076,0.021,0.023,0.076,0.077,0.354,0.018
2018-03-22 02:00:00,0.002,0.003,0.009,0.182,0.0,0.03,0.0,0.077,0.017,0.022,0.083,0.077,0.34,0.018
2018-03-22 03:00:00,0.0,0.003,0.013,0.178,0.0,0.026,0.0,0.075,0.023,0.022,0.087,0.078,0.284,0.027
2018-03-22 04:00:00,0.0,0.003,0.021,0.172,0.002,0.051,0.0,0.076,0.024,0.022,0.1,0.078,0.113,0.021
2018-03-22 05:00:00,0.0,0.002,0.019,0.164,0.0,0.03,0.0,0.076,0.039,0.021,0.094,0.07,0.116,0.052
2018-03-22 06:00:00,0.0,0.012,0.009,0.208,0.029,0.03,0.0,0.076,0.036,0.021,0.103,0.072,0.125,0.018
2018-03-22 07:00:00,0.002,0.036,0.01,0.205,0.009,0.045,0.0,0.075,0.033,0.021,0.107,0.079,0.129,0.017
2018-03-22 08:00:00,0.006,0.047,0.02,0.191,0.019,0.013,0.0,0.072,0.028,0.019,0.127,0.072,0.176,0.018
2018-03-22 09:00:00,0.004,0.06,0.022,0.21,0.036,0.015,0.0,0.056,0.017,0.015,0.147,0.072,0.202,0.026
2018-03-22 10:00:00,0.001,0.066,0.046,0.192,0.014,0.03,0.0,0.034,0.011,0.015,0.146,0.079,0.14,0.032
2018-03-22 11:00:00,0.004,0.07,0.05,0.162,0.002,0.041,0.0,0.028,0.0,0.019,0.151,0.108,0.21,0.035
2018-03-22 12:00:00,0.008,0.073,0.04,0.167,0.001,0.056,0.0,0.022,0.003,0.017,0.177,0.126,0.305,0.023
2018-03-22 13:00:00,0.012,0.074,0.03,0.241,0.001,0.041,0.0,0.018,0.011,0.014,0.148,0.131,0.222,0.04
2018-03-22 14:00:00,0.013,0.077,0.024,0.283,0.001,0.058,0.0,0.018,0.02,0.013,0.114,0.136,0.266,0.063
2018-03-22 15:00:00,0.013,0.076,0.026,0.33,0.023,0.047,0.002,0.021,0.044,0.013,0.115,0.148,0.176,0.138
2018-03-22 16:00:00,0.01,0.052,0.034,0.369,0.003,0.044,0.003,0.017,0.048,0.015,0.101,0.138,0.169,0.214
2018-03-22 17:00:00,0.011,0.053,0.017,0.453,0.004,0.04,0.002,0.01,0.011,0.016,0.09,0.097,0.123,0.164
2018-03-22 18:00:00,0.001,0.037,0.004,0.409,0.005,0.052,0.001,0.021,0.034,0.019,0.078,0.056,0.161,0.049
2018-03-22 19:00:00,0.0,0.039,0.026,0.378,0.004,0.051,0.0,0.049,0.029,0.021,0.099,0.064,0.177,0.058
2018-03-22 20:00:00,0.0,0.035,0.007,0.354,0.003,0.048,0.0,0.055,0.016,0.023,0.084,0.077,0.127,0.101
2018-03-22 21:00:00,0.0,0.018,0.006,0.288,0.002,0.02,0.0,0.066,0.022,0.023,0.103,0.081,0.125,0.029
2018-03-22 22:00:00,0.0,0.014,0.007,0.223,0.0,0.023,0.0,0.077,0.024,0.023,0.098,0.082,0.147,0.025
2018-03-22 23:00:00,0.0,0.007,0.008,0.231,0.001,0.025,0.0,0.08,0.035,0.024,0.089,0.081,0.192,0.023
2018-03-23 00:00:00,0.0,0.002,0.008,0.218,0.001,0.027,0.0,0.083,0.025,0.023,0.085,0.081,0.133,0.026
2018-03-23 01:00:00,0.0,0.001,0.01,0.216,0.0,0.034,0.0,0.078,0.026,0.024,0.077,0.081,0.143,0.024
2018-03-23 02:00:00,0.002,0.003,0.011,0.208,0.0,0.034,0.0,0.079,0.028,0.023,0.083,0.075,0.137,0.026
2018-03-23 03:00:00,0.0,0.003,0.015,0.196,0.0,0.033,0.0,0.077,0.038,0.022,0.086,0.08,0.14,0.064
2018-03-23 04:00:00,0.001,0.003,0.021,0.192,0.0,0.031,0.0,0.078,0.023,0.023,0.103,0.081,0.142,0.038
2018-03-23 05:00:00,0.001,0.002,0.01,0.191,0.0,0.038,0.001,0.079,0.042,0.022,0.097,0.082,0.159,0.036
2018-03-23 06:00:00,0.016,0.012,0.01,0.235,0.0,0.028,0.0,0.079,0.04,0.022,0.108,0.082,0.144,0.04
2018-03-23 07:00:00,0.011,0.016,0.006,0.26,0.0,0.058,0.0,0.078,0.042,0.021,0.109,0.082,0.171,0.044
2018-03-23 08:00:00,0.021,0.047,0.003,0.215,0.0,0.019,0.0,0.075,0.032,0.016,0.174,0.075,0.409,0.044
2018-03-23 09:00:00,0.009,0.066,0.052,0.211,0.0,0.027,0.0,0.049,0.016,0.013,0.164,0.083,0.469,0.061
2018-03-23 10:00:00,0.009,0.078,0.077,0.203,0.0,0.043,0.0,0.028,0.007,0.015,0.157,0.098,0.228,0.02
2018-03-23 11:00:00,0.027,0.073,0.058,0.207,0.0,0.044,0.0,0.028,0.0,0.021,0.162,0.113,0.287,0.04
2018-03-23 12:00:00,0.023,0.078,0.07,0.276,0.0,0.055,0.008,0.02,0.0,0.018,0.143,0.131,0.323,0.032
2018-03-23 13:00:00,0.019,0.093,0.05,0.369,0.001,0.048,0.001,0.019,0.005,0.014,0.13,0.121,0.153,0.028
2018-03-23 14:00:00,0.027,0.073,0.059,0.337,0.001,0.08,0.002,0.018,0.0,0.009,0.121,0.126,0.232,0.017
2018-03-23 15:00:00,0.015,0.071,0.037,0.33,0.033,0.081,0.002,0.013,0.003,0.012,0.129,0.13,0.15,0.049
2018-03-23 16:00:00,0.01,0.042,0.016,0.43,0.039,0.144,0.001,0.024,0.008,0.013,0.111,0.109,0.204,0.055
2018-03-23 17:00:00,0.018,0.029,0.007,0.373,0.024,0.061,0.0,0.026,0.001,0.015,0.095,0.074,0.168,0.042
2018-03-23 18:00:00,0.024,0.031,0.035,0.385,0.01,0.076,0.0,0.036,0.033,0.018,0.073,0.057,0.118,0.03
2018-03-23 19:00:00,0.073,0.029,0.029,0.364,0.03,0.062,0.0,0.043,0.033,0.021,0.091,0.064,0.129,0.027
2018-03-23 20:00:00,0.051,0.024,0.008,0.42,0.045,0.038,0.0,0.055,0.025,0.022,0.085,0.078,0.152,0.053
2018-03-23 21:00:00,0.029,0.017,0.006,0.315,0.002,0.024,0.0,0.064,0.018,0.023,0.106,0.08,0.286,0.031
2018-03-23 22:00:00,0.009,0.014,0.005,0.234,0.001,0.032,0.0,0.07,0.018,0.025,0.1,0.082,0.212,0.031
2018-03-23 23:00:00,0.003,0.007,0.006,0.233,0.008,0.022,0.0,0.071,0.033,0.024,0.09,0.081,0.297,0.027
2018-03-24 00:00:00,0.001,0.003,0.006,0.25,0.014,0.025,0.0,0.086,0.019,0.023,0.072,0.08,0.204,0.029
2018-03-24 01:00:00,0.0,0.002,0.006,0.237,0.001,0.036,0.0,0.075,0.018,0.023,0.05,0.079,0.223,0.027
2018-03-24 02:00:00,0.003,0.002,0.007,0.192,0.0,0.031,0.0,0.075,0.018,0.017,0.061,0.079,0.166,0.027
2018-03-24 03:00:00,0.0,0.002,0.011,0.189,0.0,0.03,0.0,0.074,0.023,0.016,0.061,0.079,0.143,0.032
2018-03-24 04:00:00,0.0,0.004,0.011,0.226,0.0,0.029,0.0,0.075,0.014,0.019,0.079,0.081,0.144,0.03
2018-03-24 05:00:00,0.029,0.003,0.018,0.203,0.0,0.029,0.0,0.074,0.029,0.019,0.068,0.068,0.146,0.028
2018-03-24 06:00:00,0.013,0.02,0.014,0.217,0.0,0.029,0.0,0.074,0.031,0.018,0.075,0.069,0.149,0.029
2018-03-24 07:00:00,0.007,0.018,0.036,0.215,0.0,0.026,0.0,0.073,0.028,0.016,0.078,0.076,0.229,0.027
2018-03-24 08:00:00,0.024,0.062,0.047,0.22,0.0,0.024,0.0,0.073,0.036,0.016,0.095,0.071,0.366,0.024
2018-03-24 09:00:00,0.023,0.115,0.029,0.255,0.006,0.027,0.0,0.047,0.033,0.014,0.103,0.069,0.248,0.015
2018-03-24 10:00:00,0.026,0.075,0.045,0.217,0.035,0.06,0.0,0.03,0.005,0.017,0.129,0.089,0.16,0.014
2018-03-24 11:00:00,0.043,0.075,0.051,0.198,0.028,0.034,0.0,0.031,0.003,0.02,0.139,0.098,0.168,0.021
2018-03-24 12:00:00,0.02,0.087,0.049,0.23,0.001,0.049,0.0,0.024,0.0,0.02,0.139,0.11,0.158,0.018
2018-03-24 13:00:00,0.016,0.093,0.033,0.276,0.0,0.03,0.0,0.025,0.0,0.021,0.124,0.092,0.14,0.026
2018-03-24 14:00:00,0.016,0.1,0.02,0.324,0.0,0.063,0.015,0.056,0.001,0.029,0.117,0.107,0.122,0.025
2018-03-24 15:00:00,0.012,0.12,0.051,0.35,0.003,0.049,0.001,0.039,0.009,0.02,0.11,0.089,0.12,0.045
2018-03-24 16:00:00,0.009,0.1,0.019,0.371,0.041,0.046,0.001,0.028,0.01,0.021,0.099,0.077,0.109,0.074
2018-03-24 17:00:00,0.01,0.09,0.01,0.392,0.046,0.03,0.0,0.041,0.025,0.021,0.089,0.083,0.108,0.079
2018-03-24 18:00:00,0.011,0.042,0.007,0.368,0.006,0.052,0.0,0.054,0.054,0.022,0.069,0.091,0.115,0.085
2018-03-24 19:00:00,0.011,0.036,0.012,0.384,0.005,0.054,0.004,0.071,0.047,0.023,0.094,0.096,0.127,0.06
2018-03-24 20:00:00,0.005,0.032,0.012,0.362,0.004,0.033,0.01,0.085,0.035,0.025,0.083,0.098,0.14,0.051
2018-03-24 21:00:00,0.002,0.04,0.014,0.351,0.003,0.037,0.0,0.086,0.029,0.026,0.08,0.084,0.136,0.049
2018-03-24 22:00:00,0.001,0.019,0.011,0.286,0.005,0.03,0.0,0.087,0.044,0.026,0.075,0.086,0.137,0.031
2018-03-24 23:00:00,0.0,0.007,0.011,0.273,0.002,0.031,0.0,0.086,0.045,0.026,0.067,0.082,0.211,0.03
2018-03-25 00:00:00,0.0,0.002,0.011,0.246,0.001,0.032,0.0,0.087,0.031,0.024,0.066,0.082,0.279,0.03
2018-03-25 01:00:00,0.0,0.003,0.011,0.23,0.001,0.035,0.0,0.083,0.028,0.024,0.061,0.082,0.303,0.027
2018-03-25 02:00:00,0.002,0.003,0.007,0.215,0.0,0.035,0.0,0.083,0.029,0.023,0.066,0.082,0.157,0.028
2018-03-25 03:00:00,0.0,0.003,0.013,0.204,0.0,0.034,0.0,0.082,0.032,0.022,0.067,0.082,0.132,0.032
2018-03-25 04:00:00,0.0,0.004,0.014,0.195,0.0,0.033,0.0,0.082,0.021,0.023,0.082,0.083,0.16,0.028
2018-03-25 05:00:00,0.0,0.001,0.013,0.195,0.0,0.039,0.0,0.08,0.049,0.022,0.071,0.081,0.285,0.035
2018-03-25 06:00:00,0.0,0.01,0.011,0.197,0.0,0.028,0.0,0.08,0.042,0.022,0.076,0.081,0.303,0.069
2018-03-25 07:00:00,0.007,0.015,0.027,0.187,0.005,0.02,0.0,0.079,0.043,0.018,0.076,0.082,0.176,0.035
2018-03-25 08:00:00,0.011,0.044,0.008,0.172,0.0,0.022,0.0,0.078,0.035,0.015,0.094,0.075,0.138,0.027
2018-03-25 09:00:00,0.02,0.059,0.02,0.183,0.002,0.04,0.0,0.057,0.021,0.011,0.104,0.068,0.172,0.035
2018-03-25 10:00:00,0.022,0.065,0.045,0.206,0.003,0.039,0.0,0.029,0.006,0.015,0.101,0.091,0.255,0.028
2018-03-25 11:00:00,0.022,0.075,0.063,0.271,0.0,0.046,0.001,0.015,0.015,0.019,0.129,0.102,0.192,0.041
2018-03-25 12:00:00,0.014,0.089,0.061,0.28,0.0,0.053,0.001,0.01,0.0,0.021,0.115,0.098,0.162,0.038
2018-03-25 13:00:00,0.013,0.09,0.05,0.315,0.0,0.048,0.001,0.012,0.0,0.021,0.104,0.081,0.191,0.076
2018-03-25 14:00:00,0.012,0.108,0.062,0.319,0.0,0.086,0.003,0.011,0.001,0.019,0.098,0.126,0.183,0.069
2018-03-25 15:00:00,0.014,0.101,0.137,0.397,0.0,0.095,0.004,0.055,0.013,0.018,0.11,0.123,0.174,0.094
2018-03-25 16:00:00,0.007,0.046,0.143,0.392,0.0,0.078,0.004,0.055,0.013,0.019,0.071,0.12,0.121,0.156
2018-03-25 17:00:00,0.013,0.027,0.109,0.378,0.0,0.078,0.002,0.017,0.032,0.019,0.062,0.09,0.098,0.119
2018-03-25 18:00:00,0.031,0.052,0.04,0.337,0.001,0.084,0.0,0.026,0.08,0.02,0.097,0.055,0.11,0.113
2018-03-25 19:00:00,0.033,0.059,0.016,0.289,0.019,0.082,0.001,0.053,0.088,0.021,0.094,0.06,0.229,0.084
2018-03-25 20:00:00,0.018,0.028,0.022,0.332,0.0,0.083,0.0,0.07,0.055,0.022,0.06,0.077,0.231,0.05
2018-03-25 21:00:00,0.012,0.014,0.01,0.302,0.0,0.056,0.0,0.081,0.033,0.023,0.066,0.08,0.136,0.058
2018-03-25 22:00:00,0.003,0.009,0.01,0.243,0.0,0.042,0.0,0.083,0.049,0.023,0.067,0.076,0.143,0.03
2018-03-25 23:00:00,0.0,0.004,0.011,0.251,0.0,0.031,0.0,0.085,0.051,0.024,0.066,0.08,0.143,0.03
2018-03-26 00:00:00,0.0,0.001,0.012,0.246,0.0,0.031,0.0,0.089,0.038,0.024,0.08,0.082,0.15,0.029
2018-03-26 01:00:00,0.0,0.001,0.012,0.237,0.0,0.035,0.0,0.085,0.034,0.024,0.078,0.082,0.159,0.028
2018-03-26 02:00:00,0.002,0.001,0.013,0.224,0.0,0.035,0.0,0.085,0.035,0.023,0.085,0.083,0.155,0.028
2018-03-26 03:00:00,0.0,0.001,0.018,0.207,0.0,0.039,0.0,0.084,0.041,0.023,0.093,0.083,0.154,0.052
2018-03-26 04:00:00,0.001,0.001,0.019,0.214,0.0,0.05,0.0,0.085,0.039,0.023,0.096,0.084,0.155,0.03
2018-03-26 05:00:00,0.001,0.002,0.014,0.208,0.0,0.038,0.0,0.085,0.052,0.023,0.095,0.084,0.156,0.029
2018-03-26 06:00:00,0.001,0.011,0.013,0.222,0.0,0.035,0.004,0.085,0.049,0.023,0.104,0.082,0.161,0.029
2018-03-26 07:00:00,0.002,0.016,0.006,0.287,0.0,0.02,0.0,0.084,0.049,0.023,0.112,0.096,0.221,0.032
2018-03-26 08:00:00,0.006,0.063,0.011,0.233,0.0,0.039,0.002,0.081,0.044,0.021,0.145,0.089,0.397,0.052
2018-03-26 09:00:00,0.02,0.091,0.055,0.305,0.001,0.053,0.002,0.07,0.034,0.017,0.176,0.13,0.372,0.026
2018-03-26 10:00:00,0.027,0.081,0.081,0.454,0.004,0.083,0.004,0.041,0.013,0.022,0.207,0.175,0.369,0.023
2018-03-26 11:00:00,0.038,0.096,0.085,0.653,0.004,0.085,0.005,0.048,0.021,0.031,0.231,0.212,0.255,0.036
2018-03-26 12:00:00,0.04,0.115,0.084,0.781,0.0,0.102,0.006,0.052,0.082,0.031,0.217,0.261,0.405,0.045
2018-03-26 13:00:00,0.034,0.141,0.094,0.848,0.003,0.1,0.008,0.06,0.141,0.039,0.223,0.305,0.239,0.085
2018-03-26 14:00:00,0.038,0.17,0.173,0.871,0.003,0.131,0.021,0.112,0.161,0.092,0.255,0.349,0.36,0.153
2018-03-26 15:00:00,0.048,0.239,0.245,1.118,0.013,0.155,0.022,0.172,0.231,0.13,0.3,0.409,0.323,0.225
2018-03-26 16:00:00,0.039,0.251,0.202,1.207,0.014,0.207,0.018,0.233,0.281,0.137,0.34,0.384,0.42,0.328
2018-03-26 17:00:00,0.053,0.221,0.162,1.008,0.008,0.145,0.017,0.144,0.227,0.081,0.312,0.47,0.317,0.319
2018-03-26 18:00:00,0.045,0.115,0.038,0.655,0.006,0.12,0.004,0.043,0.095,0.025,0.126,0.136,0.232,0.199
2018-03-26 19:00:00,0.034,0.063,0.045,0.44,0.004,0.055,0.001,0.059,0.03,0.022,0.103,0.084,0.411,0.069
2018-03-26 20:00:00,0.04,0.034,0.027,0.425,0.003,0.045,0.0,0.073,0.03,0.023,0.089,0.078,0.376,0.042
2018-03-26 21:00:00,0.041,0.041,0.014,0.35,0.002,0.032,0.0,0.081,0.031,0.024,0.113,0.083,0.335,0.034
2018-03-26 22:00:00,0.018,0.015,0.019,0.269,0.001,0.027,0.0,0.085,0.037,0.024,0.103,0.085,0.208,0.034
2018-03-26 23:00:00,0.006,0.008,0.01,0.272,0.001,0.03,0.0,0.087,0.061,0.025,0.088,0.084,0.202,0.045
2018-03-27 00:00:00,0.0,0.003,0.011,0.261,0.001,0.033,0.0,0.091,0.045,0.024,0.091,0.084,0.269,0.03
2018-03-27 01:00:00,0.0,0.002,0.012,0.248,0.0,0.037,0.0,0.085,0.036,0.024,0.081,0.083,0.212,0.029
2018-03-27 02:00:00,0.002,0.003,0.013,0.233,0.0,0.038,0.0,0.086,0.023,0.024,0.086,0.084,0.158,0.028
2018-03-27 03:00:00,0.0,0.003,0.018,0.219,0.0,0.04,0.0,0.084,0.059,0.023,0.088,0.084,0.157,0.038
2018-03-27 04:00:00,0.001,0.003,0.025,0.212,0.0,0.062,0.0,0.085,0.047,0.024,0.101,0.084,0.158,0.036
2018-03-27 05:00:00,0.002,0.003,0.031,0.221,0.004,0.057,0.0,0.084,0.051,0.023,0.099,0.085,0.159,0.049
2018-03-27 06:00:00,0.001,0.013,0.012,0.242,0.009,0.03,0.0,0.084,0.049,0.023,0.107,0.085,0.17,0.033
2018-03-27 07:00:00,0.001,0.019,0.007,0.277,0.013,0.027,0.006,0.083,0.049,0.023,0.113,0.087,0.287,0.032
2018-03-27 08:00:00,0.002,0.052,0.006,0.27,0.017,0.019,0.017,0.081,0.04,0.021,0.142,0.087,0.492,0.034
2018-03-27 09:00:00,0.006,0.075,0.054,0.315,0.006,0.034,0.007,0.059,0.018,0.014,0.171,0.099,0.411,0.04
2018-03-27 10:00:00,0.011,0.082,0.068,0.325,0.009,0.051,0.007,0.035,0.017,0.017,0.182,0.11,0.234,0.026
2018-03-27 11:00:00,0.022,0.082,0.068,0.291,0.019,0.053,0.009,0.037,0.021,0.023,0.177,0.138,0.408,0.039
2018-03-27 12:00:00,0.024,0.103,0.07,0.308,0.007,0.049,0.012,0.025,0.048,0.022,0.167,0.159,0.384,0.042
2018-03-27 13:00:00,0.033,0.1,0.06,0.359,0.006,0.031,0.013,0.023,0.034,0.037,0.152,0.144,0.305,0.058
2018-03-27 14:00:00,0.055,0.097,0.067,0.362,0.004,0.066,0.012,0.017,0.024,0.034,0.134,0.125,0.538,0.064
2018-03-27 15:00:00,0.041,0.089,0.048,0.372,0.022,0.06,0.01,0.009,0.008,0.02,0.128,0.135,0.356,0.073
2018-03-27 16:00:00,0.018,0.051,0.053,0.397,0.026,0.054,0.003,0.008,0.013,0.012,0.146,0.107,0.248,0.14
2018-03-27 17:00:00,0.054,0.037,0.04,0.357,0.005,0.034,0.0,0.022,0.005,0.013,0.113,0.082,0.193,0.128
2018-03-27 18:00:00,0.028,0.039,0.024,0.39,0.006,0.031,0.0,0.049,0.045,0.016,0.105,0.068,0.21,0.107
2018-03-27 19:00:00,0.042,0.048,0.03,0.386,0.028,0.053,0.0,0.033,0.043,0.023,0.126,0.073,0.322,0.071
2018-03-27 20:00:00,0.028,0.048,0.031,0.44,0.018,0.048,0.0,0.04,0.027,0.021,0.164,0.078,0.394,0.123
2018-03-27 21:00:00,0.02,0.022,0.006,0.348,0.012,0.027,0.0,0.045,0.023,0.022,0.202,0.075,0.387,0.053
2018-03-27 22:00:00,0.008,0.017,0.006,0.254,0.014,0.023,0.0,0.05,0.02,0.022,0.152,0.084,0.364,0.04
2018-03-27 23:00:00,0.002,0.009,0.004,0.252,0.002,0.023,0.0,0.058,0.036,0.022,0.083,0.079,0.241,0.029
2018-03-28 00:00:00,0.0,0.003,0.005,0.223,0.002,0.023,0.0,0.086,0.024,0.022,0.08,0.079,0.278,0.028
2018-03-28 01:00:00,0.0,0.002,0.005,0.214,0.001,0.03,0.0,0.077,0.014,0.022,0.067,0.075,0.394,0.022
2018-03-28 02:00:00,0.003,0.005,0.006,0.209,0.001,0.053,0.0,0.078,0.012,0.013,0.078,0.077,0.38,0.022
2018-03-28 03:00:00,0.0,0.005,0.009,0.206,0.007,0.035,0.0,0.074,0.017,0.012,0.084,0.074,0.383,0.037
2018-03-28 04:00:00,0.001,0.011,0.035,0.204,0.0,0.033,0.0,0.075,0.007,0.014,0.102,0.063,0.427,0.038
2018-03-28 05:00:00,0.014,0.004,0.043,0.22,0.007,0.035,0.0,0.074,0.026,0.013,0.102,0.049,0.427,0.054
2018-03-28 06:00:00,0.015,0.015,0.003,0.234,0.0,0.028,0.015,0.074,0.024,0.013,0.138,0.057,0.41,0.049
2018-03-28 07:00:00,0.001,0.019,0.003,0.247,0.0,0.037,0.008,0.073,0.023,0.013,0.12,0.059,0.38,0.049
2018-03-28 08:00:00,0.001,0.048,0.002,0.246,0.015,0.014,0.012,0.068,0.017,0.009,0.139,0.059,0.449,0.056
2018-03-28 09:00:00,0.002,0.063,0.011,0.242,0.0,0.02,0.011,0.023,0.009,0.007,0.163,0.062,0.422,0.033
2018-03-28 10:00:00,0.006,0.08,0.03,0.275,0.001,0.037,0.007,0.008,0.007,0.011,0.161,0.085,0.529,0.023
2018-03-28 11:00:00,0.042,0.072,0.037,0.235,0.003,0.057,0.0,0.021,0.007,0.017,0.188,0.118,0.593,0.037
2018-03-28 12:00:00,0.024,0.077,0.036,0.24,0.005,0.05,0.0,0.014,0.042,0.011,0.228,0.19,0.573,0.09
2018-03-28 13:00:00,0.042,0.087,0.04,0.329,0.01,0.049,0.0,0.016,0.088,0.009,0.229,0.214,0.699,0.191
2018-03-28 14:00:00,0.063,0.095,0.044,0.489,0.004,0.073,0.007,0.022,0.092,0.01,0.237,0.287,0.844,0.28
2018-03-28 15:00:00,0.037,0.098,0.093,0.699,0.019,0.101,0.009,0.028,0.129,0.019,0.23,0.282,0.777,0.37
2018-03-28 16:00:00,0.046,0.092,0.082,0.819,0.021,0.184,0.004,0.031,0.172,0.043,0.205,0.245,0.804,0.444
2018-03-28 17:00:00,0.054,0.089,0.084,0.796,0.021,0.158,0.022,0.02,0.165,0.016,0.207,0.196,0.732,0.33
2018-03-28 18:00:00,0.046,0.077,0.064,0.621,0.015,0.128,0.025,0.007,0.083,0.032,0.17,0.138,0.487,0.241
2018-03-28 19:00:00,0.063,0.049,0.051,0.494,0.024,0.131,0.0,0.03,0.059,0.022,0.125,0.081,0.231,0.155
2018-03-28 20:00:00,0.039,0.043,0.036,0.501,0.006,0.088,0.0,0.052,0.045,0.023,0.116,0.165,0.177,0.111
2018-03-28 21:00:00,0.019,0.023,0.011,0.425,0.01,0.059,0.0,0.064,0.042,0.024,0.115,0.113,0.183,0.088
2018-03-28 22:00:00,0.015,0.02,0.007,0.294,0.01,0.046,0.0,0.07,0.03,0.024,0.112,0.093,0.146,0.054
2018-03-28 23:00:00,0.012,0.011,0.007,0.268,0.002,0.024,0.0,0.077,0.058,0.025,0.09,0.078,0.144,0.034
2018-03-29 00:00:00,0.007,0.004,0.007,0.242,0.002,0.024,0.0,0.093,0.041,0.023,0.087,0.077,0.144,0.033
2018-03-29 01:00:00,0.001,0.003,0.006,0.233,0.001,0.035,0.0,0.079,0.022,0.023,0.072,0.077,0.18,0.027
2018-03-29 02:00:00,0.003,0.006,0.007,0.216,0.001,0.03,0.0,0.082,0.015,0.017,0.084,0.081,0.17,0.026
2018-03-29 03:00:00,0.0,0.005,0.012,0.212,0.0,0.026,0.0,0.078,0.02,0.016,0.088,0.08,0.145,0.041
2018-03-29 04:00:00,0.008,0.006,0.018,0.219,0.005,0.061,0.017,0.079,0.041,0.018,0.124,0.082,0.146,0.056
2018-03-29 05:00:00,0.016,0.005,0.039,0.214,0.008,0.088,0.013,0.079,0.032,0.017,0.104,0.062,0.147,0.029
2018-03-29 06:00:00,0.014,0.016,0.012,0.308,0.01,0.047,0.02,0.079,0.034,0.02,0.118,0.061,0.149,0.032
2018-03-29 07:00:00,0.016,0.02,0.004,0.351,0.021,0.032,0.051,0.078,0.021,0.016,0.123,0.087,0.254,0.031
2018-03-29 08:00:00,0.002,0.05,0.004,0.303,0.0,0.025,0.008,0.074,0.023,0.011,0.145,0.086,0.476,0.038
2018-03-29 09:00:00,0.008,0.071,0.029,0.407,0.0,0.064,0.009,0.021,0.019,0.008,0.182,0.081,0.569,0.035
2018-03-29 10:00:00,0.028,0.096,0.072,0.475,0.003,0.094,0.015,0.007,0.022,0.015,0.175,0.093,0.592,0.018
2018-03-29 11:00:00,0.061,0.075,0.095,0.564,0.009,0.148,0.013,0.034,0.005,0.028,0.186,0.082,0.55,0.025
2018-03-29 12:00:00,0.06,0.078,0.099,0.607,0.014,0.127,0.015,0.04,0.034,0.024,0.165,0.132,0.53,0.032
2018-03-29 13:00:00,0.06,0.08,0.087,0.62,0.018,0.105,0.015,0.032,0.022,0.024,0.139,0.13,0.517,0.039
2018-03-29 14:00:00,0.058,0.082,0.078,0.621,0.008,0.107,0.013,0.03,0.034,0.018,0.127,0.123,0.444,0.034
2018-03-29 15:00:00,0.069,0.082,0.082,0.656,0.019,0.104,0.01,0.018,0.034,0.014,0.125,0.136,0.402,0.041
2018-03-29 16:00:00,0.049,0.057,0.079,0.783,0.035,0.152,0.003,0.012,0.035,0.01,0.115,0.095,0.371,0.081
2018-03-29 17:00:00,0.069,0.069,0.119,0.75,0.034,0.125,0.001,0.018,0.005,0.012,0.106,0.066,0.517,0.048
2018-03-29 18:00:00,0.053,0.054,0.073,0.712,0.047,0.186,0.0,0.008,0.045,0.019,0.092,0.054,0.514,0.113
2018-03-29 19:00:00,0.041,0.083,0.118,0.634,0.041,0.154,0.0,0.009,0.035,0.019,0.126,0.055,0.469,0.111
2018-03-29 20:00:00,0.06,0.069,0.112,0.559,0.029,0.117,0.0,0.027,0.029,0.023,0.103,0.08,0.38,0.066
2018-03-29 21:00:00,0.025,0.035,0.037,0.482,0.05,0.067,0.0,0.038,0.059,0.025,0.117,0.082,0.38,0.088
2018-03-29 22:00:00,0.03,0.039,0.005,0.332,0.029,0.075,0.0,0.044,0.014,0.025,0.101,0.081,0.406,0.041
2018-03-29 23:00:00,0.013,0.018,0.004,0.281,0.003,0.05,0.0,0.046,0.042,0.025,0.086,0.073,0.354,0.033
2018-03-30 00:00:00,0.009,0.024,0.003,0.257,0.002,0.04,0.0,0.09,0.025,0.023,0.083,0.072,0.237,0.029
2018-03-30 01:00:00,0.006,0.006,0.003,0.282,0.002,0.045,0.0,0.075,0.011,0.022,0.063,0.071,0.25,0.021
2018-03-30 02:00:00,0.009,0.013,0.004,0.271,0.001,0.046,0.0,0.077,0.011,0.007,0.075,0.072,0.232,0.032
2018-03-30 03:00:00,0.004,0.015,0.008,0.252,0.001,0.062,0.0,0.075,0.012,0.007,0.079,0.069,0.255,0.034
2018-03-30 04:00:00,0.005,0.032,0.007,0.366,0.0,0.063,0.003,0.07,0.019,0.009,0.101,0.072,0.929,0.037
2018-03-30 05:00:00,0.028,0.038,0.004,0.306,0.028,0.094,0.006,0.094,0.048,0.01,0.151,0.05,0.691,0.024
2018-03-30 06:00:00,0.021,0.089,0.035,0.383,0.033,0.1,0.002,0.083,0.025,0.011,0.114,0.082,0.424,0.072
2018-03-30 07:00:00,0.046,0.121,0.035,0.339,0.02,0.083,0.009,0.07,0.015,0.01,0.161,0.096,0.451,0.031
2018-03-30 08:00:00,0.015,0.066,0.005,0.272,0.0,0.067,0.009,0.064,0.016,0.009,0.155,0.052,0.513,0.084
2018-03-30 09:00:00,0.019,0.08,0.009,0.292,0.001,0.08,0.009,0.02,0.008,0.041,0.207,0.08,0.611,0.091
2018-03-30 10:00:00,0.029,0.088,0.025,0.353,0.002,0.149,0.018,0.01,0.019,0.016,0.189,0.135,0.7,0.123
2018-03-30 11:00:00,0.05,0.078,0.033,0.395,0.007,0.095,0.013,0.01,0.004,0.021,0.181,0.103,0.776,0.088
2018-03-30 12:00:00,0.047,0.092,0.027,0.434,0.003,0.132,0.015,0.006,0.003,0.018,0.161,0.121,0.832,0.073
2018-03-30 13:00:00,0.046,0.081,0.031,0.511,0.006,0.122,0.018,0.006,0.006,0.016,0.144,0.118,0.761,0.136
2018-03-30 14:00:00,0.041,0.083,0.024,0.47,0.004,0.097,0.016,0.005,0.007,0.016,0.147,0.095,0.395,0.133
2018-03-30 15:00:00,0.024,0.085,0.029,0.474,0.007,0.08,0.011,0.005,0.005,0.015,0.138,0.104,0.245,0.126
2018-03-30 16:00:00,0.018,0.065,0.014,0.383,0.012,0.077,0.003,0.01,0.038,0.016,0.134,0.087,0.343,0.209
2018-03-30 17:00:00,0.051,0.059,0.015,0.438,0.015,0.059,0.001,0.009,0.047,0.018,0.117,0.076,0.224,0.216
2018-03-30 18:00:00,0.045,0.049,0.009,0.452,0.022,0.042,0.0,0.017,0.082,0.021,0.092,0.064,0.163,0.129
2018-03-30 19:00:00,0.067,0.05,0.045,0.498,0.063,0.062,0.0,0.033,0.081,0.024,0.143,0.071,0.164,0.135
2018-03-30 20:00:00,0.026,0.036,0.042,0.47,0.019,0.041,0.0,0.054,0.033,0.024,0.127,0.083,0.19,0.096
2018-03-30 21:00:00,0.016,0.026,0.036,0.421,0.007,0.048,0.0,0.051,0.029,0.025,0.109,0.087,0.145,0.086
2018-03-30 22:00:00,0.011,0.02,0.005,0.299,0.001,0.05,0.01,0.071,0.03,0.026,0.102,0.09,0.143,0.107
2018-03-30 23:00:00,0.005,0.021,0.007,0.282,0.001,0.046,0.008,0.067,0.049,0.026,0.091,0.086,0.14,0.046
2018-03-31 00:00:00,0.0,0.003,0.008,0.304,0.001,0.059,0.001,0.1,0.029,0.025,0.077,0.086,0.158,0.058
2018-03-31 01:00:00,0.0,0.002,0.008,0.289,0.001,0.04,0.0,0.088,0.025,0.025,0.055,0.086,0.251,0.025
2018-03-31 02:00:00,0.003,0.003,0.009,0.245,0.0,0.039,0.0,0.088,0.026,0.018,0.068,0.087,0.135,0.025
2018-03-31 03:00:00,0.0,0.002,0.014,0.249,0.0,0.038,0.007,0.088,0.032,0.018,0.072,0.087,0.137,0.033
2018-03-31 04:00:00,0.001,0.005,0.016,0.215,0.0,0.038,0.0,0.089,0.028,0.022,0.095,0.089,0.377,0.029
2018-03-31 05:00:00,0.017,0.01,0.016,0.251,0.0,0.038,0.001,0.089,0.047,0.023,0.077,0.081,0.251,0.03
2018-03-31 06:00:00,0.023,0.02,0.012,0.258,0.011,0.035,0.0,0.088,0.048,0.024,0.082,0.075,0.165,0.033
2018-03-31 07:00:00,0.01,0.02,0.025,0.272,0.0,0.036,0.007,0.091,0.042,0.021,0.106,0.075,0.14,0.078
2018-03-31 08:00:00,0.01,0.073,0.036,0.341,0.0,0.034,0.02,0.1,0.038,0.015,0.12,0.103,0.144,0.108
2018-03-31 09:00:00,0.025,0.093,0.114,0.332,0.014,0.052,0.013,0.025,0.03,0.009,0.142,0.125,0.227,0.105
2018-03-31 10:00:00,0.032,0.106,0.128,0.473,0.018,0.06,0.028,0.011,0.005,0.015,0.148,0.158,0.339,0.232
2018-03-31 11:00:00,0.045,0.121,0.131,0.507,0.017,0.086,0.039,0.057,0.023,0.025,0.171,0.215,0.397,0.235
2018-03-31 12:00:00,0.079,0.14,0.13,0.892,0.061,0.148,0.036,0.077,0.039,0.052,0.183,0.257,0.407,0.223
2018-03-31 13:00:00,0.105,0.165,0.123,1.158,0.029,0.175,0.034,0.051,0.057,0.026,0.185,0.247,0.556,0.247
2018-03-31 14:00:00,0.226,0.189,0.15,1.846,0.007,0.256,0.044,0.046,0.06,0.036,0.253,0.204,0.645,0.251
2018-03-31 15:00:00,0.277,0.319,0.27,2.512,0.026,0.344,0.029,0.093,0.171,0.064,0.313,0.231,0.801,0.388
2018-03-31 16:00:00,0.244,0.412,0.255,2.272,0.031,0.342,0.024,0.095,0.194,0.068,0.319,0.219,0.982,0.56
2018-03-31 17:00:00,0.108,0.309,0.197,1.477,0.022,0.317,0.024,0.033,0.086,0.062,0.328,0.161,0.926,0.544
2018-03-31 18:00:00,0.061,0.145,0.11,0.805,0.016,0.238,0.024,0.017,0.091,0.028,0.233,0.096,0.804,0.395
2018-03-31 19:00:00,0.037,0.119,0.121,0.609,0.008,0.216,0.005,0.012,0.066,0.032,0.164,0.12,0.592,0.186
2018-03-31 20:00:00,0.052,0.096,0.136,0.614,0.007,0.218,0.001,0.023,0.071,0.028,0.093,0.085,0.461,0.118
2018-03-31 21:00:00,0.031,0.05,0.034,0.659,0.005,0.129,0.0,0.041,0.078,0.027,0.087,0.084,0.433,0.111
2018-03-31 22:00:00,0.014,0.04,0.014,0.482,0.003,0.068,0.007,0.04,0.041,0.026,0.07,0.087,0.265,0.098
2018-03-31 23:00:00,0.009,0.014,0.005,0.384,0.002,0.041,0.0,0.046,0.073,0.024,0.056,0.077,0.138,0.058
2018-04-01 00:00:00,0.004,0.009,0.004,0.277,0.001,0.035,0.0,0.09,0.05,0.023,0.058,0.078,0.135,0.057
2018-04-01 01:00:00,0.002,0.013,0.005,0.244,0.001,0.043,0.0,0.07,0.026,0.017,0.045,0.078,0.208,0.026
2018-04-01 02:00:00,0.004,0.011,0.005,0.223,0.001,0.08,0.0,0.076,0.016,0.006,0.064,0.079,0.294,0.023
2018-04-01 03:00:00,0.0,0.013,0.01,0.228,0.0,0.044,0.0,0.064,0.017,0.002,0.064,0.078,0.214,0.029
2018-04-01 04:00:00,0.018,0.019,0.008,0.204,0.0,0.032,0.0,0.065,0.012,0.003,0.085,0.101,0.132,0.026
2018-04-01 05:00:00,0.025,0.036,0.008,0.185,0.0,0.049,0.0,0.066,0.027,0.006,0.076,0.051,0.333,0.045
2018-04-01 06:00:00,0.001,0.044,0.008,0.197,0.0,0.069,0.0,0.068,0.019,0.007,0.086,0.044,0.714,0.051
2018-04-01 07:00:00,0.001,0.06,0.009,0.194,0.0,0.061,0.013,0.065,0.026,0.007,0.098,0.051,0.615,0.063
2018-04-01 08:00:00,0.002,0.074,0.055,0.229,0.0,0.061,0.0,0.054,0.016,0.005,0.096,0.054,0.428,0.06
2018-04-01 09:00:00,0.0,0.071,0.118,0.215,0.013,0.063,0.023,0.015,0.02,0.024,0.111,0.074,0.441,0.027
2018-04-01 10:00:00,0.003,0.088,0.128,0.211,0.031,0.037,0.014,0.016,0.024,0.065,0.112,0.095,0.41,0.057
2018-04-01 11:00:00,0.004,0.096,0.059,0.262,0.056,0.044,0.01,0.008,0.022,0.02,0.142,0.13,0.227,0.067
2018-04-01 12:00:00,0.0,0.122,0.063,0.231,0.036,0.026,0.0,0.002,0.021,0.059,0.149,0.107,0.178,0.099
2018-04-01 13:00:00,0.024,0.117,0.079,0.226,0.061,0.024,0.0,0.004,0.016,0.032,0.12,0.093,0.204,0.108
2018-04-01 14:00:00,0.0,0.117,0.048,0.272,0.028,0.038,0.0,0.015,0.006,0.021,0.119,0.12,0.247,0.143
2018-04-01 15:00:00,0.0,0.117,0.055,0.253,0.026,0.047,0.001,0.029,0.008,0.021,0.114,0.155,0.235,0.15
2018-04-01 16:00:00,0.0,0.087,0.022,0.242,0.035,0.041,0.001,0.068,0.033,0.021,0.104,0.22,0.224,0.188
2018-04-01 17:00:00,0.009,0.055,0.022,0.32,0.0,0.058,0.0,0.046,0.035,0.021,0.112,0.152,0.208,0.148
2018-04-01 18:00:00,0.002,0.031,0.029,0.286,0.0,0.068,0.006,0.057,0.079,0.022,0.084,0.079,0.201,0.137
2018-04-01 19:00:00,0.005,0.027,0.019,0.318,0.001,0.092,0.0,0.069,0.078,0.023,0.092,0.079,0.15,0.095
2018-04-01 20:00:00,0.013,0.044,0.014,0.326,0.001,0.039,0.0,0.071,0.055,0.023,0.081,0.087,0.147,0.061
2018-04-01 21:00:00,0.027,0.018,0.012,0.349,0.0,0.045,0.0,0.081,0.051,0.023,0.086,0.086,0.174,0.053
2018-04-01 22:00:00,0.002,0.012,0.011,0.27,0.007,0.03,0.012,0.084,0.083,0.024,0.088,0.089,0.142,0.05
2018-04-01 23:00:00,0.001,0.005,0.01,0.277,0.007,0.032,0.003,0.088,0.083,0.024,0.082,0.086,0.146,0.032
2018-04-02 00:00:00,0.0,0.002,0.01,0.25,0.0,0.033,0.012,0.099,0.057,0.024,0.091,0.086,0.147,0.032
2018-04-02 01:00:00,0.0,0.001,0.011,0.238,0.0,0.037,0.0,0.089,0.04,0.023,0.085,0.086,0.182,0.03
2018-04-02 02:00:00,0.002,0.003,0.011,0.23,0.0,0.038,0.0,0.089,0.036,0.02,0.09,0.086,0.212,0.029
2018-04-02 03:00:00,0.0,0.003,0.017,0.211,0.0,0.042,0.0,0.087,0.04,0.02,0.091,0.086,0.266,0.037
2018-04-02 04:00:00,0.001,0.003,0.015,0.206,0.0,0.081,0.0,0.087,0.036,0.02,0.103,0.086,0.261,0.031
2018-04-02 05:00:00,0.001,0.002,0.034,0.196,0.0,0.037,0.006,0.087,0.048,0.02,0.107,0.086,0.214,0.043
2018-04-02 06:00:00,0.001,0.013,0.052,0.246,0.009,0.03,0.006,0.086,0.046,0.021,0.111,0.086,0.186,0.054
2018-04-02 07:00:00,0.001,0.015,0.031,0.248,0.0,0.024,0.012,0.086,0.046,0.019,0.114,0.082,0.245,0.055
2018-04-02 08:00:00,0.002,0.045,0.017,0.277,0.0,0.021,0.007,0.084,0.04,0.014,0.144,0.077,0.362,0.032
2018-04-02 09:00:00,0.006,0.061,0.043,0.239,0.003,0.035,0.007,0.039,0.021,0.012,0.17,0.093,0.373,0.026
2018-04-02 10:00:00,0.011,0.073,0.063,0.284,0.0,0.051,0.007,0.024,0.014,0.016,0.167,0.134,0.351,0.023
2018-04-02 11:00:00,0.022,0.074,0.063,0.34,0.0,0.077,0.003,0.03,0.006,0.023,0.173,0.18,0.261,0.065
2018-04-02 12:00:00,0.024,0.075,0.054,0.469,0.0,0.074,0.022,0.024,0.039,0.021,0.162,0.224,0.263,0.033
2018-04-02 13:00:00,0.031,0.081,0.054,0.68,0.001,0.079,0.004,0.033,0.06,0.021,0.148,0.204,0.21,0.055
2018-04-02 14:00:00,0.04,0.099,0.102,0.841,0.001,0.122,0.012,0.046,0.07,0.028,0.16,0.204,0.3,0.08
2018-04-02 15:00:00,0.041,0.114,0.14,1.178,0.013,0.14,0.021,0.111,0.104,0.04,0.183,0.229,0.229,0.163
2018-04-02 16:00:00,0.036,0.098,0.145,1.262,0.004,0.157,0.014,0.075,0.114,0.043,0.187,0.212,0.297,0.222
2018-04-02 17:00:00,0.073,0.094,0.145,1.178,0.005,0.141,0.014,0.045,0.121,0.031,0.185,0.194,0.215,0.137
2018-04-02 18:00:00,0.031,0.061,0.092,0.592,0.004,0.115,0.003,0.034,0.049,0.017,0.106,0.077,0.246,0.095
2018-04-02 19:00:00,0.015,0.039,0.05,0.554,0.004,0.109,0.001,0.038,0.055,0.022,0.109,0.082,0.174,0.06
2018-04-02 20:00:00,0.014,0.033,0.013,0.46,0.003,0.055,0.0,0.069,0.064,0.023,0.118,0.096,0.2,0.101
2018-04-02 21:00:00,0.004,0.017,0.054,0.41,0.002,0.066,0.024,0.083,0.069,0.024,0.119,0.093,0.169,0.038
2018-04-02 22:00:00,0.001,0.014,0.037,0.305,0.001,0.042,0.014,0.089,0.057,0.024,0.113,0.094,0.148,0.039
2018-04-02 23:00:00,0.017,0.007,0.011,0.287,0.001,0.079,0.0,0.092,0.071,0.025,0.102,0.091,0.204,0.041
2018-04-03 00:00:00,0.0,0.003,0.011,0.268,0.001,0.034,0.0,0.098,0.056,0.024,0.096,0.086,0.158,0.032
2018-04-03 01:00:00,0.014,0.002,0.011,0.264,0.003,0.037,0.0,0.089,0.039,0.024,0.083,0.085,0.187,0.029
2018-04-03 02:00:00,0.009,0.004,0.012,0.241,0.0,0.036,0.0,0.089,0.035,0.023,0.089,0.085,0.156,0.029
2018-04-03 03:00:00,0.0,0.004,0.017,0.255,0.0,0.033,0.0,0.086,0.039,0.022,0.093,0.085,0.157,0.036
2018-04-03 04:00:00,0.001,0.004,0.029,0.25,0.0,0.029,0.0,0.087,0.038,0.023,0.108,0.085,0.158,0.054
2018-04-03 05:00:00,0.001,0.003,0.009,0.203,0.012,0.061,0.0,0.086,0.066,0.021,0.104,0.084,0.238,0.042
2018-04-03 06:00:00,0.016,0.03,0.005,0.258,0.014,0.041,0.0,0.085,0.05,0.021,0.111,0.084,0.268,0.052
2018-04-03 07:00:00,0.002,0.036,0.025,0.336,0.009,0.096,0.008,0.084,0.044,0.018,0.114,0.081,0.319,0.031
2018-04-03 08:00:00,0.002,0.049,0.027,0.312,0.002,0.022,0.008,0.078,0.043,0.012,0.153,0.073,0.491,0.037
2018-04-03 09:00:00,0.0,0.063,0.053,0.333,0.016,0.025,0.008,0.022,0.017,0.008,0.171,0.071,0.529,0.024
2018-04-03 10:00:00,0.002,0.086,0.065,0.311,0.017,0.055,0.007,0.01,0.025,0.015,0.17,0.09,0.348,0.025
2018-04-03 11:00:00,0.019,0.079,0.097,0.312,0.018,0.053,0.008,0.043,0.001,0.03,0.183,0.095,0.276,0.044
2018-04-03 12:00:00,0.018,0.067,0.122,0.314,0.016,0.037,0.01,0.05,0.001,0.052,0.157,0.108,0.306,0.035
2018-04-03 13:00:00,0.017,0.066,0.122,0.319,0.01,0.022,0.01,0.023,0.004,0.019,0.129,0.105,0.292,0.063
2018-04-03 14:00:00,0.02,0.066,0.054,0.336,0.003,0.031,0.009,0.008,0.004,0.011,0.116,0.09,0.395,0.05
2018-04-03 15:00:00,0.005,0.065,0.044,0.33,0.003,0.033,0.008,0.004,0.009,0.012,0.116,0.103,0.386,0.025
2018-04-03 16:00:00,0.0,0.037,0.03,0.293,0.004,0.035,0.0,0.01,0.013,0.013,0.119,0.09,0.361,0.049
2018-04-03 17:00:00,0.007,0.026,0.034,0.347,0.02,0.061,0.0,0.018,0.023,0.017,0.099,0.08,0.353,0.052
2018-04-03 18:00:00,0.013,0.029,0.016,0.37,0.009,0.061,0.0,0.033,0.047,0.02,0.091,0.069,0.37,0.041
2018-04-03 19:00:00,0.017,0.029,0.023,0.365,0.021,0.036,0.0,0.077,0.046,0.022,0.1,0.076,0.348,0.064
2018-04-03 20:00:00,0.015,0.026,0.015,0.364,0.022,0.088,0.0,0.064,0.029,0.023,0.093,0.082,0.272,0.046
2018-04-03 21:00:00,0.012,0.027,0.01,0.326,0.014,0.048,0.0,0.072,0.026,0.024,0.111,0.082,0.318,0.063
2018-04-03 22:00:00,0.006,0.017,0.01,0.236,0.002,0.037,0.0,0.083,0.027,0.024,0.105,0.085,0.218,0.028
2018-04-03 23:00:00,0.006,0.009,0.008,0.238,0.001,0.037,0.0,0.073,0.043,0.024,0.094,0.082,0.214,0.026
2018-04-04 00:00:00,0.022,0.002,0.007,0.228,0.001,0.028,0.0,0.095,0.022,0.023,0.087,0.082,0.14,0.03
2018-04-04 01:00:00,0.012,0.002,0.008,0.222,0.001,0.035,0.0,0.083,0.017,0.023,0.076,0.081,0.15,0.022
2018-04-04 02:00:00,0.015,0.003,0.008,0.205,0.001,0.031,0.0,0.082,0.013,0.014,0.085,0.081,0.243,0.022
2018-04-04 03:00:00,0.0,0.004,0.013,0.197,0.0,0.027,0.0,0.079,0.017,0.013,0.089,0.081,0.187,0.035
2018-04-04 04:00:00,0.001,0.006,0.013,0.214,0.0,0.036,0.0,0.079,0.023,0.014,0.105,0.085,0.67,0.05
2018-04-04 05:00:00,0.0,0.008,0.027,0.19,0.0,0.027,0.0,0.078,0.06,0.013,0.102,0.067,0.468,0.041
2018-04-04 06:00:00,0.001,0.027,0.02,0.239,0.042,0.033,0.001,0.086,0.038,0.013,0.109,0.071,0.329,0.021
2018-04-04 07:00:00,0.001,0.039,0.004,0.272,0.004,0.024,0.009,0.076,0.022,0.012,0.113,0.072,0.291,0.029
2018-04-04 08:00:00,0.001,0.051,0.002,0.285,0.006,0.015,0.033,0.067,0.018,0.009,0.159,0.064,0.329,0.043
2018-04-04 09:00:00,0.0,0.091,0.014,0.284,0.007,0.025,0.016,0.023,0.009,0.009,0.167,0.062,0.445,0.032
2018-04-04 10:00:00,0.001,0.085,0.028,0.262,0.0,0.037,0.013,0.014,0.021,0.015,0.154,0.132,0.583,0.038
2018-04-04 11:00:00,0.001,0.109,0.036,0.235,0.0,0.024,0.01,0.013,0.004,0.019,0.162,0.105,0.431,0.049
2018-04-04 12:00:00,0.006,0.077,0.036,0.231,0.0,0.029,0.012,0.005,0.0,0.014,0.175,0.083,0.436,0.023
2018-04-04 13:00:00,0.008,0.074,0.039,0.307,0.002,0.057,0.011,0.004,0.004,0.012,0.127,0.093,0.449,0.024
2018-04-04 14:00:00,0.01,0.072,0.067,0.323,0.002,0.031,0.009,0.008,0.008,0.012,0.113,0.089,0.393,0.018
2018-04-04 15:00:00,0.012,0.072,0.062,0.344,0.004,0.056,0.01,0.015,0.001,0.013,0.116,0.104,0.283,0.076
2018-04-04 16:00:00,0.007,0.045,0.027,0.328,0.005,0.028,0.004,0.007,0.014,0.019,0.122,0.1,0.202,0.049
2018-04-04 17:00:00,0.032,0.033,0.029,0.37,0.006,0.048,0.001,0.007,0.005,0.015,0.109,0.07,0.148,0.062
2018-04-04 18:00:00,0.008,0.036,0.017,0.333,0.007,0.034,0.013,0.017,0.04,0.018,0.086,0.057,0.236,0.041
2018-04-04 19:00:00,0.009,0.028,0.026,0.349,0.004,0.038,0.003,0.05,0.063,0.022,0.092,0.063,0.17,0.043
2018-04-04 20:00:00,0.015,0.021,0.014,0.37,0.003,0.038,0.0,0.073,0.029,0.023,0.083,0.082,0.138,0.042
2018-04-04 21:00:00,0.014,0.016,0.023,0.296,0.001,0.042,0.0,0.088,0.032,0.024,0.107,0.085,0.169,0.05
2018-04-04 22:00:00,0.026,0.012,0.018,0.255,0.0,0.085,0.0,0.089,0.034,0.025,0.11,0.087,0.132,0.032
2018-04-04 23:00:00,0.0,0.005,0.012,0.251,0.0,0.051,0.0,0.09,0.047,0.025,0.098,0.085,0.136,0.032
2018-04-05 00:00:00,0.0,0.001,0.014,0.233,0.0,0.038,0.0,0.096,0.044,0.025,0.095,0.085,0.138,0.03
2018-04-05 01:00:00,0.0,0.001,0.014,0.228,0.0,0.038,0.0,0.089,0.044,0.025,0.088,0.086,0.147,0.03
2018-04-05 02:00:00,0.002,0.002,0.015,0.219,0.0,0.038,0.0,0.089,0.045,0.024,0.089,0.086,0.143,0.03
2018-04-05 03:00:00,0.0,0.002,0.021,0.211,0.0,0.035,0.0,0.088,0.05,0.024,0.088,0.086,0.145,0.038
2018-04-05 04:00:00,0.0,0.002,0.022,0.208,0.0,0.041,0.0,0.089,0.046,0.025,0.103,0.087,0.146,0.032
2018-04-05 05:00:00,0.0,0.002,0.014,0.198,0.004,0.061,0.0,0.088,0.055,0.023,0.099,0.087,0.158,0.051
2018-04-05 06:00:00,0.0,0.012,0.012,0.227,0.0,0.046,0.0,0.088,0.052,0.023,0.107,0.087,0.163,0.039
2018-04-05 07:00:00,0.003,0.016,0.006,0.273,0.0,0.042,0.006,0.087,0.049,0.023,0.129,0.089,0.21,0.046
2018-04-05 08:00:00,0.002,0.046,0.008,0.255,0.0,0.056,0.007,0.086,0.046,0.022,0.139,0.089,0.155,0.035
2018-04-05 09:00:00,0.002,0.06,0.044,0.306,0.0,0.064,0.002,0.081,0.042,0.021,0.16,0.095,0.272,0.037
2018-04-05 10:00:00,0.016,0.064,0.058,0.263,0.0,0.067,0.012,0.066,0.045,0.021,0.16,0.1,0.283,0.036
2018-04-05 11:00:00,0.005,0.066,0.058,0.215,0.0,0.082,0.0,0.064,0.034,0.022,0.165,0.126,0.299,0.032
2018-04-05 12:00:00,0.009,0.068,0.041,0.249,0.0,0.081,0.0,0.059,0.028,0.021,0.157,0.155,0.254,0.029
2018-04-05 13:00:00,0.012,0.069,0.03,0.343,0.0,0.044,0.0,0.055,0.027,0.022,0.135,0.135,0.168,0.032
2018-04-05 14:00:00,0.014,0.069,0.011,0.305,0.0,0.066,0.001,0.05,0.024,0.023,0.123,0.144,0.147,0.024
2018-04-05 15:00:00,0.015,0.068,0.015,0.344,0.001,0.067,0.002,0.047,0.067,0.023,0.122,0.153,0.134,0.029
2018-04-05 16:00:00,0.012,0.037,0.005,0.388,0.001,0.062,0.002,0.049,0.072,0.021,0.109,0.135,0.129,0.066
2018-04-05 17:00:00,0.014,0.024,0.022,0.425,0.002,0.055,0.001,0.049,0.028,0.029,0.104,0.099,0.128,0.059
2018-04-05 18:00:00,0.004,0.026,0.008,0.336,0.002,0.036,0.0,0.062,0.06,0.031,0.087,0.081,0.133,0.053
2018-04-05 19:00:00,0.0,0.024,0.021,0.353,0.001,0.044,0.0,0.078,0.063,0.023,0.101,0.101,0.148,0.082
2018-04-05 20:00:00,0.0,0.032,0.013,0.381,0.001,0.033,0.04,0.09,0.043,0.023,0.089,0.089,0.152,0.059
2018-04-05 21:00:00,0.012,0.014,0.012,0.344,0.001,0.06,0.0,0.09,0.042,0.024,0.12,0.084,0.162,0.05
2018-04-05 22:00:00,0.0,0.011,0.013,0.283,0.0,0.036,0.0,0.09,0.043,0.025,0.124,0.085,0.16,0.032
2018-04-05 23:00:00,0.012,0.005,0.013,0.257,0.0,0.03,0.0,0.09,0.05,0.025,0.096,0.083,0.178,0.031
2018-04-06 00:00:00,0.012,0.002,0.032,0.238,0.0,0.032,0.0,0.09,0.032,0.025,0.091,0.083,0.242,0.033
2018-04-06 01:00:00,0.012,0.001,0.015,0.224,0.0,0.035,0.0,0.089,0.034,0.025,0.084,0.082,0.246,0.027
2018-04-06 02:00:00,0.029,0.003,0.016,0.212,0.0,0.035,0.0,0.089,0.039,0.024,0.087,0.083,0.229,0.027
2018-04-06 03:00:00,0.0,0.002,0.02,0.201,0.0,0.035,0.0,0.087,0.044,0.023,0.092,0.083,0.204,0.047
2018-04-06 04:00:00,0.0,0.002,0.021,0.2,0.0,0.038,0.0,0.088,0.04,0.024,0.104,0.083,0.159,0.039
2018-04-06 05:00:00,0.0,0.001,0.026,0.198,0.004,0.035,0.0,0.087,0.05,0.023,0.098,0.084,0.162,0.049
2018-04-06 06:00:00,0.0,0.011,0.009,0.228,0.01,0.045,0.0,0.086,0.049,0.023,0.108,0.084,0.184,0.029
2018-04-06 07:00:00,0.001,0.016,0.004,0.238,0.004,0.05,0.0,0.084,0.048,0.022,0.112,0.086,0.307,0.03
2018-04-06 08:00:00,0.006,0.046,0.053,0.238,0.006,0.031,0.0,0.082,0.045,0.02,0.157,0.087,0.42,0.029
2018-04-06 09:00:00,0.016,0.059,0.066,0.233,0.006,0.024,0.0,0.06,0.034,0.016,0.162,0.089,0.32,0.045
2018-04-06 10:00:00,0.0,0.078,0.073,0.224,0.0,0.02,0.0,0.043,0.027,0.017,0.155,0.085,0.257,0.026
2018-04-06 11:00:00,0.0,0.064,0.064,0.215,0.0,0.031,0.0,0.043,0.019,0.02,0.155,0.088,0.393,0.022
2018-04-06 12:00:00,0.0,0.075,0.07,0.194,0.0,0.034,0.0,0.045,0.016,0.02,0.13,0.094,0.5,0.027
2018-04-06 13:00:00,0.0,0.084,0.053,0.233,0.0,0.016,0.0,0.038,0.022,0.02,0.115,0.103,0.507,0.031
2018-04-06 14:00:00,0.003,0.067,0.05,0.27,0.001,0.036,0.0,0.042,0.023,0.02,0.104,0.103,0.405,0.027
2018-04-06 15:00:00,0.016,0.068,0.017,0.268,0.002,0.018,0.0,0.043,0.02,0.02,0.103,0.109,0.372,0.033
2018-04-06 16:00:00,0.0,0.04,0.01,0.268,0.003,0.041,0.0,0.048,0.027,0.02,0.093,0.094,0.354,0.041
2018-04-06 17:00:00,0.025,0.028,0.014,0.268,0.004,0.042,0.001,0.043,0.023,0.027,0.089,0.081,0.352,0.047
2018-04-06 18:00:00,0.015,0.04,0.01,0.297,0.009,0.059,0.0,0.054,0.053,0.021,0.082,0.071,0.351,0.035
2018-04-06 19:00:00,0.03,0.03,0.018,0.307,0.012,0.086,0.0,0.071,0.045,0.022,0.096,0.073,0.355,0.029
2018-04-06 20:00:00,0.014,0.03,0.027,0.349,0.008,0.053,0.0,0.08,0.024,0.022,0.09,0.078,0.3,0.039
2018-04-06 21:00:00,0.021,0.018,0.009,0.329,0.005,0.066,0.0,0.081,0.027,0.024,0.105,0.078,0.234,0.029
2018-04-06 22:00:00,0.004,0.014,0.01,0.229,0.001,0.042,0.0,0.072,0.022,0.023,0.1,0.081,0.233,0.033
2018-04-06 23:00:00,0.0,0.006,0.009,0.22,0.001,0.024,0.0,0.082,0.032,0.024,0.105,0.078,0.183,0.024
2018-04-07 00:00:00,0.0,0.002,0.009,0.226,0.001,0.026,0.0,0.092,0.019,0.023,0.069,0.078,0.159,0.025
2018-04-07 01:00:00,0.0,0.001,0.009,0.219,0.0,0.032,0.0,0.081,0.018,0.023,0.048,0.078,0.155,0.02
2018-04-07 02:00:00,0.002,0.002,0.009,0.199,0.0,0.029,0.0,0.081,0.018,0.018,0.061,0.078,0.132,0.02
2018-04-07 03:00:00,0.006,0.002,0.014,0.193,0.0,0.026,0.0,0.08,0.023,0.017,0.062,0.079,0.135,0.026
2018-04-07 04:00:00,0.007,0.004,0.014,0.172,0.0,0.031,0.0,0.081,0.019,0.02,0.079,0.083,0.133,0.024
2018-04-07 05:00:00,0.009,0.003,0.014,0.187,0.0,0.039,0.0,0.08,0.037,0.014,0.069,0.067,0.143,0.036
2018-04-07 06:00:00,0.021,0.012,0.01,0.226,0.0,0.043,0.0,0.079,0.039,0.017,0.076,0.066,0.132,0.039
2018-04-07 07:00:00,0.0,0.016,0.006,0.205,0.0,0.045,0.0,0.079,0.037,0.011,0.079,0.055,0.131,0.056
2018-04-07 08:00:00,0.001,0.044,0.012,0.216,0.0,0.014,0.0,0.077,0.035,0.011,0.103,0.062,0.172,0.059
2018-04-07 09:00:00,0.003,0.059,0.05,0.257,0.009,0.03,0.0,0.023,0.031,0.01,0.112,0.092,0.285,0.023
2018-04-07 10:00:00,0.004,0.063,0.092,0.206,0.015,0.036,0.001,0.009,0.022,0.02,0.133,0.104,0.205,0.054
2018-04-07 11:00:00,0.008,0.068,0.092,0.188,0.016,0.05,0.002,0.016,0.01,0.022,0.138,0.103,0.194,0.024
2018-04-07 12:00:00,0.01,0.069,0.061,0.305,0.005,0.128,0.001,0.009,0.007,0.023,0.132,0.1,0.186,0.047
2018-04-07 13:00:00,0.01,0.07,0.046,0.327,0.002,0.086,0.001,0.006,0.016,0.022,0.115,0.079,0.163,0.056
2018-04-07 14:00:00,0.042,0.071,0.064,0.326,0.001,0.068,0.002,0.01,0.005,0.019,0.106,0.098,0.168,0.103
2018-04-07 15:00:00,0.015,0.101,0.065,0.34,0.003,0.086,0.002,0.014,0.003,0.019,0.102,0.08,0.168,0.073
2018-04-07 16:00:00,0.01,0.048,0.017,0.318,0.006,0.077,0.002,0.024,0.018,0.025,0.084,0.089,0.149,0.087
2018-04-07 17:00:00,0.017,0.035,0.037,0.417,0.007,0.069,0.001,0.037,0.014,0.02,0.096,0.081,0.114,0.093
2018-04-07 18:00:00,0.019,0.031,0.028,0.385,0.006,0.088,0.0,0.049,0.047,0.021,0.121,0.082,0.121,0.052
2018-04-07 19:00:00,0.03,0.026,0.017,0.368,0.005,0.067,0.0,0.065,0.044,0.023,0.096,0.093,0.131,0.165
2018-04-07 20:00:00,0.005,0.025,0.012,0.414,0.005,0.038,0.0,0.077,0.033,0.025,0.083,0.093,0.142,0.062
2018-04-07 21:00:00,0.003,0.021,0.009,0.36,0.004,0.049,0.0,0.087,0.036,0.025,0.088,0.085,0.153,0.071
2018-04-07 22:00:00,0.002,0.017,0.009,0.313,0.002,0.038,0.002,0.089,0.038,0.025,0.076,0.086,0.165,0.064
2018-04-07 23:00:00,0.0,0.006,0.009,0.274,0.011,0.028,0.0,0.087,0.053,0.024,0.062,0.082,0.155,0.03
2018-04-08 00:00:00,0.0,0.002,0.01,0.257,0.001,0.029,0.0,0.093,0.039,0.023,0.066,0.082,0.157,0.029
2018-04-08 01:00:00,0.0,0.002,0.011,0.231,0.0,0.034,0.0,0.083,0.03,0.023,0.062,0.082,0.162,0.028
2018-04-08 02:00:00,0.002,0.002,0.011,0.216,0.0,0.032,0.0,0.083,0.029,0.02,0.067,0.081,0.156,0.028
2018-04-08 03:00:00,0.0,0.003,0.016,0.201,0.0,0.031,0.0,0.083,0.034,0.021,0.068,0.081,0.156,0.032
2018-04-08 04:00:00,0.001,0.003,0.018,0.197,0.0,0.032,0.0,0.084,0.032,0.022,0.08,0.082,0.156,0.03
2018-04-08 05:00:00,0.031,0.001,0.017,0.2,0.0,0.032,0.0,0.082,0.045,0.021,0.071,0.081,0.158,0.029
2018-04-08 06:00:00,0.006,0.01,0.014,0.233,0.0,0.048,0.0,0.082,0.045,0.022,0.075,0.083,0.17,0.028
2018-04-08 07:00:00,0.025,0.029,0.03,0.222,0.0,0.047,0.0,0.08,0.034,0.02,0.081,0.076,0.391,0.032
2018-04-08 08:00:00,0.032,0.064,0.045,0.206,0.001,0.086,0.0,0.078,0.039,0.014,0.131,0.076,0.379,0.064
2018-04-08 09:00:00,0.004,0.083,0.077,0.247,0.002,0.08,0.0,0.032,0.026,0.012,0.125,0.095,0.157,0.042
2018-04-08 10:00:00,0.002,0.099,0.073,0.212,0.024,0.068,0.0,0.017,0.017,0.016,0.11,0.109,0.246,0.047
2018-04-08 11:00:00,0.005,0.069,0.051,0.168,0.027,0.051,0.0,0.02,0.008,0.019,0.117,0.091,0.199,0.058
2018-04-08 12:00:00,0.001,0.065,0.038,0.143,0.024,0.038,0.0,0.022,0.003,0.02,0.107,0.093,0.168,0.072
2018-04-08 13:00:00,0.001,0.065,0.036,0.188,0.01,0.021,0.001,0.022,0.006,0.019,0.098,0.075,0.146,0.036
2018-04-08 14:00:00,0.004,0.066,0.03,0.177,0.0,0.034,0.0,0.026,0.015,0.019,0.096,0.085,0.131,0.022
2018-04-08 15:00:00,0.004,0.064,0.016,0.256,0.0,0.043,0.0,0.028,0.015,0.019,0.091,0.12,0.13,0.027
2018-04-08 16:00:00,0.005,0.032,0.016,0.276,0.022,0.039,0.0,0.04,0.017,0.019,0.073,0.082,0.122,0.072
2018-04-08 17:00:00,0.009,0.019,0.014,0.301,0.0,0.044,0.0,0.046,0.014,0.02,0.059,0.068,0.123,0.056
2018-04-08 18:00:00,0.0,0.017,0.033,0.281,0.0,0.054,0.0,0.058,0.061,0.021,0.065,0.071,0.135,0.038
2018-04-08 19:00:00,0.001,0.015,0.013,0.283,0.0,0.073,0.0,0.073,0.071,0.022,0.078,0.078,0.292,0.077
2018-04-08 20:00:00,0.008,0.015,0.013,0.291,0.0,0.046,0.002,0.085,0.052,0.022,0.088,0.098,0.359,0.041
2018-04-08 21:00:00,0.037,0.013,0.012,0.316,0.0,0.04,0.0,0.083,0.061,0.027,0.11,0.08,0.331,0.047
2018-04-08 22:00:00,0.001,0.008,0.01,0.265,0.006,0.032,0.0,0.083,0.053,0.023,0.074,0.083,0.369,0.034
2018-04-08 23:00:00,0.0,0.003,0.012,0.254,0.0,0.028,0.0,0.084,0.057,0.024,0.07,0.081,0.297,0.029
2018-04-09 00:00:00,0.0,0.001,0.013,0.231,0.0,0.034,0.0,0.087,0.047,0.024,0.08,0.081,0.208,0.03
2018-04-09 01:00:00,0.0,0.001,0.013,0.225,0.0,0.035,0.0,0.083,0.04,0.024,0.079,0.082,0.178,0.027
2018-04-09 02:00:00,0.002,0.001,0.014,0.216,0.0,0.035,0.005,0.083,0.04,0.023,0.085,0.082,0.148,0.027
2018-04-09 03:00:00,0.0,0.001,0.029,0.206,0.0,0.035,0.0,0.083,0.045,0.022,0.085,0.083,0.173,0.035
2018-04-09 04:00:00,0.0,0.001,0.029,0.203,0.0,0.035,0.0,0.084,0.053,0.022,0.096,0.083,0.148,0.04
2018-04-09 05:00:00,0.0,0.001,0.01,0.205,0.0,0.035,0.0,0.083,0.051,0.022,0.095,0.083,0.147,0.037
2018-04-09 06:00:00,0.003,0.011,0.01,0.227,0.0,0.034,0.0,0.082,0.045,0.022,0.105,0.084,0.174,0.028
2018-04-09 07:00:00,0.008,0.016,0.004,0.242,0.001,0.061,0.0,0.082,0.052,0.022,0.108,0.086,0.204,0.03
2018-04-09 08:00:00,0.001,0.046,0.003,0.222,0.001,0.022,0.0,0.081,0.045,0.021,0.13,0.086,0.181,0.038
2018-04-09 09:00:00,0.002,0.061,0.029,0.249,0.0,0.019,0.0,0.076,0.038,0.02,0.153,0.095,0.258,0.029
2018-04-09 10:00:00,0.006,0.066,0.044,0.264,0.0,0.038,0.0,0.064,0.031,0.019,0.157,0.096,0.282,0.027
2018-04-09 11:00:00,0.01,0.07,0.043,0.275,0.0,0.046,0.001,0.057,0.022,0.021,0.161,0.11,0.263,0.032
2018-04-09 12:00:00,0.017,0.075,0.04,0.396,0.0,0.056,0.001,0.051,0.017,0.022,0.152,0.13,0.258,0.033
2018-04-09 13:00:00,0.019,0.079,0.024,0.475,0.0,0.04,0.001,0.049,0.018,0.023,0.138,0.123,0.208,0.046
2018-04-09 14:00:00,0.022,0.082,0.012,0.52,0.0,0.058,0.003,0.043,0.015,0.021,0.126,0.131,0.213,0.042
2018-04-09 15:00:00,0.018,0.093,0.047,0.505,0.001,0.071,0.004,0.035,0.01,0.019,0.126,0.131,0.189,0.075
2018-04-09 16:00:00,0.011,0.062,0.025,0.423,0.003,0.049,0.003,0.042,0.017,0.02,0.109,0.112,0.208,0.108
2018-04-09 17:00:00,0.018,0.044,0.011,0.443,0.011,0.054,0.002,0.033,0.019,0.021,0.095,0.066,0.162,0.085
2018-04-09 18:00:00,0.008,0.039,0.007,0.401,0.004,0.049,0.0,0.06,0.055,0.021,0.092,0.061,0.146,0.061
2018-04-09 19:00:00,0.014,0.029,0.016,0.372,0.003,0.045,0.0,0.063,0.052,0.022,0.095,0.071,0.345,0.049
2018-04-09 20:00:00,0.01,0.022,0.012,0.39,0.002,0.058,0.0,0.075,0.035,0.023,0.094,0.08,0.34,0.033
2018-04-09 21:00:00,0.005,0.021,0.01,0.336,0.01,0.038,0.0,0.084,0.041,0.023,0.11,0.082,0.244,0.038
2018-04-09 22:00:00,0.001,0.013,0.011,0.251,0.015,0.027,0.0,0.085,0.043,0.024,0.106,0.083,0.357,0.033
2018-04-09 23:00:00,0.015,0.006,0.012,0.27,0.006,0.027,0.0,0.086,0.064,0.025,0.093,0.083,0.352,0.039
2018-04-10 00:00:00,0.0,0.002,0.013,0.25,0.001,0.031,0.0,0.089,0.054,0.024,0.09,0.083,0.349,0.031
2018-04-10 01:00:00,0.0,0.002,0.013,0.242,0.0,0.035,0.0,0.084,0.037,0.024,0.08,0.082,0.35,0.027
2018-04-10 02:00:00,0.002,0.004,0.014,0.249,0.0,0.035,0.0,0.084,0.037,0.023,0.087,0.082,0.319,0.027
2018-04-10 03:00:00,0.0,0.003,0.018,0.212,0.0,0.042,0.0,0.082,0.041,0.023,0.09,0.083,0.27,0.036
2018-04-10 04:00:00,0.001,0.003,0.018,0.208,0.0,0.034,0.0,0.083,0.037,0.023,0.104,0.083,0.344,0.03
2018-04-10 05:00:00,0.001,0.006,0.021,0.2,0.0,0.044,0.007,0.082,0.049,0.022,0.099,0.083,0.313,0.039
2018-04-10 06:00:00,0.001,0.013,0.03,0.239,0.003,0.067,0.0,0.082,0.044,0.022,0.109,0.083,0.267,0.064
2018-04-10 07:00:00,0.002,0.019,0.031,0.241,0.004,0.052,0.0,0.08,0.046,0.022,0.112,0.077,0.269,0.033
2018-04-10 08:00:00,0.002,0.055,0.028,0.24,0.012,0.043,0.0,0.078,0.037,0.019,0.148,0.074,0.273,0.042
2018-04-10 09:00:00,0.0,0.094,0.043,0.237,0.012,0.018,0.0,0.071,0.025,0.014,0.163,0.095,0.21,0.024
2018-04-10 10:00:00,0.001,0.091,0.058,0.226,0.004,0.025,0.0,0.038,0.016,0.016,0.163,0.087,0.332,0.016
2018-04-10 11:00:00,0.012,0.093,0.065,0.21,0.001,0.029,0.0,0.037,0.001,0.019,0.16,0.13,0.437,0.021
2018-04-10 12:00:00,0.005,0.072,0.048,0.248,0.005,0.04,0.0,0.025,0.0,0.018,0.137,0.145,0.451,0.021
2018-04-10 13:00:00,0.01,0.073,0.043,0.386,0.006,0.021,0.0,0.028,0.034,0.016,0.118,0.126,0.4,0.021
2018-04-10 14:00:00,0.022,0.077,0.037,0.425,0.001,0.067,0.015,0.024,0.056,0.014,0.114,0.159,0.234,0.02
2018-04-10 15:00:00,0.026,0.076,0.034,0.511,0.003,0.059,0.007,0.022,0.083,0.014,0.118,0.199,0.15,0.029
2018-04-10 16:00:00,0.023,0.044,0.043,0.456,0.004,0.101,0.005,0.023,0.072,0.015,0.13,0.174,0.199,0.062
2018-04-10 17:00:00,0.016,0.032,0.057,0.521,0.004,0.07,0.011,0.014,0.016,0.015,0.115,0.14,0.157,0.097
2018-04-10 18:00:00,0.024,0.032,0.03,0.432,0.027,0.057,0.0,0.036,0.037,0.019,0.116,0.064,0.115,0.064
2018-04-10 19:00:00,0.023,0.031,0.039,0.421,0.029,0.053,0.0,0.04,0.048,0.021,0.147,0.069,0.136,0.054
2018-04-10 20:00:00,0.016,0.035,0.038,0.427,0.032,0.057,0.0,0.06,0.036,0.022,0.091,0.08,0.16,0.08
2018-04-10 21:00:00,0.017,0.018,0.022,0.327,0.005,0.043,0.0,0.071,0.032,0.023,0.112,0.092,0.139,0.041
2018-04-10 22:00:00,0.018,0.013,0.023,0.276,0.0,0.052,0.0,0.082,0.042,0.029,0.107,0.104,0.152,0.033
2018-04-10 23:00:00,0.03,0.007,0.01,0.277,0.001,0.022,0.0,0.085,0.059,0.024,0.098,0.083,0.17,0.032
2018-04-11 00:00:00,0.0,0.002,0.011,0.253,0.001,0.032,0.0,0.09,0.045,0.024,0.093,0.083,0.147,0.03
2018-04-11 01:00:00,0.0,0.002,0.012,0.238,0.0,0.036,0.0,0.082,0.037,0.024,0.083,0.083,0.155,0.028
2018-04-11 02:00:00,0.002,0.003,0.012,0.232,0.0,0.037,0.0,0.082,0.037,0.023,0.087,0.083,0.147,0.028
2018-04-11 03:00:00,0.0,0.002,0.017,0.218,0.0,0.051,0.0,0.08,0.043,0.022,0.105,0.083,0.147,0.036
2018-04-11 04:00:00,0.001,0.002,0.018,0.228,0.0,0.034,0.0,0.081,0.04,0.023,0.101,0.084,0.148,0.031
2018-04-11 05:00:00,0.003,0.002,0.008,0.202,0.001,0.033,0.0,0.081,0.051,0.022,0.099,0.083,0.148,0.031
2018-04-11 06:00:00,0.001,0.012,0.007,0.237,0.0,0.056,0.009,0.081,0.048,0.023,0.108,0.082,0.149,0.033
2018-04-11 07:00:00,0.008,0.019,0.01,0.298,0.008,0.026,0.0,0.079,0.047,0.021,0.132,0.079,0.183,0.053
2018-04-11 08:00:00,0.027,0.051,0.044,0.229,0.002,0.036,0.0,0.087,0.035,0.013,0.192,0.104,0.441,0.044
2018-04-11 09:00:00,0.033,0.092,0.073,0.242,0.003,0.032,0.0,0.039,0.024,0.011,0.179,0.124,0.547,0.032
2018-04-11 10:00:00,0.013,0.096,0.076,0.263,0.005,0.046,0.0,0.027,0.011,0.018,0.165,0.169,0.351,0.047
2018-04-11 11:00:00,0.025,0.086,0.069,0.303,0.003,0.066,0.0,0.044,0.0,0.029,0.169,0.122,0.397,0.037
2018-04-11 12:00:00,0.021,0.075,0.073,0.262,0.002,0.054,0.0,0.036,0.0,0.025,0.153,0.111,0.376,0.073
2018-04-11 13:00:00,0.018,0.077,0.093,0.329,0.002,0.045,0.007,0.032,0.004,0.02,0.137,0.111,0.26,0.038
2018-04-11 14:00:00,0.024,0.077,0.097,0.401,0.004,0.054,0.009,0.03,0.006,0.018,0.152,0.123,0.267,0.055
2018-04-11 15:00:00,0.012,0.074,0.035,0.368,0.015,0.045,0.027,0.021,0.007,0.017,0.185,0.13,0.191,0.044
2018-04-11 16:00:00,0.014,0.045,0.019,0.368,0.026,0.044,0.022,0.026,0.011,0.013,0.123,0.117,0.204,0.083
2018-04-11 17:00:00,0.034,0.045,0.032,0.35,0.015,0.052,0.001,0.04,0.008,0.015,0.115,0.087,0.155,0.069
2018-04-11 18:00:00,0.033,0.039,0.018,0.345,0.015,0.048,0.0,0.021,0.04,0.016,0.107,0.061,0.152,0.062
2018-04-11 19:00:00,0.012,0.032,0.075,0.354,0.022,0.063,0.0,0.041,0.05,0.018,0.151,0.066,0.282,0.05
2018-04-11 20:00:00,0.01,0.027,0.01,0.471,0.038,0.087,0.0,0.058,0.049,0.021,0.116,0.08,0.35,0.071
2018-04-11 21:00:00,0.022,0.018,0.01,0.397,0.007,0.106,0.0,0.069,0.035,0.022,0.144,0.088,0.368,0.062
2018-04-11 22:00:00,0.024,0.015,0.006,0.3,0.001,0.066,0.0,0.064,0.033,0.023,0.121,0.081,0.327,0.039
2018-04-11 23:00:00,0.002,0.008,0.006,0.288,0.002,0.04,0.0,0.066,0.051,0.024,0.09,0.08,0.19,0.033
2018-04-12 00:00:00,0.0,0.003,0.007,0.242,0.002,0.026,0.0,0.09,0.037,0.023,0.088,0.081,0.216,0.032
2018-04-12 01:00:00,0.0,0.003,0.009,0.233,0.001,0.034,0.0,0.081,0.023,0.023,0.075,0.082,0.323,0.03
2018-04-12 02:00:00,0.003,0.005,0.009,0.218,0.001,0.029,0.0,0.081,0.021,0.019,0.087,0.081,0.235,0.028
2018-04-12 03:00:00,0.044,0.005,0.014,0.237,0.0,0.026,0.0,0.077,0.027,0.018,0.089,0.082,0.145,0.037
2018-04-12 04:00:00,0.04,0.004,0.021,0.214,0.0,0.029,0.0,0.078,0.025,0.02,0.105,0.074,0.147,0.043
2018-04-12 05:00:00,0.001,0.003,0.04,0.185,0.0,0.03,0.0,0.079,0.045,0.019,0.121,0.066,0.149,0.04
2018-04-12 06:00:00,0.001,0.014,0.018,0.266,0.01,0.053,0.0,0.078,0.041,0.019,0.113,0.064,0.193,0.028
2018-04-12 07:00:00,0.004,0.022,0.015,0.326,0.004,0.041,0.008,0.075,0.041,0.016,0.122,0.063,0.378,0.029
2018-04-12 08:00:00,0.042,0.055,0.022,0.382,0.0,0.036,0.015,0.061,0.052,0.01,0.167,0.094,0.516,0.025
2018-04-12 09:00:00,0.041,0.086,0.045,0.493,0.0,0.046,0.008,0.016,0.009,0.004,0.266,0.101,0.539,0.088
2018-04-12 10:00:00,0.061,0.09,0.062,0.369,0.006,0.102,0.01,0.012,0.026,0.013,0.252,0.151,0.448,0.138
2018-04-12 11:00:00,0.062,0.091,0.07,0.386,0.012,0.105,0.013,0.042,0.055,0.031,0.213,0.18,0.278,0.165
2018-04-12 12:00:00,0.031,0.093,0.068,0.402,0.016,0.094,0.014,0.045,0.104,0.025,0.265,0.218,0.304,0.19
2018-04-12 13:00:00,0.026,0.091,0.079,0.396,0.018,0.046,0.014,0.035,0.104,0.021,0.225,0.204,0.298,0.117
2018-04-12 14:00:00,0.022,0.091,0.096,0.439,0.006,0.052,0.013,0.033,0.076,0.015,0.193,0.203,0.423,0.07
2018-04-12 15:00:00,0.051,0.082,0.095,0.367,0.012,0.049,0.009,0.059,0.044,0.016,0.153,0.174,0.433,0.061
2018-04-12 16:00:00,0.012,0.055,0.043,0.409,0.014,0.072,0.025,0.053,0.017,0.013,0.128,0.125,0.462,0.05
2018-04-12 17:00:00,0.045,0.062,0.092,0.41,0.007,0.074,0.0,0.026,0.032,0.028,0.122,0.102,0.506,0.068
2018-04-12 18:00:00,0.084,0.06,0.064,0.38,0.007,0.057,0.0,0.018,0.059,0.019,0.102,0.088,0.533,0.091
2018-04-12 19:00:00,0.042,0.055,0.035,0.411,0.005,0.049,0.0,0.048,0.063,0.018,0.115,0.073,0.501,0.157
2018-04-12 20:00:00,0.033,0.049,0.02,0.434,0.004,0.047,0.0,0.047,0.043,0.041,0.117,0.085,0.49,0.125
2018-04-12 21:00:00,0.026,0.052,0.022,0.425,0.003,0.049,0.0,0.048,0.03,0.024,0.122,0.093,0.446,0.131
2018-04-12 22:00:00,0.012,0.104,0.02,0.308,0.002,0.062,0.0,0.047,0.029,0.024,0.141,0.092,0.377,0.054
2018-04-12 23:00:00,0.007,0.017,0.018,0.288,0.002,0.039,0.0,0.05,0.048,0.029,0.09,0.079,0.337,0.033
2018-04-13 00:00:00,0.006,0.012,0.011,0.297,0.002,0.033,0.0,0.088,0.036,0.023,0.086,0.074,0.192,0.03
2018-04-13 01:00:00,0.006,0.005,0.006,0.239,0.002,0.04,0.0,0.07,0.018,0.021,0.067,0.07,0.149,0.021
2018-04-13 02:00:00,0.01,0.01,0.006,0.23,0.002,0.033,0.0,0.076,0.011,0.008,0.081,0.074,0.161,0.019
2018-04-13 03:00:00,0.005,0.013,0.01,0.219,0.001,0.052,0.0,0.064,0.063,0.007,0.083,0.071,0.177,0.034
2018-04-13 04:00:00,0.005,0.018,0.01,0.236,0.0,0.065,0.0,0.071,0.02,0.01,0.114,0.073,0.135,0.054
2018-04-13 05:00:00,0.008,0.015,0.037,0.261,0.0,0.092,0.0,0.072,0.05,0.011,0.107,0.046,0.164,0.032
2018-04-13 06:00:00,0.004,0.031,0.024,0.332,0.005,0.099,0.015,0.064,0.039,0.011,0.133,0.064,0.327,0.033
2018-04-13 07:00:00,0.003,0.05,0.013,0.339,0.0,0.105,0.008,0.061,0.041,0.009,0.142,0.106,0.529,0.066
2018-04-13 08:00:00,0.014,0.06,0.008,0.315,0.0,0.075,0.008,0.057,0.039,0.009,0.155,0.117,0.651,0.024
2018-04-13 09:00:00,0.009,0.09,0.015,0.341,0.0,0.036,0.008,0.021,0.018,0.01,0.215,0.149,0.798,0.067
2018-04-13 10:00:00,0.01,0.139,0.025,0.394,0.004,0.046,0.012,0.012,0.017,0.016,0.206,0.066,1.01,0.096
2018-04-13 11:00:00,0.065,0.094,0.036,0.479,0.0,0.063,0.021,0.013,0.01,0.021,0.23,0.114,1.229,0.192
2018-04-13 12:00:00,0.063,0.1,0.048,0.592,0.0,0.115,0.014,0.017,0.018,0.025,0.195,0.173,0.875,0.115
2018-04-13 13:00:00,0.05,0.125,0.063,0.637,0.004,0.125,0.015,0.03,0.033,0.026,0.195,0.197,0.635,0.055
2018-04-13 14:00:00,0.037,0.146,0.066,0.546,0.002,0.169,0.04,0.033,0.018,0.025,0.24,0.195,0.927,0.079
2018-04-13 15:00:00,0.02,0.224,0.086,0.513,0.013,0.152,0.014,0.028,0.039,0.017,0.236,0.195,1.479,0.115
2018-04-13 16:00:00,0.043,0.311,0.036,0.514,0.016,0.12,0.005,0.025,0.089,0.015,0.207,0.131,1.943,0.192
2018-04-13 17:00:00,0.074,0.29,0.066,0.559,0.026,0.069,0.002,0.022,0.087,0.027,0.202,0.096,2.009,0.222
2018-04-13 18:00:00,0.049,0.208,0.03,0.515,0.021,0.086,0.001,0.018,0.065,0.018,0.172,0.063,1.683,0.188
2018-04-13 19:00:00,0.038,0.141,0.04,0.468,0.018,0.067,0.0,0.017,0.04,0.027,0.194,0.085,0.922,0.194
2018-04-13 20:00:00,0.038,0.072,0.07,0.454,0.022,0.161,0.0,0.033,0.045,0.025,0.222,0.086,0.696,0.216
2018-04-13 21:00:00,0.019,0.101,0.02,0.438,0.008,0.127,0.005,0.041,0.04,0.047,0.191,0.114,0.556,0.168
2018-04-13 22:00:00,0.015,0.039,0.013,0.277,0.003,0.107,0.0,0.045,0.033,0.025,0.127,0.102,0.236,0.064
2018-04-13 23:00:00,0.011,0.023,0.009,0.276,0.003,0.029,0.0,0.047,0.059,0.026,0.097,0.077,0.173,0.056
2018-04-14 00:00:00,0.007,0.022,0.007,0.331,0.021,0.027,0.001,0.094,0.041,0.024,0.078,0.076,0.281,0.041
2018-04-14 01:00:00,0.005,0.013,0.006,0.297,0.002,0.038,0.0,0.081,0.017,0.024,0.049,0.076,0.181,0.024
2018-04-14 02:00:00,0.005,0.011,0.007,0.21,0.002,0.031,0.0,0.085,0.01,0.013,0.068,0.082,0.135,0.019
2018-04-14 03:00:00,0.0,0.012,0.012,0.213,0.001,0.039,0.0,0.081,0.018,0.013,0.065,0.081,0.155,0.027
2018-04-14 04:00:00,0.001,0.045,0.012,0.2,0.0,0.074,0.0,0.082,0.015,0.016,0.09,0.085,0.784,0.024
2018-04-14 05:00:00,0.015,0.013,0.011,0.235,0.0,0.051,0.0,0.082,0.037,0.016,0.076,0.062,0.659,0.02
2018-04-14 06:00:00,0.019,0.023,0.023,0.275,0.0,0.065,0.0,0.083,0.039,0.019,0.086,0.063,0.426,0.039
2018-04-14 07:00:00,0.019,0.03,0.012,0.273,0.0,0.111,0.0,0.084,0.03,0.021,0.089,0.076,0.445,0.046
2018-04-14 08:00:00,0.016,0.063,0.013,0.304,0.0,0.115,0.0,0.084,0.048,0.028,0.108,0.079,0.425,0.081
2018-04-14 09:00:00,0.02,0.08,0.02,0.293,0.0,0.084,0.0,0.061,0.04,0.019,0.126,0.079,0.258,0.064
2018-04-14 10:00:00,0.023,0.093,0.01,0.299,0.0,0.055,0.0,0.052,0.037,0.022,0.173,0.077,0.217,0.052
2018-04-14 11:00:00,0.019,0.079,0.018,0.262,0.0,0.039,0.0,0.058,0.036,0.024,0.151,0.076,0.293,0.047
2018-04-14 12:00:00,0.0,0.08,0.023,0.26,0.0,0.038,0.0,0.067,0.034,0.024,0.143,0.075,0.335,0.057
2018-04-14 13:00:00,0.0,0.082,0.028,0.241,0.0,0.036,0.0,0.07,0.035,0.024,0.124,0.077,0.342,0.03
2018-04-14 14:00:00,0.0,0.1,0.011,0.313,0.0,0.052,0.0,0.074,0.036,0.024,0.114,0.082,0.275,0.03
2018-04-14 15:00:00,0.0,0.1,0.033,0.267,0.003,0.103,0.0,0.084,0.037,0.024,0.11,0.087,0.216,0.049
2018-04-14 16:00:00,0.0,0.087,0.051,0.265,0.006,0.067,0.0,0.09,0.054,0.024,0.088,0.102,0.242,0.065
2018-04-14 17:00:00,0.005,0.068,0.019,0.293,0.006,0.056,0.002,0.091,0.049,0.025,0.085,0.105,0.179,0.068
2018-04-14 18:00:00,0.0,0.057,0.015,0.313,0.005,0.037,0.002,0.091,0.077,0.025,0.087,0.105,0.254,0.053
2018-04-14 19:00:00,0.001,0.07,0.015,0.329,0.005,0.038,0.002,0.094,0.076,0.026,0.106,0.107,0.175,0.047
2018-04-14 20:00:00,0.001,0.045,0.018,0.317,0.004,0.037,0.003,0.097,0.052,0.027,0.091,0.104,0.168,0.058
2018-04-14 21:00:00,0.001,0.035,0.025,0.32,0.003,0.036,0.001,0.097,0.045,0.027,0.084,0.089,0.296,0.045
2018-04-14 22:00:00,0.001,0.036,0.015,0.248,0.002,0.048,0.0,0.097,0.051,0.027,0.078,0.09,0.259,0.035
2018-04-14 23:00:00,0.0,0.011,0.015,0.255,0.001,0.035,0.0,0.096,0.043,0.027,0.071,0.087,0.185,0.034
2018-04-15 00:00:00,0.0,0.004,0.015,0.231,0.0,0.035,0.0,0.098,0.041,0.026,0.07,0.086,0.155,0.033
2018-04-15 01:00:00,0.0,0.004,0.016,0.22,0.0,0.036,0.0,0.092,0.039,0.025,0.063,0.086,0.15,0.031
2018-04-15 02:00:00,0.002,0.004,0.015,0.211,0.0,0.035,0.0,0.092,0.039,0.024,0.071,0.086,0.142,0.03
2018-04-15 03:00:00,0.0,0.004,0.019,0.199,0.0,0.035,0.0,0.092,0.043,0.024,0.072,0.085,0.151,0.035
2018-04-15 04:00:00,0.0,0.005,0.02,0.196,0.0,0.034,0.0,0.092,0.038,0.024,0.087,0.086,0.146,0.032
2018-04-15 05:00:00,0.0,0.002,0.019,0.219,0.0,0.033,0.0,0.09,0.048,0.023,0.075,0.085,0.145,0.039
2018-04-15 06:00:00,0.0,0.012,0.019,0.207,0.0,0.038,0.0,0.089,0.051,0.023,0.08,0.085,0.15,0.03
2018-04-15 07:00:00,0.0,0.016,0.017,0.201,0.0,0.035,0.0,0.089,0.063,0.023,0.08,0.087,0.21,0.031
2018-04-15 08:00:00,0.0,0.044,0.017,0.184,0.0,0.026,0.0,0.089,0.046,0.021,0.097,0.084,0.277,0.033
2018-04-15 09:00:00,0.0,0.061,0.014,0.193,0.0,0.024,0.0,0.09,0.039,0.022,0.109,0.08,0.303,0.032
2018-04-15 10:00:00,0.003,0.065,0.011,0.228,0.0,0.029,0.01,0.083,0.031,0.021,0.118,0.076,0.288,0.034
2018-04-15 11:00:00,0.001,0.062,0.007,0.164,0.0,0.027,0.0,0.064,0.014,0.022,0.127,0.071,0.271,0.034
2018-04-15 12:00:00,0.0,0.063,0.005,0.133,0.018,0.03,0.0,0.053,0.022,0.022,0.128,0.067,0.156,0.035
2018-04-15 13:00:00,0.0,0.063,0.008,0.124,0.006,0.018,0.0,0.049,0.021,0.022,0.111,0.067,0.158,0.034
2018-04-15 14:00:00,0.0,0.064,0.014,0.139,0.0,0.027,0.0,0.049,0.029,0.021,0.106,0.069,0.156,0.034
2018-04-15 15:00:00,0.0,0.061,0.064,0.187,0.003,0.027,0.0,0.053,0.027,0.021,0.099,0.073,0.153,0.034
2018-04-15 16:00:00,0.0,0.03,0.036,0.185,0.0,0.021,0.0,0.066,0.036,0.021,0.074,0.079,0.151,0.036
2018-04-15 17:00:00,0.005,0.017,0.048,0.205,0.0,0.023,0.0,0.071,0.033,0.022,0.066,0.08,0.147,0.028
2018-04-15 18:00:00,0.0,0.015,0.059,0.24,0.0,0.034,0.0,0.078,0.062,0.022,0.077,0.078,0.144,0.035
2018-04-15 19:00:00,0.001,0.014,0.012,0.249,0.0,0.028,0.0,0.083,0.071,0.023,0.084,0.082,0.14,0.029
2018-04-15 20:00:00,0.001,0.016,0.012,0.267,0.0,0.024,0.0,0.084,0.025,0.023,0.071,0.129,0.144,0.03
2018-04-15 21:00:00,0.01,0.013,0.035,0.279,0.0,0.022,0.0,0.087,0.02,0.023,0.074,0.082,0.145,0.03
2018-04-15 22:00:00,0.001,0.009,0.038,0.218,0.0,0.025,0.0,0.086,0.011,0.024,0.073,0.085,0.146,0.03
2018-04-15 23:00:00,0.0,0.003,0.013,0.22,0.0,0.025,0.0,0.087,0.031,0.024,0.07,0.082,0.142,0.03
2018-04-16 00:00:00,0.0,0.001,0.01,0.203,0.0,0.027,0.0,0.098,0.025,0.024,0.079,0.082,0.141,0.03
2018-04-16 01:00:00,0.0,0.001,0.01,0.203,0.0,0.034,0.0,0.088,0.024,0.024,0.079,0.082,0.223,0.032
2018-04-16 02:00:00,0.002,0.001,0.011,0.185,0.0,0.05,0.0,0.087,0.024,0.021,0.083,0.082,0.282,0.027
2018-04-16 03:00:00,0.0,0.001,0.016,0.176,0.0,0.031,0.0,0.086,0.027,0.02,0.085,0.082,0.307,0.034
2018-04-16 04:00:00,0.0,0.002,0.015,0.163,0.0,0.029,0.0,0.113,0.014,0.02,0.096,0.082,0.288,0.027
2018-04-16 05:00:00,0.006,0.002,0.01,0.143,0.0,0.039,0.0,0.085,0.048,0.018,0.095,0.074,0.346,0.034
2018-04-16 06:00:00,0.0,0.012,0.006,0.18,0.0,0.024,0.016,0.085,0.024,0.014,0.102,0.073,0.335,0.045
2018-04-16 07:00:00,0.001,0.015,0.006,0.202,0.0,0.022,0.006,0.084,0.031,0.016,0.106,0.071,0.174,0.055
2018-04-16 08:00:00,0.001,0.044,0.017,0.173,0.0,0.02,0.008,0.083,0.024,0.013,0.131,0.07,0.209,0.021
2018-04-16 09:00:00,0.0,0.058,0.031,0.197,0.0,0.04,0.008,0.047,0.017,0.011,0.174,0.066,0.332,0.025
2018-04-16 10:00:00,0.0,0.061,0.044,0.157,0.0,0.03,0.005,0.028,0.016,0.04,0.15,0.061,0.315,0.026
2018-04-16 11:00:00,0.003,0.066,0.02,0.133,0.0,0.019,0.0,0.025,0.004,0.019,0.15,0.065,0.36,0.029
2018-04-16 12:00:00,0.0,0.066,0.021,0.149,0.009,0.024,0.0,0.015,0.001,0.023,0.14,0.073,0.385,0.037
2018-04-16 13:00:00,0.001,0.068,0.028,0.224,0.0,0.013,0.0,0.005,0.005,0.012,0.118,0.082,0.469,0.02
2018-04-16 14:00:00,0.004,0.1,0.029,0.257,0.0,0.042,0.0,0.003,0.008,0.011,0.109,0.085,0.321,0.044
2018-04-16 15:00:00,0.011,0.073,0.024,0.311,0.001,0.049,0.002,0.001,0.005,0.011,0.108,0.082,0.175,0.034
2018-04-16 16:00:00,0.004,0.046,0.014,0.349,0.002,0.038,0.0,0.003,0.007,0.012,0.093,0.066,0.173,0.049
2018-04-16 17:00:00,0.025,0.034,0.02,0.339,0.004,0.044,0.0,0.02,0.005,0.019,0.085,0.073,0.316,0.045
2018-04-16 18:00:00,0.004,0.035,0.013,0.331,0.034,0.061,0.0,0.008,0.036,0.017,0.073,0.051,0.37,0.042
2018-04-16 19:00:00,0.003,0.034,0.047,0.344,0.005,0.06,0.0,0.031,0.026,0.02,0.091,0.078,0.402,0.076
2018-04-16 20:00:00,0.02,0.042,0.01,0.367,0.003,0.047,0.0,0.042,0.014,0.022,0.085,0.075,0.368,0.06
2018-04-16 21:00:00,0.02,0.022,0.02,0.325,0.002,0.035,0.0,0.045,0.011,0.023,0.108,0.076,0.364,0.081
2018-04-16 22:00:00,0.003,0.019,0.041,0.24,0.001,0.05,0.0,0.055,0.005,0.024,0.094,0.081,0.265,0.033
2018-04-16 23:00:00,0.001,0.007,0.006,0.234,0.001,0.032,0.0,0.052,0.024,0.024,0.1,0.075,0.15,0.026
2018-04-17 00:00:00,0.0,0.005,0.006,0.218,0.001,0.02,0.0,0.093,0.01,0.022,0.076,0.073,0.134,0.027
2018-04-17 01:00:00,0.0,0.002,0.006,0.201,0.001,0.031,0.0,0.083,0.007,0.022,0.06,0.073,0.146,0.021
2018-04-17 02:00:00,0.003,0.003,0.007,0.185,0.0,0.025,0.013,0.084,0.008,0.009,0.075,0.077,0.134,0.02
2018-04-17 03:00:00,0.0,0.004,0.011,0.182,0.011,0.022,0.0,0.08,0.012,0.009,0.083,0.075,0.131,0.032
2018-04-17 04:00:00,0.001,0.005,0.012,0.191,0.009,0.037,0.0,0.08,0.025,0.011,0.1,0.076,0.624,0.037
2018-04-17 05:00:00,0.015,0.005,0.029,0.208,0.003,0.04,0.0,0.08,0.026,0.012,0.096,0.047,0.492,0.057
2018-04-17 06:00:00,0.001,0.022,0.005,0.19,0.04,0.027,0.0,0.086,0.016,0.01,0.108,0.056,0.215,0.016
2018-04-17 07:00:00,0.001,0.034,0.005,0.242,0.026,0.017,0.006,0.078,0.025,0.012,0.11,0.074,0.148,0.027
2018-04-17 08:00:00,0.002,0.048,0.006,0.219,0.0,0.027,0.021,0.067,0.015,0.009,0.134,0.077,0.297,0.064
2018-04-17 09:00:00,0.002,0.073,0.035,0.261,0.0,0.043,0.014,0.016,0.007,0.008,0.159,0.125,0.147,0.069
2018-04-17 10:00:00,0.006,0.076,0.061,0.401,0.0,0.065,0.011,0.01,0.014,0.016,0.151,0.113,0.16,0.201
2018-04-17 11:00:00,0.025,0.072,0.082,0.456,0.006,0.102,0.008,0.037,0.022,0.027,0.157,0.224,0.168,0.097
2018-04-17 12:00:00,0.05,0.072,0.07,0.597,0.016,0.13,0.009,0.037,0.03,0.023,0.149,0.2,0.337,0.095
2018-04-17 13:00:00,0.06,0.078,0.101,0.766,0.001,0.096,0.009,0.039,0.056,0.02,0.125,0.155,0.257,0.074
2018-04-17 14:00:00,0.058,0.072,0.119,0.805,0.002,0.119,0.009,0.042,0.022,0.02,0.119,0.162,0.248,0.048
2018-04-17 15:00:00,0.026,0.08,0.112,0.749,0.003,0.116,0.009,0.041,0.016,0.018,0.107,0.142,0.168,0.046
2018-04-17 16:00:00,0.011,0.041,0.056,0.691,0.006,0.111,0.002,0.027,0.016,0.015,0.095,0.11,0.225,0.098
2018-04-17 17:00:00,0.053,0.027,0.039,0.52,0.008,0.073,0.0,0.011,0.045,0.015,0.09,0.074,0.142,0.101
2018-04-17 18:00:00,0.044,0.029,0.013,0.426,0.006,0.072,0.0,0.005,0.061,0.02,0.141,0.078,0.152,0.096
2018-04-17 19:00:00,0.041,0.028,0.046,0.486,0.004,0.058,0.0,0.023,0.083,0.045,0.114,0.07,0.137,0.065
2018-04-17 20:00:00,0.042,0.024,0.057,0.439,0.003,0.058,0.0,0.049,0.039,0.031,0.087,0.083,0.165,0.045
2018-04-17 21:00:00,0.054,0.017,0.009,0.405,0.002,0.059,0.0,0.062,0.03,0.025,0.108,0.087,0.152,0.072
2018-04-17 22:00:00,0.028,0.013,0.006,0.266,0.001,0.063,0.0,0.068,0.038,0.025,0.101,0.09,0.14,0.031
2018-04-17 23:00:00,0.004,0.005,0.025,0.268,0.001,0.029,0.0,0.073,0.055,0.025,0.091,0.087,0.139,0.041
2018-04-18 00:00:00,0.012,0.001,0.007,0.249,0.001,0.026,0.0,0.098,0.035,0.025,0.087,0.086,0.142,0.031
2018-04-18 01:00:00,0.0,0.001,0.008,0.24,0.001,0.035,0.0,0.088,0.026,0.025,0.077,0.085,0.143,0.027
2018-04-18 02:00:00,0.003,0.003,0.009,0.22,0.0,0.033,0.0,0.087,0.026,0.019,0.087,0.085,0.136,0.026
2018-04-18 03:00:00,0.0,0.002,0.014,0.211,0.011,0.038,0.0,0.085,0.031,0.019,0.092,0.085,0.136,0.048
2018-04-18 04:00:00,0.001,0.004,0.014,0.193,0.037,0.043,0.018,0.085,0.032,0.019,0.108,0.085,0.137,0.041
2018-04-18 05:00:00,0.001,0.003,0.011,0.184,0.0,0.039,0.0,0.085,0.06,0.018,0.103,0.086,0.139,0.028
2018-04-18 06:00:00,0.001,0.013,0.004,0.266,0.002,0.067,0.005,0.084,0.048,0.018,0.114,0.07,0.219,0.028
2018-04-18 07:00:00,0.014,0.016,0.034,0.269,0.009,0.047,0.026,0.102,0.056,0.017,0.109,0.069,0.299,0.025
2018-04-18 08:00:00,0.001,0.046,0.036,0.237,0.002,0.018,0.024,0.086,0.029,0.013,0.13,0.064,0.304,0.031
2018-04-18 09:00:00,0.001,0.061,0.049,0.283,0.005,0.012,0.016,0.038,0.011,0.012,0.157,0.082,0.29,0.014
2018-04-18 10:00:00,0.002,0.065,0.051,0.274,0.0,0.042,0.041,0.013,0.018,0.016,0.156,0.063,0.31,0.019
2018-04-18 11:00:00,0.027,0.068,0.059,0.272,0.0,0.091,0.026,0.021,0.004,0.02,0.161,0.082,0.365,0.027
2018-04-18 12:00:00,0.023,0.071,0.044,0.336,0.0,0.075,0.029,0.01,0.001,0.018,0.151,0.127,0.265,0.023
2018-04-18 13:00:00,0.038,0.071,0.04,0.423,0.0,0.057,0.016,0.008,0.004,0.015,0.128,0.107,0.195,0.037
2018-04-18 14:00:00,0.026,0.072,0.033,0.347,0.001,0.049,0.015,0.013,0.0,0.015,0.114,0.097,0.15,0.042
2018-04-18 15:00:00,0.013,0.07,0.038,0.424,0.002,0.036,0.012,0.011,0.0,0.014,0.119,0.095,0.167,0.031
2018-04-18 16:00:00,0.005,0.041,0.015,0.328,0.004,0.052,0.005,0.005,0.012,0.019,0.111,0.091,0.129,0.073
2018-04-18 17:00:00,0.025,0.029,0.02,0.385,0.005,0.039,0.003,0.004,0.013,0.016,0.132,0.084,0.12,0.077
2018-04-18 18:00:00,0.021,0.031,0.015,0.402,0.005,0.064,0.002,0.008,0.039,0.019,0.081,0.068,0.122,0.088
2018-04-18 19:00:00,0.014,0.03,0.055,0.45,0.005,0.121,0.012,0.03,0.034,0.021,0.09,0.06,0.137,0.074
2018-04-18 20:00:00,0.016,0.026,0.04,0.48,0.004,0.121,0.02,0.061,0.027,0.048,0.088,0.108,0.142,0.056
2018-04-18 21:00:00,0.013,0.022,0.048,0.446,0.002,0.084,0.017,0.054,0.026,0.024,0.129,0.082,0.137,0.069
2018-04-18 22:00:00,0.008,0.016,0.045,0.326,0.011,0.037,0.0,0.055,0.025,0.024,0.131,0.092,0.14,0.066
2018-04-18 23:00:00,0.008,0.007,0.01,0.281,0.002,0.029,0.0,0.058,0.046,0.024,0.084,0.083,0.138,0.038
2018-04-19 00:00:00,0.001,0.002,0.009,0.263,0.002,0.021,0.0,0.096,0.034,0.023,0.083,0.082,0.135,0.031
2018-04-19 01:00:00,0.001,0.002,0.006,0.242,0.001,0.036,0.0,0.085,0.019,0.023,0.07,0.082,0.146,0.023
2018-04-19 02:00:00,0.003,0.005,0.007,0.219,0.001,0.048,0.0,0.087,0.016,0.012,0.084,0.083,0.134,0.022
2018-04-19 03:00:00,0.0,0.005,0.013,0.226,0.0,0.03,0.0,0.083,0.02,0.013,0.088,0.081,0.136,0.035
2018-04-19 04:00:00,0.001,0.005,0.013,0.204,0.0,0.028,0.0,0.084,0.047,0.015,0.103,0.09,0.588,0.027
2018-04-19 05:00:00,0.001,0.006,0.004,0.261,0.004,0.06,0.0,0.083,0.037,0.015,0.108,0.061,0.35,0.036
2018-04-19 06:00:00,0.001,0.015,0.028,0.272,0.0,0.029,0.011,0.083,0.071,0.015,0.144,0.074,0.198,0.024
2018-04-19 07:00:00,0.002,0.035,0.022,0.271,0.007,0.017,0.018,0.081,0.047,0.015,0.114,0.07,0.296,0.031
2018-04-19 08:00:00,0.002,0.066,0.013,0.268,0.0,0.035,0.008,0.082,0.027,0.013,0.138,0.071,0.391,0.036
2018-04-19 09:00:00,0.001,0.08,0.079,0.261,0.001,0.101,0.008,0.022,0.014,0.009,0.163,0.076,0.488,0.022
2018-04-19 10:00:00,0.011,0.068,0.105,0.243,0.0,0.122,0.009,0.023,0.023,0.015,0.193,0.104,0.521,0.024
2018-04-19 11:00:00,0.031,0.074,0.096,0.278,0.0,0.107,0.008,0.019,0.01,0.02,0.199,0.135,0.278,0.039
2018-04-19 12:00:00,0.035,0.07,0.074,0.245,0.0,0.064,0.009,0.013,0.007,0.017,0.153,0.127,0.32,0.041
2018-04-19 13:00:00,0.034,0.073,0.076,0.314,0.001,0.053,0.01,0.016,0.006,0.012,0.143,0.109,0.224,0.081
2018-04-19 14:00:00,0.022,0.081,0.067,0.347,0.002,0.054,0.01,0.016,0.015,0.017,0.112,0.107,0.219,0.096
2018-04-19 15:00:00,0.013,0.071,0.045,0.413,0.003,0.051,0.008,0.014,0.017,0.017,0.112,0.12,0.176,0.131
2018-04-19 16:00:00,0.001,0.041,0.034,0.359,0.005,0.067,0.002,0.023,0.031,0.015,0.153,0.12,0.196,0.129
2018-04-19 17:00:00,0.013,0.028,0.062,0.389,0.024,0.047,0.0,0.024,0.041,0.02,0.124,0.082,0.181,0.09
2018-04-19 18:00:00,0.012,0.031,0.031,0.37,0.005,0.061,0.0,0.048,0.066,0.021,0.081,0.075,0.122,0.074
2018-04-19 19:00:00,0.049,0.029,0.057,0.421,0.005,0.065,0.0,0.054,0.059,0.034,0.098,0.083,0.232,0.083
2018-04-19 20:00:00,0.033,0.026,0.039,0.406,0.004,0.053,0.0,0.066,0.046,0.024,0.09,0.086,0.226,0.144
2018-04-19 21:00:00,0.029,0.026,0.029,0.369,0.003,0.054,0.004,0.075,0.044,0.025,0.111,0.087,0.143,0.134
2018-04-19 22:00:00,0.035,0.013,0.014,0.307,0.001,0.035,0.0,0.081,0.045,0.025,0.104,0.09,0.136,0.044
2018-04-19 23:00:00,0.022,0.006,0.011,0.269,0.001,0.032,0.009,0.087,0.06,0.025,0.095,0.087,0.145,0.036
2018-04-20 00:00:00,0.015,0.002,0.011,0.253,0.001,0.034,0.0,0.103,0.046,0.025,0.092,0.087,0.136,0.032
2018-04-20 01:00:00,0.039,0.002,0.01,0.242,0.001,0.037,0.0,0.09,0.048,0.025,0.079,0.087,0.147,0.027
2018-04-20 02:00:00,0.025,0.003,0.01,0.25,0.0,0.036,0.0,0.09,0.035,0.02,0.088,0.086,0.137,0.027
2018-04-20 03:00:00,0.036,0.003,0.015,0.213,0.0,0.034,0.0,0.087,0.039,0.019,0.093,0.086,0.138,0.037
2018-04-20 04:00:00,0.015,0.004,0.016,0.205,0.0,0.066,0.0,0.087,0.035,0.021,0.107,0.087,0.132,0.03
2018-04-20 05:00:00,0.009,0.003,0.03,0.202,0.018,0.037,0.0,0.087,0.047,0.021,0.103,0.087,0.135,0.028
2018-04-20 06:00:00,0.0,0.014,0.03,0.254,0.0,0.031,0.0,0.087,0.051,0.021,0.112,0.087,0.168,0.036
2018-04-20 07:00:00,0.033,0.021,0.013,0.308,0.0,0.032,0.007,0.086,0.067,0.018,0.116,0.09,0.14,0.028
2018-04-20 08:00:00,0.023,0.046,0.009,0.27,0.0,0.063,0.008,0.084,0.065,0.014,0.145,0.089,0.146,0.047
2018-04-20 09:00:00,0.0,0.061,0.022,0.283,0.0,0.052,0.017,0.039,0.043,0.017,0.16,0.082,0.153,0.029
2018-04-20 10:00:00,0.0,0.065,0.034,0.27,0.001,0.048,0.018,0.028,0.035,0.02,0.154,0.075,0.162,0.028
2018-04-20 11:00:00,0.0,0.068,0.035,0.207,0.0,0.038,0.011,0.028,0.02,0.022,0.177,0.075,0.176,0.021
2018-04-20 12:00:00,0.0,0.072,0.053,0.202,0.008,0.039,0.011,0.025,0.018,0.022,0.144,0.084,0.305,0.021
2018-04-20 13:00:00,0.0,0.073,0.043,0.259,0.003,0.018,0.016,0.025,0.019,0.02,0.123,0.101,0.259,0.023
2018-04-20 14:00:00,0.0,0.102,0.051,0.265,0.0,0.049,0.007,0.023,0.014,0.017,0.111,0.102,0.163,0.018
2018-04-20 15:00:00,0.001,0.09,0.022,0.289,0.001,0.03,0.041,0.021,0.008,0.017,0.111,0.102,0.137,0.017
2018-04-20 16:00:00,0.0,0.048,0.024,0.273,0.014,0.029,0.0,0.025,0.024,0.018,0.1,0.09,0.162,0.027
2018-04-20 17:00:00,0.005,0.03,0.019,0.314,0.004,0.032,0.009,0.022,0.04,0.018,0.097,0.088,0.121,0.045
2018-04-20 18:00:00,0.0,0.03,0.014,0.308,0.004,0.022,0.021,0.033,0.069,0.02,0.082,0.07,0.132,0.045
2018-04-20 19:00:00,0.004,0.029,0.021,0.35,0.003,0.028,0.0,0.045,0.079,0.021,0.101,0.072,0.149,0.035
2018-04-20 20:00:00,0.023,0.025,0.011,0.343,0.003,0.018,0.022,0.055,0.057,0.023,0.091,0.104,0.147,0.054
2018-04-20 21:00:00,0.027,0.019,0.011,0.371,0.007,0.019,0.003,0.06,0.027,0.024,0.114,0.085,0.143,0.031
2018-04-20 22:00:00,0.004,0.015,0.005,0.281,0.001,0.019,0.009,0.066,0.024,0.025,0.101,0.088,0.137,0.03
2018-04-20 23:00:00,0.001,0.008,0.007,0.251,0.002,0.021,0.0,0.067,0.041,0.025,0.09,0.084,0.151,0.026
2018-04-21 00:00:00,0.0,0.003,0.007,0.249,0.002,0.022,0.0,0.099,0.024,0.024,0.074,0.082,0.139,0.028
2018-04-21 01:00:00,0.0,0.002,0.009,0.234,0.001,0.033,0.008,0.089,0.015,0.024,0.049,0.081,0.151,0.023
2018-04-21 02:00:00,0.003,0.002,0.009,0.194,0.001,0.027,0.035,0.089,0.015,0.015,0.063,0.082,0.141,0.023
2018-04-21 03:00:00,0.0,0.002,0.015,0.196,0.0,0.025,0.0,0.089,0.013,0.015,0.062,0.081,0.143,0.03
2018-04-21 04:00:00,0.001,0.004,0.016,0.191,0.0,0.028,0.0,0.09,0.01,0.019,0.088,0.084,0.148,0.031
2018-04-21 05:00:00,0.001,0.004,0.012,0.215,0.0,0.055,0.0,0.089,0.038,0.019,0.073,0.062,0.15,0.047
2018-04-21 06:00:00,0.014,0.014,0.012,0.229,0.0,0.054,0.0,0.086,0.035,0.017,0.081,0.061,0.204,0.049
2018-04-21 07:00:00,0.027,0.02,0.035,0.291,0.033,0.074,0.003,0.081,0.026,0.013,0.091,0.087,0.321,0.051
2018-04-21 08:00:00,0.078,0.058,0.043,0.518,0.046,0.056,0.002,0.092,0.055,0.008,0.108,0.074,0.303,0.138
2018-04-21 09:00:00,0.099,0.093,0.091,0.514,0.051,0.134,0.004,0.027,0.019,0.012,0.128,0.109,0.223,0.093
2018-04-21 10:00:00,0.056,0.134,0.112,0.654,0.028,0.187,0.016,0.031,0.01,0.017,0.146,0.142,0.282,0.144
2018-04-21 11:00:00,0.074,0.118,0.191,0.885,0.027,0.191,0.023,0.04,0.005,0.026,0.185,0.175,0.285,0.168
2018-04-21 12:00:00,0.118,0.135,0.215,1.081,0.026,0.177,0.019,0.079,0.008,0.049,0.21,0.175,0.288,0.14
2018-04-21 13:00:00,0.156,0.191,0.196,1.359,0.03,0.152,0.021,0.123,0.013,0.077,0.232,0.161,0.351,0.229
2018-04-21 14:00:00,0.27,0.199,0.253,1.869,0.016,0.269,0.028,0.191,0.055,0.072,0.272,0.182,0.509,0.385
2018-04-21 15:00:00,0.321,0.317,0.318,2.685,0.039,0.339,0.025,0.179,0.143,0.09,0.389,0.241,0.701,0.528
2018-04-21 16:00:00,0.331,0.585,0.352,2.804,0.022,0.408,0.028,0.192,0.259,0.132,0.459,0.268,1.05,0.847
2018-04-21 17:00:00,0.278,0.562,0.361,2.69,0.014,0.431,0.038,0.144,0.225,0.141,0.462,0.285,0.952,0.963
2018-04-21 18:00:00,0.171,0.35,0.236,1.74,0.037,0.398,0.034,0.117,0.111,0.067,0.283,0.202,0.794,0.743
2018-04-21 19:00:00,0.098,0.244,0.199,1.02,0.016,0.245,0.013,0.02,0.067,0.028,0.206,0.113,0.381,0.367
2018-04-21 20:00:00,0.077,0.093,0.117,0.716,0.008,0.114,0.003,0.041,0.064,0.028,0.12,0.101,0.394,0.186
2018-04-21 21:00:00,0.045,0.043,0.134,0.751,0.017,0.179,0.0,0.064,0.047,0.028,0.089,0.094,0.348,0.108
2018-04-21 22:00:00,0.024,0.034,0.043,0.489,0.038,0.027,0.0,0.083,0.044,0.039,0.076,0.109,0.396,0.09
2018-04-21 23:00:00,0.012,0.015,0.022,0.36,0.005,0.026,0.0,0.095,0.082,0.026,0.069,0.093,0.378,0.061
2018-04-22 00:00:00,0.005,0.004,0.01,0.292,0.002,0.029,0.0,0.106,0.064,0.025,0.072,0.091,0.313,0.035
2018-04-22 01:00:00,0.0,0.005,0.012,0.269,0.001,0.037,0.0,0.093,0.037,0.025,0.064,0.089,0.248,0.03
2018-04-22 02:00:00,0.003,0.005,0.013,0.247,0.0,0.038,0.0,0.093,0.029,0.024,0.073,0.091,0.206,0.03
2018-04-22 03:00:00,0.0,0.007,0.019,0.236,0.0,0.036,0.0,0.093,0.036,0.024,0.074,0.087,0.159,0.033
2018-04-22 04:00:00,0.001,0.006,0.02,0.227,0.0,0.037,0.0,0.092,0.034,0.024,0.09,0.087,0.156,0.033
2018-04-22 05:00:00,0.001,0.019,0.018,0.242,0.0,0.03,0.0,0.091,0.048,0.023,0.077,0.081,0.161,0.031
2018-04-22 06:00:00,0.007,0.015,0.013,0.272,0.0,0.027,0.0,0.09,0.059,0.026,0.083,0.068,0.273,0.031
2018-04-22 07:00:00,0.03,0.053,0.034,0.283,0.0,0.037,0.0,0.087,0.051,0.021,0.095,0.08,0.455,0.032
2018-04-22 08:00:00,0.044,0.185,0.044,0.387,0.021,0.069,0.002,0.105,0.05,0.013,0.169,0.235,0.524,0.033
2018-04-22 09:00:00,0.056,0.133,0.142,0.741,0.022,0.153,0.005,0.044,0.026,0.011,0.176,0.142,0.473,0.069
2018-04-22 10:00:00,0.089,0.167,0.193,0.855,0.015,0.21,0.017,0.064,0.039,0.019,0.137,0.211,0.461,0.094
2018-04-22 11:00:00,0.117,0.196,0.21,1.175,0.021,0.277,0.006,0.106,0.053,0.027,0.143,0.232,0.271,0.192
2018-04-22 12:00:00,0.149,0.224,0.212,1.535,0.018,0.335,0.009,0.146,0.049,0.033,0.186,0.219,0.452,0.194
2018-04-22 13:00:00,0.299,0.262,0.23,2.314,0.022,0.282,0.018,0.221,0.134,0.063,0.217,0.232,0.672,0.348
2018-04-22 14:00:00,0.495,0.516,0.284,3.282,0.015,0.407,0.028,0.245,0.218,0.109,0.333,0.294,1.107,0.466
2018-04-22 15:00:00,0.569,0.93,0.362,4.359,0.022,0.494,0.03,0.323,0.324,0.173,0.554,0.408,1.406,0.67
2018-04-22 16:00:00,0.562,1.226,0.466,4.991,0.026,0.782,0.093,0.404,0.491,0.27,0.692,0.527,1.623,1.086
2018-04-22 17:00:00,0.604,1.284,0.522,5.252,0.024,0.952,0.112,0.373,0.441,0.333,0.691,0.617,1.509,1.345
2018-04-22 18:00:00,0.428,0.911,0.303,3.872,0.024,0.823,0.054,0.126,0.257,0.132,0.479,0.395,1.209,1.093
2018-04-22 19:00:00,0.207,0.282,0.216,1.787,0.014,0.415,0.031,0.018,0.169,0.034,0.179,0.219,0.835,0.514
2018-04-22 20:00:00,0.174,0.062,0.071,1.019,0.007,0.274,0.018,0.054,0.104,0.023,0.102,0.194,0.673,0.279
2018-04-22 21:00:00,0.108,0.031,0.022,0.731,0.006,0.141,0.002,0.069,0.083,0.024,0.081,0.128,0.578,0.091
2018-04-22 22:00:00,0.034,0.017,0.016,0.469,0.013,0.064,0.0,0.09,0.069,0.024,0.081,0.109,0.39,0.066
2018-04-22 23:00:00,0.027,0.01,0.013,0.364,0.001,0.037,0.0,0.094,0.089,0.025,0.081,0.105,0.416,0.037
2018-04-23 00:00:00,0.017,0.005,0.013,0.297,0.001,0.03,0.0,0.105,0.077,0.024,0.096,0.101,0.378,0.035
2018-04-23 01:00:00,0.002,0.002,0.014,0.289,0.0,0.038,0.0,0.093,0.046,0.024,0.089,0.098,0.378,0.03
2018-04-23 02:00:00,0.003,0.004,0.015,0.274,0.0,0.051,0.0,0.093,0.038,0.024,0.096,0.097,0.303,0.03
2018-04-23 03:00:00,0.0,0.004,0.019,0.267,0.0,0.037,0.0,0.091,0.044,0.024,0.098,0.093,0.205,0.037
2018-04-23 04:00:00,0.001,0.004,0.02,0.279,0.01,0.065,0.0,0.092,0.042,0.024,0.11,0.091,0.164,0.034
2018-04-23 05:00:00,0.013,0.006,0.013,0.271,0.001,0.041,0.0,0.091,0.051,0.023,0.11,0.089,0.2,0.031
2018-04-23 06:00:00,0.009,0.018,0.036,0.387,0.0,0.074,0.007,0.09,0.05,0.023,0.122,0.1,0.278,0.057
2018-04-23 07:00:00,0.025,0.047,0.052,0.524,0.0,0.04,0.016,0.087,0.045,0.023,0.149,0.114,0.374,0.062
2018-04-23 08:00:00,0.049,0.117,0.05,0.657,0.023,0.088,0.018,0.079,0.032,0.024,0.244,0.167,0.454,0.067
2018-04-23 09:00:00,0.13,0.246,0.134,1.126,0.062,0.23,0.017,0.065,0.022,0.026,0.364,0.327,0.448,0.115
2018-04-23 10:00:00,0.237,0.24,0.24,1.938,0.04,0.338,0.036,0.344,0.148,0.063,0.523,0.425,0.6,0.157
2018-04-23 11:00:00,0.359,0.389,0.339,2.997,0.043,0.478,0.045,0.664,0.307,0.229,0.79,0.603,0.954,0.35
2018-04-23 12:00:00,0.551,0.915,0.376,4.496,0.047,0.524,0.055,0.795,0.411,0.396,1.064,0.862,1.498,0.53
2018-04-23 13:00:00,0.917,1.577,0.524,6.546,0.057,0.74,0.066,1.073,0.534,0.536,1.546,1.332,2.494,0.866
2018-04-23 14:00:00,1.495,2.265,0.796,9.21,0.095,1.072,0.075,1.401,0.761,0.747,2.656,2.031,4.117,1.313
2018-04-23 15:00:00,2.033,3.09,1.207,12.275,0.191,1.58,0.131,1.941,1.103,1.121,4.233,2.797,5.603,1.916
2018-04-23 16:00:00,2.146,3.408,1.678,13.724,0.294,2.234,0.256,2.423,1.493,1.557,5.231,3.294,6.578,2.749
2018-04-23 17:00:00,2.023,3.194,1.9,13.462,0.374,2.486,0.293,2.311,1.41,1.579,4.895,3.528,5.72,3.05
2018-04-23 18:00:00,1.442,2.283,1.278,9.86,0.237,1.903,0.183,1.357,0.863,0.844,3.252,2.577,3.914,2.177
2018-04-23 19:00:00,0.776,0.787,0.357,5.519,0.033,1.34,0.098,0.196,0.444,0.153,1.362,0.957,2.247,1.083
2018-04-23 20:00:00,0.395,0.343,0.195,3.042,0.005,0.808,0.002,0.056,0.192,0.083,0.37,0.323,1.128,0.464
2018-04-23 21:00:00,0.196,0.163,0.093,1.737,0.018,0.558,0.0,0.061,0.144,0.042,0.21,0.167,0.761,0.262
2018-04-23 22:00:00,0.104,0.044,0.07,0.935,0.009,0.251,0.0,0.075,0.114,0.028,0.125,0.113,0.609,0.173
2018-04-23 23:00:00,0.074,0.038,0.023,0.928,0.002,0.104,0.015,0.098,0.119,0.027,0.107,0.1,0.499,0.066
2018-04-24 00:00:00,0.042,0.019,0.017,0.673,0.002,0.06,0.0,0.106,0.112,0.025,0.108,0.122,0.409,0.042
2018-04-24 01:00:00,0.024,0.036,0.014,0.538,0.001,0.066,0.0,0.091,0.075,0.025,0.091,0.106,0.421,0.033
2018-04-24 02:00:00,0.019,0.013,0.012,0.443,0.001,0.085,0.0,0.091,0.049,0.024,0.104,0.109,0.382,0.031
2018-04-24 03:00:00,0.012,0.012,0.03,0.421,0.0,0.066,0.0,0.088,0.06,0.023,0.107,0.104,0.38,0.038
2018-04-24 04:00:00,0.013,0.017,0.034,0.436,0.0,0.085,0.0,0.089,0.053,0.024,0.127,0.105,0.358,0.043
2018-04-24 05:00:00,0.032,0.015,0.029,0.567,0.026,0.133,0.0,0.089,0.067,0.023,0.128,0.091,0.366,0.067
2018-04-24 06:00:00,0.05,0.059,0.062,0.765,0.015,0.176,0.004,0.088,0.081,0.032,0.134,0.113,0.344,0.07
2018-04-24 07:00:00,0.089,0.098,0.043,1.194,0.037,0.279,0.011,0.089,0.09,0.018,0.2,0.119,0.414,0.078
2018-04-24 08:00:00,0.194,0.169,0.087,1.569,0.022,0.264,0.019,0.173,0.136,0.031,0.311,0.249,0.473,0.127
2018-04-24 09:00:00,0.406,0.304,0.248,2.995,0.048,0.479,0.055,0.554,0.265,0.062,0.58,0.556,0.636,0.246
2018-04-24 10:00:00,0.706,0.548,0.436,5.074,0.086,0.78,0.098,0.815,0.51,0.191,0.989,0.884,1.098,0.401
2018-04-24 11:00:00,1.069,1.101,0.676,7.445,0.138,1.144,0.107,1.134,0.738,0.577,1.719,1.439,1.795,0.779
2018-04-24 12:00:00,1.693,1.648,0.813,11.012,0.219,1.737,0.104,1.484,1.008,0.937,2.661,2.177,2.516,1.192
2018-04-24 13:00:00,2.47,2.383,1.074,14.425,0.322,2.4,0.132,2.105,1.315,1.328,4.177,3.033,3.715,1.881
2018-04-24 14:00:00,3.259,3.442,1.376,16.336,0.497,2.867,0.222,2.452,1.563,1.609,5.993,3.735,4.702,2.714
2018-04-24 15:00:00,3.384,4.168,1.503,16.5,0.6,3.057,0.236,2.246,1.537,1.56,6.911,3.889,4.746,3.482
2018-04-24 16:00:00,3.208,3.674,1.343,17.314,0.615,3.547,0.238,1.967,1.377,1.294,7.047,3.614,3.427,3.67
2018-04-24 17:00:00,2.827,2.758,1.012,15.69,0.578,3.34,0.274,1.488,1.108,0.849,6.235,3.248,2.844,2.805
2018-04-24 18:00:00,2.266,1.921,0.699,12.265,0.398,2.601,0.239,1.049,0.787,0.543,4.351,2.563,2.224,2.035
2018-04-24 19:00:00,1.58,1.119,0.461,8.608,0.232,2.179,0.13,0.541,0.485,0.277,2.337,1.244,1.746,1.402
2018-04-24 20:00:00,1.076,0.998,0.295,6.332,0.101,1.633,0.064,0.092,0.268,0.102,1.446,0.688,1.328,1.089
2018-04-24 21:00:00,0.868,0.753,0.122,3.794,0.037,1.286,0.012,0.039,0.216,0.048,0.813,0.62,0.878,0.75
2018-04-24 22:00:00,0.473,0.392,0.053,2.275,0.018,0.674,0.031,0.045,0.154,0.033,0.435,0.34,0.8,0.525
2018-04-24 23:00:00,0.203,0.278,0.028,1.355,0.009,0.294,0.017,0.05,0.127,0.027,0.22,0.244,0.581,0.358
2018-04-25 00:00:00,0.06,0.167,0.02,0.909,0.003,0.102,0.0,0.096,0.089,0.024,0.179,0.118,0.541,0.244
2018-04-25 01:00:00,0.028,0.095,0.017,0.702,0.003,0.075,0.0,0.085,0.051,0.031,0.119,0.1,0.555,0.166
2018-04-25 02:00:00,0.026,0.042,0.014,0.651,0.002,0.097,0.0,0.095,0.039,0.014,0.111,0.171,0.525,0.117
2018-04-25 03:00:00,0.018,0.035,0.017,0.583,0.001,0.069,0.0,0.079,0.035,0.013,0.127,0.097,0.531,0.083
2018-04-25 04:00:00,0.016,0.045,0.014,0.639,0.0,0.062,0.0,0.082,0.035,0.015,0.158,0.1,1.001,0.093
2018-04-25 05:00:00,0.042,0.067,0.028,0.828,0.013,0.15,0.0,0.079,0.08,0.017,0.175,0.113,0.809,0.048
2018-04-25 06:00:00,0.04,0.055,0.045,0.787,0.016,0.211,0.043,0.085,0.098,0.022,0.186,0.177,0.495,0.122
2018-04-25 07:00:00,0.056,0.058,0.023,0.869,0.009,0.184,0.032,0.069,0.059,0.014,0.238,0.147,0.551,0.085
2018-04-25 08:00:00,0.062,0.1,0.021,0.988,0.019,0.253,0.011,0.06,0.044,0.012,0.27,0.134,0.61,0.13
2018-04-25 09:00:00,0.067,0.094,0.037,1.154,0.026,0.186,0.016,0.025,0.029,0.016,0.311,0.218,0.696,0.135
2018-04-25 10:00:00,0.085,0.187,0.056,1.514,0.059,0.188,0.044,0.042,0.095,0.027,0.369,0.257,0.756,0.1
2018-04-25 11:00:00,0.11,0.114,0.048,1.535,0.053,0.242,0.044,0.097,0.114,0.039,0.388,0.281,0.807,0.086
2018-04-25 12:00:00,0.151,0.12,0.068,1.265,0.038,0.286,0.046,0.076,0.039,0.035,0.362,0.291,0.803,0.063
2018-04-25 13:00:00,0.091,0.166,0.101,1.028,0.028,0.223,0.046,0.059,0.037,0.029,0.383,0.245,0.831,0.096
2018-04-25 14:00:00,0.082,0.181,0.068,1.032,0.019,0.174,0.035,0.059,0.027,0.031,0.412,0.221,0.73,0.08
2018-04-25 15:00:00,0.049,0.271,0.071,0.919,0.007,0.134,0.026,0.066,0.028,0.015,0.4,0.242,0.707,0.071
2018-04-25 16:00:00,0.041,0.228,0.052,1.084,0.018,0.125,0.014,0.109,0.093,0.019,0.373,0.239,0.72,0.125
2018-04-25 17:00:00,0.136,0.299,0.071,1.289,0.054,0.162,0.023,0.1,0.107,0.025,0.35,0.218,0.714,0.185
2018-04-25 18:00:00,0.196,0.302,0.063,1.276,0.071,0.26,0.033,0.099,0.084,0.026,0.253,0.163,0.645,0.335
2018-04-25 19:00:00,0.185,0.286,0.083,1.181,0.113,0.196,0.005,0.084,0.071,0.029,0.234,0.135,0.621,0.318
2018-04-25 20:00:00,0.147,0.314,0.072,1.149,0.096,0.281,0.0,0.104,0.059,0.029,0.226,0.171,0.639,0.258
2018-04-25 21:00:00,0.075,0.226,0.051,0.93,0.017,0.245,0.0,0.053,0.081,0.033,0.328,0.144,0.65,0.172
2018-04-25 22:00:00,0.036,0.16,0.019,0.705,0.017,0.169,0.038,0.042,0.041,0.028,0.203,0.119,0.614,0.089
2018-04-25 23:00:00,0.026,0.078,0.034,0.597,0.004,0.12,0.006,0.036,0.082,0.037,0.141,0.091,0.559,0.108
2018-04-26 00:00:00,0.019,0.085,0.013,0.477,0.004,0.144,0.0,0.093,0.057,0.025,0.161,0.08,0.55,0.074
2018-04-26 01:00:00,0.016,0.032,0.011,0.42,0.003,0.097,0.0,0.071,0.03,0.021,0.104,0.08,0.563,0.061
2018-04-26 02:00:00,0.019,0.036,0.011,0.388,0.002,0.065,0.0,0.081,0.02,0.009,0.113,0.115,0.539,0.025
2018-04-26 03:00:00,0.013,0.034,0.035,0.426,0.036,0.055,0.0,0.067,0.022,0.007,0.107,0.096,0.554,0.05
2018-04-26 04:00:00,0.014,0.037,0.023,0.471,0.009,0.059,0.0,0.075,0.02,0.009,0.165,0.09,1.217,0.048
2018-04-26 05:00:00,0.014,0.026,0.006,0.582,0.061,0.072,0.0,0.067,0.051,0.013,0.206,0.119,0.86,0.094
2018-04-26 06:00:00,0.021,0.035,0.009,0.818,0.023,0.138,0.007,0.088,0.042,0.017,0.249,0.118,0.512,0.195
2018-04-26 07:00:00,0.039,0.04,0.016,0.745,0.0,0.141,0.056,0.056,0.031,0.006,0.258,0.109,0.569,0.138
2018-04-26 08:00:00,0.045,0.077,0.045,0.641,0.0,0.152,0.023,0.056,0.047,0.007,0.254,0.134,0.718,0.089
2018-04-26 09:00:00,0.037,0.135,0.036,0.712,0.0,0.09,0.03,0.019,0.023,0.009,0.285,0.181,0.806,0.125
2018-04-26 10:00:00,0.055,0.123,0.054,0.727,0.0,0.133,0.039,0.006,0.05,0.02,0.304,0.173,0.935,0.294
2018-04-26 11:00:00,0.052,0.144,0.037,0.775,0.0,0.132,0.035,0.057,0.022,0.034,0.352,0.19,1.122,0.308
2018-04-26 12:00:00,0.06,0.112,0.052,0.777,0.008,0.23,0.041,0.097,0.018,0.028,0.383,0.229,0.829,0.292
2018-04-26 13:00:00,0.094,0.126,0.065,1.035,0.037,0.257,0.05,0.106,0.024,0.018,0.338,0.231,0.906,0.306
2018-04-26 14:00:00,0.188,0.119,0.145,1.413,0.046,0.268,0.051,0.101,0.024,0.013,0.258,0.185,1.131,0.244
2018-04-26 15:00:00,0.176,0.094,0.134,1.542,0.019,0.267,0.055,0.1,0.025,0.02,0.233,0.209,0.885,0.158
2018-04-26 16:00:00,0.08,0.07,0.06,1.248,0.02,0.27,0.018,0.071,0.079,0.016,0.268,0.179,0.949,0.233
2018-04-26 17:00:00,0.138,0.084,0.093,1.112,0.031,0.219,0.01,0.066,0.058,0.049,0.193,0.178,0.795,0.233
2018-04-26 18:00:00,0.126,0.108,0.057,0.746,0.043,0.227,0.006,0.025,0.095,0.02,0.159,0.104,0.689,0.35
2018-04-26 19:00:00,0.106,0.09,0.07,0.769,0.045,0.216,0.002,0.013,0.107,0.04,0.195,0.126,0.475,0.316
2018-04-26 20:00:00,0.114,0.051,0.076,0.804,0.043,0.235,0.0,0.027,0.092,0.044,0.25,0.168,0.31,0.268
2018-04-26 21:00:00,0.042,0.037,0.053,0.7,0.017,0.157,0.0,0.032,0.078,0.028,0.242,0.128,0.257,0.196
2018-04-26 22:00:00,0.039,0.056,0.051,0.47,0.008,0.153,0.0,0.037,0.054,0.028,0.183,0.105,0.211,0.134
2018-04-26 23:00:00,0.027,0.022,0.012,0.423,0.003,0.088,0.0,0.038,0.096,0.028,0.131,0.086,0.152,0.082
2018-04-27 00:00:00,0.013,0.013,0.011,0.347,0.003,0.053,0.0,0.093,0.057,0.026,0.117,0.084,0.159,0.048
2018-04-27 01:00:00,0.011,0.005,0.011,0.327,0.002,0.059,0.0,0.074,0.032,0.023,0.091,0.088,0.167,0.031
2018-04-27 02:00:00,0.014,0.008,0.013,0.306,0.016,0.05,0.0,0.085,0.023,0.008,0.102,0.085,0.15,0.028
2018-04-27 03:00:00,0.008,0.011,0.013,0.332,0.008,0.055,0.0,0.073,0.048,0.008,0.105,0.081,0.15,0.07
2018-04-27 04:00:00,0.008,0.014,0.029,0.395,0.0,0.045,0.0,0.08,0.042,0.017,0.146,0.089,0.659,0.039
2018-04-27 05:00:00,0.023,0.012,0.084,0.399,0.032,0.065,0.011,0.112,0.061,0.039,0.133,0.066,0.559,0.091
2018-04-27 06:00:00,0.041,0.023,0.024,0.628,0.023,0.073,0.011,0.092,0.054,0.012,0.178,0.182,0.343,0.097
2018-04-27 07:00:00,0.034,0.073,0.049,0.657,0.047,0.133,0.048,0.076,0.038,0.01,0.255,0.148,0.491,0.075
2018-04-27 08:00:00,0.047,0.109,0.068,0.643,0.104,0.12,0.02,0.071,0.025,0.015,0.279,0.129,0.676,0.07
2018-04-27 09:00:00,0.073,0.149,0.093,0.67,0.101,0.154,0.012,0.083,0.005,0.032,0.326,0.296,0.697,0.076
2018-04-27 10:00:00,0.089,0.222,0.123,0.724,0.122,0.142,0.042,0.139,0.035,0.085,0.297,0.287,0.613,0.052
2018-04-27 11:00:00,0.115,0.124,0.211,0.854,0.105,0.147,0.029,0.212,0.05,0.121,0.329,0.276,0.708,0.178
2018-04-27 12:00:00,0.103,0.144,0.165,0.822,0.057,0.115,0.031,0.214,0.071,0.114,0.346,0.233,0.604,0.105
2018-04-27 13:00:00,0.069,0.123,0.104,0.775,0.056,0.119,0.061,0.154,0.069,0.077,0.324,0.216,0.676,0.09
2018-04-27 14:00:00,0.084,0.091,0.098,0.703,0.029,0.098,0.035,0.06,0.063,0.038,0.303,0.176,0.593,0.047
2018-04-27 15:00:00,0.055,0.095,0.062,0.669,0.031,0.122,0.017,0.015,0.029,0.066,0.302,0.158,0.591,0.034
2018-04-27 16:00:00,0.116,0.073,0.04,0.771,0.076,0.171,0.006,0.023,0.079,0.02,0.271,0.148,0.586,0.068
2018-04-27 17:00:00,0.129,0.069,0.068,0.803,0.072,0.154,0.003,0.043,0.077,0.023,0.312,0.152,0.594,0.07
2018-04-27 18:00:00,0.125,0.077,0.069,0.781,0.064,0.151,0.001,0.024,0.068,0.022,0.22,0.105,0.594,0.077
2018-04-27 19:00:00,0.148,0.073,0.123,0.713,0.054,0.185,0.004,0.02,0.071,0.025,0.194,0.1,0.582,0.141
2018-04-27 20:00:00,0.077,0.089,0.097,0.684,0.042,0.171,0.015,0.02,0.064,0.029,0.167,0.115,0.591,0.15
2018-04-27 21:00:00,0.043,0.047,0.069,0.629,0.015,0.14,0.018,0.025,0.058,0.038,0.182,0.102,0.568,0.109
2018-04-27 22:00:00,0.025,0.043,0.056,0.539,0.004,0.078,0.0,0.033,0.058,0.028,0.196,0.109,0.548,0.059
2018-04-27 23:00:00,0.018,0.022,0.018,0.458,0.003,0.052,0.001,0.038,0.064,0.033,0.125,0.093,0.532,0.058
2018-04-28 00:00:00,0.013,0.022,0.04,0.423,0.003,0.053,0.002,0.097,0.051,0.027,0.109,0.083,0.538,0.054
2018-04-28 01:00:00,0.01,0.015,0.012,0.403,0.003,0.052,0.001,0.079,0.029,0.024,0.087,0.082,0.557,0.037
2018-04-28 02:00:00,0.012,0.012,0.021,0.296,0.002,0.039,0.0,0.086,0.02,0.009,0.089,0.088,0.537,0.02
2018-04-28 03:00:00,0.005,0.016,0.025,0.263,0.002,0.035,0.0,0.077,0.021,0.006,0.085,0.079,0.537,0.039
2018-04-28 04:00:00,0.005,0.024,0.013,0.264,0.001,0.035,0.0,0.082,0.016,0.005,0.118,0.092,1.149,0.025
2018-04-28 05:00:00,0.008,0.022,0.031,0.314,0.006,0.062,0.0,0.075,0.026,0.007,0.101,0.088,0.807,0.03
2018-04-28 06:00:00,0.025,0.065,0.018,0.466,0.009,0.105,0.004,0.071,0.027,0.006,0.116,0.099,0.496,0.04
2018-04-28 07:00:00,0.013,0.042,0.048,0.478,0.023,0.177,0.001,0.061,0.037,0.004,0.14,0.126,0.586,0.072
2018-04-28 08:00:00,0.012,0.091,0.055,0.662,0.024,0.111,0.001,0.088,0.035,0.002,0.183,0.211,0.64,0.098
2018-04-28 09:00:00,0.045,0.199,0.052,0.765,0.041,0.145,0.015,0.093,0.043,0.004,0.226,0.309,0.688,0.255
2018-04-28 10:00:00,0.103,0.221,0.074,0.979,0.067,0.216,0.025,0.135,0.081,0.017,0.41,0.258,0.817,0.314
2018-04-28 11:00:00,0.157,0.23,0.096,1.215,0.097,0.233,0.011,0.255,0.074,0.058,0.443,0.271,1.009,0.479
2018-04-28 12:00:00,0.267,0.468,0.214,2.022,0.079,0.375,0.025,0.438,0.159,0.083,0.537,0.404,1.681,0.708
2018-04-28 13:00:00,0.506,0.772,0.279,3.622,0.149,0.582,0.037,0.524,0.312,0.158,0.772,0.395,2.263,1.042
2018-04-28 14:00:00,0.705,0.957,0.294,4.76,0.219,0.781,0.031,0.587,0.318,0.212,1.255,0.457,2.996,1.365
2018-04-28 15:00:00,0.712,0.93,0.374,4.865,0.233,0.647,0.02,0.685,0.256,0.258,1.31,0.44,4.146,1.622
2018-04-28 16:00:00,0.377,0.615,0.23,3.416,0.279,0.746,0.03,0.641,0.195,0.213,1.043,0.477,5.045,1.727
2018-04-28 17:00:00,0.216,0.342,0.194,1.75,0.295,0.408,0.017,0.222,0.157,0.098,0.595,0.25,5.64,1.406
2018-04-28 18:00:00,0.186,0.268,0.142,1.511,0.206,0.488,0.024,0.106,0.172,0.054,0.374,0.209,4.468,1.069
2018-04-28 19:00:00,0.164,0.2,0.206,1.472,0.155,0.373,0.011,0.092,0.129,0.051,0.362,0.16,2.664,0.712
2018-04-28 20:00:00,0.129,0.182,0.151,1.23,0.099,0.31,0.029,0.027,0.066,0.034,0.303,0.148,1.705,0.457
2018-04-28 21:00:00,0.086,0.246,0.134,1.073,0.137,0.263,0.003,0.02,0.103,0.045,0.295,0.158,1.247,0.392
2018-04-28 22:00:00,0.04,0.146,0.023,0.803,0.068,0.124,0.001,0.024,0.066,0.043,0.173,0.154,0.795,0.241
2018-04-28 23:00:00,0.023,0.045,0.015,0.612,0.03,0.113,0.0,0.03,0.072,0.031,0.092,0.096,0.657,0.192
2018-04-29 00:00:00,0.016,0.036,0.012,0.444,0.005,0.08,0.0,0.1,0.059,0.028,0.104,0.087,0.577,0.169
2018-04-29 01:00:00,0.012,0.037,0.012,0.392,0.003,0.065,0.0,0.077,0.032,0.022,0.071,0.084,0.586,0.108
2018-04-29 02:00:00,0.014,0.03,0.012,0.345,0.002,0.053,0.0,0.087,0.023,0.008,0.093,0.091,0.532,0.055
2018-04-29 03:00:00,0.007,0.028,0.016,0.3,0.002,0.066,0.0,0.075,0.026,0.004,0.088,0.085,0.522,0.036
2018-04-29 04:00:00,0.007,0.021,0.012,0.275,0.0,0.046,0.0,0.078,0.02,0.007,0.133,0.092,0.509,0.041
2018-04-29 05:00:00,0.005,0.017,0.014,0.279,0.0,0.04,0.0,0.069,0.025,0.025,0.12,0.081,0.496,0.04
2018-04-29 06:00:00,0.003,0.042,0.028,0.295,0.0,0.078,0.0,0.068,0.025,0.005,0.164,0.098,1.126,0.174
2018-04-29 07:00:00,0.002,0.08,0.021,0.314,0.0,0.067,0.0,0.064,0.062,0.008,0.233,0.122,0.804,0.191
2018-04-29 08:00:00,0.04,0.058,0.02,0.331,0.091,0.046,0.0,0.074,0.07,0.002,0.179,0.092,0.51,0.206
2018-04-29 09:00:00,0.041,0.068,0.014,0.447,0.074,0.099,0.0,0.027,0.049,0.008,0.199,0.116,0.603,0.205
2018-04-29 10:00:00,0.029,0.076,0.035,0.381,0.02,0.094,0.009,0.003,0.025,0.019,0.128,0.087,0.616,0.162
2018-04-29 11:00:00,0.015,0.07,0.025,0.381,0.088,0.071,0.0,0.021,0.021,0.023,0.182,0.082,0.628,0.082
2018-04-29 12:00:00,0.003,0.071,0.022,0.273,0.028,0.107,0.0,0.016,0.018,0.024,0.147,0.073,0.484,0.069
2018-04-29 13:00:00,0.001,0.073,0.02,0.291,0.034,0.04,0.0,0.02,0.021,0.023,0.138,0.091,0.164,0.059
2018-04-29 14:00:00,0.001,0.096,0.027,0.243,0.033,0.043,0.0,0.02,0.032,0.023,0.137,0.068,0.154,0.029
2018-04-29 15:00:00,0.002,0.074,0.028,0.289,0.041,0.072,0.0,0.022,0.032,0.023,0.124,0.089,0.2,0.037
2018-04-29 16:00:00,0.0,0.044,0.028,0.341,0.014,0.093,0.0,0.042,0.051,0.023,0.109,0.081,0.197,0.071
2018-04-29 17:00:00,0.007,0.026,0.027,0.354,0.019,0.068,0.034,0.042,0.055,0.024,0.082,0.079,0.143,0.082
2018-04-29 18:00:00,0.0,0.022,0.023,0.326,0.022,0.036,0.012,0.047,0.075,0.024,0.086,0.075,0.165,0.1
2018-04-29 19:00:00,0.003,0.018,0.06,0.382,0.021,0.046,0.0,0.058,0.079,0.025,0.113,0.081,0.157,0.086
2018-04-29 20:00:00,0.005,0.02,0.033,0.404,0.025,0.056,0.019,0.066,0.056,0.025,0.088,0.091,0.182,0.086
2018-04-29 21:00:00,0.006,0.016,0.018,0.37,0.004,0.064,0.0,0.072,0.049,0.026,0.091,0.092,0.143,0.068
2018-04-29 22:00:00,0.003,0.012,0.012,0.314,0.0,0.025,0.0,0.077,0.042,0.026,0.09,0.097,0.163,0.075
2018-04-29 23:00:00,0.001,0.01,0.011,0.316,0.001,0.025,0.0,0.083,0.069,0.027,0.084,0.092,0.167,0.067
2018-04-30 00:00:00,0.0,0.002,0.011,0.274,0.001,0.038,0.0,0.116,0.049,0.026,0.1,0.092,0.151,0.04
2018-04-30 01:00:00,0.0,0.001,0.015,0.264,0.0,0.067,0.0,0.1,0.032,0.026,0.086,0.091,0.164,0.03
2018-04-30 02:00:00,0.003,0.002,0.039,0.242,0.0,0.071,0.0,0.1,0.029,0.019,0.098,0.091,0.277,0.029
2018-04-30 03:00:00,0.0,0.003,0.018,0.233,0.005,0.034,0.0,0.097,0.032,0.019,0.103,0.091,0.179,0.043
2018-04-30 04:00:00,0.002,0.004,0.032,0.228,0.0,0.049,0.0,0.098,0.028,0.02,0.117,0.112,0.619,0.039
2018-04-30 05:00:00,0.003,0.005,0.034,0.217,0.0,0.031,0.0,0.096,0.066,0.017,0.114,0.083,0.468,0.064
2018-04-30 06:00:00,0.021,0.015,0.013,0.301,0.016,0.026,0.0,0.095,0.064,0.015,0.123,0.097,0.329,0.054
2018-04-30 07:00:00,0.022,0.018,0.042,0.304,0.0,0.027,0.01,0.094,0.042,0.012,0.149,0.101,0.34,0.038
2018-04-30 08:00:00,0.013,0.053,0.031,0.289,0.0,0.081,0.022,0.091,0.047,0.012,0.17,0.07,0.449,0.052
2018-04-30 09:00:00,0.001,0.07,0.013,0.328,0.011,0.059,0.008,0.046,0.025,0.012,0.205,0.072,0.439,0.082
2018-04-30 10:00:00,0.031,0.065,0.018,0.275,0.0,0.038,0.009,0.026,0.05,0.02,0.184,0.063,0.435,0.124
2018-04-30 11:00:00,0.046,0.066,0.023,0.282,0.0,0.041,0.011,0.028,0.069,0.023,0.194,0.076,0.367,0.081
2018-04-30 12:00:00,0.039,0.069,0.03,0.276,0.003,0.048,0.011,0.015,0.012,0.019,0.189,0.08,0.208,0.07
2018-04-30 13:00:00,0.037,0.07,0.04,0.358,0.006,0.06,0.012,0.001,0.014,0.014,0.15,0.097,0.196,0.038
2018-04-30 14:00:00,0.048,0.072,0.036,0.367,0.002,0.056,0.01,0.003,0.017,0.014,0.194,0.136,0.226,0.028
2018-04-30 15:00:00,0.067,0.071,0.052,0.365,0.004,0.055,0.008,0.005,0.008,0.014,0.17,0.118,0.203,0.04
2018-04-30 16:00:00,0.009,0.043,0.034,0.418,0.009,0.071,0.002,0.033,0.039,0.026,0.146,0.096,0.163,0.077
2018-04-30 17:00:00,0.043,0.033,0.072,0.499,0.012,0.1,0.005,0.025,0.032,0.017,0.152,0.072,0.13,0.094
2018-04-30 18:00:00,0.042,0.039,0.043,0.431,0.026,0.112,0.0,0.006,0.078,0.02,0.11,0.054,0.132,0.132
2018-04-30 19:00:00,0.04,0.038,0.076,0.474,0.053,0.109,0.0,0.007,0.072,0.02,0.124,0.096,0.188,0.11
2018-04-30 20:00:00,0.042,0.066,0.072,0.618,0.059,0.127,0.0,0.028,0.027,0.026,0.118,0.113,0.157,0.083
2018-04-30 21:00:00,0.056,0.045,0.042,0.573,0.05,0.087,0.0,0.027,0.02,0.028,0.149,0.075,0.18,0.1
2018-04-30 22:00:00,0.021,0.038,0.015,0.374,0.003,0.082,0.0,0.035,0.018,0.027,0.112,0.086,0.184,0.082
2018-04-30 23:00:00,0.015,0.009,0.012,0.32,0.003,0.066,0.0,0.037,0.047,0.028,0.098,0.078,0.154,0.042
2018-05-01 00:00:00,0.01,0.007,0.01,0.281,0.002,0.052,0.0,0.103,0.033,0.026,0.096,0.077,0.153,0.034
2018-05-01 01:00:00,0.008,0.003,0.009,0.287,0.002,0.056,0.0,0.091,0.018,0.022,0.075,0.076,0.163,0.027
2018-05-01 02:00:00,0.009,0.007,0.008,0.29,0.002,0.043,0.0,0.099,0.009,0.007,0.102,0.082,0.15,0.025
2018-05-01 03:00:00,0.004,0.007,0.036,0.284,0.001,0.044,0.0,0.087,0.01,0.006,0.115,0.071,0.148,0.04
2018-05-01 04:00:00,0.032,0.008,0.032,0.308,0.003,0.087,0.0,0.092,0.007,0.009,0.118,0.129,0.62,0.031
2018-05-01 05:00:00,0.026,0.018,0.009,0.249,0.011,0.075,0.0,0.086,0.032,0.016,0.124,0.086,0.516,0.062
2018-05-01 06:00:00,0.02,0.019,0.003,0.347,0.048,0.082,0.002,0.073,0.031,0.008,0.125,0.05,0.321,0.057
2018-05-01 07:00:00,0.043,0.025,0.019,0.347,0.012,0.069,0.01,0.072,0.018,0.008,0.149,0.052,0.436,0.109
2018-05-01 08:00:00,0.075,0.069,0.017,0.387,0.0,0.093,0.011,0.067,0.016,0.011,0.169,0.075,0.636,0.092
2018-05-01 09:00:00,0.083,0.131,0.029,0.509,0.001,0.102,0.017,0.016,0.008,0.002,0.21,0.076,0.776,0.057
2018-05-01 10:00:00,0.097,0.175,0.069,0.87,0.0,0.13,0.034,0.01,0.078,0.021,0.266,0.093,0.649,0.054
2018-05-01 11:00:00,0.177,0.148,0.146,1.26,0.001,0.241,0.032,0.084,0.065,0.044,0.38,0.215,0.705,0.128
2018-05-01 12:00:00,0.282,0.297,0.211,2.385,0.041,0.344,0.036,0.218,0.108,0.1,0.481,0.445,0.856,0.211
2018-05-01 13:00:00,0.551,0.735,0.288,4.249,0.045,0.558,0.047,0.439,0.193,0.274,0.716,0.704,1.286,0.383
2018-05-01 14:00:00,1.02,1.44,0.584,7.021,0.065,0.924,0.054,0.824,0.415,0.48,1.363,1.022,2.046,0.677
2018-05-01 15:00:00,1.629,2.015,0.871,9.71,0.051,1.401,0.044,1.457,0.771,0.824,2.695,1.806,3.243,1.397
2018-05-01 16:00:00,1.365,1.966,1.014,9.032,0.068,1.386,0.058,1.657,1.111,0.948,2.955,2.096,5.192,2.04
2018-05-01 17:00:00,1.028,1.46,0.815,6.922,0.119,1.122,0.071,1.365,0.724,0.683,2.405,1.722,4.841,1.981
2018-05-01 18:00:00,0.678,0.963,0.529,5.016,0.099,0.875,0.072,1.001,0.446,0.396,1.607,1.121,3.543,1.494
2018-05-01 19:00:00,0.627,0.623,0.454,3.933,0.137,0.983,0.023,0.586,0.295,0.295,0.668,0.756,2.512,1.148
2018-05-01 20:00:00,0.606,0.456,0.337,2.884,0.062,0.866,0.0,0.225,0.203,0.143,0.605,0.59,1.704,0.751
2018-05-01 21:00:00,0.398,0.309,0.244,2.329,0.021,0.713,0.0,0.073,0.125,0.047,0.434,0.219,1.127,0.511
2018-05-01 22:00:00,0.262,0.162,0.089,1.587,0.016,0.55,0.0,0.023,0.062,0.046,0.192,0.143,0.744,0.274
2018-05-01 23:00:00,0.111,0.036,0.037,1.198,0.008,0.257,0.0,0.01,0.08,0.03,0.163,0.173,0.333,0.252
2018-05-02 00:00:00,0.057,0.026,0.029,0.945,0.005,0.191,0.0,0.091,0.058,0.027,0.143,0.082,0.152,0.168
2018-05-02 01:00:00,0.05,0.013,0.012,0.936,0.003,0.176,0.0,0.079,0.032,0.021,0.085,0.074,0.175,0.054
2018-05-02 02:00:00,0.055,0.017,0.012,0.825,0.002,0.263,0.0,0.094,0.035,0.008,0.166,0.117,0.158,0.026
2018-05-02 03:00:00,0.017,0.016,0.013,0.809,0.002,0.226,0.0,0.084,0.023,0.01,0.117,0.097,0.195,0.071
2018-05-02 04:00:00,0.026,0.019,0.012,1.213,0.0,0.372,0.0,0.092,0.07,0.014,0.166,0.09,0.74,0.101
2018-05-02 05:00:00,0.079,0.031,0.025,1.58,0.0,0.518,0.037,0.1,0.112,0.03,0.155,0.094,0.663,0.057
2018-05-02 06:00:00,0.254,0.076,0.041,2.441,0.034,0.526,0.026,0.272,0.109,0.008,0.259,0.297,0.416,0.1
2018-05-02 07:00:00,0.472,0.096,0.219,4.049,0.027,0.8,0.039,0.66,0.499,0.075,0.482,0.876,0.645,0.101
2018-05-02 08:00:00,0.972,0.333,0.48,6.751,0.107,1.516,0.143,1.109,0.946,0.37,1.532,1.887,1.056,0.226
2018-05-02 09:00:00,1.871,1.281,0.881,13.246,0.252,2.915,0.222,1.727,1.834,0.917,3.238,3.96,3.178,1.247
2018-05-02 10:00:00,3.178,2.393,1.584,20.481,0.441,4.597,0.539,2.732,3.217,1.794,6.022,6.708,6.142,2.973
2018-05-02 11:00:00,4.806,4.057,2.498,27.153,0.734,5.839,1.287,3.505,4.024,2.734,8.845,8.575,9.24,4.455
2018-05-02 12:00:00,7.538,5.649,3.718,36.749,1.11,7.612,1.987,4.51,4.834,3.626,11.624,10.293,12.459,6.539
2018-05-02 13:00:00,10.362,7.65,5.382,44.533,1.409,9.232,2.659,5.77,5.66,4.784,14.395,12.185,17.375,9.515
2018-05-02 14:00:00,11.491,9.811,6.637,46.273,1.526,9.583,2.817,6.636,6.398,5.853,17.347,13.824,21.667,12.18
2018-05-02 15:00:00,11.177,11.607,6.67,42.747,1.785,9.173,2.72,6.719,6.218,5.767,20.13,13.819,24.125,13.829
2018-05-02 16:00:00,9.425,11.566,5.773,38.08,1.844,8.615,2.395,6.092,5.618,4.984,20.004,12.708,24.612,15.091
2018-05-02 17:00:00,6.685,10.954,4.812,29.817,1.651,6.735,1.993,5.059,4.595,3.88,16.552,10.567,22.347,15.143
2018-05-02 18:00:00,4.748,9.595,3.658,22.855,1.216,5.213,1.525,4.085,2.948,2.962,13.434,7.409,19.191,12.746
2018-05-02 19:00:00,4.173,7.733,3.126,20.116,0.888,4.809,1.214,3.367,1.741,2.38,11.449,4.978,13.371,8.276
2018-05-02 20:00:00,3.547,6.593,2.255,16.638,0.71,4.375,0.936,2.361,1.21,1.713,9.538,3.325,8.514,5.784
2018-05-02 21:00:00,2.286,5.572,1.953,11.713,0.414,3.324,0.645,1.936,1.115,1.436,6.924,2.948,5.051,5.11
2018-05-02 22:00:00,1.603,3.905,1.372,8.805,0.32,2.537,0.368,1.52,0.928,1.102,5.164,2.537,2.908,4.013
2018-05-02 23:00:00,1.195,2.873,1.016,6.77,0.251,1.933,0.177,1.076,0.841,0.798,4.02,2.187,2.059,3.06
2018-05-03 00:00:00,0.756,2.216,0.721,4.2,0.208,1.266,0.074,0.915,0.716,0.599,2.931,1.747,1.488,2.603
2018-05-03 01:00:00,0.676,1.733,0.471,3.206,0.154,0.973,0.033,0.619,0.508,0.288,2.092,1.323,1.062,1.69
2018-05-03 02:00:00,0.489,1.288,0.357,2.597,0.129,0.771,0.009,0.585,0.36,0.136,1.559,1.24,0.936,0.939
2018-05-03 03:00:00,0.33,0.945,0.28,2.116,0.156,0.757,0.004,0.546,0.251,0.103,1.26,0.824,0.913,0.659
2018-05-03 04:00:00,0.246,0.873,0.196,2.558,0.129,0.753,0.0,0.468,0.208,0.108,1.221,0.725,1.348,0.745
2018-05-03 05:00:00,0.249,0.754,0.195,2.716,0.123,0.752,0.015,0.526,0.271,0.119,1.424,1.013,1.198,0.865
2018-05-03 06:00:00,0.325,0.9,0.35,2.948,0.1,0.863,0.045,0.565,0.433,0.14,1.407,1.285,1.027,0.775
2018-05-03 07:00:00,0.333,1.734,0.258,3.309,0.122,0.878,0.085,0.589,0.466,0.164,2.483,1.449,1.6,0.96
2018-05-03 08:00:00,0.35,3.386,0.208,3.666,0.187,0.898,0.149,0.631,0.426,0.203,4.351,1.951,5.329,1.63
2018-05-03 09:00:00,0.35,3.737,0.241,3.423,0.314,0.685,0.168,0.622,0.596,0.152,3.719,2.397,9.228,3.135
2018-05-03 10:00:00,0.341,4.037,0.276,3.328,0.354,0.571,0.16,0.607,0.545,0.135,2.517,2.085,12.66,3.662
2018-05-03 11:00:00,0.393,4.146,0.319,3.832,0.209,0.67,0.114,0.691,0.509,0.185,3.294,1.857,13.61,2.568
2018-05-03 12:00:00,0.517,4.85,0.358,4.878,0.161,0.868,0.118,0.776,0.664,0.216,5.071,2.143,10.87,2.654
2018-05-03 13:00:00,0.764,6.381,0.438,6.669,0.135,1.402,0.118,0.742,1.026,0.263,8.169,3.064,10.097,4.209
2018-05-03 14:00:00,1.151,7.781,0.377,8.689,0.21,1.85,0.108,0.747,1.733,0.265,12.158,4.662,12.907,6.771
2018-05-03 15:00:00,1.417,8.903,0.465,11.095,0.3,2.468,0.129,0.758,2.391,0.303,13.56,6.173,17.54,10.369
2018-05-03 16:00:00,1.452,8.927,0.504,11.397,0.296,2.745,0.186,0.867,2.6,0.419,12.607,6.26,19.087,11.017
2018-05-03 17:00:00,1.477,8.15,0.536,10.587,0.304,2.547,0.253,0.907,2.284,0.527,10.592,5.616,17.314,9.327
2018-05-03 18:00:00,1.342,7.128,0.478,9.4,0.334,2.127,0.277,0.97,1.815,0.463,9.381,4.658,14.672,6.852
2018-05-03 19:00:00,1.328,5.91,0.613,8.72,0.27,2.117,0.207,0.884,1.362,0.387,7.298,3.397,11.376,5.21
2018-05-03 20:00:00,1.049,5.136,0.423,6.566,0.219,1.673,0.107,0.746,0.954,0.268,5.844,2.586,9.026,3.987
2018-05-03 21:00:00,0.703,3.891,0.455,3.947,0.23,1.23,0.129,0.688,0.763,0.201,3.811,2.037,6.836,3.176
2018-05-03 22:00:00,0.52,2.737,0.3,2.801,0.143,0.894,0.059,0.601,0.516,0.183,1.997,1.351,5.265,2.208
2018-05-03 23:00:00,0.256,1.873,0.146,2.207,0.104,0.625,0.023,0.385,0.337,0.039,1.132,1.003,3.593,1.573
2018-05-04 00:00:00,0.152,1.325,0.104,1.72,0.076,0.38,0.015,0.41,0.243,0.033,0.944,0.542,2.527,1.072
2018-05-04 01:00:00,0.11,1.139,0.084,1.437,0.059,0.278,0.008,0.347,0.144,0.022,0.623,0.446,2.385,0.852
2018-05-04 02:00:00,0.069,1.03,0.058,1.25,0.057,0.308,0.002,0.383,0.097,0.012,0.537,0.472,1.787,0.656
2018-05-04 03:00:00,0.082,0.921,0.066,1.301,0.031,0.292,0.0,0.336,0.084,0.007,0.568,0.345,1.503,0.577
2018-05-04 04:00:00,0.188,0.803,0.068,1.626,0.043,0.338,0.023,0.434,0.122,0.087,0.713,0.4,2.312,0.774
2018-05-04 05:00:00,0.178,0.672,0.059,1.575,0.041,0.43,0.029,0.516,0.165,0.078,0.776,0.469,1.807,0.794
2018-05-04 06:00:00,0.159,0.589,0.085,1.626,0.02,0.389,0.042,0.48,0.185,0.055,0.953,0.524,1.544,0.823
2018-05-04 07:00:00,0.15,0.546,0.177,1.753,0.047,0.374,0.055,0.482,0.197,0.022,0.974,0.673,2.265,0.766
2018-05-04 08:00:00,0.224,0.924,0.145,2.053,0.081,0.372,0.028,0.618,0.194,0.067,1.116,0.85,3.758,0.829
2018-05-04 09:00:00,0.341,1.295,0.237,2.138,0.132,0.484,0.046,0.599,0.288,0.14,1.324,1.242,6.797,0.905
2018-05-04 10:00:00,0.355,2.153,0.28,2.833,0.179,0.661,0.106,0.443,0.373,0.218,1.688,1.493,7.439,1.312
2018-05-04 11:00:00,0.424,3.483,0.362,3.606,0.209,0.703,0.08,0.557,0.443,0.262,2.181,1.453,8.777,2.075
2018-05-04 12:00:00,0.616,4.783,0.339,5.334,0.22,0.846,0.058,0.611,0.429,0.304,3.474,1.505,10.533,2.882
2018-05-04 13:00:00,1.075,6.566,0.429,8.624,0.211,1.537,0.074,0.756,0.515,0.368,5.815,1.921,13.819,4.307
2018-05-04 14:00:00,1.687,8.817,0.771,12.767,0.293,2.355,0.125,1.15,1.023,0.639,7.843,3.326,17.305,6.122
2018-05-04 15:00:00,3.402,10.257,1.264,20.688,0.479,4.174,0.157,1.642,1.806,1.109,12.335,5.031,19.381,8.574
2018-05-04 16:00:00,4.14,9.161,1.47,24.414,0.698,5.311,0.423,1.792,2.469,1.189,13.513,6.322,20.047,10.131
2018-05-04 17:00:00,4.013,8.357,1.085,23.082,0.756,5.038,0.605,1.593,2.793,0.975,10.97,6.853,18.356,9.211
2018-05-04 18:00:00,3.033,8.052,0.949,17.238,0.627,3.601,0.568,1.318,2.603,0.678,9.985,6.595,14.593,7.57
2018-05-04 19:00:00,1.509,5.865,0.63,8.615,0.582,1.785,0.333,0.69,1.716,0.389,7.089,4.799,11.456,6.552
2018-05-04 20:00:00,0.922,3.177,0.534,5.408,0.518,1.193,0.191,0.651,0.796,0.502,3.701,2.365,9.192,5.395
2018-05-04 21:00:00,0.649,2.335,0.515,4.202,0.208,1.045,0.151,0.722,0.612,0.37,2.352,1.42,5.337,3.161
2018-05-04 22:00:00,0.235,1.254,0.242,2.186,0.156,0.691,0.014,0.529,0.331,0.248,0.753,0.839,2.696,1.44
2018-05-04 23:00:00,0.092,0.802,0.15,1.281,0.116,0.297,0.009,0.305,0.262,0.043,0.32,0.529,1.636,1.282
2018-05-05 00:00:00,0.058,0.683,0.077,1.003,0.063,0.137,0.012,0.162,0.134,0.029,0.348,0.211,0.934,0.93
2018-05-05 01:00:00,0.034,0.603,0.041,0.814,0.008,0.112,0.002,0.098,0.064,0.02,0.197,0.133,0.917,0.501
2018-05-05 02:00:00,0.028,0.396,0.023,0.691,0.003,0.128,0.0,0.087,0.053,0.008,0.13,0.269,0.615,0.25
2018-05-05 03:00:00,0.018,0.252,0.023,0.566,0.002,0.093,0.0,0.065,0.052,0.006,0.111,0.19,0.367,0.128
2018-05-05 04:00:00,0.017,0.196,0.038,0.5,0.001,0.066,0.005,0.076,0.051,0.012,0.167,0.138,0.92,0.197
2018-05-05 05:00:00,0.039,0.082,0.057,0.634,0.034,0.101,0.008,0.076,0.043,0.014,0.133,0.124,0.758,0.131
2018-05-05 06:00:00,0.057,0.131,0.14,0.777,0.034,0.133,0.053,0.072,0.078,0.005,0.261,0.137,0.656,0.187
2018-05-05 07:00:00,0.097,0.113,0.229,0.905,0.137,0.224,0.047,0.077,0.068,0.045,0.377,0.171,1.006,0.445
2018-05-05 08:00:00,0.128,0.222,0.148,1.496,0.14,0.262,0.027,0.159,0.094,0.085,0.622,0.284,1.239,0.867
2018-05-05 09:00:00,0.272,0.305,0.233,2.275,0.206,0.482,0.068,0.25,0.069,0.074,0.826,0.424,1.78,1.173
2018-05-05 10:00:00,0.601,0.462,0.363,3.985,0.148,0.801,0.09,0.473,0.111,0.041,1.152,0.537,2.34,1.444
2018-05-05 11:00:00,0.94,0.603,0.485,6.491,0.219,1.097,0.101,0.649,0.33,0.239,1.656,0.727,3.22,1.948
2018-05-05 12:00:00,1.782,1.038,0.725,10.871,0.269,1.852,0.23,0.939,0.577,0.522,3.087,1.06,5.129,2.432
2018-05-05 13:00:00,2.816,2.244,0.997,14.487,0.477,2.609,0.63,1.353,0.817,0.772,4.93,1.633,7.49,3.801
2018-05-05 14:00:00,4.017,3.637,1.313,19.538,0.572,3.631,1.096,1.692,1.064,1.212,6.948,2.413,10.153,5.762
2018-05-05 15:00:00,5.56,4.906,1.787,25.633,0.78,5.085,1.505,2.24,1.561,1.848,9.072,3.438,12.361,8.297
2018-05-05 16:00:00,6.108,5.814,2.481,28.259,0.775,5.844,1.792,2.936,1.999,2.606,10.432,4.434,13.199,10.335
2018-05-05 17:00:00,5.817,5.975,3.046,27.151,0.705,6.235,1.751,3.234,2.349,2.969,10.06,5.184,12.439,11.071
2018-05-05 18:00:00,5.136,5.216,2.846,22.796,0.625,5.303,1.533,3.013,2.183,2.631,9.046,5.042,10.484,9.784
2018-05-05 19:00:00,3.177,3.369,1.59,16.241,0.311,3.746,1.095,1.597,1.428,1.296,6.611,3.531,7.046,6.309
2018-05-05 20:00:00,2.096,2.049,0.744,11.061,0.106,2.73,0.653,0.271,0.985,0.428,4.421,2.628,4.216,3.19
2018-05-05 21:00:00,1.193,1.288,0.509,7.527,0.07,2.084,0.289,0.054,0.625,0.12,2.098,1.883,2.378,1.632
2018-05-05 22:00:00,0.803,0.931,0.219,5.039,0.038,1.506,0.083,0.025,0.456,0.041,0.689,1.258,1.367,0.852
2018-05-05 23:00:00,0.531,0.741,0.103,3.473,0.007,0.99,0.045,0.035,0.39,0.052,0.398,0.882,0.898,0.599
2018-05-06 00:00:00,0.345,0.514,0.062,2.336,0.004,0.676,0.031,0.108,0.311,0.051,0.339,0.643,0.685,0.409
2018-05-06 01:00:00,0.278,0.363,0.042,1.903,0.003,0.494,0.019,0.096,0.152,0.021,0.257,0.378,0.634,0.238
2018-05-06 02:00:00,0.173,0.269,0.031,1.744,0.002,0.42,0.008,0.105,0.084,0.011,0.264,0.345,0.604,0.117
2018-05-06 03:00:00,0.188,0.221,0.03,1.424,0.001,0.346,0.003,0.089,0.068,0.012,0.159,0.273,0.565,0.079
2018-05-06 04:00:00,0.19,0.208,0.022,1.473,0.0,0.315,0.028,0.095,0.091,0.014,0.21,0.278,0.555,0.09
2018-05-06 05:00:00,0.2,0.204,0.023,1.518,0.02,0.393,0.018,0.088,0.092,0.02,0.209,0.248,0.583,0.059
2018-05-06 06:00:00,0.241,0.278,0.069,1.984,0.011,0.624,0.0,0.076,0.1,0.033,0.251,0.245,1.148,0.144
2018-05-06 07:00:00,0.454,0.37,0.105,2.773,0.04,0.84,0.004,0.139,0.121,0.046,0.323,0.35,0.741,0.301
2018-05-06 08:00:00,0.54,0.377,0.155,3.38,0.037,0.861,0.008,0.41,0.131,0.102,0.474,0.477,0.828,0.28
2018-05-06 09:00:00,0.611,0.349,0.238,3.415,0.058,0.75,0.02,0.497,0.147,0.085,0.599,0.538,0.805,0.314
2018-05-06 10:00:00,0.796,0.307,0.338,4.232,0.105,0.949,0.056,0.636,0.229,0.284,0.819,0.796,0.984,0.531
2018-05-06 11:00:00,1.366,0.366,0.63,6.334,0.186,1.25,0.049,0.913,0.461,0.511,1.132,1.218,1.143,0.454
2018-05-06 12:00:00,1.872,0.342,0.917,9.761,0.176,1.96,0.115,1.349,0.706,0.997,1.367,1.861,1.273,0.379
2018-05-06 13:00:00,2.443,0.381,1.485,12.118,0.192,2.45,0.247,1.984,0.954,1.539,1.418,2.293,1.131,0.435
2018-05-06 14:00:00,3.045,0.403,2.061,14.132,0.225,2.96,0.484,2.294,0.724,1.823,1.509,1.934,1.132,0.415
2018-05-06 15:00:00,3.43,0.406,2.313,15.111,0.275,3.313,0.554,2.38,0.647,1.792,1.776,1.428,1.003,0.542
2018-05-06 16:00:00,2.901,0.338,1.994,14.231,0.299,3.236,0.608,2.104,0.438,1.697,1.482,1.061,0.988,0.599
2018-05-06 17:00:00,2.251,0.305,1.588,11.735,0.267,2.668,0.545,1.585,0.388,1.376,1.251,0.765,0.869,0.497
2018-05-06 18:00:00,1.652,0.243,1.173,8.877,0.223,2.084,0.437,1.237,0.31,0.955,0.957,0.708,0.9,0.452
2018-05-06 19:00:00,1.19,0.272,0.889,6.331,0.134,1.597,0.24,0.906,0.332,0.637,0.807,0.606,0.81,0.468
2018-05-06 20:00:00,0.883,0.394,0.626,5.002,0.131,1.289,0.143,0.517,0.248,0.396,0.914,0.475,0.807,0.354
2018-05-06 21:00:00,0.7,0.402,0.496,3.638,0.075,1.115,0.064,0.256,0.188,0.209,0.506,0.484,0.75,0.35
2018-05-06 22:00:00,0.414,0.296,0.239,2.208,0.061,0.779,0.044,0.088,0.147,0.097,0.319,0.298,0.725,0.249
2018-05-06 23:00:00,0.104,0.165,0.114,1.389,0.084,0.293,0.026,0.08,0.109,0.082,0.27,0.245,0.634,0.264
2018-05-07 00:00:00,0.043,0.099,0.046,1.023,0.033,0.131,0.015,0.151,0.089,0.067,0.269,0.145,0.627,0.206
2018-05-07 01:00:00,0.028,0.071,0.032,0.859,0.011,0.119,0.003,0.122,0.061,0.022,0.169,0.118,0.625,0.104
2018-05-07 02:00:00,0.067,0.077,0.029,0.694,0.015,0.107,0.0,0.107,0.071,0.009,0.222,0.151,0.572,0.042
2018-05-07 03:00:00,0.011,0.047,0.024,0.558,0.002,0.085,0.0,0.088,0.068,0.009,0.2,0.186,0.547,0.066
2018-05-07 04:00:00,0.01,0.058,0.019,0.659,0.042,0.089,0.0,0.099,0.07,0.027,0.224,0.271,1.186,0.122
2018-05-07 05:00:00,0.017,0.04,0.026,0.822,0.044,0.095,0.0,0.133,0.135,0.049,0.242,0.248,0.919,0.227
2018-05-07 06:00:00,0.024,0.091,0.043,0.789,0.018,0.173,0.026,0.09,0.103,0.045,0.239,0.234,0.552,0.175
2018-05-07 07:00:00,0.078,0.217,0.143,0.958,0.067,0.3,0.019,0.089,0.216,0.031,0.306,0.26,0.591,0.228
2018-05-07 08:00:00,0.102,0.196,0.231,0.941,0.13,0.188,0.015,0.22,0.22,0.029,0.401,0.528,0.703,0.432
2018-05-07 09:00:00,0.096,0.25,0.375,1.187,0.167,0.216,0.026,0.478,0.248,0.057,0.582,0.736,0.883,0.671
2018-05-07 10:00:00,0.176,0.497,0.469,1.613,0.2,0.288,0.056,0.554,0.438,0.189,0.808,0.984,0.988,0.934
2018-05-07 11:00:00,0.25,0.515,0.596,2.244,0.248,0.382,0.049,0.726,0.586,0.352,0.902,1.193,1.646,1.289
2018-05-07 12:00:00,0.318,0.85,0.631,3.281,0.256,0.535,0.048,0.83,0.689,0.443,1.149,1.611,3.023,1.728
2018-05-07 13:00:00,0.534,1.12,0.68,4.617,0.311,0.701,0.053,0.76,0.8,0.42,1.75,2.127,4.943,2.448
2018-05-07 14:00:00,0.874,1.485,0.987,6.066,0.421,0.756,0.057,1.08,0.948,0.619,2.641,2.569,6.448,2.913
2018-05-07 15:00:00,1.043,2.488,1.266,7.447,0.505,0.907,0.068,1.496,1.33,0.954,4.087,3.367,7.348,3.431
2018-05-07 16:00:00,1.072,3.128,1.381,8.541,0.564,1.124,0.197,1.735,1.719,1.114,5.315,4.081,6.726,4.561
2018-05-07 17:00:00,1.063,3.297,1.617,8.648,0.522,1.316,0.225,1.788,1.678,1.263,5.21,4.246,6.402,5.482
2018-05-07 18:00:00,0.893,2.769,1.345,7.034,0.46,1.246,0.179,1.194,1.205,0.826,3.934,3.359,6.358,4.824
2018-05-07 19:00:00,0.496,1.523,0.564,4.078,0.263,0.909,0.09,0.36,0.542,0.252,1.806,1.419,3.946,2.566
2018-05-07 20:00:00,0.258,1.03,0.303,2.535,0.056,0.69,0.029,0.068,0.359,0.111,1.041,0.825,1.887,1.256
2018-05-07 21:00:00,0.104,0.748,0.147,1.494,0.021,0.43,0.039,0.095,0.203,0.032,0.642,0.417,1.195,0.793
2018-05-07 22:00:00,0.051,0.403,0.08,0.756,0.004,0.137,0.016,0.092,0.112,0.031,0.304,0.213,0.753,0.346
2018-05-07 23:00:00,0.041,0.214,0.046,0.738,0.015,0.085,0.014,0.102,0.137,0.029,0.212,0.174,0.307,0.283
2018-05-08 00:00:00,0.05,0.109,0.028,0.549,0.003,0.059,0.011,0.126,0.113,0.027,0.164,0.138,0.216,0.163
2018-05-08 01:00:00,0.045,0.025,0.028,0.469,0.002,0.059,0.003,0.106,0.089,0.027,0.131,0.133,0.26,0.065
2018-05-08 02:00:00,0.046,0.025,0.028,0.438,0.001,0.048,0.0,0.108,0.084,0.027,0.145,0.138,0.231,0.053
2018-05-08 03:00:00,0.048,0.027,0.03,0.458,0.001,0.049,0.0,0.104,0.076,0.026,0.14,0.122,0.176,0.08
2018-05-08 04:00:00,0.023,0.028,0.056,0.517,0.008,0.07,0.009,0.106,0.073,0.027,0.169,0.119,0.741,0.057
2018-05-08 05:00:00,0.035,0.045,0.041,0.577,0.024,0.077,0.0,0.104,0.095,0.035,0.164,0.114,0.685,0.07
2018-05-08 06:00:00,0.073,0.078,0.048,0.838,0.022,0.215,0.008,0.109,0.099,0.025,0.262,0.127,0.482,0.062
2018-05-08 07:00:00,0.097,0.143,0.096,1.147,0.084,0.303,0.015,0.1,0.154,0.026,0.392,0.217,0.646,0.119
2018-05-08 08:00:00,0.204,0.269,0.19,1.811,0.161,0.382,0.041,0.242,0.142,0.079,0.748,0.415,0.968,0.237
2018-05-08 09:00:00,0.519,0.588,0.356,3.752,0.172,0.73,0.06,0.681,0.35,0.132,1.308,0.839,2.145,0.687
2018-05-08 10:00:00,0.982,1.195,0.598,6.236,0.177,1.185,0.141,1.071,0.694,0.492,2.346,1.584,3.954,1.16
2018-05-08 11:00:00,1.345,2.104,0.945,9.274,0.261,1.803,0.105,1.425,1.031,0.912,3.619,2.441,5.958,2.102
2018-05-08 12:00:00,2.135,2.899,1.21,13.666,0.381,2.536,0.146,1.911,1.366,1.341,4.953,3.146,6.825,3.025
2018-05-08 13:00:00,3.133,3.899,1.602,18.095,0.496,3.134,0.246,2.574,1.738,1.711,6.187,4.289,9.73,4.007
2018-05-08 14:00:00,4.63,5.207,2.469,22.931,0.672,4.109,0.484,3.219,2.37,2.44,8.52,5.781,12.412,6.027
2018-05-08 15:00:00,6.35,6.401,3.56,28.24,0.884,5.431,0.816,3.82,3.109,3.18,10.802,7.258,14.316,8.845
2018-05-08 16:00:00,7.055,7.227,4.712,32.08,1.025,6.772,1.136,4.583,3.66,3.981,12.361,8.42,15.638,11.665
2018-05-08 17:00:00,7.073,7.213,5.189,32.386,1.024,7.318,1.308,4.89,3.832,4.245,12.74,8.927,15.179,12.734
2018-05-08 18:00:00,6.466,6.067,4.29,28.523,0.939,6.427,1.211,4.033,3.26,3.383,11.354,8.11,13.033,11.346
2018-05-08 19:00:00,4.532,3.576,2.183,20.994,0.533,4.915,0.828,2.006,1.976,1.505,6.848,5.052,8.295,6.979
2018-05-08 20:00:00,2.988,2.352,1.08,14.654,0.197,3.626,0.36,0.62,0.915,0.581,3.749,2.786,5.037,3.9
2018-05-08 21:00:00,1.555,1.48,0.55,8.277,0.076,2.432,0.117,0.152,0.55,0.175,1.896,1.368,2.643,1.874
2018-05-08 22:00:00,0.825,0.995,0.212,4.183,0.018,1.432,0.042,0.09,0.345,0.054,0.672,0.774,1.465,0.738
2018-05-08 23:00:00,0.251,0.635,0.103,2.165,0.005,0.622,0.026,0.078,0.176,0.043,0.336,0.325,0.943,0.49
2018-05-09 00:00:00,0.099,0.419,0.058,1.376,0.004,0.241,0.02,0.118,0.123,0.027,0.316,0.221,0.493,0.325
2018-05-09 01:00:00,0.044,0.202,0.043,0.905,0.003,0.129,0.005,0.102,0.089,0.026,0.216,0.145,0.353,0.151
2018-05-09 02:00:00,0.037,0.104,0.03,0.669,0.002,0.115,0.0,0.109,0.088,0.023,0.202,0.192,0.252,0.083
2018-05-09 03:00:00,0.06,0.09,0.03,0.6,0.001,0.22,0.0,0.1,0.087,0.024,0.18,0.163,0.21,0.08
2018-05-09 04:00:00,0.118,0.073,0.036,0.756,0.0,0.154,0.004,0.103,0.102,0.026,0.205,0.18,0.871,0.092
2018-05-09 05:00:00,0.133,0.073,0.059,0.857,0.042,0.194,0.043,0.1,0.102,0.04,0.252,0.178,0.959,0.088
2018-05-09 06:00:00,0.22,0.126,0.131,1.604,0.059,0.331,0.035,0.102,0.161,0.028,0.472,0.227,0.581,0.138
2018-05-09 07:00:00,0.36,0.245,0.222,2.965,0.083,0.482,0.036,0.155,0.283,0.041,0.765,0.539,0.894,0.268
2018-05-09 08:00:00,0.661,0.79,0.384,5.169,0.138,0.852,0.066,0.662,0.353,0.096,1.666,0.886,1.699,0.48
2018-05-09 09:00:00,1.524,1.661,0.803,10.825,0.197,2.036,0.103,1.259,0.636,0.473,3.362,1.652,4.236,1.14
2018-05-09 10:00:00,2.589,3.38,1.457,17.232,0.44,3.584,0.195,2.036,1.426,1.241,6.408,3.394,7.443,2.568
2018-05-09 11:00:00,3.863,4.904,1.887,23.017,0.657,4.662,0.276,2.683,2.401,1.997,9.273,5.268,11.02,4.002
2018-05-09 12:00:00,5.561,6.187,2.766,29.319,0.871,5.736,0.658,3.431,3.058,2.786,11.134,6.765,13.377,5.588
2018-05-09 13:00:00,7.577,7.933,4.038,33.998,1.093,6.843,1.071,4.621,3.548,3.795,13.9,8.353,16.805,8.216
2018-05-09 14:00:00,9.746,9.383,5.879,39.858,1.262,8.299,1.601,5.889,4.201,5.03,17.168,10.158,18.624,11.578
2018-05-09 15:00:00,11.93,10.199,7.389,45.935,1.344,9.815,2.005,6.943,5.008,6.179,18.455,11.976,20.231,15.18
2018-05-09 16:00:00,12.07,10.635,8.168,48.026,1.434,10.944,2.374,7.543,5.823,6.647,17.777,13.407,20.693,17.786
2018-05-09 17:00:00,11.266,10.513,7.973,46.218,1.353,10.803,2.38,7.036,5.748,6.23,15.472,13.444,19.478,18.372
2018-05-09 18:00:00,9.612,8.934,6.184,39.142,1.08,9.109,2.061,5.538,4.871,4.645,12.087,11.814,15.802,15.571
2018-05-09 19:00:00,6.875,6.095,3.778,29.266,0.674,6.855,1.64,3.767,3.147,2.687,7.906,8.219,10.489,9.807
2018-05-09 20:00:00,4.959,4.718,2.996,21.73,0.488,5.469,0.995,2.954,1.736,2.068,5.221,5.061,6.347,6.379
2018-05-09 21:00:00,3.231,3.275,2.025,15.712,0.303,4.265,0.52,1.889,0.995,1.442,3.065,2.721,3.767,3.857
2018-05-09 22:00:00,2.165,1.948,1.235,10.966,0.214,2.953,0.255,1.255,0.608,0.949,1.823,1.545,1.756,2.034
2018-05-09 23:00:00,1.742,1.276,0.783,8.759,0.126,2.289,0.258,0.702,0.47,0.521,1.045,1.047,0.753,1.1
2018-05-10 00:00:00,1.22,0.911,0.497,6.649,0.079,1.724,0.187,0.552,0.348,0.215,0.737,0.702,0.477,0.726
2018-05-10 01:00:00,1.009,0.732,0.35,5.073,0.045,1.292,0.129,0.43,0.199,0.066,0.448,0.46,0.398,0.406
2018-05-10 02:00:00,0.67,0.608,0.315,3.725,0.026,0.985,0.028,0.242,0.169,0.032,0.323,0.437,0.382,0.166
2018-05-10 03:00:00,0.494,0.55,0.183,2.889,0.013,0.815,0.023,0.146,0.139,0.047,0.292,0.337,0.247,0.195
2018-05-10 04:00:00,0.428,0.381,0.095,2.956,0.046,1.052,0.044,0.13,0.158,0.07,0.366,0.256,0.97,0.134
2018-05-10 05:00:00,0.598,0.34,0.167,3.87,0.049,1.152,0.084,0.163,0.204,0.087,0.521,0.39,0.842,0.164
2018-05-10 06:00:00,1.186,0.447,0.431,6.257,0.066,1.391,0.102,0.559,0.289,0.147,0.633,0.626,0.591,0.335
2018-05-10 07:00:00,1.393,0.745,0.825,8.975,0.243,1.931,0.189,0.97,0.514,0.397,1.014,0.839,0.721,0.483
2018-05-10 08:00:00,2.066,1.402,1.181,13.111,0.487,2.835,0.237,1.409,0.691,0.782,2.587,1.428,0.94,0.603
2018-05-10 09:00:00,3.166,2.366,1.703,18.359,0.67,4.142,0.332,1.918,0.894,1.338,5.014,2.456,1.828,0.882
2018-05-10 10:00:00,3.203,2.376,2.26,18.048,0.832,4.25,0.415,2.533,1.524,2.06,6.525,3.885,2.953,1.475
2018-05-10 11:00:00,2.817,1.611,2.15,15.765,0.982,3.556,0.636,2.462,1.851,2.132,5.098,4.878,4.71,1.784
2018-05-10 12:00:00,2.313,1.508,2.0,13.738,0.947,2.765,0.875,2.361,1.532,1.987,3.938,4.135,4.278,1.627
2018-05-10 13:00:00,2.369,1.927,1.688,13.475,0.808,2.759,0.905,2.077,1.257,1.669,5.133,3.623,3.614,1.797
2018-05-10 14:00:00,2.718,3.022,1.62,13.968,0.771,2.831,0.879,1.882,1.169,1.533,4.796,3.711,5.009,2.089
2018-05-10 15:00:00,3.713,4.539,2.061,17.205,0.685,3.614,0.895,2.357,1.108,1.988,5.215,3.581,7.742,2.485
2018-05-10 16:00:00,4.338,5.048,2.715,20.764,0.589,4.557,1.242,3.18,1.433,2.555,6.872,3.924,9.176,3.935
2018-05-10 17:00:00,3.952,3.971,2.998,19.915,0.652,4.546,1.224,3.149,1.572,2.71,6.562,4.417,8.715,4.359
2018-05-10 18:00:00,3.491,2.577,2.897,17.421,0.632,3.918,1.051,2.95,1.5,2.477,5.475,4.441,6.643,3.999
2018-05-10 19:00:00,2.839,2.002,2.385,13.956,0.535,3.256,0.874,2.436,1.088,1.953,4.022,3.308,4.661,3.175
2018-05-10 20:00:00,2.138,2.17,1.882,10.3,0.462,2.77,0.599,1.742,0.913,1.425,3.118,2.616,3.71,2.659
2018-05-10 21:00:00,1.33,1.694,1.311,6.42,0.308,1.973,0.433,1.152,0.704,0.911,2.402,1.919,2.876,2.06
2018-05-10 22:00:00,0.699,1.241,0.753,3.52,0.181,1.216,0.166,0.683,0.4,0.506,1.635,1.215,2.173,1.424
2018-05-10 23:00:00,0.219,0.782,0.309,1.819,0.095,0.486,0.075,0.367,0.286,0.123,0.837,0.574,1.244,0.853
2018-05-11 00:00:00,0.044,0.538,0.13,0.95,0.049,0.089,0.023,0.189,0.173,0.029,0.541,0.293,0.839,0.666
2018-05-11 01:00:00,0.019,0.388,0.105,0.724,0.015,0.072,0.005,0.115,0.088,0.026,0.38,0.169,0.466,0.558
2018-05-11 02:00:00,0.022,0.28,0.044,0.624,0.003,0.075,0.0,0.111,0.093,0.016,0.287,0.281,0.343,0.327
2018-05-11 03:00:00,0.015,0.217,0.035,0.607,0.002,0.057,0.0,0.093,0.081,0.051,0.174,0.204,0.249,0.271
2018-05-11 04:00:00,0.024,0.19,0.037,0.57,0.009,0.062,0.0,0.096,0.071,0.083,0.23,0.192,1.194,0.284
2018-05-11 05:00:00,0.019,0.134,0.069,0.464,0.027,0.068,0.03,0.104,0.091,0.039,0.344,0.146,1.108,0.289
2018-05-11 06:00:00,0.035,0.128,0.073,0.635,0.038,0.057,0.016,0.095,0.102,0.022,0.336,0.126,0.523,0.253
2018-05-11 07:00:00,0.023,0.074,0.056,0.736,0.03,0.078,0.032,0.101,0.086,0.023,0.354,0.199,0.39,0.397
2018-05-11 08:00:00,0.045,0.167,0.036,0.722,0.027,0.079,0.015,0.106,0.085,0.02,0.362,0.254,0.539,0.367
2018-05-11 09:00:00,0.065,0.201,0.087,0.908,0.038,0.147,0.022,0.058,0.071,0.027,0.458,0.294,0.632,0.42
2018-05-11 10:00:00,0.077,0.359,0.124,1.027,0.024,0.172,0.04,0.123,0.083,0.041,0.611,0.319,0.635,0.578
2018-05-11 11:00:00,0.093,0.422,0.113,1.172,0.02,0.186,0.04,0.123,0.113,0.051,0.527,0.339,1.076,0.506
2018-05-11 12:00:00,0.126,0.6,0.121,1.669,0.02,0.247,0.049,0.124,0.117,0.057,0.609,0.364,1.349,0.506
2018-05-11 13:00:00,0.227,0.991,0.168,2.148,0.022,0.317,0.055,0.122,0.115,0.063,0.862,0.417,1.758,0.705
2018-05-11 14:00:00,0.326,1.726,0.273,3.037,0.018,0.377,0.085,0.193,0.148,0.085,1.283,0.494,2.798,1.02
2018-05-11 15:00:00,0.443,2.356,0.326,4.052,0.03,0.465,0.066,0.224,0.194,0.094,1.577,0.624,3.952,1.592
2018-05-11 16:00:00,0.488,2.358,0.344,4.94,0.131,0.587,0.116,0.265,0.368,0.153,1.559,0.598,4.073,2.382
2018-05-11 17:00:00,0.488,1.775,0.344,4.604,0.103,0.626,0.159,0.189,0.395,0.129,1.46,0.67,3.305,2.851
2018-05-11 18:00:00,0.457,1.054,0.29,3.427,0.089,0.535,0.117,0.111,0.285,0.075,1.218,0.523,2.549,2.391
2018-05-11 19:00:00,0.234,0.651,0.221,2.201,0.031,0.416,0.048,0.067,0.166,0.048,0.679,0.302,1.787,1.198
2018-05-11 20:00:00,0.173,0.845,0.172,1.517,0.03,0.311,0.036,0.086,0.132,0.043,0.434,0.259,1.363,0.626
2018-05-11 21:00:00,0.089,0.72,0.086,1.062,0.008,0.191,0.026,0.1,0.091,0.031,0.403,0.189,0.97,0.479
2018-05-11 22:00:00,0.028,0.409,0.029,0.765,0.002,0.127,0.021,0.108,0.092,0.028,0.267,0.148,0.73,0.251
2018-05-11 23:00:00,0.029,0.235,0.028,0.601,0.002,0.068,0.019,0.106,0.125,0.028,0.19,0.132,0.543,0.165
2018-05-12 00:00:00,0.025,0.151,0.028,0.549,0.002,0.047,0.02,0.122,0.11,0.027,0.161,0.128,0.502,0.071
2018-05-12 01:00:00,0.018,0.067,0.028,0.46,0.002,0.054,0.005,0.103,0.086,0.027,0.129,0.124,0.5,0.056
2018-05-12 02:00:00,0.018,0.042,0.027,0.39,0.001,0.059,0.0,0.103,0.08,0.026,0.113,0.123,0.447,0.096
2018-05-12 03:00:00,0.01,0.037,0.03,0.381,0.0,0.041,0.0,0.103,0.077,0.026,0.108,0.119,0.434,0.067
2018-05-12 04:00:00,0.01,0.048,0.03,0.399,0.0,0.046,0.0,0.103,0.068,0.027,0.134,0.119,0.8,0.056
2018-05-12 05:00:00,0.009,0.052,0.025,0.485,0.0,0.052,0.001,0.102,0.069,0.026,0.115,0.111,0.578,0.054
2018-05-12 06:00:00,0.017,0.053,0.022,0.65,0.0,0.095,0.033,0.1,0.07,0.025,0.14,0.11,0.439,0.06
2018-05-12 07:00:00,0.054,0.07,0.05,0.835,0.001,0.165,0.036,0.1,0.111,0.04,0.193,0.126,0.442,0.076
2018-05-12 08:00:00,0.075,0.165,0.068,1.161,0.035,0.209,0.016,0.095,0.075,0.034,0.247,0.181,0.268,0.143
2018-05-12 09:00:00,0.199,0.172,0.203,1.774,0.068,0.311,0.008,0.135,0.113,0.05,0.245,0.26,0.215,0.196
2018-05-12 10:00:00,0.404,0.119,0.345,2.96,0.063,0.598,0.037,0.347,0.185,0.119,0.274,0.408,0.378,0.229
2018-05-12 11:00:00,0.519,0.113,0.375,4.109,0.109,0.75,0.021,0.68,0.26,0.212,0.295,0.403,0.567,0.186
2018-05-12 12:00:00,0.732,0.111,0.498,5.539,0.146,0.849,0.026,0.933,0.384,0.368,0.331,0.519,0.564,0.159
2018-05-12 13:00:00,1.378,0.118,0.731,8.133,0.142,1.278,0.04,1.19,0.498,0.605,0.259,0.895,0.555,0.123
2018-05-12 14:00:00,2.226,0.13,1.056,11.252,0.2,1.844,0.114,1.499,0.749,0.962,0.25,1.487,0.483,0.127
2018-05-12 15:00:00,3.057,0.138,1.421,14.351,0.325,2.487,0.265,1.819,1.029,1.301,0.272,1.869,0.461,0.097
2018-05-12 16:00:00,3.003,0.147,1.576,14.947,0.458,2.918,0.53,1.953,1.286,1.449,0.325,2.372,0.451,0.169
2018-05-12 17:00:00,2.628,0.139,1.568,14.081,0.496,2.962,0.603,1.77,1.226,1.389,0.406,2.579,0.429,0.277
2018-05-12 18:00:00,2.039,0.133,1.412,11.413,0.402,2.408,0.511,1.56,1.008,1.111,0.367,2.2,0.429,0.252
2018-05-12 19:00:00,1.107,0.112,0.824,7.206,0.245,1.526,0.277,0.864,0.507,0.466,0.345,1.183,0.473,0.198
2018-05-12 20:00:00,0.593,0.119,0.368,3.995,0.112,0.912,0.086,0.155,0.29,0.158,0.229,0.733,0.437,0.15
2018-05-12 21:00:00,0.285,0.1,0.197,2.275,0.118,0.538,0.037,0.098,0.132,0.06,0.166,0.341,0.419,0.104
2018-05-12 22:00:00,0.162,0.095,0.062,1.23,0.025,0.243,0.024,0.09,0.091,0.03,0.127,0.21,0.436,0.071
2018-05-12 23:00:00,0.057,0.054,0.039,1.023,0.012,0.113,0.02,0.101,0.117,0.028,0.123,0.135,0.415,0.058
2018-05-13 00:00:00,0.036,0.046,0.026,0.702,0.019,0.077,0.019,0.12,0.103,0.026,0.11,0.127,0.261,0.053
2018-05-13 01:00:00,0.029,0.04,0.027,0.525,0.002,0.069,0.004,0.105,0.081,0.026,0.095,0.124,0.193,0.043
2018-05-13 02:00:00,0.028,0.026,0.026,0.498,0.001,0.056,0.0,0.104,0.079,0.026,0.104,0.155,0.16,0.038
2018-05-13 03:00:00,0.031,0.04,0.031,0.456,0.001,0.044,0.0,0.102,0.071,0.025,0.1,0.137,0.157,0.039
2018-05-13 04:00:00,0.048,0.04,0.047,0.408,0.0,0.042,0.0,0.101,0.062,0.026,0.119,0.133,0.153,0.052
2018-05-13 05:00:00,0.032,0.03,0.034,0.436,0.0,0.049,0.0,0.099,0.067,0.024,0.1,0.125,0.153,0.053
2018-05-13 06:00:00,0.053,0.039,0.031,0.52,0.0,0.166,0.013,0.113,0.067,0.024,0.131,0.109,0.899,0.093
2018-05-13 07:00:00,0.106,0.055,0.097,0.624,0.035,0.172,0.005,0.093,0.086,0.022,0.187,0.142,0.738,0.14
2018-05-13 08:00:00,0.238,0.133,0.212,1.264,0.048,0.362,0.005,0.16,0.148,0.022,0.269,0.262,0.507,0.089
2018-05-13 09:00:00,0.568,0.223,0.385,3.089,0.11,0.66,0.009,0.571,0.25,0.065,0.358,0.442,0.688,0.267
2018-05-13 10:00:00,1.002,0.374,0.581,5.49,0.161,1.076,0.041,0.976,0.531,0.389,0.496,0.857,0.753,0.521
2018-05-13 11:00:00,1.378,0.706,0.775,7.933,0.265,1.409,0.049,1.326,0.652,0.616,0.716,1.332,1.109,0.871
2018-05-13 12:00:00,2.142,1.313,1.135,11.396,0.367,2.065,0.121,1.726,0.799,1.071,1.504,1.78,1.816,1.063
2018-05-13 13:00:00,3.142,2.054,1.792,15.214,0.521,2.799,0.315,2.295,1.056,1.594,2.998,2.41,2.705,1.586
2018-05-13 14:00:00,4.269,2.857,2.59,18.985,0.7,3.614,0.542,2.736,1.52,2.21,4.659,3.411,3.81,2.159
2018-05-13 15:00:00,5.341,3.552,3.362,23.066,0.839,4.705,0.834,3.405,2.201,2.82,6.187,4.822,5.075,3.032
2018-05-13 16:00:00,5.794,3.893,4.082,26.13,0.894,5.647,1.166,4.009,2.76,3.351,7.696,5.972,5.704,3.945
2018-05-13 17:00:00,5.482,3.679,4.344,25.202,0.811,5.841,1.182,4.146,2.741,3.598,7.698,6.159,5.716,4.118
2018-05-13 18:00:00,4.761,3.03,4.0,21.6,0.679,4.99,1.027,3.718,2.204,3.164,5.793,5.245,5.075,3.541
2018-05-13 19:00:00,3.192,1.584,2.622,15.664,0.392,3.562,0.77,2.505,1.236,1.919,3.227,3.307,3.351,2.196
2018-05-13 20:00:00,2.092,1.068,1.573,10.409,0.244,2.509,0.56,1.478,0.641,1.04,1.896,1.864,1.94,1.27
2018-05-13 21:00:00,1.222,0.758,0.983,6.266,0.145,1.559,0.304,0.905,0.334,0.449,0.975,0.959,1.088,0.882
2018-05-13 22:00:00,0.513,0.428,0.504,3.128,0.088,0.886,0.101,0.608,0.225,0.182,0.458,0.566,0.792,0.491
2018-05-13 23:00:00,0.161,0.27,0.215,1.669,0.016,0.365,0.084,0.165,0.148,0.049,0.238,0.31,0.631,0.361
2018-05-14 00:00:00,0.1,0.193,0.099,1.223,0.002,0.133,0.078,0.118,0.107,0.026,0.201,0.151,0.568,0.242
2018-05-14 01:00:00,0.072,0.129,0.064,1.009,0.002,0.127,0.022,0.106,0.078,0.024,0.162,0.138,0.577,0.09
2018-05-14 02:00:00,0.079,0.114,0.048,0.844,0.002,0.14,0.076,0.115,0.08,0.015,0.151,0.209,0.539,0.05
2018-05-14 03:00:00,0.065,0.074,0.054,0.867,0.001,0.15,0.041,0.101,0.105,0.016,0.159,0.204,0.568,0.106
2018-05-14 04:00:00,0.106,0.074,0.047,1.011,0.015,0.168,0.012,0.118,0.091,0.02,0.213,0.174,1.114,0.141
2018-05-14 05:00:00,0.151,0.091,0.057,1.231,0.049,0.296,0.04,0.116,0.104,0.019,0.237,0.203,0.915,0.153
2018-05-14 06:00:00,0.214,0.148,0.178,1.578,0.039,0.438,0.046,0.102,0.144,0.047,0.336,0.269,0.65,0.141
2018-05-14 07:00:00,0.216,0.118,0.398,2.867,0.06,0.38,0.047,0.3,0.403,0.035,0.361,0.456,0.796,0.275
2018-05-14 08:00:00,0.451,0.156,0.47,4.149,0.105,0.768,0.073,0.757,0.544,0.138,0.472,0.94,0.882,0.214
2018-05-14 09:00:00,0.988,0.164,0.836,6.479,0.148,1.196,0.157,1.227,0.753,0.435,0.647,1.853,1.148,0.385
2018-05-14 10:00:00,1.38,0.216,1.469,8.823,0.231,1.684,0.251,1.74,1.307,1.012,0.84,3.164,1.683,0.545
2018-05-14 11:00:00,1.828,0.198,2.056,13.399,0.419,2.533,0.226,2.375,2.065,1.811,1.211,4.876,2.725,1.082
2018-05-14 12:00:00,3.203,0.307,2.626,20.034,0.635,3.607,0.395,3.154,2.962,2.581,1.956,6.781,4.604,2.063
2018-05-14 13:00:00,4.822,0.671,3.524,24.954,0.777,4.627,0.83,3.928,3.55,3.256,3.385,8.446,7.085,3.39
2018-05-14 14:00:00,6.555,1.814,4.945,30.076,1.017,5.608,1.236,4.909,4.029,4.264,6.053,9.987,10.045,5.133
2018-05-14 15:00:00,8.309,3.247,6.329,35.183,1.266,6.981,1.465,5.78,4.708,5.199,8.855,11.511,13.749,7.564
2018-05-14 16:00:00,8.427,4.233,6.69,36.485,1.363,8.08,1.704,6.226,5.154,5.425,9.989,12.339,15.893,9.841
2018-05-14 17:00:00,7.582,4.369,6.998,34.967,1.305,7.896,1.747,6.392,4.907,5.629,8.954,11.938,15.492,9.209
2018-05-14 18:00:00,6.095,3.669,5.899,29.2,1.146,6.351,1.571,5.381,4.183,4.586,7.268,10.896,12.956,7.391
2018-05-14 19:00:00,3.962,2.352,3.711,20.818,0.639,4.646,1.122,3.371,2.773,2.643,4.894,7.791,8.598,4.996
2018-05-14 20:00:00,2.508,1.745,2.215,13.412,0.409,3.354,0.638,1.823,1.854,1.615,3.434,5.218,5.132,3.161
2018-05-14 21:00:00,1.544,1.362,1.242,8.242,0.138,2.405,0.232,0.729,1.2,0.837,1.811,3.273,2.931,2.001
2018-05-14 22:00:00,0.978,0.809,0.587,5.389,0.06,1.758,0.101,0.339,0.691,0.233,0.967,1.838,1.643,0.994
2018-05-14 23:00:00,0.878,0.48,0.305,4.582,0.066,1.307,0.056,0.167,0.443,0.067,0.551,1.008,1.024,0.648
2018-05-15 00:00:00,0.774,0.307,0.118,3.581,0.009,1.022,0.044,0.121,0.345,0.032,0.413,0.71,0.842,0.543
2018-05-15 01:00:00,0.675,0.227,0.079,3.225,0.004,0.874,0.019,0.107,0.157,0.061,0.303,0.354,0.857,0.372
2018-05-15 02:00:00,0.532,0.189,0.107,2.994,0.003,0.818,0.011,0.119,0.108,0.019,0.277,0.413,0.731,0.23
2018-05-15 03:00:00,0.439,0.147,0.071,2.806,0.002,0.833,0.008,0.111,0.111,0.029,0.256,0.367,0.692,0.21
2018-05-15 04:00:00,0.525,0.225,0.068,3.534,0.001,1.06,0.003,0.122,0.103,0.067,0.356,0.318,1.382,0.227
2018-05-15 05:00:00,0.689,0.131,0.076,4.254,0.051,1.249,0.004,0.1,0.199,0.095,0.527,0.457,1.145,0.281
2018-05-15 06:00:00,0.73,0.218,0.071,4.453,0.012,1.442,0.03,0.158,0.257,0.041,0.602,0.538,0.713,0.403
2018-05-15 07:00:00,0.539,0.643,0.159,4.697,0.007,1.216,0.11,0.236,0.143,0.033,0.774,0.783,0.908,0.578
2018-05-15 08:00:00,0.47,1.777,0.1,3.783,0.042,0.898,0.121,0.206,0.163,0.033,1.844,1.065,1.875,1.072
2018-05-15 09:00:00,0.374,2.467,0.162,3.907,0.024,0.864,0.138,0.332,0.119,0.04,3.132,1.025,5.65,2.101
2018-05-15 10:00:00,0.362,2.261,0.17,3.861,0.03,0.736,0.136,0.353,0.186,0.063,3.144,0.959,8.313,3.218
2018-05-15 11:00:00,0.311,2.369,0.119,3.376,0.051,0.586,0.115,0.413,0.187,0.076,4.089,0.937,8.312,3.917
2018-05-15 12:00:00,0.194,3.744,0.143,2.596,0.062,0.433,0.119,0.438,0.137,0.123,6.632,0.8,8.279,4.853
2018-05-15 13:00:00,0.289,4.369,0.141,3.171,0.06,0.554,0.13,0.363,0.103,0.061,4.699,0.671,13.218,7.071
2018-05-15 14:00:00,0.387,4.277,0.146,3.768,0.061,0.758,0.117,0.326,0.094,0.108,1.364,0.591,13.226,6.414
2018-05-15 15:00:00,0.657,2.679,0.156,4.778,0.07,0.926,0.113,0.549,0.114,0.078,1.099,0.691,10.759,3.177
2018-05-15 16:00:00,0.9,1.368,0.195,6.733,0.101,1.42,0.226,0.648,0.272,0.084,1.61,0.844,6.678,2.246
2018-05-15 17:00:00,1.354,1.111,0.381,9.867,0.143,2.14,0.394,0.64,0.294,0.119,1.811,0.908,3.566,1.931
2018-05-15 18:00:00,1.772,0.928,0.375,10.8,0.132,2.481,0.435,0.567,0.297,0.183,1.877,0.793,2.87,1.559
2018-05-15 19:00:00,1.474,0.685,0.34,8.433,0.114,2.032,0.217,0.439,0.258,0.148,1.371,0.758,2.247,1.491
2018-05-15 20:00:00,0.947,1.0,0.334,4.982,0.057,1.509,0.078,0.177,0.163,0.119,1.054,0.598,1.727,1.136
2018-05-15 21:00:00,0.351,0.946,0.254,2.067,0.021,0.844,0.083,0.057,0.109,0.082,0.651,0.391,1.075,0.804
2018-05-15 22:00:00,0.154,0.683,0.104,1.199,0.015,0.428,0.062,0.067,0.079,0.029,0.399,0.35,0.941,0.448
2018-05-15 23:00:00,0.124,0.383,0.029,1.155,0.015,0.181,0.025,0.074,0.101,0.029,0.289,0.177,0.747,0.404
2018-05-16 00:00:00,0.091,0.253,0.021,0.779,0.005,0.091,0.017,0.11,0.085,0.026,0.277,0.116,0.646,0.356
2018-05-16 01:00:00,0.065,0.157,0.02,0.58,0.003,0.087,0.004,0.095,0.064,0.026,0.197,0.11,0.612,0.204
2018-05-16 02:00:00,0.042,0.103,0.02,0.5,0.002,0.08,0.0,0.101,0.074,0.024,0.21,0.167,0.568,0.091
2018-05-16 03:00:00,0.024,0.066,0.024,0.475,0.001,0.084,0.0,0.093,0.056,0.024,0.205,0.143,0.559,0.094
2018-05-16 04:00:00,0.043,0.113,0.044,0.617,0.018,0.123,0.015,0.094,0.05,0.028,0.201,0.128,1.26,0.135
2018-05-16 05:00:00,0.059,0.113,0.024,0.707,0.053,0.131,0.01,0.098,0.091,0.036,0.35,0.129,0.941,0.169
2018-05-16 06:00:00,0.052,0.121,0.072,0.831,0.06,0.154,0.084,0.093,0.075,0.048,0.326,0.219,0.596,0.229
2018-05-16 07:00:00,0.184,0.167,0.153,1.223,0.074,0.269,0.031,0.109,0.125,0.043,0.362,0.3,0.696,0.219
2018-05-16 08:00:00,0.301,0.309,0.17,1.495,0.126,0.233,0.054,0.175,0.194,0.048,0.514,0.495,0.923,0.247
2018-05-16 09:00:00,0.361,0.464,0.35,2.352,0.181,0.471,0.071,0.561,0.144,0.087,0.965,0.681,1.091,0.492
2018-05-16 10:00:00,0.755,0.877,0.559,3.933,0.21,0.664,0.084,0.902,0.396,0.356,1.71,1.057,1.475,0.691
2018-05-16 11:00:00,0.869,1.591,0.794,5.675,0.241,0.962,0.061,1.268,0.683,0.692,3.038,1.618,2.251,1.026
2018-05-16 12:00:00,1.383,2.635,1.038,9.845,0.414,1.703,0.076,1.507,0.853,1.036,4.939,2.226,2.697,1.494
2018-05-16 13:00:00,2.3,3.312,1.373,14.676,0.518,2.548,0.126,2.089,1.151,1.368,7.12,2.834,4.09,1.978
2018-05-16 14:00:00,3.376,3.66,2.061,18.868,0.567,3.201,0.214,2.72,1.548,2.018,9.68,3.733,5.315,2.69
2018-05-16 15:00:00,4.556,4.206,2.985,22.666,0.674,4.086,0.616,3.354,1.974,2.841,10.431,4.954,6.14,3.639
2018-05-16 16:00:00,4.988,4.235,3.701,24.952,0.761,5.192,1.086,3.984,2.449,3.433,10.809,5.944,6.489,5.02
2018-05-16 17:00:00,4.405,3.554,3.569,23.972,0.7,5.119,1.235,3.742,2.377,3.151,9.921,5.766,5.31,4.889
2018-05-16 18:00:00,3.432,2.688,2.999,19.618,0.566,4.007,1.139,3.035,1.803,2.509,7.597,5.038,4.289,3.773
2018-05-16 19:00:00,2.36,1.754,2.087,14.108,0.341,2.866,0.835,1.983,0.942,1.475,4.258,3.284,3.124,2.551
2018-05-16 20:00:00,1.51,1.787,1.361,9.253,0.184,2.076,0.617,1.241,0.501,0.968,2.541,1.814,2.915,2.398
2018-05-16 21:00:00,0.834,1.634,1.069,5.557,0.079,1.63,0.337,0.781,0.452,0.557,1.641,1.024,2.028,1.503
2018-05-16 22:00:00,0.5,1.109,0.516,3.562,0.026,1.026,0.093,0.515,0.357,0.224,0.966,0.884,1.312,0.86
2018-05-16 23:00:00,0.452,0.897,0.342,2.975,0.015,0.846,0.064,0.375,0.291,0.094,0.559,0.522,0.96,0.584
2018-05-17 00:00:00,0.326,0.615,0.222,2.457,0.005,0.614,0.047,0.418,0.182,0.055,0.5,0.317,0.828,0.546
2018-05-17 01:00:00,0.225,0.432,0.122,2.074,0.003,0.428,0.03,0.272,0.113,0.039,0.328,0.226,0.877,0.383
2018-05-17 02:00:00,0.141,0.391,0.107,1.709,0.002,0.45,0.016,0.17,0.096,0.039,0.36,0.328,0.81,0.176
2018-05-17 03:00:00,0.152,0.379,0.057,1.504,0.046,0.402,0.012,0.135,0.091,0.073,0.331,0.257,0.738,0.201
2018-05-17 04:00:00,0.159,0.323,0.043,1.924,0.033,0.597,0.003,0.101,0.097,0.106,0.386,0.269,1.294,0.234
2018-05-17 05:00:00,0.288,0.202,0.064,2.615,0.054,0.692,0.023,0.118,0.106,0.132,0.473,0.248,0.953,0.293
2018-05-17 06:00:00,0.516,0.28,0.145,3.444,0.1,1.224,0.059,0.219,0.189,0.232,0.505,0.443,0.923,0.337
2018-05-17 07:00:00,0.612,0.325,0.356,4.718,0.121,1.548,0.141,0.652,0.383,0.149,0.651,0.809,1.078,0.361
2018-05-17 08:00:00,0.861,0.382,0.56,6.516,0.162,1.517,0.12,0.93,0.521,0.369,1.14,1.517,1.46,0.468
2018-05-17 09:00:00,1.464,0.607,0.827,9.905,0.235,2.061,0.103,1.094,0.838,0.543,1.859,2.776,2.776,0.936
2018-05-17 10:00:00,1.7,1.13,1.198,10.589,0.303,2.089,0.116,1.399,1.548,0.919,3.637,4.347,5.081,2.16
2018-05-17 11:00:00,1.982,2.515,1.455,11.757,0.361,2.328,0.143,1.66,2.267,1.33,6.45,5.804,7.833,4.012
2018-05-17 12:00:00,2.268,4.462,1.645,12.954,0.478,2.374,0.177,1.938,2.998,1.543,9.168,7.369,10.938,5.742
2018-05-17 13:00:00,2.988,6.244,2.002,15.045,0.584,2.822,0.221,2.19,3.551,1.838,12.539,8.799,15.683,8.607
2018-05-17 14:00:00,4.113,7.512,2.381,18.624,0.703,3.438,0.386,2.646,4.116,2.266,15.8,9.755,17.95,11.613
2018-05-17 15:00:00,5.013,9.149,3.037,22.142,0.818,4.239,0.578,3.145,4.467,2.88,16.865,10.841,19.944,13.566
2018-05-17 16:00:00,5.235,10.1,3.561,23.741,0.984,5.006,0.946,3.687,4.68,3.328,15.514,11.118,20.477,14.057
2018-05-17 17:00:00,4.85,10.538,3.688,23.106,0.919,5.261,0.969,3.487,4.113,3.208,13.815,10.022,18.894,14.28
2018-05-17 18:00:00,4.399,9.32,3.271,19.88,0.728,4.53,0.895,2.871,3.077,2.623,10.751,8.156,16.448,13.187
2018-05-17 19:00:00,3.05,6.56,1.86,14.71,0.39,3.503,0.528,1.34,1.769,1.291,6.552,4.744,12.216,10.107
2018-05-17 20:00:00,1.869,4.814,0.788,9.384,0.251,2.657,0.141,0.279,0.971,0.402,3.855,2.661,8.601,7.63
2018-05-17 21:00:00,0.835,3.354,0.462,4.424,0.09,1.475,0.13,0.102,0.6,0.072,2.054,1.479,5.731,5.19
2018-05-17 22:00:00,0.429,1.656,0.188,1.935,0.042,0.821,0.042,0.081,0.292,0.043,0.96,0.714,3.339,2.977
2018-05-17 23:00:00,0.169,1.051,0.074,1.4,0.016,0.306,0.028,0.078,0.173,0.029,0.516,0.247,1.896,1.612
2018-05-18 00:00:00,0.08,0.818,0.04,1.01,0.005,0.124,0.022,0.114,0.107,0.027,0.419,0.137,0.904,0.929
2018-05-18 01:00:00,0.058,0.696,0.028,0.814,0.003,0.102,0.005,0.098,0.093,0.027,0.267,0.132,0.669,0.619
2018-05-18 02:00:00,0.055,0.498,0.024,0.689,0.009,0.115,0.0,0.108,0.103,0.026,0.275,0.187,0.502,0.325
2018-05-18 03:00:00,0.045,0.41,0.029,0.606,0.001,0.103,0.0,0.097,0.086,0.026,0.324,0.169,0.456,0.252
2018-05-18 04:00:00,0.053,0.269,0.089,0.689,0.011,0.081,0.0,0.101,0.071,0.027,0.33,0.176,0.746,0.257
2018-05-18 05:00:00,0.045,0.156,0.069,0.738,0.031,0.117,0.019,0.108,0.085,0.03,0.292,0.15,0.693,0.254
2018-05-18 06:00:00,0.091,0.2,0.057,1.05,0.0,0.216,0.045,0.109,0.113,0.04,0.319,0.239,0.417,0.249
2018-05-18 07:00:00,0.106,0.244,0.114,1.62,0.01,0.238,0.042,0.105,0.146,0.03,0.462,0.347,0.67,0.321
2018-05-18 08:00:00,0.131,0.486,0.218,2.012,0.083,0.295,0.061,0.13,0.145,0.092,0.532,0.488,1.023,0.428
2018-05-18 09:00:00,0.288,0.828,0.356,2.592,0.116,0.436,0.078,0.24,0.219,0.068,0.781,0.656,2.325,0.663
2018-05-18 10:00:00,0.407,1.304,0.508,3.323,0.149,0.627,0.133,0.603,0.381,0.186,1.275,0.92,3.211,0.938
2018-05-18 11:00:00,0.484,1.97,0.643,3.782,0.148,0.583,0.139,0.879,0.563,0.45,1.89,1.181,4.349,1.351
2018-05-18 12:00:00,0.531,2.898,0.859,4.411,0.24,0.611,0.133,1.133,0.734,0.696,2.824,1.795,5.635,1.863
2018-05-18 13:00:00,0.78,4.388,1.156,5.768,0.387,0.908,0.138,1.6,1.017,1.09,4.419,2.564,9.044,2.909
2018-05-18 14:00:00,1.067,6.065,1.783,7.169,0.536,0.964,0.165,2.152,1.39,1.615,6.702,3.704,11.87,4.922
2018-05-18 15:00:00,1.293,7.613,2.705,9.193,0.663,1.184,0.329,2.889,2.177,2.393,8.36,5.371,14.199,7.462
2018-05-18 16:00:00,1.504,8.023,3.577,11.539,0.787,1.655,0.611,3.6,2.963,3.091,9.081,7.018,14.953,10.227
2018-05-18 17:00:00,1.617,7.614,4.168,12.448,0.854,2.064,0.657,3.86,3.12,3.439,7.903,7.673,12.86,11.226
2018-05-18 18:00:00,1.606,6.04,3.744,11.403,0.721,2.173,0.616,3.453,2.597,2.809,6.238,7.261,8.969,9.694
2018-05-18 19:00:00,0.998,3.921,1.886,8.009,0.323,1.612,0.339,1.663,1.354,1.262,3.494,4.213,5.025,5.977
2018-05-18 20:00:00,0.55,2.824,0.625,5.006,0.107,1.049,0.086,0.355,0.562,0.312,1.689,1.515,2.537,3.129
2018-05-18 21:00:00,0.201,1.713,0.354,2.325,0.031,0.611,0.043,0.182,0.329,0.098,0.916,0.618,1.33,1.747
2018-05-18 22:00:00,0.146,1.058,0.148,1.143,0.007,0.315,0.059,0.122,0.187,0.03,0.486,0.25,0.69,0.733
2018-05-18 23:00:00,0.112,0.791,0.073,0.969,0.004,0.168,0.025,0.1,0.14,0.029,0.367,0.205,0.38,0.546
2018-05-19 00:00:00,0.092,0.643,0.05,0.812,0.003,0.158,0.028,0.12,0.119,0.027,0.304,0.17,0.313,0.461
2018-05-19 01:00:00,0.068,0.421,0.036,0.707,0.002,0.123,0.006,0.099,0.097,0.026,0.215,0.182,0.301,0.198
2018-05-19 02:00:00,0.063,0.307,0.027,0.568,0.002,0.085,0.0,0.104,0.089,0.026,0.196,0.241,0.262,0.105
2018-05-19 03:00:00,0.061,0.231,0.03,0.481,0.001,0.069,0.0,0.099,0.081,0.026,0.182,0.191,0.252,0.095
2018-05-19 04:00:00,0.042,0.175,0.03,0.479,0.0,0.067,0.001,0.101,0.08,0.036,0.207,0.219,0.81,0.163
2018-05-19 05:00:00,0.052,0.124,0.026,0.637,0.0,0.082,0.002,0.101,0.095,0.026,0.202,0.213,0.799,0.089
2018-05-19 06:00:00,0.126,0.236,0.06,1.045,0.0,0.192,0.013,0.099,0.115,0.041,0.23,0.21,0.606,0.111
2018-05-19 07:00:00,0.111,0.236,0.163,1.544,0.01,0.343,0.008,0.205,0.143,0.064,0.366,0.408,0.699,0.135
2018-05-19 08:00:00,0.226,0.27,0.233,2.338,0.092,0.496,0.004,0.46,0.15,0.059,0.373,0.39,0.679,0.143
2018-05-19 09:00:00,0.359,0.318,0.383,2.915,0.142,0.655,0.009,0.565,0.13,0.089,0.523,0.413,0.684,0.251
2018-05-19 10:00:00,0.446,0.329,0.441,3.55,0.157,0.797,0.037,0.621,0.133,0.214,0.696,0.493,0.865,0.374
2018-05-19 11:00:00,0.645,0.213,0.481,4.43,0.183,0.829,0.043,0.813,0.204,0.37,0.579,0.494,1.248,0.404
2018-05-19 12:00:00,0.623,0.212,0.638,4.281,0.222,0.908,0.041,0.929,0.241,0.489,0.493,0.607,1.26,0.326
2018-05-19 13:00:00,0.491,0.249,0.536,3.194,0.278,0.572,0.04,0.752,0.146,0.365,0.355,0.431,1.27,0.361
2018-05-19 14:00:00,0.378,0.212,0.293,2.405,0.181,0.393,0.026,0.38,0.102,0.178,0.306,0.294,1.083,0.281
2018-05-19 15:00:00,0.191,0.222,0.251,1.647,0.137,0.289,0.027,0.118,0.105,0.097,0.308,0.288,0.927,0.277
2018-05-19 16:00:00,0.062,0.274,0.161,0.924,0.131,0.29,0.037,0.089,0.107,0.089,0.313,0.302,0.95,0.304
2018-05-19 17:00:00,0.109,0.23,0.116,0.985,0.077,0.268,0.035,0.062,0.113,0.032,0.291,0.203,0.84,0.276
2018-05-19 18:00:00,0.105,0.237,0.151,1.035,0.06,0.184,0.031,0.087,0.133,0.031,0.24,0.21,0.871,0.41
2018-05-19 19:00:00,0.086,0.27,0.184,1.137,0.062,0.182,0.031,0.101,0.124,0.058,0.257,0.224,0.874,0.37
2018-05-19 20:00:00,0.156,0.36,0.205,1.059,0.049,0.191,0.027,0.123,0.095,0.054,0.27,0.213,0.801,0.324
2018-05-19 21:00:00,0.074,0.385,0.161,0.97,0.026,0.147,0.019,0.144,0.087,0.036,0.203,0.176,0.744,0.25
2018-05-19 22:00:00,0.065,0.34,0.053,0.83,0.036,0.123,0.015,0.109,0.089,0.044,0.192,0.168,0.655,0.247
2018-05-19 23:00:00,0.065,0.273,0.055,0.79,0.038,0.075,0.014,0.114,0.107,0.039,0.155,0.157,0.617,0.151
2018-05-20 00:00:00,0.05,0.242,0.031,0.73,0.005,0.077,0.013,0.198,0.092,0.03,0.213,0.157,0.611,0.127
2018-05-20 01:00:00,0.045,0.25,0.032,0.721,0.004,0.084,0.003,0.335,0.069,0.028,0.188,0.15,0.621,0.088
2018-05-20 02:00:00,0.038,0.255,0.034,0.709,0.003,0.103,0.0,0.513,0.062,0.019,0.183,0.18,0.589,0.05
2018-05-20 03:00:00,0.026,0.289,0.036,0.706,0.003,0.123,0.0,0.484,0.091,0.016,0.183,0.206,0.58,0.058
2018-05-20 04:00:00,0.048,0.397,0.066,0.848,0.001,0.195,0.0,0.381,0.049,0.021,0.281,0.298,0.567,0.073
2018-05-20 05:00:00,0.062,0.27,0.067,1.098,0.003,0.246,0.0,0.529,0.081,0.014,0.467,0.364,0.637,0.086
2018-05-20 06:00:00,0.165,0.318,0.109,1.492,0.027,0.429,0.008,0.596,0.068,0.036,0.575,0.478,1.303,0.15
2018-05-20 07:00:00,0.213,0.453,0.159,1.859,0.083,0.43,0.074,0.6,0.11,0.049,0.671,0.515,1.329,0.284
2018-05-20 08:00:00,0.18,0.497,0.117,1.789,0.067,0.473,0.12,0.61,0.169,0.022,0.698,0.503,1.022,0.391
2018-05-20 09:00:00,0.216,0.605,0.189,1.511,0.061,0.333,0.077,0.64,0.163,0.05,0.86,0.67,1.275,0.538
2018-05-20 10:00:00,0.203,0.692,0.159,1.884,0.06,0.394,0.119,0.611,0.154,0.188,0.978,0.565,1.479,0.599
2018-05-20 11:00:00,0.459,0.892,0.284,2.493,0.094,0.518,0.097,0.729,0.146,0.288,0.866,0.486,2.452,0.741
2018-05-20 12:00:00,0.58,1.175,0.424,3.354,0.153,0.585,0.079,0.812,0.219,0.391,0.771,0.601,3.484,0.985
2018-05-20 13:00:00,0.573,1.33,0.455,4.022,0.237,0.801,0.087,0.79,0.325,0.434,1.057,0.841,3.978,1.521
2018-05-20 14:00:00,1.029,1.331,0.578,6.281,0.272,1.223,0.175,0.769,0.346,0.5,1.535,0.816,4.532,2.486
2018-05-20 15:00:00,1.708,1.479,0.851,9.762,0.217,1.931,0.276,1.009,0.39,0.731,2.044,0.931,4.355,3.79
2018-05-20 16:00:00,1.959,1.987,1.116,11.975,0.271,2.395,0.545,1.369,0.616,1.115,2.614,1.267,4.727,5.036
2018-05-20 17:00:00,1.833,2.01,1.211,11.9,0.306,2.611,0.753,1.401,0.742,1.186,2.672,1.51,6.537,4.862
2018-05-20 18:00:00,1.788,1.735,1.253,11.334,0.333,2.615,0.775,1.256,0.798,1.0,2.478,1.66,6.577,4.151
2018-05-20 19:00:00,1.472,1.362,0.772,8.569,0.184,2.032,0.439,0.465,0.392,0.479,1.912,1.08,4.605,2.921
2018-05-20 20:00:00,1.1,1.397,0.421,5.763,0.128,1.599,0.175,0.138,0.347,0.227,1.704,0.668,3.264,2.014
2018-05-20 21:00:00,0.648,1.186,0.245,3.615,0.056,1.055,0.074,0.086,0.241,0.103,1.002,0.428,1.81,1.253
2018-05-20 22:00:00,0.312,0.724,0.122,1.897,0.046,0.587,0.045,0.053,0.14,0.03,0.359,0.287,0.968,0.683
2018-05-20 23:00:00,0.129,0.48,0.052,1.191,0.062,0.224,0.033,0.074,0.143,0.041,0.249,0.245,0.692,0.508
2018-05-21 00:00:00,0.059,0.341,0.031,0.844,0.022,0.075,0.026,0.112,0.106,0.025,0.227,0.166,0.562,0.46
2018-05-21 01:00:00,0.046,0.199,0.023,0.657,0.003,0.073,0.009,0.096,0.077,0.025,0.2,0.141,0.478,0.206
2018-05-21 02:00:00,0.042,0.112,0.022,0.531,0.002,0.075,0.001,0.105,0.07,0.019,0.171,0.169,0.195,0.104
2018-05-21 03:00:00,0.027,0.077,0.024,0.506,0.02,0.081,0.0,0.091,0.063,0.019,0.162,0.159,0.189,0.123
2018-05-21 04:00:00,0.028,0.051,0.056,0.67,0.058,0.126,0.012,0.097,0.092,0.022,0.169,0.133,0.908,0.124
2018-05-21 05:00:00,0.123,0.094,0.027,0.609,0.01,0.171,0.029,0.096,0.099,0.026,0.194,0.102,0.848,0.115
2018-05-21 06:00:00,0.233,0.206,0.045,1.308,0.049,0.315,0.037,0.142,0.134,0.019,0.235,0.269,0.706,0.157
2018-05-21 07:00:00,0.306,0.28,0.183,2.192,0.06,0.499,0.054,0.267,0.439,0.032,0.417,0.513,0.892,0.266
2018-05-21 08:00:00,0.572,0.487,0.355,3.497,0.128,0.677,0.068,0.733,0.544,0.132,0.829,0.735,1.451,0.491
2018-05-21 09:00:00,1.004,0.774,0.686,5.509,0.168,1.183,0.101,1.24,0.673,0.461,1.249,1.478,2.86,1.032
2018-05-21 10:00:00,1.467,1.481,1.222,7.852,0.211,1.676,0.163,1.813,1.044,1.14,2.07,2.432,4.957,1.613
2018-05-21 11:00:00,1.89,2.237,1.663,12.648,0.31,2.667,0.167,2.222,1.522,1.72,3.544,3.413,7.051,2.787
2018-05-21 12:00:00,3.348,3.158,2.164,19.616,0.46,4.034,0.495,2.604,1.967,2.079,5.243,4.5,8.816,4.12
2018-05-21 13:00:00,5.259,4.577,3.008,26.339,0.624,5.313,0.819,3.446,2.306,2.851,7.378,5.766,12.126,5.802
2018-05-21 14:00:00,7.678,6.01,4.127,32.932,0.844,6.447,0.534,4.295,3.016,3.784,9.862,7.012,15.281,8.333
2018-05-21 15:00:00,9.789,7.207,5.395,38.992,1.09,8.104,0.618,5.145,3.74,4.619,12.665,8.772,17.603,11.197
2018-05-21 16:00:00,10.737,8.155,6.098,43.03,1.15,9.728,0.765,5.795,4.486,5.216,14.579,10.314,18.856,13.886
2018-05-21 17:00:00,10.255,8.331,6.623,41.993,1.139,9.753,0.772,5.901,4.478,5.208,14.322,10.509,18.296,15.09
2018-05-21 18:00:00,8.879,7.451,5.843,36.387,0.956,8.478,0.948,5.195,3.625,4.542,12.858,9.363,16.39,14.116
2018-05-21 19:00:00,5.802,4.714,3.781,25.828,0.563,5.976,0.944,3.48,2.412,2.801,8.65,6.469,11.597,9.34
2018-05-21 20:00:00,3.223,3.231,1.792,16.493,0.276,4.185,0.655,1.575,1.298,1.326,5.093,3.475,6.695,5.053
2018-05-21 21:00:00,1.494,1.846,1.15,9.021,0.148,2.745,0.359,0.574,0.706,0.653,2.612,1.753,4.024,2.891
2018-05-21 22:00:00,0.882,1.004,0.521,5.235,0.04,1.726,0.213,0.167,0.42,0.232,0.953,0.93,2.015,1.313
2018-05-21 23:00:00,0.613,0.734,0.175,3.421,0.02,1.034,0.136,0.084,0.262,0.045,0.555,0.501,1.076,0.725
2018-05-22 00:00:00,0.319,0.595,0.115,2.116,0.006,0.534,0.061,0.118,0.155,0.028,0.513,0.226,0.859,0.541
2018-05-22 01:00:00,0.205,0.409,0.071,1.604,0.004,0.339,0.024,0.106,0.089,0.028,0.289,0.16,0.779,0.323
2018-05-22 02:00:00,0.143,0.307,0.063,1.295,0.002,0.266,0.014,0.115,0.084,0.021,0.25,0.251,0.627,0.164
2018-05-22 03:00:00,0.114,0.227,0.072,1.285,0.002,0.271,0.016,0.095,0.1,0.02,0.276,0.266,0.5,0.148
2018-05-22 04:00:00,0.141,0.201,0.082,1.55,0.019,0.304,0.003,0.117,0.081,0.066,0.36,0.261,1.169,0.178
2018-05-22 05:00:00,0.27,0.173,0.116,1.573,0.062,0.366,0.062,0.119,0.088,0.078,0.444,0.197,0.927,0.301
2018-05-22 06:00:00,0.232,0.194,0.135,1.539,0.054,0.365,0.07,0.111,0.093,0.025,0.617,0.24,0.555,0.155
2018-05-22 07:00:00,0.189,0.214,0.251,2.15,0.076,0.38,0.136,0.19,0.083,0.049,0.665,0.37,0.628,0.195
2018-05-22 08:00:00,0.202,0.226,0.313,2.943,0.102,0.591,0.086,0.467,0.082,0.061,0.896,0.455,0.771,0.333
2018-05-22 09:00:00,0.492,0.25,0.313,4.636,0.19,1.044,0.12,0.583,0.089,0.096,1.239,0.797,0.945,0.313
2018-05-22 10:00:00,0.722,0.37,0.648,5.592,0.319,1.268,0.167,0.689,0.286,0.465,1.039,1.406,0.989,0.384
2018-05-22 11:00:00,0.698,0.466,0.569,5.065,0.484,1.04,0.188,0.645,0.355,0.526,0.957,1.459,1.033,0.33
2018-05-22 12:00:00,0.571,0.462,0.39,3.979,0.438,0.657,0.187,0.407,0.244,0.321,0.978,0.987,1.144,0.304
2018-05-22 13:00:00,0.504,0.364,0.345,4.076,0.288,0.707,0.157,0.434,0.181,0.293,0.891,0.774,1.381,0.355
2018-05-22 14:00:00,0.546,0.358,0.328,3.956,0.142,0.907,0.111,0.448,0.156,0.225,0.843,0.688,1.387,0.32
2018-05-22 15:00:00,0.457,0.37,0.246,3.582,0.139,0.612,0.079,0.536,0.173,0.177,0.882,0.595,1.421,0.372
2018-05-22 16:00:00,0.365,0.36,0.207,3.556,0.134,0.628,0.06,0.62,0.233,0.18,0.788,0.568,1.321,0.439
2018-05-22 17:00:00,0.372,0.442,0.221,3.212,0.137,0.602,0.055,0.612,0.219,0.135,0.714,0.538,1.146,0.675
2018-05-22 18:00:00,0.393,0.313,0.176,3.032,0.135,0.69,0.11,0.544,0.204,0.114,0.55,0.465,0.992,0.509
2018-05-22 19:00:00,0.347,0.322,0.289,2.716,0.147,0.587,0.048,0.535,0.15,0.081,0.619,0.468,0.995,0.477
2018-05-22 20:00:00,0.323,0.516,0.292,2.426,0.114,0.578,0.05,0.501,0.17,0.096,0.467,0.431,0.809,0.437
2018-05-22 21:00:00,0.267,0.519,0.185,1.745,0.088,0.402,0.06,0.49,0.122,0.054,0.406,0.368,0.712,0.443
2018-05-22 22:00:00,0.207,0.363,0.201,1.178,0.038,0.375,0.033,0.473,0.088,0.046,0.381,0.252,0.715,0.279
2018-05-22 23:00:00,0.166,0.256,0.099,1.093,0.03,0.155,0.028,0.351,0.09,0.054,0.27,0.168,0.657,0.289
2018-05-23 00:00:00,0.091,0.187,0.056,0.973,0.018,0.135,0.025,0.38,0.08,0.06,0.261,0.137,0.646,0.262
2018-05-23 01:00:00,0.084,0.137,0.045,0.886,0.014,0.129,0.01,0.357,0.061,0.063,0.217,0.135,0.663,0.186
2018-05-23 02:00:00,0.063,0.123,0.036,0.807,0.021,0.192,0.003,0.283,0.065,0.042,0.205,0.202,0.633,0.099
2018-05-23 03:00:00,0.042,0.146,0.033,0.855,0.024,0.155,0.041,0.195,0.074,0.027,0.174,0.187,0.625,0.191
2018-05-23 04:00:00,0.06,0.185,0.064,1.084,0.074,0.304,0.018,0.165,0.051,0.086,0.337,0.184,1.003,0.214
2018-05-23 05:00:00,0.168,0.176,0.176,1.531,0.08,0.472,0.049,0.192,0.103,0.132,0.376,0.395,0.767,0.321
2018-05-23 06:00:00,0.356,0.152,0.241,2.521,0.064,0.685,0.028,0.317,0.286,0.104,0.506,0.467,0.766,0.414
2018-05-23 07:00:00,0.64,0.15,0.504,4.242,0.079,0.808,0.067,0.409,0.585,0.163,0.752,0.701,1.026,0.779
2018-05-23 08:00:00,1.053,0.383,0.723,6.551,0.191,1.23,0.122,1.044,0.77,0.486,1.142,1.331,2.131,1.304
2018-05-23 09:00:00,1.481,0.573,1.252,9.152,0.242,1.682,0.172,1.572,1.173,0.903,1.777,2.516,4.768,2.05
2018-05-23 10:00:00,1.968,1.011,1.883,13.472,0.351,3.019,0.249,2.126,1.919,1.452,3.086,4.442,7.186,3.299
2018-05-23 11:00:00,3.325,2.089,2.457,19.68,0.573,4.187,0.272,2.662,2.894,2.17,5.195,6.388,10.216,4.943
2018-05-23 12:00:00,5.033,3.503,2.993,26.467,0.829,5.27,0.601,3.056,3.367,2.734,8.421,7.509,12.75,6.869
2018-05-23 13:00:00,6.113,5.033,3.466,29.44,0.988,5.635,1.122,3.555,3.667,3.143,11.338,8.457,16.589,9.465
2018-05-23 14:00:00,7.189,6.851,3.66,32.137,1.167,6.281,1.782,3.673,4.022,3.343,14.107,9.567,19.151,10.902
2018-05-23 15:00:00,8.62,8.238,3.971,36.219,1.098,7.417,2.029,3.861,4.307,3.494,16.42,9.988,20.464,12.414
2018-05-23 16:00:00,8.96,8.63,4.146,37.164,1.0,8.278,2.329,4.101,4.078,3.557,15.358,9.848,20.551,15.064
2018-05-23 17:00:00,7.003,7.88,4.397,32.252,0.912,7.206,2.302,3.979,3.586,3.628,14.433,8.709,18.07,15.001
2018-05-23 18:00:00,5.252,6.733,3.873,25.619,0.774,5.601,1.926,3.482,2.848,3.166,12.467,7.544,14.576,12.802
2018-05-23 19:00:00,3.554,4.895,2.588,18.402,0.498,4.41,1.355,2.238,1.895,1.925,7.46,5.108,11.192,9.516
2018-05-23 20:00:00,2.313,3.504,1.472,12.5,0.326,3.159,0.81,0.998,1.16,0.948,5.064,3.169,7.493,6.507
2018-05-23 21:00:00,1.479,1.72,0.75,7.146,0.176,2.277,0.382,0.132,0.642,0.267,2.74,1.685,4.159,3.557
2018-05-23 22:00:00,0.766,1.132,0.418,4.016,0.093,1.446,0.095,0.081,0.326,0.091,1.147,0.745,2.268,1.858
2018-05-23 23:00:00,0.528,0.803,0.159,2.862,0.075,0.868,0.074,0.079,0.233,0.055,0.522,0.403,1.098,0.919
2018-05-24 00:00:00,0.288,0.645,0.064,1.96,0.045,0.512,0.059,0.119,0.125,0.05,0.486,0.198,0.81,0.686
2018-05-24 01:00:00,0.168,0.489,0.045,1.56,0.006,0.302,0.03,0.1,0.083,0.028,0.328,0.133,0.775,0.405
2018-05-24 02:00:00,0.116,0.356,0.036,1.121,0.003,0.203,0.019,0.11,0.082,0.023,0.238,0.229,0.587,0.203
2018-05-24 03:00:00,0.109,0.214,0.034,1.024,0.001,0.153,0.015,0.094,0.102,0.023,0.282,0.214,0.334,0.131
2018-05-24 04:00:00,0.129,0.138,0.026,1.03,0.01,0.19,0.024,0.111,0.096,0.027,0.293,0.171,0.943,0.171
2018-05-24 05:00:00,0.1,0.13,0.024,0.889,0.0,0.261,0.089,0.097,0.145,0.027,0.262,0.172,0.92,0.188
2018-05-24 06:00:00,0.133,0.194,0.056,1.209,0.0,0.31,0.105,0.108,0.152,0.021,0.415,0.304,0.681,0.352
2018-05-24 07:00:00,0.168,0.364,0.149,1.785,0.001,0.482,0.054,0.182,0.104,0.055,0.625,0.407,1.036,0.575
2018-05-24 08:00:00,0.238,0.805,0.15,2.249,0.028,0.466,0.102,0.417,0.131,0.036,0.901,0.448,1.649,1.266
2018-05-24 09:00:00,0.472,1.28,0.279,3.715,0.042,0.695,0.114,0.433,0.205,0.045,1.351,0.762,3.761,1.93
2018-05-24 10:00:00,0.836,2.037,0.542,5.632,0.099,1.112,0.24,0.387,0.326,0.15,1.633,0.915,5.904,2.622
2018-05-24 11:00:00,1.235,2.928,0.671,8.478,0.132,1.712,0.214,0.592,0.521,0.349,2.497,1.137,7.419,3.567
2018-05-24 12:00:00,2.203,4.07,0.839,13.393,0.177,2.44,0.285,0.929,0.8,0.588,3.615,1.703,8.256,4.754
2018-05-24 13:00:00,3.452,5.208,1.099,18.171,0.314,3.336,0.408,1.537,0.961,1.035,5.796,2.429,10.442,6.278
2018-05-24 14:00:00,5.064,6.793,1.8,23.438,0.446,4.538,0.653,2.366,1.512,1.69,8.829,3.69,12.974,8.652
2018-05-24 15:00:00,6.922,8.313,3.039,29.309,0.683,5.743,0.967,3.315,2.399,2.767,12.149,5.756,15.991,11.51
2018-05-24 16:00:00,7.753,9.274,4.304,33.721,0.783,7.193,1.341,4.284,3.399,3.699,14.747,7.465,18.083,14.545
2018-05-24 17:00:00,7.922,9.642,4.792,34.665,0.783,7.725,1.443,4.442,3.669,3.947,15.909,8.496,17.988,15.998
2018-05-24 18:00:00,7.518,9.237,4.101,31.372,0.724,7.077,1.335,3.72,3.235,3.23,14.707,7.89,16.902,14.734
2018-05-24 19:00:00,5.88,7.177,2.336,24.643,0.451,5.645,0.901,1.98,1.996,1.609,10.794,4.959,12.015,9.986
2018-05-24 20:00:00,3.703,5.182,1.07,16.584,0.232,4.046,0.383,0.568,0.836,0.574,6.122,2.356,6.893,5.845
2018-05-24 21:00:00,1.874,2.947,0.693,9.821,0.173,2.753,0.142,0.161,0.489,0.327,3.548,1.332,3.661,2.987
2018-05-24 22:00:00,1.213,1.508,0.28,5.984,0.078,1.945,0.063,0.087,0.269,0.091,1.728,0.721,1.851,1.428
2018-05-24 23:00:00,0.618,0.904,0.105,3.838,0.018,1.071,0.05,0.085,0.189,0.044,0.803,0.32,1.016,0.789
2018-05-25 00:00:00,0.413,0.773,0.066,3.091,0.006,0.71,0.046,0.119,0.12,0.044,0.555,0.185,0.798,0.617
2018-05-25 01:00:00,0.357,0.593,0.069,2.791,0.003,0.578,0.027,0.113,0.094,0.028,0.41,0.145,0.714,0.337
2018-05-25 02:00:00,0.285,0.412,0.113,2.475,0.002,0.615,0.064,0.275,0.093,0.025,0.365,0.26,0.613,0.181
2018-05-25 03:00:00,0.215,0.322,0.055,2.244,0.001,0.492,0.062,0.35,0.098,0.058,0.392,0.283,0.55,0.167
2018-05-25 04:00:00,0.251,0.226,0.064,2.337,0.0,0.619,0.039,0.453,0.156,0.067,0.502,0.335,1.121,0.2
2018-05-25 05:00:00,0.456,0.18,0.138,3.299,0.009,0.741,0.076,0.684,0.314,0.133,0.483,0.619,0.976,0.31
2018-05-25 06:00:00,0.586,0.284,0.318,3.725,0.081,0.756,0.141,0.755,0.506,0.231,1.007,1.169,0.795,0.339
2018-05-25 07:00:00,0.803,0.505,0.682,5.493,0.139,1.058,0.564,1.164,0.73,0.347,2.225,1.756,1.168,0.647
2018-05-25 08:00:00,1.542,1.566,1.314,11.926,0.259,2.335,0.981,1.841,1.34,0.981,4.761,3.356,3.074,1.518
2018-05-25 09:00:00,3.596,2.71,2.406,22.692,0.496,4.89,1.633,2.698,2.534,2.097,8.172,6.165,6.852,3.923
2018-05-25 10:00:00,5.936,4.447,3.74,30.358,0.861,6.861,1.961,3.98,4.054,3.35,12.251,9.475,10.495,6.922
2018-05-25 11:00:00,5.993,6.41,4.542,29.502,1.268,6.48,1.946,4.639,5.093,4.128,15.546,11.566,14.686,10.358
2018-05-25 12:00:00,5.213,8.192,4.155,25.624,1.439,5.42,1.968,4.303,5.192,3.686,18.612,11.988,18.161,13.452
2018-05-25 13:00:00,5.529,9.551,3.342,26.027,1.257,5.466,2.258,3.474,4.318,2.789,20.649,10.743,22.002,16.333
2018-05-25 14:00:00,6.329,11.628,3.147,27.929,1.164,5.896,2.354,3.028,3.754,2.585,20.916,9.727,24.749,18.698
2018-05-25 15:00:00,7.846,13.272,3.142,32.496,1.154,6.971,2.455,3.08,3.318,2.592,18.99,8.72,25.819,19.265
2018-05-25 16:00:00,8.041,12.705,4.2,34.459,1.157,7.654,2.495,4.094,3.5,3.441,15.562,8.834,24.529,18.325
2018-05-25 17:00:00,7.264,10.758,4.11,31.963,1.245,7.146,2.283,3.947,3.653,3.267,12.687,9.455,21.256,17.053
2018-05-25 18:00:00,4.948,8.64,3.428,24.126,1.302,5.269,1.816,3.221,3.277,2.49,10.209,8.616,17.834,15.451
2018-05-25 19:00:00,4.026,6.445,2.519,18.605,1.064,4.323,1.385,2.373,2.521,1.818,7.898,7.066,14.438,13.372
2018-05-25 20:00:00,3.035,4.471,2.352,14.393,0.926,3.726,1.057,1.97,1.925,1.545,6.515,5.137,10.954,11.183
2018-05-25 21:00:00,2.155,3.403,1.958,9.933,0.682,2.888,0.81,1.438,1.396,1.305,5.422,3.804,7.348,8.964
2018-05-25 22:00:00,1.414,2.457,1.113,6.689,0.434,2.04,0.55,0.891,0.893,0.867,4.304,2.467,4.923,6.548
2018-05-25 23:00:00,1.03,1.623,0.683,4.897,0.301,1.525,0.318,0.544,0.634,0.497,3.366,1.683,3.501,4.335
2018-05-26 00:00:00,0.757,1.327,0.463,4.01,0.182,1.161,0.166,0.582,0.465,0.285,3.095,1.216,2.452,3.049
2018-05-26 01:00:00,0.662,1.133,0.382,3.482,0.145,0.925,0.14,0.518,0.293,0.139,2.407,0.871,2.085,2.107
2018-05-26 02:00:00,0.5,0.994,0.445,2.856,0.136,0.798,0.222,0.459,0.244,0.073,2.114,0.934,1.698,1.453
2018-05-26 03:00:00,0.369,0.743,0.393,2.441,0.09,0.857,0.156,0.405,0.212,0.055,1.801,0.791,1.241,0.984
2018-05-26 04:00:00,0.417,0.567,0.23,2.609,0.077,0.93,0.15,0.412,0.249,0.074,1.522,0.77,1.452,0.685
2018-05-26 05:00:00,0.459,0.319,0.305,3.252,0.092,0.843,0.25,0.528,0.363,0.087,1.491,0.987,1.186,0.797
2018-05-26 06:00:00,0.593,0.827,0.356,3.929,0.153,0.957,0.347,0.65,0.55,0.176,1.823,1.154,1.813,1.463
2018-05-26 07:00:00,0.773,2.096,0.56,5.669,0.282,1.263,0.346,0.722,0.739,0.203,2.914,1.548,3.383,2.551
2018-05-26 08:00:00,1.334,4.157,0.575,7.356,0.257,1.721,0.457,0.773,0.784,0.392,5.268,2.01,6.661,4.693
2018-05-26 09:00:00,1.91,6.64,0.668,10.081,0.336,1.93,0.512,0.802,1.029,0.408,9.642,2.583,11.486,7.299
2018-05-26 10:00:00,2.307,9.361,0.817,12.854,0.434,2.834,0.439,0.893,1.246,0.683,14.071,4.051,16.743,11.301
2018-05-26 11:00:00,2.588,11.468,0.934,13.937,0.435,2.956,0.499,1.135,1.906,0.88,16.778,5.235,21.038,14.675
2018-05-26 12:00:00,2.405,13.341,0.96,12.865,0.445,2.83,0.374,1.171,2.233,0.951,19.771,5.992,23.993,17.735
2018-05-26 13:00:00,1.904,14.848,0.977,10.542,0.473,2.48,0.37,1.227,2.045,1.001,21.6,5.642,25.956,20.351
2018-05-26 14:00:00,1.752,16.305,1.174,9.312,0.479,2.208,0.336,1.327,1.41,1.197,21.934,4.312,26.51,22.168
2018-05-26 15:00:00,1.879,16.524,1.489,10.504,0.592,2.254,0.455,1.601,1.193,1.559,20.396,3.761,27.079,21.567
2018-05-26 16:00:00,2.144,15.67,1.795,11.886,0.642,2.766,0.567,1.83,1.318,1.85,17.613,3.927,27.827,17.679
2018-05-26 17:00:00,2.461,13.885,2.339,13.138,0.693,2.967,0.689,2.158,1.245,2.178,16.253,3.604,26.178,13.882
2018-05-26 18:00:00,2.441,11.741,2.221,13.032,0.599,2.846,0.667,2.092,1.208,2.154,14.454,3.448,22.6,11.479
2018-05-26 19:00:00,1.916,9.517,1.869,11.072,0.504,2.315,0.634,1.693,1.037,1.54,11.038,2.799,17.966,9.173
2018-05-26 20:00:00,1.662,7.846,1.36,8.463,0.341,2.01,0.412,1.176,0.72,0.971,8.192,2.142,13.568,7.282
2018-05-26 21:00:00,1.162,6.161,1.238,6.269,0.18,1.789,0.177,0.852,0.55,0.638,5.629,1.788,10.289,4.917
2018-05-26 22:00:00,0.815,4.842,0.726,4.187,0.169,1.467,0.114,0.618,0.329,0.406,3.484,1.074,7.774,3.165
2018-05-26 23:00:00,0.57,3.572,0.424,3.133,0.114,0.887,0.075,0.381,0.304,0.13,2.344,0.642,5.765,2.134
2018-05-27 00:00:00,0.344,2.826,0.207,2.306,0.072,0.57,0.054,0.439,0.256,0.071,1.633,0.499,4.328,1.665
2018-05-27 01:00:00,0.23,2.388,0.17,1.937,0.038,0.507,0.027,0.247,0.159,0.054,1.018,0.447,3.304,1.154
2018-05-27 02:00:00,0.167,1.938,0.12,1.632,0.032,0.464,0.018,0.258,0.117,0.017,0.648,0.561,2.318,0.839
2018-05-27 03:00:00,0.133,1.621,0.105,1.584,0.026,0.499,0.015,0.211,0.094,0.05,0.442,0.501,1.56,0.634
2018-05-27 04:00:00,0.176,1.418,0.075,1.773,0.04,0.606,0.004,0.259,0.079,0.028,0.417,0.434,0.906,0.554
2018-05-27 05:00:00,0.359,0.787,0.17,2.033,0.023,0.672,0.006,0.489,0.128,0.066,0.393,0.523,0.955,0.547
2018-05-27 06:00:00,0.477,0.534,0.451,2.553,0.067,0.856,0.013,0.492,0.187,0.166,0.45,0.58,1.916,0.503
2018-05-27 07:00:00,0.716,0.504,0.705,3.55,0.073,1.009,0.046,0.648,0.35,0.289,0.459,0.586,1.682,0.368
2018-05-27 08:00:00,0.946,0.537,0.831,5.441,0.082,1.286,0.066,0.954,0.295,0.468,0.675,0.629,1.334,0.343
2018-05-27 09:00:00,1.511,0.55,0.991,8.828,0.152,2.064,0.077,0.992,0.337,0.463,0.625,0.75,1.15,0.286
2018-05-27 10:00:00,1.982,0.548,1.085,11.196,0.246,2.755,0.138,0.991,0.278,0.618,0.547,0.845,1.073,0.266
2018-05-27 11:00:00,1.795,0.51,0.916,10.374,0.15,2.422,0.138,0.96,0.352,0.649,0.456,0.71,0.959,0.34
2018-05-27 12:00:00,1.436,0.475,0.826,8.702,0.138,1.963,0.106,0.883,0.292,0.565,0.51,0.452,0.794,0.364
2018-05-27 13:00:00,1.396,0.557,0.672,8.054,0.153,1.822,0.071,0.733,0.193,0.478,0.505,0.411,0.727,0.366
2018-05-27 14:00:00,1.414,0.501,0.625,7.95,0.127,1.745,0.07,0.567,0.178,0.302,0.445,0.427,0.496,0.392
2018-05-27 15:00:00,1.149,0.391,0.652,6.902,0.088,1.422,0.081,0.585,0.21,0.282,0.678,0.468,0.516,0.354
2018-05-27 16:00:00,0.796,0.327,0.448,4.814,0.089,1.1,0.158,0.599,0.289,0.206,0.807,0.523,0.491,0.43
2018-05-27 17:00:00,0.95,0.418,0.377,5.003,0.104,1.056,0.101,0.465,0.29,0.175,0.541,0.591,0.696,0.45
2018-05-27 18:00:00,1.071,0.421,0.455,5.391,0.112,1.211,0.135,0.481,0.281,0.184,0.429,0.546,0.695,0.395
2018-05-27 19:00:00,0.969,0.251,0.445,4.638,0.112,1.176,0.093,0.497,0.276,0.104,0.481,0.488,0.698,0.512
2018-05-27 20:00:00,0.81,0.667,0.35,3.394,0.116,1.057,0.083,0.195,0.246,0.098,0.439,0.431,0.696,0.418
2018-05-27 21:00:00,0.467,0.701,0.305,2.623,0.101,0.798,0.077,0.126,0.147,0.041,0.381,0.353,0.606,0.459
2018-05-27 22:00:00,0.27,0.481,0.118,1.582,0.048,0.479,0.048,0.122,0.084,0.065,0.328,0.286,0.536,0.276
2018-05-27 23:00:00,0.157,0.318,0.053,1.169,0.021,0.214,0.031,0.116,0.105,0.028,0.203,0.159,0.464,0.239
2018-05-28 00:00:00,0.085,0.218,0.032,1.03,0.008,0.129,0.018,0.156,0.09,0.027,0.199,0.13,0.458,0.177
2018-05-28 01:00:00,0.062,0.148,0.029,0.945,0.003,0.118,0.004,0.147,0.066,0.025,0.16,0.119,0.467,0.141
2018-05-28 02:00:00,0.052,0.112,0.028,0.816,0.002,0.131,0.0,0.16,0.06,0.015,0.164,0.152,0.452,0.068
2018-05-28 03:00:00,0.079,0.096,0.028,0.843,0.001,0.114,0.002,0.147,0.054,0.029,0.148,0.162,0.453,0.077
2018-05-28 04:00:00,0.093,0.066,0.038,1.143,0.002,0.119,0.05,0.164,0.074,0.05,0.21,0.202,1.136,0.107
2018-05-28 05:00:00,0.07,0.115,0.063,1.346,0.049,0.175,0.032,0.173,0.127,0.089,0.289,0.178,0.911,0.253
2018-05-28 06:00:00,0.112,0.123,0.156,1.315,0.024,0.192,0.011,0.187,0.147,0.068,0.298,0.251,0.558,0.193
2018-05-28 07:00:00,0.064,0.189,0.126,1.626,0.013,0.254,0.016,0.172,0.1,0.095,0.288,0.276,0.619,0.109
2018-05-28 08:00:00,0.139,0.177,0.111,1.694,0.01,0.32,0.02,0.263,0.064,0.086,0.379,0.274,0.701,0.094
2018-05-28 09:00:00,0.32,0.284,0.124,2.685,0.021,0.459,0.054,0.42,0.043,0.182,0.556,0.54,0.88,0.143
2018-05-28 10:00:00,0.602,0.452,0.289,4.482,0.046,0.873,0.118,0.338,0.131,0.156,0.925,0.749,1.214,0.156
2018-05-28 11:00:00,0.93,0.758,0.557,7.022,0.092,1.339,0.114,0.762,0.262,0.552,1.501,0.865,1.735,0.254
2018-05-28 12:00:00,1.577,1.607,1.147,12.355,0.173,2.248,0.134,1.538,0.504,1.092,2.242,1.39,1.723,0.458
2018-05-28 13:00:00,2.367,2.795,2.017,16.627,0.29,2.939,0.149,2.66,1.001,1.969,3.387,2.548,2.11,0.837
2018-05-28 14:00:00,3.384,3.743,3.024,19.657,0.485,3.63,0.209,3.591,1.859,2.842,5.049,4.474,2.84,1.45
2018-05-28 15:00:00,4.962,5.111,4.091,25.077,0.794,4.797,0.52,4.288,2.469,3.736,7.603,6.481,4.944,2.594
2018-05-28 16:00:00,5.629,5.93,5.625,28.443,0.88,5.728,1.189,5.539,3.519,4.944,9.119,8.42,6.856,4.089
2018-05-28 17:00:00,5.666,6.452,6.432,30.064,0.845,6.399,1.416,5.947,3.835,5.241,9.723,8.944,7.195,5.513
2018-05-28 18:00:00,6.113,6.049,6.031,28.396,0.893,6.323,1.285,5.525,3.352,4.836,9.506,8.604,6.215,5.417
2018-05-28 19:00:00,5.001,4.913,4.692,22.809,0.698,5.356,1.032,4.554,2.479,3.783,7.516,6.606,5.15,3.86
2018-05-28 20:00:00,3.627,3.927,3.483,17.157,0.421,4.529,0.602,3.038,1.63,2.587,5.429,4.526,3.819,2.916
2018-05-28 21:00:00,2.644,2.702,2.543,12.535,0.314,3.719,0.263,2.126,1.116,1.908,3.755,3.051,2.342,2.078
2018-05-28 22:00:00,1.795,1.705,1.505,8.843,0.17,2.907,0.102,1.303,0.702,1.132,2.41,1.958,1.424,1.226
2018-05-28 23:00:00,1.38,1.089,0.804,6.947,0.095,2.002,0.061,0.722,0.452,0.565,1.471,1.211,1.018,0.837
2018-05-29 00:00:00,1.043,0.836,0.461,5.308,0.056,1.525,0.089,0.554,0.308,0.213,1.158,0.592,0.86,0.682
2018-05-29 01:00:00,0.951,0.597,0.339,4.579,0.044,1.208,0.042,0.474,0.177,0.067,0.697,0.412,0.808,0.518
2018-05-29 02:00:00,0.744,0.538,0.47,3.894,0.059,1.067,0.032,0.43,0.131,0.056,0.527,0.544,0.708,0.358
2018-05-29 03:00:00,0.751,0.475,0.311,3.501,0.063,1.169,0.028,0.42,0.106,0.119,0.574,0.45,0.712,0.315
2018-05-29 04:00:00,0.74,0.519,0.217,4.13,0.116,1.3,0.008,0.486,0.099,0.138,0.684,0.412,1.18,0.29
2018-05-29 05:00:00,0.97,0.387,0.488,4.956,0.177,1.566,0.025,0.624,0.351,0.129,1.167,0.646,1.028,0.841
2018-05-29 06:00:00,0.953,0.913,0.745,6.696,0.201,1.685,0.129,0.814,0.644,0.328,1.58,1.175,1.064,0.899
2018-05-29 07:00:00,1.172,1.851,1.258,8.599,0.234,1.865,0.324,1.317,1.249,0.748,2.562,2.128,1.357,1.208
2018-05-29 08:00:00,1.811,3.625,2.082,13.017,0.424,2.74,0.605,2.192,1.725,1.542,5.3,4.526,2.699,2.426
2018-05-29 09:00:00,3.285,5.629,3.081,19.854,0.814,4.295,0.919,3.032,2.745,2.645,8.916,7.265,7.272,4.964
2018-05-29 10:00:00,5.194,8.014,4.092,25.312,1.225,5.802,1.295,4.035,3.94,3.689,12.48,9.412,11.525,7.875
2018-05-29 11:00:00,6.654,10.158,4.99,30.213,1.268,6.954,1.626,4.748,4.691,4.697,14.353,10.616,16.85,11.491
2018-05-29 12:00:00,7.91,11.658,6.029,34.651,1.674,7.631,1.869,5.558,5.229,5.166,15.814,11.902,20.836,15.133
2018-05-29 13:00:00,9.17,13.262,6.935,37.891,2.023,8.159,2.165,6.414,5.67,5.806,17.423,13.496,25.874,18.743
2018-05-29 14:00:00,10.849,14.784,8.501,42.649,2.347,9.055,2.396,7.479,6.466,6.843,20.082,15.517,28.41,22.669
2018-05-29 15:00:00,12.672,15.922,9.905,47.84,2.584,10.324,2.69,8.509,7.268,7.93,22.629,17.203,29.453,26.107
2018-05-29 16:00:00,12.456,16.105,10.477,48.65,2.696,10.889,2.887,9.151,7.816,8.382,22.894,18.348,29.817,27.984
2018-05-29 17:00:00,11.682,15.328,10.669,46.748,2.618,10.839,2.897,9.039,7.731,8.249,22.298,18.087,28.651,27.932
2018-05-29 18:00:00,10.599,13.721,9.557,41.411,2.304,9.494,2.63,8.054,6.948,7.157,19.958,16.702,25.939,25.805
2018-05-29 19:00:00,8.218,10.119,6.805,32.32,1.472,7.75,2.01,5.821,5.329,4.992,15.486,13.107,20.395,19.626
2018-05-29 20:00:00,5.769,7.105,3.879,22.964,0.507,5.818,1.268,2.936,3.3,2.458,10.553,8.679,13.714,13.046
2018-05-29 21:00:00,3.18,4.424,2.057,14.376,0.156,4.0,0.697,1.062,1.908,1.079,5.982,5.141,8.717,8.038
2018-05-29 22:00:00,1.735,2.884,0.997,8.085,0.037,2.77,0.216,0.301,1.019,0.559,2.818,2.62,5.04,4.101
2018-05-29 23:00:00,1.025,1.943,0.359,4.689,0.018,1.562,0.079,0.099,0.526,0.193,1.211,1.185,2.647,2.033
2018-05-30 00:00:00,0.565,1.198,0.19,2.778,0.006,0.789,0.05,0.134,0.299,0.073,0.771,0.49,1.588,1.113
2018-05-30 01:00:00,0.323,0.897,0.099,2.005,0.004,0.44,0.025,0.119,0.146,0.036,0.544,0.29,1.324,0.699
2018-05-30 02:00:00,0.152,0.797,0.131,1.566,0.003,0.31,0.014,0.135,0.111,0.025,0.461,0.384,0.994,0.348
2018-05-30 03:00:00,0.099,0.74,0.054,0.965,0.004,0.196,0.008,0.105,0.107,0.026,0.336,0.286,0.746,0.265
2018-05-30 04:00:00,0.156,0.685,0.031,1.237,0.0,0.262,0.005,0.119,0.149,0.027,0.48,0.25,1.446,0.235
2018-05-30 05:00:00,0.244,0.494,0.105,1.768,0.0,0.566,0.007,0.122,0.174,0.033,0.778,0.304,1.138,0.432
2018-05-30 06:00:00,0.37,0.955,0.285,3.235,0.053,0.714,0.061,0.148,0.182,0.087,1.263,0.546,1.202,0.521
2018-05-30 07:00:00,0.78,1.877,0.702,6.237,0.185,1.267,0.063,0.651,0.54,0.115,1.783,0.994,2.357,1.02
2018-05-30 08:00:00,1.562,3.62,1.04,10.912,0.277,2.428,0.111,1.336,0.637,0.455,2.968,1.474,4.941,1.6
2018-05-30 09:00:00,3.088,5.651,1.664,19.597,0.475,4.423,0.174,1.947,0.943,1.079,4.835,2.647,8.065,2.93
2018-05-30 10:00:00,5.247,7.653,2.575,27.397,0.74,6.492,0.275,2.762,1.764,1.881,8.115,4.551,11.571,4.899
2018-05-30 11:00:00,7.847,9.434,3.442,36.231,0.954,8.308,0.754,3.627,2.683,3.102,11.685,6.484,14.83,6.849
2018-05-30 12:00:00,11.016,10.746,4.806,47.493,1.184,10.205,1.589,4.835,3.613,4.306,15.592,8.37,17.765,9.378
2018-05-30 13:00:00,13.108,12.706,6.489,53.412,1.638,11.372,2.237,6.084,4.508,5.327,19.203,10.774,21.745,13.019
2018-05-30 14:00:00,15.151,14.7,8.407,58.947,2.148,12.551,2.671,7.554,5.766,6.799,23.054,13.797,24.412,17.526
2018-05-30 15:00:00,16.751,15.353,10.06,63.093,2.485,13.657,2.925,8.829,6.798,8.123,24.931,16.176,26.658,20.694
2018-05-30 16:00:00,16.269,16.199,10.899,61.923,2.618,13.846,3.035,9.515,7.323,8.524,24.671,17.165,26.168,22.721
2018-05-30 17:00:00,15.048,15.016,11.047,58.45,2.438,13.331,2.857,9.403,7.01,8.466,23.204,16.218,23.207,22.542
2018-05-30 18:00:00,13.495,13.655,9.71,52.351,2.162,11.792,2.645,8.316,5.9,7.435,20.585,14.355,21.153,20.72
2018-05-30 19:00:00,11.757,11.015,7.072,44.168,1.511,10.387,2.312,6.23,4.659,5.447,16.962,11.392,17.186,16.847
2018-05-30 20:00:00,9.856,8.619,4.759,37.036,0.777,8.934,1.634,4.079,2.944,3.617,12.511,7.97,12.022,12.473
2018-05-30 21:00:00,7.925,6.386,3.452,30.546,0.373,7.827,1.316,2.66,2.092,2.333,8.788,5.487,7.351,8.674
2018-05-30 22:00:00,5.983,3.943,2.325,24.013,0.222,6.278,0.987,1.789,1.47,1.558,5.729,3.788,4.374,5.322
2018-05-30 23:00:00,4.846,2.631,1.292,20.366,0.105,5.329,0.763,1.013,1.077,0.994,3.969,2.782,2.763,3.013
2018-05-31 00:00:00,3.702,2.142,0.796,16.321,0.062,4.281,0.572,0.749,0.759,0.524,2.464,1.734,1.451,1.898
2018-05-31 01:00:00,3.008,1.592,0.534,13.775,0.037,3.447,0.357,0.529,0.396,0.269,1.386,1.166,1.062,1.149
2018-05-31 02:00:00,2.459,1.312,0.551,11.562,0.019,2.837,0.226,0.438,0.336,0.154,0.874,0.933,0.775,0.799
2018-05-31 03:00:00,1.809,0.924,0.418,9.063,0.009,2.327,0.15,0.429,0.233,0.197,0.601,0.677,0.53,0.602
2018-05-31 04:00:00,1.815,1.001,0.464,8.889,0.028,2.47,0.166,0.49,0.213,0.315,0.643,0.564,1.4,0.555
2018-05-31 05:00:00,2.351,0.801,0.646,11.428,0.088,2.97,0.243,0.512,0.34,0.347,0.867,0.802,1.354,0.764
2018-05-31 06:00:00,2.828,0.922,0.907,14.554,0.207,3.605,0.422,1.021,0.717,0.668,1.626,1.547,1.365,1.039
2018-05-31 07:00:00,3.449,1.605,1.65,19.401,0.428,4.611,0.487,1.717,1.408,1.255,2.911,2.903,2.845,1.863
2018-05-31 08:00:00,4.676,2.709,2.833,24.866,0.704,5.699,0.79,2.958,2.002,2.5,5.786,5.385,6.162,3.377
2018-05-31 09:00:00,7.013,4.052,4.541,33.276,1.119,7.641,1.332,4.416,3.311,3.994,10.152,8.452,10.336,5.975
2018-05-31 10:00:00,8.85,5.275,6.541,37.821,1.539,8.937,1.635,5.96,4.512,5.535,15.695,11.019,14.015,9.132
2018-05-31 11:00:00,10.424,6.568,8.082,43.783,2.151,9.893,1.937,7.211,5.567,6.764,18.821,13.511,17.676,12.2
2018-05-31 12:00:00,12.19,7.862,9.586,50.882,2.698,10.868,2.226,8.629,6.918,7.99,20.935,15.935,20.506,15.374
2018-05-31 13:00:00,13.596,8.155,10.794,55.168,3.212,11.725,2.532,9.861,7.786,8.805,20.368,18.115,24.269,18.58
2018-05-31 14:00:00,14.765,7.218,10.916,58.281,3.68,12.387,2.863,9.854,7.96,8.618,19.692,18.176,25.806,20.391
2018-05-31 15:00:00,15.61,6.807,11.405,60.103,3.9,12.96,3.13,10.317,7.668,9.011,20.741,17.722,25.263,21.726
2018-05-31 16:00:00,14.965,6.487,11.833,59.083,3.953,13.046,3.276,10.877,7.882,9.399,19.506,18.16,22.588,20.556
2018-05-31 17:00:00,12.591,5.943,10.968,50.782,3.722,11.474,3.095,9.671,7.427,8.356,17.817,16.799,19.232,17.279
2018-05-31 18:00:00,10.484,5.465,9.251,41.994,3.25,9.44,2.821,8.105,6.301,6.92,16.284,14.732,17.794,15.917
2018-05-31 19:00:00,9.082,5.044,7.405,36.761,2.511,8.52,2.288,6.727,5.191,5.737,13.537,12.61,15.064,13.616
2018-05-31 20:00:00,7.611,5.095,6.082,30.566,1.713,7.404,1.946,5.715,4.207,4.697,11.06,10.452,12.548,11.059
2018-05-31 21:00:00,6.029,4.22,5.363,24.862,1.259,6.46,1.529,4.793,3.362,4.059,8.925,8.512,10.163,8.701
2018-05-31 22:00:00,4.756,3.392,4.54,20.22,0.964,5.595,1.273,3.889,2.619,3.498,6.853,6.729,8.017,6.966
2018-05-31 23:00:00,3.919,2.664,3.651,17.337,0.768,4.666,0.94,3.137,1.954,2.875,5.39,5.148,6.374,5.17
2018-06-01 00:00:00,3.245,2.193,3.048,14.937,0.564,3.861,0.727,2.8,1.58,2.532,4.236,4.201,4.811,4.034
2018-06-01 01:00:00,2.97,2.008,2.654,13.754,0.459,3.376,0.513,2.372,1.276,2.151,3.433,3.579,3.97,3.195
2018-06-01 02:00:00,2.773,1.928,2.616,13.018,0.386,3.248,0.416,2.103,1.116,1.919,3.083,3.366,3.426,2.435
2018-06-01 03:00:00,2.393,1.826,2.413,12.188,0.325,3.117,0.304,2.072,0.943,1.652,2.887,3.1,3.046,2.054
2018-06-01 04:00:00,2.638,2.16,2.375,11.944,0.356,3.15,0.284,2.487,1.01,1.668,3.033,2.876,4.239,2.04
2018-06-01 05:00:00,2.811,1.952,2.248,14.33,0.467,3.615,0.371,2.5,1.109,1.979,3.59,3.888,3.451,2.047
2018-06-01 06:00:00,2.835,1.828,2.28,17.888,0.93,3.993,0.55,2.792,1.431,2.599,4.436,5.509,2.976,2.164
2018-06-01 07:00:00,3.113,2.04,2.632,20.905,1.218,4.671,0.778,3.289,1.935,2.85,4.758,6.728,5.437,2.157
2018-06-01 08:00:00,4.448,2.731,3.637,25.966,1.634,5.636,1.009,3.938,2.611,3.29,6.238,8.17,7.623,2.625
2018-06-01 09:00:00,6.831,3.929,5.013,35.127,1.631,7.701,1.416,5.106,3.654,4.354,8.194,10.447,9.164,3.599
2018-06-01 10:00:00,10.23,6.05,6.734,43.765,1.729,9.907,2.085,6.492,5.19,5.996,11.709,13.196,10.657,5.675
2018-06-01 11:00:00,13.316,8.917,8.009,54.03,2.027,11.769,2.715,7.47,6.614,6.996,14.909,15.742,11.892,7.638
2018-06-01 12:00:00,15.98,10.854,9.603,64.782,2.367,13.407,2.677,8.931,8.375,8.307,18.597,18.429,13.92,10.306
2018-06-01 13:00:00,16.958,12.532,11.265,66.745,2.685,13.792,2.213,10.449,9.859,9.14,22.779,21.396,18.731,14.069
2018-06-01 14:00:00,15.044,15.185,12.618,58.218,3.222,12.113,1.988,11.526,10.917,9.83,27.556,23.087,22.569,19.237
2018-06-01 15:00:00,12.962,16.398,12.381,49.328,3.613,10.614,2.155,11.449,11.058,9.377,30.455,23.384,25.785,23.642
2018-06-01 16:00:00,12.778,16.608,11.634,50.921,3.765,11.295,2.69,11.068,10.377,9.077,28.675,21.792,27.416,25.722
2018-06-01 17:00:00,11.847,15.974,11.07,48.243,3.432,10.926,2.75,10.291,8.367,8.399,22.77,17.677,26.052,25.118
2018-06-01 18:00:00,10.87,14.653,9.595,42.513,2.785,9.574,2.076,8.971,6.309,7.147,18.15,14.161,24.06,21.832
2018-06-01 19:00:00,9.209,12.49,7.469,34.816,2.311,8.111,1.514,7.124,4.649,5.651,14.505,11.233,20.122,17.026
2018-06-01 20:00:00,7.207,9.81,6.332,27.525,1.519,6.75,1.281,5.814,3.407,4.738,11.243,8.607,15.706,13.394
2018-06-01 21:00:00,5.505,7.463,5.138,21.547,1.061,5.578,1.122,4.678,2.634,3.914,7.925,6.563,11.987,10.2
2018-06-01 22:00:00,4.038,5.476,3.902,17.053,0.687,4.734,0.83,3.626,1.794,3.101,5.472,4.656,9.032,7.782
2018-06-01 23:00:00,3.09,3.802,2.79,13.526,0.476,3.791,0.771,2.505,1.422,2.289,3.707,3.675,7.643,5.966
2018-06-02 00:00:00,2.334,2.779,2.041,11.343,0.361,3.013,0.694,2.063,1.305,1.834,2.881,3.179,6.52,4.298
2018-06-02 01:00:00,2.121,2.274,1.625,9.935,0.3,2.561,0.488,1.523,0.864,1.338,2.123,2.429,5.64,3.143
2018-06-02 02:00:00,1.748,1.775,1.649,8.441,0.242,2.23,0.274,1.376,0.767,1.127,1.727,2.408,4.474,2.374
2018-06-02 03:00:00,1.177,1.416,1.346,5.799,0.207,1.669,0.115,1.182,0.64,0.907,1.518,2.11,3.389,1.887
2018-06-02 04:00:00,0.851,1.316,0.897,4.105,0.2,1.231,0.065,0.904,0.456,0.699,1.523,1.591,4.089,1.517
2018-06-02 05:00:00,0.598,1.038,0.75,3.738,0.221,1.045,0.088,0.864,0.393,0.524,1.218,1.547,3.463,1.601
2018-06-02 06:00:00,0.699,1.166,0.72,3.866,0.255,1.225,0.087,0.807,0.406,0.375,1.186,1.832,4.19,2.037
2018-06-02 07:00:00,0.824,1.886,0.703,5.028,0.305,1.303,0.129,0.926,0.685,0.317,1.305,1.944,6.332,2.926
2018-06-02 08:00:00,1.132,2.095,0.733,5.993,0.353,1.362,0.129,0.907,0.911,0.357,1.359,2.549,9.508,3.593
2018-06-02 09:00:00,1.737,2.898,0.932,8.944,0.38,2.052,0.18,0.937,0.875,0.544,1.282,2.758,14.551,5.635
2018-06-02 10:00:00,2.905,4.592,1.256,13.237,0.653,2.942,0.43,1.159,0.866,0.892,1.308,2.486,19.692,8.714
2018-06-02 11:00:00,3.901,7.234,1.436,17.219,1.007,4.01,0.779,1.483,1.001,1.344,2.234,3.295,23.664,12.386
2018-06-02 12:00:00,4.856,9.154,1.822,21.2,1.28,4.669,1.057,1.741,1.485,1.783,4.087,4.852,25.715,15.407
2018-06-02 13:00:00,5.995,11.162,2.794,24.38,1.507,5.425,1.406,2.533,2.372,2.857,7.314,7.288,26.467,17.782
2018-06-02 14:00:00,7.775,12.812,4.276,30.163,1.748,6.721,1.78,3.753,3.497,3.969,10.785,9.529,28.054,21.036
2018-06-02 15:00:00,9.537,14.02,5.64,36.446,1.894,8.15,2.097,5.103,4.836,5.145,14.038,12.069,28.702,23.39
2018-06-02 16:00:00,9.843,13.75,6.842,39.328,2.19,8.795,2.433,6.332,5.798,6.162,15.477,13.974,28.912,24.414
2018-06-02 17:00:00,9.387,12.582,7.581,38.625,2.319,8.857,2.544,6.884,5.776,6.54,15.27,13.63,27.486,23.621
2018-06-02 18:00:00,8.914,10.909,6.611,35.352,2.001,8.18,2.34,5.877,5.139,5.473,13.641,12.183,24.399,21.485
2018-06-02 19:00:00,7.119,8.235,4.302,28.73,1.286,6.754,1.922,3.722,3.768,3.403,9.744,9.168,19.257,16.44
2018-06-02 20:00:00,5.185,5.371,2.058,20.982,0.597,5.255,1.261,1.466,2.243,1.487,5.696,5.643,13.864,11.565
2018-06-02 21:00:00,3.318,3.29,1.514,14.3,0.24,3.722,0.663,0.639,0.943,0.571,2.841,2.753,9.337,7.991
2018-06-02 22:00:00,1.705,1.913,0.757,8.271,0.122,2.337,0.265,0.251,0.497,0.258,1.17,1.285,5.997,4.542
2018-06-02 23:00:00,0.919,1.114,0.289,4.853,0.037,1.335,0.098,0.144,0.319,0.136,0.629,0.597,3.388,2.228
2018-06-03 00:00:00,0.479,0.906,0.124,2.538,0.015,0.674,0.059,0.129,0.211,0.075,0.492,0.306,2.002,1.382
2018-06-03 01:00:00,0.29,0.882,0.063,1.675,0.009,0.32,0.029,0.112,0.121,0.039,0.399,0.211,1.686,0.982
2018-06-03 02:00:00,0.197,0.911,0.067,1.256,0.01,0.276,0.022,0.119,0.106,0.033,0.407,0.352,1.267,0.647
2018-06-03 03:00:00,0.097,0.88,0.05,1.045,0.008,0.218,0.017,0.103,0.118,0.029,0.355,0.327,0.966,0.448
2018-06-03 04:00:00,0.093,0.699,0.029,0.946,0.01,0.233,0.01,0.102,0.107,0.027,0.316,0.201,0.842,0.354
2018-06-03 05:00:00,0.162,0.371,0.05,1.346,0.02,0.35,0.009,0.125,0.104,0.019,0.38,0.211,0.996,0.367
2018-06-03 06:00:00,0.483,0.587,0.221,2.902,0.081,0.871,0.021,0.135,0.226,0.018,0.59,0.327,2.091,0.768
2018-06-03 07:00:00,1.192,0.687,0.567,6.498,0.206,1.241,0.039,0.409,0.571,0.153,1.071,0.674,2.991,1.466
2018-06-03 08:00:00,1.959,0.863,0.955,10.244,0.323,2.254,0.097,1.052,0.944,0.655,1.543,1.174,3.115,2.325
2018-06-03 09:00:00,3.302,1.203,1.438,15.732,0.461,3.671,0.157,1.613,1.164,1.268,2.064,2.108,4.261,3.158
2018-06-03 10:00:00,4.487,1.908,2.183,20.152,0.613,4.926,0.294,2.228,1.424,1.964,3.023,2.924,5.809,4.069
2018-06-03 11:00:00,5.556,3.113,2.893,23.971,0.8,5.754,0.579,2.917,1.512,2.665,4.372,3.741,8.29,5.33
2018-06-03 12:00:00,7.464,4.521,3.974,29.233,1.005,6.908,0.979,3.758,1.897,3.574,6.435,5.122,10.423,6.957
2018-06-03 13:00:00,9.105,6.177,5.436,34.747,1.383,7.963,1.316,4.875,2.644,4.601,9.097,6.977,12.899,9.425
2018-06-03 14:00:00,10.424,7.95,7.021,38.126,1.808,8.623,1.826,5.947,3.527,5.669,11.924,9.153,15.352,12.613
2018-06-03 15:00:00,11.4,9.141,8.098,41.497,2.232,9.304,2.269,6.821,4.398,6.64,13.775,11.436,16.834,15.721
2018-06-03 16:00:00,12.01,9.237,8.484,45.268,2.273,10.269,2.543,7.499,4.982,7.164,14.614,12.662,16.827,17.739
2018-06-03 17:00:00,11.368,8.407,7.916,42.292,2.064,9.792,2.456,6.97,4.558,6.684,13.751,11.625,14.667,16.449
2018-06-03 18:00:00,9.924,6.593,6.528,36.676,1.407,8.611,1.996,5.73,3.258,5.28,10.14,8.794,11.514,13.22
2018-06-03 19:00:00,7.369,4.516,4.668,28.947,0.756,6.864,1.645,4.224,2.037,3.816,5.08,5.766,7.893,8.075
2018-06-03 20:00:00,5.051,3.008,3.029,20.797,0.404,5.118,1.249,2.714,1.08,2.428,2.525,2.995,4.257,4.335
2018-06-03 21:00:00,3.02,1.979,1.793,13.467,0.222,3.546,0.844,1.448,0.53,1.045,1.16,1.605,2.11,2.512
2018-06-03 22:00:00,1.792,1.247,1.163,8.524,0.117,2.482,0.507,0.999,0.352,0.642,0.646,0.872,1.153,1.354
2018-06-03 23:00:00,0.622,0.846,0.503,4.386,0.05,1.068,0.087,0.327,0.242,0.255,0.363,0.333,0.755,0.748
2018-06-04 00:00:00,0.22,0.752,0.292,2.73,0.008,0.523,0.056,0.252,0.159,0.124,0.402,0.212,0.774,0.579
2018-06-04 01:00:00,0.185,0.524,0.157,2.15,0.002,0.381,0.038,0.191,0.117,0.086,0.292,0.18,0.729,0.415
2018-06-04 02:00:00,0.165,0.319,0.237,1.414,0.001,0.263,0.053,0.186,0.107,0.053,0.227,0.261,0.66,0.245
2018-06-04 03:00:00,0.117,0.305,0.225,1.208,0.001,0.169,0.025,0.145,0.101,0.05,0.214,0.225,0.67,0.21
2018-06-04 04:00:00,0.18,0.248,0.177,1.239,0.0,0.206,0.022,0.146,0.095,0.058,0.282,0.263,1.239,0.255
2018-06-04 05:00:00,0.172,0.166,0.084,1.028,0.021,0.181,0.009,0.111,0.127,0.046,0.277,0.224,0.993,0.214
2018-06-04 06:00:00,0.123,0.15,0.11,1.073,0.052,0.135,0.021,0.106,0.14,0.048,0.287,0.171,0.649,0.204
2018-06-04 07:00:00,0.071,0.161,0.077,1.097,0.054,0.258,0.02,0.111,0.154,0.032,0.335,0.225,0.69,0.22
2018-06-04 08:00:00,0.062,0.098,0.058,1.038,0.04,0.226,0.017,0.104,0.121,0.044,0.291,0.263,0.791,0.323
2018-06-04 09:00:00,0.06,0.121,0.068,0.992,0.009,0.163,0.024,0.083,0.084,0.082,0.357,0.302,0.891,0.229
2018-06-04 10:00:00,0.053,0.126,0.071,1.068,0.005,0.171,0.056,0.102,0.109,0.06,0.398,0.27,0.942,0.19
2018-06-04 11:00:00,0.07,0.129,0.069,1.069,0.013,0.209,0.07,0.122,0.093,0.086,0.36,0.272,0.971,0.147
2018-06-04 12:00:00,0.069,0.137,0.066,1.146,0.049,0.236,0.08,0.118,0.09,0.045,0.354,0.257,0.945,0.122
2018-06-04 13:00:00,0.084,0.145,0.063,1.269,0.033,0.304,0.057,0.117,0.082,0.034,0.319,0.259,0.939,0.103
2018-06-04 14:00:00,0.093,0.194,0.061,1.347,0.013,0.185,0.052,0.108,0.101,0.049,0.302,0.25,0.857,0.095
2018-06-04 15:00:00,0.086,0.226,0.065,1.38,0.006,0.236,0.047,0.109,0.072,0.025,0.305,0.244,0.965,0.099
2018-06-04 16:00:00,0.075,0.207,0.063,1.484,0.013,0.221,0.069,0.138,0.088,0.035,0.331,0.249,0.943,0.184
2018-06-04 17:00:00,0.184,0.235,0.087,1.734,0.049,0.27,0.053,0.148,0.129,0.076,0.337,0.21,0.851,0.209
2018-06-04 18:00:00,0.191,0.251,0.082,1.77,0.042,0.356,0.068,0.113,0.121,0.061,0.29,0.173,0.839,0.38
2018-06-04 19:00:00,0.196,0.235,0.123,1.612,0.037,0.357,0.066,0.123,0.089,0.06,0.256,0.198,0.799,0.337
2018-06-04 20:00:00,0.195,0.339,0.109,1.604,0.053,0.324,0.06,0.098,0.083,0.085,0.257,0.179,0.769,0.309
2018-06-04 21:00:00,0.133,0.276,0.105,1.33,0.02,0.363,0.045,0.113,0.072,0.033,0.238,0.24,0.727,0.248
2018-06-04 22:00:00,0.165,0.229,0.05,0.976,0.006,0.213,0.041,0.071,0.066,0.029,0.22,0.175,0.687,0.198
2018-06-04 23:00:00,0.141,0.113,0.034,0.884,0.004,0.164,0.037,0.071,0.092,0.03,0.202,0.142,0.639,0.114
2018-06-05 00:00:00,0.096,0.072,0.033,0.774,0.003,0.129,0.033,0.111,0.082,0.028,0.193,0.124,0.632,0.118
2018-06-05 01:00:00,0.072,0.033,0.036,0.824,0.002,0.151,0.018,0.097,0.064,0.028,0.145,0.129,0.678,0.093
2018-06-05 02:00:00,0.064,0.048,0.03,0.747,0.002,0.143,0.012,0.11,0.058,0.035,0.15,0.174,0.571,0.053
2018-06-05 03:00:00,0.052,0.061,0.032,0.675,0.001,0.089,0.064,0.107,0.072,0.051,0.148,0.156,0.447,0.065
2018-06-05 04:00:00,0.096,0.037,0.078,1.01,0.069,0.145,0.044,0.093,0.067,0.043,0.176,0.167,1.083,0.114
2018-06-05 05:00:00,0.166,0.065,0.1,1.024,0.038,0.229,0.044,0.093,0.093,0.042,0.235,0.209,0.868,0.126
2018-06-05 06:00:00,0.083,0.073,0.093,0.974,0.068,0.255,0.044,0.119,0.083,0.037,0.47,0.195,0.658,0.197
2018-06-05 07:00:00,0.072,0.077,0.087,1.215,0.049,0.184,0.083,0.086,0.083,0.056,0.58,0.215,0.785,0.344
2018-06-05 08:00:00,0.061,0.124,0.192,1.132,0.053,0.224,0.051,0.126,0.1,0.039,0.643,0.319,1.289,0.527
2018-06-05 09:00:00,0.056,0.133,0.137,1.231,0.096,0.209,0.054,0.138,0.078,0.031,0.923,0.45,1.89,0.61
2018-06-05 10:00:00,0.113,0.136,0.209,1.166,0.074,0.205,0.098,0.158,0.117,0.037,0.873,0.434,1.801,0.594
2018-06-05 11:00:00,0.128,0.122,0.16,1.276,0.051,0.234,0.082,0.201,0.073,0.079,0.676,0.33,1.417,0.643
2018-06-05 12:00:00,0.199,0.131,0.139,1.789,0.084,0.343,0.076,0.131,0.051,0.064,0.673,0.343,1.122,0.548
2018-06-05 13:00:00,0.304,0.165,0.157,2.359,0.104,0.436,0.084,0.142,0.071,0.133,0.692,0.356,1.133,0.574
2018-06-05 14:00:00,0.533,0.183,0.202,3.54,0.079,0.657,0.115,0.168,0.063,0.137,0.731,0.333,1.378,0.691
2018-06-05 15:00:00,0.692,0.25,0.183,4.556,0.121,0.751,0.076,0.404,0.089,0.113,0.682,0.348,1.791,0.639
2018-06-05 16:00:00,0.69,0.211,0.23,4.747,0.107,0.891,0.057,0.448,0.127,0.096,0.68,0.391,1.639,0.752
2018-06-05 17:00:00,0.658,0.199,0.221,4.536,0.118,0.814,0.064,0.418,0.163,0.097,0.574,0.33,1.354,0.726
2018-06-05 18:00:00,0.456,0.227,0.181,3.72,0.141,0.762,0.096,0.32,0.187,0.068,0.588,0.236,1.279,0.728
2018-06-05 19:00:00,0.32,0.375,0.215,3.208,0.11,0.668,0.067,0.152,0.108,0.061,0.654,0.294,1.3,0.779
2018-06-05 20:00:00,0.284,0.291,0.153,2.71,0.106,0.718,0.05,0.055,0.144,0.072,0.452,0.36,1.049,0.658
2018-06-05 21:00:00,0.18,0.229,0.113,1.886,0.104,0.437,0.044,0.063,0.08,0.032,0.484,0.244,0.93,0.612
2018-06-05 22:00:00,0.114,0.096,0.059,1.101,0.03,0.3,0.036,0.07,0.064,0.029,0.318,0.177,0.741,0.503
2018-06-05 23:00:00,0.109,0.104,0.047,0.919,0.019,0.185,0.027,0.08,0.09,0.029,0.22,0.143,0.636,0.348
2018-06-06 00:00:00,0.066,0.063,0.023,0.753,0.013,0.123,0.019,0.114,0.078,0.027,0.214,0.107,0.609,0.277
2018-06-06 01:00:00,0.065,0.031,0.022,0.694,0.009,0.127,0.004,0.095,0.061,0.027,0.167,0.105,0.617,0.103
2018-06-06 02:00:00,0.054,0.04,0.021,0.646,0.007,0.112,0.0,0.104,0.057,0.022,0.174,0.169,0.499,0.058
2018-06-06 03:00:00,0.074,0.052,0.025,0.694,0.022,0.138,0.022,0.094,0.062,0.02,0.181,0.149,0.452,0.063
2018-06-06 04:00:00,0.076,0.054,0.073,0.955,0.03,0.203,0.0,0.094,0.049,0.064,0.188,0.153,1.08,0.065
2018-06-06 05:00:00,0.095,0.082,0.1,1.139,0.08,0.351,0.0,0.098,0.111,0.04,0.276,0.197,0.875,0.131
2018-06-06 06:00:00,0.08,0.082,0.089,1.2,0.108,0.536,0.052,0.105,0.09,0.024,0.411,0.291,0.572,0.132
2018-06-06 07:00:00,0.143,0.135,0.085,1.555,0.11,0.426,0.015,0.085,0.057,0.016,0.572,0.274,0.769,0.276
2018-06-06 08:00:00,0.099,0.168,0.102,1.304,0.119,0.305,0.016,0.099,0.072,0.02,0.893,0.354,1.438,0.467
2018-06-06 09:00:00,0.115,0.226,0.113,1.43,0.118,0.346,0.029,0.264,0.106,0.026,1.071,0.543,2.907,0.68
2018-06-06 10:00:00,0.299,0.249,0.196,2.407,0.132,0.49,0.092,0.273,0.258,0.064,1.801,0.757,4.928,0.99
2018-06-06 11:00:00,0.512,0.246,0.308,3.529,0.105,0.751,0.108,0.382,0.435,0.217,2.075,0.934,5.479,1.277
2018-06-06 12:00:00,0.723,0.359,0.297,5.573,0.109,0.95,0.116,0.428,0.64,0.283,2.354,1.105,5.595,1.378
2018-06-06 13:00:00,1.152,0.624,0.354,8.48,0.12,1.419,0.123,0.441,0.593,0.27,2.386,1.184,7.239,1.465
2018-06-06 14:00:00,1.539,0.895,0.457,9.765,0.129,1.608,0.183,0.606,0.529,0.328,2.783,1.091,7.853,1.804
2018-06-06 15:00:00,1.667,1.353,0.65,10.632,0.104,1.816,0.19,1.002,0.591,0.481,2.458,1.124,7.884,1.972
2018-06-06 16:00:00,1.421,1.619,0.875,10.127,0.112,1.703,0.318,1.368,0.882,0.666,2.243,1.461,8.248,2.039
2018-06-06 17:00:00,1.457,2.127,0.966,10.038,0.202,1.733,0.321,1.502,1.047,0.843,2.52,1.669,7.09,1.797
2018-06-06 18:00:00,1.353,2.174,1.062,9.207,0.222,1.902,0.341,1.595,0.916,0.912,2.038,1.8,5.092,1.686
2018-06-06 19:00:00,1.027,1.608,0.978,7.387,0.211,1.569,0.314,1.196,0.721,0.718,1.467,1.439,4.493,1.667
2018-06-06 20:00:00,0.886,1.265,0.56,5.599,0.08,1.587,0.15,0.572,0.408,0.375,1.042,0.815,2.881,1.529
2018-06-06 21:00:00,0.648,0.959,0.461,4.145,0.107,1.467,0.125,0.19,0.311,0.168,0.754,0.587,1.912,0.906
2018-06-06 22:00:00,0.378,0.545,0.158,2.499,0.032,0.829,0.046,0.065,0.161,0.067,0.475,0.324,1.262,0.471
2018-06-06 23:00:00,0.209,0.328,0.093,1.692,0.009,0.455,0.053,0.059,0.114,0.032,0.311,0.207,0.905,0.433
2018-06-07 00:00:00,0.098,0.209,0.044,1.129,0.004,0.212,0.029,0.111,0.084,0.028,0.272,0.137,0.78,0.411
2018-06-07 01:00:00,0.078,0.116,0.031,0.932,0.003,0.168,0.011,0.101,0.066,0.028,0.195,0.122,0.807,0.259
2018-06-07 02:00:00,0.071,0.06,0.027,0.905,0.002,0.18,0.002,0.113,0.076,0.019,0.194,0.183,0.751,0.143
2018-06-07 03:00:00,0.068,0.056,0.028,0.856,0.056,0.183,0.0,0.093,0.103,0.023,0.231,0.242,0.723,0.114
2018-06-07 04:00:00,0.081,0.082,0.04,1.185,0.039,0.264,0.016,0.097,0.128,0.049,0.36,0.26,1.287,0.196
2018-06-07 05:00:00,0.133,0.094,0.054,1.447,0.026,0.396,0.027,0.118,0.096,0.066,0.338,0.242,1.081,0.183
2018-06-07 06:00:00,0.165,0.142,0.057,1.603,0.002,0.488,0.014,0.105,0.083,0.028,0.479,0.249,0.795,0.324
2018-06-07 07:00:00,0.144,0.168,0.067,2.009,0.025,0.566,0.04,0.152,0.083,0.04,0.843,0.374,0.904,0.27
2018-06-07 08:00:00,0.239,0.2,0.14,3.093,0.021,0.73,0.094,0.332,0.158,0.063,0.949,0.599,1.471,0.398
2018-06-07 09:00:00,0.644,0.376,0.201,5.363,0.066,1.133,0.13,0.582,0.341,0.108,1.228,0.966,2.886,0.587
2018-06-07 10:00:00,0.896,0.78,0.298,6.98,0.13,1.504,0.188,0.419,0.634,0.195,1.772,1.628,4.554,0.759
2018-06-07 11:00:00,1.258,1.295,0.51,9.342,0.164,1.971,0.276,0.579,0.917,0.36,2.722,2.158,6.412,1.034
2018-06-07 12:00:00,2.103,1.861,0.85,14.208,0.209,2.832,0.403,0.982,1.151,0.652,3.641,2.68,6.499,1.373
2018-06-07 13:00:00,3.48,2.353,1.055,19.231,0.275,3.762,0.458,1.534,1.488,0.99,4.269,3.149,7.485,1.961
2018-06-07 14:00:00,4.843,3.199,1.423,23.289,0.429,4.583,0.763,2.08,1.623,1.418,5.742,3.828,7.405,3.004
2018-06-07 15:00:00,5.785,3.953,1.817,25.952,0.58,5.19,1.121,2.511,1.969,1.898,5.603,4.856,7.892,4.023
2018-06-07 16:00:00,5.348,4.614,2.012,25.323,0.63,5.434,1.43,2.644,2.423,1.886,5.354,5.762,8.984,3.789
2018-06-07 17:00:00,4.705,4.759,2.219,23.371,0.642,5.255,1.461,2.418,2.265,1.831,4.961,5.608,9.078,3.339
2018-06-07 18:00:00,4.132,3.837,2.092,20.057,0.589,4.612,1.228,2.206,1.789,1.624,4.049,4.994,7.853,3.117
2018-06-07 19:00:00,3.418,3.07,1.687,16.752,0.441,4.131,0.989,1.677,1.399,1.18,3.254,3.743,6.226,2.414
2018-06-07 20:00:00,2.709,2.405,1.079,12.945,0.319,3.359,0.835,1.014,0.782,0.787,2.245,2.517,4.658,1.97
2018-06-07 21:00:00,1.839,1.678,0.747,8.684,0.226,2.568,0.397,0.486,0.702,0.408,1.552,1.811,3.284,1.491
2018-06-07 22:00:00,1.168,1.238,0.416,5.739,0.142,1.885,0.18,0.188,0.441,0.115,0.805,1.208,2.138,0.957
2018-06-07 23:00:00,0.853,0.828,0.256,4.02,0.062,1.217,0.128,0.142,0.296,0.07,0.52,0.602,1.352,0.666
2018-06-08 00:00:00,0.533,0.54,0.154,2.836,0.024,0.848,0.062,0.164,0.157,0.031,0.528,0.313,0.988,0.584
2018-06-08 01:00:00,0.301,0.363,0.088,2.456,0.014,0.528,0.04,0.145,0.09,0.028,0.338,0.175,0.978,0.41
2018-06-08 02:00:00,0.185,0.284,0.073,2.16,0.013,0.494,0.032,0.175,0.074,0.06,0.265,0.311,0.786,0.291
2018-06-08 03:00:00,0.234,0.208,0.059,2.255,0.01,0.7,0.027,0.208,0.102,0.041,0.281,0.265,0.6,0.275
2018-06-08 04:00:00,0.332,0.169,0.08,2.44,0.073,0.779,0.02,0.255,0.113,0.035,0.353,0.262,1.224,0.268
2018-06-08 05:00:00,0.612,0.128,0.159,3.145,0.053,1.095,0.058,0.292,0.145,0.145,0.422,0.371,1.058,0.328
2018-06-08 06:00:00,0.728,0.2,0.154,3.453,0.018,1.002,0.097,0.456,0.124,0.141,0.501,0.448,0.869,0.352
2018-06-08 07:00:00,0.633,0.3,0.177,3.861,0.087,1.143,0.16,0.533,0.238,0.081,0.831,0.717,1.593,0.649
2018-06-08 08:00:00,0.932,0.874,0.305,5.531,0.156,1.098,0.215,0.658,0.321,0.117,1.573,1.203,3.055,1.442
2018-06-08 09:00:00,1.376,1.589,0.553,8.246,0.203,1.573,0.33,0.942,0.548,0.227,2.253,1.819,6.626,2.486
2018-06-08 10:00:00,1.712,2.918,0.867,10.599,0.277,2.179,0.505,1.155,0.795,0.557,3.672,2.304,10.292,4.41
2018-06-08 11:00:00,2.271,4.306,1.146,14.471,0.447,2.938,0.606,1.613,1.025,0.971,5.237,2.812,13.436,6.171
2018-06-08 12:00:00,3.67,5.034,1.351,20.138,0.499,3.813,0.985,1.944,1.317,1.276,6.962,3.479,15.239,7.686
2018-06-08 13:00:00,5.025,4.985,2.012,24.325,0.628,4.452,1.243,2.546,1.664,1.688,9.095,4.457,18.419,9.991
2018-06-08 14:00:00,6.399,4.703,2.972,28.048,0.893,5.206,1.499,3.461,2.313,2.464,11.312,6.057,19.048,12.499
2018-06-08 15:00:00,7.938,6.229,3.962,32.723,1.058,6.356,1.724,4.19,3.234,3.337,13.442,7.718,17.821,14.694
2018-06-08 16:00:00,8.435,7.785,4.97,36.166,1.208,7.601,1.908,4.966,3.955,4.197,14.063,9.069,17.343,16.149
2018-06-08 17:00:00,8.032,8.699,5.736,35.861,1.235,8.02,1.913,5.264,4.008,4.367,13.711,9.47,16.694,16.506
2018-06-08 18:00:00,7.206,7.817,5.087,31.18,1.061,6.959,1.743,4.49,3.376,3.647,12.277,8.394,15.278,14.689
2018-06-08 19:00:00,5.154,6.294,2.71,22.902,0.499,5.411,1.162,2.711,2.106,1.833,7.703,5.259,11.26,10.473
2018-06-08 20:00:00,3.08,4.346,1.462,14.551,0.259,3.834,0.483,1.044,1.077,0.796,4.618,2.177,7.901,5.548
2018-06-08 21:00:00,1.467,2.715,0.925,8.163,0.054,2.506,0.124,0.226,0.586,0.299,2.769,1.31,5.057,4.053
2018-06-08 22:00:00,0.748,1.435,0.424,4.517,0.015,1.505,0.083,0.097,0.347,0.105,1.172,0.665,2.95,2.11
2018-06-08 23:00:00,0.489,0.979,0.176,3.101,0.03,0.885,0.096,0.087,0.203,0.031,0.632,0.325,1.693,1.105
2018-06-09 00:00:00,0.273,0.807,0.088,1.926,0.004,0.424,0.089,0.125,0.125,0.029,0.522,0.194,1.299,0.765
2018-06-09 01:00:00,0.157,0.633,0.057,1.589,0.003,0.281,0.031,0.107,0.094,0.028,0.287,0.146,1.193,0.513
2018-06-09 02:00:00,0.098,0.511,0.042,1.071,0.002,0.17,0.017,0.112,0.091,0.025,0.217,0.223,0.985,0.255
2018-06-09 03:00:00,0.081,0.32,0.033,0.827,0.001,0.127,0.015,0.098,0.086,0.024,0.191,0.255,0.834,0.164
2018-06-09 04:00:00,0.107,0.234,0.028,0.75,0.001,0.095,0.008,0.102,0.079,0.026,0.219,0.226,1.388,0.119
2018-06-09 05:00:00,0.127,0.151,0.041,1.003,0.0,0.151,0.006,0.102,0.091,0.025,0.203,0.166,1.166,0.149
2018-06-09 06:00:00,0.175,0.274,0.107,1.675,0.008,0.535,0.032,0.124,0.188,0.025,0.332,0.248,1.1,0.3
2018-06-09 07:00:00,0.35,0.594,0.353,2.874,0.122,0.767,0.067,0.404,0.537,0.077,0.665,0.489,1.902,0.666
2018-06-09 08:00:00,0.979,1.276,0.538,5.572,0.209,1.342,0.091,0.685,0.652,0.233,1.225,0.834,3.393,1.429
2018-06-09 09:00:00,1.869,2.25,0.798,10.602,0.304,2.078,0.139,1.073,0.867,0.651,3.159,1.542,6.587,2.362
2018-06-09 10:00:00,2.885,3.764,1.326,15.121,0.37,3.203,0.268,1.622,1.132,1.173,5.602,2.512,10.327,4.034
2018-06-09 11:00:00,3.811,5.721,1.754,19.391,0.524,4.137,0.587,2.104,1.42,1.685,7.618,3.316,14.323,6.727
2018-06-09 12:00:00,5.149,7.299,2.309,23.823,0.598,5.191,0.898,2.64,1.797,2.204,10.273,4.58,17.038,9.423
2018-06-09 13:00:00,6.334,8.426,3.218,26.742,0.744,5.731,1.3,3.259,2.351,3.044,12.536,5.965,19.208,11.984
2018-06-09 14:00:00,8.038,9.165,4.272,31.663,0.886,6.867,1.803,3.917,2.873,3.756,14.247,7.147,20.723,13.805
2018-06-09 15:00:00,9.395,10.226,5.513,36.842,0.982,8.038,2.103,4.766,3.503,4.614,16.431,8.636,21.247,15.331
2018-06-09 16:00:00,9.591,10.697,6.204,38.635,1.135,8.58,2.383,5.297,4.149,5.211,17.337,10.085,19.551,16.669
2018-06-09 17:00:00,8.744,10.087,6.406,36.15,1.062,8.294,2.277,5.268,4.047,5.122,16.28,9.992,16.382,17.451
2018-06-09 18:00:00,7.704,8.318,5.822,31.567,0.982,7.292,1.986,4.875,3.493,4.56,14.201,8.89,13.599,16.563
2018-06-09 19:00:00,5.973,6.33,4.09,24.956,0.604,5.855,1.565,3.323,2.495,2.906,10.25,6.364,10.554,12.754
2018-06-09 20:00:00,3.961,4.328,1.898,17.591,0.216,4.225,1.031,1.246,1.408,1.171,5.96,3.809,6.872,8.404
2018-06-09 21:00:00,2.402,2.211,0.991,10.868,0.125,2.957,0.444,0.32,0.658,0.345,3.007,1.949,4.12,4.858
2018-06-09 22:00:00,1.16,1.347,0.371,5.841,0.018,1.684,0.149,0.108,0.333,0.086,1.215,0.898,2.21,2.352
2018-06-09 23:00:00,0.588,0.87,0.137,3.343,0.005,0.812,0.095,0.1,0.216,0.048,0.584,0.431,1.23,1.201
2018-06-10 00:00:00,0.257,0.759,0.065,1.664,0.025,0.327,0.073,0.129,0.126,0.035,0.407,0.239,0.946,0.746
2018-06-10 01:00:00,0.154,0.651,0.047,1.291,0.035,0.175,0.043,0.109,0.099,0.031,0.255,0.15,0.868,0.482
2018-06-10 02:00:00,0.1,0.45,0.036,0.893,0.002,0.144,0.029,0.115,0.098,0.026,0.217,0.235,0.544,0.251
2018-06-10 03:00:00,0.08,0.339,0.063,0.684,0.001,0.128,0.024,0.104,0.091,0.026,0.209,0.201,0.314,0.153
2018-06-10 04:00:00,0.076,0.219,0.03,0.68,0.0,0.103,0.012,0.102,0.086,0.034,0.217,0.184,0.295,0.126
2018-06-10 05:00:00,0.076,0.155,0.029,0.684,0.0,0.155,0.013,0.098,0.085,0.025,0.2,0.236,0.431,0.138
2018-06-10 06:00:00,0.152,0.166,0.046,1.163,0.0,0.338,0.021,0.109,0.162,0.024,0.375,0.298,1.379,0.279
2018-06-10 07:00:00,0.403,0.511,0.306,2.721,0.056,0.701,0.067,0.176,0.333,0.04,0.7,0.62,1.204,0.517
2018-06-10 08:00:00,0.858,1.121,0.555,4.947,0.138,1.178,0.116,0.616,0.576,0.204,1.291,0.894,2.013,1.21
2018-06-10 09:00:00,1.523,2.105,0.772,8.1,0.191,1.691,0.251,1.081,0.818,0.425,1.998,1.548,4.137,1.867
2018-06-10 10:00:00,2.064,3.364,1.038,10.652,0.293,2.45,0.356,1.376,1.007,0.792,3.208,2.155,6.283,2.782
2018-06-10 11:00:00,2.691,4.66,1.284,13.127,0.373,2.929,0.475,1.772,1.239,1.268,4.519,2.876,8.346,4.199
2018-06-10 12:00:00,3.432,5.715,1.72,15.881,0.503,3.575,0.731,2.114,1.431,1.695,6.087,3.491,10.778,5.736
2018-06-10 13:00:00,4.583,6.691,2.52,19.591,0.699,4.257,0.85,2.529,1.822,2.357,7.837,4.325,14.003,8.09
2018-06-10 14:00:00,5.651,8.051,3.368,22.89,0.868,5.003,1.1,3.057,2.416,2.836,9.807,5.598,17.111,11.663
2018-06-10 15:00:00,6.393,9.664,4.054,25.073,1.059,5.542,1.03,3.427,2.986,3.214,12.004,7.202,19.685,15.284
2018-06-10 16:00:00,6.102,10.019,4.052,24.688,1.049,5.577,0.977,3.564,3.558,3.232,13.545,8.443,21.274,17.829
2018-06-10 17:00:00,5.302,9.737,3.71,22.694,0.966,5.095,0.979,3.287,3.575,2.905,12.991,8.693,19.999,18.446
2018-06-10 18:00:00,4.706,8.79,3.555,20.284,0.767,4.715,0.961,3.023,3.107,2.657,11.155,7.795,17.549,16.909
2018-06-10 19:00:00,3.572,5.62,2.445,15.924,0.479,3.943,0.739,2.071,2.156,1.945,7.527,5.381,13.704,12.217
2018-06-10 20:00:00,2.125,3.488,1.11,10.309,0.203,2.499,0.344,0.768,1.137,0.842,4.131,2.803,9.056,6.986
2018-06-10 21:00:00,1.268,2.063,0.571,5.981,0.048,1.689,0.201,0.164,0.51,0.155,2.069,1.403,5.391,3.496
2018-06-10 22:00:00,0.52,1.318,0.228,2.792,0.034,0.907,0.061,0.099,0.265,0.067,0.881,0.615,2.838,1.868
2018-06-10 23:00:00,0.239,0.912,0.076,1.706,0.003,0.361,0.05,0.11,0.185,0.039,0.429,0.267,1.488,0.837
2018-06-11 00:00:00,0.108,0.785,0.05,1.277,0.002,0.141,0.038,0.133,0.13,0.036,0.4,0.182,0.901,0.684
2018-06-11 01:00:00,0.092,0.613,0.035,1.046,0.002,0.129,0.015,0.111,0.107,0.033,0.283,0.15,0.652,0.456
2018-06-11 02:00:00,0.088,0.447,0.028,0.835,0.002,0.113,0.006,0.115,0.105,0.029,0.301,0.255,0.607,0.285
2018-06-11 03:00:00,0.074,0.381,0.031,0.783,0.001,0.081,0.016,0.105,0.099,0.026,0.275,0.2,0.633,0.289
2018-06-11 04:00:00,0.097,0.29,0.048,0.921,0.036,0.163,0.02,0.111,0.106,0.026,0.359,0.174,1.325,0.324
2018-06-11 05:00:00,0.151,0.228,0.038,1.022,0.039,0.267,0.005,0.103,0.107,0.025,0.421,0.209,1.165,0.336
2018-06-11 06:00:00,0.221,0.323,0.113,1.527,0.067,0.328,0.032,0.135,0.165,0.038,0.559,0.289,0.813,0.34
2018-06-11 07:00:00,0.325,0.596,0.319,2.513,0.061,0.552,0.076,0.25,0.296,0.063,0.882,0.42,1.257,0.822
2018-06-11 08:00:00,0.498,1.026,0.604,4.026,0.129,0.804,0.088,0.848,0.358,0.212,1.347,0.78,2.287,1.065
2018-06-11 09:00:00,1.016,1.695,0.832,6.287,0.209,1.143,0.128,1.217,0.49,0.499,2.178,1.262,3.575,1.532
2018-06-11 10:00:00,1.317,2.877,1.055,8.515,0.247,1.632,0.173,1.576,0.792,0.825,3.401,1.892,5.176,2.068
2018-06-11 11:00:00,1.676,4.077,1.344,11.75,0.32,2.19,0.219,2.085,1.024,1.201,4.575,2.465,7.729,2.946
2018-06-11 12:00:00,2.556,5.099,1.843,16.092,0.439,2.851,0.326,2.44,1.467,1.653,5.8,3.323,9.293,3.976
2018-06-11 13:00:00,3.552,6.128,2.667,19.582,0.632,3.328,0.561,3.196,1.906,2.343,7.285,4.595,13.073,5.728
2018-06-11 14:00:00,4.785,7.398,3.968,23.352,0.851,4.136,0.867,4.112,2.489,3.292,9.172,6.142,16.513,8.469
2018-06-11 15:00:00,6.255,8.915,5.039,28.169,1.048,5.232,1.208,4.972,3.202,3.967,11.465,7.872,18.704,11.411
2018-06-11 16:00:00,6.642,10.097,5.999,30.57,1.313,6.205,1.471,5.674,3.773,4.725,12.668,9.387,19.638,13.925
2018-06-11 17:00:00,6.221,9.689,6.156,29.322,1.384,6.322,1.569,5.527,3.757,4.69,12.09,9.45,19.317,14.887
2018-06-11 18:00:00,5.211,7.987,5.677,25.192,1.221,5.414,1.433,4.96,3.148,4.092,10.581,8.471,18.314,13.359
2018-06-11 19:00:00,3.533,4.532,3.337,18.384,0.658,4.165,1.033,3.228,2.126,2.314,7.253,5.721,13.282,8.204
2018-06-11 20:00:00,2.158,2.15,1.395,10.889,0.222,2.864,0.322,1.124,1.149,0.842,3.003,3.126,7.044,3.816
2018-06-11 21:00:00,0.838,1.473,0.977,5.492,0.123,1.621,0.133,0.438,0.61,0.397,1.439,1.337,3.978,3.398
2018-06-11 22:00:00,0.391,1.076,0.466,3.105,0.045,0.951,0.086,0.16,0.391,0.132,0.666,0.702,2.37,1.752
2018-06-11 23:00:00,0.312,0.836,0.161,2.234,0.034,0.577,0.05,0.113,0.236,0.047,0.458,0.312,1.338,0.903
2018-06-12 00:00:00,0.196,0.719,0.084,1.551,0.007,0.311,0.042,0.133,0.157,0.043,0.376,0.213,0.883,0.703
2018-06-12 01:00:00,0.154,0.52,0.063,1.193,0.003,0.24,0.017,0.113,0.111,0.04,0.315,0.163,0.788,0.41
2018-06-12 02:00:00,0.137,0.38,0.048,0.905,0.001,0.191,0.016,0.12,0.107,0.036,0.287,0.225,0.512,0.258
2018-06-12 03:00:00,0.135,0.314,0.041,0.765,0.0,0.145,0.013,0.105,0.116,0.032,0.312,0.205,0.419,0.182
2018-06-12 04:00:00,0.097,0.196,0.049,0.958,0.015,0.321,0.009,0.107,0.106,0.032,0.311,0.183,1.017,0.212
2018-06-12 05:00:00,0.206,0.261,0.073,1.378,0.005,0.368,0.01,0.123,0.138,0.027,0.359,0.206,1.071,0.236
2018-06-12 06:00:00,0.352,0.297,0.142,2.237,0.067,0.559,0.062,0.127,0.187,0.035,0.554,0.419,0.879,0.281
2018-06-12 07:00:00,0.535,0.464,0.36,4.053,0.095,0.812,0.08,0.212,0.332,0.055,0.979,0.678,1.405,0.524
2018-06-12 08:00:00,0.893,1.09,0.629,6.848,0.166,1.253,0.173,0.886,0.568,0.191,1.592,1.244,2.581,0.968
2018-06-12 09:00:00,1.731,1.913,1.186,11.903,0.256,2.545,0.226,1.561,1.164,0.858,2.914,2.841,5.18,2.297
2018-06-12 10:00:00,2.672,2.918,1.875,17.244,0.427,3.91,0.309,2.335,2.17,1.81,5.226,4.904,8.018,4.055
2018-06-12 11:00:00,4.031,4.409,2.498,23.053,0.68,5.131,0.508,3.04,2.976,2.619,7.824,6.635,10.584,6.256
2018-06-12 12:00:00,6.004,5.938,3.316,30.537,0.999,6.327,0.988,3.783,3.473,3.275,10.056,8.069,12.779,8.924
2018-06-12 13:00:00,8.525,7.599,4.599,37.875,1.174,7.872,1.672,4.845,3.867,4.168,12.46,9.702,16.609,12.203
2018-06-12 14:00:00,11.185,9.464,6.401,46.148,1.507,9.477,2.447,6.064,4.94,5.534,15.695,12.185,20.2,15.763
2018-06-12 15:00:00,13.776,10.864,7.357,53.413,1.945,11.328,2.833,6.598,5.692,6.038,18.667,13.915,22.571,19.105
2018-06-12 16:00:00,14.378,11.483,8.099,56.253,2.012,12.698,3.128,7.246,6.01,6.589,20.305,14.383,23.331,21.418
2018-06-12 17:00:00,13.926,10.711,8.871,54.226,2.046,12.349,3.103,7.703,6.05,7.036,19.942,14.545,21.609,21.094
2018-06-12 18:00:00,12.361,9.376,8.368,47.511,1.847,10.612,3.035,7.116,5.507,6.418,17.194,13.593,18.885,18.486
2018-06-12 19:00:00,10.009,7.586,6.664,38.853,1.487,8.737,2.625,5.722,4.636,4.876,13.761,11.551,14.605,14.494
2018-06-12 20:00:00,7.797,5.916,4.585,29.371,1.022,7.021,2.003,3.868,3.493,3.174,10.7,9.083,10.489,10.899
2018-06-12 21:00:00,5.301,4.402,3.418,20.936,0.686,5.445,1.442,2.691,2.873,2.287,7.681,7.305,6.703,7.886
2018-06-12 22:00:00,3.665,3.12,2.129,15.857,0.418,4.31,0.911,1.77,2.199,1.519,5.183,5.67,4.14,5.374
2018-06-12 23:00:00,2.115,1.544,0.951,10.105,0.147,2.643,0.451,0.696,1.487,0.637,3.166,3.895,1.993,2.531
2018-06-13 00:00:00,1.327,1.024,0.522,7.13,0.063,1.839,0.214,0.407,1.14,0.305,2.112,2.962,1.27,1.666
2018-06-13 01:00:00,1.239,0.899,0.292,6.054,0.032,1.542,0.112,0.216,0.859,0.118,1.537,2.257,1.051,1.268
2018-06-13 02:00:00,0.973,0.81,0.347,4.822,0.016,1.261,0.108,0.158,0.635,0.072,1.259,1.918,0.644,0.956
2018-06-13 03:00:00,0.596,0.636,0.251,3.949,0.039,1.06,0.091,0.161,0.476,0.104,1.155,1.409,0.636,0.767
2018-06-13 04:00:00,0.568,0.489,0.313,3.914,0.053,1.163,0.12,0.376,0.442,0.225,1.177,1.18,1.467,0.727
2018-06-13 05:00:00,0.942,0.406,0.52,5.839,0.086,1.504,0.166,0.75,0.751,0.374,2.064,1.843,1.222,1.045
2018-06-13 06:00:00,1.498,0.594,0.87,8.892,0.116,1.907,0.354,1.207,1.184,0.616,3.291,2.567,1.206,1.254
2018-06-13 07:00:00,1.949,1.159,1.639,14.546,0.339,2.905,0.37,1.851,1.961,1.267,5.403,4.604,2.061,1.542
2018-06-13 08:00:00,2.903,1.732,2.965,20.972,0.729,4.05,0.508,3.064,3.132,2.614,7.91,8.034,3.761,1.892
2018-06-13 09:00:00,4.542,1.766,4.573,26.924,1.084,5.451,0.675,4.487,4.355,3.958,10.177,11.329,6.867,2.802
2018-06-13 10:00:00,5.982,2.146,5.989,29.488,1.499,6.43,0.891,5.745,5.5,5.076,12.814,13.98,7.782,4.254
2018-06-13 11:00:00,8.324,2.129,6.463,37.039,1.935,8.102,1.199,5.952,6.158,5.485,13.816,15.122,7.425,6.121
2018-06-13 12:00:00,10.839,2.093,7.029,46.013,2.209,9.725,1.6,6.614,6.693,6.069,11.805,16.082,4.924,6.019
2018-06-13 13:00:00,11.766,2.093,8.464,47.408,2.323,9.871,2.146,7.724,6.639,6.957,10.751,16.079,4.309,5.62
2018-06-13 14:00:00,10.83,2.191,8.972,43.527,2.402,8.854,2.198,7.933,6.141,7.162,9.439,15.036,5.075,5.18
2018-06-13 15:00:00,9.228,2.645,7.533,36.44,2.618,7.537,1.796,6.839,5.077,6.042,8.332,12.799,6.64,5.072
2018-06-13 16:00:00,7.516,3.07,6.237,31.631,2.37,7.038,1.659,5.951,4.443,5.06,8.148,11.558,7.619,4.947
2018-06-13 17:00:00,6.132,2.982,5.114,27.632,2.032,6.221,1.372,4.861,3.552,4.159,8.042,9.562,7.69,4.623
2018-06-13 18:00:00,5.191,2.952,4.47,23.119,1.646,5.388,1.153,4.096,2.773,3.586,7.433,7.804,7.779,4.632
2018-06-13 19:00:00,4.257,3.079,3.785,19.512,1.188,4.823,1.11,3.553,1.976,2.992,6.755,6.094,7.093,4.271
2018-06-13 20:00:00,3.763,3.453,3.166,15.978,0.845,4.142,0.879,2.697,1.466,2.5,5.536,4.798,6.388,4.082
2018-06-13 21:00:00,2.836,2.908,2.529,12.345,0.555,3.518,0.716,1.997,1.295,1.919,4.161,3.312,4.477,3.201
2018-06-13 22:00:00,1.928,2.202,1.731,8.738,0.376,2.831,0.445,1.469,1.025,1.428,2.507,2.61,3.286,2.243
2018-06-13 23:00:00,1.481,1.656,1.242,7.143,0.268,2.167,0.301,1.011,0.759,1.016,1.436,1.913,2.79,1.556
2018-06-14 00:00:00,1.188,1.34,0.89,6.103,0.212,1.794,0.193,0.892,0.597,0.752,1.223,1.451,2.256,1.229
2018-06-14 01:00:00,1.185,1.047,0.702,5.304,0.189,1.618,0.1,0.713,0.393,0.514,0.978,1.126,1.911,0.972
2018-06-14 02:00:00,1.021,0.87,0.727,5.122,0.151,1.355,0.111,0.62,0.337,0.337,0.77,1.066,1.465,0.811
2018-06-14 03:00:00,0.671,0.766,0.565,4.176,0.12,1.138,0.074,0.578,0.286,0.233,0.936,0.913,1.148,0.706
2018-06-14 04:00:00,0.637,0.919,0.518,3.908,0.14,1.188,0.063,0.587,0.336,0.358,1.05,0.802,2.398,0.928
2018-06-14 05:00:00,0.637,0.914,0.321,3.925,0.173,1.15,0.172,0.652,0.44,0.257,1.258,1.025,2.62,1.009
2018-06-14 06:00:00,0.559,1.021,0.387,3.795,0.261,1.085,0.253,0.712,0.436,0.269,1.557,1.09,3.654,1.428
2018-06-14 07:00:00,0.355,1.682,0.332,3.964,0.288,1.079,0.196,0.857,0.385,0.12,1.354,0.933,6.378,2.311
2018-06-14 08:00:00,0.332,2.471,0.257,3.857,0.235,1.051,0.193,0.702,0.279,0.161,1.338,0.835,10.494,2.557
2018-06-14 09:00:00,0.472,3.227,0.32,4.009,0.27,1.001,0.232,0.637,0.143,0.147,1.195,0.899,13.523,2.712
2018-06-14 10:00:00,0.609,3.278,0.378,4.461,0.305,1.008,0.242,0.417,0.357,0.221,1.298,0.987,14.791,3.001
2018-06-14 11:00:00,0.614,3.107,0.347,4.744,0.289,0.952,0.312,0.461,0.345,0.251,1.488,1.044,15.744,2.753
2018-06-14 12:00:00,0.645,2.162,0.552,4.947,0.208,0.925,0.491,0.471,0.274,0.275,1.511,0.965,12.616,2.98
2018-06-14 13:00:00,0.81,1.47,0.761,6.062,0.169,1.134,0.519,0.559,0.312,0.369,1.415,1.023,10.633,3.151
2018-06-14 14:00:00,0.913,1.255,0.678,6.221,0.163,1.217,0.506,0.692,0.523,0.355,1.483,1.322,8.975,2.982
2018-06-14 15:00:00,0.967,0.971,0.675,5.918,0.234,1.064,0.531,0.806,0.613,0.415,1.579,1.487,7.946,3.461
2018-06-14 16:00:00,0.956,0.942,0.672,6.339,0.276,1.284,0.565,0.902,0.701,0.453,1.801,1.741,6.675,3.466
2018-06-14 17:00:00,0.881,0.765,0.546,6.004,0.297,1.271,0.37,0.812,0.585,0.444,1.717,1.535,6.165,3.722
2018-06-14 18:00:00,0.797,0.739,0.365,4.908,0.257,1.006,0.207,0.817,0.488,0.182,1.699,1.418,5.786,3.147
2018-06-14 19:00:00,0.675,0.725,0.464,4.464,0.216,1.031,0.137,0.62,0.388,0.202,1.436,0.9,4.973,2.737
2018-06-14 20:00:00,0.574,1.119,0.485,3.373,0.192,0.911,0.13,0.639,0.26,0.179,1.377,0.857,4.518,2.345
2018-06-14 21:00:00,0.391,1.104,0.362,2.599,0.107,0.694,0.11,0.557,0.217,0.139,0.985,0.558,3.046,1.912
2018-06-14 22:00:00,0.252,0.856,0.215,1.63,0.062,0.497,0.052,0.364,0.173,0.054,0.624,0.465,2.165,1.299
2018-06-14 23:00:00,0.152,0.618,0.15,1.372,0.079,0.347,0.044,0.178,0.126,0.047,0.404,0.296,1.475,0.926
2018-06-15 00:00:00,0.114,0.452,0.083,1.132,0.03,0.244,0.04,0.23,0.121,0.037,0.416,0.241,1.17,0.853
2018-06-15 01:00:00,0.096,0.345,0.052,1.056,0.019,0.182,0.022,0.201,0.103,0.042,0.28,0.167,1.187,0.676
2018-06-15 02:00:00,0.13,0.301,0.052,0.889,0.013,0.246,0.043,0.174,0.12,0.033,0.259,0.296,1.107,0.504
2018-06-15 03:00:00,0.101,0.309,0.037,0.899,0.01,0.157,0.024,0.14,0.161,0.043,0.267,0.25,1.088,0.426
2018-06-15 04:00:00,0.119,0.233,0.049,1.123,0.024,0.258,0.007,0.159,0.089,0.044,0.318,0.234,2.164,0.403
2018-06-15 05:00:00,0.094,0.268,0.085,1.484,0.048,0.412,0.012,0.148,0.104,0.073,0.377,0.217,1.59,0.438
2018-06-15 06:00:00,0.119,0.284,0.043,1.322,0.051,0.446,0.025,0.11,0.098,0.019,0.411,0.326,1.157,0.428
2018-06-15 07:00:00,0.126,0.162,0.065,1.466,0.035,0.485,0.058,0.12,0.076,0.033,0.415,0.34,1.335,0.545
2018-06-15 08:00:00,0.113,0.207,0.092,1.352,0.039,0.445,0.086,0.209,0.088,0.041,0.507,0.413,1.672,0.555
2018-06-15 09:00:00,0.183,0.199,0.307,1.914,0.04,0.612,0.141,0.463,0.071,0.148,0.478,0.551,2.0,0.47
2018-06-15 10:00:00,0.493,0.219,0.492,2.982,0.098,0.791,0.195,0.523,0.149,0.274,0.568,0.843,2.238,0.5
2018-06-15 11:00:00,0.686,0.242,0.752,5.093,0.209,1.017,0.248,0.867,0.389,0.578,0.877,1.058,2.281,0.719
2018-06-15 12:00:00,1.099,0.416,1.204,8.592,0.314,1.553,0.242,1.523,0.622,1.079,1.282,1.662,1.979,0.958
2018-06-15 13:00:00,2.173,0.778,1.901,13.854,0.466,2.458,0.281,2.41,1.149,1.747,1.892,2.556,2.524,1.475
2018-06-15 14:00:00,3.878,1.99,2.949,21.051,0.761,3.583,0.605,3.474,1.936,2.845,3.426,4.204,3.349,2.968
2018-06-15 15:00:00,6.356,3.525,4.548,29.651,1.1,5.447,1.205,4.593,2.778,3.905,6.618,6.388,6.624,5.893
2018-06-15 16:00:00,7.714,4.61,5.642,35.303,1.419,7.249,1.857,5.632,3.374,4.871,8.948,8.091,10.29,8.943
2018-06-15 17:00:00,8.139,5.27,6.31,37.104,1.401,8.017,2.097,5.84,3.423,4.984,10.037,8.327,11.805,10.45
2018-06-15 18:00:00,8.181,4.792,5.762,35.678,1.208,7.806,2.186,5.185,2.968,4.277,9.32,7.696,12.456,11.301
2018-06-15 19:00:00,6.794,2.674,4.536,29.681,0.664,6.821,1.587,3.784,2.121,3.093,6.407,5.392,9.137,7.839
2018-06-15 20:00:00,3.906,2.351,2.537,18.41,0.378,4.592,0.762,1.946,1.166,1.671,3.443,3.04,5.676,4.059
2018-06-15 21:00:00,2.714,1.487,1.458,12.773,0.15,3.5,0.44,0.694,0.636,0.798,1.59,1.688,3.004,2.853
2018-06-15 22:00:00,1.438,1.053,0.722,7.541,0.079,2.307,0.146,0.184,0.378,0.353,0.769,0.893,1.489,1.343
2018-06-15 23:00:00,0.834,0.718,0.31,4.212,0.046,1.246,0.072,0.098,0.256,0.107,0.38,0.391,0.74,0.724
2018-06-16 00:00:00,0.498,0.494,0.134,2.668,0.033,0.716,0.071,0.137,0.161,0.051,0.327,0.228,0.613,0.583
2018-06-16 01:00:00,0.293,0.318,0.073,2.196,0.006,0.509,0.037,0.114,0.103,0.039,0.218,0.188,0.633,0.363
2018-06-16 02:00:00,0.163,0.194,0.099,1.442,0.003,0.395,0.047,0.124,0.094,0.032,0.195,0.343,0.44,0.186
2018-06-16 03:00:00,0.107,0.1,0.056,1.063,0.002,0.234,0.022,0.101,0.089,0.029,0.175,0.339,0.555,0.121
2018-06-16 04:00:00,0.199,0.075,0.032,0.958,0.001,0.282,0.01,0.104,0.083,0.028,0.224,0.183,1.206,0.105
2018-06-16 05:00:00,0.247,0.101,0.068,1.377,0.001,0.331,0.012,0.106,0.089,0.068,0.295,0.204,0.924,0.17
2018-06-16 06:00:00,0.642,0.234,0.28,2.793,0.013,0.638,0.077,0.179,0.275,0.071,0.508,0.436,0.743,0.222
2018-06-16 07:00:00,1.04,0.484,0.515,5.519,0.083,1.326,0.093,0.703,0.592,0.22,0.902,0.972,1.258,0.431
2018-06-16 08:00:00,2.06,1.233,1.085,10.268,0.215,2.118,0.137,1.328,0.945,0.782,1.805,1.913,2.192,0.962
2018-06-16 09:00:00,3.341,2.318,2.17,17.403,0.389,3.726,0.283,2.244,1.413,1.902,3.917,3.678,4.704,2.422
2018-06-16 10:00:00,5.15,3.985,3.674,24.704,0.633,5.678,0.563,3.412,2.083,3.339,6.427,5.903,8.931,4.753
2018-06-16 11:00:00,7.49,5.866,4.648,31.431,0.915,7.261,1.002,4.373,2.812,4.268,9.127,7.216,13.494,7.551
2018-06-16 12:00:00,10.195,7.765,5.792,39.59,1.167,8.899,1.48,5.125,3.495,4.985,12.447,8.928,17.686,10.971
2018-06-16 13:00:00,12.202,9.048,7.218,45.393,1.645,10.136,1.99,6.129,4.265,5.836,14.789,10.976,21.321,14.087
2018-06-16 14:00:00,13.658,10.423,8.421,49.358,2.098,10.866,2.638,7.025,5.076,6.804,16.515,12.918,23.624,16.818
2018-06-16 15:00:00,14.843,12.24,9.553,53.53,2.406,11.918,3.077,8.027,6.013,7.748,19.387,14.899,24.46,19.901
2018-06-16 16:00:00,15.298,12.987,10.351,56.54,2.683,12.734,3.104,8.914,6.663,8.379,21.143,16.17,24.95,22.84
2018-06-16 17:00:00,14.895,13.276,10.577,55.168,2.701,12.608,3.111,9.026,6.707,8.35,21.289,15.858,24.64,24.0
2018-06-16 18:00:00,14.128,12.54,9.652,51.352,2.46,11.681,2.991,8.111,6.369,7.537,20.068,14.965,23.317,22.704
2018-06-16 19:00:00,11.84,9.808,6.879,44.2,1.688,9.919,2.443,5.743,5.026,5.246,16.377,11.885,19.217,17.678
2018-06-16 20:00:00,8.436,5.977,3.878,32.201,0.782,7.299,1.702,3.301,2.92,2.874,11.014,7.366,12.313,11.393
2018-06-16 21:00:00,5.23,4.013,2.342,21.171,0.293,5.315,1.141,1.434,1.443,1.472,6.628,4.601,7.424,7.034
2018-06-16 22:00:00,3.193,2.288,1.288,13.938,0.094,3.666,0.692,0.599,0.699,0.632,3.531,2.28,4.325,3.868
2018-06-16 23:00:00,1.918,1.271,0.677,9.014,0.037,2.346,0.354,0.197,0.476,0.279,1.662,1.144,2.416,2.109
2018-06-17 00:00:00,1.073,0.939,0.334,5.66,0.015,1.429,0.164,0.175,0.316,0.145,1.127,0.569,1.527,1.227
2018-06-17 01:00:00,0.843,0.806,0.197,4.0,0.006,0.998,0.065,0.127,0.183,0.085,0.7,0.377,1.285,0.901
2018-06-17 02:00:00,0.531,0.704,0.253,2.748,0.004,0.728,0.047,0.163,0.138,0.055,0.466,0.418,1.025,0.538
2018-06-17 03:00:00,0.288,0.558,0.163,1.903,0.002,0.448,0.042,0.115,0.11,0.036,0.366,0.328,0.843,0.396
2018-06-17 04:00:00,0.22,0.367,0.053,1.575,0.005,0.337,0.018,0.108,0.112,0.035,0.337,0.245,0.726,0.295
2018-06-17 05:00:00,0.348,0.268,0.124,1.857,0.018,0.535,0.03,0.122,0.143,0.034,0.486,0.402,0.863,0.317
2018-06-17 06:00:00,0.637,0.375,0.388,3.807,0.07,0.872,0.106,0.32,0.315,0.064,1.032,0.592,1.784,0.717
2018-06-17 07:00:00,1.36,1.028,0.823,7.714,0.181,1.703,0.178,0.848,0.782,0.283,2.281,1.142,2.613,1.332
2018-06-17 08:00:00,2.852,2.378,1.52,14.655,0.468,3.098,0.28,1.732,1.177,1.243,4.919,2.329,4.857,2.381
2018-06-17 09:00:00,5.224,4.469,2.842,24.524,0.799,5.619,0.623,2.798,1.861,2.5,9.175,4.559,8.155,4.594
2018-06-17 10:00:00,8.35,7.19,4.873,33.354,1.258,7.977,1.136,4.559,3.169,4.409,13.561,7.63,13.501,8.003
2018-06-17 11:00:00,10.718,9.45,6.53,40.066,1.818,9.498,1.637,5.971,4.557,5.603,18.186,10.915,19.686,12.99
2018-06-17 12:00:00,13.523,11.44,8.228,48.22,2.406,11.023,2.236,7.424,5.457,6.764,21.874,12.999,24.162,18.134
2018-06-17 13:00:00,15.259,13.772,10.49,53.35,2.885,12.093,2.734,8.869,6.726,8.376,24.823,15.645,27.812,22.823
2018-06-17 14:00:00,16.639,15.887,11.86,57.75,3.439,12.924,3.011,9.827,8.219,9.394,27.129,18.239,30.35,27.012
2018-06-17 15:00:00,17.226,17.148,12.135,60.22,3.892,13.558,3.054,10.153,9.188,9.465,28.421,19.822,31.311,29.933
2018-06-17 16:00:00,16.79,17.684,12.185,60.405,4.054,13.459,3.212,10.326,9.716,9.481,29.489,20.416,31.951,31.519
2018-06-17 17:00:00,15.687,16.264,11.825,56.534,3.889,12.681,3.208,9.993,9.474,9.198,28.675,19.789,30.525,30.926
2018-06-17 18:00:00,13.723,13.786,9.889,49.436,3.488,11.172,3.021,8.374,8.551,7.794,23.621,18.142,27.401,26.723
2018-06-17 19:00:00,11.677,11.662,7.261,42.994,2.676,9.724,2.697,6.43,7.15,5.804,19.874,15.144,22.17,20.368
2018-06-17 20:00:00,9.416,8.882,4.897,34.48,1.615,7.945,2.068,4.543,5.556,4.009,14.687,12.148,16.763,14.619
2018-06-17 21:00:00,7.513,6.547,3.479,29.166,0.825,6.791,1.55,3.046,3.807,2.771,9.44,9.434,11.503,9.642
2018-06-17 22:00:00,6.438,4.715,2.427,25.831,0.384,6.32,1.14,2.141,2.284,1.883,5.618,6.34,7.9,5.548
2018-06-17 23:00:00,5.282,2.579,1.674,21.721,0.236,5.316,0.802,1.446,1.363,1.24,2.535,3.864,5.465,3.268
2018-06-18 00:00:00,4.525,1.718,1.18,19.858,0.163,4.655,0.623,1.297,1.148,0.855,1.522,2.962,3.854,2.207
2018-06-18 01:00:00,4.127,1.309,0.914,18.192,0.15,4.169,0.432,0.876,0.895,0.598,1.175,2.448,2.857,1.53
2018-06-18 02:00:00,3.947,1.118,0.986,17.298,0.122,3.928,0.287,0.759,0.809,0.472,1.26,2.581,2.055,1.112
2018-06-18 03:00:00,3.43,1.065,0.826,16.268,0.133,3.799,0.239,0.721,0.766,0.42,1.378,2.304,1.621,0.947
2018-06-18 04:00:00,3.799,1.096,1.025,17.234,0.091,3.76,0.253,0.956,0.922,0.545,1.799,2.844,2.341,0.991
2018-06-18 05:00:00,4.383,0.779,1.281,21.552,0.154,4.641,0.371,1.315,1.511,1.141,2.363,4.503,2.194,1.087
2018-06-18 06:00:00,5.538,1.257,2.29,27.472,0.237,5.787,0.465,2.393,2.213,1.935,3.199,6.634,2.449,1.53
2018-06-18 07:00:00,6.961,2.255,3.639,33.704,0.466,7.169,0.633,3.838,4.129,3.153,6.015,10.869,5.022,2.914
2018-06-18 08:00:00,8.423,4.046,5.354,38.716,1.224,8.258,1.167,5.634,6.101,4.849,10.051,15.319,8.967,5.129
2018-06-18 09:00:00,10.547,6.172,7.677,46.028,1.959,9.83,1.533,7.46,7.96,6.687,15.268,18.55,15.284,9.215
2018-06-18 10:00:00,11.892,9.825,9.08,48.262,2.693,10.935,1.548,8.491,9.684,7.65,21.857,20.973,23.05,15.273
2018-06-18 11:00:00,11.605,14.825,9.065,47.523,3.275,10.65,1.555,8.468,10.377,7.724,27.705,22.077,29.159,20.374
2018-06-18 12:00:00,9.949,17.492,7.987,42.981,3.609,9.171,1.424,8.086,10.466,7.025,32.243,21.958,32.432,23.617
2018-06-18 13:00:00,7.776,19.387,6.284,35.109,3.185,7.48,1.489,6.699,10.06,5.464,34.548,21.749,36.555,29.05
2018-06-18 14:00:00,7.097,20.554,6.072,32.115,2.384,6.758,1.923,6.187,8.911,5.38,33.53,19.745,38.731,32.682
2018-06-18 15:00:00,7.422,19.202,6.545,31.796,2.086,6.847,2.574,6.353,6.692,5.588,30.551,15.855,38.31,32.123
2018-06-18 16:00:00,7.428,16.17,6.774,33.354,1.816,7.477,2.716,6.662,5.919,5.56,26.504,14.207,36.6,28.753
2018-06-18 17:00:00,6.622,14.14,6.71,30.674,1.539,7.015,2.509,6.301,5.277,5.209,24.051,12.941,29.948,24.905
2018-06-18 18:00:00,6.429,11.735,6.123,28.751,1.283,6.522,2.262,5.798,4.671,4.495,22.214,11.377,21.552,21.805
2018-06-18 19:00:00,5.852,9.74,4.995,26.061,1.088,6.107,1.854,4.895,4.243,3.872,19.134,10.375,19.67,19.621
2018-06-18 20:00:00,4.954,8.743,4.416,21.123,0.853,5.082,1.699,4.129,3.619,3.634,17.011,9.4,17.062,17.391
2018-06-18 21:00:00,3.932,7.717,3.759,16.861,0.683,4.416,1.428,3.227,2.993,3.179,15.157,7.552,14.298,14.53
2018-06-18 22:00:00,2.791,6.632,2.768,12.721,0.536,3.614,1.082,2.333,2.173,2.27,12.361,5.676,11.867,12.633
2018-06-18 23:00:00,2.156,5.663,1.937,10.274,0.4,2.84,0.895,1.622,1.466,1.72,9.246,3.954,10.171,10.764
2018-06-19 00:00:00,1.676,4.853,1.398,8.595,0.303,2.338,0.757,1.397,1.137,1.311,6.409,3.126,9.074,9.147
2018-06-19 01:00:00,1.478,4.045,1.102,7.611,0.234,1.976,0.504,1.069,0.744,0.903,4.093,2.352,8.361,7.609
2018-06-19 02:00:00,1.175,3.051,1.141,6.343,0.185,1.645,0.289,0.936,0.547,0.664,3.095,2.06,7.482,6.211
2018-06-19 03:00:00,0.915,2.626,1.114,4.82,0.171,1.29,0.306,0.847,0.502,0.516,2.602,1.551,6.371,5.277
2018-06-19 04:00:00,0.935,2.457,0.987,4.688,0.186,1.449,0.15,0.97,0.458,0.473,2.402,1.24,7.114,4.969
2018-06-19 05:00:00,1.11,1.972,1.138,5.63,0.308,1.754,0.124,1.153,0.449,0.686,2.853,1.67,6.302,5.737
2018-06-19 06:00:00,0.83,2.792,0.906,4.478,0.347,1.343,0.207,1.075,0.442,0.644,3.48,1.673,7.541,7.394
2018-06-19 07:00:00,0.393,4.356,0.993,3.743,0.456,0.825,0.218,0.868,0.777,0.572,4.041,1.737,12.785,9.805
2018-06-19 08:00:00,0.675,5.552,1.062,5.59,0.593,1.007,0.271,0.975,0.837,0.527,5.28,1.866,16.067,12.102
2018-06-19 09:00:00,0.939,6.829,1.352,7.33,0.824,1.408,0.563,1.122,0.909,0.637,6.487,2.78,18.338,13.438
2018-06-19 10:00:00,1.477,8.435,1.689,9.81,0.873,2.139,0.947,1.256,1.238,0.91,7.431,3.627,19.437,14.54
2018-06-19 11:00:00,2.301,9.227,1.925,13.461,1.04,2.814,1.288,1.579,1.463,1.554,8.253,4.173,20.031,15.374
2018-06-19 12:00:00,3.47,9.648,2.254,18.455,1.164,3.889,1.522,2.122,1.814,2.193,9.545,5.185,20.537,16.126
2018-06-19 13:00:00,4.864,10.405,3.01,23.133,1.326,4.967,1.805,2.996,2.529,2.832,11.375,7.2,23.577,17.61
2018-06-19 14:00:00,6.709,11.786,4.102,29.096,1.563,6.232,2.224,4.127,3.526,3.804,14.344,9.672,25.396,19.789
2018-06-19 15:00:00,9.084,13.263,5.457,36.282,1.766,7.784,2.471,5.228,4.437,4.852,17.971,11.536,26.356,21.665
2018-06-19 16:00:00,10.177,13.638,6.755,41.282,1.935,9.116,2.708,6.517,5.459,6.076,19.514,13.118,26.451,23.14
2018-06-19 17:00:00,10.207,13.189,7.626,41.636,1.986,9.427,2.802,6.799,5.38,6.309,19.186,12.986,24.612,23.031
2018-06-19 18:00:00,9.677,12.543,7.239,38.36,1.821,8.667,2.466,6.421,4.755,5.794,17.473,11.974,21.737,21.62
2018-06-19 19:00:00,8.287,9.914,5.361,31.623,1.31,7.534,1.955,4.685,3.656,3.968,13.689,9.499,16.911,17.236
2018-06-19 20:00:00,6.019,6.468,3.01,23.093,0.579,5.926,1.285,2.191,2.287,1.921,8.489,6.287,11.613,11.445
2018-06-19 21:00:00,3.712,4.377,1.591,14.995,0.177,4.157,0.739,0.806,1.338,0.882,4.306,3.485,6.862,6.666
2018-06-19 22:00:00,1.874,2.488,0.841,8.093,0.068,2.466,0.279,0.23,0.646,0.486,1.838,1.419,3.687,3.29
2018-06-19 23:00:00,0.988,1.386,0.356,4.922,0.03,1.458,0.134,0.121,0.419,0.25,0.88,0.747,1.957,1.914
2018-06-20 00:00:00,0.494,0.938,0.164,2.938,0.011,0.801,0.076,0.151,0.286,0.108,0.634,0.408,1.358,1.222
2018-06-20 01:00:00,0.322,0.814,0.097,2.144,0.005,0.49,0.051,0.122,0.15,0.094,0.442,0.257,1.232,0.822
2018-06-20 02:00:00,0.173,0.77,0.153,1.673,0.015,0.413,0.039,0.134,0.121,0.044,0.347,0.383,0.951,0.498
2018-06-20 03:00:00,0.142,0.719,0.069,1.322,0.018,0.415,0.057,0.109,0.189,0.045,0.308,0.324,0.776,0.38
2018-06-20 04:00:00,0.183,0.512,0.071,1.557,0.014,0.429,0.028,0.122,0.171,0.044,0.389,0.273,1.408,0.299
2018-06-20 05:00:00,0.289,0.415,0.165,2.022,0.044,0.517,0.056,0.135,0.212,0.07,0.533,0.399,1.243,0.484
2018-06-20 06:00:00,0.539,0.444,0.411,3.746,0.118,0.847,0.132,0.137,0.243,0.12,0.769,0.559,1.114,0.695
2018-06-20 07:00:00,0.815,0.872,0.748,5.736,0.22,1.024,0.213,0.558,0.608,0.218,1.267,1.006,2.119,1.181
2018-06-20 08:00:00,1.39,1.619,1.139,9.288,0.368,1.869,0.305,1.507,1.142,0.78,2.174,1.882,4.208,1.61
2018-06-20 09:00:00,2.463,3.091,1.975,17.002,0.492,3.539,0.508,2.014,1.577,1.384,4.723,3.991,8.033,2.885
2018-06-20 10:00:00,4.104,4.298,3.039,22.805,0.801,5.041,0.577,2.903,2.452,2.439,8.406,6.37,11.384,6.03
2018-06-20 11:00:00,5.782,4.889,3.832,28.108,1.023,6.141,1.179,3.794,3.332,3.49,10.734,8.338,14.573,8.943
2018-06-20 12:00:00,7.62,5.308,4.713,34.606,1.311,7.147,1.705,4.716,4.124,4.332,12.755,10.052,16.469,11.367
2018-06-20 13:00:00,9.585,6.079,5.822,39.724,1.589,8.242,2.036,5.617,4.481,4.947,14.083,11.363,19.205,13.23
2018-06-20 14:00:00,11.342,6.682,6.573,44.445,1.868,9.082,2.365,6.2,4.728,5.49,15.715,12.494,20.948,15.101
2018-06-20 15:00:00,13.296,8.099,8.016,50.519,2.154,10.505,2.724,7.168,5.532,6.56,17.738,13.724,22.267,17.395
2018-06-20 16:00:00,13.734,9.539,9.029,53.577,2.514,11.617,3.125,8.069,6.256,7.357,19.278,15.415,22.296,19.081
2018-06-20 17:00:00,13.595,9.256,9.857,52.998,2.447,11.987,3.196,8.47,6.5,7.646,19.558,15.932,21.113,18.195
2018-06-20 18:00:00,12.927,8.538,9.084,49.362,2.133,11.158,3.061,7.816,5.836,6.96,17.21,14.679,18.664,16.423
2018-06-20 19:00:00,10.825,6.102,6.479,41.156,1.316,9.427,2.645,5.597,4.539,4.864,13.132,11.343,14.849,12.529
2018-06-20 20:00:00,7.982,4.904,4.411,30.566,0.774,7.44,1.802,3.727,2.747,3.222,8.583,7.621,9.712,8.276
2018-06-20 21:00:00,5.069,2.918,3.017,21.659,0.371,5.605,1.152,2.359,1.984,2.346,5.795,5.548,6.489,6.134
2018-06-20 22:00:00,3.857,1.685,1.988,17.189,0.146,4.671,0.747,1.669,1.218,1.564,3.034,3.311,3.676,3.384
2018-06-20 23:00:00,3.199,1.095,1.635,14.122,0.109,3.858,0.662,1.314,0.715,1.386,1.422,1.826,2.032,1.839
2018-06-21 00:00:00,2.394,0.873,1.301,11.283,0.094,2.977,0.478,1.235,0.453,1.111,1.063,1.013,1.383,1.19
2018-06-21 01:00:00,2.001,0.761,1.041,9.491,0.087,2.405,0.29,0.962,0.294,0.773,0.573,0.674,1.271,0.912
2018-06-21 02:00:00,1.64,0.704,1.099,7.96,0.072,2.026,0.217,0.811,0.253,0.551,0.441,0.798,1.038,0.654
2018-06-21 03:00:00,1.147,0.621,0.916,6.312,0.056,1.657,0.132,0.77,0.274,0.453,0.419,0.702,0.892,0.498
2018-06-21 04:00:00,0.913,0.495,0.676,5.464,0.093,1.555,0.108,0.705,0.323,0.49,0.515,0.801,1.572,0.5
2018-06-21 05:00:00,1.1,0.348,0.799,5.247,0.174,1.729,0.158,0.709,0.39,0.527,0.764,0.938,1.357,0.741
2018-06-21 06:00:00,1.024,0.479,1.2,4.932,0.277,1.288,0.244,0.937,0.395,0.791,1.32,1.217,1.332,0.959
2018-06-21 07:00:00,1.23,0.993,1.811,7.419,0.404,1.582,0.289,1.568,0.453,1.24,1.718,1.277,2.743,1.713
2018-06-21 08:00:00,1.777,2.286,2.433,10.945,0.711,2.375,0.42,2.32,0.622,1.952,1.832,1.917,6.102,2.819
2018-06-21 09:00:00,2.582,3.564,3.184,13.775,0.842,3.212,0.513,2.884,1.043,2.55,2.101,3.543,10.851,3.66
2018-06-21 10:00:00,3.127,5.186,3.693,14.523,1.053,3.599,0.656,3.444,1.626,3.068,3.316,5.031,15.356,5.002
2018-06-21 11:00:00,3.865,6.615,3.771,16.701,1.29,3.929,0.873,3.655,2.194,3.336,5.228,6.114,17.382,7.497
2018-06-21 12:00:00,4.453,7.701,3.953,19.337,1.389,4.17,1.026,3.938,2.729,3.473,7.382,7.234,17.512,9.543
2018-06-21 13:00:00,5.099,9.216,4.373,21.364,1.51,4.526,1.137,4.323,3.222,3.62,9.349,8.557,21.917,12.062
2018-06-21 14:00:00,6.059,10.639,5.052,24.698,1.799,5.103,1.34,4.674,3.785,4.116,12.133,9.943,24.394,15.792
2018-06-21 15:00:00,7.366,12.298,5.945,28.559,2.027,5.927,1.566,5.402,4.242,4.821,15.014,10.84,26.109,19.442
2018-06-21 16:00:00,7.674,13.055,6.291,30.901,2.186,6.857,1.879,5.953,4.68,5.268,15.906,11.57,26.0,21.907
2018-06-21 17:00:00,7.151,12.738,6.556,30.453,2.134,7.031,1.787,5.783,4.616,5.265,15.054,11.519,23.69,22.247
2018-06-21 18:00:00,6.635,11.775,6.042,27.477,1.854,6.255,1.62,5.191,4.08,4.755,13.3,10.581,21.513,20.55
2018-06-21 19:00:00,5.208,9.342,4.369,21.828,1.221,5.186,1.286,3.721,3.031,3.252,9.833,8.188,17.044,16.241
2018-06-21 20:00:00,3.409,6.29,2.227,14.809,0.505,3.703,0.689,1.423,1.672,1.411,5.452,4.685,11.381,10.806
2018-06-21 21:00:00,1.847,3.859,1.183,8.606,0.123,2.499,0.234,0.428,0.919,0.495,2.58,2.217,7.287,6.166
2018-06-21 22:00:00,0.907,2.199,0.495,4.433,0.035,1.602,0.098,0.169,0.412,0.271,1.162,0.97,3.981,2.936
2018-06-21 23:00:00,0.361,1.128,0.204,2.52,0.015,0.797,0.062,0.145,0.305,0.179,0.511,0.375,1.79,1.435
2018-06-22 00:00:00,0.233,0.851,0.102,1.75,0.007,0.413,0.051,0.137,0.186,0.113,0.405,0.229,1.093,0.931
2018-06-22 01:00:00,0.152,0.738,0.068,1.333,0.004,0.283,0.028,0.114,0.131,0.056,0.321,0.172,0.79,0.609
2018-06-22 02:00:00,0.112,0.651,0.078,0.969,0.002,0.188,0.022,0.122,0.122,0.052,0.275,0.276,0.613,0.356
2018-06-22 03:00:00,0.094,0.497,0.042,0.862,0.001,0.191,0.017,0.107,0.111,0.043,0.272,0.241,0.423,0.285
2018-06-22 04:00:00,0.087,0.398,0.075,0.999,0.0,0.242,0.033,0.113,0.13,0.063,0.335,0.226,1.097,0.27
2018-06-22 05:00:00,0.264,0.286,0.081,1.4,0.021,0.229,0.059,0.126,0.125,0.046,0.382,0.254,1.085,0.402
2018-06-22 06:00:00,0.393,0.453,0.218,2.588,0.048,0.457,0.083,0.111,0.165,0.053,0.612,0.388,0.973,0.436
2018-06-22 07:00:00,0.603,0.843,0.506,4.04,0.141,0.687,0.16,0.323,0.446,0.102,1.082,0.774,1.523,0.723
2018-06-22 08:00:00,1.08,1.641,0.762,6.697,0.214,1.25,0.172,1.044,0.753,0.243,1.611,1.384,3.302,1.086
2018-06-22 09:00:00,1.812,2.709,1.013,11.795,0.293,2.232,0.252,1.527,0.974,0.564,2.696,2.053,6.863,1.675
2018-06-22 10:00:00,2.665,4.525,1.557,16.256,0.425,3.222,0.363,1.977,1.291,1.016,4.751,2.966,10.102,2.882
2018-06-22 11:00:00,3.812,6.416,2.221,20.759,0.622,4.446,0.554,2.558,1.753,1.955,6.906,3.979,13.581,4.842
2018-06-22 12:00:00,5.516,7.654,3.061,27.132,0.843,5.832,0.871,3.401,2.433,2.86,9.869,5.599,16.479,6.845
2018-06-22 13:00:00,7.415,9.709,4.183,32.841,1.057,6.688,1.262,4.381,3.063,3.661,13.104,7.552,20.82,10.254
2018-06-22 14:00:00,9.847,11.442,5.774,39.025,1.452,7.855,1.746,5.473,3.925,4.76,16.728,9.979,23.382,14.499
2018-06-22 15:00:00,12.063,12.438,7.295,45.642,1.84,9.445,2.054,6.515,4.841,5.858,19.492,12.265,24.69,18.337
2018-06-22 16:00:00,12.746,12.215,8.417,48.881,2.119,10.87,2.329,7.527,5.546,6.718,21.034,13.648,24.716,20.612
2018-06-22 17:00:00,11.658,10.645,8.859,45.315,2.087,10.319,2.324,7.664,5.295,6.873,20.304,13.311,22.173,20.517
2018-06-22 18:00:00,9.943,8.391,7.547,38.4,1.689,8.749,2.118,6.489,4.36,5.492,17.222,11.525,18.823,18.751
2018-06-22 19:00:00,7.839,6.12,5.337,31.458,1.062,7.311,1.649,4.718,2.937,3.673,12.488,8.398,14.409,13.855
2018-06-22 20:00:00,5.342,4.432,3.586,22.864,0.572,5.588,1.028,2.811,1.922,2.221,7.916,5.12,10.135,7.81
2018-06-22 21:00:00,3.223,3.247,2.203,15.287,0.294,4.239,0.806,1.528,1.352,1.352,4.608,3.283,7.822,6.509
2018-06-22 22:00:00,2.319,2.421,1.229,11.011,0.134,3.223,0.454,0.777,0.924,0.831,2.529,1.984,5.568,3.8
2018-06-22 23:00:00,1.862,1.954,0.665,9.161,0.07,2.447,0.172,0.363,0.752,0.412,2.077,1.634,3.985,2.09
2018-06-23 00:00:00,1.326,1.574,0.388,7.196,0.03,1.864,0.112,0.284,0.553,0.246,1.723,1.202,2.879,1.429
2018-06-23 01:00:00,1.145,1.25,0.263,5.971,0.017,1.474,0.053,0.314,0.381,0.168,1.135,0.867,2.181,1.096
2018-06-23 02:00:00,1.094,1.067,0.38,5.494,0.01,1.467,0.044,0.4,0.33,0.154,0.886,0.901,1.522,0.85
2018-06-23 03:00:00,0.931,0.969,0.211,5.101,0.007,1.293,0.041,0.163,0.252,0.066,0.782,0.761,1.243,0.641
2018-06-23 04:00:00,0.867,0.878,0.121,5.031,0.009,1.202,0.027,0.223,0.225,0.059,0.812,0.635,1.566,0.579
2018-06-23 05:00:00,0.98,0.592,0.096,5.804,0.018,1.368,0.049,0.38,0.257,0.093,0.786,0.636,1.276,0.558
2018-06-23 06:00:00,1.328,0.629,0.299,7.328,0.051,1.819,0.115,0.691,0.273,0.108,0.877,0.743,1.404,0.702
2018-06-23 07:00:00,1.479,0.836,0.462,9.057,0.107,2.228,0.121,0.884,0.342,0.172,1.233,0.915,1.582,0.88
2018-06-23 08:00:00,1.614,1.121,0.662,9.334,0.21,2.251,0.109,0.928,0.494,0.268,1.445,1.054,1.752,0.954
2018-06-23 09:00:00,1.717,1.101,0.75,9.271,0.277,1.969,0.166,0.815,0.408,0.426,1.839,1.018,1.983,1.037
2018-06-23 10:00:00,1.954,0.996,0.925,10.06,0.296,2.211,0.173,0.92,0.38,0.575,2.304,1.111,2.244,1.064
2018-06-23 11:00:00,2.297,0.894,1.0,11.42,0.369,2.727,0.258,0.991,0.493,0.844,1.924,1.243,2.144,1.189
2018-06-23 12:00:00,2.915,0.72,1.136,13.337,0.509,3.101,0.284,1.239,0.623,1.023,1.515,1.487,1.928,1.083
2018-06-23 13:00:00,3.447,0.715,1.535,15.101,0.554,3.589,0.363,1.546,0.611,1.381,0.974,1.811,1.958,0.804
2018-06-23 14:00:00,3.273,0.662,1.582,13.864,0.56,3.254,0.444,1.613,0.432,1.438,0.574,1.292,2.049,0.738
2018-06-23 15:00:00,2.101,0.62,1.311,10.048,0.42,2.153,0.495,1.368,0.422,1.136,0.655,0.782,1.92,0.547
2018-06-23 16:00:00,1.908,0.802,0.902,9.96,0.268,2.174,0.566,1.152,0.41,0.89,0.745,0.787,1.738,0.599
2018-06-23 17:00:00,1.653,0.83,0.919,9.718,0.215,2.138,0.365,0.824,0.373,0.447,0.785,0.677,1.723,0.593
2018-06-23 18:00:00,1.332,0.692,0.797,8.493,0.236,1.942,0.354,0.796,0.305,0.414,0.639,0.696,1.573,0.558
2018-06-23 19:00:00,1.255,0.755,0.741,7.27,0.258,1.529,0.254,0.673,0.295,0.281,0.748,0.661,1.497,0.704
2018-06-23 20:00:00,1.004,1.106,0.639,5.925,0.198,1.242,0.283,0.636,0.227,0.203,0.588,0.537,1.228,0.598
2018-06-23 21:00:00,0.808,1.108,0.467,4.553,0.101,1.056,0.167,0.594,0.167,0.211,0.481,0.338,1.195,0.688
2018-06-23 22:00:00,0.521,0.826,0.328,2.794,0.089,0.848,0.112,0.541,0.137,0.116,0.417,0.342,1.031,0.503
2018-06-23 23:00:00,0.333,0.635,0.17,2.237,0.048,0.513,0.084,0.345,0.148,0.095,0.344,0.312,0.854,0.444
2018-06-24 00:00:00,0.229,0.47,0.108,1.785,0.034,0.386,0.068,0.415,0.123,0.053,0.397,0.283,0.804,0.446
2018-06-24 01:00:00,0.182,0.396,0.088,1.681,0.027,0.329,0.044,0.441,0.096,0.047,0.276,0.223,0.82,0.325
2018-06-24 02:00:00,0.149,0.328,0.092,1.54,0.021,0.382,0.039,0.521,0.089,0.038,0.256,0.327,0.779,0.238
2018-06-24 03:00:00,0.152,0.295,0.068,1.368,0.018,0.367,0.04,0.453,0.086,0.034,0.237,0.318,0.75,0.176
2018-06-24 04:00:00,0.134,0.278,0.043,1.539,0.033,0.347,0.031,0.468,0.091,0.031,0.379,0.311,0.738,0.178
2018-06-24 05:00:00,0.244,0.262,0.114,2.027,0.056,0.519,0.047,0.591,0.108,0.07,0.42,0.351,0.832,0.222
2018-06-24 06:00:00,0.46,0.403,0.356,2.996,0.081,0.724,0.076,0.589,0.275,0.139,0.439,0.499,1.616,0.511
2018-06-24 07:00:00,0.44,0.606,0.345,3.218,0.148,0.793,0.076,0.61,0.363,0.192,0.509,0.641,1.493,0.624
2018-06-24 08:00:00,0.468,0.924,0.341,3.669,0.11,0.924,0.115,0.73,0.351,0.174,0.564,0.937,1.8,0.704
2018-06-24 09:00:00,0.55,1.264,0.569,4.644,0.118,1.082,0.136,0.79,0.564,0.257,0.769,1.29,2.478,0.509
2018-06-24 10:00:00,0.917,2.004,0.647,5.783,0.16,1.351,0.205,0.792,0.68,0.303,0.978,1.363,4.123,0.817
2018-06-24 11:00:00,1.329,3.121,0.683,7.237,0.175,1.629,0.419,1.067,0.708,0.429,1.102,1.325,7.808,1.416
2018-06-24 12:00:00,1.8,4.565,0.882,9.619,0.244,2.14,0.532,1.011,0.79,0.577,1.43,1.494,12.114,2.002
2018-06-24 13:00:00,2.176,5.063,1.091,11.356,0.299,2.437,0.628,1.259,0.804,0.892,2.377,2.065,15.765,2.954
2018-06-24 14:00:00,2.615,5.413,1.441,12.373,0.333,2.824,0.844,1.605,0.877,1.319,3.232,2.295,17.031,4.316
2018-06-24 15:00:00,2.7,5.747,1.818,12.459,0.545,2.955,0.859,1.882,0.924,1.571,3.761,2.257,14.521,5.477
2018-06-24 16:00:00,2.51,6.536,1.7,12.597,0.661,2.895,1.034,1.867,1.046,1.527,3.439,2.212,12.734,5.853
2018-06-24 17:00:00,2.693,6.449,1.677,13.403,0.563,3.043,0.975,1.649,1.004,1.462,3.221,2.329,11.31,5.788
2018-06-24 18:00:00,2.734,5.26,1.578,13.573,0.513,3.134,0.888,1.405,0.859,1.126,2.812,2.309,9.594,5.004
2018-06-24 19:00:00,2.494,4.022,1.367,12.515,0.483,3.03,0.598,1.24,0.732,0.865,2.547,2.205,8.599,4.1
2018-06-24 20:00:00,1.878,3.529,1.186,9.463,0.338,2.367,0.273,1.015,0.653,0.848,2.17,1.739,6.605,3.316
2018-06-24 21:00:00,1.201,2.768,1.154,5.826,0.323,1.697,0.178,0.885,0.436,0.705,1.633,1.423,4.541,2.878
2018-06-24 22:00:00,0.703,1.839,0.862,3.515,0.239,1.176,0.084,0.687,0.327,0.461,0.98,0.906,3.4,2.005
2018-06-24 23:00:00,0.408,1.393,0.512,2.641,0.178,0.739,0.063,0.433,0.3,0.315,0.586,0.595,2.355,1.451
2018-06-25 00:00:00,0.293,1.129,0.307,2.147,0.079,0.539,0.056,0.516,0.219,0.171,0.647,0.464,1.826,1.193
2018-06-25 01:00:00,0.203,0.905,0.183,1.831,0.051,0.369,0.037,0.423,0.132,0.068,0.398,0.357,1.693,0.98
2018-06-25 02:00:00,0.178,0.714,0.209,1.523,0.109,0.412,0.038,0.421,0.151,0.071,0.302,0.438,1.448,0.795
2018-06-25 03:00:00,0.162,0.61,0.169,1.53,0.113,0.362,0.036,0.349,0.1,0.077,0.324,0.396,1.384,0.836
2018-06-25 04:00:00,0.176,0.503,0.165,1.965,0.135,0.446,0.042,0.267,0.104,0.131,0.39,0.443,2.653,0.724
2018-06-25 05:00:00,0.437,0.407,0.453,2.824,0.169,0.752,0.026,0.456,0.161,0.241,0.644,0.561,2.206,0.953
2018-06-25 06:00:00,0.496,0.519,0.909,4.289,0.175,0.927,0.104,0.796,0.461,0.361,0.76,0.933,2.434,1.182
2018-06-25 07:00:00,0.605,0.811,1.22,4.592,0.205,0.938,0.175,1.046,0.732,0.585,0.909,1.326,2.873,1.639
2018-06-25 08:00:00,0.603,0.881,1.488,4.515,0.229,0.814,0.173,1.456,0.801,0.869,1.516,1.584,3.671,2.209
2018-06-25 09:00:00,0.853,0.969,1.491,5.888,0.208,1.049,0.184,1.643,0.901,0.772,1.803,2.173,5.712,3.285
2018-06-25 10:00:00,1.07,1.603,1.672,6.735,0.276,1.196,0.327,1.931,1.186,1.032,2.429,2.6,8.169,4.678
2018-06-25 11:00:00,1.334,2.531,1.738,9.221,0.403,1.658,0.391,2.143,0.89,1.531,3.475,2.045,10.705,5.016
2018-06-25 12:00:00,1.862,3.369,1.916,12.679,0.523,2.212,0.629,2.187,0.977,1.643,3.958,2.549,11.391,5.675
2018-06-25 13:00:00,2.678,4.418,2.088,15.754,0.623,2.742,0.948,2.573,1.076,1.684,4.202,2.901,12.796,7.608
2018-06-25 14:00:00,3.486,5.554,2.467,19.128,0.814,3.365,1.273,2.882,1.241,2.096,6.002,3.166,13.699,8.815
2018-06-25 15:00:00,4.497,6.717,3.365,22.033,0.9,4.02,1.511,3.476,1.574,2.731,8.081,3.884,16.144,10.436
2018-06-25 16:00:00,4.947,7.229,4.268,24.615,0.731,4.835,1.777,4.367,1.951,3.494,8.079,4.592,16.467,11.862
2018-06-25 17:00:00,4.898,7.492,4.441,25.915,0.71,5.31,1.758,4.448,1.889,3.495,7.193,4.424,15.064,11.568
2018-06-25 18:00:00,4.562,6.142,4.264,23.888,0.597,4.789,1.579,4.046,1.683,3.188,6.232,4.372,12.573,9.56
2018-06-25 19:00:00,3.523,3.835,2.846,18.65,0.394,4.12,1.207,2.828,1.378,2.051,4.385,3.561,7.873,6.542
2018-06-25 20:00:00,2.319,1.977,1.722,11.822,0.213,2.938,0.549,1.13,0.693,1.071,2.204,1.544,4.681,3.773
2018-06-25 21:00:00,1.018,1.569,0.919,6.381,0.064,2.037,0.177,0.306,0.447,0.404,1.017,0.955,2.609,2.109
2018-06-25 22:00:00,0.616,1.051,0.463,3.418,0.026,1.235,0.067,0.15,0.313,0.152,0.531,0.51,1.536,1.211
2018-06-25 23:00:00,0.375,0.809,0.142,2.252,0.009,0.691,0.06,0.127,0.18,0.103,0.3,0.273,1.007,0.732
2018-06-26 00:00:00,0.169,0.671,0.074,1.44,0.005,0.314,0.055,0.129,0.124,0.052,0.296,0.178,0.785,0.559
2018-06-26 01:00:00,0.115,0.47,0.054,1.121,0.003,0.188,0.034,0.109,0.1,0.041,0.232,0.146,0.604,0.319
2018-06-26 02:00:00,0.097,0.322,0.04,0.924,0.002,0.167,0.023,0.118,0.095,0.037,0.23,0.225,0.344,0.244
2018-06-26 03:00:00,0.109,0.152,0.074,0.768,0.001,0.129,0.032,0.102,0.102,0.055,0.312,0.187,0.317,0.181
2018-06-26 04:00:00,0.085,0.083,0.053,0.935,0.016,0.12,0.009,0.107,0.111,0.049,0.234,0.181,0.957,0.159
2018-06-26 05:00:00,0.166,0.113,0.087,1.253,0.041,0.299,0.042,0.134,0.174,0.028,0.285,0.182,0.928,0.188
2018-06-26 06:00:00,0.365,0.153,0.115,2.261,0.033,0.719,0.07,0.12,0.187,0.056,0.43,0.286,0.718,0.302
2018-06-26 07:00:00,0.593,0.255,0.471,4.219,0.084,0.961,0.105,0.465,0.406,0.061,0.71,0.523,1.12,0.498
2018-06-26 08:00:00,1.251,0.708,0.743,7.546,0.17,1.482,0.18,1.025,0.648,0.302,1.243,0.953,1.976,0.98
2018-06-26 09:00:00,2.131,1.493,1.267,12.726,0.24,2.536,0.319,1.536,0.914,0.768,2.196,1.937,4.188,1.85
2018-06-26 10:00:00,3.058,2.723,1.858,16.449,0.395,3.602,0.34,2.114,1.344,1.37,3.823,3.274,7.057,2.876
2018-06-26 11:00:00,4.014,3.708,2.256,20.477,0.539,4.387,0.618,2.556,1.852,1.978,5.428,4.533,9.472,4.283
2018-06-26 12:00:00,5.295,4.949,2.784,25.45,0.704,5.238,0.953,3.109,2.489,2.661,7.111,5.911,11.039,5.978
2018-06-26 13:00:00,7.137,6.471,3.698,30.877,0.804,6.205,1.298,3.919,3.054,3.371,9.754,7.361,13.782,8.286
2018-06-26 14:00:00,9.181,8.27,5.151,36.582,1.06,7.33,1.601,4.907,3.804,4.368,13.255,9.314,16.543,11.829
2018-06-26 15:00:00,11.244,9.818,6.602,42.266,1.396,8.733,1.908,5.885,4.623,5.28,15.976,11.625,19.952,16.39
2018-06-26 16:00:00,11.927,11.043,7.446,46.051,1.656,10.224,2.203,6.62,5.361,5.984,16.469,12.991,21.114,19.552
2018-06-26 17:00:00,11.305,11.095,7.55,44.394,1.761,10.12,2.209,6.579,5.371,5.892,16.135,13.013,20.377,19.764
2018-06-26 18:00:00,10.126,10.113,6.702,39.504,1.704,8.992,2.032,5.934,4.819,5.114,14.334,12.186,18.559,17.505
2018-06-26 19:00:00,8.294,7.139,4.971,32.54,1.193,7.629,1.605,4.359,3.64,3.524,10.602,9.66,14.546,13.51
2018-06-26 20:00:00,6.164,4.948,2.993,24.188,0.523,5.981,1.113,2.351,2.518,1.905,6.113,6.672,9.27,8.66
2018-06-26 21:00:00,4.032,3.634,1.823,17.165,0.174,4.494,0.59,1.024,1.723,1.096,3.222,4.029,5.513,4.809
2018-06-26 22:00:00,2.834,1.914,1.102,12.301,0.077,3.478,0.231,0.424,0.858,0.583,1.527,1.957,3.075,2.28
2018-06-26 23:00:00,1.445,1.099,0.51,7.423,0.034,2.109,0.104,0.158,0.513,0.31,0.838,1.048,1.733,1.33
2018-06-27 00:00:00,0.813,0.869,0.338,4.709,0.021,1.276,0.07,0.163,0.327,0.145,0.607,0.525,1.276,0.931
2018-06-27 01:00:00,0.756,0.774,0.156,3.956,0.011,1.046,0.039,0.136,0.184,0.076,0.447,0.314,1.191,0.657
2018-06-27 02:00:00,0.605,0.647,0.245,3.232,0.006,0.918,0.041,0.165,0.14,0.057,0.329,0.458,0.962,0.399
2018-06-27 03:00:00,0.47,0.594,0.212,2.622,0.003,0.826,0.036,0.119,0.133,0.056,0.364,0.388,0.883,0.396
2018-06-27 04:00:00,0.509,0.492,0.137,3.339,0.015,0.986,0.046,0.145,0.14,0.089,0.433,0.397,1.547,0.327
2018-06-27 05:00:00,0.636,0.31,0.128,3.579,0.018,0.924,0.044,0.151,0.179,0.084,0.538,0.4,1.293,0.27
2018-06-27 06:00:00,0.454,0.44,0.262,4.373,0.097,1.008,0.094,0.223,0.258,0.065,0.585,0.479,1.028,0.456
2018-06-27 07:00:00,0.715,0.588,0.536,6.0,0.124,1.22,0.169,0.618,0.397,0.131,0.84,0.806,1.388,0.491
2018-06-27 08:00:00,1.074,0.8,0.841,8.425,0.194,1.692,0.2,1.111,0.43,0.46,1.521,1.344,2.575,0.601
2018-06-27 09:00:00,2.011,1.557,1.5,15.666,0.402,3.005,0.338,1.613,0.993,0.983,3.471,3.004,5.09,1.201
2018-06-27 10:00:00,3.542,2.787,2.729,21.659,0.86,4.339,0.579,2.761,1.974,2.143,6.491,5.498,7.764,2.499
2018-06-27 11:00:00,5.017,4.221,3.548,25.361,1.167,5.397,0.945,3.692,2.916,3.293,8.193,7.485,9.706,3.804
2018-06-27 12:00:00,7.182,4.198,4.121,32.602,1.365,6.697,1.486,4.225,3.601,3.943,9.009,8.994,11.428,5.205
2018-06-27 13:00:00,8.708,3.41,4.959,37.014,1.468,7.508,1.908,5.071,3.873,4.458,9.349,9.917,12.71,6.749
2018-06-27 14:00:00,8.501,3.223,5.037,35.157,1.564,7.057,2.132,5.136,3.715,4.299,9.271,9.759,11.412,7.596
2018-06-27 15:00:00,7.303,2.728,4.76,29.708,1.621,5.864,1.886,4.76,3.149,3.99,8.495,8.538,10.946,7.319
2018-06-27 16:00:00,5.2,2.243,4.327,24.691,1.498,4.993,1.795,4.501,2.697,3.598,6.702,7.244,10.092,5.791
2018-06-27 17:00:00,4.659,1.919,3.737,20.993,1.363,4.675,1.383,3.735,2.391,2.912,4.911,6.98,8.009,4.167
2018-06-27 18:00:00,3.442,1.463,3.025,16.532,1.153,3.669,1.133,2.808,1.727,2.142,4.288,5.541,7.174,3.256
2018-06-27 19:00:00,2.843,1.419,2.512,14.379,0.857,3.502,0.908,2.193,1.193,1.707,3.817,4.094,5.825,2.898
2018-06-27 20:00:00,2.333,1.674,1.996,10.533,0.683,2.791,0.568,1.61,0.902,1.322,3.032,2.941,4.602,2.617
2018-06-27 21:00:00,1.443,1.412,1.704,6.715,0.348,1.958,0.298,1.163,0.806,1.008,2.038,2.344,3.124,2.129
2018-06-27 22:00:00,1.232,1.104,1.28,5.017,0.256,1.678,0.116,0.941,0.58,0.854,1.169,1.461,2.062,1.319
2018-06-27 23:00:00,0.845,1.068,0.804,3.981,0.178,1.169,0.075,0.643,0.427,0.577,0.621,1.016,1.633,0.967
2018-06-28 00:00:00,0.663,0.978,0.558,3.532,0.148,0.973,0.076,0.637,0.337,0.41,0.634,0.66,1.505,0.946
2018-06-28 01:00:00,0.601,0.832,0.417,3.328,0.126,0.84,0.07,0.523,0.222,0.251,0.547,0.489,1.573,0.897
2018-06-28 02:00:00,0.549,0.831,0.51,2.917,0.139,0.801,0.063,0.514,0.231,0.136,0.529,0.707,1.472,0.684
2018-06-28 03:00:00,0.416,0.822,0.478,2.665,0.124,0.718,0.051,0.566,0.246,0.159,0.668,0.74,1.568,0.647
2018-06-28 04:00:00,0.453,0.858,0.434,3.245,0.115,0.956,0.073,0.69,0.194,0.42,0.866,0.901,2.888,0.704
2018-06-28 05:00:00,0.68,0.918,0.545,4.002,0.141,1.114,0.066,0.747,0.295,0.426,1.197,0.784,2.439,0.739
2018-06-28 06:00:00,0.644,0.991,0.489,4.069,0.138,1.301,0.16,0.695,0.303,0.359,1.486,1.043,2.282,0.824
2018-06-28 07:00:00,0.733,1.435,0.448,4.94,0.178,1.07,0.227,0.746,0.401,0.228,1.449,1.248,3.319,0.939
2018-06-28 08:00:00,0.67,1.925,0.4,5.32,0.216,1.119,0.243,0.726,0.409,0.155,2.21,1.357,4.737,1.039
2018-06-28 09:00:00,0.721,2.57,0.552,6.222,0.253,1.285,0.28,0.748,0.27,0.384,3.169,1.753,6.527,1.315
2018-06-28 10:00:00,1.279,3.4,0.783,8.853,0.347,1.898,0.417,0.893,0.397,0.579,4.29,2.016,8.075,2.063
2018-06-28 11:00:00,1.912,4.308,0.898,13.321,0.504,2.958,0.674,1.07,0.623,0.677,5.234,2.346,8.345,3.571
2018-06-28 12:00:00,3.349,4.97,1.15,20.26,0.654,4.329,0.926,1.357,0.882,0.899,6.243,3.307,7.217,4.867
2018-06-28 13:00:00,4.714,5.723,1.355,24.2,0.579,5.113,1.027,1.762,1.236,1.125,7.686,4.408,9.685,5.619
2018-06-28 14:00:00,5.49,6.783,1.721,25.893,0.633,5.397,1.373,2.069,1.724,1.598,8.985,5.749,11.075,6.281
2018-06-28 15:00:00,6.045,7.31,2.077,26.602,0.731,5.72,1.463,2.452,2.222,1.936,11.218,7.14,10.386,6.731
2018-06-28 16:00:00,6.334,7.843,2.579,28.409,0.768,6.268,1.586,2.908,2.675,2.274,11.793,7.85,9.305,7.654
2018-06-28 17:00:00,6.429,8.565,2.833,28.753,0.749,6.519,1.519,2.897,2.734,2.316,11.462,7.654,9.029,8.245
2018-06-28 18:00:00,6.073,8.025,2.875,27.032,0.703,5.984,1.446,2.719,2.574,2.167,11.205,7.313,9.086,7.854
2018-06-28 19:00:00,5.674,7.038,2.491,25.433,0.801,6.004,1.259,2.393,2.363,1.966,10.361,6.42,8.595,7.388
2018-06-28 20:00:00,5.127,6.083,2.219,21.202,0.646,5.324,1.092,2.021,2.138,1.835,8.358,5.265,7.618,6.653
2018-06-28 21:00:00,3.915,4.748,2.016,16.632,0.44,4.472,0.867,1.618,1.684,1.472,6.427,4.053,5.277,5.622
2018-06-28 22:00:00,2.766,3.543,1.486,11.898,0.307,3.521,0.586,1.21,1.13,1.126,4.707,3.015,4.233,4.039
2018-06-28 23:00:00,2.13,2.579,0.989,9.248,0.234,2.704,0.384,0.82,0.75,0.841,3.398,2.109,3.408,2.843
2018-06-29 00:00:00,1.483,1.941,0.716,7.509,0.197,2.05,0.266,0.785,0.515,0.656,2.662,1.344,2.8,2.375
2018-06-29 01:00:00,1.347,1.594,0.592,6.549,0.178,1.69,0.112,0.651,0.344,0.393,1.979,1.018,2.637,2.038
2018-06-29 02:00:00,1.122,1.31,0.617,5.463,0.166,1.456,0.098,0.572,0.316,0.227,1.432,1.083,2.393,1.77
2018-06-29 03:00:00,0.792,1.228,0.623,4.614,0.175,1.27,0.115,0.531,0.295,0.211,1.303,0.869,2.134,1.513
2018-06-29 04:00:00,0.807,1.224,0.515,5.611,0.148,1.491,0.095,0.769,0.319,0.315,1.439,0.873,3.564,1.422
2018-06-29 05:00:00,1.369,1.222,0.829,8.028,0.308,2.286,0.112,0.855,0.543,0.506,2.029,1.351,3.328,2.02
2018-06-29 06:00:00,2.218,2.036,1.425,11.988,0.498,3.217,0.204,1.424,1.155,0.782,3.113,2.766,4.26,3.525
2018-06-29 07:00:00,3.398,3.716,2.291,19.688,0.843,4.812,0.357,2.188,2.379,1.671,6.082,5.348,7.896,5.858
2018-06-29 08:00:00,5.146,5.995,4.001,29.032,1.385,6.687,0.791,3.923,3.586,3.368,10.215,9.7,14.021,9.356
2018-06-29 09:00:00,7.89,8.261,6.053,39.24,1.868,8.859,1.384,5.748,5.446,5.307,14.741,13.507,20.728,13.788
2018-06-29 10:00:00,10.796,10.117,7.816,46.171,2.267,10.697,1.977,7.184,6.74,6.604,18.756,16.038,25.854,18.078
2018-06-29 11:00:00,13.247,12.046,9.565,52.956,2.612,11.933,2.523,8.715,7.52,8.113,21.767,18.004,30.043,21.453
2018-06-29 12:00:00,15.376,13.367,11.372,60.849,2.98,13.018,2.81,10.281,8.563,9.381,24.252,19.642,32.194,24.498
2018-06-29 13:00:00,16.572,15.074,12.991,63.499,3.335,13.649,3.056,11.6,9.369,10.119,26.956,21.187,34.219,27.463
2018-06-29 14:00:00,18.128,17.205,13.735,68.129,3.119,14.644,3.264,12.318,9.877,10.494,30.14,22.547,34.839,30.805
2018-06-29 15:00:00,20.134,17.851,14.107,74.0,2.703,16.169,3.471,12.752,10.347,10.819,33.029,23.241,34.804,33.58
2018-06-29 16:00:00,20.384,18.106,14.723,75.373,2.689,16.94,3.795,13.256,10.973,11.104,32.609,23.997,35.135,34.066
2018-06-29 17:00:00,19.377,17.305,14.463,71.334,2.563,16.215,3.887,12.609,10.88,10.691,31.083,22.986,33.848,33.208
2018-06-29 18:00:00,17.839,16.357,12.638,65.319,2.433,14.679,3.678,10.645,9.989,9.269,28.753,21.416,31.758,30.746
2018-06-29 19:00:00,15.852,14.438,9.486,58.29,1.928,13.214,3.254,8.012,8.316,7.339,24.132,18.446,27.424,26.209
2018-06-29 20:00:00,13.214,11.659,7.183,47.716,1.256,10.985,2.662,6.09,6.004,5.775,18.684,14.171,21.12,19.844
2018-06-29 21:00:00,9.685,8.245,5.081,36.068,0.766,8.627,2.26,4.353,4.258,4.331,13.999,10.19,16.563,14.988
2018-06-29 22:00:00,6.961,5.457,3.549,27.367,0.457,6.748,1.77,3.099,2.908,3.015,10.009,7.586,12.536,10.215
2018-06-29 23:00:00,5.188,3.557,2.446,20.993,0.296,5.539,1.208,1.972,1.947,2.018,6.817,5.384,9.473,6.743
2018-06-30 00:00:00,3.731,2.562,1.675,16.572,0.183,4.323,0.958,1.415,1.313,1.351,4.649,3.685,6.891,4.598
2018-06-30 01:00:00,3.001,1.79,1.352,13.567,0.149,3.48,0.702,1.108,0.844,0.962,2.885,2.701,5.306,3.336
2018-06-30 02:00:00,2.569,1.417,1.243,11.527,0.125,3.028,0.487,0.843,0.58,0.589,2.199,2.013,3.895,2.427
2018-06-30 03:00:00,2.0,1.14,0.921,9.957,0.101,2.672,0.498,0.652,0.475,0.378,1.827,1.461,3.061,1.91
2018-06-30 04:00:00,1.787,1.056,0.649,9.017,0.08,2.533,0.502,0.58,0.429,0.365,1.743,1.165,3.46,1.574
2018-06-30 05:00:00,2.177,0.785,0.685,11.318,0.109,3.011,0.497,0.702,0.487,0.521,2.147,1.287,2.79,1.547
2018-06-30 06:00:00,3.714,1.445,1.543,18.871,0.209,4.234,0.789,1.19,0.847,1.055,3.157,2.042,4.256,2.161
2018-06-30 07:00:00,5.555,3.622,2.265,26.012,0.379,5.427,0.993,1.964,1.784,1.858,4.939,4.179,8.886,3.853
2018-06-30 08:00:00,8.675,6.834,4.122,37.546,0.853,7.95,1.546,3.913,3.22,3.998,9.485,8.201,15.351,8.086
2018-06-30 09:00:00,12.449,10.906,7.176,49.296,1.753,10.756,1.951,6.41,5.369,6.355,16.494,13.373,23.059,13.531
2018-06-30 10:00:00,14.258,14.4,10.618,52.774,2.575,11.786,2.252,9.037,7.186,8.619,24.362,17.883,29.639,19.953
2018-06-30 11:00:00,16.205,17.491,12.596,59.257,3.426,13.165,2.765,10.865,9.116,10.137,29.176,21.132,33.078,27.051
2018-06-30 12:00:00,18.724,19.579,13.022,68.801,3.904,15.085,3.27,11.301,10.996,10.311,31.955,23.662,34.224,32.339
2018-06-30 13:00:00,20.409,20.643,13.823,73.999,4.213,16.143,3.405,12.159,11.951,10.817,33.917,25.045,35.287,35.907
2018-06-30 14:00:00,21.496,21.482,15.486,77.047,4.452,16.803,3.601,13.34,12.788,11.864,35.923,26.476,36.804,37.789
2018-06-30 15:00:00,22.056,22.044,16.347,79.798,4.466,17.452,4.005,14.483,13.392,12.514,37.439,27.706,37.613,38.716
2018-06-30 16:00:00,22.475,22.112,16.575,82.456,4.537,17.909,4.315,14.686,13.676,12.598,37.348,27.934,37.656,38.72
2018-06-30 17:00:00,21.586,21.794,16.446,79.087,4.513,17.314,4.349,14.308,13.48,12.276,36.291,26.793,36.575,37.597
2018-06-30 18:00:00,19.86,20.617,15.434,73.383,4.341,16.117,4.128,12.926,12.774,11.21,34.069,25.512,34.824,35.721
2018-06-30 19:00:00,17.473,18.524,12.859,66.313,3.955,14.324,3.907,10.845,11.25,9.672,30.121,23.034,30.893,32.634
2018-06-30 20:00:00,15.446,15.799,10.088,57.904,3.01,12.73,3.479,8.59,9.402,7.871,25.335,19.924,24.828,26.658
2018-06-30 21:00:00,12.934,11.945,8.45,49.706,2.239,11.08,3.268,7.259,8.388,6.899,21.468,18.139,19.798,21.055
2018-06-30 22:00:00,10.545,9.013,6.887,42.441,1.678,9.547,3.109,6.052,7.264,5.855,18.152,15.743,15.918,16.36
2018-06-30 23:00:00,9.341,6.605,5.67,37.314,1.298,8.585,2.89,5.023,5.822,4.933,14.938,12.668,12.796,12.305
2018-07-01 00:00:00,8.783,5.104,4.49,34.496,1.036,8.06,2.622,3.972,4.825,3.931,11.31,11.035,10.424,9.26
2018-07-01 01:00:00,7.855,4.157,3.393,31.385,0.809,7.134,2.148,3.007,4.128,2.824,9.385,9.726,7.946,7.334
2018-07-01 02:00:00,7.27,3.256,3.237,28.967,0.639,6.602,1.724,2.716,3.292,2.355,8.144,8.384,6.175,5.642
2018-07-01 03:00:00,6.045,2.537,3.006,25.451,0.495,5.934,1.47,2.701,2.688,2.267,6.584,7.199,5.074,4.439
2018-07-01 04:00:00,5.591,2.103,2.405,22.939,0.438,5.467,1.449,2.482,2.195,1.993,7.091,5.993,4.528,3.785
2018-07-01 05:00:00,5.948,2.142,2.383,24.352,0.679,5.85,1.366,2.57,2.159,1.957,8.859,6.048,4.834,4.439
2018-07-01 06:00:00,8.151,4.163,2.939,30.411,1.291,7.124,1.829,3.245,2.689,2.705,10.758,6.977,8.964,6.9
2018-07-01 07:00:00,11.306,8.239,4.913,41.994,1.832,9.227,2.433,4.844,4.025,4.356,15.943,9.323,12.85,10.857
2018-07-01 08:00:00,14.281,12.512,7.631,53.551,2.542,11.66,3.01,7.461,6.13,6.746,23.665,13.587,18.762,16.483
2018-07-01 09:00:00,17.492,16.019,11.155,64.06,3.321,14.392,3.273,10.429,8.68,9.024,30.047,18.567,25.531,23.696
2018-07-01 10:00:00,20.886,19.2,13.929,73.561,3.952,16.56,3.554,12.792,11.288,10.75,34.451,22.697,31.719,31.567
2018-07-01 11:00:00,23.086,21.719,15.7,80.989,4.247,18.231,3.777,14.71,13.055,12.001,37.085,25.534,36.353,36.576
2018-07-01 12:00:00,24.634,22.931,17.071,86.36,4.457,19.359,3.929,16.325,13.92,12.901,39.097,27.33,40.148,38.597
2018-07-01 13:00:00,25.554,24.203,17.442,90.906,4.62,20.352,4.143,16.739,14.393,13.237,40.647,28.467,42.122,40.809
2018-07-01 14:00:00,25.924,24.936,17.939,92.671,4.735,20.478,4.293,16.301,14.811,13.554,41.849,29.399,42.626,42.062
2018-07-01 15:00:00,26.159,25.178,18.575,93.082,4.797,20.502,4.456,16.632,15.156,13.989,42.871,30.372,42.961,42.564
2018-07-01 16:00:00,25.501,24.946,18.308,91.274,4.846,19.861,4.51,16.33,15.356,13.658,42.519,30.887,43.278,42.593
2018-07-01 17:00:00,24.938,24.426,17.812,86.713,4.692,18.588,4.297,15.581,13.901,13.162,40.398,29.497,41.867,41.503
2018-07-01 18:00:00,23.736,22.938,16.556,81.473,4.525,17.61,4.07,14.389,13.143,12.086,37.153,27.804,39.327,39.665
2018-07-01 19:00:00,21.565,20.345,14.662,75.357,4.274,16.457,3.859,12.458,12.085,10.63,32.704,25.21,34.946,35.722
2018-07-01 20:00:00,19.519,18.304,13.249,69.441,3.72,15.593,3.538,10.725,10.735,9.305,29.171,22.642,30.589,31.305
2018-07-01 21:00:00,17.34,16.353,11.183,64.632,3.142,14.596,3.285,9.279,10.078,8.257,26.527,21.089,27.535,27.891
2018-07-01 22:00:00,15.761,13.788,9.208,60.536,2.505,13.839,3.057,7.774,8.854,7.209,23.083,19.139,24.706,24.49
2018-07-01 23:00:00,14.421,11.285,7.692,55.413,1.82,12.839,2.858,6.646,8.098,6.366,20.733,17.114,21.853,20.61
2018-07-02 00:00:00,13.191,9.223,6.688,51.491,1.275,11.685,2.6,5.769,7.223,5.839,18.789,15.325,18.583,16.388
2018-07-02 01:00:00,12.406,7.721,5.836,49.203,0.909,10.714,2.163,4.764,6.245,5.084,16.401,13.491,15.66,13.06
2018-07-02 02:00:00,11.836,6.535,5.179,46.235,0.699,10.048,1.83,4.089,5.448,4.214,14.766,12.239,13.192,10.615
2018-07-02 03:00:00,10.79,5.296,4.721,43.018,0.57,9.443,1.603,3.941,4.639,3.591,14.065,11.239,11.148,9.098
2018-07-02 04:00:00,10.881,4.595,4.515,42.505,0.468,9.48,1.584,4.436,4.201,3.661,13.745,10.259,11.353,8.442
2018-07-02 05:00:00,11.65,5.692,5.498,46.594,0.988,10.081,1.732,5.115,4.507,4.315,14.791,11.584,10.498,8.505
2018-07-02 06:00:00,13.789,8.809,6.836,56.759,1.676,12.06,2.197,6.652,5.777,6.186,18.822,14.807,14.224,8.712
2018-07-02 07:00:00,16.312,12.619,9.373,69.14,2.734,14.964,2.762,8.938,6.572,7.836,24.664,15.731,21.76,10.112
2018-07-02 08:00:00,18.453,16.539,11.665,77.055,3.511,16.405,3.355,10.848,7.358,9.478,29.704,17.671,28.111,11.538
2018-07-02 09:00:00,20.572,19.537,13.407,83.363,3.998,17.704,3.729,12.53,9.042,10.689,34.239,20.991,34.542,14.664
2018-07-02 10:00:00,22.427,22.147,14.866,87.387,4.34,18.885,3.983,13.681,11.219,11.633,38.331,24.312,38.118,19.783
2018-07-02 11:00:00,23.694,23.947,16.251,91.784,4.547,19.757,4.25,15.346,12.693,12.692,40.263,26.52,39.517,25.054
2018-07-02 12:00:00,25.153,24.284,16.948,97.616,4.643,20.906,4.476,16.366,14.229,13.158,41.33,29.255,40.558,31.414
2018-07-02 13:00:00,25.881,24.228,17.575,100.081,4.669,21.431,4.574,16.961,15.132,13.365,42.978,31.42,42.052,37.077
2018-07-02 14:00:00,26.411,24.377,18.439,100.861,4.749,21.521,4.63,17.341,15.147,13.825,44.566,32.627,41.849,40.49
2018-07-02 15:00:00,26.666,24.374,18.392,100.616,4.767,21.463,4.589,17.459,15.318,13.817,44.92,32.951,41.14,41.944
2018-07-02 16:00:00,26.175,24.453,18.284,98.37,4.767,21.146,4.6,17.2,15.456,13.786,44.112,32.453,40.627,42.022
2018-07-02 17:00:00,24.594,23.385,17.613,89.346,4.621,19.465,4.308,16.29,13.658,13.231,40.652,30.119,38.461,40.425
2018-07-02 18:00:00,22.091,21.78,16.308,80.093,4.394,17.543,3.946,14.791,12.696,11.977,36.815,27.728,36.065,37.81
2018-07-02 19:00:00,19.146,20.062,14.758,69.914,4.169,15.436,3.701,13.039,11.927,10.719,32.102,25.146,32.097,34.474
2018-07-02 20:00:00,16.386,18.174,13.455,59.281,3.783,13.639,3.449,11.294,10.538,9.403,27.957,22.355,27.441,30.378
2018-07-02 21:00:00,14.682,16.165,11.183,55.207,3.324,12.864,3.39,9.47,9.752,8.246,25.26,20.521,24.342,26.251
2018-07-02 22:00:00,13.061,13.871,9.359,50.936,2.683,11.771,3.208,8.169,9.224,7.354,22.732,19.258,21.531,22.299
2018-07-02 23:00:00,12.113,11.09,7.579,47.553,2.027,11.235,2.98,6.455,8.55,6.242,20.841,17.319,18.825,18.098
2018-07-03 00:00:00,11.023,8.53,6.121,42.864,1.496,9.834,2.768,5.136,7.438,5.416,17.803,15.041,15.983,14.351
2018-07-03 01:00:00,9.973,7.351,5.141,38.569,1.18,8.536,2.349,4.068,6.297,4.555,15.022,13.114,13.387,11.452
2018-07-03 02:00:00,9.439,6.172,4.5,36.447,0.903,8.109,2.099,3.445,5.347,3.684,12.881,11.894,11.578,9.481
2018-07-03 03:00:00,8.486,5.053,3.988,33.713,0.772,7.656,1.906,3.302,4.517,3.092,11.324,10.553,10.024,8.188
2018-07-03 04:00:00,8.14,4.384,3.601,32.197,0.66,7.627,1.937,3.414,4.003,2.967,11.041,9.209,10.014,7.763
2018-07-03 05:00:00,7.918,4.507,3.553,33.262,1.359,7.873,1.988,3.537,4.014,3.049,11.439,10.368,8.973,8.757
2018-07-03 06:00:00,8.785,6.664,4.231,37.667,2.185,8.23,2.503,4.256,5.626,3.951,14.184,14.559,10.481,11.127
2018-07-03 07:00:00,9.951,9.906,6.301,44.638,2.845,9.583,3.049,6.06,7.94,5.374,19.863,18.133,17.735,16.246
2018-07-03 08:00:00,12.736,13.157,8.975,55.056,3.377,11.614,3.409,8.291,9.453,7.466,25.058,21.42,26.248,22.423
2018-07-03 09:00:00,15.881,16.195,10.951,64.943,3.731,13.768,3.69,10.085,10.726,8.881,29.661,23.693,33.447,28.687
2018-07-03 10:00:00,18.306,18.315,12.586,69.969,4.017,15.376,3.758,11.325,11.875,9.896,34.026,25.247,37.918,34.353
2018-07-03 11:00:00,19.744,20.131,14.099,75.644,4.344,16.335,3.797,12.574,12.623,10.828,35.075,26.519,40.204,37.946
2018-07-03 12:00:00,21.278,20.841,15.417,81.306,4.553,17.367,3.935,14.329,13.463,11.874,37.586,27.841,40.894,39.919
2018-07-03 13:00:00,21.918,21.754,15.944,83.142,4.589,17.845,4.013,15.078,13.844,12.067,39.475,28.916,39.789,41.037
2018-07-03 14:00:00,22.847,22.492,16.454,85.541,4.61,18.433,4.1,15.336,13.534,12.314,40.077,29.221,36.227,41.429
2018-07-03 15:00:00,23.798,22.848,16.868,87.786,4.665,19.048,4.205,15.696,13.534,12.736,40.632,28.905,36.652,41.329
2018-07-03 16:00:00,23.66,23.105,16.801,87.14,4.654,19.028,4.255,15.465,13.685,12.63,40.624,28.366,39.024,41.375
2018-07-03 17:00:00,22.492,22.356,16.405,81.058,4.452,17.742,4.098,14.798,12.242,12.189,37.57,26.378,36.984,39.809
2018-07-03 18:00:00,20.865,21.251,14.933,74.698,4.212,16.608,3.946,13.311,11.446,10.905,34.359,24.593,35.563,37.5
2018-07-03 19:00:00,18.663,18.86,12.95,66.933,3.803,15.026,3.624,11.161,9.927,9.361,30.045,21.842,32.307,34.176
2018-07-03 20:00:00,15.887,15.806,10.411,57.135,3.01,13.189,3.118,8.625,7.842,7.542,25.143,17.497,26.339,29.073
2018-07-03 21:00:00,12.673,13.229,7.679,47.472,2.13,11.117,2.884,6.537,6.601,6.212,21.729,14.375,21.828,24.32
2018-07-03 22:00:00,9.918,10.541,5.268,38.991,1.285,9.129,2.631,4.666,5.477,4.76,18.22,11.556,18.214,19.714
2018-07-03 23:00:00,8.086,7.962,3.812,31.395,0.763,7.535,2.173,3.292,4.212,3.46,14.98,8.863,15.173,15.214
2018-07-04 00:00:00,6.245,6.221,2.881,24.967,0.437,6.162,1.776,2.512,3.044,2.574,11.569,6.612,13.23,11.399
2018-07-04 01:00:00,4.796,5.014,2.017,19.941,0.316,5.006,1.296,1.71,2.156,1.606,8.815,5.106,10.83,8.571
2018-07-04 02:00:00,3.73,3.926,1.702,16.32,0.221,4.174,0.819,1.255,1.597,0.867,6.835,4.216,8.498,6.098
2018-07-04 03:00:00,2.79,3.168,1.476,13.19,0.167,3.462,0.598,1.171,1.186,0.674,5.142,3.076,6.937,4.698
2018-07-04 04:00:00,2.519,2.83,1.288,12.125,0.177,3.227,0.44,1.196,0.972,0.549,4.755,2.491,7.559,4.157
2018-07-04 05:00:00,3.141,3.536,1.583,15.4,0.371,4.436,0.665,1.514,1.219,0.803,5.809,3.04,7.107,5.274
2018-07-04 06:00:00,4.533,6.25,2.281,23.67,0.626,5.543,1.137,2.124,1.917,1.948,8.774,4.703,8.862,7.733
2018-07-04 07:00:00,6.805,10.085,3.497,34.453,1.262,7.391,1.676,3.503,3.137,3.431,13.991,8.226,15.669,11.447
2018-07-04 08:00:00,10.283,13.997,5.942,46.995,2.157,10.065,2.328,5.88,5.227,5.49,20.789,13.544,23.294,16.131
2018-07-04 09:00:00,14.905,17.033,9.102,61.49,3.123,13.133,2.683,8.552,7.589,7.745,27.395,18.261,30.966,22.13
2018-07-04 10:00:00,18.487,19.333,12.446,69.884,3.902,15.373,3.106,11.079,9.862,9.984,32.565,22.179,36.235,27.754
2018-07-04 11:00:00,20.138,21.312,14.999,75.866,4.4,16.512,3.525,13.315,11.78,11.749,35.302,25.046,38.832,32.017
2018-07-04 12:00:00,21.753,22.122,16.002,82.143,4.611,17.582,3.815,14.642,13.211,12.364,36.897,27.198,39.282,35.555
2018-07-04 13:00:00,22.811,22.57,16.876,85.948,4.724,18.513,4.085,15.518,13.687,12.506,38.602,28.485,41.117,38.086
2018-07-04 14:00:00,23.797,23.062,17.595,88.661,4.784,19.161,4.248,16.021,13.873,12.958,40.172,29.647,41.581,39.93
2018-07-04 15:00:00,24.696,23.41,18.303,90.943,4.761,19.607,4.372,16.66,14.287,13.475,41.389,30.245,41.271,40.496
2018-07-04 16:00:00,24.932,23.509,18.081,91.829,4.722,19.925,4.383,16.599,14.563,13.558,41.497,30.252,40.775,40.666
2018-07-04 17:00:00,24.295,22.88,17.336,86.641,4.561,18.866,4.212,15.669,13.138,12.939,38.785,28.276,38.386,39.439
2018-07-04 18:00:00,22.789,21.365,15.568,80.693,4.288,17.773,3.996,13.775,12.149,11.366,35.123,26.208,35.986,37.033
2018-07-04 19:00:00,20.424,18.798,13.294,72.771,3.883,16.199,3.65,11.423,10.897,9.614,30.265,23.467,31.887,33.199
2018-07-04 20:00:00,17.627,16.642,11.317,62.425,3.291,14.345,3.129,9.373,8.861,8.151,25.868,19.441,26.946,27.749
2018-07-04 21:00:00,14.392,14.895,8.937,53.525,2.515,12.427,2.851,7.527,7.402,6.991,22.822,16.268,22.89,22.88
2018-07-04 22:00:00,12.425,11.586,6.506,47.917,1.612,11.084,2.615,5.628,6.593,5.675,19.32,14.033,19.257,18.165
2018-07-04 23:00:00,10.893,9.147,4.808,41.806,0.957,9.778,2.213,4.072,5.477,4.393,15.867,11.583,15.934,14.075
2018-07-05 00:00:00,9.787,7.285,3.62,37.49,0.556,8.655,1.753,2.967,4.262,3.254,12.542,9.112,13.681,10.631
2018-07-05 01:00:00,9.069,5.97,2.768,35.309,0.365,7.931,1.34,2.176,3.223,2.341,9.967,7.013,11.481,8.174
2018-07-05 02:00:00,8.476,4.744,2.42,32.957,0.255,7.537,1.081,1.836,2.552,1.696,8.04,6.014,8.999,5.898
2018-07-05 03:00:00,6.98,3.73,2.302,28.344,0.2,6.754,0.961,1.849,1.909,1.465,6.709,4.802,7.002,4.666
2018-07-05 04:00:00,5.896,3.228,2.076,23.935,0.202,5.993,0.786,1.87,1.517,1.516,6.696,3.918,7.767,4.111
2018-07-05 05:00:00,6.641,3.29,2.672,28.361,0.432,7.009,0.973,2.214,1.851,1.834,7.896,4.805,7.501,4.836
2018-07-05 06:00:00,9.095,5.199,3.449,39.097,0.895,8.692,1.48,3.119,2.967,3.113,11.164,8.004,8.945,7.337
2018-07-05 07:00:00,12.079,8.965,5.58,54.621,1.683,12.113,2.064,5.236,4.942,4.857,17.14,12.588,13.982,11.521
2018-07-05 08:00:00,14.836,12.336,9.128,64.909,2.808,14.003,2.76,8.35,7.499,7.474,24.521,18.319,19.462,16.969
2018-07-05 09:00:00,17.797,15.319,12.64,73.858,3.768,15.876,3.206,11.459,10.474,10.168,30.063,23.876,27.7,23.342
2018-07-05 10:00:00,20.099,18.347,15.144,78.917,4.397,17.306,3.636,13.573,12.674,11.825,34.432,27.116,34.545,29.555
2018-07-05 11:00:00,21.709,20.784,16.442,84.868,4.616,18.202,3.979,14.939,13.803,12.728,36.148,28.734,38.17,35.051
2018-07-05 12:00:00,23.456,22.089,16.831,91.159,4.669,19.593,4.167,15.762,14.437,13.124,37.281,29.648,39.534,38.343
2018-07-05 13:00:00,24.848,22.197,17.4,95.812,4.722,20.621,4.326,16.545,14.764,13.247,38.477,30.822,40.929,39.626
2018-07-05 14:00:00,25.28,21.628,17.977,96.061,4.813,20.685,4.467,16.856,14.783,13.488,39.698,31.795,38.665,40.603
2018-07-05 15:00:00,25.597,21.542,18.334,96.188,4.823,20.666,4.453,17.151,14.936,13.797,40.248,31.894,37.332,40.462
2018-07-05 16:00:00,25.002,20.669,18.118,94.009,4.803,20.346,4.249,17.061,14.87,13.711,38.192,31.025,37.426,39.726
2018-07-05 17:00:00,23.405,18.846,17.518,85.621,4.619,18.697,3.916,16.158,12.998,13.107,35.335,28.399,35.129,38.221
2018-07-05 18:00:00,21.489,17.701,16.32,77.678,4.438,17.1,3.736,14.781,12.075,11.915,32.165,26.201,33.442,36.194
2018-07-05 19:00:00,19.464,16.933,14.766,70.992,4.145,15.907,3.441,13.134,11.276,10.827,28.682,23.966,30.463,32.949
2018-07-05 20:00:00,17.617,15.102,13.557,63.61,3.715,14.819,3.07,11.422,9.947,9.662,25.676,21.192,26.107,29.244
2018-07-05 21:00:00,15.232,13.878,12.236,57.234,3.326,13.415,2.93,10.467,9.08,9.1,23.598,19.404,22.923,25.715
2018-07-05 22:00:00,13.596,12.345,10.823,53.169,2.96,12.23,2.692,9.393,8.489,8.314,21.463,17.921,20.59,21.814
2018-07-05 23:00:00,12.726,10.748,9.884,49.599,2.58,11.544,2.492,8.441,8.216,7.763,20.557,16.652,19.448,17.406
2018-07-06 00:00:00,11.913,9.443,9.282,46.268,2.242,10.596,2.204,7.673,7.795,7.429,18.506,15.703,17.747,13.699
2018-07-06 01:00:00,10.344,9.088,8.361,40.576,2.005,8.893,1.945,6.661,7.302,6.765,16.16,14.992,16.06,11.682
2018-07-06 02:00:00,8.713,8.755,7.203,34.016,1.857,7.516,1.854,5.708,6.778,5.791,14.231,14.611,15.558,10.106
2018-07-06 03:00:00,7.667,7.5,6.264,30.923,1.74,7.008,1.84,5.074,6.015,4.931,12.53,13.359,14.829,9.427
2018-07-06 04:00:00,7.421,6.576,5.708,30.517,1.512,7.065,1.845,5.29,5.233,4.482,12.089,11.938,14.381,8.764
2018-07-06 05:00:00,7.246,6.092,5.546,30.942,1.896,7.173,1.687,5.245,4.991,4.468,11.584,12.249,13.658,8.479
2018-07-06 06:00:00,7.291,6.661,5.12,32.038,2.18,7.031,1.892,4.928,5.505,4.374,11.948,13.68,13.955,8.543
2018-07-06 07:00:00,7.974,6.8,5.296,36.525,2.284,7.916,2.237,5.3,5.452,4.616,13.762,13.473,16.431,9.151
2018-07-06 08:00:00,10.213,7.28,6.679,45.143,2.258,9.844,2.661,6.234,5.457,5.599,16.146,14.535,17.795,9.56
2018-07-06 09:00:00,12.473,8.615,7.783,51.195,2.211,11.146,2.903,7.218,7.009,6.715,19.18,17.275,18.982,13.426
2018-07-06 10:00:00,14.201,10.116,8.368,54.007,2.527,12.282,3.036,7.794,7.743,7.277,22.35,17.967,21.969,18.767
2018-07-06 11:00:00,14.51,11.693,8.039,54.256,2.891,12.077,3.05,7.509,8.022,7.069,22.472,17.807,27.094,22.183
2018-07-06 12:00:00,13.531,13.036,7.514,51.463,3.035,10.966,2.783,7.448,7.056,6.882,23.006,15.508,31.637,24.591
2018-07-06 13:00:00,12.224,14.881,7.651,47.527,2.72,9.804,2.482,7.667,5.755,6.639,20.648,12.728,33.177,26.373
2018-07-06 14:00:00,11.166,14.999,6.44,44.252,2.101,8.617,2.093,6.566,4.858,5.463,19.49,11.088,30.79,26.761
2018-07-06 15:00:00,7.705,15.074,5.488,33.272,1.776,6.043,1.626,5.393,3.799,4.294,19.726,8.763,30.097,25.119
2018-07-06 16:00:00,4.315,14.199,4.553,22.657,1.344,4.513,1.335,4.929,2.951,3.874,15.12,6.81,28.812,22.493
2018-07-06 17:00:00,2.968,11.435,3.4,16.827,0.744,3.208,1.159,3.779,2.267,2.962,10.001,4.815,25.282,19.383
2018-07-06 18:00:00,2.336,8.479,3.32,13.418,0.35,2.553,1.035,3.188,1.605,2.537,7.735,3.698,20.803,14.631
2018-07-06 19:00:00,1.82,5.511,2.563,11.012,0.277,2.271,0.901,2.529,1.185,2.005,5.617,2.532,14.673,8.353
2018-07-06 20:00:00,1.526,3.685,1.86,9.164,0.263,2.225,0.634,1.781,0.905,1.234,3.968,1.631,7.961,5.125
2018-07-06 21:00:00,1.323,2.377,1.632,7.502,0.147,2.154,0.289,0.975,0.721,0.815,2.563,1.173,4.577,3.917
2018-07-06 22:00:00,0.719,1.495,1.018,4.618,0.102,1.462,0.221,0.416,0.536,0.437,1.662,1.113,3.318,2.615
2018-07-06 23:00:00,0.787,1.093,0.506,4.584,0.067,1.283,0.101,0.142,0.473,0.2,0.963,0.742,2.251,2.172
2018-07-07 00:00:00,0.626,0.925,0.345,4.06,0.036,0.963,0.1,0.169,0.346,0.192,0.719,0.546,1.388,1.821
2018-07-07 01:00:00,0.377,0.82,0.284,2.97,0.01,0.581,0.072,0.168,0.247,0.157,0.489,0.408,1.034,1.445
2018-07-07 02:00:00,0.214,0.762,0.277,2.018,0.003,0.508,0.068,0.135,0.223,0.094,0.349,0.516,0.723,1.099
2018-07-07 03:00:00,0.153,0.746,0.173,1.394,0.002,0.319,0.067,0.112,0.192,0.06,0.338,0.427,0.507,0.721
2018-07-07 04:00:00,0.181,0.588,0.111,1.349,0.001,0.276,0.05,0.123,0.165,0.049,0.365,0.309,1.348,0.635
2018-07-07 05:00:00,0.323,0.268,0.237,2.196,0.005,0.428,0.092,0.12,0.225,0.069,0.377,0.374,1.134,0.63
2018-07-07 06:00:00,0.591,0.327,0.503,3.883,0.037,0.78,0.102,0.351,0.432,0.126,0.694,0.752,1.052,0.926
2018-07-07 07:00:00,1.245,0.813,0.913,7.256,0.261,1.29,0.33,1.162,0.985,0.437,1.461,1.337,2.086,1.934
2018-07-07 08:00:00,2.186,1.613,1.645,12.385,0.32,2.329,0.766,1.732,1.407,1.095,2.473,2.508,3.483,3.214
2018-07-07 09:00:00,3.408,2.791,2.45,18.648,0.483,3.593,1.145,2.296,1.779,1.932,4.368,4.218,5.644,5.284
2018-07-07 10:00:00,5.358,4.319,3.511,24.055,0.678,5.185,1.478,3.086,2.175,2.868,6.853,5.742,8.988,7.036
2018-07-07 11:00:00,6.868,6.149,4.173,28.792,0.887,6.331,1.69,3.733,2.53,3.643,9.109,7.017,12.043,9.393
2018-07-07 12:00:00,8.781,7.54,4.913,35.112,1.132,7.593,1.934,4.459,3.128,4.322,11.685,8.666,14.979,11.761
2018-07-07 13:00:00,10.615,8.934,6.17,40.504,1.407,8.805,2.006,5.387,3.742,5.132,14.089,10.112,18.185,13.661
2018-07-07 14:00:00,12.307,10.917,7.524,45.775,1.721,9.676,2.181,6.401,4.486,6.285,16.854,11.722,21.211,15.693
2018-07-07 15:00:00,13.885,12.868,8.903,51.156,2.001,11.017,2.567,7.67,5.604,7.453,19.454,13.904,23.427,17.767
2018-07-07 16:00:00,14.571,13.637,9.704,54.292,2.309,11.724,2.697,8.454,6.613,8.048,21.183,15.731,24.515,20.486
2018-07-07 17:00:00,14.016,13.441,10.114,52.147,2.474,11.629,2.705,8.64,6.72,8.222,20.843,15.676,24.308,21.867
2018-07-07 18:00:00,13.458,12.397,9.226,48.87,2.31,10.962,2.608,7.795,6.378,7.382,19.382,14.817,22.744,21.289
2018-07-07 19:00:00,11.544,9.691,6.578,43.176,1.653,9.705,2.156,5.616,5.157,5.239,15.736,11.919,18.816,16.992
2018-07-07 20:00:00,8.643,6.573,4.044,32.659,0.847,7.546,1.585,3.49,3.049,3.186,10.367,7.796,12.826,10.966
2018-07-07 21:00:00,5.661,4.486,2.617,22.635,0.431,5.565,1.125,1.963,1.612,1.798,6.213,5.024,7.694,6.687
2018-07-07 22:00:00,3.659,2.638,1.561,15.75,0.165,4.082,0.701,0.81,0.915,0.885,2.877,2.659,4.652,3.63
2018-07-07 23:00:00,2.361,1.483,0.912,11.032,0.096,2.846,0.306,0.334,0.583,0.391,1.445,1.481,2.756,2.201
2018-07-08 00:00:00,1.367,1.034,0.56,7.346,0.037,1.854,0.139,0.251,0.441,0.239,1.065,0.798,1.95,1.422
2018-07-08 01:00:00,1.012,0.902,0.342,5.168,0.016,1.287,0.083,0.2,0.293,0.172,0.675,0.522,1.605,1.053
2018-07-08 02:00:00,0.723,0.804,0.31,3.957,0.033,0.949,0.066,0.156,0.233,0.121,0.515,0.532,1.236,0.72
2018-07-08 03:00:00,0.473,0.757,0.216,2.947,0.006,0.764,0.062,0.123,0.2,0.086,0.424,0.424,0.988,0.551
2018-07-08 04:00:00,0.409,0.575,0.098,2.389,0.003,0.722,0.039,0.114,0.167,0.057,0.458,0.401,0.854,0.418
2018-07-08 05:00:00,0.564,0.337,0.161,3.055,0.011,0.905,0.109,0.124,0.215,0.107,0.528,0.423,0.929,0.517
2018-07-08 06:00:00,1.101,0.505,0.434,6.324,0.064,1.648,0.194,0.344,0.363,0.263,1.04,0.678,1.939,0.817
2018-07-08 07:00:00,2.576,1.369,0.929,12.405,0.202,3.066,0.339,1.122,0.791,0.667,2.304,1.353,2.936,1.512
2018-07-08 08:00:00,4.037,2.868,1.903,19.316,0.441,4.336,0.795,2.03,1.505,1.458,5.146,3.148,4.624,2.954
2018-07-08 09:00:00,6.388,4.705,3.399,27.956,0.864,6.311,1.218,3.196,2.367,3.034,9.38,5.911,8.371,5.145
2018-07-08 10:00:00,9.294,7.159,5.49,35.25,1.155,8.294,1.701,4.717,3.448,4.696,13.418,8.572,13.095,8.101
2018-07-08 11:00:00,11.587,9.276,7.023,41.79,1.548,9.668,2.243,6.306,4.32,6.077,17.057,10.679,17.877,11.746
2018-07-08 12:00:00,13.636,11.087,8.578,48.335,1.844,10.779,2.625,7.652,5.507,7.278,19.91,13.4,22.079,15.946
2018-07-08 13:00:00,15.548,12.96,10.182,53.959,2.368,11.888,2.967,8.79,6.692,8.399,22.492,16.044,25.979,20.229
2018-07-08 14:00:00,16.795,14.831,11.682,58.307,2.928,12.807,3.153,9.975,7.952,9.35,25.343,17.968,28.2,24.721
2018-07-08 15:00:00,17.782,16.467,12.782,61.954,3.337,13.784,3.297,10.907,9.354,9.957,27.593,20.055,29.206,27.975
2018-07-08 16:00:00,17.691,17.007,13.094,62.768,3.525,14.074,3.43,11.202,10.04,10.071,28.158,21.121,30.364,30.008
2018-07-08 17:00:00,16.824,16.503,12.737,59.358,3.399,13.438,3.378,10.877,9.409,9.754,27.008,20.387,29.043,29.887
2018-07-08 18:00:00,15.449,15.232,11.523,54.039,3.008,12.361,3.23,9.643,8.52,8.791,24.171,18.759,26.642,27.976
2018-07-08 19:00:00,13.408,11.981,9.125,48.273,2.269,10.944,2.883,7.738,7.068,7.165,19.772,15.635,22.321,23.013
2018-07-08 20:00:00,10.99,8.541,6.445,39.678,1.257,9.249,2.275,5.472,5.528,5.113,14.346,12.372,16.738,16.657
2018-07-08 21:00:00,8.223,5.879,4.087,31.603,0.584,7.516,1.783,3.466,4.105,3.043,9.821,10.038,11.5,11.176
2018-07-08 22:00:00,6.36,3.713,2.654,25.53,0.334,6.237,1.28,2.178,2.559,1.854,6.046,6.935,7.878,7.011
2018-07-08 23:00:00,4.386,2.2,1.74,18.903,0.176,4.593,0.933,1.332,1.566,1.156,3.489,4.59,5.156,4.28
2018-07-09 00:00:00,2.356,1.518,1.123,11.844,0.121,2.812,0.693,0.874,1.017,0.58,2.321,2.745,3.357,2.648
2018-07-09 01:00:00,2.142,1.067,0.721,10.269,0.058,2.385,0.427,0.467,0.585,0.299,1.529,1.582,2.392,1.801
2018-07-09 02:00:00,1.707,0.906,0.746,8.593,0.033,2.024,0.188,0.351,0.5,0.268,0.979,1.228,1.746,1.228
2018-07-09 03:00:00,1.282,0.911,0.457,7.041,0.061,1.698,0.107,0.271,0.376,0.292,0.944,0.908,1.374,1.019
2018-07-09 04:00:00,1.123,0.885,0.315,6.383,0.014,1.798,0.083,0.254,0.349,0.271,0.946,0.6,1.869,0.961
2018-07-09 05:00:00,1.582,0.521,0.536,8.537,0.066,2.436,0.216,0.443,0.487,0.291,1.322,0.833,2.155,1.293
2018-07-09 06:00:00,1.972,0.989,0.886,12.049,0.201,2.749,0.426,0.988,0.826,0.659,2.141,1.656,2.812,1.741
2018-07-09 07:00:00,3.094,2.45,1.732,20.251,0.42,4.005,0.878,1.74,1.714,1.34,4.115,3.296,5.506,3.045
2018-07-09 08:00:00,5.461,4.623,3.103,29.773,0.833,6.367,1.242,2.99,2.731,2.834,8.191,6.901,9.705,5.436
2018-07-09 09:00:00,9.193,7.145,5.194,41.943,1.523,9.582,1.917,4.988,4.376,4.747,13.617,11.827,14.834,9.036
2018-07-09 10:00:00,12.643,9.891,7.566,50.678,2.029,11.598,2.426,6.872,6.344,6.385,19.438,15.535,20.04,13.255
2018-07-09 11:00:00,14.446,12.202,9.399,55.815,2.57,12.413,2.834,8.295,7.395,7.775,23.313,17.733,24.801,17.901
2018-07-09 12:00:00,16.39,14.084,11.132,62.401,3.029,13.279,3.26,9.957,8.698,9.019,25.244,19.767,28.097,22.885
2018-07-09 13:00:00,18.388,15.893,12.553,68.538,3.481,14.63,3.514,11.164,9.981,9.831,28.387,21.838,32.04,28.314
2018-07-09 14:00:00,20.325,17.853,14.022,74.617,3.973,15.996,3.719,12.517,10.834,10.719,31.632,23.571,34.313,32.223
2018-07-09 15:00:00,21.981,19.161,15.278,80.023,4.224,17.337,3.904,13.818,11.553,11.726,33.983,24.614,35.343,34.183
2018-07-09 16:00:00,22.214,20.141,15.895,82.115,4.266,18.064,4.146,14.263,12.127,11.879,33.756,25.417,35.248,35.192
2018-07-09 17:00:00,21.503,19.34,15.422,77.365,4.102,17.031,4.139,13.648,11.257,11.397,31.965,24.291,33.181,33.884
2018-07-09 18:00:00,20.051,17.979,14.293,71.103,3.805,15.735,3.888,12.343,10.506,10.355,29.521,22.981,31.534,31.429
2018-07-09 19:00:00,17.784,14.879,11.854,63.604,3.08,14.098,3.547,9.957,9.046,8.682,25.44,20.304,26.952,27.003
2018-07-09 20:00:00,15.563,10.99,8.793,55.081,2.063,12.618,3.233,7.281,7.413,6.489,20.827,16.62,20.668,20.328
2018-07-09 21:00:00,13.024,7.929,6.388,46.65,1.176,10.946,2.96,5.285,6.556,5.129,15.428,14.335,15.245,14.495
2018-07-09 22:00:00,10.216,5.312,4.587,38.516,0.61,9.078,2.625,3.911,4.892,3.858,11.921,10.754,10.769,9.601
2018-07-09 23:00:00,8.108,3.312,3.257,30.698,0.322,7.519,2.318,2.616,3.663,2.72,7.71,8.273,7.603,6.128
2018-07-10 00:00:00,6.093,2.175,2.227,23.224,0.186,5.907,2.042,2.017,2.426,1.835,5.177,5.893,5.309,3.905
2018-07-10 01:00:00,4.282,1.52,1.682,17.455,0.124,4.427,1.684,1.403,1.613,1.191,3.494,4.317,3.764,2.682
2018-07-10 02:00:00,3.347,1.103,1.497,14.053,0.085,3.571,1.402,1.048,1.195,0.757,2.305,3.367,2.551,1.848
2018-07-10 03:00:00,2.259,1.038,1.158,10.881,0.051,2.942,1.238,0.984,0.789,0.488,1.768,2.467,2.137,1.422
2018-07-10 04:00:00,1.966,0.944,0.825,9.767,0.055,2.545,1.189,0.822,0.615,0.548,1.781,1.857,2.189,1.236
2018-07-10 05:00:00,2.138,0.839,1.085,10.352,0.103,2.665,1.114,1.031,0.709,0.766,2.124,2.164,2.242,1.435
2018-07-10 06:00:00,2.716,1.481,1.1,14.536,0.207,3.566,1.328,1.166,1.446,0.706,2.635,3.256,3.434,1.868
2018-07-10 07:00:00,3.878,3.09,1.787,20.533,0.391,4.664,1.461,1.816,2.093,1.526,4.189,5.202,7.091,3.835
2018-07-10 08:00:00,6.248,5.725,3.454,29.461,0.806,6.479,1.72,3.363,2.801,3.25,8.896,8.155,12.297,6.637
2018-07-10 09:00:00,8.91,8.257,5.567,38.261,1.512,8.328,2.045,5.477,4.93,5.123,15.121,12.746,18.298,11.168
2018-07-10 10:00:00,11.519,11.268,8.445,45.338,2.239,10.201,2.438,7.761,6.923,7.109,20.933,16.661,24.822,16.412
2018-07-10 11:00:00,13.984,13.957,10.421,53.927,2.882,11.707,2.896,9.275,8.084,8.71,25.045,18.669,30.981,20.017
2018-07-10 12:00:00,16.695,15.597,11.571,64.034,3.335,13.477,3.164,10.359,8.94,9.462,28.463,19.712,33.895,24.316
2018-07-10 13:00:00,18.331,17.447,12.746,68.889,3.637,14.482,3.368,11.451,9.802,9.912,30.921,21.214,36.445,28.541
2018-07-10 14:00:00,19.084,18.663,13.831,70.067,3.883,14.858,3.373,12.276,10.404,10.465,30.608,22.756,37.138,31.628
2018-07-10 15:00:00,18.233,18.293,12.523,66.004,3.894,14.128,3.358,11.214,10.897,9.651,23.612,23.537,36.445,34.144
2018-07-10 16:00:00,16.26,18.573,10.96,60.498,3.584,13.155,3.335,9.929,10.418,8.7,16.055,22.132,34.694,29.9
2018-07-10 17:00:00,14.109,17.541,9.91,52.267,3.074,11.539,3.074,8.745,8.279,7.835,13.753,18.647,31.04,20.607
2018-07-10 18:00:00,12.148,15.394,7.986,45.008,2.535,9.741,2.77,7.024,6.749,6.35,12.414,15.898,25.963,16.975
2018-07-10 19:00:00,10.473,12.516,5.91,39.597,1.983,8.836,2.521,5.558,5.65,4.771,10.227,13.544,20.379,14.317
2018-07-10 20:00:00,9.134,9.841,4.73,33.615,1.265,8.002,2.134,4.062,4.6,3.766,7.714,10.985,16.205,10.744
2018-07-10 21:00:00,6.703,7.688,3.813,25.69,0.699,6.542,1.802,3.219,3.698,2.893,6.018,8.768,11.72,7.97
2018-07-10 22:00:00,4.169,5.493,2.802,16.698,0.418,4.543,1.464,2.249,2.623,2.176,3.908,6.437,8.892,6.08
2018-07-10 23:00:00,3.117,3.645,1.982,13.438,0.288,3.55,0.98,1.55,1.814,1.494,2.37,4.585,6.898,4.302
2018-07-11 00:00:00,2.244,2.638,1.334,10.667,0.232,2.778,0.638,1.123,1.345,1.009,2.011,3.511,5.348,3.005
2018-07-11 01:00:00,1.917,2.27,1.021,9.115,0.189,2.321,0.404,0.849,0.862,0.675,1.563,2.59,4.277,2.882
2018-07-11 02:00:00,1.506,1.787,1.105,7.754,0.199,1.96,0.266,0.701,0.626,0.56,1.217,2.205,3.374,2.327
2018-07-11 03:00:00,1.23,1.498,0.711,6.235,0.149,1.632,0.109,0.55,0.492,0.249,1.104,1.757,2.82,1.945
2018-07-11 04:00:00,1.047,1.34,0.52,6.074,0.185,1.675,0.08,0.623,0.485,0.369,1.491,1.416,3.68,2.036
2018-07-11 05:00:00,1.365,1.172,0.877,7.145,0.184,1.863,0.176,0.776,0.594,0.477,1.865,1.588,3.149,2.079
2018-07-11 06:00:00,1.928,1.443,1.27,9.415,0.22,2.432,0.384,1.093,0.948,0.693,1.863,2.489,3.857,2.238
2018-07-11 07:00:00,2.446,1.738,1.629,13.94,0.406,3.316,0.624,1.56,1.882,1.012,2.528,4.083,8.865,2.927
2018-07-11 08:00:00,2.652,2.95,2.461,16.809,0.62,3.541,0.898,2.334,2.138,2.054,4.258,5.543,14.042,3.878
2018-07-11 09:00:00,4.613,5.38,3.636,24.74,1.14,5.375,1.215,3.294,2.589,2.972,7.371,7.203,19.46,4.953
2018-07-11 10:00:00,7.459,8.178,5.167,32.143,1.522,7.285,1.62,4.747,3.819,4.345,10.625,10.16,22.376,7.769
2018-07-11 11:00:00,8.873,9.635,6.252,36.001,1.776,7.969,1.849,5.778,4.87,5.321,13.805,12.048,23.446,10.98
2018-07-11 12:00:00,10.084,10.545,7.169,40.012,2.091,8.423,2.04,6.673,5.465,6.099,15.964,13.183,24.369,14.196
2018-07-11 13:00:00,11.458,12.12,7.981,44.228,2.427,9.188,2.323,7.42,5.777,6.601,18.112,14.126,25.979,17.748
2018-07-11 14:00:00,12.532,14.31,8.899,47.052,2.698,9.637,2.641,8.099,6.349,7.087,19.91,15.492,27.292,21.886
2018-07-11 15:00:00,13.904,15.43,9.67,50.708,2.856,10.645,2.717,8.861,7.069,7.811,21.763,16.723,28.367,25.132
2018-07-11 16:00:00,14.01,15.635,10.128,52.318,2.814,11.566,2.871,9.268,7.586,8.213,22.058,17.215,27.908,27.255
2018-07-11 17:00:00,12.86,14.787,9.873,48.776,2.478,10.875,2.844,8.778,6.784,7.786,20.611,15.98,26.164,27.341
2018-07-11 18:00:00,11.727,13.004,8.277,44.065,1.864,9.748,2.679,7.272,5.729,6.252,17.817,14.076,24.272,25.118
2018-07-11 19:00:00,9.835,8.865,5.472,37.328,1.034,8.442,2.177,4.813,4.208,3.895,12.125,10.368,19.688,19.954
2018-07-11 20:00:00,6.406,4.902,2.786,26.089,0.525,6.329,1.358,2.63,2.703,1.982,9.709,6.604,12.101,12.754
2018-07-11 21:00:00,3.307,3.79,1.892,15.255,0.253,4.345,0.975,1.456,1.752,1.254,5.891,4.241,7.601,6.61
2018-07-11 22:00:00,1.894,2.137,1.385,8.895,0.139,2.926,0.538,0.636,1.048,0.827,2.671,2.755,5.33,4.103
2018-07-11 23:00:00,1.561,1.246,0.778,7.631,0.087,2.38,0.214,0.255,0.62,0.432,1.247,1.504,3.058,3.281
2018-07-12 00:00:00,1.097,0.919,0.408,5.798,0.047,1.573,0.112,0.18,0.414,0.267,0.892,0.769,1.981,2.06
2018-07-12 01:00:00,0.779,0.818,0.294,4.09,0.008,1.05,0.07,0.149,0.256,0.161,0.621,0.477,1.552,1.329
2018-07-12 02:00:00,0.524,0.79,0.303,3.097,0.004,0.78,0.058,0.149,0.224,0.096,0.446,0.501,1.176,0.967
2018-07-12 03:00:00,0.304,0.66,0.197,2.504,0.032,0.637,0.052,0.117,0.211,0.103,0.392,0.408,0.977,0.741
2018-07-12 04:00:00,0.426,0.589,0.089,2.501,0.013,0.597,0.027,0.151,0.212,0.109,0.498,0.338,1.537,0.554
2018-07-12 05:00:00,0.419,0.397,0.111,2.894,0.033,0.809,0.129,0.118,0.253,0.159,0.731,0.402,1.388,0.736
2018-07-12 06:00:00,0.785,0.574,0.143,5.113,0.063,1.183,0.151,0.148,0.308,0.201,1.114,0.577,1.284,1.025
2018-07-12 07:00:00,1.378,0.949,0.286,9.231,0.177,2.041,0.284,0.391,0.377,0.114,2.029,0.674,2.426,1.907
2018-07-12 08:00:00,2.476,2.01,0.59,15.4,0.184,3.413,0.444,0.843,0.383,0.287,3.734,1.08,5.032,3.276
2018-07-12 09:00:00,4.43,3.642,1.223,23.76,0.271,5.513,0.937,1.399,0.813,0.968,6.731,2.24,9.164,5.818
2018-07-12 10:00:00,6.906,5.693,2.481,31.045,0.49,7.38,1.557,2.453,1.651,1.946,10.864,4.846,13.15,8.689
2018-07-12 11:00:00,9.456,7.809,3.632,39.108,0.765,8.666,2.15,3.62,2.815,3.363,13.949,7.444,16.54,11.875
2018-07-12 12:00:00,11.893,9.484,5.098,47.552,1.026,9.959,2.655,4.885,3.881,4.6,16.768,9.992,19.371,14.563
2018-07-12 13:00:00,13.696,11.646,7.133,52.781,1.271,10.873,2.998,6.513,4.809,5.906,19.189,12.596,23.854,17.672
2018-07-12 14:00:00,15.499,13.858,8.777,57.774,1.618,11.893,3.269,7.663,5.994,7.074,22.24,15.176,25.687,19.586
2018-07-12 15:00:00,16.741,14.911,9.939,61.173,1.885,12.845,3.441,8.813,7.174,8.034,25.191,17.44,26.624,21.495
2018-07-12 16:00:00,16.46,16.094,10.87,61.888,2.208,13.589,3.516,9.684,8.118,8.767,26.72,18.729,25.938,24.278
2018-07-12 17:00:00,15.326,16.029,11.158,57.108,2.333,12.769,3.36,9.554,7.788,8.694,25.88,18.338,24.051,24.692
2018-07-12 18:00:00,14.12,14.071,10.394,52.327,2.286,11.469,3.161,8.656,7.16,7.969,23.488,17.102,22.921,23.576
2018-07-12 19:00:00,12.102,10.876,7.711,44.678,1.678,9.928,2.916,6.535,5.981,5.803,18.826,14.121,19.21,19.355
2018-07-12 20:00:00,9.424,8.711,4.85,34.433,0.942,8.163,2.462,4.204,4.006,3.595,13.987,10.012,14.299,13.701
2018-07-12 21:00:00,6.578,6.729,3.15,25.205,0.486,6.346,1.903,2.527,2.519,2.229,9.747,6.943,9.749,9.473
2018-07-12 22:00:00,4.228,4.591,1.907,17.621,0.27,4.756,1.355,1.637,1.458,1.411,5.909,4.256,6.644,6.177
2018-07-12 23:00:00,2.871,2.641,1.118,12.609,0.137,3.444,0.976,0.73,0.903,0.725,3.3,2.36,4.177,4.132
2018-07-13 00:00:00,1.719,1.606,0.602,8.775,0.069,2.38,0.648,0.329,0.552,0.359,2.178,1.3,2.592,2.889
2018-07-13 01:00:00,1.325,1.132,0.364,6.803,0.033,1.789,0.395,0.215,0.357,0.213,1.405,0.792,2.212,1.952
2018-07-13 02:00:00,0.89,0.986,0.451,5.097,0.018,1.338,0.196,0.257,0.281,0.166,1.002,0.753,2.111,1.251
2018-07-13 03:00:00,0.666,1.012,0.333,3.798,0.009,1.07,0.117,0.224,0.227,0.224,0.878,0.566,1.865,0.995
2018-07-13 04:00:00,0.72,0.964,0.287,3.533,0.052,0.975,0.106,0.254,0.221,0.268,0.848,0.582,1.866,1.03
2018-07-13 05:00:00,0.915,0.757,0.412,4.873,0.022,1.411,0.18,0.302,0.335,0.283,1.227,0.64,1.739,1.012
2018-07-13 06:00:00,1.319,0.94,0.663,7.828,0.095,2.109,0.33,0.68,0.548,0.459,1.707,1.013,2.355,1.309
2018-07-13 07:00:00,1.822,1.844,1.296,11.96,0.249,2.554,0.6,1.576,1.07,0.855,3.008,2.056,4.921,2.428
2018-07-13 08:00:00,3.304,3.739,2.332,20.813,0.531,4.291,1.116,2.25,1.643,1.874,6.222,4.278,9.308,4.224
2018-07-13 09:00:00,6.351,6.289,3.89,32.158,0.83,7.032,1.826,3.659,2.354,3.602,10.339,7.095,14.607,7.16
2018-07-13 10:00:00,9.802,9.407,5.642,41.084,1.246,9.242,2.376,5.314,3.94,5.192,15.126,10.685,20.567,11.475
2018-07-13 11:00:00,12.243,11.969,7.546,48.21,1.719,10.637,2.898,7.035,5.17,6.782,18.979,13.41,25.644,15.434
2018-07-13 12:00:00,14.31,13.601,9.469,55.475,2.297,11.554,3.245,8.669,6.634,8.155,21.638,16.098,29.023,19.261
2018-07-13 13:00:00,16.182,15.56,11.073,60.637,2.815,12.572,3.469,9.811,7.675,8.75,24.533,18.17,31.871,23.208
2018-07-13 14:00:00,17.834,16.872,12.514,65.157,3.196,13.708,3.642,11.056,8.685,9.573,27.194,20.149,33.759,27.006
2018-07-13 15:00:00,18.815,17.784,13.468,67.493,3.489,14.495,3.788,12.017,9.968,10.264,29.49,21.95,34.647,29.984
2018-07-13 16:00:00,18.341,18.354,13.447,66.298,3.501,14.652,3.792,12.094,10.472,10.292,30.179,22.518,34.764,31.68
2018-07-13 17:00:00,17.51,17.635,12.477,62.78,3.127,13.78,3.655,11.015,9.467,9.524,28.58,21.088,32.027,30.659
2018-07-13 18:00:00,16.142,15.403,10.751,58.42,2.722,12.704,3.489,9.321,8.049,8.118,25.233,18.84,28.282,27.795
2018-07-13 19:00:00,14.01,11.489,8.348,51.498,1.826,11.218,3.263,7.346,6.74,6.545,20.421,15.863,23.538,22.503
2018-07-13 20:00:00,10.967,8.089,5.807,40.201,1.123,9.172,2.904,5.077,5.169,4.887,15.532,12.487,19.022,17.417
2018-07-13 21:00:00,7.283,6.223,3.985,28.881,0.764,6.857,2.394,3.538,3.989,3.297,11.717,9.651,13.703,12.772
2018-07-13 22:00:00,5.452,5.1,2.729,22.807,0.354,5.53,1.903,2.387,3.395,2.169,8.988,8.398,10.087,7.768
2018-07-13 23:00:00,4.695,3.465,1.942,19.636,0.201,5.0,1.589,1.62,2.271,1.576,5.577,6.012,7.238,6.068
2018-07-14 00:00:00,3.897,2.946,1.552,16.91,0.131,4.136,1.381,1.347,1.46,1.246,3.919,4.153,5.293,4.675
2018-07-14 01:00:00,3.359,2.512,1.258,14.89,0.086,3.576,1.092,1.063,0.952,0.94,2.971,2.912,3.968,3.424
2018-07-14 02:00:00,2.906,2.209,1.41,12.858,0.039,3.16,0.965,0.957,0.739,0.805,2.255,2.375,2.662,2.647
2018-07-14 03:00:00,2.341,1.7,1.195,11.116,0.028,2.72,0.803,0.861,0.575,0.681,2.042,2.005,2.029,2.089
2018-07-14 04:00:00,2.18,1.831,0.899,10.179,0.017,2.565,0.794,0.755,0.488,0.652,1.982,1.61,3.066,1.703
2018-07-14 05:00:00,2.052,1.507,0.848,9.824,0.06,2.503,0.693,0.789,0.499,0.712,1.728,1.373,2.424,1.672
2018-07-14 06:00:00,2.041,2.198,0.882,11.085,0.092,2.65,0.726,0.919,0.479,0.659,2.286,1.597,2.606,1.987
2018-07-14 07:00:00,2.69,3.07,0.827,12.83,0.138,3.058,0.902,0.935,0.534,0.751,3.013,1.935,3.191,2.258
2018-07-14 08:00:00,2.966,3.659,0.893,14.564,0.125,3.301,1.044,0.916,0.549,0.797,4.032,1.531,4.306,2.297
2018-07-14 09:00:00,3.608,5.534,1.14,16.401,0.192,3.695,1.159,1.211,0.509,0.725,5.215,1.756,6.308,2.726
2018-07-14 10:00:00,4.684,8.301,1.341,19.054,0.291,4.34,1.237,1.394,0.636,0.915,6.935,2.005,7.663,3.139
2018-07-14 11:00:00,6.017,10.264,1.739,23.709,0.376,5.181,1.471,1.829,0.882,1.591,8.733,2.805,9.448,3.871
2018-07-14 12:00:00,7.772,11.408,2.236,29.839,0.466,6.446,1.903,2.332,1.135,2.318,11.22,3.722,12.606,4.93
2018-07-14 13:00:00,10.007,12.741,2.309,38.149,0.589,8.395,2.336,2.455,1.579,2.28,12.375,5.252,16.442,6.256
2018-07-14 14:00:00,10.924,14.929,2.815,40.966,0.63,8.8,2.533,2.542,2.762,2.745,13.574,8.114,19.402,7.093
2018-07-14 15:00:00,11.143,15.692,3.675,41.607,0.641,9.314,2.869,3.217,3.71,3.461,17.436,10.337,19.936,8.025
2018-07-14 16:00:00,12.102,14.748,5.112,46.777,0.694,10.09,3.218,4.799,4.924,4.779,20.694,12.583,18.993,9.151
2018-07-14 17:00:00,12.33,13.242,6.744,47.407,0.737,10.422,3.227,6.109,5.502,5.833,21.777,13.805,17.555,9.546
2018-07-14 18:00:00,11.69,11.941,7.023,43.417,0.768,9.551,3.086,6.189,5.153,5.797,20.215,13.268,15.044,10.387
2018-07-14 19:00:00,9.939,10.218,5.943,38.281,0.703,8.33,2.825,5.138,4.439,4.73,17.018,11.588,12.969,9.62
2018-07-14 20:00:00,8.585,8.626,4.218,32.422,0.595,7.127,2.51,3.563,3.618,3.523,14.302,9.412,11.036,8.085
2018-07-14 21:00:00,6.803,7.209,3.291,27.095,0.37,6.258,2.107,2.474,2.712,2.502,11.503,7.751,9.152,6.703
2018-07-14 22:00:00,5.298,6.261,2.217,22.221,0.239,5.341,1.762,1.713,2.037,1.734,8.811,5.848,6.426,5.132
2018-07-14 23:00:00,4.103,4.738,1.401,17.787,0.107,4.287,1.464,1.026,1.645,1.052,6.881,4.58,4.646,3.978
2018-07-15 00:00:00,3.16,3.855,1.092,14.235,0.097,3.435,1.193,1.043,1.335,0.864,5.38,3.691,3.818,3.424
2018-07-15 01:00:00,2.762,3.7,1.011,12.238,0.144,2.951,0.931,1.042,1.02,0.798,4.285,3.025,3.642,3.124
2018-07-15 02:00:00,2.419,3.016,0.99,10.729,0.132,2.612,0.767,0.87,0.871,0.543,3.612,2.802,3.203,2.794
2018-07-15 03:00:00,1.998,2.481,1.136,9.226,0.12,2.268,0.653,0.871,0.762,0.684,2.903,2.349,2.865,2.618
2018-07-15 04:00:00,1.718,2.175,0.83,8.287,0.108,2.16,0.572,0.83,0.668,0.554,2.954,2.104,2.676,2.589
2018-07-15 05:00:00,2.386,2.033,1.062,10.771,0.161,3.036,0.801,0.992,1.021,0.631,3.614,2.577,3.135,3.29
2018-07-15 06:00:00,4.065,3.376,1.998,17.673,0.256,4.611,1.056,1.93,1.811,1.577,5.924,4.337,5.563,4.95
2018-07-15 07:00:00,6.951,6.298,3.358,28.868,0.321,6.802,1.727,3.126,2.658,3.124,9.857,6.603,8.745,8.001
2018-07-15 08:00:00,9.801,9.558,5.293,38.255,0.512,8.928,2.354,5.036,4.039,4.595,15.637,9.616,14.402,11.987
2018-07-15 09:00:00,13.04,11.785,7.915,47.6,0.754,10.793,3.005,7.183,5.646,6.704,20.983,13.14,20.556,17.116
2018-07-15 10:00:00,15.727,14.258,10.835,54.624,1.188,12.544,3.374,9.411,7.349,8.624,25.094,16.628,26.13,21.86
2018-07-15 11:00:00,17.179,16.729,12.141,59.628,1.813,13.642,3.511,10.465,8.945,9.507,28.401,19.22,30.149,25.587
2018-07-15 12:00:00,18.6,18.337,12.524,64.209,2.581,14.419,3.676,10.99,10.022,9.744,30.752,20.785,33.017,27.921
2018-07-15 13:00:00,19.791,20.67,13.765,67.898,3.377,15.215,3.824,11.919,10.693,10.507,31.831,21.871,34.993,28.021
2018-07-15 14:00:00,21.109,22.046,15.245,72.187,3.823,16.113,3.854,13.121,11.553,11.545,33.05,23.345,36.001,29.381
2018-07-15 15:00:00,22.017,22.655,15.819,75.738,3.963,16.985,3.821,13.907,12.188,11.85,32.928,24.54,35.114,31.689
2018-07-15 16:00:00,21.363,22.259,15.643,74.229,4.073,16.525,3.961,13.657,12.224,11.682,31.802,24.58,34.589,31.332
2018-07-15 17:00:00,20.425,21.53,15.352,69.587,4.01,15.707,3.96,13.011,11.183,11.312,31.199,23.267,33.459,28.953
2018-07-15 18:00:00,18.871,19.75,13.849,64.221,3.795,14.695,3.81,11.48,10.262,10.074,29.508,21.761,30.983,25.708
2018-07-15 19:00:00,16.695,16.52,10.892,58.218,3.107,13.343,3.475,8.941,8.388,8.174,25.708,18.607,26.883,21.268
2018-07-15 20:00:00,14.008,14.431,7.556,48.707,1.763,11.185,3.043,6.441,6.466,6.163,21.702,14.089,22.597,16.712
2018-07-15 21:00:00,10.291,12.175,5.216,37.536,0.908,8.885,2.651,4.502,4.639,4.427,17.943,10.956,18.929,12.946
2018-07-15 22:00:00,7.49,9.375,3.627,29.276,0.426,7.115,2.047,3.151,3.189,3.089,13.85,8.135,15.321,9.219
2018-07-15 23:00:00,5.315,7.037,2.464,21.843,0.275,5.552,1.526,1.918,2.059,2.031,10.434,5.737,12.401,6.395
2018-07-16 00:00:00,3.927,5.514,1.669,17.124,0.168,4.297,1.156,1.375,1.282,1.157,7.89,3.789,9.354,4.651
2018-07-16 01:00:00,3.016,4.366,1.217,13.415,0.083,3.328,0.72,0.931,0.793,0.662,5.653,2.445,7.48,3.564
2018-07-16 02:00:00,2.248,3.32,0.995,10.567,0.037,2.605,0.452,0.473,0.563,0.328,4.149,1.682,6.053,2.67
2018-07-16 03:00:00,1.609,2.561,0.741,8.252,0.035,2.016,0.262,0.578,0.452,0.332,3.161,1.242,4.631,2.076
2018-07-16 04:00:00,1.532,2.04,0.541,7.739,0.054,1.986,0.197,0.494,0.35,0.403,2.947,0.822,5.11,2.178
2018-07-16 05:00:00,1.768,2.284,0.677,9.399,0.139,2.62,0.182,0.429,0.447,0.478,3.727,1.323,4.885,2.517
2018-07-16 06:00:00,2.708,4.214,1.129,13.818,0.228,3.714,0.511,0.932,0.828,0.709,5.234,1.957,5.895,3.646
2018-07-16 07:00:00,3.695,7.294,1.881,21.162,0.453,4.71,1.029,1.754,1.496,1.55,9.056,3.377,11.833,6.167
2018-07-16 08:00:00,6.329,10.57,3.199,33.584,0.73,7.17,1.528,3.066,2.322,2.896,15.031,6.436,19.136,9.567
2018-07-16 09:00:00,11.269,13.884,5.401,50.573,1.273,10.762,2.099,5.074,4.028,4.807,21.484,11.942,26.712,14.215
2018-07-16 10:00:00,15.672,17.29,8.162,61.583,2.016,13.536,2.554,7.199,6.665,6.861,28.22,16.992,32.672,19.788
2018-07-16 11:00:00,18.663,19.709,11.072,70.334,2.808,15.192,3.079,9.708,8.6,9.2,32.129,20.32,36.566,25.227
2018-07-16 12:00:00,21.321,21.176,13.173,79.557,3.471,17.053,3.426,11.767,10.451,10.607,34.93,22.764,37.66,30.511
2018-07-16 13:00:00,22.98,22.62,14.85,84.528,3.95,18.329,3.681,13.324,11.752,11.436,37.082,24.995,37.718,35.246
2018-07-16 14:00:00,23.803,23.059,16.333,86.477,4.225,18.922,3.895,14.628,12.642,12.384,38.825,27.038,37.217,37.804
2018-07-16 15:00:00,24.479,23.755,16.914,88.024,4.345,19.241,4.076,15.346,13.358,12.762,39.624,28.244,38.543,38.541
2018-07-16 16:00:00,23.973,23.207,16.514,85.715,4.378,18.924,4.189,14.978,13.392,12.467,39.286,27.8,38.543,39.037
2018-07-16 17:00:00,22.367,21.068,15.107,78.34,4.093,17.27,3.846,13.29,11.988,11.212,35.772,25.83,36.066,37.473
2018-07-16 18:00:00,20.073,18.28,13.501,71.103,3.625,15.645,3.423,11.403,10.775,9.774,31.257,23.579,32.994,34.855
2018-07-16 19:00:00,17.552,14.154,11.2,63.089,3.099,13.96,3.17,9.494,9.326,8.365,27.903,20.724,29.265,30.609
2018-07-16 20:00:00,15.68,11.96,8.302,55.818,1.984,12.783,2.905,7.123,8.228,6.416,25.074,17.986,25.893,26.174
2018-07-16 21:00:00,14.028,10.115,7.175,51.562,1.125,12.024,2.605,6.104,7.684,5.855,21.788,16.3,22.374,22.857
2018-07-16 22:00:00,12.284,8.063,5.402,46.937,0.68,10.883,2.132,4.764,6.767,4.744,18.992,14.284,17.857,19.18
2018-07-16 23:00:00,11.222,6.398,4.319,42.328,0.446,9.869,1.687,3.616,5.678,3.718,16.353,12.282,14.56,15.245
2018-07-17 00:00:00,9.948,5.212,3.513,37.5,0.294,8.671,1.415,2.948,4.811,2.966,13.409,10.585,12.387,12.303
2018-07-17 01:00:00,8.765,4.746,2.884,33.759,0.21,7.587,1.142,2.356,4.147,2.358,10.928,9.481,10.842,10.614
2018-07-17 02:00:00,8.424,4.505,2.774,32.52,0.183,7.324,0.919,2.064,3.561,1.96,9.332,8.832,9.314,8.871
2018-07-17 03:00:00,7.361,3.923,2.439,29.592,0.263,6.71,0.909,2.101,3.214,1.714,8.875,8.055,7.946,7.82
2018-07-17 04:00:00,6.556,3.563,2.517,27.264,0.226,6.478,0.982,2.469,2.981,1.843,8.684,7.807,8.388,7.417
2018-07-17 05:00:00,6.422,3.452,2.5,28.424,0.318,6.47,1.005,2.732,3.05,2.062,8.283,8.008,7.469,7.07
2018-07-17 06:00:00,6.345,4.181,2.494,29.562,0.355,6.068,0.967,2.585,3.327,2.011,8.022,8.968,8.102,7.303
2018-07-17 07:00:00,6.464,4.61,2.794,31.378,0.453,6.47,1.076,3.014,3.227,2.368,8.51,8.84,10.95,7.371
2018-07-17 08:00:00,7.226,4.803,3.62,34.857,0.506,7.167,1.279,3.698,3.307,3.164,8.989,9.925,13.361,7.258
2018-07-17 09:00:00,8.98,4.364,4.943,40.615,0.678,8.648,1.503,4.718,4.17,4.203,9.532,11.467,16.264,7.113
2018-07-17 10:00:00,12.282,4.572,6.363,50.299,0.846,11.111,2.011,6.224,5.186,5.598,10.908,13.396,14.872,7.233
2018-07-17 11:00:00,14.699,5.373,8.154,58.678,1.184,12.771,2.61,7.661,6.546,7.322,11.996,15.832,13.527,7.442
2018-07-17 12:00:00,16.959,5.998,10.576,67.651,1.46,14.221,2.795,9.922,7.978,9.198,14.572,17.971,11.154,8.304
2018-07-17 13:00:00,17.483,6.082,12.289,68.894,1.712,14.498,3.005,11.343,9.4,9.85,16.258,20.397,11.186,8.404
2018-07-17 14:00:00,17.257,5.894,11.825,66.049,2.168,13.842,3.37,10.952,8.802,9.246,16.29,19.6,9.915,8.569
2018-07-17 15:00:00,16.349,6.638,10.289,60.592,2.351,12.838,3.641,9.624,7.575,8.131,17.385,17.317,10.003,7.671
2018-07-17 16:00:00,16.179,7.717,8.897,61.362,2.199,13.332,3.692,8.452,7.073,7.249,16.909,16.211,9.968,7.883
2018-07-17 17:00:00,15.875,7.682,9.146,58.677,1.805,12.743,3.538,8.407,5.809,7.322,13.132,14.065,9.269,7.854
2018-07-17 18:00:00,15.074,7.443,8.846,55.271,1.292,11.939,3.282,7.934,5.199,6.898,11.29,13.142,8.671,7.334
2018-07-17 19:00:00,13.244,7.335,7.333,48.376,1.037,10.624,2.966,6.567,4.751,5.657,10.719,11.986,8.464,7.026
2018-07-17 20:00:00,11.714,6.622,5.021,41.418,0.766,9.577,2.551,4.374,4.068,3.788,9.489,9.864,8.384,6.837
2018-07-17 21:00:00,9.631,5.403,3.495,34.848,0.589,8.53,2.2,2.863,2.977,2.659,6.503,7.621,7.508,5.649
2018-07-17 22:00:00,7.575,4.255,2.699,28.849,0.392,7.188,1.825,2.197,1.82,2.057,4.589,5.026,6.217,4.111
2018-07-17 23:00:00,5.164,2.993,2.005,21.589,0.265,5.473,1.278,1.592,1.371,1.797,3.323,3.541,5.33,3.273
2018-07-18 00:00:00,3.108,1.785,1.37,14.472,0.196,3.611,0.862,1.328,1.073,1.258,2.562,2.882,4.371,2.892
2018-07-18 01:00:00,2.386,1.33,1.132,11.19,0.161,2.674,0.452,0.999,0.67,0.896,1.906,2.054,4.665,2.26
2018-07-18 02:00:00,1.573,1.142,1.101,8.194,0.13,2.061,0.293,0.758,0.505,0.6,1.517,1.679,4.182,1.791
2018-07-18 03:00:00,0.955,1.093,0.903,6.41,0.087,1.544,0.138,0.67,0.424,0.406,1.196,1.398,2.73,1.494
2018-07-18 04:00:00,0.812,1.014,0.693,5.676,0.067,1.562,0.084,0.711,0.413,0.483,1.462,1.244,3.874,1.454
2018-07-18 05:00:00,1.151,0.822,0.979,5.969,0.106,1.723,0.174,0.784,0.559,0.627,2.282,1.58,3.711,1.95
2018-07-18 06:00:00,1.478,1.418,1.19,8.311,0.236,1.898,0.309,1.16,0.925,0.678,2.569,2.154,4.617,3.068
2018-07-18 07:00:00,1.788,2.296,1.488,12.238,0.426,2.411,0.563,1.773,1.257,0.792,3.664,2.113,7.549,4.883
2018-07-18 08:00:00,2.413,3.125,1.959,17.122,0.479,3.295,0.716,2.311,1.43,1.344,3.92,2.974,10.345,6.98
2018-07-18 09:00:00,3.567,4.152,2.874,21.906,0.397,4.398,0.876,2.715,1.552,1.925,4.045,3.928,13.685,6.837
2018-07-18 10:00:00,4.679,5.571,3.19,23.044,0.489,5.023,1.244,3.093,1.83,2.131,5.516,5.067,16.477,9.263
2018-07-18 11:00:00,5.825,6.262,3.676,26.849,0.731,5.659,1.639,3.563,2.033,2.871,7.962,5.829,18.648,10.955
2018-07-18 12:00:00,7.011,7.308,4.29,30.794,1.056,6.203,1.916,4.325,2.471,3.665,10.893,6.769,20.167,12.729
2018-07-18 13:00:00,8.881,9.416,5.09,36.564,1.277,7.34,2.237,5.31,3.037,4.368,10.65,8.397,23.073,15.199
2018-07-18 14:00:00,10.541,11.536,5.975,41.145,1.581,8.292,2.514,5.836,3.801,5.049,13.707,10.073,24.644,17.881
2018-07-18 15:00:00,11.954,13.192,7.169,45.084,1.759,9.385,2.735,6.809,4.698,5.987,16.087,11.641,25.988,20.123
2018-07-18 16:00:00,11.837,14.117,7.638,45.957,1.822,9.971,2.836,7.244,5.227,6.291,18.412,12.353,26.173,22.159
2018-07-18 17:00:00,11.123,13.854,7.448,44.105,1.679,9.58,2.757,6.902,4.701,5.909,17.339,11.611,24.201,22.292
2018-07-18 18:00:00,9.975,11.95,6.202,39.447,1.377,8.35,2.457,5.624,3.899,4.728,14.671,10.271,21.657,19.974
2018-07-18 19:00:00,7.322,8.027,3.707,30.601,0.831,6.653,1.845,3.508,2.599,2.516,11.245,7.18,16.123,14.507
2018-07-18 20:00:00,4.515,6.524,2.051,20.519,0.469,4.875,1.214,1.774,1.58,1.268,6.868,3.946,10.503,7.537
2018-07-18 21:00:00,2.246,3.953,1.627,11.046,0.169,3.197,0.636,0.74,1.026,0.881,4.561,2.48,6.968,6.115
2018-07-18 22:00:00,1.033,2.145,0.872,5.989,0.079,2.058,0.351,0.255,0.646,0.456,2.228,1.758,3.99,3.392
2018-07-18 23:00:00,1.004,1.248,0.399,5.131,0.023,1.516,0.239,0.156,0.442,0.243,0.904,0.794,2.292,1.986
2018-07-19 00:00:00,0.74,0.912,0.214,3.922,0.009,0.986,0.117,0.142,0.292,0.141,0.686,0.404,1.511,1.209
2018-07-19 01:00:00,0.468,0.831,0.109,2.847,0.004,0.633,0.066,0.119,0.191,0.093,0.42,0.254,1.333,0.831
2018-07-19 02:00:00,0.25,0.747,0.149,2.015,0.013,0.486,0.063,0.127,0.156,0.058,0.328,0.383,0.984,0.504
2018-07-19 03:00:00,0.266,0.72,0.122,1.61,0.003,0.385,0.058,0.123,0.135,0.068,0.37,0.345,0.76,0.373
2018-07-19 04:00:00,0.207,0.477,0.08,1.673,0.089,0.453,0.026,0.126,0.203,0.114,0.396,0.294,1.476,0.357
2018-07-19 05:00:00,0.368,0.278,0.144,2.271,0.113,0.652,0.079,0.131,0.217,0.108,0.445,0.343,1.303,0.406
2018-07-19 06:00:00,0.601,0.402,0.411,3.99,0.08,1.102,0.153,0.155,0.258,0.108,0.659,0.591,1.022,0.505
2018-07-19 07:00:00,1.089,0.627,0.665,7.86,0.22,1.675,0.229,0.653,0.568,0.315,1.228,0.839,1.638,0.868
2018-07-19 08:00:00,2.085,1.414,1.241,12.819,0.303,2.757,0.452,1.508,0.868,0.754,2.173,1.593,3.177,1.549
2018-07-19 09:00:00,3.583,2.927,2.134,20.759,0.437,4.674,0.795,2.147,1.373,1.669,4.268,3.242,6.427,2.998
2018-07-19 10:00:00,5.423,4.562,3.334,26.43,0.637,6.131,1.217,3.223,2.045,2.697,7.145,5.431,10.343,5.088
2018-07-19 11:00:00,7.155,6.248,4.252,31.088,0.889,6.99,1.597,4.121,2.731,3.8,9.452,7.164,13.797,7.341
2018-07-19 12:00:00,8.709,7.73,5.193,36.434,1.027,7.798,1.877,4.996,3.539,4.588,11.456,9.016,16.312,9.617
2018-07-19 13:00:00,10.683,9.685,6.613,42.342,1.223,8.864,2.241,6.196,4.263,5.56,14.009,11.092,20.295,12.722
2018-07-19 14:00:00,13.191,11.912,8.357,49.54,1.652,10.054,2.641,7.437,5.184,6.821,17.426,13.495,23.896,16.91
2018-07-19 15:00:00,15.47,13.697,9.692,56.567,2.14,11.902,2.936,8.58,6.323,7.886,20.793,15.776,27.064,21.025
2018-07-19 16:00:00,16.037,14.221,10.795,60.046,2.511,13.045,3.136,9.75,7.338,8.733,23.039,17.503,28.462,24.32
2018-07-19 17:00:00,15.563,14.19,11.294,57.567,2.68,12.681,3.066,9.846,7.182,8.861,23.135,17.31,27.235,25.034
2018-07-19 18:00:00,14.91,13.026,10.23,54.034,2.47,11.876,2.89,8.529,6.591,7.66,21.307,16.34,25.275,23.438
2018-07-19 19:00:00,12.881,10.151,7.363,46.969,1.773,10.408,2.431,6.176,5.552,5.54,16.387,13.286,20.394,18.44
2018-07-19 20:00:00,10.163,7.438,5.15,36.76,0.95,8.564,1.757,4.241,3.683,3.75,11.068,9.012,14.168,12.234
2018-07-19 21:00:00,7.087,5.548,3.265,26.096,0.38,6.643,1.278,2.657,2.38,2.354,6.627,6.025,9.435,7.723
2018-07-19 22:00:00,4.736,3.26,1.924,19.059,0.171,5.177,0.833,1.361,1.3,1.428,3.546,3.623,6.266,4.169
2018-07-19 23:00:00,2.649,1.804,1.094,12.253,0.084,3.279,0.448,0.557,0.836,0.659,2.265,2.108,3.753,2.506
2018-07-20 00:00:00,2.013,1.136,0.621,9.96,0.035,2.576,0.179,0.329,0.509,0.333,1.309,1.096,2.457,1.615
2018-07-20 01:00:00,1.562,0.898,0.414,7.65,0.016,1.95,0.09,0.192,0.325,0.204,0.858,0.64,1.831,1.147
2018-07-20 02:00:00,1.128,0.804,0.442,5.973,0.008,1.541,0.066,0.209,0.259,0.144,0.629,0.62,1.43,0.813
2018-07-20 03:00:00,0.791,0.804,0.313,4.676,0.016,1.244,0.059,0.18,0.211,0.127,0.587,0.517,1.116,0.685
2018-07-20 04:00:00,0.792,0.618,0.231,4.225,0.019,1.116,0.051,0.205,0.24,0.133,0.614,0.404,1.826,0.69
2018-07-20 05:00:00,1.131,0.403,0.338,5.66,0.172,1.662,0.123,0.21,0.317,0.197,0.791,0.593,1.712,0.735
2018-07-20 06:00:00,1.443,0.617,0.678,7.778,0.182,1.97,0.199,0.57,0.432,0.412,1.461,0.831,1.738,0.937
2018-07-20 07:00:00,2.427,1.297,1.402,15.38,0.228,3.309,0.349,1.298,1.056,0.906,2.444,1.777,3.111,1.624
2018-07-20 08:00:00,4.865,3.244,2.151,27.464,0.386,6.052,0.602,2.15,1.552,1.827,4.43,3.716,6.436,3.068
2018-07-20 09:00:00,7.845,6.084,4.099,37.412,0.806,8.491,1.174,3.813,2.343,3.515,9.995,6.775,11.454,4.912
2018-07-20 10:00:00,11.39,8.979,6.113,46.371,1.328,10.57,1.742,5.93,4.303,5.379,15.335,11.449,16.505,9.001
2018-07-20 11:00:00,13.99,11.667,8.135,54.499,1.793,12.055,2.432,7.534,5.911,7.129,20.2,14.789,21.262,13.008
2018-07-20 12:00:00,16.645,13.182,10.292,63.612,2.459,13.509,2.96,9.218,7.322,8.63,23.619,17.328,24.962,16.998
2018-07-20 13:00:00,18.121,15.331,12.446,67.893,3.022,14.442,3.338,11.21,8.408,9.768,26.527,19.466,28.469,21.627
2018-07-20 14:00:00,19.436,17.068,14.491,71.176,3.782,15.224,3.552,12.814,9.338,11.033,29.551,21.384,30.832,26.077
2018-07-20 15:00:00,20.633,17.962,15.274,74.26,4.138,16.233,3.741,13.61,10.279,11.541,31.03,22.704,32.538,29.049
2018-07-20 16:00:00,20.494,17.701,15.072,75.289,4.208,16.59,3.865,13.538,10.9,11.431,31.257,23.388,32.037,30.793
2018-07-20 17:00:00,20.003,16.883,14.566,71.744,3.988,15.925,3.706,12.613,10.104,10.898,29.486,22.347,29.153,30.126
2018-07-20 18:00:00,18.934,15.096,12.984,66.817,3.73,14.841,3.579,11.029,9.309,9.654,26.142,20.886,27.504,28.242
2018-07-20 19:00:00,16.232,11.852,9.39,58.309,3.228,12.902,3.315,8.102,7.769,7.269,20.979,17.945,23.396,23.05
2018-07-20 20:00:00,13.078,8.19,7.354,46.835,2.048,10.717,2.902,6.174,5.784,5.758,15.647,13.692,17.69,16.807
2018-07-20 21:00:00,9.436,6.375,5.503,35.813,1.068,8.369,2.296,4.469,4.503,4.442,10.891,10.355,12.352,11.498
2018-07-20 22:00:00,6.843,4.508,3.716,27.778,0.695,6.722,1.595,3.124,3.089,2.917,6.889,7.721,9.95,7.496
2018-07-20 23:00:00,5.44,2.952,3.049,22.226,0.334,5.775,1.248,2.392,2.616,2.491,6.686,6.755,6.868,4.679
2018-07-21 00:00:00,3.968,2.31,2.342,17.188,0.166,4.408,0.944,1.928,1.938,1.901,4.813,5.14,4.595,3.007
2018-07-21 01:00:00,3.015,1.601,1.621,13.26,0.103,3.348,0.577,1.293,1.151,1.15,3.152,3.631,3.156,2.037
2018-07-21 02:00:00,2.487,1.202,1.365,11.121,0.045,2.852,0.228,0.898,0.757,0.609,2.014,2.539,2.216,1.401
2018-07-21 03:00:00,2.009,1.064,0.9,9.207,0.02,2.322,0.116,0.586,0.475,0.326,1.392,1.653,1.637,1.08
2018-07-21 04:00:00,2.067,0.96,0.53,9.116,0.011,2.262,0.097,0.362,0.473,0.457,1.218,0.938,1.853,0.777
2018-07-21 05:00:00,2.719,0.631,0.754,11.942,0.031,2.844,0.157,0.629,0.483,0.424,1.498,1.125,1.632,0.959
2018-07-21 06:00:00,4.039,1.207,1.519,17.915,0.14,4.183,0.289,1.277,1.244,1.077,2.849,2.473,2.692,1.703
2018-07-21 07:00:00,5.901,2.72,2.476,26.713,0.412,6.022,0.758,2.337,2.101,2.543,5.56,4.308,3.611,3.125
2018-07-21 08:00:00,8.344,4.976,4.559,35.362,0.87,7.702,1.329,4.283,3.048,4.343,10.048,7.462,5.625,5.264
2018-07-21 09:00:00,11.423,7.269,6.9,44.014,1.347,9.626,1.839,6.002,4.31,6.078,15.585,11.006,8.619,8.141
2018-07-21 10:00:00,14.037,9.446,9.15,50.954,1.837,11.389,2.231,7.745,5.489,7.5,18.907,14.132,12.638,11.559
2018-07-21 11:00:00,15.693,11.43,10.777,56.225,2.485,12.34,2.727,9.268,6.782,8.81,20.72,16.591,17.184,15.241
2018-07-21 12:00:00,16.619,12.894,12.059,58.819,3.261,12.869,3.046,10.539,8.147,9.828,22.769,18.72,20.592,18.84
2018-07-21 13:00:00,17.703,14.378,13.007,62.89,3.837,13.711,3.269,11.279,9.139,10.418,24.966,20.18,23.391,22.155
2018-07-21 14:00:00,19.603,15.641,14.025,69.047,3.996,14.956,3.418,12.16,10.143,10.995,26.905,21.662,25.93,25.233
2018-07-21 15:00:00,20.913,16.365,14.736,73.708,4.016,16.153,3.596,12.712,10.68,11.239,28.261,22.768,27.092,27.336
2018-07-21 16:00:00,20.853,16.079,14.38,73.811,4.014,16.122,3.704,12.414,10.908,10.983,27.679,22.882,26.711,27.56
2018-07-21 17:00:00,19.814,14.763,13.955,69.383,3.771,15.331,3.573,11.945,10.029,10.6,24.84,21.478,24.42,25.472
2018-07-21 18:00:00,17.702,12.53,12.684,62.11,3.422,13.829,3.419,10.712,8.953,9.604,22.653,19.869,20.866,21.232
2018-07-21 19:00:00,14.635,10.017,10.042,53.311,2.616,11.942,3.172,8.614,7.312,7.89,18.7,16.561,16.646,16.298
2018-07-21 20:00:00,11.85,7.908,7.667,44.302,1.774,10.022,2.784,6.679,5.583,6.222,14.216,12.644,12.444,12.126
2018-07-21 21:00:00,8.912,6.025,5.91,35.162,0.963,8.143,2.367,5.194,3.895,4.938,10.077,9.426,9.301,8.646
2018-07-21 22:00:00,6.916,4.1,4.045,28.11,0.476,6.705,1.849,3.523,2.45,3.488,6.511,6.75,6.707,5.478
2018-07-21 23:00:00,5.1,2.914,2.485,21.322,0.294,5.269,1.502,1.987,1.446,2.014,3.865,4.333,4.707,3.476
2018-07-22 00:00:00,3.53,2.226,1.619,15.413,0.131,3.802,1.21,1.541,1.012,1.08,2.636,2.883,3.613,2.228
2018-07-22 01:00:00,2.732,1.778,1.189,12.114,0.07,2.951,0.88,1.009,0.614,0.591,1.856,1.88,3.159,1.641
2018-07-22 02:00:00,2.173,1.653,0.982,9.789,0.032,2.427,0.655,0.386,0.441,0.268,1.341,1.394,2.675,1.497
2018-07-22 03:00:00,1.589,1.279,0.605,8.069,0.014,1.963,0.484,0.256,0.353,0.178,1.183,1.001,2.248,1.319
2018-07-22 04:00:00,1.442,1.196,0.375,7.338,0.011,1.803,0.378,0.202,0.298,0.147,1.161,0.798,2.213,1.219
2018-07-22 05:00:00,1.415,0.75,0.31,7.106,0.033,1.93,0.274,0.278,0.342,0.178,0.976,0.766,2.261,1.195
2018-07-22 06:00:00,1.906,0.933,0.365,8.953,0.123,2.222,0.409,0.654,0.419,0.273,1.292,0.857,3.601,1.238
2018-07-22 07:00:00,2.539,1.291,0.59,11.043,0.161,2.823,0.675,0.72,0.537,0.264,1.497,1.155,3.002,1.461
2018-07-22 08:00:00,2.594,1.829,0.89,11.51,0.217,2.585,0.851,0.824,0.532,0.366,1.536,1.476,2.963,1.352
2018-07-22 09:00:00,2.407,3.618,0.881,11.412,0.263,2.525,0.888,0.958,0.658,0.448,1.715,1.782,3.604,1.391
2018-07-22 10:00:00,2.431,5.701,0.797,11.063,0.329,2.657,0.901,1.015,0.536,0.404,2.479,1.956,5.61,1.687
2018-07-22 11:00:00,3.528,8.103,0.827,14.633,0.315,3.688,0.992,1.029,0.681,0.461,4.44,2.142,9.836,1.958
2018-07-22 12:00:00,5.206,11.408,1.166,20.867,0.436,4.813,1.234,1.334,1.155,0.875,7.392,3.608,13.711,2.441
2018-07-22 13:00:00,6.962,14.617,2.0,26.734,0.522,5.854,1.552,2.024,1.766,1.676,10.624,5.827,18.145,4.004
2018-07-22 14:00:00,10.065,16.73,2.83,37.392,0.611,8.183,2.008,2.673,2.727,2.698,15.685,7.863,21.591,5.429
2018-07-22 15:00:00,12.86,17.969,3.773,46.605,0.966,10.442,2.558,3.578,3.707,3.259,20.363,10.092,22.403,7.78
2018-07-22 16:00:00,12.783,18.199,4.468,47.373,1.353,10.534,2.899,4.135,4.42,3.753,21.986,11.182,22.013,9.903
2018-07-22 17:00:00,12.267,17.228,4.808,45.338,1.468,10.138,2.912,4.42,4.37,4.116,19.911,11.311,20.993,9.76
2018-07-22 18:00:00,12.026,15.448,4.885,43.862,1.407,10.042,2.894,4.579,4.007,4.202,18.147,10.297,19.375,8.91
2018-07-22 19:00:00,10.348,13.176,4.527,38.781,1.234,8.894,2.714,4.235,3.657,3.817,15.612,8.971,17.082,8.324
2018-07-22 20:00:00,9.031,10.817,4.147,33.337,0.942,7.76,2.394,3.67,3.192,3.47,13.312,7.583,14.187,7.771
2018-07-22 21:00:00,7.38,8.729,3.83,28.309,0.734,6.8,1.954,3.139,2.676,3.034,11.768,6.818,11.156,6.685
2018-07-22 22:00:00,6.097,7.019,3.151,23.833,0.564,5.949,1.636,2.526,2.012,2.518,9.285,5.719,9.451,5.386
2018-07-22 23:00:00,5.11,5.397,2.616,21.052,0.44,5.267,1.249,2.105,1.738,2.106,7.488,4.802,7.84,4.413
2018-07-23 00:00:00,4.335,4.719,2.106,19.258,0.382,4.56,1.002,1.933,1.485,1.825,6.117,4.022,6.907,4.014
2018-07-23 01:00:00,3.807,4.218,1.805,16.903,0.34,3.904,0.809,1.584,1.121,1.563,5.178,3.328,6.55,3.896
2018-07-23 02:00:00,3.34,3.734,1.855,15.037,0.328,3.496,0.681,1.471,0.971,1.357,4.757,3.105,6.193,3.47
2018-07-23 03:00:00,3.146,3.277,1.874,14.942,0.318,3.565,0.663,1.599,0.897,1.285,4.964,3.121,5.861,3.351
2018-07-23 04:00:00,3.5,3.056,1.715,14.942,0.303,3.821,0.779,1.924,0.943,1.411,5.954,3.234,6.555,3.598
2018-07-23 05:00:00,3.652,3.246,1.929,17.317,0.491,4.145,0.928,2.049,1.137,1.733,6.855,3.967,6.706,4.649
2018-07-23 06:00:00,4.26,4.377,2.153,22.59,0.618,4.879,1.316,2.322,1.443,1.982,7.414,5.559,7.255,5.282
2018-07-23 07:00:00,5.406,6.04,2.743,27.971,0.752,5.878,1.453,2.907,1.948,2.319,9.346,6.591,10.812,6.095
2018-07-23 08:00:00,6.671,7.039,3.168,31.922,1.022,6.706,1.698,3.563,2.657,2.853,13.028,8.877,13.73,7.162
2018-07-23 09:00:00,8.081,7.311,3.566,37.423,1.542,7.816,1.917,3.892,3.854,3.45,12.797,11.508,18.18,8.591
2018-07-23 10:00:00,10.853,7.847,4.44,45.715,2.0,10.231,2.095,4.688,4.569,4.256,12.793,12.66,22.67,11.39
2018-07-23 11:00:00,11.881,9.129,5.032,48.654,2.386,10.812,2.399,5.238,5.131,4.828,13.159,13.6,25.802,15.603
2018-07-23 12:00:00,10.783,11.904,5.375,44.815,2.396,9.549,2.367,5.586,6.517,5.164,13.05,15.719,26.844,17.472
2018-07-23 13:00:00,10.478,14.577,5.409,43.996,2.346,9.19,2.185,5.699,6.639,4.91,15.901,15.673,28.995,15.507
2018-07-23 14:00:00,11.247,14.8,5.444,46.236,2.66,9.612,2.065,5.531,5.555,4.911,20.462,14.296,29.291,14.086
2018-07-23 15:00:00,12.736,15.186,5.721,50.364,2.79,10.468,1.96,5.738,7.077,5.055,19.983,16.998,28.201,14.076
2018-07-23 16:00:00,14.113,15.304,6.307,56.423,2.443,12.182,2.261,6.52,8.15,5.485,19.515,18.356,27.324,13.971
2018-07-23 17:00:00,13.262,14.202,6.66,52.05,2.291,11.056,2.43,6.405,6.747,5.699,17.694,16.223,26.395,14.166
2018-07-23 18:00:00,11.289,13.295,6.595,43.906,2.073,8.958,2.309,6.214,5.948,5.379,16.199,15.252,24.487,15.035
2018-07-23 19:00:00,9.932,11.895,6.01,38.522,1.724,8.049,2.124,5.582,5.307,4.906,14.456,13.492,21.07,14.032
2018-07-23 20:00:00,9.218,11.021,5.588,34.013,1.357,8.0,1.924,4.892,4.713,4.423,13.236,11.39,17.354,12.498
2018-07-23 21:00:00,7.829,9.63,5.084,29.76,0.966,7.154,1.717,4.413,4.22,3.914,11.581,10.096,14.393,10.905
2018-07-23 22:00:00,6.417,7.794,4.518,25.725,0.773,6.408,1.51,3.899,3.587,3.772,9.798,8.829,11.259,8.512
2018-07-23 23:00:00,5.628,6.666,4.496,23.068,0.54,5.745,1.368,3.82,3.182,3.793,8.323,7.551,9.148,6.795
2018-07-24 00:00:00,5.005,5.838,3.877,21.317,0.394,5.137,1.247,3.503,2.607,3.34,6.982,6.412,7.691,5.721
2018-07-24 01:00:00,4.577,5.49,3.33,19.888,0.241,4.684,1.021,2.788,2.168,2.839,5.901,5.592,7.392,5.299
2018-07-24 02:00:00,4.558,4.929,3.306,19.453,0.142,4.624,0.908,2.672,1.843,2.541,5.379,5.26,7.03,4.613
2018-07-24 03:00:00,4.433,4.518,3.063,19.764,0.181,4.604,0.866,2.847,1.546,2.46,5.234,4.862,6.067,3.97
2018-07-24 04:00:00,4.433,4.294,2.919,19.215,0.289,4.783,0.82,3.039,1.617,2.399,5.408,5.277,6.85,4.167
2018-07-24 05:00:00,4.984,5.011,3.824,22.719,0.333,5.551,0.908,3.548,2.283,3.224,6.666,6.787,7.514,5.539
2018-07-24 06:00:00,7.225,6.884,5.141,31.962,0.629,6.79,1.171,4.975,3.5,4.586,9.879,10.58,9.672,8.508
2018-07-24 07:00:00,10.025,9.547,7.258,44.484,1.398,9.635,1.496,6.868,5.273,6.391,15.621,13.751,14.022,11.768
2018-07-24 08:00:00,12.881,12.043,9.341,54.88,2.001,11.836,2.144,8.435,7.003,7.831,21.274,17.615,16.753,15.626
2018-07-24 09:00:00,16.023,14.221,11.226,64.887,2.332,14.17,2.727,10.134,8.814,9.309,25.538,21.061,20.678,20.036
2018-07-24 10:00:00,18.589,16.528,12.859,70.975,2.497,15.948,2.937,11.446,10.535,10.368,29.663,23.376,23.857,21.131
2018-07-24 11:00:00,19.445,18.783,13.75,74.012,2.734,16.216,3.365,12.356,11.839,11.161,32.275,25.282,26.499,19.615
2018-07-24 12:00:00,20.985,19.936,14.306,79.916,3.032,17.31,3.562,13.12,12.783,11.5,33.835,26.537,28.809,20.241
2018-07-24 13:00:00,22.004,20.59,14.522,83.294,3.558,18.146,3.714,13.436,12.99,11.326,34.58,27.216,32.643,21.042
2018-07-24 14:00:00,22.246,20.915,15.64,82.649,3.479,18.079,3.852,14.441,12.674,11.99,34.922,27.372,32.475,22.054
2018-07-24 15:00:00,22.482,20.834,15.551,82.42,2.92,18.07,3.968,14.438,12.92,12.017,35.545,27.521,31.459,23.338
2018-07-24 16:00:00,22.566,21.123,15.135,83.262,2.74,18.458,3.869,13.999,12.933,11.698,34.802,26.911,31.891,25.031
2018-07-24 17:00:00,21.711,20.041,15.218,78.222,2.407,17.272,3.592,13.557,11.569,11.36,33.229,25.123,29.843,24.679
2018-07-24 18:00:00,19.804,18.471,14.138,71.393,2.241,15.943,3.29,12.157,10.81,10.234,30.342,23.708,26.499,24.525
2018-07-24 19:00:00,17.236,16.177,12.277,63.639,1.896,14.218,3.018,10.586,9.502,9.126,25.932,21.265,22.735,20.384
2018-07-24 20:00:00,14.966,13.765,10.921,54.889,1.246,12.683,2.608,9.222,8.071,8.036,22.692,17.829,18.762,16.609
2018-07-24 21:00:00,12.806,11.932,9.118,47.889,0.967,11.252,2.376,7.829,7.114,7.128,19.952,15.463,14.818,13.472
2018-07-24 22:00:00,10.709,9.764,7.691,41.574,0.598,9.719,2.32,6.722,6.144,6.275,16.659,13.372,11.73,10.875
2018-07-24 23:00:00,9.475,7.857,6.461,36.758,0.463,8.729,2.059,5.536,5.194,5.432,13.998,11.418,10.142,9.137
2018-07-25 00:00:00,8.41,6.868,5.475,32.87,0.279,7.756,1.921,4.582,4.327,4.766,11.512,9.657,8.711,7.38
2018-07-25 01:00:00,7.378,6.444,4.934,29.493,0.225,6.752,1.625,3.905,3.677,4.124,9.467,8.459,7.96,6.22
2018-07-25 02:00:00,6.948,5.928,4.649,27.575,0.198,6.319,1.453,3.566,3.111,3.618,8.607,7.894,7.274,5.41
2018-07-25 03:00:00,6.427,5.5,4.366,26.231,0.268,6.257,1.431,3.688,2.71,3.335,8.117,7.309,6.678,5.027
2018-07-25 04:00:00,6.129,5.481,4.151,25.756,0.207,6.281,1.558,4.005,2.739,3.482,8.441,6.987,7.663,5.277
2018-07-25 05:00:00,6.36,5.547,4.567,28.322,0.34,6.532,1.669,4.357,2.967,3.774,8.958,8.242,8.42,6.519
2018-07-25 06:00:00,7.545,6.29,4.386,33.861,0.7,7.456,1.799,4.845,3.233,4.069,9.591,9.589,11.73,6.895
2018-07-25 07:00:00,9.313,7.448,5.117,41.549,1.445,9.034,1.851,5.279,3.534,4.514,12.377,10.332,15.858,7.446
2018-07-25 08:00:00,11.735,9.098,6.634,50.187,2.065,10.65,2.259,6.266,4.172,5.372,16.848,12.246,18.983,8.794
2018-07-25 09:00:00,13.677,9.66,8.024,56.609,2.702,11.95,2.629,7.374,5.282,6.7,19.52,14.598,22.827,11.007
2018-07-25 10:00:00,15.278,9.847,9.509,59.833,3.277,13.038,2.754,8.589,6.671,7.889,20.501,16.46,26.59,12.543
2018-07-25 11:00:00,15.765,10.12,9.717,61.98,3.523,13.38,2.77,8.852,7.596,8.388,18.96,17.617,28.48,12.963
2018-07-25 12:00:00,14.856,10.966,9.06,59.112,3.743,12.537,2.725,8.707,6.771,7.916,18.234,16.132,27.39,12.476
2018-07-25 13:00:00,12.869,11.506,8.225,51.887,3.868,10.817,2.831,8.159,5.687,7.055,19.387,14.46,27.712,12.791
2018-07-25 14:00:00,14.175,12.014,8.238,56.398,3.956,11.912,3.026,8.007,5.394,7.076,23.288,14.196,27.09,13.743
2018-07-25 15:00:00,15.108,13.28,7.961,58.235,3.598,12.533,3.211,7.77,5.727,6.739,24.471,14.662,25.879,12.904
2018-07-25 16:00:00,14.315,13.023,7.933,56.443,3.08,12.549,3.291,7.616,6.285,6.447,22.528,15.113,24.435,12.651
2018-07-25 17:00:00,13.684,12.567,8.138,53.314,2.626,11.628,2.912,7.503,5.775,6.602,19.775,14.531,21.087,12.193
2018-07-25 18:00:00,12.136,11.182,7.332,47.286,2.094,10.03,2.39,6.569,5.065,5.908,17.635,13.371,18.056,11.427
2018-07-25 19:00:00,10.364,10.161,6.426,40.207,1.777,8.616,2.036,5.897,4.595,4.867,15.458,11.893,15.401,9.886
2018-07-25 20:00:00,9.014,8.907,5.893,34.454,1.311,8.056,1.708,5.247,4.046,4.419,13.281,10.267,13.401,9.375
2018-07-25 21:00:00,6.689,7.719,5.168,26.832,1.012,6.691,1.463,4.58,3.702,4.056,11.184,8.989,11.07,8.24
2018-07-25 22:00:00,5.131,6.207,4.18,20.629,0.805,5.364,1.15,3.801,3.188,3.494,8.805,7.766,9.483,6.629
2018-07-25 23:00:00,4.026,4.833,3.468,17.321,0.602,4.603,0.918,2.916,2.664,2.934,7.051,6.768,8.123,5.538
2018-07-26 00:00:00,3.16,4.064,2.754,15.106,0.467,3.913,0.779,2.377,2.323,2.379,5.519,5.776,7.228,4.955
2018-07-26 01:00:00,2.824,3.603,2.281,13.395,0.405,3.363,0.631,1.996,1.855,1.966,4.153,4.738,6.85,4.385
2018-07-26 02:00:00,2.608,3.063,2.208,12.563,0.34,3.095,0.52,1.724,1.435,1.645,3.462,4.244,6.207,3.72
2018-07-26 03:00:00,2.41,2.594,1.874,11.969,0.356,3.023,0.569,1.843,1.334,1.426,3.338,4.093,6.252,3.477
2018-07-26 04:00:00,2.524,2.757,1.934,12.815,0.392,3.12,0.533,1.971,1.373,1.543,3.822,3.796,6.915,3.741
2018-07-26 05:00:00,2.739,2.459,1.925,13.922,0.561,3.495,0.631,2.046,1.116,1.563,4.475,3.974,6.313,3.725
2018-07-26 06:00:00,2.764,2.439,1.994,15.713,0.599,3.652,0.658,2.031,1.516,1.756,4.906,4.813,6.85,4.274
2018-07-26 07:00:00,2.921,3.031,1.989,18.017,0.755,3.802,0.844,2.29,1.86,1.891,5.429,5.71,10.132,5.2
2018-07-26 08:00:00,3.472,3.667,2.208,20.371,0.894,4.203,0.964,2.751,1.872,2.117,6.935,7.242,12.764,6.271
2018-07-26 09:00:00,4.474,4.602,2.78,24.42,1.202,5.094,1.244,3.032,2.565,2.724,8.466,9.032,15.995,7.457
2018-07-26 10:00:00,6.312,5.843,3.68,29.859,1.566,6.588,1.539,3.609,3.581,3.467,10.445,10.928,18.619,9.487
2018-07-26 11:00:00,7.612,6.021,4.894,33.953,1.854,7.51,1.977,4.643,4.0,4.66,11.734,11.135,21.793,12.486
2018-07-26 12:00:00,8.117,5.692,5.407,36.016,1.952,7.637,2.187,5.399,3.923,5.232,11.603,10.459,22.002,14.15
2018-07-26 13:00:00,9.302,8.112,5.75,40.009,1.932,8.222,2.254,5.867,3.703,5.253,11.766,10.273,19.022,14.667
2018-07-26 14:00:00,11.604,11.765,6.682,47.208,1.836,9.658,2.376,6.749,4.339,5.885,15.2,11.465,18.348,16.361
2018-07-26 15:00:00,14.389,14.524,8.368,55.438,1.838,11.559,2.855,8.141,5.725,7.23,20.814,14.473,22.217,20.308
2018-07-26 16:00:00,15.866,16.471,9.765,62.208,2.114,13.523,3.331,9.228,7.173,8.144,24.562,16.312,26.43,25.374
2018-07-26 17:00:00,15.759,16.6,10.931,60.42,2.277,13.368,3.411,9.848,7.579,8.585,25.137,17.492,27.621,26.961
2018-07-26 18:00:00,14.946,14.666,10.65,56.003,2.189,12.194,3.244,9.27,7.226,8.088,23.711,17.637,26.06,25.421
2018-07-26 19:00:00,12.837,11.428,8.327,47.83,1.806,10.5,2.916,7.263,6.316,6.267,19.974,15.261,21.581,20.028
2018-07-26 20:00:00,10.61,8.96,6.033,37.839,1.242,8.888,2.412,5.279,5.133,4.532,15.144,12.015,15.832,14.938
2018-07-26 21:00:00,8.199,6.666,4.495,29.865,0.76,7.467,1.946,3.797,4.008,3.392,10.596,9.296,11.025,10.411
2018-07-26 22:00:00,6.048,4.773,3.056,23.355,0.496,6.171,1.4,2.411,2.801,2.454,7.141,6.464,7.92,6.894
2018-07-26 23:00:00,4.641,3.233,2.119,18.994,0.319,5.082,0.945,1.617,1.65,1.751,4.163,4.363,5.828,4.736
2018-07-27 00:00:00,3.449,2.378,1.453,15.507,0.208,3.998,0.68,1.417,1.065,1.219,2.847,2.741,4.262,3.219
2018-07-27 01:00:00,3.049,1.642,1.121,13.714,0.166,3.424,0.421,1.028,0.69,0.866,1.906,2.036,3.407,2.501
2018-07-27 02:00:00,2.759,1.308,1.213,12.384,0.124,3.18,0.243,0.867,0.572,0.684,1.269,2.004,2.75,1.936
2018-07-27 03:00:00,2.383,1.173,1.056,11.686,0.145,3.007,0.199,0.912,0.478,0.653,1.375,1.599,2.306,1.779
2018-07-27 04:00:00,2.417,1.159,0.991,11.226,0.166,2.955,0.258,1.08,0.445,0.607,1.607,1.448,3.702,2.019
2018-07-27 05:00:00,2.223,1.088,0.99,11.657,0.268,2.907,0.356,1.154,0.55,0.682,1.743,1.574,3.292,1.908
2018-07-27 06:00:00,2.415,1.548,0.866,12.858,0.354,3.064,0.479,1.018,0.623,0.713,2.696,2.076,3.648,2.324
2018-07-27 07:00:00,2.267,3.044,1.087,14.743,0.754,3.474,0.572,1.19,0.782,0.87,4.712,2.393,6.809,3.22
2018-07-27 08:00:00,3.099,5.841,1.28,18.239,1.19,3.942,0.649,1.622,0.987,0.977,9.59,3.643,11.823,4.947
2018-07-27 09:00:00,5.339,9.013,1.945,26.15,1.876,5.853,1.365,2.143,1.861,1.851,15.36,6.72,18.638,8.338
2018-07-27 10:00:00,8.856,11.546,3.137,37.655,2.767,8.701,1.965,3.117,3.428,3.044,20.561,10.17,25.754,11.872
2018-07-27 11:00:00,12.032,13.77,4.978,47.832,3.295,10.684,2.46,4.962,4.742,5.079,24.49,12.742,31.877,15.994
2018-07-27 12:00:00,14.83,15.203,7.681,58.403,2.887,12.434,2.944,7.542,6.719,7.293,27.969,16.106,32.96,19.978
2018-07-27 13:00:00,17.364,13.504,11.146,66.982,2.567,14.145,3.302,10.273,8.562,9.336,25.501,19.429,31.223,21.239
2018-07-27 14:00:00,19.193,9.472,12.739,72.237,3.091,15.152,3.519,11.514,9.067,10.157,22.127,20.715,30.387,18.625
2018-07-27 15:00:00,19.717,8.944,12.81,72.319,2.98,15.38,3.69,11.738,10.109,10.209,22.591,22.325,32.578,14.027
2018-07-27 16:00:00,18.667,9.346,13.371,70.014,2.766,15.236,3.678,12.193,10.89,10.58,24.719,23.26,27.225,11.545
2018-07-27 17:00:00,17.449,8.139,13.467,64.436,2.626,14.137,3.494,11.877,9.745,10.414,22.071,21.637,19.234,9.944
2018-07-27 18:00:00,15.641,7.189,12.025,58.106,2.322,12.492,3.159,10.347,8.513,9.067,18.825,19.379,16.87,8.183
2018-07-27 19:00:00,13.466,6.448,9.562,50.668,1.922,10.91,2.776,8.278,7.144,7.169,15.536,16.593,14.505,6.996
2018-07-27 20:00:00,11.511,5.571,7.053,42.115,1.326,9.52,2.253,6.238,6.019,5.491,12.026,13.717,12.377,6.165
2018-07-27 21:00:00,9.053,4.699,5.826,34.119,0.835,8.218,1.869,5.018,4.989,4.668,9.101,11.325,9.005,4.791
2018-07-27 22:00:00,7.279,3.481,4.599,28.279,0.556,7.018,1.497,4.072,3.88,3.924,6.662,9.07,6.223,3.697
2018-07-27 23:00:00,5.744,2.636,3.378,23.493,0.393,5.95,1.15,2.798,3.022,2.82,5.073,7.058,4.691,2.839
2018-07-28 00:00:00,4.412,2.099,2.483,19.814,0.3,4.833,0.936,2.196,2.297,2.095,3.762,5.483,3.71,2.375
2018-07-28 01:00:00,3.539,1.86,1.901,16.447,0.245,3.902,0.653,1.64,1.427,1.539,2.746,3.929,3.427,2.094
2018-07-28 02:00:00,2.96,1.686,1.796,13.855,0.217,3.387,0.456,1.297,1.027,1.178,2.157,3.212,2.886,1.832
2018-07-28 03:00:00,2.335,1.445,1.388,11.714,0.195,2.944,0.323,1.098,0.729,0.911,1.92,2.469,2.446,1.687
2018-07-28 04:00:00,2.138,1.323,1.034,10.863,0.162,2.938,0.198,0.892,0.54,0.97,1.925,1.589,3.762,1.621
2018-07-28 05:00:00,2.356,1.133,1.282,12.312,0.183,3.182,0.368,1.083,0.718,0.942,2.062,2.091,3.233,1.635
2018-07-28 06:00:00,3.5,2.056,1.9,18.185,0.296,4.243,0.628,1.746,1.351,1.779,3.189,3.468,4.154,2.693
2018-07-28 07:00:00,5.272,4.083,3.111,26.207,0.5,5.667,0.911,2.766,2.356,2.838,5.69,5.652,7.199,4.557
2018-07-28 08:00:00,8.072,6.943,5.031,35.69,0.968,7.697,1.366,4.626,3.479,4.702,10.271,9.184,12.564,7.895
2018-07-28 09:00:00,10.955,10.764,7.9,44.91,1.661,9.687,1.711,6.904,5.108,6.833,15.192,13.379,18.686,11.51
2018-07-28 10:00:00,13.434,13.394,10.426,49.792,2.365,11.138,2.095,8.929,6.595,8.5,20.909,16.512,25.281,15.377
2018-07-28 11:00:00,14.913,14.947,11.46,53.675,3.083,12.054,2.244,10.137,7.964,9.334,24.845,18.572,29.363,19.003
2018-07-28 12:00:00,15.403,15.555,12.057,55.169,3.596,12.146,2.342,10.548,8.874,9.644,27.549,20.051,31.439,22.867
2018-07-28 13:00:00,14.072,17.184,13.24,50.572,3.939,11.261,2.662,11.438,9.358,10.401,29.609,20.629,33.085,26.074
2018-07-28 14:00:00,12.335,17.383,13.689,45.211,4.13,10.132,3.096,11.768,10.322,10.667,30.677,21.894,32.971,26.296
2018-07-28 15:00:00,12.913,15.148,12.629,47.319,4.195,10.506,3.226,10.972,10.691,9.922,32.161,22.929,28.566,23.686
2018-07-28 16:00:00,13.874,13.753,11.979,51.926,4.149,11.276,3.211,10.363,9.859,9.349,30.698,21.042,21.802,20.41
2018-07-28 17:00:00,13.158,14.219,10.91,48.391,3.92,10.489,2.965,9.404,8.327,8.609,28.096,18.425,19.125,17.476
2018-07-28 18:00:00,10.86,13.209,9.463,39.863,3.352,8.663,2.796,8.089,7.338,7.504,25.647,16.783,16.924,15.399
2018-07-28 19:00:00,8.036,10.314,7.914,31.596,2.354,6.951,2.341,6.762,5.864,6.483,21.826,13.479,12.599,12.392
2018-07-28 20:00:00,6.303,7.687,5.692,25.388,1.416,5.616,1.89,5.084,4.436,4.877,17.212,10.476,9.931,9.495
2018-07-28 21:00:00,4.567,5.641,4.051,19.788,0.754,4.704,1.449,3.351,3.219,3.218,12.824,7.885,7.444,7.032
2018-07-28 22:00:00,3.209,3.679,2.877,14.326,0.5,3.681,1.118,2.349,2.087,2.199,8.56,5.631,5.493,5.12
2018-07-28 23:00:00,2.386,2.532,1.892,10.881,0.387,2.682,0.762,1.469,1.219,1.497,5.516,3.518,4.132,3.89
2018-07-29 00:00:00,1.557,2.129,1.316,8.206,0.283,2.084,0.469,1.203,0.823,0.861,3.85,2.235,3.271,2.808
2018-07-29 01:00:00,1.268,1.857,0.889,6.671,0.231,1.737,0.25,0.905,0.506,0.507,2.499,1.383,2.833,2.208
2018-07-29 02:00:00,1.055,1.46,0.901,5.507,0.205,1.482,0.154,0.674,0.394,0.383,1.727,1.181,2.294,1.72
2018-07-29 03:00:00,0.897,1.242,0.688,4.732,0.179,1.299,0.113,0.595,0.315,0.311,1.35,0.886,1.962,1.325
2018-07-29 04:00:00,0.806,1.152,0.425,4.562,0.146,1.368,0.14,0.627,0.27,0.274,1.037,0.808,1.789,1.074
2018-07-29 05:00:00,0.939,0.781,0.369,5.145,0.17,1.549,0.184,0.613,0.327,0.185,1.247,0.699,2.553,1.112
2018-07-29 06:00:00,1.645,1.339,0.789,7.758,0.222,2.042,0.335,0.835,0.676,0.347,1.983,1.267,4.549,1.718
2018-07-29 07:00:00,2.262,2.406,1.439,11.243,0.507,2.93,0.773,1.338,1.541,0.841,3.839,2.7,5.422,3.558
2018-07-29 08:00:00,3.5,3.736,1.656,16.497,0.971,3.97,1.344,1.612,1.901,1.255,6.347,4.415,8.949,6.517
2018-07-29 09:00:00,5.669,5.754,2.105,24.817,1.256,5.647,1.617,2.043,2.113,1.725,9.545,5.445,13.868,9.995
2018-07-29 10:00:00,8.701,7.577,3.471,32.016,1.524,7.583,2.131,3.062,2.754,3.052,12.208,6.953,17.686,13.176
2018-07-29 11:00:00,10.985,8.981,5.302,38.335,1.918,9.175,2.619,4.629,3.572,4.548,14.488,8.991,21.191,15.914
2018-07-29 12:00:00,13.198,10.085,6.826,45.354,2.145,10.336,2.898,5.909,4.47,5.718,17.27,11.015,23.428,18.667
2018-07-29 13:00:00,14.95,11.147,8.494,51.33,2.553,11.395,3.199,7.331,5.322,6.972,19.984,12.799,24.945,21.279
2018-07-29 14:00:00,15.961,13.343,9.795,54.554,2.965,12.021,3.348,8.367,6.423,8.058,21.634,14.871,26.646,23.509
2018-07-29 15:00:00,16.627,14.935,10.833,56.679,3.218,12.582,3.453,9.318,7.576,8.706,23.039,17.065,27.62,26.183
2018-07-29 16:00:00,16.013,14.803,11.292,56.051,3.319,12.582,3.506,9.772,7.94,8.891,24.07,17.332,28.047,26.838
2018-07-29 17:00:00,14.604,14.182,10.522,51.401,3.105,11.737,3.408,9.146,7.417,8.451,23.606,16.786,27.016,25.323
2018-07-29 18:00:00,13.365,12.862,9.311,46.851,2.59,10.782,3.169,7.881,6.928,7.364,21.431,15.753,25.002,22.122
2018-07-29 19:00:00,10.872,9.706,6.41,39.702,1.723,9.123,2.701,5.582,4.954,5.024,16.515,11.69,19.865,16.909
2018-07-29 20:00:00,8.36,6.542,3.928,31.373,0.869,7.398,2.153,3.44,3.007,3.304,11.592,7.81,13.936,11.516
2018-07-29 21:00:00,5.907,4.53,2.908,23.866,0.422,5.879,1.561,2.099,1.623,1.848,7.526,5.104,9.939,7.72
2018-07-29 22:00:00,4.1,2.869,1.76,17.675,0.232,4.491,1.09,1.086,1.006,0.94,4.265,2.889,6.597,4.785
2018-07-29 23:00:00,2.967,1.736,1.001,12.63,0.111,3.198,0.856,0.408,0.653,0.457,2.316,1.674,4.473,3.02
2018-07-30 00:00:00,1.696,1.227,0.621,8.916,0.058,2.17,0.52,0.356,0.453,0.289,1.756,0.945,3.07,2.061
2018-07-30 01:00:00,1.334,0.935,0.414,6.915,0.036,1.726,0.363,0.237,0.291,0.187,1.184,0.566,2.119,1.421
2018-07-30 02:00:00,0.963,0.853,0.388,5.205,0.02,1.299,0.306,0.196,0.241,0.172,0.948,0.67,1.881,1.165
2018-07-30 03:00:00,0.771,0.816,0.265,4.033,0.025,0.962,0.281,0.19,0.27,0.174,0.795,0.651,1.651,0.862
2018-07-30 04:00:00,0.669,0.73,0.171,3.801,0.116,0.984,0.245,0.214,0.236,0.262,0.837,0.555,2.34,0.869
2018-07-30 05:00:00,0.741,0.454,0.177,4.796,0.069,1.27,0.385,0.228,0.272,0.176,1.248,0.65,2.155,0.999
2018-07-30 06:00:00,1.296,0.461,0.435,7.601,0.113,1.907,0.539,0.308,0.366,0.225,1.469,0.819,2.071,0.961
2018-07-30 07:00:00,1.516,0.797,0.878,11.115,0.249,2.404,0.732,0.885,0.605,0.343,2.129,1.412,3.065,1.261
2018-07-30 08:00:00,2.836,2.163,1.785,19.153,0.478,4.139,1.493,1.839,1.054,1.251,3.949,2.622,6.275,1.68
2018-07-30 09:00:00,5.853,3.83,3.716,31.112,0.709,7.011,1.884,3.631,1.801,3.12,7.011,5.801,11.848,2.96
2018-07-30 10:00:00,9.021,6.481,5.481,38.834,1.104,8.986,2.225,5.394,3.245,4.861,11.207,9.406,16.998,5.881
2018-07-30 11:00:00,11.587,9.332,7.077,46.166,1.508,10.271,2.564,6.546,4.557,6.205,15.284,12.126,21.481,10.265
2018-07-30 12:00:00,13.848,11.278,8.861,54.273,2.117,11.42,2.971,8.135,5.887,7.712,19.108,14.855,23.131,14.783
2018-07-30 13:00:00,15.593,12.827,10.749,59.065,2.706,12.135,3.19,9.588,6.777,8.726,22.374,16.721,26.037,18.989
2018-07-30 14:00:00,16.95,13.724,11.501,62.552,3.145,13.027,3.38,10.158,7.721,9.123,25.455,18.845,27.662,22.221
2018-07-30 15:00:00,18.152,13.86,12.156,65.979,3.306,14.091,3.545,10.858,8.579,9.599,26.426,19.999,28.104,24.228
2018-07-30 16:00:00,18.009,13.164,12.42,66.137,3.257,14.678,3.576,11.095,9.055,9.778,24.938,19.965,26.324,23.951
2018-07-30 17:00:00,16.443,11.744,11.882,59.875,2.802,13.252,3.332,10.287,7.788,9.249,21.8,18.024,22.178,20.873
2018-07-30 18:00:00,13.942,10.014,9.887,51.388,2.214,11.236,3.097,8.565,6.343,7.594,18.189,15.782,18.106,17.829
2018-07-30 19:00:00,11.468,8.439,7.138,42.876,1.663,9.349,2.728,6.426,5.039,5.598,14.071,12.51,14.61,14.574
2018-07-30 20:00:00,9.381,6.978,5.188,35.274,0.937,8.254,2.213,4.537,3.759,4.026,10.311,9.681,11.068,11.039
2018-07-30 21:00:00,7.112,5.042,3.811,28.352,0.476,6.981,1.715,3.143,2.816,2.864,6.986,7.366,8.183,7.626
2018-07-30 22:00:00,5.182,3.436,2.659,22.795,0.298,5.755,1.325,2.197,1.759,1.971,4.491,4.98,5.779,5.199
2018-07-30 23:00:00,4.519,2.367,1.689,19.653,0.166,5.018,1.026,1.346,1.209,1.255,2.994,3.204,4.016,3.473
2018-07-31 00:00:00,3.762,1.804,1.213,16.78,0.113,4.222,0.78,1.076,0.844,0.879,2.201,2.133,2.754,2.448
2018-07-31 01:00:00,3.293,1.46,0.891,14.652,0.068,3.655,0.543,0.743,0.533,0.545,1.596,1.522,2.313,1.851
2018-07-31 02:00:00,2.992,1.297,0.891,13.565,0.048,3.404,0.381,0.532,0.419,0.319,1.362,1.469,1.781,1.489
2018-07-31 03:00:00,2.567,1.234,0.749,11.926,0.055,3.112,0.309,0.542,0.368,0.273,1.277,1.187,1.511,1.219
2018-07-31 04:00:00,2.437,1.196,0.69,10.728,0.107,2.745,0.358,0.735,0.375,0.357,1.534,1.076,3.032,1.245
2018-07-31 05:00:00,2.242,1.045,0.766,10.378,0.172,2.81,0.44,0.912,0.389,0.412,1.797,1.219,2.381,1.306
2018-07-31 06:00:00,2.065,0.947,0.663,11.786,0.162,2.973,0.437,0.822,0.467,0.493,2.148,1.329,2.221,1.602
2018-07-31 07:00:00,2.195,1.439,0.751,13.935,0.14,3.206,0.482,0.9,0.499,0.449,2.278,1.756,4.062,2.101
2018-07-31 08:00:00,3.292,3.103,1.253,18.826,0.255,4.118,0.864,1.227,0.662,0.743,3.614,2.849,8.105,2.843
2018-07-31 09:00:00,6.152,5.598,2.265,29.289,0.536,6.376,1.417,2.089,1.498,1.903,7.314,5.248,13.667,5.337
2018-07-31 10:00:00,10.011,8.986,4.039,40.115,0.989,9.092,1.954,3.734,3.197,3.853,12.022,9.284,20.419,9.275
2018-07-31 11:00:00,12.394,11.949,5.376,47.431,1.673,10.28,2.513,5.007,5.001,5.128,16.696,12.791,25.573,14.178
2018-07-31 12:00:00,14.528,13.745,6.754,55.272,2.059,11.425,2.846,6.363,5.74,6.174,21.165,14.091,28.481,18.46
2018-07-31 13:00:00,16.974,15.543,7.874,63.611,2.336,13.186,3.127,7.378,6.312,6.852,24.408,15.279,32.406,22.565
2018-07-31 14:00:00,18.919,17.161,9.013,69.323,2.661,14.414,3.345,8.039,6.465,7.308,26.807,15.895,33.68,25.926
2018-07-31 15:00:00,19.373,18.244,10.238,69.75,2.818,14.821,3.423,9.24,7.392,8.392,27.732,17.536,33.81,27.173
2018-07-31 16:00:00,19.314,18.817,11.565,70.371,3.107,15.345,3.45,10.712,8.972,9.482,26.423,20.186,33.088,26.329
2018-07-31 17:00:00,18.602,17.663,12.429,66.468,3.151,14.632,3.374,11.111,8.927,9.772,25.597,20.283,30.854,23.25
2018-07-31 18:00:00,16.983,15.354,11.237,60.617,2.78,13.38,3.231,9.662,8.219,8.48,23.145,19.176,27.633,19.488
2018-07-31 19:00:00,14.018,12.064,8.42,51.169,2.052,11.385,2.795,7.185,7.07,6.341,18.526,16.083,22.783,16.403
2018-07-31 20:00:00,11.283,9.905,6.123,40.808,1.296,9.594,2.274,5.29,5.38,4.732,14.493,12.594,17.381,13.715
2018-07-31 21:00:00,8.301,8.026,4.452,31.821,0.709,7.792,1.791,3.732,4.146,3.54,10.725,9.482,12.719,10.975
2018-07-31 22:00:00,6.179,5.516,3.296,24.789,0.418,6.405,1.376,2.634,2.933,2.638,7.558,6.507,9.48,7.923
2018-07-31 23:00:00,4.714,3.927,2.16,19.488,0.324,5.113,1.087,1.65,1.961,1.741,5.353,4.682,6.798,5.729
2018-08-01 00:00:00,3.601,2.826,1.558,15.71,0.221,3.99,0.893,1.354,1.291,1.331,4.216,3.265,4.988,4.036
2018-08-01 01:00:00,2.996,2.228,1.151,13.118,0.192,3.301,0.652,1.007,0.872,0.858,3.016,2.322,3.988,2.935
2018-08-01 02:00:00,2.898,1.86,0.999,12.694,0.157,3.178,0.482,0.671,0.655,0.474,2.164,1.934,2.958,2.191
2018-08-01 03:00:00,2.864,1.661,0.797,13.552,0.122,3.3,0.396,0.624,0.515,0.322,1.947,1.587,2.211,1.864
2018-08-01 04:00:00,2.781,1.405,0.636,13.266,0.092,3.322,0.351,0.712,0.399,0.343,2.178,1.275,3.191,1.478
2018-08-01 05:00:00,3.178,1.457,0.938,14.912,0.143,3.756,0.423,0.868,0.591,0.467,2.54,1.567,2.676,1.712
2018-08-01 06:00:00,3.861,2.126,1.068,19.533,0.268,4.453,0.462,1.064,0.764,0.78,3.745,2.252,2.897,2.069
2018-08-01 07:00:00,5.451,2.649,1.483,28.474,0.628,6.293,0.685,1.747,1.071,1.371,6.407,2.886,4.443,2.41
2018-08-01 08:00:00,7.682,3.724,3.026,35.925,1.209,7.845,1.008,3.057,1.958,2.828,9.02,5.491,7.787,3.232
2018-08-01 09:00:00,10.447,4.836,4.811,44.225,1.781,9.633,1.377,4.697,3.201,4.341,10.664,9.371,10.679,5.553
2018-08-01 10:00:00,12.623,6.076,6.773,49.588,2.277,11.192,1.835,6.379,4.852,5.918,14.36,12.905,12.998,7.771
2018-08-01 11:00:00,12.631,7.225,8.309,49.167,2.544,11.01,2.332,7.51,5.549,7.269,17.894,14.462,14.355,8.738
2018-08-01 12:00:00,11.34,6.747,8.417,45.705,2.707,9.804,2.589,7.86,5.715,7.417,19.706,14.594,14.644,8.914
2018-08-01 13:00:00,11.28,6.17,7.769,46.052,2.504,9.73,2.506,7.428,5.918,6.548,18.129,15.153,15.119,9.043
2018-08-01 14:00:00,11.878,6.037,7.598,48.273,2.457,10.128,2.594,7.171,5.816,6.458,15.182,15.227,12.857,8.092
2018-08-01 15:00:00,13.944,5.93,7.817,54.401,2.267,11.456,3.026,7.382,5.033,6.662,14.906,13.355,12.381,7.373
2018-08-01 16:00:00,14.714,6.767,7.763,57.759,1.993,12.667,3.233,7.49,4.751,6.507,15.367,12.053,11.68,7.195
2018-08-01 17:00:00,13.314,8.222,7.02,51.525,1.764,11.084,3.01,6.449,4.084,5.618,14.857,11.138,10.655,7.204
2018-08-01 18:00:00,11.691,8.512,6.485,44.68,1.535,9.332,2.721,5.845,3.932,4.903,14.32,11.067,10.658,8.323
2018-08-01 19:00:00,10.411,7.263,5.594,39.969,1.298,8.57,2.44,5.165,3.544,4.292,12.618,9.837,9.988,8.221
2018-08-01 20:00:00,9.156,6.684,4.922,33.995,0.926,7.884,2.015,4.523,2.946,3.812,10.993,8.007,9.191,7.871
2018-08-01 21:00:00,7.689,5.891,4.23,28.906,0.711,7.14,1.729,3.538,2.666,3.221,8.932,6.941,8.771,6.947
2018-08-01 22:00:00,6.366,5.118,3.345,25.618,0.612,6.258,1.444,2.688,2.168,2.606,7.317,5.629,8.936,5.534
2018-08-01 23:00:00,5.508,3.606,2.568,22.788,0.524,5.7,1.215,1.937,1.871,2.141,5.839,4.68,7.494,4.691
2018-08-02 00:00:00,4.638,2.919,1.992,20.131,0.336,4.931,1.088,1.734,1.593,1.809,5.023,3.989,6.223,3.959
2018-08-02 01:00:00,4.08,2.647,1.697,18.188,0.269,4.321,0.881,1.485,1.188,1.447,4.283,3.351,6.585,3.448
2018-08-02 02:00:00,3.841,2.53,1.852,17.188,0.229,4.037,0.794,1.375,1.035,1.229,4.512,3.217,6.136,3.113
2018-08-02 03:00:00,3.437,2.237,1.632,16.27,0.196,3.996,0.705,1.432,1.091,1.187,4.89,3.344,5.67,2.809
2018-08-02 04:00:00,3.483,2.316,1.659,16.14,0.162,4.115,0.755,1.712,1.325,1.191,5.21,3.851,6.637,2.856
2018-08-02 05:00:00,4.171,2.431,1.937,19.56,0.248,4.533,0.773,1.983,1.695,1.38,6.304,4.409,6.761,3.686
2018-08-02 06:00:00,4.779,3.336,2.483,23.999,0.52,5.111,1.05,2.326,2.192,1.873,7.995,6.416,8.755,4.404
2018-08-02 07:00:00,5.779,4.33,2.788,28.704,0.866,6.116,1.337,2.953,3.191,2.397,10.114,8.745,12.975,5.443
2018-08-02 08:00:00,6.792,7.197,3.672,32.851,1.387,6.83,1.644,3.691,3.804,3.18,13.038,10.49,17.973,6.976
2018-08-02 09:00:00,7.764,10.289,4.459,35.821,2.013,7.676,2.058,4.502,4.387,3.996,16.051,11.998,24.368,10.348
2018-08-02 10:00:00,9.222,12.83,5.638,38.715,2.516,8.849,2.466,5.577,5.689,5.184,19.787,14.036,29.233,15.497
2018-08-02 11:00:00,11.674,14.662,8.008,45.822,2.779,10.294,2.836,7.406,7.126,7.215,23.28,16.623,32.695,20.139
2018-08-02 12:00:00,14.133,15.88,9.443,55.524,3.405,11.762,3.119,8.74,8.948,8.426,26.509,19.453,34.701,23.068
2018-08-02 13:00:00,16.362,16.494,10.817,62.901,3.799,13.197,3.395,9.925,9.739,8.902,27.029,20.743,36.264,26.469
2018-08-02 14:00:00,17.519,15.178,12.027,65.515,3.949,13.619,3.504,10.827,9.979,9.552,26.737,21.549,36.308,29.251
2018-08-02 15:00:00,17.836,13.737,12.313,65.041,4.067,13.613,3.397,11.149,10.501,9.755,26.782,22.314,35.769,29.785
2018-08-02 16:00:00,17.017,12.714,12.277,62.926,4.022,13.589,3.379,11.168,10.228,9.552,26.308,21.512,32.812,27.409
2018-08-02 17:00:00,14.943,11.644,11.41,55.596,3.709,11.924,3.216,10.181,8.591,8.823,24.143,19.04,26.894,22.871
2018-08-02 18:00:00,13.231,10.231,9.111,49.185,3.218,10.529,2.94,8.118,7.184,7.087,20.561,16.722,23.811,18.893
2018-08-02 19:00:00,11.608,8.692,6.574,43.578,2.467,9.407,2.582,6.156,6.335,5.393,17.201,14.456,20.933,15.999
2018-08-02 20:00:00,9.94,7.496,5.275,36.65,1.694,8.539,2.068,4.852,5.353,4.136,14.901,12.256,17.805,13.749
2018-08-02 21:00:00,8.09,6.247,4.161,31.551,1.069,7.713,1.722,3.709,4.278,3.154,12.142,10.196,14.363,10.785
2018-08-02 22:00:00,6.6,4.569,3.087,27.185,0.698,6.723,1.439,2.578,3.318,2.487,8.945,7.905,12.113,8.163
2018-08-02 23:00:00,5.564,3.343,2.284,23.377,0.527,6.056,1.2,1.77,2.56,1.86,6.566,6.267,10.127,5.977
2018-08-03 00:00:00,4.724,2.622,1.647,20.615,0.332,5.101,0.885,1.548,2.134,1.487,4.737,5.163,8.669,4.427
2018-08-03 01:00:00,4.287,2.212,1.417,19.018,0.249,4.492,0.657,1.257,1.709,1.161,3.61,4.351,7.882,3.586
2018-08-03 02:00:00,3.845,1.881,1.409,17.267,0.215,4.154,0.508,1.054,1.348,0.937,3.053,3.766,7.137,3.17
2018-08-03 03:00:00,3.409,1.606,1.182,15.879,0.192,3.816,0.407,1.098,0.92,0.771,2.731,2.804,6.45,2.704
2018-08-03 04:00:00,3.251,1.537,1.01,15.317,0.165,3.857,0.407,1.209,0.833,0.828,3.026,2.474,6.759,2.212
2018-08-03 05:00:00,3.549,1.629,1.117,16.716,0.26,3.998,0.449,1.192,1.009,1.002,3.479,2.988,6.042,2.593
2018-08-03 06:00:00,3.904,1.835,1.188,19.996,0.346,4.262,0.493,1.189,1.092,0.957,4.486,3.898,8.2,3.828
2018-08-03 07:00:00,4.294,2.455,1.274,22.801,0.534,4.735,0.596,1.202,1.067,0.943,5.08,3.672,13.141,3.906
2018-08-03 08:00:00,4.853,3.05,1.355,25.592,0.485,5.155,0.831,1.496,1.261,1.057,5.834,5.757,16.052,5.46
2018-08-03 09:00:00,5.683,4.026,1.837,27.928,0.609,5.813,1.152,1.891,1.73,1.597,7.774,7.219,20.074,8.228
2018-08-03 10:00:00,7.121,6.157,2.68,31.958,0.847,7.114,1.502,2.405,2.586,2.266,10.243,8.794,22.991,11.52
2018-08-03 11:00:00,8.928,7.936,3.981,38.297,1.122,8.415,1.974,3.701,3.51,3.871,12.244,10.599,22.511,14.951
2018-08-03 12:00:00,10.955,7.786,5.862,45.698,1.385,9.583,2.277,5.737,4.725,5.631,13.358,12.634,21.35,17.191
2018-08-03 13:00:00,11.947,6.707,7.386,48.705,1.642,10.076,2.445,7.295,5.761,6.525,13.424,14.374,23.991,16.702
2018-08-03 14:00:00,12.065,6.152,8.072,48.138,1.872,10.021,2.586,7.665,5.874,6.814,13.453,14.719,26.451,13.756
2018-08-03 15:00:00,12.604,5.855,8.397,48.781,1.94,10.325,2.564,7.926,5.929,6.985,13.446,14.655,24.215,12.226
2018-08-03 16:00:00,12.013,5.659,8.324,47.858,1.796,10.337,2.751,7.981,5.805,6.934,12.965,14.071,19.362,11.969
2018-08-03 17:00:00,11.075,5.079,8.364,43.96,1.609,9.447,2.647,7.716,5.144,6.499,12.101,12.569,15.782,11.05
2018-08-03 18:00:00,10.108,4.367,7.7,40.078,1.422,8.439,2.413,6.87,4.724,5.921,10.868,12.008,12.943,9.892
2018-08-03 19:00:00,9.206,4.345,6.33,35.921,1.212,7.902,2.169,5.826,4.311,4.861,9.443,10.776,11.856,8.591
2018-08-03 20:00:00,7.998,4.6,5.374,30.795,0.891,7.235,1.906,4.697,4.015,3.96,8.643,8.997,10.719,8.312
2018-08-03 21:00:00,6.556,4.254,4.3,26.541,0.725,6.73,1.65,3.564,3.456,3.363,7.242,7.624,8.442,7.355
2018-08-03 22:00:00,5.5,3.273,3.206,22.418,0.541,5.815,1.416,2.541,2.476,2.678,5.827,5.856,6.293,5.869
2018-08-03 23:00:00,4.326,2.513,2.463,18.403,0.45,4.904,1.151,1.883,1.861,2.063,4.536,4.429,5.67,5.008
2018-08-04 00:00:00,3.491,2.198,1.922,16.201,0.343,4.098,1.026,1.665,1.482,1.718,3.709,3.76,5.578,4.033
2018-08-04 01:00:00,3.045,2.142,1.649,14.19,0.308,3.482,0.783,1.42,1.151,1.398,2.725,3.276,5.404,3.887
2018-08-04 02:00:00,2.702,2.109,1.749,12.667,0.289,3.101,0.634,1.312,0.927,1.248,2.243,2.875,5.061,3.243
2018-08-04 03:00:00,2.298,2.018,1.495,11.453,0.262,2.747,0.562,1.294,0.768,1.014,1.858,2.602,5.076,2.777
2018-08-04 04:00:00,2.269,1.977,1.18,10.898,0.193,2.687,0.589,1.16,0.762,0.969,1.967,2.016,6.056,2.7
2018-08-04 05:00:00,2.327,1.678,1.085,11.057,0.228,2.787,0.592,1.198,0.888,0.887,1.796,2.118,5.203,2.637
2018-08-04 06:00:00,2.693,2.055,1.165,13.201,0.302,3.121,0.697,1.349,0.968,1.054,2.41,2.796,5.628,3.262
2018-08-04 07:00:00,3.651,2.361,1.828,17.295,0.267,3.713,1.003,1.752,1.299,1.69,2.982,3.517,7.14,3.606
2018-08-04 08:00:00,4.719,2.692,2.348,21.469,0.329,4.846,1.325,2.403,1.458,2.267,4.046,4.575,8.196,3.574
2018-08-04 09:00:00,6.841,3.781,3.439,29.263,0.376,6.285,1.918,3.164,2.34,3.196,6.649,6.407,9.938,4.805
2018-08-04 10:00:00,10.353,5.824,5.546,39.52,0.348,8.897,2.378,4.886,3.541,4.987,11.215,9.826,12.253,7.433
2018-08-04 11:00:00,13.362,8.387,7.858,49.121,0.689,10.891,2.629,7.047,5.101,6.84,15.709,12.902,14.994,11.886
2018-08-04 12:00:00,16.05,10.719,10.049,58.348,1.269,12.521,2.396,9.045,6.626,8.275,20.686,15.559,18.328,16.086
2018-08-04 13:00:00,15.956,13.16,12.425,57.327,1.95,12.346,1.841,11.025,8.245,9.748,25.455,18.576,21.259,20.849
2018-08-04 14:00:00,11.792,15.97,12.31,42.458,2.658,9.155,1.533,10.856,9.765,9.577,29.611,20.843,22.318,25.472
2018-08-04 15:00:00,9.618,18.79,9.5,35.173,3.104,7.872,1.723,8.651,8.955,7.83,30.329,19.472,24.633,28.97
2018-08-04 16:00:00,10.149,18.622,8.593,40.832,3.431,8.988,2.39,7.762,7.341,7.295,24.793,16.197,27.32,30.555
2018-08-04 17:00:00,10.808,15.466,9.516,44.382,3.0,9.827,2.59,8.363,6.772,8.006,19.958,15.326,27.172,27.212
2018-08-04 18:00:00,10.7,11.627,9.145,41.774,2.485,9.394,2.418,7.895,6.094,7.498,17.694,14.396,25.492,20.959
2018-08-04 19:00:00,8.908,9.122,6.915,34.893,2.121,7.796,2.023,6.1,4.908,5.724,15.169,11.805,19.532,16.239
2018-08-04 20:00:00,7.131,6.897,4.938,28.01,1.302,6.429,1.727,4.378,3.439,4.145,11.804,8.467,15.326,12.795
2018-08-04 21:00:00,5.305,4.948,3.727,22.296,0.724,5.264,1.44,2.982,2.378,2.863,8.959,6.193,11.639,9.192
2018-08-04 22:00:00,3.767,3.245,2.84,16.834,0.439,4.374,1.052,2.093,1.546,1.994,6.599,4.402,7.69,6.304
2018-08-04 23:00:00,2.825,2.238,1.848,13.534,0.276,3.331,0.863,1.427,1.084,1.363,4.675,3.196,6.033,4.357
2018-08-05 00:00:00,2.134,1.585,1.313,10.478,0.196,2.673,0.612,1.296,0.94,1.043,3.185,2.608,5.042,3.272
2018-08-05 01:00:00,1.804,1.274,1.15,8.854,0.148,2.169,0.455,1.13,0.901,0.766,2.257,2.622,4.124,2.716
2018-08-05 02:00:00,1.518,1.049,1.316,7.614,0.109,1.921,0.362,0.978,0.722,0.65,1.696,2.372,3.259,2.02
2018-08-05 03:00:00,1.188,0.947,1.067,6.333,0.101,1.628,0.301,0.839,0.573,0.566,1.527,1.965,2.559,1.75
2018-08-05 04:00:00,1.047,0.856,0.817,5.303,0.102,1.436,0.208,0.705,0.415,0.482,1.268,1.568,2.072,1.615
2018-08-05 05:00:00,1.155,0.565,1.016,5.463,0.113,1.814,0.237,0.819,0.503,0.561,1.318,1.515,2.45,1.657
2018-08-05 06:00:00,1.836,0.811,1.493,8.669,0.176,2.349,0.478,1.244,1.094,1.075,2.144,2.523,5.294,2.506
2018-08-05 07:00:00,2.703,1.964,2.113,13.148,0.501,3.307,0.951,1.828,1.968,1.713,3.946,4.26,6.761,4.73
2018-08-05 08:00:00,4.393,4.397,3.191,20.42,0.844,4.752,1.406,2.802,2.77,3.02,8.005,6.585,9.639,7.533
2018-08-05 09:00:00,8.16,7.814,5.593,32.514,1.414,7.456,1.92,5.158,4.16,4.801,15.388,9.808,15.245,12.09
2018-08-05 10:00:00,11.719,11.127,8.901,42.468,2.187,9.855,2.318,7.978,5.944,7.012,21.221,13.85,22.233,17.348
2018-08-05 11:00:00,14.569,13.791,11.078,51.135,2.897,11.678,2.85,9.936,7.762,8.701,25.043,17.466,28.186,23.578
2018-08-05 12:00:00,17.723,15.853,13.614,61.424,3.551,13.669,3.236,11.861,9.603,10.316,28.456,20.4,32.26,28.537
2018-08-05 13:00:00,20.031,17.671,15.222,68.68,3.96,15.106,3.513,13.426,11.019,11.492,31.535,22.409,35.066,32.284
2018-08-05 14:00:00,21.737,19.72,16.263,73.53,4.243,16.193,3.702,14.23,12.087,12.177,32.774,24.287,36.851,35.026
2018-08-05 15:00:00,22.71,20.697,16.739,77.767,4.356,17.135,3.856,14.901,12.658,12.54,34.168,25.493,36.893,36.278
2018-08-05 16:00:00,22.498,20.162,16.516,78.612,4.332,17.123,3.953,14.49,12.888,12.237,34.279,25.69,36.369,36.461
2018-08-05 17:00:00,21.344,19.718,15.782,73.625,4.142,16.158,3.802,13.551,11.861,11.714,32.45,24.656,34.846,35.126
2018-08-05 18:00:00,19.445,17.695,14.382,66.902,3.857,14.927,3.575,12.034,10.838,10.55,29.413,22.876,31.953,32.29
2018-08-05 19:00:00,16.651,14.165,11.572,59.633,3.322,13.358,3.269,9.408,8.99,8.591,24.628,19.62,26.845,26.935
2018-08-05 20:00:00,14.614,11.709,8.926,53.229,2.229,12.149,3.024,7.608,7.813,7.219,20.633,16.899,22.52,21.351
2018-08-05 21:00:00,12.333,9.196,7.213,47.705,1.384,10.899,2.721,6.277,6.796,6.115,16.847,15.146,18.761,16.511
2018-08-05 22:00:00,10.301,6.746,5.262,41.264,0.858,9.568,2.146,4.621,5.371,4.681,12.672,12.304,15.341,12.221
2018-08-05 23:00:00,8.775,5.141,3.907,34.886,0.491,8.319,1.678,3.289,3.972,3.49,8.957,9.241,13.216,8.503
2018-08-06 00:00:00,7.394,3.735,2.915,30.101,0.341,7.02,1.318,2.61,2.951,2.46,6.593,7.127,10.689,6.262
2018-08-06 01:00:00,6.35,2.664,2.356,26.95,0.25,6.157,0.975,1.961,2.2,1.876,4.439,5.585,8.681,4.835
2018-08-06 02:00:00,5.732,1.992,2.21,24.218,0.19,5.614,0.685,1.641,1.551,1.441,3.321,4.423,7.293,3.559
2018-08-06 03:00:00,4.961,1.551,1.694,22.596,0.169,5.264,0.551,1.417,1.037,0.961,2.751,3.094,5.501,2.703
2018-08-06 04:00:00,5.253,1.384,1.217,23.077,0.179,5.282,0.506,1.385,0.855,0.799,2.576,2.059,6.033,2.63
2018-08-06 05:00:00,5.74,1.282,1.372,26.082,0.204,5.765,0.625,1.535,1.031,1.097,3.247,2.544,5.495,2.801
2018-08-06 06:00:00,7.24,2.334,2.139,32.427,0.35,6.827,1.202,1.898,1.579,1.685,4.82,4.09,6.312,4.33
2018-08-06 07:00:00,9.069,4.546,3.024,41.443,0.871,8.936,1.486,2.738,2.606,2.745,8.823,7.275,9.841,6.334
2018-08-06 08:00:00,12.187,8.232,5.729,52.994,1.67,11.231,2.258,5.29,4.476,4.918,15.412,13.408,15.434,9.047
2018-08-06 09:00:00,15.708,12.069,10.122,65.094,2.846,13.812,2.789,9.112,7.369,8.409,22.642,18.841,21.31,14.849
2018-08-06 10:00:00,18.789,15.416,13.574,72.724,3.741,15.92,3.32,12.038,10.248,10.894,29.682,23.621,28.841,21.44
2018-08-06 11:00:00,20.678,18.136,15.897,78.914,4.112,17.048,3.753,14.303,12.017,12.518,33.197,25.641,34.337,27.717
2018-08-06 12:00:00,22.265,19.613,16.929,85.15,4.381,18.368,3.839,15.791,13.425,13.366,35.691,27.596,36.852,32.996
2018-08-06 13:00:00,23.491,21.007,17.361,89.336,4.449,19.218,4.047,16.418,14.014,13.388,37.35,29.282,39.757,37.184
2018-08-06 14:00:00,24.328,22.017,17.403,91.422,4.495,19.757,4.414,16.066,13.883,13.071,38.476,29.95,40.33,39.609
2018-08-06 15:00:00,24.204,22.467,16.995,89.74,4.562,19.34,4.58,15.746,14.105,12.796,39.418,30.154,39.969,39.776
2018-08-06 16:00:00,23.435,22.641,16.554,87.013,4.581,18.866,4.614,15.285,14.225,12.452,39.071,29.706,39.287,39.258
2018-08-06 17:00:00,22.41,21.73,15.859,81.791,4.38,17.717,4.317,14.529,12.482,11.845,35.911,27.168,37.203,37.405
2018-08-06 18:00:00,20.536,19.923,14.767,75.007,4.149,16.376,3.899,13.039,11.222,10.587,32.053,24.626,34.266,34.287
2018-08-06 19:00:00,18.195,16.794,12.131,67.778,3.788,14.859,3.453,10.491,10.206,8.77,27.553,22.621,29.597,29.611
2018-08-06 20:00:00,16.151,14.048,10.546,59.133,3.09,13.583,3.17,8.917,9.315,7.895,24.151,20.529,25.237,24.389
2018-08-06 21:00:00,13.919,11.964,8.736,52.376,2.462,12.008,3.065,7.618,8.628,6.895,21.114,18.532,21.623,20.002
2018-08-06 22:00:00,11.969,9.516,6.744,46.929,1.991,10.488,2.948,6.162,7.688,5.866,17.807,16.245,18.292,15.719
2018-08-06 23:00:00,10.473,7.154,5.425,40.757,1.371,9.291,2.723,4.683,6.649,4.852,14.279,13.565,15.242,11.829
2018-08-07 00:00:00,9.252,5.637,4.384,35.965,0.892,8.195,2.521,3.691,5.414,3.86,11.538,11.379,12.574,9.168
2018-08-07 01:00:00,8.246,4.432,3.648,32.136,0.598,7.244,2.104,2.897,4.283,3.054,9.279,9.243,10.695,7.412
2018-08-07 02:00:00,7.541,3.467,3.244,29.403,0.447,6.74,1.651,2.457,3.525,2.41,7.662,8.148,9.453,6.069
2018-08-07 03:00:00,6.713,2.661,2.757,27.758,0.347,6.452,1.363,2.328,2.832,2.003,6.212,7.01,8.33,4.777
2018-08-07 04:00:00,6.452,2.307,2.483,27.092,0.306,6.302,1.24,2.356,2.277,1.769,5.028,5.495,8.936,3.761
2018-08-07 05:00:00,6.565,2.319,2.163,27.753,0.505,6.598,1.206,2.375,2.137,2.088,5.865,5.575,8.012,4.199
2018-08-07 06:00:00,6.922,3.669,2.965,29.92,0.963,6.721,1.252,2.831,3.181,2.649,8.255,9.309,9.544,6.537
2018-08-07 07:00:00,6.779,6.567,3.568,33.075,1.604,7.285,1.295,3.608,4.772,3.275,12.405,12.709,14.478,9.849
2018-08-07 08:00:00,8.367,10.462,4.988,39.597,2.677,8.569,1.351,5.029,7.046,4.329,18.666,17.139,21.506,13.435
2018-08-07 09:00:00,10.865,14.826,7.248,47.609,3.41,10.286,1.625,6.952,8.758,6.26,26.161,20.15,29.61,20.571
2018-08-07 10:00:00,12.884,17.887,9.321,52.324,3.936,11.73,1.976,8.652,9.711,7.899,31.879,21.32,35.316,27.857
2018-08-07 11:00:00,13.939,19.93,11.093,55.548,4.125,12.129,2.27,9.983,10.268,9.276,34.098,22.002,38.732,33.047
2018-08-07 12:00:00,13.693,20.591,11.917,54.691,4.209,11.549,2.362,10.993,11.304,9.771,35.396,23.507,40.077,35.708
2018-08-07 13:00:00,13.652,19.633,11.954,55.06,4.185,11.45,2.526,11.177,11.241,9.462,35.104,23.653,41.206,37.665
2018-08-07 14:00:00,13.549,16.758,10.958,54.007,4.109,11.123,2.751,10.342,9.304,8.624,30.116,20.526,39.69,37.906
2018-08-07 15:00:00,12.227,13.824,8.999,47.619,3.545,9.878,3.032,8.532,7.397,7.233,22.559,17.007,36.569,32.338
2018-08-07 16:00:00,10.075,13.047,8.063,41.45,2.75,9.055,3.091,7.741,6.797,6.567,20.158,15.508,33.825,25.442
2018-08-07 17:00:00,9.632,12.14,7.86,40.71,2.469,8.86,2.946,7.208,5.715,6.179,18.962,14.023,28.769,23.718
2018-08-07 18:00:00,9.438,10.593,7.046,39.091,2.038,8.227,2.804,6.24,4.837,5.354,16.843,12.533,24.211,20.855
2018-08-07 19:00:00,8.468,9.294,5.607,34.272,1.706,7.422,2.531,5.206,4.363,4.37,14.868,11.038,21.046,17.358
2018-08-07 20:00:00,7.538,8.172,4.415,28.524,1.307,6.858,2.079,3.856,3.594,3.468,13.162,8.75,18.569,14.853
2018-08-07 21:00:00,5.927,7.038,3.946,23.898,0.941,6.138,1.724,3.139,2.933,2.888,10.901,6.726,15.715,12.209
2018-08-07 22:00:00,4.711,5.605,3.168,19.389,0.686,5.207,1.374,2.452,2.286,2.339,8.268,5.142,13.247,9.67
2018-08-07 23:00:00,3.699,4.386,2.41,15.976,0.399,4.196,1.112,1.732,1.686,1.823,6.547,4.053,11.173,7.905
2018-08-08 00:00:00,2.841,3.344,1.774,13.507,0.31,3.427,0.863,1.527,1.259,1.455,5.5,3.278,9.39,6.629
2018-08-08 01:00:00,2.472,2.641,1.536,11.703,0.264,2.859,0.611,1.209,0.886,1.146,4.401,2.586,8.143,5.747
2018-08-08 02:00:00,2.205,2.161,1.543,10.56,0.243,2.578,0.438,1.095,0.747,0.981,3.802,2.394,7.292,4.967
2018-08-08 03:00:00,1.874,1.889,1.288,9.525,0.213,2.4,0.311,1.118,0.622,0.902,3.362,2.251,6.057,4.387
2018-08-08 04:00:00,1.901,1.767,1.135,9.499,0.209,2.615,0.22,1.322,0.581,0.906,3.372,2.277,7.165,4.342
2018-08-08 05:00:00,2.267,1.619,1.534,11.706,0.271,2.921,0.326,1.642,0.794,1.15,3.902,2.556,6.632,4.566
2018-08-08 06:00:00,2.972,2.088,2.192,15.599,0.507,3.51,0.609,1.922,1.251,1.628,5.284,3.842,7.211,4.987
2018-08-08 07:00:00,3.717,4.033,2.379,19.745,0.565,4.54,0.901,2.26,1.523,1.948,7.113,4.458,10.005,6.019
2018-08-08 08:00:00,4.886,6.979,3.005,26.303,0.884,5.715,1.53,2.886,1.748,2.642,11.598,6.112,13.01,7.895
2018-08-08 09:00:00,8.028,9.941,4.577,37.662,1.604,8.057,2.072,4.466,3.075,4.242,17.722,9.638,18.846,12.124
2018-08-08 10:00:00,12.217,13.874,6.903,50.342,2.542,11.087,2.519,6.86,5.334,6.215,24.29,14.073,25.387,16.848
2018-08-08 11:00:00,15.212,16.133,10.203,59.563,3.265,12.87,2.938,9.575,7.639,8.804,27.763,17.94,28.692,21.633
2018-08-08 12:00:00,17.45,16.774,12.843,67.122,3.777,14.099,3.019,11.963,9.815,10.68,29.633,21.202,30.047,25.816
2018-08-08 13:00:00,18.071,18.18,13.699,68.567,3.936,14.226,3.151,12.569,10.538,10.723,31.849,22.576,32.99,26.953
2018-08-08 14:00:00,18.664,17.301,13.568,69.561,4.125,14.582,3.372,12.276,10.852,10.321,33.224,23.25,32.834,27.696
2018-08-08 15:00:00,19.097,14.998,13.37,70.01,4.263,14.834,3.467,12.131,11.031,10.221,33.412,23.653,32.127,27.995
2018-08-08 16:00:00,18.286,14.444,13.4,68.603,4.155,14.864,3.361,12.293,10.624,10.298,30.274,22.74,30.007,25.772
2018-08-08 17:00:00,16.79,14.138,12.646,62.69,3.957,13.446,3.052,11.39,8.761,9.654,26.016,19.664,24.184,23.307
2018-08-08 18:00:00,15.214,12.431,10.914,56.885,3.595,12.06,2.808,9.878,7.076,8.341,23.321,16.786,18.559,20.734
2018-08-08 19:00:00,13.258,10.807,9.024,49.757,2.947,10.7,2.525,8.369,6.364,7.066,20.218,14.75,16.329,17.312
2018-08-08 20:00:00,11.46,9.156,7.603,41.759,2.104,9.606,2.205,6.817,5.421,5.912,17.257,12.332,14.323,14.575
2018-08-08 21:00:00,8.875,7.831,6.441,33.442,1.547,8.019,2.003,5.586,4.701,5.004,14.787,11.082,12.126,12.468
2018-08-08 22:00:00,7.288,6.319,4.985,28.602,1.209,7.075,1.581,4.449,4.055,4.296,11.768,9.569,10.353,9.764
2018-08-08 23:00:00,5.994,5.02,3.975,24.481,0.968,6.24,1.321,3.281,3.453,3.372,9.755,8.011,8.895,7.904
2018-08-09 00:00:00,4.939,4.023,3.231,21.294,0.757,5.341,1.066,2.67,2.879,2.708,8.099,6.72,7.673,6.931
2018-08-09 01:00:00,4.18,3.468,2.721,18.556,0.562,4.559,0.864,2.186,2.452,2.294,6.626,5.872,6.96,5.947
2018-08-09 02:00:00,3.805,2.989,2.583,17.109,0.488,4.195,0.75,1.939,2.132,1.994,5.943,5.503,6.189,4.891
2018-08-09 03:00:00,3.467,2.628,2.197,16.723,0.408,4.186,0.669,1.95,1.982,1.588,5.843,5.4,5.447,4.537
2018-08-09 04:00:00,3.721,2.434,1.973,17.06,0.345,4.144,0.668,2.07,1.993,1.57,5.866,5.3,6.448,4.239
2018-08-09 05:00:00,4.197,2.449,2.337,18.686,0.593,4.621,0.746,2.213,2.167,1.74,6.903,6.192,6.017,4.916
2018-08-09 06:00:00,4.651,3.084,2.319,21.844,0.981,4.901,0.994,2.468,2.792,2.367,8.985,8.192,6.939,6.753
2018-08-09 07:00:00,6.038,3.927,2.569,27.672,1.223,5.984,1.355,2.752,3.413,2.605,11.387,9.704,11.281,9.963
2018-08-09 08:00:00,7.249,4.883,3.076,33.703,1.367,7.014,1.941,3.48,3.576,3.079,15.054,10.937,15.889,13.944
2018-08-09 09:00:00,9.656,6.867,4.165,41.972,1.683,8.989,2.545,4.324,4.132,3.724,19.292,12.343,21.293,19.296
2018-08-09 10:00:00,13.276,9.107,5.751,52.238,2.243,11.6,3.08,5.597,5.793,5.122,23.899,14.859,24.906,24.073
2018-08-09 11:00:00,15.701,11.791,7.52,60.465,2.616,13.0,3.367,7.173,7.906,6.851,26.835,18.385,26.997,26.879
2018-08-09 12:00:00,17.777,14.108,9.544,68.028,2.886,14.144,3.599,8.985,9.891,8.256,29.063,21.256,27.725,29.386
2018-08-09 13:00:00,19.103,16.229,11.457,71.409,3.046,14.956,3.708,10.521,10.718,9.31,31.775,22.463,31.341,31.602
2018-08-09 14:00:00,20.286,17.555,13.147,73.612,3.568,15.754,3.816,11.879,11.009,10.265,33.711,23.772,32.563,33.567
2018-08-09 15:00:00,20.733,17.954,14.301,74.094,3.948,16.14,3.867,12.925,11.811,10.999,34.371,25.306,32.895,33.879
2018-08-09 16:00:00,19.826,17.983,14.08,72.729,3.923,16.135,3.839,12.562,11.451,10.729,33.566,23.979,31.664,34.043
2018-08-09 17:00:00,17.949,16.43,13.009,65.318,3.554,14.434,3.551,11.1,9.711,9.701,30.019,21.324,29.051,32.702
2018-08-09 18:00:00,15.676,14.243,11.227,57.241,2.939,12.484,3.273,9.334,8.286,8.292,25.724,19.161,26.372,29.369
2018-08-09 19:00:00,13.433,11.129,9.221,49.61,2.01,11.033,3.047,7.942,7.089,7.061,20.499,16.007,22.113,23.034
2018-08-09 20:00:00,11.44,8.38,7.865,41.786,1.302,9.672,2.771,6.739,5.97,6.1,16.211,13.309,18.232,17.442
2018-08-09 21:00:00,8.915,6.064,6.358,34.488,0.728,8.507,2.366,5.595,4.797,5.225,11.982,11.017,14.705,12.885
2018-08-09 22:00:00,7.198,4.231,4.833,29.067,0.464,7.318,1.958,4.277,3.774,4.107,8.281,8.502,12.189,8.57
2018-08-09 23:00:00,5.798,2.764,4.027,23.85,0.349,6.187,1.537,3.23,3.063,3.316,5.428,6.696,9.001,5.832
2018-08-10 00:00:00,4.489,1.938,3.219,19.262,0.265,4.882,1.203,2.685,2.413,2.711,4.036,5.287,6.803,4.032
2018-08-10 01:00:00,3.55,1.428,2.33,15.917,0.214,3.907,0.822,1.891,1.701,1.919,2.995,3.989,5.73,3.135
2018-08-10 02:00:00,2.961,1.238,1.92,13.55,0.192,3.348,0.581,1.433,1.23,1.301,2.264,3.42,4.42,2.416
2018-08-10 03:00:00,2.406,1.111,1.605,11.726,0.176,2.986,0.403,1.285,0.887,1.079,1.976,2.89,3.525,2.004
2018-08-10 04:00:00,2.161,1.111,1.306,10.569,0.139,2.774,0.253,1.185,0.76,0.894,1.811,2.553,4.438,1.66
2018-08-10 05:00:00,1.939,0.891,1.316,10.129,0.2,2.834,0.362,1.252,1.033,0.979,2.44,2.719,3.735,1.935
2018-08-10 06:00:00,1.651,1.393,1.732,10.297,0.353,2.63,0.604,1.611,1.652,1.502,3.715,3.897,4.51,3.332
2018-08-10 07:00:00,2.191,3.11,2.637,16.06,0.695,3.206,0.667,2.322,2.315,2.265,4.097,5.345,9.42,6.044
2018-08-10 08:00:00,3.156,5.083,3.483,21.0,0.722,4.256,0.976,3.243,3.002,2.939,5.453,7.532,14.055,8.668
2018-08-10 09:00:00,4.921,7.301,3.814,27.523,1.035,5.777,1.437,3.578,2.661,3.047,7.239,7.723,19.035,11.653
2018-08-10 10:00:00,7.18,9.584,5.26,32.254,1.564,7.013,2.024,5.055,3.092,4.313,10.447,9.033,22.618,14.957
2018-08-10 11:00:00,9.235,11.827,6.508,37.807,1.78,8.22,2.253,6.071,4.519,5.671,13.544,11.352,24.349,18.249
2018-08-10 12:00:00,10.917,13.0,7.56,43.171,1.97,8.86,2.433,6.988,5.693,6.467,16.069,13.477,24.805,21.708
2018-08-10 13:00:00,12.161,14.388,8.679,46.97,2.253,9.279,2.724,7.963,6.532,7.096,18.852,15.61,27.825,24.888
2018-08-10 14:00:00,13.617,15.757,9.818,50.971,2.688,10.129,3.0,8.892,7.148,7.823,21.864,17.167,29.048,27.654
2018-08-10 15:00:00,15.015,16.754,10.56,54.757,2.935,11.163,3.089,9.502,7.778,8.366,24.19,18.415,29.072,29.143
2018-08-10 16:00:00,14.796,16.927,10.965,55.591,2.87,12.054,3.155,9.869,8.245,8.76,24.529,18.775,28.477,29.0
2018-08-10 17:00:00,14.007,15.509,10.831,52.359,2.591,11.572,3.016,9.297,7.251,8.43,22.657,17.241,25.687,26.946
2018-08-10 18:00:00,12.443,13.145,8.282,47.117,1.907,10.225,2.732,7.117,5.786,6.251,18.647,14.648,22.001,23.195
2018-08-10 19:00:00,9.165,9.329,4.958,36.872,1.394,8.074,2.103,4.154,4.008,3.625,13.022,10.14,16.045,16.39
2018-08-10 20:00:00,6.101,6.859,3.818,25.357,0.694,6.201,1.563,2.934,2.844,2.753,10.338,7.822,12.188,12.36
2018-08-10 21:00:00,3.651,5.341,2.451,16.144,0.28,4.521,1.147,1.759,1.668,1.563,6.599,4.937,8.616,8.333
2018-08-10 22:00:00,2.892,3.981,1.578,12.977,0.128,3.789,0.747,0.873,1.031,0.915,3.698,2.767,6.001,5.097
2018-08-10 23:00:00,1.908,2.681,1.005,8.87,0.091,2.478,0.396,0.407,0.651,0.586,1.998,1.546,4.343,3.232
2018-08-11 00:00:00,1.125,2.143,0.558,6.275,0.053,1.613,0.204,0.252,0.42,0.302,1.469,0.808,3.455,2.125
2018-08-11 01:00:00,0.863,1.931,0.322,4.825,0.057,1.191,0.08,0.182,0.265,0.182,0.959,0.507,3.004,1.604
2018-08-11 02:00:00,0.617,2.044,0.376,3.405,0.019,0.876,0.059,0.152,0.218,0.119,0.7,0.584,2.456,1.249
2018-08-11 03:00:00,0.405,1.762,0.236,2.548,0.004,0.693,0.055,0.114,0.226,0.102,0.586,0.477,1.989,0.952
2018-08-11 04:00:00,0.323,1.624,0.109,2.118,0.001,0.667,0.029,0.116,0.196,0.061,0.689,0.355,3.033,0.861
2018-08-11 05:00:00,0.326,1.401,0.126,2.347,0.005,0.602,0.044,0.121,0.195,0.107,0.741,0.422,2.348,0.805
2018-08-11 06:00:00,0.66,1.875,0.275,3.763,0.012,0.831,0.103,0.201,0.201,0.097,1.132,0.436,2.476,0.869
2018-08-11 07:00:00,1.109,3.27,0.521,7.041,0.051,1.551,0.251,0.312,0.252,0.126,2.342,0.743,3.222,0.878
2018-08-11 08:00:00,2.161,5.729,0.809,11.872,0.193,2.777,0.443,0.927,0.451,0.327,4.116,1.251,4.053,1.074
2018-08-11 09:00:00,4.45,6.925,2.033,22.073,0.505,5.2,0.692,1.725,0.908,1.503,8.125,2.226,5.237,1.912
2018-08-11 10:00:00,7.843,6.665,3.576,33.041,0.831,7.629,1.284,3.2,1.478,3.112,10.273,4.331,5.675,3.408
2018-08-11 11:00:00,10.63,6.083,4.762,40.233,1.19,9.151,1.879,4.508,2.463,4.318,10.905,6.971,6.452,5.043
2018-08-11 12:00:00,12.888,5.754,6.177,47.801,1.506,10.503,2.389,5.627,3.152,5.303,11.456,8.71,6.397,6.312
2018-08-11 13:00:00,14.811,5.576,7.861,53.129,1.82,11.41,2.77,6.933,3.551,6.601,12.416,9.658,6.133,6.828
2018-08-11 14:00:00,16.119,5.445,9.099,56.91,1.93,12.139,3.136,7.889,4.246,7.568,13.979,11.267,5.473,6.652
2018-08-11 15:00:00,16.372,5.268,9.633,57.997,2.183,12.577,3.134,8.443,4.964,7.951,14.555,12.908,5.568,6.59
2018-08-11 16:00:00,15.055,4.997,9.551,55.023,2.288,12.014,3.165,8.476,5.213,7.786,13.001,13.085,5.408,5.841
2018-08-11 17:00:00,13.137,4.589,8.615,48.868,2.029,10.76,3.01,7.429,4.598,6.855,11.181,11.773,5.07,5.445
2018-08-11 18:00:00,11.338,4.292,6.87,42.374,1.523,9.328,2.644,5.956,3.596,5.409,9.66,9.576,4.932,5.191
2018-08-11 19:00:00,9.26,3.847,5.022,35.401,1.132,7.868,2.249,4.542,2.897,4.03,8.1,7.759,4.627,4.395
2018-08-11 20:00:00,7.52,3.596,3.664,29.563,0.668,6.686,1.815,3.273,2.218,3.175,6.576,6.185,4.487,3.771
2018-08-11 21:00:00,5.954,3.127,3.288,24.181,0.475,5.763,1.466,2.454,1.717,2.43,5.541,4.809,3.76,3.568
2018-08-11 22:00:00,4.496,2.466,2.522,18.987,0.333,4.874,1.141,1.858,1.218,1.833,4.081,3.441,2.956,2.616
2018-08-11 23:00:00,3.409,1.846,1.575,14.961,0.206,3.883,0.806,1.172,0.89,1.27,2.904,2.535,2.51,2.01
2018-08-12 00:00:00,2.563,1.503,1.184,11.965,0.169,3.012,0.49,1.182,0.741,1.005,2.523,2.009,2.165,1.683
2018-08-12 01:00:00,2.09,1.422,1.01,9.769,0.146,2.396,0.241,1.077,0.549,0.77,1.989,1.606,2.118,1.718
2018-08-12 02:00:00,1.826,1.304,1.141,8.575,0.139,2.125,0.171,0.959,0.44,0.671,1.664,1.505,2.001,1.55
2018-08-12 03:00:00,1.557,1.163,0.973,7.951,0.136,2.003,0.155,0.822,0.414,0.523,1.39,1.341,1.875,1.173
2018-08-12 04:00:00,1.445,1.109,0.835,7.211,0.103,1.873,0.17,0.74,0.382,0.472,1.34,1.092,1.801,1.145
2018-08-12 05:00:00,1.53,0.912,0.815,7.234,0.149,1.941,0.213,0.884,0.468,0.513,1.462,1.103,1.885,1.192
2018-08-12 06:00:00,2.179,0.915,1.314,10.811,0.164,2.673,0.358,1.383,0.717,0.982,2.412,1.664,3.524,1.46
2018-08-12 07:00:00,3.375,1.383,2.197,16.132,0.217,3.815,0.615,2.057,1.316,2.133,3.095,2.733,3.232,1.567
2018-08-12 08:00:00,5.635,2.046,3.148,23.55,0.31,5.551,1.098,3.024,1.721,3.077,3.826,4.092,3.953,1.912
2018-08-12 09:00:00,8.429,3.068,4.929,32.812,0.52,7.515,1.786,4.441,2.178,4.248,3.989,5.98,4.298,2.109
2018-08-12 10:00:00,11.556,4.752,6.838,40.364,0.635,9.446,2.344,6.153,2.203,5.927,4.16,6.036,5.699,2.331
2018-08-12 11:00:00,13.702,6.863,8.048,46.87,0.825,10.841,2.754,7.435,2.493,6.858,4.681,6.9,7.118,2.508
2018-08-12 12:00:00,15.832,7.741,8.568,54.344,1.009,12.266,3.035,7.741,2.898,7.223,6.273,8.034,7.192,2.697
2018-08-12 13:00:00,16.186,7.458,8.277,55.874,1.115,12.503,3.222,7.357,3.16,6.852,8.198,8.952,7.446,2.995
2018-08-12 14:00:00,14.803,7.844,7.541,51.13,1.2,11.474,3.146,6.757,2.425,6.259,9.095,6.725,7.584,3.386
2018-08-12 15:00:00,12.865,9.442,7.067,44.943,1.327,10.134,3.129,6.4,2.437,5.838,9.952,6.24,7.16,3.809
2018-08-12 16:00:00,10.895,10.474,6.833,40.339,1.473,8.973,3.159,6.125,2.439,5.602,10.024,6.365,6.462,4.045
2018-08-12 17:00:00,9.909,9.992,6.651,36.871,1.67,8.363,3.062,6.027,3.102,5.646,9.341,7.796,6.446,4.172
2018-08-12 18:00:00,9.027,9.156,6.573,33.62,1.569,7.76,2.838,5.677,3.499,5.492,8.771,8.701,6.379,4.892
2018-08-12 19:00:00,7.474,7.528,5.291,28.522,1.201,6.738,2.339,4.578,2.804,4.458,7.675,6.924,5.87,4.485
2018-08-12 20:00:00,6.186,6.657,4.235,24.382,0.887,5.829,1.885,3.665,2.316,3.579,6.833,5.428,5.707,4.437
2018-08-12 21:00:00,5.079,5.324,3.529,20.651,0.644,5.103,1.407,2.623,1.765,2.662,5.737,4.865,4.662,4.125
2018-08-12 22:00:00,3.801,4.06,2.872,16.586,0.484,4.263,1.093,2.105,1.22,2.157,4.465,3.538,3.516,2.883
2018-08-12 23:00:00,3.074,2.869,1.975,13.549,0.327,3.402,0.862,1.516,0.887,1.555,3.523,2.561,2.842,2.33
2018-08-13 00:00:00,2.49,2.104,1.351,11.508,0.214,2.806,0.592,1.331,0.722,1.1,3.014,1.969,2.389,1.966
2018-08-13 01:00:00,2.057,1.924,1.064,9.858,0.168,2.33,0.378,0.93,0.508,0.805,2.444,1.495,2.43,1.877
2018-08-13 02:00:00,1.796,1.72,1.042,8.851,0.129,2.095,0.279,0.738,0.388,0.593,1.968,1.425,2.228,1.7
2018-08-13 03:00:00,1.573,1.419,0.849,8.03,0.094,1.96,0.182,0.739,0.38,0.455,1.901,1.401,1.951,1.8
2018-08-13 04:00:00,1.505,1.362,0.865,7.79,0.063,2.06,0.145,0.976,0.395,0.532,2.203,1.188,3.542,1.668
2018-08-13 05:00:00,1.874,1.148,1.03,9.44,0.132,2.445,0.22,1.025,0.503,0.665,2.561,1.45,2.943,1.796
2018-08-13 06:00:00,2.586,1.516,1.151,13.449,0.233,3.388,0.384,1.431,0.748,0.76,3.212,2.378,2.798,2.388
2018-08-13 07:00:00,3.364,2.027,1.661,19.212,0.292,4.456,0.653,1.936,0.825,1.318,3.697,2.671,4.267,2.78
2018-08-13 08:00:00,5.522,3.022,2.959,28.666,0.45,6.421,0.936,3.166,1.509,2.781,6.161,4.929,5.308,3.432
2018-08-13 09:00:00,8.638,4.631,5.119,39.179,0.802,8.512,1.531,5.052,2.957,4.853,10.4,9.235,6.619,4.238
2018-08-13 10:00:00,12.199,6.051,7.529,48.774,1.376,10.992,2.322,7.284,4.751,6.563,14.111,12.827,7.237,5.357
2018-08-13 11:00:00,14.63,7.869,9.927,56.761,1.934,12.42,2.84,8.958,6.295,8.362,15.14,15.684,7.556,6.324
2018-08-13 12:00:00,16.358,8.764,11.535,63.65,2.441,13.311,3.229,10.517,7.349,9.618,16.622,17.328,6.771,7.058
2018-08-13 13:00:00,17.667,10.156,12.065,67.587,2.465,14.022,3.443,11.04,7.058,9.737,17.51,17.013,8.128,7.761
2018-08-13 14:00:00,17.198,10.077,11.945,64.48,2.322,13.608,3.584,10.821,6.335,9.292,18.969,15.78,7.927,8.833
2018-08-13 15:00:00,16.655,8.999,11.544,61.34,2.421,13.107,3.691,10.519,6.211,8.989,18.93,15.438,8.59,9.234
2018-08-13 16:00:00,15.655,7.891,10.684,59.698,2.497,13.079,3.686,9.976,6.452,8.504,18.501,15.365,8.694,8.959
2018-08-13 17:00:00,14.639,6.602,10.325,54.89,2.548,11.887,3.458,9.328,6.168,8.158,16.64,15.168,8.29,8.327
2018-08-13 18:00:00,13.113,5.875,8.967,49.386,2.271,10.433,3.165,8.004,5.466,6.938,13.895,13.93,8.007,7.36
2018-08-13 19:00:00,11.178,5.299,6.955,42.756,1.825,9.189,2.782,6.388,4.571,5.428,11.348,11.54,7.715,6.61
2018-08-13 20:00:00,9.668,5.142,5.527,36.077,1.365,8.487,2.297,5.015,3.793,4.305,10.049,9.225,6.971,6.336
2018-08-13 21:00:00,7.827,4.378,4.612,30.554,0.844,7.647,1.924,3.968,3.289,3.443,8.634,7.551,6.159,5.876
2018-08-13 22:00:00,6.399,3.46,3.619,26.245,0.63,6.544,1.567,3.101,2.517,2.91,6.539,5.852,5.107,4.688
2018-08-13 23:00:00,5.391,2.654,2.568,22.5,0.425,5.647,1.291,2.132,1.798,2.269,5.289,4.186,3.821,3.706
2018-08-14 00:00:00,4.518,2.238,1.859,19.748,0.323,4.822,1.095,1.666,1.235,1.692,3.984,3.191,3.19,3.217
2018-08-14 01:00:00,3.917,2.073,1.531,17.199,0.274,4.144,0.842,1.314,0.903,1.268,2.988,2.634,3.027,2.763
2018-08-14 02:00:00,3.531,1.969,1.593,15.783,0.243,3.752,0.662,1.185,0.75,1.051,2.648,2.414,2.967,2.511
2018-08-14 03:00:00,2.977,1.833,1.439,14.161,0.222,3.452,0.592,1.211,0.634,0.961,2.655,2.227,3.268,2.214
2018-08-14 04:00:00,2.834,1.672,1.267,12.861,0.24,3.264,0.509,1.439,0.808,0.991,2.885,1.949,4.538,2.243
2018-08-14 05:00:00,2.92,1.702,1.421,14.309,0.337,3.546,0.553,1.562,0.847,1.063,3.612,2.41,3.957,2.61
2018-08-14 06:00:00,3.692,2.766,1.719,18.839,0.632,4.322,0.707,1.754,1.252,1.426,5.398,3.627,4.929,4.512
2018-08-14 07:00:00,4.299,4.192,2.278,24.207,0.733,5.402,0.913,2.494,1.546,2.033,7.483,4.411,7.857,4.93
2018-08-14 08:00:00,5.468,6.093,3.153,28.102,0.868,6.235,0.931,3.276,1.52,2.742,12.333,5.516,10.246,5.852
2018-08-14 09:00:00,6.95,8.603,3.773,33.439,0.988,7.338,1.097,3.747,2.039,3.289,18.304,7.422,12.866,9.747
2018-08-14 10:00:00,9.493,11.177,5.107,40.407,1.11,9.387,1.353,4.9,3.463,4.48,22.987,10.373,16.465,13.288
2018-08-14 11:00:00,11.601,13.118,6.676,47.566,1.504,10.546,1.825,6.304,5.456,6.074,25.529,14.175,20.498,17.395
2018-08-14 12:00:00,14.57,13.706,8.714,58.269,2.179,12.48,2.433,8.33,7.73,7.836,26.764,17.814,19.031,21.152
2018-08-14 13:00:00,16.951,14.246,10.811,65.766,3.029,13.768,3.029,10.077,9.407,9.12,26.123,20.748,16.244,22.34
2018-08-14 14:00:00,17.987,16.001,12.55,67.496,3.818,14.1,3.393,11.374,10.081,9.869,26.962,22.407,17.14,24.168
2018-08-14 15:00:00,18.014,17.908,13.298,66.219,3.93,13.978,3.548,12.202,9.947,10.346,28.508,21.798,18.383,25.483
2018-08-14 16:00:00,17.563,16.974,12.293,65.912,3.777,14.348,3.638,11.348,9.847,9.625,27.802,21.066,19.027,25.715
2018-08-14 17:00:00,16.668,13.882,11.414,61.529,3.403,13.37,3.444,10.256,8.952,8.919,25.313,19.99,19.07,24.796
2018-08-14 18:00:00,14.675,11.43,9.618,54.592,2.856,11.711,3.226,8.454,7.695,7.376,21.439,18.19,16.938,21.547
2018-08-14 19:00:00,12.094,9.155,7.007,45.335,2.259,9.711,2.745,6.466,6.293,5.576,17.692,14.854,13.367,16.154
2018-08-14 20:00:00,10.435,7.288,5.326,37.547,1.608,8.884,2.209,4.99,5.002,4.336,14.286,12.147,11.445,12.844
2018-08-14 21:00:00,8.208,6.132,4.122,30.611,1.041,7.524,1.877,3.674,4.082,3.317,9.639,9.546,9.241,10.034
2018-08-14 22:00:00,6.218,4.722,3.055,24.333,0.619,6.168,1.402,2.483,3.018,2.483,6.855,6.863,7.489,7.468
2018-08-14 23:00:00,4.915,3.207,2.146,20.038,0.388,5.157,1.026,1.632,2.236,1.805,5.625,5.278,6.331,5.315
2018-08-15 00:00:00,3.843,2.508,1.527,16.913,0.257,4.198,0.807,1.307,1.57,1.232,4.062,3.922,5.053,3.899
2018-08-15 01:00:00,3.207,2.163,1.274,14.335,0.226,3.508,0.586,0.983,0.973,0.9,3.045,2.939,4.156,3.092
2018-08-15 02:00:00,2.701,1.889,1.168,12.383,0.185,3.061,0.445,0.773,0.694,0.649,2.519,2.334,3.797,2.467
2018-08-15 03:00:00,2.174,1.647,0.999,10.687,0.121,2.724,0.445,0.775,0.503,0.576,2.223,1.834,3.579,2.055
2018-08-15 04:00:00,2.003,1.724,0.925,10.346,0.095,2.869,0.371,0.995,0.512,0.571,2.387,1.7,4.861,1.877
2018-08-15 05:00:00,2.231,1.933,1.089,11.098,0.168,2.958,0.393,1.211,0.776,0.735,3.15,2.161,4.489,2.336
2018-08-15 06:00:00,2.62,2.472,1.32,13.724,0.267,3.358,0.683,1.386,1.229,1.102,4.459,3.041,5.665,3.551
2018-08-15 07:00:00,3.21,2.838,1.305,18.137,0.358,4.128,0.85,1.463,1.638,1.081,5.82,3.954,10.0,6.089
2018-08-15 08:00:00,4.95,3.5,1.836,26.26,0.516,5.794,1.253,1.907,1.841,1.511,7.962,5.319,14.193,9.971
2018-08-15 09:00:00,8.592,5.127,3.287,38.24,0.928,8.251,1.969,3.135,2.829,2.836,11.967,8.808,17.836,14.744
2018-08-15 10:00:00,12.416,8.305,5.853,49.502,1.322,10.918,2.604,5.616,4.894,5.34,18.738,13.126,22.682,20.0
2018-08-15 11:00:00,14.912,11.421,8.854,57.681,1.691,12.503,2.792,8.366,7.117,7.842,24.207,17.344,26.941,23.716
2018-08-15 12:00:00,16.373,13.851,11.302,62.494,2.429,13.051,2.474,10.462,9.18,9.503,28.056,20.467,29.638,26.545
2018-08-15 13:00:00,15.726,16.114,11.797,60.87,3.157,12.72,2.666,10.618,10.393,9.24,31.221,22.474,32.449,29.417
2018-08-15 14:00:00,16.799,17.604,12.246,64.312,3.557,13.361,3.111,11.019,10.398,9.63,34.196,22.757,32.994,32.597
2018-08-15 15:00:00,18.138,18.542,13.589,67.962,3.833,14.369,3.338,12.524,10.75,10.719,35.919,23.534,33.304,34.284
2018-08-15 16:00:00,17.877,19.439,13.617,67.561,3.959,14.631,3.277,12.389,11.211,10.528,33.701,23.979,32.494,33.037
2018-08-15 17:00:00,14.634,18.034,12.585,55.328,3.698,11.915,3.029,11.132,9.471,9.706,29.925,21.11,28.679,29.948
2018-08-15 18:00:00,11.292,15.935,10.608,43.319,3.16,8.915,2.722,9.209,7.442,8.044,26.115,17.551,24.609,25.932
2018-08-15 19:00:00,9.133,13.413,7.325,36.064,2.443,7.611,2.287,6.953,6.2,5.847,21.706,14.9,20.917,20.945
2018-08-15 20:00:00,7.583,11.285,5.665,29.227,1.787,6.77,1.918,5.045,4.924,4.347,18.589,11.924,17.744,17.009
2018-08-15 21:00:00,5.959,8.769,4.652,23.793,1.158,5.903,1.585,3.73,3.913,3.491,15.445,9.184,15.176,13.792
2018-08-15 22:00:00,4.796,6.602,3.466,19.403,0.752,5.2,1.172,2.802,2.712,2.804,11.829,6.512,13.057,11.049
2018-08-15 23:00:00,3.738,5.074,2.401,15.989,0.493,4.214,0.998,1.875,1.93,2.019,9.086,4.706,10.37,8.614
2018-08-16 00:00:00,2.876,3.85,1.875,13.662,0.376,3.486,0.783,1.592,1.324,1.617,6.877,3.432,8.654,6.722
2018-08-16 01:00:00,2.606,3.079,1.63,12.169,0.324,3.051,0.599,1.327,0.924,1.285,5.138,2.666,8.433,5.394
2018-08-16 02:00:00,2.341,2.43,1.667,10.925,0.28,2.734,0.483,1.207,0.73,1.1,3.864,2.261,7.267,4.164
2018-08-16 03:00:00,1.756,1.99,1.422,9.35,0.269,2.362,0.39,1.266,0.598,1.028,3.191,1.96,6.374,2.982
2018-08-16 04:00:00,1.674,1.751,1.19,8.755,0.27,2.503,0.346,1.357,0.527,1.066,3.521,1.642,6.64,2.713
2018-08-16 05:00:00,2.203,1.734,1.14,10.095,0.349,2.943,0.404,1.532,0.638,1.038,4.34,2.016,5.767,3.033
2018-08-16 06:00:00,3.117,2.767,1.966,15.204,0.482,3.774,0.57,1.789,1.057,1.558,4.25,3.337,7.274,4.434
2018-08-16 07:00:00,4.215,4.703,2.565,23.032,0.529,5.388,0.84,2.278,2.016,2.28,4.305,4.947,12.451,5.305
2018-08-16 08:00:00,5.62,7.604,3.452,29.469,0.9,6.258,1.261,3.273,2.925,3.173,6.381,8.261,17.605,7.901
2018-08-16 09:00:00,7.892,10.46,4.97,35.139,1.528,7.557,1.909,4.64,4.131,4.434,11.272,11.843,23.378,13.109
2018-08-16 10:00:00,10.563,13.033,6.489,41.579,2.092,9.393,2.318,5.871,5.382,5.561,18.899,14.015,27.388,19.123
2018-08-16 11:00:00,11.635,14.98,7.671,44.273,2.482,9.884,2.727,6.722,6.205,6.609,24.619,15.122,29.602,23.804
2018-08-16 12:00:00,12.659,17.051,8.693,48.168,2.728,10.119,2.96,7.916,7.089,7.57,27.879,16.4,31.053,26.953
2018-08-16 13:00:00,14.086,18.914,9.627,53.274,2.92,10.957,3.179,8.794,7.855,8.017,30.019,17.789,32.875,29.485
2018-08-16 14:00:00,15.231,19.402,10.754,56.181,3.263,11.49,3.294,9.62,8.456,8.584,32.349,19.264,33.371,31.793
2018-08-16 15:00:00,16.112,19.489,12.02,58.063,3.452,12.131,3.395,10.482,8.751,9.32,34.487,19.854,32.92,33.433
2018-08-16 16:00:00,15.721,19.615,12.002,58.617,3.438,12.826,3.354,10.778,9.108,9.448,34.136,20.164,32.118,33.701
2018-08-16 17:00:00,14.516,18.433,11.718,54.124,3.135,12.026,3.202,10.148,8.202,9.045,31.531,18.859,29.715,32.074
2018-08-16 18:00:00,12.836,16.21,9.809,47.83,2.634,10.508,2.991,8.382,7.0,7.461,27.904,16.841,25.391,28.357
2018-08-16 19:00:00,9.906,12.892,6.32,38.028,1.69,8.61,2.494,5.484,5.403,4.896,22.484,12.816,20.115,22.149
2018-08-16 20:00:00,7.594,10.352,4.115,28.85,0.918,7.128,1.82,3.322,3.868,3.122,18.44,9.006,16.905,17.221
2018-08-16 21:00:00,5.1,8.26,2.753,20.346,0.397,5.396,1.21,2.271,2.735,1.915,14.572,6.281,13.891,13.117
2018-08-16 22:00:00,3.374,6.269,1.914,14.252,0.21,4.035,0.793,1.55,1.403,1.196,10.506,3.629,10.465,9.461
2018-08-16 23:00:00,2.117,4.386,1.15,10.255,0.14,2.817,0.49,0.776,0.901,0.801,6.993,2.182,7.676,6.485
2018-08-17 00:00:00,1.394,3.246,0.587,7.387,0.047,2.011,0.226,0.303,0.562,0.357,4.866,1.227,5.575,4.524
2018-08-17 01:00:00,1.134,2.596,0.322,5.828,0.023,1.572,0.123,0.146,0.345,0.174,3.393,0.782,4.434,3.36
2018-08-17 02:00:00,0.833,1.989,0.374,4.616,0.013,1.266,0.086,0.152,0.266,0.128,2.391,0.834,3.354,2.22
2018-08-17 03:00:00,0.589,1.575,0.301,3.839,0.009,1.105,0.097,0.153,0.293,0.134,1.977,0.647,2.859,1.674
2018-08-17 04:00:00,0.623,1.457,0.213,3.546,0.032,1.143,0.084,0.179,0.234,0.174,1.878,0.464,4.162,1.492
2018-08-17 05:00:00,0.79,1.347,0.183,4.093,0.08,1.289,0.137,0.285,0.3,0.208,1.95,0.513,3.581,1.544
2018-08-17 06:00:00,1.129,2.028,0.366,6.824,0.05,1.702,0.137,0.391,0.401,0.264,2.386,0.83,4.334,2.143
2018-08-17 07:00:00,1.262,3.12,0.492,8.331,0.091,1.998,0.191,0.533,0.532,0.339,2.755,1.123,7.748,3.137
2018-08-17 08:00:00,1.901,4.748,0.617,12.176,0.241,2.909,0.278,0.855,0.536,0.514,4.171,1.767,11.512,4.435
2018-08-17 09:00:00,3.476,5.958,1.149,20.382,0.45,4.713,0.484,1.341,1.063,1.146,6.711,3.623,15.228,6.738
2018-08-17 10:00:00,5.597,6.166,2.026,27.038,0.85,6.184,0.728,2.063,2.12,1.935,9.667,6.662,20.139,9.153
2018-08-17 11:00:00,6.295,6.487,2.435,29.996,1.335,6.685,0.967,2.452,3.179,2.499,11.067,9.153,24.385,10.493
2018-08-17 12:00:00,6.029,7.802,2.424,29.25,1.708,6.305,1.054,2.546,3.252,2.523,11.555,9.332,25.869,10.281
2018-08-17 13:00:00,5.51,11.052,2.424,26.209,1.754,5.584,1.152,2.679,2.559,2.423,12.661,8.151,25.776,11.232
2018-08-17 14:00:00,5.084,15.402,2.476,23.807,1.706,5.172,1.397,2.706,2.37,2.457,15.996,7.761,22.572,13.538
2018-08-17 15:00:00,5.864,16.672,2.479,26.269,1.746,5.823,1.734,2.737,2.733,2.427,21.199,8.567,23.603,16.733
2018-08-17 16:00:00,6.729,15.013,2.709,29.919,1.793,6.765,1.901,3.062,3.267,2.464,22.895,9.566,25.497,19.513
2018-08-17 17:00:00,6.823,13.492,2.994,29.983,1.772,6.369,1.991,3.001,3.048,2.363,19.676,9.332,23.659,18.005
2018-08-17 18:00:00,6.799,11.44,2.981,29.254,1.533,5.996,1.854,2.638,2.877,2.073,16.063,8.722,19.467,15.304
2018-08-17 19:00:00,6.666,9.679,2.641,27.67,1.283,6.053,1.752,2.386,2.705,1.993,14.094,7.87,16.946,12.848
2018-08-17 20:00:00,6.239,8.837,2.382,24.98,1.037,5.975,1.682,2.147,2.386,2.038,12.506,6.299,15.632,11.788
2018-08-17 21:00:00,5.35,7.52,2.356,22.073,0.771,5.599,1.45,1.99,2.201,1.957,11.038,5.766,13.533,10.041
2018-08-17 22:00:00,4.494,6.154,1.929,19.351,0.519,4.99,1.184,1.71,1.989,1.717,8.663,5.212,11.351,8.082
2018-08-17 23:00:00,3.885,4.868,1.607,17.084,0.424,4.369,1.005,1.291,1.673,1.548,6.837,4.307,9.632,6.68
2018-08-18 00:00:00,3.215,4.17,1.328,15.568,0.298,3.703,0.918,1.223,1.431,1.305,5.746,3.763,8.56,6.147
2018-08-18 01:00:00,2.834,3.866,1.256,13.611,0.26,3.14,0.57,1.154,1.249,1.122,4.675,3.644,7.722,5.389
2018-08-18 02:00:00,2.23,3.477,1.426,10.504,0.276,2.479,0.33,1.166,1.197,1.005,4.241,3.539,7.173,4.688
2018-08-18 03:00:00,1.468,3.117,1.247,7.711,0.28,1.968,0.233,1.079,0.988,0.91,3.698,3.341,6.655,4.252
2018-08-18 04:00:00,1.234,2.937,0.997,6.641,0.209,1.869,0.204,0.943,0.89,0.755,3.641,2.721,7.162,3.425
2018-08-18 05:00:00,1.134,2.746,0.814,5.92,0.228,1.618,0.297,0.829,0.714,0.613,3.72,2.257,6.567,3.271
2018-08-18 06:00:00,1.118,3.241,0.952,6.155,0.375,1.586,0.376,1.062,0.773,0.489,4.404,2.414,7.403,3.824
2018-08-18 07:00:00,1.153,4.148,1.156,7.412,0.567,1.782,0.41,1.241,0.857,0.683,5.883,2.362,8.856,4.302
2018-08-18 08:00:00,1.504,4.647,1.147,7.77,0.657,1.797,0.509,1.22,0.993,0.705,7.585,3.243,12.641,5.062
2018-08-18 09:00:00,1.389,4.786,1.285,7.779,0.575,1.788,0.648,1.135,1.159,0.852,10.797,3.761,16.475,6.928
2018-08-18 10:00:00,1.677,5.496,1.43,8.889,0.673,1.871,0.895,1.197,1.287,0.935,13.117,4.704,18.46,8.774
2018-08-18 11:00:00,2.155,7.001,1.327,10.617,0.794,2.578,1.176,1.262,1.243,1.216,13.661,4.318,18.227,12.042
2018-08-18 12:00:00,3.139,8.234,1.214,13.837,0.669,3.3,1.398,1.287,1.291,1.219,13.73,4.355,19.652,14.219
2018-08-18 13:00:00,4.104,9.216,1.563,17.696,0.627,3.903,1.651,1.42,1.262,1.462,12.613,4.213,20.802,14.119
2018-08-18 14:00:00,4.82,10.027,2.082,19.224,0.614,4.47,1.968,1.618,1.356,1.804,12.148,4.341,19.519,14.031
2018-08-18 15:00:00,5.355,10.035,2.457,21.092,0.603,4.923,2.159,2.009,1.656,2.154,12.083,5.025,19.145,12.75
2018-08-18 16:00:00,5.915,9.273,2.739,23.737,0.754,5.479,2.445,2.606,1.904,2.646,11.126,5.535,18.126,10.971
2018-08-18 17:00:00,6.109,8.354,3.393,25.265,0.683,5.855,2.479,2.998,1.95,3.041,9.575,5.563,15.126,9.143
2018-08-18 18:00:00,5.913,7.051,3.418,24.392,0.702,5.649,2.167,3.022,2.032,3.009,8.551,5.924,13.264,7.822
2018-08-18 19:00:00,4.807,5.733,2.478,20.493,0.504,4.819,1.741,2.145,1.535,1.977,7.478,4.916,10.782,6.304
2018-08-18 20:00:00,3.748,4.666,1.684,16.986,0.416,4.004,1.352,1.453,1.338,1.203,5.978,3.808,8.493,5.517
2018-08-18 21:00:00,2.612,3.911,1.577,12.491,0.406,3.383,0.967,1.034,1.153,0.892,4.574,2.992,6.068,4.227
2018-08-18 22:00:00,1.627,2.846,1.133,8.845,0.199,2.466,0.677,0.873,0.874,0.729,3.08,2.058,4.711,3.016
2018-08-18 23:00:00,1.145,2.198,0.524,6.585,0.107,1.762,0.331,0.484,0.51,0.255,2.062,1.216,3.323,2.309
2018-08-19 00:00:00,0.839,1.729,0.351,4.786,0.046,1.208,0.202,0.634,0.342,0.187,1.847,0.655,2.723,1.907
2018-08-19 01:00:00,0.74,1.548,0.241,3.6,0.024,0.852,0.142,0.552,0.219,0.134,1.354,0.51,2.371,1.671
2018-08-19 02:00:00,0.468,1.482,0.332,2.974,0.013,0.736,0.091,0.549,0.195,0.097,1.073,0.694,2.169,1.408
2018-08-19 03:00:00,0.291,1.384,0.349,2.358,0.009,0.605,0.072,0.473,0.161,0.069,1.077,0.569,2.17,1.208
2018-08-19 04:00:00,0.262,1.154,0.141,2.098,0.008,0.544,0.039,0.444,0.134,0.052,0.861,0.417,1.929,0.904
2018-08-19 05:00:00,0.283,0.646,0.157,2.131,0.013,0.564,0.091,0.463,0.138,0.064,0.944,0.478,1.957,1.031
2018-08-19 06:00:00,0.554,1.174,0.463,3.821,0.092,0.89,0.105,0.611,0.287,0.109,1.824,0.711,3.645,1.744
2018-08-19 07:00:00,1.238,2.404,1.074,7.016,0.143,1.383,0.189,0.841,0.52,0.333,3.714,1.224,4.572,2.984
2018-08-19 08:00:00,2.586,4.467,1.735,12.774,0.264,3.015,0.517,1.317,0.813,0.952,6.224,1.412,6.646,5.211
2018-08-19 09:00:00,4.774,7.172,2.704,23.114,0.508,5.306,0.993,2.41,1.378,2.233,10.872,3.352,9.825,8.728
2018-08-19 10:00:00,7.758,9.784,4.84,31.857,0.948,7.652,1.682,4.534,2.249,4.302,14.632,6.19,13.11,11.76
2018-08-19 11:00:00,11.106,12.31,6.338,39.957,1.374,9.613,2.28,6.108,3.584,5.607,18.431,9.32,16.33,15.156
2018-08-19 12:00:00,13.89,13.703,8.14,48.017,1.848,11.124,2.695,7.282,4.94,6.917,21.6,12.198,18.547,18.79
2018-08-19 13:00:00,16.09,14.426,9.974,54.987,2.269,12.295,3.129,8.814,6.203,8.503,23.849,15.055,20.821,21.627
2018-08-19 14:00:00,17.549,15.074,11.379,59.229,2.669,13.425,3.231,9.843,7.268,9.377,24.897,16.96,22.119,23.674
2018-08-19 15:00:00,17.829,15.626,12.27,60.365,3.04,13.735,3.352,10.564,7.896,9.809,25.046,18.189,21.856,24.192
2018-08-19 16:00:00,16.148,14.373,12.151,57.207,3.024,12.902,3.449,10.485,8.325,9.679,24.272,18.423,20.579,23.365
2018-08-19 17:00:00,14.447,12.273,11.034,51.512,2.714,11.87,3.345,9.551,7.606,8.963,21.824,17.222,17.965,20.881
2018-08-19 18:00:00,12.195,9.645,8.865,43.828,2.06,10.102,3.157,7.477,6.351,7.023,18.032,14.839,13.776,16.596
2018-08-19 19:00:00,9.512,6.897,5.975,36.291,1.125,8.411,2.708,5.194,4.86,4.924,13.291,11.979,9.745,11.714
2018-08-19 20:00:00,7.441,5.561,3.957,29.05,0.59,6.973,2.062,3.483,3.816,3.27,9.109,9.674,7.125,7.933
2018-08-19 21:00:00,5.345,4.286,2.788,22.138,0.309,5.623,1.502,2.293,2.437,1.961,6.128,6.855,5.067,5.324
2018-08-19 22:00:00,3.637,3.036,1.889,15.725,0.161,4.212,1.005,1.556,1.531,1.189,3.561,4.77,3.576,3.568
2018-08-19 23:00:00,2.52,2.034,1.214,11.427,0.094,2.958,0.692,0.797,1.105,0.719,2.109,3.433,2.46,2.428
2018-08-20 00:00:00,1.537,1.561,0.708,8.4,0.054,2.086,0.388,0.501,0.841,0.362,1.499,2.372,2.013,1.601
2018-08-20 01:00:00,1.214,1.269,0.467,6.487,0.03,1.652,0.159,0.363,0.484,0.265,1.041,1.62,1.785,1.196
2018-08-20 02:00:00,0.914,1.115,0.543,5.04,0.013,1.366,0.073,0.377,0.323,0.169,0.767,1.129,1.45,0.928
2018-08-20 03:00:00,0.661,0.904,0.324,4.391,0.007,1.145,0.061,0.209,0.276,0.186,0.644,0.902,1.348,0.725
2018-08-20 04:00:00,0.66,0.892,0.278,3.882,0.004,1.134,0.041,0.328,0.302,0.141,0.725,0.601,2.468,0.712
2018-08-20 05:00:00,0.793,0.584,0.289,4.516,0.034,1.318,0.136,0.43,0.314,0.171,0.847,0.58,2.083,0.711
2018-08-20 06:00:00,1.344,0.595,0.68,7.778,0.031,2.038,0.269,0.607,0.461,0.205,1.208,0.863,2.047,1.219
2018-08-20 07:00:00,1.751,1.552,1.422,12.326,0.079,2.703,0.384,1.173,0.817,0.622,1.576,1.336,2.547,1.906
2018-08-20 08:00:00,2.991,3.296,2.049,19.602,0.284,3.75,0.819,1.984,1.247,1.567,2.439,2.732,4.22,3.04
2018-08-20 09:00:00,5.572,5.149,3.019,29.369,0.488,6.422,1.228,3.02,1.727,2.709,5.2,4.613,7.275,5.1
2018-08-20 10:00:00,8.47,7.416,4.662,36.701,0.892,8.393,1.708,4.771,3.188,4.396,10.322,8.536,9.692,8.636
2018-08-20 11:00:00,10.799,9.966,6.797,42.926,1.298,9.586,2.277,6.477,4.531,6.166,14.123,11.355,11.193,11.324
2018-08-20 12:00:00,12.994,11.516,8.344,50.245,1.568,10.461,2.637,7.729,5.716,7.246,17.279,14.01,12.956,14.354
2018-08-20 13:00:00,14.637,12.921,9.914,55.539,1.837,11.294,2.977,9.078,6.426,8.256,20.087,15.862,15.766,17.412
2018-08-20 14:00:00,16.381,12.723,10.914,60.477,2.418,12.292,3.209,9.991,7.486,8.856,23.07,18.092,16.635,21.112
2018-08-20 15:00:00,17.461,13.571,11.371,63.277,2.969,13.26,3.365,10.432,8.173,9.244,25.213,19.28,17.395,23.189
2018-08-20 16:00:00,16.824,13.522,11.684,62.662,3.058,13.588,3.396,10.79,8.383,9.417,25.156,19.291,17.671,23.708
2018-08-20 17:00:00,15.435,11.096,11.132,57.253,2.695,12.457,3.228,9.954,7.488,8.716,23.582,18.015,15.706,22.58
2018-08-20 18:00:00,13.29,8.688,8.702,50.191,2.05,10.73,2.944,7.698,5.512,6.795,19.624,14.177,13.478,18.528
2018-08-20 19:00:00,10.476,7.25,6.056,40.949,1.328,8.89,2.345,5.228,4.17,4.801,14.825,10.449,9.634,13.739
2018-08-20 20:00:00,7.67,5.672,4.158,30.868,0.935,7.255,1.763,3.446,3.231,3.067,10.837,8.536,6.804,9.974
2018-08-20 21:00:00,4.474,3.951,2.881,20.597,0.69,5.208,1.238,2.139,2.52,1.936,7.25,6.397,4.334,6.748
2018-08-20 22:00:00,3.457,2.995,1.858,16.173,0.298,4.248,0.825,1.337,1.715,1.159,4.497,4.486,2.654,4.209
2018-08-20 23:00:00,2.656,2.006,1.12,12.41,0.181,3.313,0.479,0.727,1.211,0.662,2.634,2.903,1.645,2.857
2018-08-21 00:00:00,1.87,1.385,0.677,9.741,0.096,2.496,0.241,0.404,0.806,0.375,1.749,1.972,1.296,1.977
2018-08-21 01:00:00,1.481,1.225,0.423,7.49,0.046,1.885,0.116,0.247,0.406,0.237,1.116,1.108,1.218,1.328
2018-08-21 02:00:00,1.094,1.017,0.473,5.847,0.024,1.537,0.072,0.196,0.288,0.141,0.825,0.948,1.015,1.07
2018-08-21 03:00:00,0.796,0.988,0.289,4.878,0.013,1.303,0.061,0.134,0.229,0.117,0.737,0.674,0.904,0.804
2018-08-21 04:00:00,0.682,0.958,0.147,4.055,0.028,1.06,0.058,0.214,0.208,0.145,0.853,0.55,1.321,0.916
2018-08-21 05:00:00,0.843,0.654,0.244,4.393,0.126,1.276,0.1,0.238,0.245,0.166,1.017,0.577,1.093,0.974
2018-08-21 06:00:00,1.423,0.718,0.45,7.147,0.095,2.132,0.182,0.407,0.343,0.208,1.671,0.859,1.089,1.082
2018-08-21 07:00:00,2.155,1.086,0.807,12.529,0.138,3.217,0.221,0.795,0.562,0.506,2.29,1.281,1.683,1.161
2018-08-21 08:00:00,3.193,2.376,1.367,18.723,0.359,4.395,0.489,1.444,0.973,1.094,3.547,2.578,2.559,1.585
2018-08-21 09:00:00,5.271,4.076,2.412,26.923,0.799,6.21,0.957,2.48,1.534,2.215,5.532,4.768,4.844,2.549
2018-08-21 10:00:00,7.809,5.955,3.746,33.813,1.086,7.917,1.392,3.722,2.417,3.553,8.595,7.338,6.9,4.566
2018-08-21 11:00:00,10.06,7.927,4.789,40.812,1.368,8.968,2.03,4.68,3.393,4.8,13.908,9.762,9.469,8.398
2018-08-21 12:00:00,11.927,9.557,6.214,47.45,1.619,9.987,2.349,5.846,4.58,5.724,17.152,12.027,10.36,11.356
2018-08-21 13:00:00,13.138,11.462,7.628,50.837,1.649,10.561,2.481,7.038,5.314,6.619,19.642,13.843,13.319,14.763
2018-08-21 14:00:00,13.987,12.34,8.088,53.12,2.019,11.014,2.858,7.26,5.699,6.879,21.287,14.966,14.815,18.259
2018-08-21 15:00:00,14.793,13.289,8.057,54.869,2.249,11.545,3.026,7.171,5.889,6.824,20.766,15.161,15.89,19.334
2018-08-21 16:00:00,13.839,12.145,7.939,52.475,2.259,11.54,2.812,7.401,5.548,6.753,18.877,14.292,15.624,19.362
2018-08-21 17:00:00,12.133,10.4,7.238,46.179,2.089,10.131,2.546,6.561,4.432,5.91,16.622,12.016,13.251,17.208
2018-08-21 18:00:00,10.359,8.724,5.811,39.318,1.597,8.357,2.281,5.296,3.292,4.707,13.554,9.8,10.685,14.135
2018-08-21 19:00:00,8.47,6.966,4.417,33.234,1.05,7.221,2.041,4.109,2.608,3.693,11.134,7.636,8.357,11.101
2018-08-21 20:00:00,7.546,6.485,3.868,28.719,0.887,6.992,1.824,3.145,2.033,3.089,9.43,5.775,7.298,9.269
2018-08-21 21:00:00,6.26,5.249,3.244,25.194,0.634,6.458,1.626,2.423,1.749,2.475,7.527,4.576,5.664,7.306
2018-08-21 22:00:00,5.061,3.856,2.299,21.217,0.413,5.409,1.33,1.777,1.18,1.81,5.629,3.339,4.028,5.537
2018-08-21 23:00:00,3.989,2.938,1.555,17.44,0.328,4.385,1.141,1.246,0.885,1.362,4.232,2.394,3.114,4.276
2018-08-22 00:00:00,3.334,2.24,1.259,15.504,0.268,3.805,1.03,1.209,0.675,1.169,3.189,1.909,2.577,3.228
2018-08-22 01:00:00,2.973,1.968,1.075,14.356,0.232,3.287,0.854,1.057,0.484,0.977,2.274,1.47,2.376,2.677
2018-08-22 02:00:00,2.535,1.802,1.327,13.034,0.214,2.907,0.761,1.045,0.406,0.841,1.936,1.464,2.15,2.259
2018-08-22 03:00:00,2.682,1.597,1.128,13.368,0.233,3.278,0.706,1.051,0.371,0.738,1.729,1.341,2.086,1.826
2018-08-22 04:00:00,2.902,1.356,0.945,13.339,0.197,3.408,0.637,1.049,0.361,0.681,1.657,1.076,3.023,1.7
2018-08-22 05:00:00,2.899,1.114,1.123,14.193,0.282,3.603,0.659,1.206,0.469,0.68,2.183,1.358,2.476,1.739
2018-08-22 06:00:00,2.959,1.251,1.036,15.495,0.309,3.566,0.761,1.148,0.809,0.712,2.497,1.814,2.375,2.01
2018-08-22 07:00:00,3.074,1.389,1.177,17.572,0.402,3.996,1.033,1.169,0.665,0.601,2.445,1.766,2.82,1.914
2018-08-22 08:00:00,4.246,1.851,1.195,22.5,0.3,4.601,1.268,1.341,0.568,0.736,2.666,1.821,4.118,1.819
2018-08-22 09:00:00,6.096,2.706,1.447,27.363,0.28,5.693,1.605,1.5,0.51,1.128,2.736,2.863,5.602,2.238
2018-08-22 10:00:00,7.325,3.765,1.931,31.267,0.253,7.032,1.923,1.909,0.716,1.723,4.828,3.395,8.238,3.004
2018-08-22 11:00:00,8.49,5.399,2.41,34.895,0.263,7.691,1.987,2.292,1.281,2.563,8.891,4.778,11.505,4.059
2018-08-22 12:00:00,9.372,6.886,3.425,38.182,0.353,7.944,1.932,3.337,2.034,3.577,10.664,6.931,12.763,6.54
2018-08-22 13:00:00,10.408,8.135,4.317,41.019,0.477,8.474,2.168,4.234,2.477,4.306,10.792,8.254,17.04,9.752
2018-08-22 14:00:00,10.598,10.351,5.336,41.387,0.651,8.563,2.476,5.087,3.724,5.055,14.149,11.122,20.216,12.91
2018-08-22 15:00:00,10.456,12.331,6.005,40.073,0.888,8.347,2.538,5.864,5.067,5.462,17.081,13.615,23.481,13.042
2018-08-22 16:00:00,10.3,12.307,6.343,40.423,1.187,8.744,2.528,5.939,5.026,5.365,15.079,12.999,24.063,14.653
2018-08-22 17:00:00,7.96,11.405,5.611,33.064,1.334,7.115,2.092,4.862,4.397,4.576,12.105,11.598,20.96,13.91
2018-08-22 18:00:00,4.791,8.923,4.401,21.723,1.2,4.198,1.48,3.732,3.7,3.482,11.234,10.232,17.789,10.824
2018-08-22 19:00:00,2.909,6.956,3.092,14.644,0.844,2.904,1.015,2.552,2.648,2.345,8.388,7.076,13.564,8.342
2018-08-22 20:00:00,2.502,5.935,2.436,11.478,0.711,2.713,0.743,1.835,1.607,1.628,7.036,4.381,9.701,6.497
2018-08-22 21:00:00,1.627,4.583,1.779,8.547,0.451,2.599,0.573,1.339,1.297,1.274,4.9,3.174,6.781,5.186
2018-08-22 22:00:00,1.078,3.342,1.402,6.298,0.243,2.087,0.276,1.057,0.79,0.971,2.864,2.032,4.771,3.482
2018-08-22 23:00:00,1.258,2.022,0.842,5.952,0.193,1.787,0.294,0.673,0.581,0.679,1.555,1.279,3.196,2.503
2018-08-23 00:00:00,0.975,1.5,0.62,5.062,0.149,1.387,0.244,0.643,0.416,0.425,1.255,0.883,2.349,1.935
2018-08-23 01:00:00,0.812,1.249,0.454,4.321,0.126,1.154,0.136,0.475,0.263,0.237,0.824,0.602,1.992,1.525
2018-08-23 02:00:00,0.609,1.112,0.501,3.623,0.108,1.016,0.068,0.431,0.209,0.135,0.563,0.708,1.62,1.034
2018-08-23 03:00:00,0.42,0.92,0.32,2.864,0.076,0.81,0.062,0.301,0.225,0.164,0.513,0.626,1.332,0.816
2018-08-23 04:00:00,0.359,0.831,0.226,2.709,0.04,0.738,0.038,0.191,0.178,0.159,0.54,0.495,2.365,0.71
2018-08-23 05:00:00,0.481,0.411,0.217,2.792,0.081,0.781,0.054,0.138,0.195,0.237,0.567,0.42,2.089,0.943
2018-08-23 06:00:00,0.662,0.532,0.44,4.323,0.102,1.206,0.144,0.205,0.408,0.18,0.96,0.709,1.693,1.305
2018-08-23 07:00:00,1.078,1.202,0.824,8.128,0.251,2.02,0.343,0.716,0.785,0.393,1.5,1.213,2.438,1.894
2018-08-23 08:00:00,2.16,2.398,1.68,12.843,0.587,2.917,0.399,1.559,1.03,0.946,2.378,2.263,3.099,3.255
2018-08-23 09:00:00,3.702,3.889,2.547,20.893,0.813,4.815,0.819,2.237,1.413,1.75,4.39,3.943,5.0,5.376
2018-08-23 10:00:00,6.09,5.62,3.421,28.47,0.955,6.592,1.407,3.405,1.98,2.841,6.961,5.743,8.029,7.289
2018-08-23 11:00:00,8.061,7.346,3.991,33.03,1.195,7.453,2.012,3.986,2.317,3.824,9.344,7.226,11.092,9.937
2018-08-23 12:00:00,9.845,8.015,4.018,38.641,1.412,8.178,2.376,4.036,2.552,3.749,10.993,7.9,12.668,10.979
2018-08-23 13:00:00,11.514,7.955,5.103,44.164,1.527,9.101,2.723,4.826,2.956,4.368,13.384,9.016,15.04,13.038
2018-08-23 14:00:00,12.968,8.953,6.711,48.005,1.753,9.74,2.913,6.106,3.788,5.646,16.41,10.853,16.135,15.554
2018-08-23 15:00:00,13.842,10.523,7.56,50.124,1.898,10.446,3.019,6.693,4.305,6.264,18.366,11.88,18.623,17.132
2018-08-23 16:00:00,13.317,10.805,7.976,49.801,1.757,10.981,3.148,7.251,4.823,6.736,18.673,12.627,18.956,18.421
2018-08-23 17:00:00,12.323,10.139,7.737,46.546,1.609,10.44,2.972,6.891,4.609,6.334,17.818,12.186,16.6,17.899
2018-08-23 18:00:00,10.224,8.079,5.667,39.037,1.164,8.771,2.595,4.847,3.522,4.303,13.952,9.794,12.78,14.436
2018-08-23 19:00:00,7.316,4.8,3.376,28.491,0.549,6.613,1.849,2.513,1.711,2.166,8.368,5.352,7.95,8.892
2018-08-23 20:00:00,5.334,3.415,2.029,21.202,0.328,5.366,1.361,1.354,0.983,1.381,4.996,2.869,5.415,5.686
2018-08-23 21:00:00,3.776,2.402,1.513,15.36,0.157,4.358,0.799,0.66,0.777,0.773,3.179,1.754,3.467,3.358
2018-08-23 22:00:00,2.323,1.445,0.762,10.541,0.057,3.274,0.486,0.245,0.531,0.424,1.726,1.042,2.178,1.934
2018-08-23 23:00:00,1.09,1.047,0.403,5.868,0.025,1.898,0.434,0.189,0.344,0.283,0.92,0.607,1.346,1.149
2018-08-24 00:00:00,1.026,0.839,0.219,5.342,0.012,1.541,0.386,0.208,0.245,0.211,0.674,0.319,1.201,0.883
2018-08-24 01:00:00,0.566,0.755,0.154,3.723,0.007,0.943,0.239,0.167,0.157,0.115,0.418,0.244,1.184,0.674
2018-08-24 02:00:00,0.31,0.638,0.2,2.6,0.004,0.658,0.153,0.147,0.12,0.078,0.408,0.377,1.018,0.445
2018-08-24 03:00:00,0.336,0.487,0.15,2.615,0.002,0.77,0.104,0.111,0.109,0.098,0.351,0.336,0.948,0.38
2018-08-24 04:00:00,0.254,0.4,0.071,2.306,0.0,0.737,0.085,0.13,0.112,0.096,0.451,0.272,1.536,0.323
2018-08-24 05:00:00,0.339,0.229,0.057,2.507,0.032,0.808,0.115,0.131,0.149,0.089,0.434,0.336,1.267,0.468
2018-08-24 06:00:00,0.679,0.241,0.237,3.949,0.015,1.187,0.21,0.196,0.182,0.079,0.725,0.377,1.162,0.451
2018-08-24 07:00:00,0.747,0.393,0.526,4.836,0.091,1.086,0.491,0.455,0.31,0.165,1.267,0.67,1.913,0.502
2018-08-24 08:00:00,1.484,1.359,0.942,9.847,0.21,2.198,0.716,1.026,0.545,0.294,2.017,1.147,3.864,1.221
2018-08-24 09:00:00,2.897,2.523,1.708,18.928,0.287,3.986,1.206,1.713,1.037,1.257,4.199,2.692,7.674,2.145
2018-08-24 10:00:00,5.564,4.69,3.146,27.452,0.53,6.129,1.612,3.132,2.201,2.739,8.805,6.025,11.28,4.341
2018-08-24 11:00:00,7.885,7.03,4.718,34.897,1.063,7.515,2.151,4.823,3.632,4.516,12.631,9.466,15.259,7.917
2018-08-24 12:00:00,10.386,9.236,6.795,44.01,1.406,9.075,2.619,6.569,4.949,6.328,16.502,12.483,18.056,11.719
2018-08-24 13:00:00,13.101,11.045,8.904,51.683,1.669,10.473,2.999,8.227,6.09,7.553,20.048,15.382,22.153,17.205
2018-08-24 14:00:00,15.361,13.081,10.62,58.085,2.104,11.834,3.257,9.472,7.043,8.675,23.335,17.957,25.037,22.396
2018-08-24 15:00:00,17.179,14.5,11.987,63.204,2.703,13.285,3.358,10.708,8.186,9.557,26.25,19.919,26.846,25.866
2018-08-24 16:00:00,17.058,14.939,12.394,64.244,2.958,14.059,3.561,11.288,9.084,9.861,26.68,21.041,26.824,27.446
2018-08-24 17:00:00,15.954,13.962,11.345,58.875,2.695,12.893,3.335,10.033,8.309,8.907,24.788,19.673,23.608,25.79
2018-08-24 18:00:00,13.474,11.201,8.271,50.607,2.055,10.958,3.031,7.219,6.643,6.316,20.77,16.638,19.141,20.953
2018-08-24 19:00:00,10.676,8.018,6.013,40.629,1.272,8.915,2.393,5.164,5.028,4.667,15.082,12.872,14.112,14.764
2018-08-24 20:00:00,8.792,6.555,4.368,32.945,0.728,7.836,1.755,3.68,3.815,3.288,11.298,10.19,10.272,10.447
2018-08-24 21:00:00,6.593,4.928,3.058,25.659,0.348,6.458,1.315,2.376,2.652,2.232,8.163,7.061,7.167,7.017
2018-08-24 22:00:00,4.645,2.911,2.075,19.141,0.226,5.084,0.896,1.565,1.653,1.526,4.91,4.557,5.113,4.321
2018-08-24 23:00:00,3.317,1.811,1.386,14.307,0.096,3.849,0.596,0.98,1.075,0.953,3.018,2.977,3.348,3.112
2018-08-25 00:00:00,2.159,1.264,0.748,10.82,0.048,2.703,0.341,0.531,0.681,0.415,1.978,1.662,2.488,1.907
2018-08-25 01:00:00,1.686,1.017,0.434,8.436,0.026,2.136,0.159,0.345,0.414,0.261,1.25,0.972,2.247,1.441
2018-08-25 02:00:00,1.347,0.889,0.532,6.623,0.012,1.748,0.097,0.437,0.313,0.194,0.908,0.917,1.699,0.992
2018-08-25 03:00:00,1.016,0.88,0.389,5.152,0.06,1.45,0.075,0.306,0.229,0.132,0.711,0.66,1.38,0.752
2018-08-25 04:00:00,0.692,0.678,0.263,4.217,0.005,1.312,0.097,0.217,0.173,0.107,0.702,0.385,1.692,0.652
2018-08-25 05:00:00,0.617,0.352,0.256,4.221,0.008,1.18,0.069,0.316,0.22,0.07,0.518,0.472,1.211,0.719
2018-08-25 06:00:00,0.911,0.328,0.36,5.908,0.082,1.665,0.121,0.474,0.306,0.134,0.869,0.843,1.55,0.965
2018-08-25 07:00:00,1.882,0.607,0.692,11.497,0.155,2.805,0.358,0.751,0.471,0.302,1.849,1.187,2.509,1.388
2018-08-25 08:00:00,3.465,1.979,1.276,19.114,0.311,4.413,0.562,1.167,0.743,0.691,4.44,1.925,4.246,1.812
2018-08-25 09:00:00,6.411,4.154,2.418,30.444,0.571,6.897,1.127,2.106,1.544,2.07,8.698,4.106,7.56,3.426
2018-08-25 10:00:00,9.951,7.034,4.91,40.352,0.984,9.229,1.739,4.329,2.994,4.238,13.828,8.446,11.814,6.674
2018-08-25 11:00:00,12.934,10.22,6.844,48.088,1.451,10.921,2.341,6.277,4.51,5.924,17.653,11.78,17.149,11.258
2018-08-25 12:00:00,15.38,11.896,8.593,55.769,1.923,12.38,2.88,7.592,5.715,7.355,20.748,14.242,20.099,16.197
2018-08-25 13:00:00,16.671,13.681,10.058,59.623,2.481,13.065,3.209,8.648,6.85,8.515,23.696,16.652,22.086,19.791
2018-08-25 14:00:00,17.65,14.405,11.862,62.463,2.964,13.669,3.389,10.07,7.535,9.854,24.31,17.769,23.251,22.684
2018-08-25 15:00:00,17.719,14.951,12.414,62.971,3.071,13.816,3.498,10.677,8.034,10.199,24.984,18.449,23.219,24.927
2018-08-25 16:00:00,16.821,14.666,12.215,61.431,2.864,13.561,3.478,10.701,8.495,9.922,25.543,19.101,23.123,25.466
2018-08-25 17:00:00,15.294,12.507,11.126,56.036,2.454,12.674,3.255,9.628,7.647,9.036,23.435,17.762,21.142,23.028
2018-08-25 18:00:00,12.836,9.685,8.808,46.995,1.939,10.578,3.006,7.427,6.405,6.981,19.631,15.547,16.501,18.46
2018-08-25 19:00:00,9.884,6.721,5.262,38.154,1.333,8.333,2.65,4.616,4.733,4.369,14.501,12.057,11.328,13.655
2018-08-25 20:00:00,7.898,5.497,3.553,31.334,0.799,7.279,2.245,3.05,3.653,3.051,10.537,9.03,8.698,9.437
2018-08-25 21:00:00,6.264,3.744,2.646,25.508,0.536,6.241,1.847,1.96,2.449,1.953,7.278,6.628,6.221,6.872
2018-08-25 22:00:00,4.658,2.476,1.979,19.586,0.318,5.143,1.353,1.365,1.469,1.096,4.087,4.58,4.227,4.391
2018-08-25 23:00:00,3.588,1.67,1.144,15.966,0.203,4.008,1.049,0.794,1.132,0.599,2.442,3.546,2.68,2.976
2018-08-26 00:00:00,2.795,1.307,0.633,13.158,0.138,3.182,0.605,0.502,0.917,0.288,1.735,2.636,2.089,2.019
2018-08-26 01:00:00,2.367,1.072,0.366,11.092,0.1,2.635,0.282,0.307,0.525,0.183,1.151,1.65,1.567,1.449
2018-08-26 02:00:00,2.051,0.885,0.425,9.656,0.064,2.325,0.162,0.261,0.374,0.127,0.819,1.321,1.241,1.03
2018-08-26 03:00:00,1.647,0.849,0.324,8.564,0.038,2.004,0.136,0.24,0.335,0.097,0.685,1.005,1.071,0.833
2018-08-26 04:00:00,1.439,0.739,0.261,7.484,0.022,1.904,0.11,0.219,0.319,0.09,0.633,0.718,1.008,0.714
2018-08-26 05:00:00,1.417,0.491,0.228,7.121,0.023,1.98,0.2,0.289,0.347,0.073,0.636,0.818,1.008,0.689
2018-08-26 06:00:00,1.695,0.573,0.533,8.364,0.068,2.16,0.344,0.623,0.425,0.237,1.071,1.138,2.544,0.964
2018-08-26 07:00:00,3.093,1.526,0.815,13.092,0.238,3.102,0.42,0.906,0.889,0.513,2.103,2.06,2.447,2.068
2018-08-26 08:00:00,4.429,3.226,1.813,19.525,0.479,4.674,0.918,1.794,1.254,1.378,4.638,3.508,3.188,3.363
2018-08-26 09:00:00,6.877,5.489,3.11,27.255,1.098,6.414,1.111,3.031,2.189,2.997,8.774,5.764,5.352,5.868
2018-08-26 10:00:00,9.099,7.929,4.784,32.755,1.395,7.98,1.248,4.512,3.174,4.253,12.551,8.482,9.485,9.054
2018-08-26 11:00:00,8.544,10.392,5.739,30.612,1.827,7.413,1.32,5.551,4.002,4.928,15.336,10.053,13.76,12.402
2018-08-26 12:00:00,8.149,10.613,5.416,29.465,2.182,6.933,1.461,5.301,4.22,4.562,15.933,10.261,17.891,15.271
2018-08-26 13:00:00,10.279,9.913,5.07,37.405,2.514,8.435,1.764,5.034,4.02,4.506,15.292,10.07,20.85,16.916
2018-08-26 14:00:00,10.993,11.145,5.813,39.807,2.315,9.096,1.854,5.39,4.528,5.133,16.791,11.523,21.245,16.971
2018-08-26 15:00:00,11.63,12.757,6.016,42.06,1.974,9.691,2.136,5.501,5.199,5.138,18.946,12.972,19.99,18.783
2018-08-26 16:00:00,11.582,13.144,6.688,43.46,1.892,9.951,2.528,6.128,5.882,5.703,18.942,13.726,20.339,20.352
2018-08-26 17:00:00,10.644,12.668,6.798,39.473,1.875,9.224,2.654,6.127,5.349,5.681,18.495,12.806,19.316,18.81
2018-08-26 18:00:00,9.488,10.965,5.461,34.452,1.642,8.052,2.509,4.961,4.418,4.498,16.192,10.897,16.694,16.15
2018-08-26 19:00:00,7.877,9.26,3.95,30.324,1.215,6.916,2.101,3.473,3.685,3.218,12.842,9.028,13.265,12.183
2018-08-26 20:00:00,6.759,8.068,3.258,26.958,0.822,6.319,1.756,2.805,3.173,2.967,10.442,7.789,10.964,9.796
2018-08-26 21:00:00,5.675,6.638,3.057,22.905,0.594,5.751,1.529,2.668,2.798,2.464,8.8,6.943,9.03,7.356
2018-08-26 22:00:00,4.712,5.372,2.821,19.628,0.449,5.034,1.254,2.218,2.113,2.244,7.592,5.729,7.298,5.129
2018-08-26 23:00:00,3.774,3.742,2.44,16.09,0.387,4.084,0.993,1.695,1.477,1.863,5.505,4.206,6.34,3.742
2018-08-27 00:00:00,2.834,2.863,1.627,13.32,0.281,3.162,0.754,1.533,1.145,1.397,3.202,3.319,4.782,2.642
2018-08-27 01:00:00,2.452,2.166,1.378,11.534,0.248,2.71,0.529,1.282,0.752,1.13,2.608,2.444,3.711,2.15
2018-08-27 02:00:00,2.113,1.75,1.516,9.936,0.212,2.481,0.398,1.143,0.592,1.0,1.932,2.075,2.908,1.793
2018-08-27 03:00:00,1.57,1.545,1.332,8.465,0.191,1.984,0.271,1.102,0.526,0.81,1.523,1.957,2.65,1.451
2018-08-27 04:00:00,1.407,1.352,1.08,7.671,0.221,2.013,0.292,1.208,0.531,0.818,1.847,1.876,4.322,1.239
2018-08-27 05:00:00,1.61,1.203,1.276,8.162,0.304,2.141,0.476,1.568,0.706,0.998,1.913,2.472,4.094,1.362
2018-08-27 06:00:00,2.022,1.847,1.939,12.766,0.472,2.954,0.708,1.976,1.172,1.732,3.07,3.486,5.497,1.818
2018-08-27 07:00:00,3.301,3.345,2.892,20.402,0.809,4.744,1.059,2.92,1.928,2.739,4.863,5.529,9.615,3.767
2018-08-27 08:00:00,5.537,5.495,4.612,29.96,1.205,6.833,1.672,4.697,3.29,4.287,9.236,9.703,13.834,7.308
2018-08-27 09:00:00,8.862,8.306,6.656,41.013,1.708,9.15,2.322,6.338,5.005,5.818,14.249,13.318,19.02,12.482
2018-08-27 10:00:00,12.426,11.428,8.589,49.992,2.376,11.224,2.693,7.87,6.517,7.35,20.226,16.381,23.974,17.824
2018-08-27 11:00:00,14.948,13.772,10.495,57.007,2.919,12.469,2.904,9.425,7.822,8.8,23.634,18.456,27.443,22.154
2018-08-27 12:00:00,15.81,15.061,11.298,60.531,3.246,12.849,2.847,10.444,9.339,9.589,26.757,20.616,29.908,25.334
2018-08-27 13:00:00,15.875,16.554,11.583,60.579,3.456,12.714,2.725,10.705,9.86,9.332,28.842,21.361,32.336,28.812
2018-08-27 14:00:00,15.033,17.462,11.334,57.095,3.722,11.951,2.645,10.306,9.478,8.966,29.645,20.908,32.271,31.388
2018-08-27 15:00:00,14.69,17.714,10.869,54.866,3.797,11.74,2.669,9.907,8.994,8.638,30.785,20.086,31.908,31.599
2018-08-27 16:00:00,14.298,16.875,10.283,55.033,3.494,12.153,2.894,9.69,9.193,8.471,29.774,20.11,30.559,30.735
2018-08-27 17:00:00,13.221,15.279,9.536,50.482,2.881,11.02,2.765,8.698,8.34,7.75,26.998,18.879,27.551,28.203
2018-08-27 18:00:00,12.034,12.733,8.08,45.489,2.332,9.799,2.488,7.168,6.793,6.346,22.889,16.443,23.878,23.997
2018-08-27 19:00:00,10.302,10.511,5.864,39.78,1.836,8.568,2.074,5.387,5.496,4.623,18.58,13.63,20.159,18.932
2018-08-27 20:00:00,9.559,9.217,4.667,35.682,1.263,8.333,1.735,4.045,4.817,3.649,15.307,11.591,16.772,15.093
2018-08-27 21:00:00,8.497,7.881,4.177,32.51,0.806,7.987,1.519,3.17,3.978,2.937,12.475,9.567,13.608,12.179
2018-08-27 22:00:00,7.518,6.068,3.194,30.092,0.602,7.318,1.325,2.489,3.168,2.423,9.831,7.732,11.311,9.414
2018-08-27 23:00:00,6.767,4.35,2.31,27.955,0.401,6.734,1.142,1.711,2.621,1.831,7.821,6.262,9.453,7.072
2018-08-28 00:00:00,6.184,3.26,1.815,26.065,0.329,6.189,0.973,1.5,1.965,1.573,6.265,4.81,7.772,5.525
2018-08-28 01:00:00,5.665,2.644,1.672,24.464,0.292,5.63,0.792,1.417,1.63,1.367,5.174,4.135,7.162,4.511
2018-08-28 02:00:00,5.671,2.304,1.847,23.814,0.24,5.468,0.711,1.427,1.536,1.308,4.516,4.289,6.406,3.644
2018-08-28 03:00:00,4.934,2.047,1.607,21.644,0.228,5.05,0.747,1.575,1.419,1.09,4.125,4.179,5.655,3.125
2018-08-28 04:00:00,4.251,1.889,1.729,18.705,0.258,4.602,0.79,2.002,1.517,1.296,4.463,4.341,6.636,3.214
2018-08-28 05:00:00,4.356,1.728,2.003,20.18,0.353,4.727,0.952,2.43,1.569,1.589,5.686,5.059,6.519,3.295
2018-08-28 06:00:00,4.896,2.383,2.0,25.124,0.533,5.246,1.045,2.444,2.114,2.018,8.294,7.035,7.623,3.893
2018-08-28 07:00:00,5.69,4.436,2.822,29.682,0.826,6.36,1.247,3.24,3.337,2.79,12.181,9.916,12.856,6.781
2018-08-28 08:00:00,8.037,8.636,4.117,38.187,1.349,8.27,1.827,4.709,4.88,3.893,17.348,13.564,19.061,12.269
2018-08-28 09:00:00,12.022,11.232,6.071,52.465,2.205,11.475,2.604,6.466,7.697,5.672,22.721,18.667,26.446,20.301
2018-08-28 10:00:00,15.796,14.74,8.784,63.332,3.107,14.074,3.294,8.565,10.459,7.827,27.903,22.908,33.02,28.244
2018-08-28 11:00:00,17.909,17.422,10.24,71.409,3.865,15.634,3.762,9.718,11.95,9.015,31.529,24.955,35.491,32.845
2018-08-28 12:00:00,20.582,19.573,12.068,81.187,4.248,17.267,4.063,11.239,12.505,10.144,34.168,25.538,35.781,35.463
2018-08-28 13:00:00,22.419,21.117,14.043,86.274,4.189,18.505,4.19,13.083,12.266,11.116,35.412,25.372,37.948,37.677
2018-08-28 14:00:00,22.646,22.304,14.604,85.309,4.252,18.444,4.187,13.533,11.981,11.231,37.028,25.68,37.89,38.428
2018-08-28 15:00:00,22.5,22.244,14.539,83.277,4.347,18.099,4.188,13.69,11.9,11.303,38.111,25.306,37.049,37.703
2018-08-28 16:00:00,21.653,22.066,14.752,80.301,4.229,17.673,4.239,13.859,11.479,11.385,36.297,24.299,36.453,36.572
2018-08-28 17:00:00,19.991,20.789,14.233,73.285,3.874,16.044,4.053,12.634,9.819,10.71,32.897,21.996,33.133,34.595
2018-08-28 18:00:00,17.898,18.565,12.212,65.578,3.442,14.247,3.804,10.626,8.694,9.04,30.229,19.486,30.563,30.97
2018-08-28 19:00:00,15.416,15.714,10.0,57.269,2.938,12.567,3.484,9.078,7.72,7.804,26.91,16.636,27.276,26.285
2018-08-28 20:00:00,14.052,14.078,8.155,51.448,2.219,11.759,3.229,7.27,6.905,6.6,25.617,14.938,24.723,21.751
2018-08-28 21:00:00,12.342,13.397,6.52,46.239,1.709,10.883,3.204,5.744,6.185,5.448,23.786,13.312,22.457,17.552
2018-08-28 22:00:00,10.4,10.689,5.522,40.282,1.325,9.482,2.995,4.915,4.915,4.74,19.847,10.996,20.761,15.094
2018-08-28 23:00:00,8.338,8.411,5.345,32.727,1.047,7.854,2.625,4.484,4.348,4.5,16.213,9.8,18.912,13.783
2018-08-29 00:00:00,6.648,7.381,3.995,26.31,0.723,6.353,2.301,3.284,3.633,3.259,12.85,8.484,16.334,10.266
2018-08-29 01:00:00,5.363,6.648,3.349,22.219,0.64,5.436,1.852,2.781,2.774,2.761,10.004,6.759,14.659,8.321
2018-08-29 02:00:00,4.495,5.225,2.693,19.167,0.468,4.72,1.466,2.16,1.984,1.969,8.514,5.567,13.028,6.62
2018-08-29 03:00:00,3.643,4.146,2.055,16.563,0.364,4.341,1.281,1.854,1.426,1.451,7.461,4.367,10.437,5.497
2018-08-29 04:00:00,3.422,3.418,1.626,15.458,0.3,4.145,1.155,1.736,1.122,1.33,6.752,3.249,10.746,4.563
2018-08-29 05:00:00,3.408,3.215,1.561,16.676,0.42,4.225,1.28,1.599,1.029,1.189,6.559,3.572,10.375,4.06
2018-08-29 06:00:00,4.001,4.719,2.065,20.987,0.743,4.936,1.496,1.85,1.787,1.695,9.205,4.959,13.159,5.902
2018-08-29 07:00:00,5.729,7.929,2.99,29.42,1.271,6.652,1.715,2.87,2.525,2.727,14.449,7.279,18.741,9.689
2018-08-29 08:00:00,8.255,12.624,5.17,38.521,2.121,8.413,2.263,5.237,4.175,4.774,22.056,11.749,24.731,15.312
2018-08-29 09:00:00,11.982,16.618,7.919,51.447,3.349,11.206,2.8,7.607,7.207,7.06,27.821,17.342,31.104,24.03
2018-08-29 10:00:00,16.02,19.37,10.89,64.38,4.073,14.173,3.342,10.056,9.903,9.169,32.495,21.897,35.573,32.245
2018-08-29 11:00:00,19.082,21.36,13.308,76.257,4.373,16.262,3.839,11.993,12.019,11.008,35.668,25.365,38.3,35.785
2018-08-29 12:00:00,22.103,21.891,14.809,87.047,4.527,18.351,4.361,13.932,12.981,12.162,38.087,26.994,39.14,37.889
2018-08-29 13:00:00,23.722,22.94,16.054,90.869,4.508,19.425,4.57,15.341,13.274,12.631,39.045,27.997,39.627,39.332
2018-08-29 14:00:00,24.356,23.478,16.993,91.406,4.672,19.695,4.513,16.117,13.936,13.097,40.521,29.686,38.95,40.722
2018-08-29 15:00:00,23.315,23.332,16.372,85.929,4.728,18.737,4.105,15.421,14.256,12.428,41.446,30.238,38.384,40.669
2018-08-29 16:00:00,19.805,23.088,14.382,73.473,4.657,16.345,3.642,13.173,13.739,10.797,39.658,28.63,37.372,39.948
2018-08-29 17:00:00,16.216,22.167,12.506,60.501,4.38,13.306,3.467,10.824,10.442,9.218,33.682,23.361,34.322,37.251
2018-08-29 18:00:00,14.015,19.707,10.359,52.729,3.834,11.177,3.427,8.879,7.694,7.801,28.508,18.003,31.067,31.632
2018-08-29 19:00:00,12.398,17.026,8.647,47.368,3.213,10.222,3.142,7.569,7.062,6.694,24.625,16.063,27.376,25.495
2018-08-29 20:00:00,11.236,14.172,7.365,41.958,2.437,9.548,2.813,6.466,6.42,5.8,20.977,14.445,23.974,21.717
2018-08-29 21:00:00,9.709,12.057,5.862,36.898,1.652,8.866,2.503,5.238,5.45,4.694,18.318,11.982,21.288,18.306
2018-08-29 22:00:00,8.072,9.781,4.718,32.388,1.136,7.894,2.093,4.355,4.529,3.967,15.538,10.056,19.061,15.042
2018-08-29 23:00:00,6.802,7.508,3.942,27.551,0.83,6.71,1.806,3.21,3.659,3.187,13.09,8.071,15.6,12.007
2018-08-30 00:00:00,5.931,6.138,3.421,24.26,0.682,5.98,1.556,2.844,2.974,2.798,10.068,6.711,13.498,9.724
2018-08-30 01:00:00,5.174,5.304,2.779,21.937,0.537,5.355,1.283,2.233,2.609,2.203,7.766,6.057,11.63,8.215
2018-08-30 02:00:00,4.382,4.619,2.548,19.072,0.476,4.611,1.072,1.928,2.277,1.835,6.559,5.625,9.698,6.839
2018-08-30 03:00:00,3.228,3.93,2.187,15.148,0.42,3.877,0.904,1.998,1.845,1.533,5.792,4.963,8.628,6.115
2018-08-30 04:00:00,2.601,3.719,1.872,13.161,0.406,3.579,0.698,2.122,1.494,1.432,5.915,4.035,9.142,6.005
2018-08-30 05:00:00,2.138,3.527,1.728,11.072,0.746,3.048,0.424,1.962,1.264,1.297,5.65,3.83,8.458,5.984
2018-08-30 06:00:00,1.791,4.681,1.248,10.108,0.784,2.44,0.473,1.588,1.356,1.132,5.173,4.043,9.924,6.604
2018-08-30 07:00:00,1.913,4.675,1.272,11.61,0.869,2.756,0.571,1.498,1.2,1.023,5.228,4.049,15.146,7.111
2018-08-30 08:00:00,2.345,5.243,1.688,13.646,0.727,3.02,0.66,1.79,1.263,1.31,5.568,4.304,19.628,7.342
2018-08-30 09:00:00,2.919,7.615,2.428,14.761,0.833,3.32,0.691,2.25,1.921,2.139,8.283,5.931,22.964,9.836
2018-08-30 10:00:00,3.819,10.505,3.099,16.958,1.237,3.9,0.693,2.818,2.685,2.779,12.689,7.859,25.049,13.37
2018-08-30 11:00:00,4.704,12.614,3.23,19.799,1.464,4.551,0.843,2.876,2.964,2.896,15.95,8.542,27.57,14.981
2018-08-30 12:00:00,5.881,14.181,2.867,23.913,1.338,5.062,1.011,2.676,2.892,2.804,17.412,8.259,27.974,16.927
2018-08-30 13:00:00,6.27,15.421,2.488,25.328,0.999,5.255,1.203,2.238,2.613,2.35,18.695,7.599,29.605,20.356
2018-08-30 14:00:00,5.383,16.029,2.31,21.924,0.86,4.602,1.271,2.103,2.284,2.252,20.162,6.597,29.212,22.729
2018-08-30 15:00:00,4.78,16.459,2.04,18.746,0.804,4.078,1.385,1.851,2.244,2.003,20.746,5.882,29.348,23.802
2018-08-30 16:00:00,4.281,15.205,1.707,18.432,0.55,4.077,1.451,1.839,1.943,1.721,19.022,4.915,28.193,23.599
2018-08-30 17:00:00,3.693,12.644,1.811,17.118,0.452,3.819,1.557,1.835,1.521,1.386,15.851,4.205,24.657,20.884
2018-08-30 18:00:00,2.951,9.464,1.36,14.355,0.351,3.012,1.332,1.339,1.185,1.089,11.719,3.584,19.206,15.293
2018-08-30 19:00:00,2.253,6.844,0.935,10.846,0.29,2.511,0.926,0.803,0.919,0.61,7.583,2.532,14.053,10.236
2018-08-30 20:00:00,1.676,5.295,0.688,7.826,0.271,2.025,0.567,0.365,0.761,0.301,5.672,1.856,10.477,7.627
2018-08-30 21:00:00,1.034,3.997,0.702,5.165,0.31,1.742,0.232,0.375,0.652,0.194,3.643,1.393,7.236,5.563
2018-08-30 22:00:00,0.733,2.668,0.44,3.584,0.189,1.18,0.1,0.312,0.401,0.173,2.148,0.827,4.74,3.752
2018-08-30 23:00:00,0.434,1.597,0.149,2.708,0.095,0.702,0.119,0.109,0.238,0.196,1.249,0.418,2.942,2.46
2018-08-31 00:00:00,0.265,1.232,0.077,1.942,0.048,0.429,0.071,0.129,0.176,0.086,0.866,0.265,1.953,1.627
2018-08-31 01:00:00,0.18,0.987,0.061,1.56,0.029,0.348,0.036,0.112,0.125,0.06,0.598,0.242,1.516,1.249
2018-08-31 02:00:00,0.148,0.917,0.055,1.266,0.02,0.355,0.033,0.126,0.113,0.044,0.464,0.355,1.227,1.016
2018-08-31 03:00:00,0.179,0.881,0.042,1.102,0.033,0.236,0.038,0.101,0.112,0.055,0.404,0.34,1.328,0.938
2018-08-31 04:00:00,0.144,0.95,0.036,1.122,0.02,0.249,0.016,0.104,0.139,0.074,0.543,0.292,2.732,0.782
2018-08-31 05:00:00,0.217,0.588,0.054,1.376,0.026,0.269,0.017,0.121,0.127,0.15,0.653,0.305,2.263,0.815
2018-08-31 06:00:00,0.195,0.613,0.087,1.465,0.024,0.353,0.035,0.15,0.208,0.187,0.849,0.455,1.979,0.983
2018-08-31 07:00:00,0.272,0.673,0.309,2.408,0.035,0.554,0.051,0.164,0.267,0.125,1.528,0.635,2.642,1.187
2018-08-31 08:00:00,0.597,0.935,0.636,4.784,0.207,0.963,0.106,0.481,0.285,0.182,1.93,0.812,3.583,1.76
2018-08-31 09:00:00,1.295,1.594,1.146,8.919,0.262,1.867,0.195,1.177,0.552,0.619,2.905,1.568,4.571,3.233
2018-08-31 10:00:00,2.72,3.269,1.94,16.513,0.427,3.6,0.407,1.88,1.134,1.229,5.459,2.847,6.46,4.147
2018-08-31 11:00:00,4.445,4.792,2.743,23.928,0.813,4.796,0.499,2.597,1.609,2.327,8.675,4.356,8.904,6.08
2018-08-31 12:00:00,6.962,6.431,3.601,32.889,1.016,6.358,1.044,3.717,2.483,3.563,12.013,6.587,10.149,8.083
2018-08-31 13:00:00,10.023,7.797,4.893,41.301,1.324,8.085,1.671,4.963,3.298,4.565,14.077,9.04,11.899,9.779
2018-08-31 14:00:00,12.472,8.628,6.709,48.279,1.757,9.624,2.323,6.175,3.982,5.796,15.646,11.34,12.325,11.906
2018-08-31 15:00:00,14.229,7.6,7.578,53.533,2.178,11.014,2.714,6.827,4.511,6.272,16.775,12.358,12.963,12.244
2018-08-31 16:00:00,14.12,6.756,7.569,54.706,2.178,11.957,2.931,7.01,4.573,6.29,14.033,12.033,12.409,11.691
2018-08-31 17:00:00,12.679,5.382,7.277,49.465,1.789,10.986,2.825,6.661,3.905,5.886,10.67,11.303,10.301,9.945
2018-08-31 18:00:00,9.687,4.695,6.095,39.019,1.375,8.447,2.482,5.292,2.981,4.782,9.003,9.094,9.185,9.39
2018-08-31 19:00:00,6.844,4.711,4.1,29.818,0.788,6.601,1.895,3.458,2.282,3.169,7.423,7.136,6.911,7.519
2018-08-31 20:00:00,5.31,4.474,3.278,22.791,0.491,5.508,1.526,2.558,1.67,2.497,6.437,5.116,5.249,6.341
2018-08-31 21:00:00,4.696,2.913,2.623,19.508,0.214,5.377,1.264,1.947,1.259,1.909,4.964,3.726,3.97,5.008
2018-08-31 22:00:00,3.506,1.942,1.851,15.454,0.15,4.331,1.153,1.518,0.953,1.392,3.616,2.634,3.026,3.494
2018-08-31 23:00:00,2.738,1.859,1.256,12.34,0.071,3.352,0.931,0.957,0.661,0.965,2.433,1.789,2.264,2.407
2018-09-01 00:00:00,2.153,1.73,0.961,10.682,0.043,2.814,0.794,0.872,0.504,0.764,1.831,1.179,1.711,1.887
2018-09-01 01:00:00,1.927,1.546,0.826,9.209,0.029,2.427,0.595,0.729,0.352,0.565,1.205,0.965,1.687,1.603
2018-09-01 02:00:00,1.765,1.352,0.982,8.289,0.024,2.194,0.427,0.642,0.299,0.538,0.874,1.067,1.441,1.288
2018-09-01 03:00:00,1.533,1.282,0.759,7.704,0.048,1.997,0.365,0.538,0.273,0.514,0.924,1.104,1.312,1.022
2018-09-01 04:00:00,1.358,1.276,0.606,7.864,0.082,2.015,0.418,0.519,0.246,0.386,0.832,0.898,2.16,0.993
2018-09-01 05:00:00,1.374,0.856,0.625,8.262,0.064,2.064,0.482,0.685,0.236,0.343,0.858,0.922,1.447,1.112
2018-09-01 06:00:00,1.803,0.86,0.801,10.66,0.104,2.77,0.626,0.793,0.353,0.637,1.303,1.112,1.289,1.374
2018-09-01 07:00:00,2.517,1.108,0.996,14.037,0.112,3.251,0.944,0.878,0.339,0.675,1.733,1.088,1.853,1.484
2018-09-01 08:00:00,4.497,1.534,1.258,20.345,0.127,4.703,1.351,1.001,0.37,0.936,1.601,1.456,2.565,1.464
2018-09-01 09:00:00,6.977,1.796,2.015,29.829,0.233,6.765,1.838,1.508,0.658,1.715,2.134,2.452,3.824,1.886
2018-09-01 10:00:00,9.651,2.598,3.417,36.107,0.304,8.466,2.17,2.904,1.01,3.293,2.847,3.558,4.971,2.351
2018-09-01 11:00:00,10.892,3.126,4.715,39.962,0.358,9.28,2.519,4.327,1.336,4.549,4.107,4.262,8.368,3.248
2018-09-01 12:00:00,12.072,4.092,6.61,44.685,0.486,9.987,2.771,5.946,1.686,5.914,6.025,5.353,11.141,4.26
2018-09-01 13:00:00,13.399,6.434,7.971,49.147,0.696,10.839,3.023,7.095,2.207,7.068,8.62,7.189,13.029,6.245
2018-09-01 14:00:00,14.313,9.288,9.395,51.898,0.903,11.457,3.074,8.1,2.724,8.062,12.104,8.392,14.022,9.074
2018-09-01 15:00:00,14.67,10.83,10.239,53.186,0.96,11.749,3.085,8.993,3.098,8.721,14.829,8.984,15.417,11.877
2018-09-01 16:00:00,13.564,10.729,10.226,51.763,0.965,11.612,3.085,9.058,3.897,8.457,15.106,10.341,15.694,13.558
2018-09-01 17:00:00,12.089,10.06,9.169,47.46,0.995,10.853,3.01,8.062,3.812,7.513,13.48,10.158,14.331,13.776
2018-09-01 18:00:00,9.823,8.141,6.859,38.777,0.696,8.801,2.623,5.985,2.897,5.554,10.839,8.104,11.341,11.109
2018-09-01 19:00:00,7.389,6.645,4.657,31.479,0.468,7.133,2.089,4.233,2.074,4.053,8.196,5.899,8.262,7.218
2018-09-01 20:00:00,6.032,5.541,3.415,26.068,0.371,5.952,1.75,2.949,1.488,3.037,6.443,4.526,6.393,4.821
2018-09-01 21:00:00,4.802,4.589,2.756,21.459,0.222,5.202,1.424,2.047,1.065,1.996,5.343,3.375,4.509,3.541
2018-09-01 22:00:00,3.73,3.236,1.828,17.107,0.154,4.294,0.991,1.39,0.695,1.275,3.616,2.2,2.881,2.046
2018-09-01 23:00:00,3.002,2.127,1.238,14.193,0.098,3.543,0.701,0.889,0.553,0.875,2.714,1.409,1.924,1.389
2018-09-02 00:00:00,2.467,1.86,0.792,12.108,0.043,3.061,0.468,0.798,0.473,0.532,2.216,1.11,1.471,1.21
2018-09-02 01:00:00,2.317,1.783,0.614,11.239,0.021,2.705,0.24,0.69,0.33,0.36,1.834,0.738,1.382,1.143
2018-09-02 02:00:00,2.137,1.503,0.784,10.026,0.015,2.391,0.154,0.654,0.267,0.248,1.382,0.847,1.181,0.919
2018-09-02 03:00:00,1.701,1.263,0.595,8.744,0.046,2.242,0.118,0.605,0.304,0.213,1.214,0.787,1.113,0.727
2018-09-02 04:00:00,1.639,1.193,0.427,8.422,0.046,2.496,0.112,0.492,0.334,0.318,1.357,0.88,1.138,0.626
2018-09-02 05:00:00,1.639,0.81,0.428,8.427,0.058,2.389,0.251,0.72,0.351,0.436,1.393,1.179,1.275,0.615
2018-09-02 06:00:00,2.049,1.328,0.687,10.403,0.05,2.78,0.347,0.844,0.533,0.674,1.993,1.605,3.048,0.808
2018-09-02 07:00:00,2.822,1.791,1.134,14.18,0.145,3.264,0.524,0.988,0.926,0.783,3.633,2.568,2.75,1.315
2018-09-02 08:00:00,4.889,2.667,2.029,20.807,0.367,4.605,0.868,1.678,1.485,1.495,5.929,4.443,3.64,2.075
2018-09-02 09:00:00,8.061,3.306,3.747,31.142,0.696,7.101,1.346,3.241,2.449,3.526,7.704,7.126,6.72,3.234
2018-09-02 10:00:00,11.157,4.449,5.583,39.34,1.149,9.215,1.88,5.223,3.556,5.254,9.919,10.087,11.343,5.575
2018-09-02 11:00:00,12.775,6.75,7.542,44.125,1.547,10.286,2.18,6.858,5.064,6.88,10.414,12.805,15.454,8.463
2018-09-02 12:00:00,13.331,9.058,9.107,46.645,1.969,10.615,2.069,8.099,6.291,7.913,10.531,15.066,18.941,11.186
2018-09-02 13:00:00,13.133,9.677,9.556,46.143,2.398,10.378,2.289,8.421,6.724,8.088,11.902,15.646,21.41,13.602
2018-09-02 14:00:00,13.798,10.4,10.02,48.539,2.808,10.884,2.586,8.642,6.544,8.374,12.94,15.307,23.445,15.537
2018-09-02 15:00:00,14.763,12.508,10.537,52.918,3.125,11.934,2.677,9.131,6.571,8.684,13.174,15.184,23.614,16.745
2018-09-02 16:00:00,14.409,13.335,10.651,53.321,3.151,12.021,2.944,9.292,6.584,8.68,14.147,15.042,23.421,17.402
2018-09-02 17:00:00,12.864,12.774,9.708,47.558,2.841,10.646,2.893,8.317,6.243,7.663,14.581,14.219,21.801,17.37
2018-09-02 18:00:00,11.079,10.607,7.815,41.037,2.302,9.181,2.576,6.835,5.089,6.312,13.568,12.146,18.879,14.746
2018-09-02 19:00:00,9.6,8.468,5.759,36.232,1.806,8.357,2.292,5.265,4.072,5.027,11.838,10.089,15.868,11.12
2018-09-02 20:00:00,8.771,7.086,4.42,32.671,1.249,7.589,2.094,3.831,3.527,3.854,9.902,8.423,13.929,9.301
2018-09-02 21:00:00,7.632,5.65,3.364,29.774,0.817,7.069,1.783,2.842,2.727,2.711,8.072,7.037,11.37,7.001
2018-09-02 22:00:00,6.427,4.165,2.565,26.683,0.589,6.592,1.358,2.086,2.069,1.93,5.904,5.775,9.021,4.877
2018-09-02 23:00:00,5.794,3.16,1.939,24.491,0.434,5.972,1.114,1.467,1.772,1.493,4.883,4.927,7.672,3.61
2018-09-03 00:00:00,5.235,2.642,1.537,23.043,0.342,5.373,0.944,1.48,1.553,1.232,4.113,4.384,6.682,2.842
2018-09-03 01:00:00,4.792,2.304,1.198,21.603,0.281,4.879,0.778,1.138,1.149,0.909,2.967,3.467,6.231,2.812
2018-09-03 02:00:00,4.701,2.02,1.339,20.657,0.248,4.724,0.75,1.037,0.939,0.857,2.689,2.977,5.543,2.985
2018-09-03 03:00:00,4.181,1.755,1.241,19.749,0.234,4.536,0.69,1.087,0.809,0.757,2.679,2.791,5.034,2.596
2018-09-03 04:00:00,4.343,1.911,1.277,19.682,0.279,4.549,0.694,1.517,0.809,0.903,3.258,2.691,5.999,2.543
2018-09-03 05:00:00,4.228,1.635,1.417,21.375,0.367,4.715,0.693,1.715,1.13,1.2,3.765,3.792,5.834,2.684
2018-09-03 06:00:00,4.949,2.313,1.858,25.894,0.379,5.517,1.088,1.975,1.775,1.789,5.594,5.484,6.622,3.434
2018-09-03 07:00:00,6.708,4.381,2.831,34.501,0.639,7.504,1.474,2.844,2.911,2.39,10.008,8.381,11.267,5.798
2018-09-03 08:00:00,9.793,8.228,5.226,45.301,1.272,9.92,2.06,5.364,5.238,4.637,15.238,13.602,16.439,10.251
2018-09-03 09:00:00,13.779,11.795,8.216,58.417,2.227,12.61,2.717,8.328,8.293,7.159,21.133,19.83,23.573,16.072
2018-09-03 10:00:00,16.835,15.291,11.307,66.311,3.173,14.547,3.248,10.636,10.751,9.357,27.389,23.857,29.019,22.095
2018-09-03 11:00:00,19.246,18.419,13.812,75.984,3.892,16.362,3.563,12.485,12.296,11.12,31.539,25.828,33.569,27.513
2018-09-03 12:00:00,21.849,20.376,15.422,85.653,4.209,18.022,3.986,14.335,13.568,12.332,35.344,27.428,35.669,33.181
2018-09-03 13:00:00,23.11,21.588,15.833,89.407,4.256,18.976,4.288,14.996,13.805,12.307,37.42,28.747,37.698,36.905
2018-09-03 14:00:00,23.359,22.354,16.212,89.003,4.398,18.961,4.323,15.172,14.265,12.274,38.869,29.954,37.679,38.435
2018-09-03 15:00:00,23.496,22.703,15.486,88.73,4.618,19.011,4.442,14.653,13.796,11.872,39.184,29.278,37.075,38.779
2018-09-03 16:00:00,23.014,22.471,14.17,86.749,4.268,18.903,4.416,13.462,13.017,11.021,37.958,27.141,36.137,38.683
2018-09-03 17:00:00,21.36,20.981,14.058,79.683,3.605,17.798,4.208,12.636,12.143,10.561,34.921,24.961,33.951,36.449
2018-09-03 18:00:00,18.26,18.499,11.871,68.108,2.942,15.482,3.806,10.471,10.688,8.813,30.27,22.147,30.365,32.23
2018-09-03 19:00:00,14.915,16.102,9.705,56.09,2.312,12.819,3.317,8.697,9.183,7.398,26.519,18.991,25.62,26.984
2018-09-03 20:00:00,12.752,14.049,8.292,47.423,1.545,10.965,2.936,7.399,7.374,6.375,24.088,15.911,22.404,22.388
2018-09-03 21:00:00,9.697,11.496,6.863,37.0,1.038,8.718,2.698,6.042,6.388,5.531,20.796,13.781,19.922,17.74
2018-09-03 22:00:00,7.576,8.769,5.251,29.803,0.732,7.134,2.31,4.699,5.303,4.494,16.258,11.598,18.052,13.733
2018-09-03 23:00:00,5.935,6.829,4.047,24.156,0.527,6.096,1.87,3.327,4.278,3.388,13.199,9.272,15.83,10.925
2018-09-04 00:00:00,4.554,5.75,3.213,19.683,0.314,5.077,1.594,2.727,3.3,2.685,10.758,7.264,13.697,8.584
2018-09-04 01:00:00,3.863,4.8,2.572,16.851,0.201,4.252,1.194,2.138,2.518,2.08,8.572,5.781,11.688,6.995
2018-09-04 02:00:00,3.295,3.792,2.458,14.872,0.243,3.751,0.965,1.904,1.928,1.79,7.025,5.067,9.616,5.833
2018-09-04 03:00:00,2.741,3.244,1.982,13.473,0.22,3.441,0.873,1.745,1.261,1.447,6.103,3.869,8.221,4.888
2018-09-04 04:00:00,2.894,3.118,1.716,13.902,0.213,3.776,0.903,1.927,1.125,1.362,6.028,3.464,8.586,4.371
2018-09-04 05:00:00,2.832,3.117,1.988,15.581,0.268,4.071,0.894,1.821,1.26,1.662,6.204,4.1,7.23,4.354
2018-09-04 06:00:00,3.51,3.196,2.213,19.767,0.273,4.752,0.996,2.213,1.756,1.901,7.326,5.298,8.208,6.138
2018-09-04 07:00:00,4.262,3.949,2.613,23.65,0.449,5.471,1.373,2.589,2.539,2.378,9.159,7.586,13.466,8.021
2018-09-04 08:00:00,6.03,5.66,4.171,31.258,1.029,7.079,1.848,4.143,3.714,3.68,12.991,10.95,20.016,11.783
2018-09-04 09:00:00,8.947,8.686,6.419,40.167,1.736,8.671,2.253,6.183,5.488,5.578,18.25,14.579,24.824,17.852
2018-09-04 10:00:00,11.876,12.224,8.465,47.004,2.418,10.535,2.601,7.991,7.383,7.379,23.359,17.754,29.253,23.14
2018-09-04 11:00:00,13.623,15.849,10.206,52.537,3.073,11.367,2.841,9.3,8.656,8.667,27.805,19.316,31.578,26.721
2018-09-04 12:00:00,15.014,17.93,11.434,57.713,3.527,11.946,3.057,10.447,10.118,9.699,30.878,21.266,32.232,29.253
2018-09-04 13:00:00,16.417,19.225,12.443,61.065,3.702,12.699,3.256,11.433,10.921,9.967,30.938,22.966,34.811,31.412
2018-09-04 14:00:00,17.339,19.959,13.339,62.91,3.811,13.253,3.283,12.055,11.341,10.275,31.982,23.987,35.527,33.728
2018-09-04 15:00:00,17.551,20.215,13.386,62.457,3.847,13.515,3.198,12.056,11.125,10.312,32.253,23.779,34.38,34.217
2018-09-04 16:00:00,16.506,19.752,12.818,59.96,3.549,13.403,3.122,11.466,10.94,9.991,31.959,23.198,33.017,33.594
2018-09-04 17:00:00,14.538,17.737,11.338,54.059,3.165,12.362,3.016,9.997,10.045,8.86,29.725,21.285,29.96,31.441
2018-09-04 18:00:00,11.833,14.07,8.672,45.306,2.203,10.12,2.562,7.32,7.949,6.598,24.163,17.348,25.477,25.659
2018-09-04 19:00:00,9.311,11.077,6.091,36.525,1.458,8.307,1.9,5.101,5.615,4.783,19.186,13.093,20.298,19.004
2018-09-04 20:00:00,7.711,9.097,4.012,28.905,0.843,7.067,1.499,3.426,4.073,3.228,15.1,9.817,16.513,14.411
2018-09-04 21:00:00,5.291,7.146,2.928,21.039,0.515,5.558,1.013,2.254,2.786,2.084,11.062,6.959,13.439,10.466
2018-09-04 22:00:00,3.551,4.963,2.044,15.54,0.312,4.303,0.683,1.615,1.711,1.469,7.511,4.399,9.881,7.13
2018-09-04 23:00:00,2.46,3.312,1.374,11.301,0.185,3.13,0.402,0.959,1.037,0.971,5.433,2.679,7.26,4.975
2018-09-05 00:00:00,1.68,2.32,0.856,8.675,0.161,2.369,0.288,0.733,0.687,0.52,3.803,1.64,5.492,3.549
2018-09-05 01:00:00,1.451,1.85,0.631,7.198,0.134,2.03,0.181,0.534,0.469,0.333,2.721,1.123,4.382,2.767
2018-09-05 02:00:00,1.195,1.579,0.699,6.085,0.107,1.677,0.119,0.52,0.411,0.269,2.213,1.183,3.341,2.013
2018-09-05 03:00:00,0.988,1.301,0.526,5.261,0.079,1.618,0.107,0.516,0.337,0.234,1.869,0.977,2.619,1.953
2018-09-05 04:00:00,0.952,1.228,0.631,5.954,0.107,1.551,0.208,0.721,0.382,0.331,2.211,1.021,3.622,1.874
2018-09-05 05:00:00,1.225,0.896,0.581,7.199,0.103,1.816,0.262,0.818,0.463,0.38,2.349,0.824,3.298,1.983
2018-09-05 06:00:00,1.638,1.129,0.682,9.933,0.153,2.146,0.243,0.899,0.505,0.384,2.995,1.21,3.681,1.874
2018-09-05 07:00:00,2.496,2.642,1.093,15.905,0.2,3.387,0.431,1.12,0.883,0.736,4.932,2.278,7.0,2.925
2018-09-05 08:00:00,4.402,5.74,2.06,25.224,0.315,5.576,0.957,1.916,1.611,1.615,9.847,5.017,12.081,5.749
2018-09-05 09:00:00,8.131,9.926,3.713,40.273,0.562,8.748,1.69,3.508,3.715,3.369,16.844,10.306,17.033,10.509
2018-09-05 10:00:00,12.469,13.833,6.112,52.572,1.042,11.936,2.346,6.128,6.595,5.744,24.762,16.0,23.878,15.884
2018-09-05 11:00:00,15.781,17.052,9.09,63.478,1.748,13.833,3.059,8.68,9.135,8.319,30.147,20.65,28.812,22.094
2018-09-05 12:00:00,19.014,18.532,11.839,75.705,2.702,15.872,3.553,11.194,11.322,10.297,33.5,23.869,31.481,28.41
2018-09-05 13:00:00,20.934,20.055,14.285,81.251,3.513,17.237,3.909,13.454,12.64,11.576,35.721,26.464,34.556,33.857
2018-09-05 14:00:00,22.444,21.865,16.278,85.323,4.003,18.252,4.195,15.237,13.643,12.582,37.664,28.548,35.518,36.911
2018-09-05 15:00:00,23.389,22.363,16.654,87.671,4.306,18.971,4.268,15.749,13.84,12.919,38.83,29.223,35.397,38.47
2018-09-05 16:00:00,23.079,22.418,16.636,87.234,4.334,19.074,4.245,15.621,13.702,12.729,37.567,28.542,34.394,38.067
2018-09-05 17:00:00,21.634,20.954,15.776,81.36,4.094,18.089,4.178,14.483,12.972,11.866,33.592,26.463,32.102,35.742
2018-09-05 18:00:00,19.239,18.084,13.373,72.17,3.537,16.391,3.875,11.723,11.293,9.748,28.358,23.218,27.481,30.312
2018-09-05 19:00:00,17.176,15.493,10.693,64.898,2.704,14.998,3.42,9.489,9.529,8.135,24.275,19.785,22.858,24.29
2018-09-05 20:00:00,15.663,13.019,9.247,57.869,1.748,13.291,3.085,8.076,8.054,7.111,21.297,17.515,20.368,19.923
2018-09-05 21:00:00,13.734,11.93,7.981,51.299,1.134,12.0,2.821,6.964,6.957,6.438,17.97,15.381,18.088,15.523
2018-09-05 22:00:00,11.887,11.112,6.827,46.534,0.725,11.004,2.577,6.056,6.217,5.769,14.71,13.72,16.06,11.819
2018-09-05 23:00:00,10.791,8.643,6.047,42.013,0.5,9.814,2.108,5.138,5.999,5.142,12.246,13.052,14.174,8.981
2018-09-06 00:00:00,9.86,6.427,4.817,38.127,0.379,8.742,1.83,3.978,5.655,4.132,10.59,12.194,12.507,6.967
2018-09-06 01:00:00,9.281,5.638,4.234,36.185,0.306,7.982,1.538,3.318,5.428,3.419,10.204,11.707,11.548,5.578
2018-09-06 02:00:00,8.542,5.017,4.549,33.296,0.319,7.414,1.463,3.452,5.307,3.478,11.236,12.087,10.73,4.946
2018-09-06 03:00:00,7.42,4.276,4.386,30.137,0.475,6.869,1.429,3.738,4.942,3.361,11.68,11.572,9.967,5.442
2018-09-06 04:00:00,7.291,3.902,4.161,29.3,0.532,7.121,1.537,3.983,4.979,3.192,12.016,11.858,10.184,4.946
2018-09-06 05:00:00,6.988,3.585,4.081,30.6,0.751,7.48,1.556,4.199,5.525,3.27,11.734,12.923,9.823,4.735
2018-09-06 06:00:00,6.898,4.529,4.94,31.431,1.169,7.161,1.48,5.082,6.292,4.188,13.759,14.111,11.497,7.52
2018-09-06 07:00:00,6.127,6.893,5.32,31.245,1.798,6.926,1.593,5.424,6.953,4.535,18.22,15.781,15.648,10.697
2018-09-06 08:00:00,5.582,9.879,5.18,29.635,1.829,6.675,1.702,5.247,6.817,4.315,23.258,16.27,20.393,14.734
2018-09-06 09:00:00,5.903,12.887,4.986,30.364,1.468,6.864,1.69,5.079,6.178,4.304,26.964,14.94,26.929,22.304
2018-09-06 10:00:00,7.54,16.726,5.072,33.776,1.442,8.036,1.854,5.051,6.416,4.375,30.353,14.912,32.911,27.471
2018-09-06 11:00:00,9.393,18.538,5.894,39.17,1.565,8.905,2.228,5.568,6.952,5.255,25.883,15.942,35.589,28.583
2018-09-06 12:00:00,10.203,19.137,6.602,41.908,1.991,9.084,2.304,6.336,7.681,5.989,18.847,17.052,36.04,25.026
2018-09-06 13:00:00,11.471,18.189,7.872,45.767,2.361,9.631,2.38,7.386,8.094,6.753,20.061,17.764,34.85,19.259
2018-09-06 14:00:00,13.142,14.645,9.711,50.481,2.85,10.468,2.559,8.689,8.356,7.874,21.999,18.577,29.745,19.732
2018-09-06 15:00:00,13.93,12.578,9.923,51.874,2.949,10.917,2.536,8.86,8.371,7.979,22.161,18.762,23.961,20.216
2018-09-06 16:00:00,12.367,11.5,9.676,47.301,2.839,10.369,2.381,8.767,8.369,7.738,21.209,18.568,20.643,20.939
2018-09-06 17:00:00,10.316,9.872,8.373,40.454,2.326,9.276,2.079,7.471,7.506,6.439,19.646,16.891,18.27,19.751
2018-09-06 18:00:00,8.195,8.22,5.941,32.172,1.594,7.361,1.805,5.135,5.397,4.424,16.224,13.148,15.603,15.863
2018-09-06 19:00:00,6.267,6.889,3.7,25.106,1.028,6.166,1.399,2.956,4.06,2.527,12.042,9.858,13.06,12.384
2018-09-06 20:00:00,4.962,6.446,2.426,19.377,0.585,5.073,1.104,1.876,2.907,1.635,9.588,7.416,11.501,9.956
2018-09-06 21:00:00,3.271,5.308,1.81,14.365,0.33,4.12,0.662,1.408,2.235,1.146,6.863,5.253,10.116,7.691
2018-09-06 22:00:00,2.261,3.874,1.086,10.301,0.225,3.018,0.343,0.702,1.258,0.683,4.397,3.134,7.989,5.584
2018-09-06 23:00:00,1.454,2.72,0.662,6.955,0.102,2.038,0.165,0.361,0.781,0.359,2.726,1.693,5.918,3.842
2018-09-07 00:00:00,0.903,2.036,0.446,4.849,0.039,1.368,0.116,0.345,0.443,0.249,2.325,0.948,4.237,2.97
2018-09-07 01:00:00,0.702,1.731,0.308,3.62,0.016,0.961,0.067,0.174,0.264,0.152,1.484,0.594,3.431,2.378
2018-09-07 02:00:00,0.457,1.511,0.31,2.806,0.031,0.77,0.053,0.194,0.199,0.108,1.104,0.65,2.669,1.782
2018-09-07 03:00:00,0.317,1.526,0.288,2.249,0.042,0.627,0.048,0.167,0.21,0.171,0.975,0.498,2.233,1.375
2018-09-07 04:00:00,0.393,1.645,0.287,2.402,0.025,0.729,0.022,0.196,0.199,0.171,1.169,0.433,3.431,1.436
2018-09-07 05:00:00,0.462,1.346,0.173,2.695,0.013,0.755,0.035,0.151,0.21,0.242,1.229,0.546,2.834,1.387
2018-09-07 06:00:00,0.46,1.115,0.254,2.627,0.02,0.829,0.108,0.134,0.275,0.086,1.191,0.642,2.801,1.54
2018-09-07 07:00:00,0.571,0.99,0.38,3.713,0.1,0.999,0.112,0.272,0.276,0.135,1.417,0.727,3.289,1.792
2018-09-07 08:00:00,0.967,0.902,0.531,6.098,0.215,1.247,0.197,0.3,0.281,0.153,1.982,1.146,4.015,2.473
2018-09-07 09:00:00,1.964,0.921,0.918,11.305,0.315,2.555,0.343,0.638,0.499,0.274,3.049,1.888,4.737,3.715
2018-09-07 10:00:00,2.916,1.473,1.679,16.229,0.352,3.586,0.712,1.347,1.072,0.913,5.41,3.098,5.85,4.385
2018-09-07 11:00:00,4.858,2.454,2.14,23.5,0.429,4.972,1.09,2.132,1.723,1.651,8.439,4.405,7.34,6.407
2018-09-07 12:00:00,7.307,3.74,3.035,32.043,0.606,6.284,1.531,3.263,2.593,2.841,11.602,6.576,7.962,8.098
2018-09-07 13:00:00,9.419,5.379,4.494,38.014,0.829,7.456,1.771,4.711,3.906,4.238,14.382,9.843,10.426,10.761
2018-09-07 14:00:00,11.645,7.787,6.294,44.686,1.189,8.915,2.21,5.804,4.866,5.644,17.482,12.457,11.969,13.984
2018-09-07 15:00:00,13.163,9.406,7.674,49.188,1.534,9.945,2.535,6.744,5.397,6.385,20.465,13.959,12.971,16.143
2018-09-07 16:00:00,12.364,9.243,7.64,48.38,1.605,10.333,2.596,7.007,5.36,6.254,20.097,13.278,12.779,17.835
2018-09-07 17:00:00,10.015,8.49,6.436,42.645,1.414,9.344,2.393,5.875,4.497,4.899,16.859,11.57,12.086,18.687
2018-09-07 18:00:00,6.503,6.499,5.36,30.155,0.978,6.589,1.816,4.437,3.04,3.943,13.013,8.285,9.8,13.495
2018-09-07 19:00:00,4.105,4.928,3.251,20.51,0.458,4.696,1.069,2.512,2.19,2.235,9.269,6.254,7.45,9.232
2018-09-07 20:00:00,2.892,3.856,1.87,14.277,0.237,3.714,0.56,1.011,1.479,1.214,7.191,4.614,5.589,6.807
2018-09-07 21:00:00,2.023,2.692,1.327,9.697,0.085,2.932,0.413,0.396,1.053,0.716,5.251,2.703,3.723,4.375
2018-09-07 22:00:00,1.475,1.717,0.83,6.772,0.042,2.161,0.186,0.237,0.608,0.388,3.231,1.573,2.611,2.935
2018-09-07 23:00:00,0.872,1.226,0.361,4.602,0.031,1.319,0.087,0.147,0.422,0.252,1.951,0.839,1.971,2.136
2018-09-08 00:00:00,0.532,1.043,0.266,3.224,0.018,0.845,0.094,0.231,0.31,0.173,1.475,0.507,1.618,1.611
2018-09-08 01:00:00,0.361,0.992,0.135,2.592,0.01,0.626,0.054,0.148,0.181,0.103,0.93,0.317,1.55,1.308
2018-09-08 02:00:00,0.251,0.84,0.179,1.933,0.006,0.497,0.046,0.13,0.187,0.055,0.737,0.443,1.295,0.98
2018-09-08 03:00:00,0.212,0.764,0.136,1.545,0.004,0.405,0.043,0.106,0.141,0.047,0.561,0.364,1.159,0.72
2018-09-08 04:00:00,0.214,0.59,0.052,1.477,0.003,0.383,0.045,0.131,0.111,0.125,0.518,0.305,1.824,0.64
2018-09-08 05:00:00,0.208,0.332,0.076,1.541,0.002,0.274,0.033,0.118,0.193,0.126,0.461,0.315,1.422,0.528
2018-09-08 06:00:00,0.419,0.364,0.217,1.76,0.005,0.418,0.05,0.107,0.211,0.079,0.506,0.493,1.196,0.603
2018-09-08 07:00:00,0.524,0.538,0.509,3.401,0.052,0.598,0.089,0.153,0.329,0.164,0.556,0.569,1.308,0.643
2018-09-08 08:00:00,0.703,0.546,0.737,5.174,0.235,1.174,0.134,0.458,0.503,0.308,0.615,0.948,1.613,0.714
2018-09-08 09:00:00,1.46,0.671,1.13,7.71,0.293,2.002,0.131,0.849,0.667,0.595,0.734,1.438,2.246,1.086
2018-09-08 10:00:00,1.897,0.976,1.552,9.408,0.289,2.291,0.19,1.042,0.876,0.916,0.946,2.029,3.042,1.602
2018-09-08 11:00:00,2.067,1.686,1.643,11.554,0.333,2.498,0.357,1.313,1.147,1.207,1.268,2.757,3.409,2.095
2018-09-08 12:00:00,2.603,2.26,1.935,13.259,0.455,2.606,0.572,1.575,1.455,1.738,1.547,3.743,4.56,2.794
2018-09-08 13:00:00,3.419,2.418,2.534,15.981,0.558,3.083,0.795,2.225,1.629,2.213,1.934,4.665,5.24,3.81
2018-09-08 14:00:00,4.344,2.292,3.482,18.679,0.774,3.853,1.076,2.857,1.836,2.749,2.007,5.43,4.425,4.282
2018-09-08 15:00:00,4.98,1.841,4.065,20.89,0.795,4.431,1.3,3.131,2.208,3.166,2.396,6.297,3.652,3.932
2018-09-08 16:00:00,4.708,1.369,3.968,20.945,0.719,4.794,1.328,3.324,2.394,3.191,2.13,6.473,3.028,3.164
2018-09-08 17:00:00,3.817,0.969,3.611,18.695,0.605,4.584,1.214,2.96,1.992,2.897,1.848,5.847,2.655,2.417
2018-09-08 18:00:00,2.509,0.656,1.988,12.69,0.354,3.064,0.823,1.297,1.117,1.437,1.216,3.612,2.166,1.775
2018-09-08 19:00:00,1.421,0.567,1.175,8.165,0.155,1.865,0.413,0.478,0.613,0.477,0.902,1.894,1.644,1.412
2018-09-08 20:00:00,0.961,0.854,0.666,5.315,0.102,1.206,0.152,0.19,0.381,0.173,0.733,0.934,1.181,0.963
2018-09-08 21:00:00,0.5,0.887,0.491,3.03,0.035,0.763,0.109,0.136,0.247,0.082,0.465,0.403,0.97,0.874
2018-09-08 22:00:00,0.256,0.652,0.167,1.551,0.009,0.485,0.083,0.118,0.184,0.061,0.341,0.289,0.808,0.634
2018-09-08 23:00:00,0.149,0.412,0.075,1.31,0.019,0.243,0.055,0.114,0.185,0.054,0.247,0.185,0.73,0.464
2018-09-09 00:00:00,0.11,0.275,0.049,1.022,0.016,0.145,0.051,0.129,0.151,0.047,0.226,0.15,0.696,0.394
2018-09-09 01:00:00,0.095,0.181,0.056,0.835,0.002,0.122,0.028,0.104,0.118,0.044,0.202,0.141,0.655,0.205
2018-09-09 02:00:00,0.089,0.108,0.033,0.739,0.002,0.099,0.022,0.111,0.107,0.041,0.206,0.249,0.564,0.144
2018-09-09 03:00:00,0.085,0.096,0.074,0.661,0.001,0.107,0.023,0.109,0.11,0.05,0.181,0.211,0.543,0.144
2018-09-09 04:00:00,0.092,0.077,0.034,0.669,0.0,0.087,0.028,0.112,0.104,0.069,0.2,0.181,0.343,0.144
2018-09-09 05:00:00,0.094,0.1,0.034,0.578,0.0,0.086,0.03,0.108,0.097,0.032,0.174,0.192,0.413,0.163
2018-09-09 06:00:00,0.099,0.167,0.053,0.702,0.0,0.146,0.043,0.1,0.092,0.04,0.192,0.203,1.219,0.208
2018-09-09 07:00:00,0.089,0.159,0.096,1.002,0.0,0.194,0.022,0.096,0.104,0.035,0.233,0.223,0.927,0.253
2018-09-09 08:00:00,0.102,0.204,0.142,1.416,0.003,0.297,0.032,0.115,0.088,0.035,0.271,0.282,0.691,0.21
2018-09-09 09:00:00,0.309,0.314,0.349,2.867,0.028,0.535,0.048,0.231,0.106,0.085,0.282,0.416,0.79,0.469
2018-09-09 10:00:00,0.771,0.318,0.51,4.91,0.094,1.027,0.113,0.623,0.17,0.207,0.421,0.552,0.74,0.564
2018-09-09 11:00:00,1.261,0.34,0.636,6.736,0.112,1.368,0.117,0.816,0.401,0.522,0.653,0.641,0.907,0.685
2018-09-09 12:00:00,1.766,0.486,0.83,9.313,0.214,1.81,0.173,1.073,0.624,0.971,0.997,0.872,1.33,1.047
2018-09-09 13:00:00,2.415,0.781,1.372,11.834,0.293,2.177,0.283,1.593,0.733,1.404,1.753,1.378,1.582,1.408
2018-09-09 14:00:00,3.056,1.361,1.912,13.732,0.356,2.608,0.508,1.999,0.929,1.766,2.322,2.095,2.181,1.781
2018-09-09 15:00:00,3.294,1.582,2.388,14.825,0.451,2.882,0.696,2.261,1.264,1.953,2.55,2.759,2.427,2.303
2018-09-09 16:00:00,2.839,1.177,2.266,14.099,0.45,2.947,0.76,2.362,1.275,2.076,2.325,3.001,2.309,2.189
2018-09-09 17:00:00,2.24,0.745,1.866,11.98,0.374,2.645,0.647,1.812,1.095,1.519,1.584,2.764,1.872,1.917
2018-09-09 18:00:00,1.564,0.574,0.985,8.829,0.193,2.11,0.411,0.733,0.689,0.746,0.965,1.486,1.597,1.333
2018-09-09 19:00:00,1.008,0.501,0.626,6.39,0.076,1.444,0.195,0.208,0.457,0.291,0.684,0.707,1.294,1.023
2018-09-09 20:00:00,0.69,0.737,0.417,4.167,0.061,0.986,0.112,0.122,0.287,0.152,0.508,0.435,1.136,0.908
2018-09-09 21:00:00,0.401,0.613,0.219,2.782,0.018,0.61,0.077,0.101,0.207,0.083,0.417,0.282,1.033,0.67
2018-09-09 22:00:00,0.299,0.485,0.121,1.558,0.024,0.421,0.075,0.103,0.158,0.052,0.317,0.204,0.787,0.357
2018-09-09 23:00:00,0.162,0.253,0.059,1.297,0.008,0.246,0.047,0.136,0.141,0.061,0.24,0.164,0.748,0.345
2018-09-10 00:00:00,0.113,0.173,0.042,1.116,0.002,0.185,0.04,0.125,0.127,0.046,0.235,0.14,0.613,0.224
2018-09-10 01:00:00,0.109,0.085,0.031,1.004,0.002,0.177,0.021,0.102,0.103,0.046,0.206,0.132,0.645,0.136
2018-09-10 02:00:00,0.099,0.072,0.03,0.912,0.001,0.176,0.014,0.109,0.112,0.051,0.204,0.243,0.604,0.109
2018-09-10 03:00:00,0.088,0.08,0.083,0.858,0.0,0.15,0.014,0.098,0.09,0.031,0.195,0.256,0.617,0.133
2018-09-10 04:00:00,0.135,0.087,0.07,0.957,0.038,0.217,0.008,0.11,0.092,0.059,0.229,0.174,1.298,0.14
2018-09-10 05:00:00,0.119,0.155,0.06,1.027,0.038,0.234,0.011,0.103,0.097,0.052,0.26,0.175,0.93,0.174
2018-09-10 06:00:00,0.137,0.141,0.07,1.049,0.032,0.35,0.023,0.097,0.104,0.073,0.31,0.166,0.574,0.181
2018-09-10 07:00:00,0.094,0.119,0.053,1.485,0.001,0.243,0.021,0.096,0.124,0.04,0.281,0.186,0.636,0.095
2018-09-10 08:00:00,0.082,0.107,0.117,1.532,0.012,0.272,0.019,0.096,0.091,0.033,0.311,0.282,0.764,0.083
2018-09-10 09:00:00,0.098,0.188,0.18,1.699,0.045,0.366,0.034,0.146,0.068,0.036,0.432,0.331,0.908,0.093
2018-09-10 10:00:00,0.117,0.17,0.197,2.022,0.063,0.367,0.079,0.25,0.088,0.048,0.437,0.39,1.041,0.129
2018-09-10 11:00:00,0.215,0.174,0.183,2.395,0.044,0.447,0.081,0.297,0.093,0.079,0.516,0.462,1.137,0.205
2018-09-10 12:00:00,0.341,0.189,0.263,2.984,0.073,0.585,0.089,0.339,0.124,0.151,0.562,0.519,1.149,0.228
2018-09-10 13:00:00,0.367,0.166,0.311,3.29,0.074,0.601,0.098,0.369,0.128,0.183,0.487,0.498,1.183,0.247
2018-09-10 14:00:00,0.391,0.158,0.401,2.974,0.026,0.595,0.094,0.402,0.076,0.207,0.416,0.415,1.145,0.258
2018-09-10 15:00:00,0.272,0.157,0.414,2.67,0.026,0.477,0.12,0.522,0.151,0.193,0.416,0.405,1.284,0.294
2018-09-10 16:00:00,0.255,0.185,0.295,2.743,0.131,0.549,0.075,0.518,0.18,0.124,0.458,0.384,1.272,0.403
2018-09-10 17:00:00,0.34,0.209,0.341,2.732,0.148,0.671,0.093,0.441,0.161,0.08,0.458,0.42,1.177,0.407
2018-09-10 18:00:00,0.376,0.197,0.266,2.697,0.158,0.62,0.086,0.46,0.17,0.09,0.463,0.34,1.129,0.394
2018-09-10 19:00:00,0.314,0.309,0.352,2.24,0.099,0.487,0.08,0.311,0.176,0.117,0.391,0.301,1.178,0.553
2018-09-10 20:00:00,0.251,0.373,0.354,2.346,0.118,0.495,0.087,0.226,0.167,0.106,0.409,0.29,1.02,0.5
2018-09-10 21:00:00,0.21,0.412,0.182,1.837,0.052,0.477,0.06,0.265,0.17,0.122,0.304,0.216,0.974,0.438
2018-09-10 22:00:00,0.186,0.254,0.191,1.391,0.026,0.508,0.075,0.279,0.104,0.064,0.302,0.208,0.939,0.383
2018-09-10 23:00:00,0.143,0.214,0.109,1.301,0.027,0.307,0.093,0.362,0.119,0.063,0.23,0.192,0.866,0.425
2018-09-11 00:00:00,0.115,0.225,0.069,1.096,0.014,0.22,0.062,0.385,0.109,0.037,0.26,0.192,0.795,0.395
2018-09-11 01:00:00,0.106,0.203,0.077,1.086,0.007,0.221,0.034,0.316,0.079,0.036,0.205,0.173,0.81,0.26
2018-09-11 02:00:00,0.1,0.229,0.051,1.044,0.019,0.232,0.028,0.272,0.093,0.029,0.192,0.28,0.767,0.162
2018-09-11 03:00:00,0.105,0.271,0.064,1.03,0.014,0.337,0.028,0.392,0.112,0.025,0.292,0.278,0.73,0.243
2018-09-11 04:00:00,0.128,0.398,0.073,1.308,0.013,0.423,0.017,0.465,0.09,0.047,0.323,0.337,1.701,0.315
2018-09-11 05:00:00,0.246,0.416,0.147,1.796,0.061,0.437,0.033,0.583,0.116,0.089,0.527,0.397,1.34,0.485
2018-09-11 06:00:00,0.271,0.438,0.202,2.302,0.051,0.683,0.068,0.578,0.113,0.178,0.576,0.413,1.023,0.334
2018-09-11 07:00:00,0.241,0.296,0.245,2.834,0.112,0.685,0.144,0.63,0.116,0.132,0.532,0.405,0.959,0.231
2018-09-11 08:00:00,0.412,0.231,0.27,3.051,0.089,0.711,0.207,0.623,0.109,0.159,0.783,0.418,1.134,0.331
2018-09-11 09:00:00,0.897,0.382,0.362,5.259,0.123,1.036,0.268,0.636,0.113,0.14,0.969,0.624,1.743,0.347
2018-09-11 10:00:00,1.351,0.456,0.757,8.2,0.18,1.578,0.341,0.786,0.282,0.319,1.217,0.952,2.684,0.426
2018-09-11 11:00:00,1.941,0.48,1.05,13.262,0.203,2.588,0.408,1.032,0.423,0.695,1.761,1.362,3.321,0.605
2018-09-11 12:00:00,3.155,0.754,1.067,19.144,0.24,3.804,0.535,1.212,0.602,0.907,2.444,1.658,4.709,0.505
2018-09-11 13:00:00,4.391,1.337,1.173,23.612,0.316,4.491,0.597,1.513,0.672,1.03,2.84,1.921,7.059,0.81
2018-09-11 14:00:00,5.738,2.31,1.385,26.624,0.453,5.248,0.753,1.8,0.881,1.202,3.623,2.574,8.604,1.19
2018-09-11 15:00:00,6.813,2.825,1.824,29.188,0.511,5.962,0.809,2.283,1.239,1.663,4.708,3.612,10.339,1.791
2018-09-11 16:00:00,6.286,2.68,2.277,27.906,0.454,6.208,1.134,2.784,1.588,2.102,4.971,4.294,11.333,2.029
2018-09-11 17:00:00,5.434,2.344,2.32,25.417,0.463,5.795,1.223,2.704,1.661,2.076,4.623,4.486,10.72,2.108
2018-09-11 18:00:00,4.487,2.08,2.053,21.348,0.497,4.781,0.997,2.2,1.371,1.658,4.017,4.005,9.322,2.058
2018-09-11 19:00:00,3.576,1.945,1.737,17.779,0.406,4.237,0.765,1.704,0.974,1.242,3.401,3.155,7.76,1.78
2018-09-11 20:00:00,3.098,2.212,1.44,14.501,0.317,3.652,0.675,1.357,0.84,1.025,3.083,2.509,7.867,1.902
2018-09-11 21:00:00,2.406,1.911,1.24,11.323,0.201,3.145,0.504,1.021,0.714,0.824,2.181,1.955,6.508,1.692
2018-09-11 22:00:00,1.91,1.53,0.911,8.52,0.178,2.773,0.296,0.8,0.457,0.538,1.246,1.196,4.998,1.304
2018-09-11 23:00:00,1.353,1.256,0.588,6.964,0.111,2.07,0.196,0.575,0.405,0.353,0.885,0.85,4.16,1.176
2018-09-12 00:00:00,1.074,1.064,0.447,5.699,0.046,1.625,0.141,0.61,0.349,0.271,0.891,0.66,3.653,0.965
2018-09-12 01:00:00,1.006,0.818,0.403,5.0,0.016,1.359,0.109,0.533,0.245,0.148,0.578,0.505,3.358,0.876
2018-09-12 02:00:00,0.863,0.779,0.395,4.554,0.039,1.2,0.099,0.485,0.241,0.174,0.523,0.702,2.795,0.826
2018-09-12 03:00:00,0.766,0.758,0.391,4.09,0.079,1.199,0.083,0.464,0.246,0.14,0.678,0.625,2.445,0.742
2018-09-12 04:00:00,0.841,0.693,0.545,4.694,0.081,1.483,0.104,0.614,0.264,0.344,1.018,0.659,4.241,0.927
2018-09-12 05:00:00,1.007,0.699,0.481,5.33,0.092,1.494,0.177,0.756,0.28,0.488,1.137,0.845,3.284,0.906
2018-09-12 06:00:00,0.972,0.767,0.522,6.117,0.193,1.58,0.26,0.703,0.367,0.401,1.536,0.998,2.574,1.125
2018-09-12 07:00:00,0.986,0.661,0.599,7.455,0.159,1.831,0.393,0.853,0.43,0.498,1.356,1.087,3.555,1.171
2018-09-12 08:00:00,1.463,1.055,0.873,10.438,0.223,2.382,0.543,1.153,0.429,0.566,1.724,1.534,4.043,1.124
2018-09-12 09:00:00,2.649,1.332,1.801,17.107,0.417,3.763,0.8,1.869,0.774,1.133,2.661,2.674,4.576,1.243
2018-09-12 10:00:00,4.485,2.076,2.727,23.292,0.823,5.14,1.209,2.894,1.505,2.348,4.759,4.192,4.501,1.596
2018-09-12 11:00:00,6.893,2.902,3.794,31.1,1.174,6.769,1.67,3.807,2.321,3.739,6.614,5.796,4.722,2.096
2018-09-12 12:00:00,9.117,3.727,5.029,39.018,1.373,8.109,2.058,4.735,2.901,4.59,7.791,7.292,3.314,2.39
2018-09-12 13:00:00,10.556,4.5,5.812,42.189,1.502,8.855,2.271,5.456,3.292,5.119,8.385,8.392,3.419,2.709
2018-09-12 14:00:00,10.872,4.388,5.736,42.224,1.534,8.768,2.308,5.271,3.105,4.802,8.603,8.311,3.147,2.995
2018-09-12 15:00:00,10.878,4.401,5.264,41.259,1.538,8.788,2.115,4.816,2.428,4.258,8.132,7.162,3.605,2.956
2018-09-12 16:00:00,10.119,4.101,4.634,40.026,1.398,8.902,2.064,4.372,2.227,3.798,7.299,6.276,3.934,2.961
2018-09-12 17:00:00,8.661,3.78,4.244,35.811,1.198,7.862,1.989,3.845,1.878,3.202,6.032,5.672,3.963,2.902
2018-09-12 18:00:00,6.984,3.057,3.447,29.267,0.981,6.505,1.752,3.073,1.557,2.388,5.241,5.044,3.647,2.816
2018-09-12 19:00:00,5.698,2.693,2.873,24.271,0.825,5.762,1.436,2.331,1.302,1.868,4.791,3.926,3.388,2.641
2018-09-12 20:00:00,4.791,2.723,2.185,19.059,0.61,4.853,1.189,1.815,1.299,1.619,4.329,2.994,3.22,2.469
2018-09-12 21:00:00,3.548,2.288,1.828,13.957,0.367,4.025,0.904,1.41,0.943,1.272,3.144,2.443,2.545,2.008
2018-09-12 22:00:00,2.353,1.945,1.241,10.269,0.286,2.978,0.61,1.032,0.591,0.943,1.76,1.661,1.973,1.503
2018-09-12 23:00:00,1.671,1.457,0.793,7.631,0.205,2.223,0.358,0.687,0.474,0.613,1.439,1.037,1.537,1.227
2018-09-13 00:00:00,1.127,1.257,0.607,5.552,0.179,1.614,0.185,0.725,0.367,0.466,1.517,0.922,1.351,1.047
2018-09-13 01:00:00,0.962,1.148,0.541,4.587,0.163,1.231,0.092,0.611,0.25,0.289,1.044,0.644,1.333,0.935
2018-09-13 02:00:00,0.795,0.965,0.697,3.906,0.151,1.12,0.057,0.528,0.252,0.194,0.891,0.885,1.292,0.867
2018-09-13 03:00:00,0.6,0.956,0.623,3.343,0.141,0.995,0.049,0.539,0.262,0.198,0.983,0.768,1.281,0.815
2018-09-13 04:00:00,0.505,0.962,0.514,3.389,0.148,0.98,0.11,0.708,0.206,0.323,1.218,0.883,2.521,0.947
2018-09-13 05:00:00,0.627,0.842,0.64,3.782,0.257,1.111,0.131,0.866,0.323,0.423,1.492,1.011,1.915,0.899
2018-09-13 06:00:00,0.742,1.071,1.092,4.829,0.266,1.354,0.085,0.958,0.613,0.527,2.104,1.311,1.872,0.993
2018-09-13 07:00:00,1.197,1.272,1.336,7.859,0.361,1.932,0.282,1.179,0.755,0.661,2.736,1.874,2.367,1.397
2018-09-13 08:00:00,2.233,2.621,1.339,13.619,0.484,3.206,0.371,1.456,0.659,0.906,4.26,2.484,2.924,1.758
2018-09-13 09:00:00,4.104,4.333,1.744,23.111,0.962,5.383,0.641,1.511,0.666,1.278,5.812,2.864,4.116,2.253
2018-09-13 10:00:00,6.565,6.095,2.662,31.215,1.374,7.43,1.12,2.572,1.477,2.56,9.67,4.509,5.336,3.436
2018-09-13 11:00:00,9.037,8.395,4.385,39.625,1.858,8.773,1.712,4.299,2.938,4.603,14.337,7.521,6.892,4.523
2018-09-13 12:00:00,11.392,10.432,6.549,48.031,2.345,10.032,2.19,6.323,4.585,6.216,18.649,10.702,7.335,6.506
2018-09-13 13:00:00,13.408,12.99,8.51,53.225,2.865,10.888,2.646,7.794,5.851,7.27,21.787,13.913,9.384,10.173
2018-09-13 14:00:00,14.943,15.088,10.399,57.466,3.346,11.735,2.995,9.415,6.775,8.55,24.914,16.782,9.263,15.055
2018-09-13 15:00:00,15.892,16.213,11.791,59.541,3.684,12.655,3.246,10.718,7.575,9.43,26.987,18.488,10.162,18.813
2018-09-13 16:00:00,15.148,15.795,12.098,58.414,3.642,12.899,3.23,11.15,8.064,9.557,26.426,19.166,10.264,21.085
2018-09-13 17:00:00,13.415,13.834,10.832,53.311,3.135,12.062,3.054,9.856,7.348,8.493,24.413,17.406,9.517,20.34
2018-09-13 18:00:00,10.649,10.82,8.009,43.325,2.093,9.655,2.591,6.942,5.071,6.2,19.562,13.285,7.083,15.217
2018-09-13 19:00:00,8.198,8.366,5.556,33.809,1.213,7.873,1.946,4.658,3.506,4.175,13.867,9.489,5.526,10.429
2018-09-13 20:00:00,6.287,6.496,3.8,25.465,0.653,6.338,1.428,3.103,2.33,2.766,9.84,6.712,4.332,7.792
2018-09-13 21:00:00,4.115,5.052,2.381,17.711,0.286,4.764,0.96,1.752,1.589,1.515,6.601,3.88,3.21,5.219
2018-09-13 22:00:00,2.745,3.188,1.639,12.747,0.143,3.585,0.536,1.069,0.944,1.026,3.847,2.159,2.237,3.381
2018-09-13 23:00:00,1.797,2.199,1.005,8.886,0.088,2.55,0.241,0.618,0.627,0.55,2.128,1.383,1.296,2.374
2018-09-14 00:00:00,1.161,1.501,0.574,6.153,0.051,1.746,0.115,0.549,0.364,0.327,1.709,0.713,1.126,1.887
2018-09-14 01:00:00,0.981,1.177,0.354,4.902,0.03,1.328,0.057,0.423,0.222,0.196,1.026,0.501,1.133,1.534
2018-09-14 02:00:00,0.755,1.014,0.466,3.955,0.016,1.082,0.051,0.423,0.197,0.164,0.806,0.611,0.955,1.094
2018-09-14 03:00:00,0.534,0.95,0.361,3.195,0.026,0.975,0.045,0.42,0.191,0.144,0.702,0.518,0.956,0.949
2018-09-14 04:00:00,0.596,0.908,0.294,3.202,0.031,0.994,0.04,0.497,0.165,0.237,0.776,0.541,2.376,1.094
2018-09-14 05:00:00,0.714,0.584,0.247,3.442,0.01,0.99,0.07,0.462,0.222,0.179,0.818,0.699,2.034,1.163
2018-09-14 06:00:00,0.839,0.612,0.465,4.582,0.0,1.041,0.101,0.476,0.345,0.135,0.972,0.861,1.496,1.502
2018-09-14 07:00:00,1.172,0.907,0.913,7.892,0.066,1.716,0.21,0.816,0.52,0.27,1.39,1.01,2.037,2.107
2018-09-14 08:00:00,2.466,2.093,1.264,14.178,0.188,3.213,0.342,1.206,0.473,0.481,3.043,1.526,3.22,2.517
2018-09-14 09:00:00,4.618,4.815,1.96,25.69,0.368,5.868,0.623,1.673,0.919,1.17,6.955,2.709,7.132,3.091
2018-09-14 10:00:00,7.957,7.836,3.294,36.966,0.865,8.42,1.09,3.17,1.999,2.752,11.251,5.504,11.582,4.42
2018-09-14 11:00:00,10.786,10.766,5.372,45.954,1.44,10.078,1.704,5.171,3.689,4.939,14.254,9.314,14.857,7.172
2018-09-14 12:00:00,13.395,12.735,7.188,54.52,1.813,11.316,2.322,6.92,5.52,6.488,21.086,13.191,17.44,11.136
2018-09-14 13:00:00,15.708,14.625,9.217,60.9,2.304,12.5,2.823,8.571,6.691,7.898,24.148,16.489,21.327,15.545
2018-09-14 14:00:00,17.743,15.96,11.184,66.478,2.876,13.846,3.217,10.058,7.859,8.96,26.2,19.089,23.635,20.04
2018-09-14 15:00:00,18.62,16.572,12.127,68.53,3.315,14.64,3.484,11.087,8.445,9.699,27.17,20.299,23.602,23.264
2018-09-14 16:00:00,17.671,16.368,11.681,66.355,3.367,14.757,3.458,10.729,8.687,9.35,25.722,20.56,22.899,24.123
2018-09-14 17:00:00,15.794,14.333,10.545,60.137,2.766,13.636,3.181,9.342,7.291,8.267,22.376,17.758,19.818,22.859
2018-09-14 18:00:00,12.19,11.28,7.238,47.832,1.855,10.609,2.609,6.287,5.244,5.634,16.801,13.707,14.547,16.341
2018-09-14 19:00:00,8.568,9.033,4.636,35.958,1.212,7.944,1.906,3.975,3.535,3.557,13.411,9.61,10.874,10.957
2018-09-14 20:00:00,5.888,7.426,3.19,25.938,0.665,6.256,1.378,2.591,2.344,2.4,9.683,6.853,8.028,7.682
2018-09-14 21:00:00,3.631,5.516,2.111,16.569,0.363,4.554,0.937,1.47,1.622,1.414,6.873,4.277,5.517,4.895
2018-09-14 22:00:00,3.388,3.628,1.482,14.795,0.174,4.224,0.529,0.773,0.972,0.822,4.346,2.624,3.88,2.884
2018-09-14 23:00:00,2.419,2.308,0.852,10.756,0.099,2.988,0.222,0.343,0.57,0.474,2.605,1.435,2.615,2.078
2018-09-15 00:00:00,1.571,1.677,0.468,7.761,0.053,2.121,0.144,0.283,0.345,0.28,1.838,0.692,2.123,1.432
2018-09-15 01:00:00,1.26,1.4,0.253,6.357,0.028,1.645,0.065,0.188,0.206,0.149,1.373,0.385,2.137,1.069
2018-09-15 02:00:00,0.934,1.261,0.314,4.833,0.01,1.321,0.056,0.176,0.174,0.106,0.967,0.492,1.966,0.928
2018-09-15 03:00:00,0.623,1.091,0.224,3.545,0.005,1.003,0.053,0.117,0.15,0.054,0.968,0.456,1.788,0.718
2018-09-15 04:00:00,0.552,1.081,0.2,3.294,0.005,1.014,0.041,0.119,0.161,0.052,0.894,0.3,2.882,0.766
2018-09-15 05:00:00,0.514,0.747,0.192,3.373,0.02,0.97,0.128,0.196,0.138,0.071,0.753,0.449,2.432,0.769
2018-09-15 06:00:00,0.754,0.729,0.279,5.004,0.007,1.195,0.131,0.327,0.157,0.083,1.3,0.464,2.694,0.998
2018-09-15 07:00:00,1.192,1.585,0.676,7.427,0.094,1.817,0.186,0.561,0.324,0.184,2.267,0.653,3.011,1.705
2018-09-15 08:00:00,2.424,3.435,1.01,12.68,0.291,2.814,0.34,1.055,0.629,0.441,4.547,1.226,3.378,2.173
2018-09-15 09:00:00,4.72,5.557,1.917,23.665,0.545,4.994,0.755,1.623,1.083,1.365,9.175,2.776,4.503,2.68
2018-09-15 10:00:00,7.565,8.443,3.447,32.507,0.933,7.302,1.35,3.511,1.984,3.389,14.542,5.498,8.001,4.349
2018-09-15 11:00:00,10.491,11.185,5.372,41.636,1.372,9.323,1.972,5.478,3.38,5.329,18.907,9.329,12.866,7.884
2018-09-15 12:00:00,13.732,13.525,8.043,53.224,1.766,11.322,2.456,7.626,5.077,7.051,23.495,13.459,19.165,13.141
2018-09-15 13:00:00,17.029,15.516,10.438,62.989,2.416,13.351,2.919,9.232,6.86,8.894,27.145,16.936,23.6,19.116
2018-09-15 14:00:00,19.254,16.968,12.58,69.276,3.055,14.779,3.275,10.725,8.287,10.47,29.368,19.535,26.565,24.729
2018-09-15 15:00:00,19.82,18.346,13.777,71.106,3.379,15.365,3.374,12.065,9.088,11.14,30.258,21.189,27.399,27.798
2018-09-15 16:00:00,18.963,17.774,13.79,69.002,3.54,15.001,3.477,11.991,9.529,10.737,29.363,21.648,26.979,28.242
2018-09-15 17:00:00,16.584,15.467,12.126,60.821,3.099,13.618,3.353,10.366,8.881,9.391,26.633,20.072,22.926,26.419
2018-09-15 18:00:00,13.416,11.501,8.817,50.151,2.239,11.114,3.01,7.658,6.815,7.033,21.195,15.995,17.318,19.887
2018-09-15 19:00:00,10.57,8.651,6.413,41.85,1.573,9.104,2.459,5.56,4.972,5.405,16.95,12.188,12.637,14.42
2018-09-15 20:00:00,8.624,6.864,4.838,34.375,0.86,7.605,1.987,4.191,3.548,4.123,12.94,9.65,9.016,10.504
2018-09-15 21:00:00,6.471,4.815,3.702,27.519,0.518,6.433,1.523,3.091,2.397,2.873,9.254,7.394,6.417,7.301
2018-09-15 22:00:00,4.818,3.303,2.526,20.776,0.313,5.176,1.141,2.064,1.554,1.931,6.152,5.061,4.216,4.568
2018-09-15 23:00:00,3.663,2.181,1.917,16.472,0.196,4.103,0.883,1.341,1.111,1.373,4.088,3.481,2.752,3.024
2018-09-16 00:00:00,2.668,1.58,1.358,12.693,0.141,3.127,0.615,1.263,0.793,0.993,2.772,2.364,2.122,2.204
2018-09-16 01:00:00,2.224,1.297,1.006,10.389,0.12,2.493,0.439,0.948,0.506,0.582,1.896,1.607,2.029,1.778
2018-09-16 02:00:00,1.847,1.11,0.996,8.877,0.127,2.145,0.331,0.736,0.377,0.37,1.439,1.356,1.647,1.522
2018-09-16 03:00:00,1.348,1.037,0.741,7.42,0.098,1.887,0.249,0.603,0.437,0.271,1.161,1.083,1.349,1.339
2018-09-16 04:00:00,1.291,1.022,0.567,6.66,0.041,1.779,0.282,0.683,0.354,0.292,1.178,0.855,1.229,1.25
2018-09-16 05:00:00,1.159,0.558,0.616,6.388,0.111,1.667,0.296,0.618,0.362,0.227,1.233,0.78,1.239,1.113
2018-09-16 06:00:00,1.361,0.681,0.847,7.564,0.083,1.937,0.436,0.775,0.402,0.476,1.577,1.197,2.782,1.503
2018-09-16 07:00:00,2.066,1.424,1.255,11.294,0.212,2.681,0.666,1.001,0.668,0.781,2.613,1.741,2.937,2.546
2018-09-16 08:00:00,3.593,3.167,2.184,17.098,0.584,3.992,1.144,1.895,0.868,1.754,5.441,2.527,5.488,3.934
2018-09-16 09:00:00,6.618,5.963,3.992,28.549,1.172,6.256,1.804,3.764,1.474,3.758,11.043,4.358,10.656,6.024
2018-09-16 10:00:00,10.988,9.549,7.138,40.379,1.684,9.057,2.352,6.613,2.877,6.23,17.325,7.972,17.652,10.181
2018-09-16 11:00:00,13.82,13.016,9.56,48.408,2.292,10.917,2.818,8.901,5.178,8.224,22.685,12.446,23.447,15.967
2018-09-16 12:00:00,16.737,15.562,11.786,58.363,3.068,12.756,3.119,10.495,6.778,9.624,27.239,15.956,27.562,22.095
2018-09-16 13:00:00,19.093,17.926,13.154,65.744,3.734,14.279,3.365,11.694,8.511,10.539,30.626,18.709,29.356,26.276
2018-09-16 14:00:00,20.481,19.296,14.635,70.198,4.089,15.405,3.498,12.588,9.881,11.249,31.918,20.917,30.84,28.693
2018-09-16 15:00:00,20.569,19.633,15.181,70.953,4.112,15.728,3.658,13.262,10.599,11.515,32.359,22.117,31.517,30.189
2018-09-16 16:00:00,19.005,19.458,14.892,67.064,4.038,14.745,3.647,12.837,10.902,11.082,31.105,22.396,29.981,29.978
2018-09-16 17:00:00,17.007,17.55,13.015,60.313,3.707,13.474,3.429,11.01,9.939,9.781,28.084,20.533,25.782,27.476
2018-09-16 18:00:00,13.782,14.097,9.721,49.917,2.783,11.308,3.022,8.18,7.479,7.487,23.426,16.415,21.043,21.844
2018-09-16 19:00:00,11.011,11.251,7.069,42.36,2.002,9.532,2.7,6.146,5.576,5.776,19.201,13.135,16.69,17.317
2018-09-16 20:00:00,9.009,9.515,5.141,34.16,1.291,8.006,2.207,4.508,4.122,4.368,15.697,10.509,13.978,13.854
2018-09-16 21:00:00,6.76,7.593,3.858,27.672,0.794,6.597,1.722,3.374,2.722,3.054,12.45,7.838,10.535,10.451
2018-09-16 22:00:00,5.102,5.662,2.768,21.585,0.519,5.471,1.264,2.357,1.716,2.096,9.273,5.432,7.48,7.117
2018-09-16 23:00:00,3.919,4.167,2.083,16.873,0.344,4.286,0.92,1.586,1.377,1.526,6.893,4.097,5.666,5.664
2018-09-17 00:00:00,2.938,3.079,1.604,13.954,0.224,3.468,0.697,1.491,1.017,1.065,5.112,2.969,4.18,4.28
2018-09-17 01:00:00,2.632,2.394,1.372,12.257,0.185,2.901,0.538,0.998,0.651,0.759,3.713,2.038,3.377,3.424
2018-09-17 02:00:00,2.616,2.128,1.204,12.531,0.14,2.967,0.364,0.696,0.468,0.457,3.019,1.543,2.524,2.698
2018-09-17 03:00:00,2.597,1.825,0.984,12.873,0.215,3.127,0.28,0.685,0.361,0.36,2.6,1.318,2.081,2.147
2018-09-17 04:00:00,2.873,1.601,0.854,13.498,0.174,3.387,0.263,0.861,0.457,0.439,2.523,1.201,3.241,2.303
2018-09-17 05:00:00,2.93,1.262,0.834,15.158,0.159,3.491,0.375,1.031,0.476,0.66,2.746,1.279,2.844,2.094
2018-09-17 06:00:00,3.265,1.406,0.736,18.659,0.172,4.125,0.444,0.96,0.619,0.721,3.647,1.566,2.773,2.605
2018-09-17 07:00:00,3.636,2.834,0.843,22.303,0.219,4.747,0.565,1.107,0.67,0.758,5.932,2.208,4.254,3.634
2018-09-17 08:00:00,5.04,5.558,1.167,27.731,0.586,5.95,0.871,1.561,0.973,0.955,10.628,3.934,7.113,5.763
2018-09-17 09:00:00,8.698,8.605,2.761,41.283,1.208,8.757,1.268,2.722,2.965,2.286,16.09,9.135,11.884,9.868
2018-09-17 10:00:00,12.663,11.312,5.314,51.665,1.955,11.522,1.998,5.287,5.649,5.017,21.708,14.452,16.736,15.129
2018-09-17 11:00:00,15.571,13.419,8.641,61.244,2.568,13.383,2.726,8.159,7.79,7.816,25.327,18.069,20.648,20.796
2018-09-17 12:00:00,17.53,14.332,10.387,68.658,3.131,14.498,3.237,9.668,9.262,9.134,27.215,20.293,22.298,25.126
2018-09-17 13:00:00,18.739,15.16,11.746,72.119,3.617,15.282,3.516,10.784,9.975,9.664,27.722,21.765,24.355,26.663
2018-09-17 14:00:00,19.641,15.148,12.87,73.98,3.856,15.802,3.678,11.704,10.287,10.201,28.58,22.646,24.667,28.135
2018-09-17 15:00:00,19.402,14.608,13.14,71.653,3.919,15.507,3.747,12.086,10.254,10.404,26.779,22.623,24.139,27.994
2018-09-17 16:00:00,17.452,12.742,12.437,65.478,3.768,14.467,3.664,11.418,9.626,9.779,23.837,21.342,22.043,24.732
2018-09-17 17:00:00,14.66,10.876,10.984,56.872,3.346,12.822,3.352,9.611,7.888,8.333,20.818,18.018,17.828,20.326
2018-09-17 18:00:00,11.622,9.01,8.527,46.024,2.627,10.382,3.013,7.356,5.943,6.577,16.475,14.258,14.355,15.296
2018-09-17 19:00:00,9.525,7.958,6.28,37.889,1.742,8.651,2.55,5.705,5.135,5.083,12.697,12.309,11.881,11.908
2018-09-17 20:00:00,7.978,7.506,4.799,31.015,0.983,7.527,2.047,4.41,3.899,3.877,10.022,9.874,10.603,9.655
2018-09-17 21:00:00,6.507,6.315,3.903,25.908,0.535,6.655,1.551,3.294,3.031,3.074,7.232,7.674,8.698,6.916
2018-09-17 22:00:00,5.009,4.829,2.644,21.463,0.355,5.641,1.274,2.22,2.106,2.1,5.601,5.535,7.132,4.916
2018-09-17 23:00:00,4.087,3.677,1.88,18.095,0.237,4.832,0.891,1.463,1.494,1.518,3.993,4.171,5.925,3.634
2018-09-18 00:00:00,3.374,2.91,1.481,15.423,0.157,3.996,0.748,1.321,1.224,1.234,2.98,3.274,5.766,2.844
2018-09-18 01:00:00,3.018,2.576,1.161,13.804,0.127,3.425,0.498,0.943,0.943,0.753,2.326,2.753,5.506,2.444
2018-09-18 02:00:00,2.714,2.279,1.254,12.567,0.101,3.054,0.393,0.92,0.761,0.742,2.124,2.455,4.921,2.23
2018-09-18 03:00:00,2.52,1.981,1.037,12.199,0.08,2.99,0.379,0.943,0.673,0.687,2.171,2.158,4.044,2.092
2018-09-18 04:00:00,2.73,2.05,1.04,13.165,0.117,3.369,0.269,1.083,0.731,0.656,2.323,2.179,4.911,2.339
2018-09-18 05:00:00,2.864,1.581,1.052,13.805,0.199,3.902,0.413,1.264,0.768,0.726,2.648,2.566,4.12,2.574
2018-09-18 06:00:00,2.707,1.431,0.933,15.787,0.197,4.098,0.553,1.081,0.988,0.593,2.794,3.27,3.55,2.484
2018-09-18 07:00:00,3.358,1.453,1.061,20.223,0.181,4.952,0.755,1.215,1.47,0.857,2.895,3.925,4.549,2.052
2018-09-18 08:00:00,5.048,1.844,1.602,27.185,0.271,5.988,1.156,1.781,1.803,1.327,3.248,5.908,5.498,2.678
2018-09-18 09:00:00,7.623,2.609,2.737,36.287,0.541,7.823,1.762,2.782,3.236,2.513,4.526,9.727,6.575,4.062
2018-09-18 10:00:00,11.327,3.883,4.374,46.776,1.106,10.346,2.106,4.438,5.344,4.293,9.371,13.655,8.003,6.312
2018-09-18 11:00:00,14.503,5.691,5.886,57.868,1.629,12.331,2.5,5.68,7.395,5.782,14.426,17.367,10.087,9.11
2018-09-18 12:00:00,17.256,7.866,7.671,68.024,2.017,13.944,2.675,7.407,9.315,7.315,18.821,20.194,10.722,12.471
2018-09-18 13:00:00,18.899,10.981,9.827,72.137,2.568,15.055,2.861,9.102,10.412,8.448,23.605,22.401,15.874,17.44
2018-09-18 14:00:00,19.109,13.914,11.118,71.787,3.111,15.03,3.113,9.967,10.622,8.98,27.662,22.882,20.314,22.364
2018-09-18 15:00:00,18.782,15.641,11.782,69.611,3.333,14.843,3.397,10.658,9.959,9.329,29.621,21.846,22.662,24.78
2018-09-18 16:00:00,17.697,15.757,11.241,66.238,3.276,14.619,3.409,10.424,9.516,9.006,29.077,21.333,23.524,26.116
2018-09-18 17:00:00,14.961,13.55,10.09,57.056,2.695,12.948,3.052,9.018,8.409,7.933,25.776,18.997,20.849,24.263
2018-09-18 18:00:00,11.119,10.013,7.78,43.321,1.947,9.708,2.319,6.891,6.352,6.078,20.036,15.004,15.939,18.055
2018-09-18 19:00:00,8.251,8.139,5.703,33.148,1.399,7.474,1.762,5.27,4.873,4.56,15.437,11.975,11.93,14.012
2018-09-18 20:00:00,6.025,6.776,4.518,24.412,1.038,6.004,1.335,3.844,3.751,3.514,12.251,9.737,9.313,11.35
2018-09-18 21:00:00,3.615,5.378,3.267,15.864,0.669,4.48,0.704,2.496,2.818,2.433,9.345,7.115,7.191,8.474
2018-09-18 22:00:00,2.161,3.907,2.264,10.189,0.451,3.047,0.456,1.711,1.752,1.743,6.385,4.769,5.282,6.277
2018-09-18 23:00:00,1.423,2.514,1.539,6.983,0.266,2.262,0.22,1.144,1.234,1.225,4.099,3.343,3.551,3.979
2018-09-19 00:00:00,0.903,1.864,1.05,4.713,0.203,1.509,0.112,0.933,0.862,0.935,2.638,2.263,2.556,2.64
2018-09-19 01:00:00,0.689,1.476,0.79,3.554,0.185,1.013,0.06,0.643,0.56,0.527,1.766,1.547,2.107,2.094
2018-09-19 02:00:00,0.388,1.327,0.829,2.656,0.177,0.802,0.053,0.518,0.417,0.401,1.469,1.479,1.749,1.609
2018-09-19 03:00:00,0.298,1.244,0.672,2.027,0.141,0.578,0.047,0.552,0.353,0.25,1.274,1.195,1.487,1.291
2018-09-19 04:00:00,0.389,1.236,0.504,2.282,0.129,0.612,0.026,0.694,0.343,0.402,1.38,1.037,2.932,1.562
2018-09-19 05:00:00,0.323,0.957,0.555,2.3,0.239,0.579,0.115,0.699,0.482,0.45,1.105,1.08,2.32,1.694
2018-09-19 06:00:00,0.41,0.811,0.424,2.399,0.247,0.718,0.061,0.649,0.421,0.375,0.88,1.222,2.095,1.495
2018-09-19 07:00:00,0.261,0.598,0.405,2.315,0.346,0.512,0.077,0.644,0.348,0.263,0.874,1.399,2.944,1.353
2018-09-19 08:00:00,0.244,0.969,0.403,2.199,0.347,0.483,0.145,0.584,0.318,0.143,0.914,1.552,4.327,2.333
2018-09-19 09:00:00,0.233,2.096,0.513,1.999,0.363,0.567,0.167,0.554,0.364,0.135,0.831,1.746,5.532,4.411
2018-09-19 10:00:00,0.307,4.247,0.642,2.773,0.37,0.732,0.178,0.445,0.636,0.263,1.067,2.338,6.408,6.424
2018-09-19 11:00:00,0.545,5.668,0.688,3.927,0.298,0.778,0.141,0.638,1.078,0.446,1.409,3.125,7.552,8.288
2018-09-19 12:00:00,1.107,7.504,0.797,7.368,0.28,1.279,0.171,0.771,0.969,0.568,2.245,2.625,8.808,9.759
2018-09-19 13:00:00,1.599,9.722,0.943,10.705,0.241,1.755,0.225,1.281,0.868,0.744,4.309,2.403,10.91,12.051
2018-09-19 14:00:00,1.892,11.854,1.088,12.481,0.238,1.941,0.205,1.537,0.911,0.91,6.41,2.791,11.53,13.334
2018-09-19 15:00:00,1.983,12.255,1.062,12.331,0.217,1.844,0.166,1.524,0.792,0.825,7.732,2.598,12.96,11.432
2018-09-19 16:00:00,1.716,11.189,0.822,12.185,0.224,1.757,0.167,1.268,0.839,0.557,7.094,2.376,12.109,8.162
2018-09-19 17:00:00,1.366,9.05,0.898,10.099,0.345,1.52,0.123,0.981,0.743,0.488,6.755,1.906,9.885,8.596
2018-09-19 18:00:00,1.029,7.018,0.668,6.9,0.289,1.293,0.096,0.718,0.596,0.452,4.23,1.365,7.141,5.825
2018-09-19 19:00:00,0.688,5.416,0.721,5.607,0.232,1.24,0.139,0.682,0.427,0.448,2.715,1.078,5.457,4.171
2018-09-19 20:00:00,0.789,4.315,0.629,4.872,0.175,1.122,0.189,0.605,0.373,0.436,2.059,0.924,4.2,3.452
2018-09-19 21:00:00,0.73,2.832,0.588,3.694,0.13,1.098,0.078,0.493,0.315,0.165,1.196,0.709,2.927,2.697
2018-09-19 22:00:00,0.418,1.889,0.39,2.704,0.065,0.852,0.063,0.459,0.205,0.144,0.839,0.423,1.959,1.687
2018-09-19 23:00:00,0.284,1.216,0.189,2.258,0.045,0.685,0.054,0.372,0.186,0.1,0.458,0.271,1.309,1.254
2018-09-20 00:00:00,0.226,0.986,0.135,1.794,0.026,0.414,0.049,0.401,0.135,0.083,0.463,0.217,1.124,1.005
2018-09-20 01:00:00,0.164,0.86,0.093,1.518,0.017,0.36,0.03,0.257,0.1,0.07,0.35,0.196,1.12,0.794
2018-09-20 02:00:00,0.131,0.8,0.096,1.205,0.013,0.35,0.048,0.219,0.091,0.076,0.339,0.352,1.064,0.618
2018-09-20 03:00:00,0.115,0.722,0.113,1.249,0.018,0.292,0.038,0.215,0.125,0.048,0.376,0.396,0.941,0.638
2018-09-20 04:00:00,0.155,0.667,0.131,1.478,0.048,0.353,0.028,0.286,0.162,0.093,0.445,0.381,1.496,0.795
2018-09-20 05:00:00,0.166,0.411,0.181,1.508,0.076,0.435,0.059,0.302,0.138,0.184,0.4,0.329,1.296,0.748
2018-09-20 06:00:00,0.199,0.338,0.179,1.421,0.079,0.461,0.057,0.303,0.153,0.141,0.479,0.43,1.22,0.579
2018-09-20 07:00:00,0.256,0.402,0.161,1.692,0.071,0.452,0.063,0.458,0.14,0.092,0.52,0.585,1.279,0.742
2018-09-20 08:00:00,0.274,0.381,0.204,1.708,0.106,0.357,0.044,0.487,0.105,0.116,0.611,0.582,1.199,0.61
2018-09-20 09:00:00,0.217,0.593,0.235,1.798,0.082,0.372,0.053,0.541,0.079,0.085,0.898,0.62,1.527,0.517
2018-09-20 10:00:00,0.287,0.907,0.346,2.117,0.102,0.491,0.109,0.507,0.115,0.123,1.358,0.676,1.884,0.544
2018-09-20 11:00:00,0.298,1.237,0.428,2.368,0.138,0.576,0.094,0.446,0.149,0.303,2.257,0.739,2.168,0.671
2018-09-20 12:00:00,0.309,2.104,0.555,3.115,0.141,0.586,0.109,0.554,0.194,0.438,3.443,0.784,2.12,0.989
2018-09-20 13:00:00,0.552,3.694,0.695,4.807,0.202,0.854,0.13,0.582,0.359,0.504,4.454,0.998,2.451,1.503
2018-09-20 14:00:00,0.738,5.238,0.894,5.839,0.219,1.058,0.136,0.781,0.383,0.657,4.919,1.185,3.234,1.966
2018-09-20 15:00:00,0.882,6.149,1.078,6.79,0.273,1.308,0.126,1.161,0.453,0.807,4.225,1.26,4.313,1.928
2018-09-20 16:00:00,0.923,5.868,1.081,7.141,0.287,1.418,0.118,1.39,0.541,0.771,3.471,1.3,4.127,1.926
2018-09-20 17:00:00,0.937,4.5,1.058,6.67,0.287,1.38,0.131,1.292,0.559,0.789,3.0,1.473,3.418,1.974
2018-09-20 18:00:00,0.929,3.338,0.756,6.272,0.22,1.347,0.114,0.849,0.446,0.552,2.603,1.484,2.996,1.744
2018-09-20 19:00:00,0.951,2.641,0.723,5.742,0.196,1.34,0.095,0.671,0.425,0.422,1.96,0.857,2.703,1.538
2018-09-20 20:00:00,0.706,2.544,0.613,4.79,0.129,1.177,0.104,0.487,0.349,0.208,1.896,0.884,1.91,1.533
2018-09-20 21:00:00,0.439,2.002,0.517,3.349,0.075,0.975,0.131,0.449,0.326,0.134,1.435,0.594,1.428,1.399
2018-09-20 22:00:00,0.351,1.481,0.28,2.315,0.033,0.726,0.071,0.274,0.248,0.085,0.909,0.391,1.186,0.918
2018-09-20 23:00:00,0.234,1.125,0.194,1.956,0.024,0.536,0.083,0.281,0.155,0.064,0.624,0.269,0.977,0.755
2018-09-21 00:00:00,0.195,1.019,0.108,1.631,0.018,0.44,0.082,0.272,0.119,0.048,0.564,0.211,0.896,0.696
2018-09-21 01:00:00,0.166,0.818,0.081,1.468,0.013,0.373,0.047,0.351,0.087,0.048,0.436,0.194,0.887,0.607
2018-09-21 02:00:00,0.15,0.713,0.076,1.37,0.011,0.403,0.027,0.33,0.088,0.042,0.408,0.359,0.825,0.437
2018-09-21 03:00:00,0.227,0.729,0.07,1.523,0.01,0.424,0.07,0.388,0.113,0.053,0.436,0.437,0.811,0.561
2018-09-21 04:00:00,0.298,0.792,0.058,2.177,0.061,0.57,0.058,0.541,0.153,0.103,0.589,0.423,1.509,0.599
2018-09-21 05:00:00,0.338,0.676,0.097,3.035,0.078,0.68,0.072,0.674,0.2,0.128,0.62,0.404,1.135,0.639
2018-09-21 06:00:00,0.299,0.564,0.221,2.801,0.036,0.713,0.097,0.644,0.186,0.053,0.695,0.393,0.891,0.446
2018-09-21 07:00:00,0.179,0.448,0.193,2.994,0.098,0.621,0.082,0.62,0.163,0.225,0.775,0.405,0.876,0.473
2018-09-21 08:00:00,0.192,0.473,0.149,2.666,0.083,0.6,0.175,0.615,0.119,0.148,0.715,0.459,1.026,0.367
2018-09-21 09:00:00,0.283,0.685,0.153,2.754,0.051,0.578,0.176,0.581,0.11,0.084,0.941,0.513,1.239,0.26
2018-09-21 10:00:00,0.211,0.761,0.168,2.511,0.043,0.513,0.221,0.473,0.122,0.085,0.91,0.489,1.426,0.291
2018-09-21 11:00:00,0.308,0.859,0.169,3.001,0.06,0.631,0.169,0.529,0.125,0.121,1.13,0.474,1.553,0.317
2018-09-21 12:00:00,0.353,0.832,0.2,3.618,0.063,0.691,0.19,0.576,0.103,0.088,1.108,0.419,1.398,0.286
2018-09-21 13:00:00,0.484,0.989,0.201,4.423,0.075,0.923,0.241,0.555,0.117,0.075,1.376,0.492,1.638,0.379
2018-09-21 14:00:00,0.56,1.184,0.184,5.163,0.084,1.138,0.534,0.611,0.088,0.112,1.504,0.44,1.587,0.418
2018-09-21 15:00:00,0.909,1.414,0.333,6.216,0.12,1.361,0.843,0.658,0.095,0.1,1.948,0.504,1.787,0.515
2018-09-21 16:00:00,1.184,1.551,0.502,8.063,0.21,1.844,1.164,0.774,0.243,0.338,2.372,0.633,2.128,0.77
2018-09-21 17:00:00,1.331,1.854,0.732,9.147,0.216,2.045,1.093,0.86,0.282,0.39,2.656,0.778,2.115,0.982
2018-09-21 18:00:00,1.289,1.552,0.52,9.075,0.24,2.287,0.868,0.781,0.322,0.323,2.445,0.774,1.849,0.966
2018-09-21 19:00:00,1.378,1.701,0.758,9.45,0.274,2.376,0.771,0.811,0.352,0.382,2.699,0.821,1.914,0.985
2018-09-21 20:00:00,1.538,2.498,0.88,9.251,0.274,1.976,0.855,0.877,0.316,0.52,2.757,1.009,1.819,1.119
2018-09-21 21:00:00,1.487,2.464,0.963,7.705,0.232,2.009,0.871,1.07,0.332,0.652,2.832,0.821,1.576,1.298
2018-09-21 22:00:00,1.215,1.914,0.74,5.654,0.235,1.625,0.614,1.028,0.3,0.624,2.803,0.717,1.405,0.845
2018-09-21 23:00:00,0.957,1.713,0.625,4.957,0.224,1.327,0.395,0.706,0.39,0.461,2.644,0.771,1.418,0.805
2018-09-22 00:00:00,0.884,1.758,0.553,5.117,0.221,1.325,0.401,0.843,0.427,0.421,2.367,1.026,1.384,0.872
2018-09-22 01:00:00,0.947,1.726,0.501,5.44,0.188,1.4,0.36,0.689,0.344,0.346,1.882,0.981,1.371,0.853
2018-09-22 02:00:00,0.83,1.544,0.498,4.432,0.182,1.284,0.199,0.607,0.3,0.3,1.561,1.063,1.442,0.775
2018-09-22 03:00:00,0.436,1.156,0.409,2.813,0.145,0.91,0.107,0.429,0.244,0.206,1.183,0.788,1.465,0.737
2018-09-22 04:00:00,0.178,0.831,0.212,1.947,0.176,0.604,0.167,0.389,0.178,0.19,0.891,0.566,2.843,0.779
2018-09-22 05:00:00,0.305,0.521,0.328,1.917,0.092,0.627,0.153,0.385,0.215,0.105,0.87,0.441,2.053,0.712
2018-09-22 06:00:00,0.212,0.597,0.296,1.536,0.076,0.398,0.108,0.303,0.101,0.082,1.137,0.526,1.489,1.011
2018-09-22 07:00:00,0.186,0.685,0.372,1.671,0.073,0.322,0.128,0.183,0.09,0.183,0.948,0.448,1.922,1.027
2018-09-22 08:00:00,0.243,0.988,0.275,2.124,0.093,0.406,0.078,0.161,0.111,0.142,0.754,0.493,1.845,1.234
2018-09-22 09:00:00,0.429,1.665,0.637,3.025,0.202,0.645,0.15,0.242,0.123,0.104,1.118,0.77,2.51,1.618
2018-09-22 10:00:00,0.566,1.6,0.98,3.815,0.252,0.684,0.274,0.316,0.286,0.302,1.361,0.943,3.687,2.313
2018-09-22 11:00:00,0.918,2.19,1.054,5.752,0.269,1.103,0.418,0.636,0.487,0.562,1.78,1.255,5.234,3.114
2018-09-22 12:00:00,1.311,2.756,1.186,8.847,0.312,1.483,0.518,0.834,0.612,0.986,2.569,1.458,6.46,3.922
2018-09-22 13:00:00,2.098,3.793,1.62,12.119,0.422,1.877,0.567,1.152,0.826,1.24,3.174,1.976,7.069,4.236
2018-09-22 14:00:00,2.528,4.864,1.997,12.7,0.555,1.999,0.574,1.539,0.968,1.496,3.943,2.589,7.561,4.135
2018-09-22 15:00:00,2.049,4.843,1.629,10.964,0.56,1.673,0.636,1.262,1.13,1.182,4.236,2.804,7.13,4.622
2018-09-22 16:00:00,1.634,3.825,1.196,9.669,0.473,1.695,0.804,0.699,1.203,0.767,3.53,2.351,5.068,5.043
2018-09-22 17:00:00,1.22,2.215,0.97,7.83,0.284,1.608,0.581,0.418,0.769,0.498,2.058,1.69,3.387,3.7
2018-09-22 18:00:00,0.63,0.943,0.504,4.628,0.172,0.971,0.213,0.161,0.469,0.187,0.904,0.784,2.104,1.711
2018-09-22 19:00:00,0.435,0.733,0.322,3.085,0.14,0.705,0.124,0.111,0.278,0.094,0.697,0.486,1.398,0.968
2018-09-22 20:00:00,0.401,0.979,0.257,2.235,0.086,0.499,0.095,0.105,0.173,0.138,0.602,0.338,1.046,0.781
2018-09-22 21:00:00,0.215,0.838,0.16,1.451,0.037,0.329,0.065,0.107,0.141,0.055,0.426,0.23,0.926,0.602
2018-09-22 22:00:00,0.153,0.7,0.088,1.056,0.005,0.164,0.077,0.11,0.1,0.067,0.219,0.166,0.628,0.371
2018-09-22 23:00:00,0.086,0.453,0.052,0.853,0.03,0.119,0.026,0.108,0.129,0.035,0.181,0.132,0.326,0.233
2018-09-23 00:00:00,0.069,0.269,0.028,0.643,0.002,0.077,0.019,0.125,0.111,0.03,0.182,0.124,0.312,0.148
2018-09-23 01:00:00,0.066,0.153,0.026,0.536,0.002,0.072,0.005,0.102,0.103,0.028,0.152,0.122,0.345,0.108
2018-09-23 02:00:00,0.072,0.08,0.025,0.483,0.001,0.071,0.0,0.107,0.094,0.026,0.154,0.188,0.255,0.086
2018-09-23 03:00:00,0.047,0.074,0.028,0.493,0.006,0.086,0.0,0.102,0.071,0.026,0.146,0.165,0.242,0.096
2018-09-23 04:00:00,0.057,0.083,0.028,0.462,0.011,0.058,0.003,0.112,0.064,0.026,0.159,0.153,0.231,0.107
2018-09-23 05:00:00,0.056,0.127,0.048,0.455,0.0,0.067,0.005,0.101,0.071,0.025,0.128,0.171,0.234,0.112
2018-09-23 06:00:00,0.064,0.09,0.053,0.478,0.0,0.111,0.026,0.1,0.075,0.025,0.135,0.134,0.897,0.104
2018-09-23 07:00:00,0.054,0.18,0.07,0.551,0.002,0.094,0.043,0.097,0.072,0.022,0.193,0.133,0.884,0.11
2018-09-23 08:00:00,0.151,0.311,0.171,1.018,0.01,0.217,0.007,0.095,0.063,0.02,0.298,0.146,0.728,0.156
2018-09-23 09:00:00,0.303,0.401,0.281,2.243,0.044,0.541,0.026,0.077,0.053,0.019,0.396,0.285,1.009,0.387
2018-09-23 10:00:00,0.461,0.792,0.436,4.03,0.102,0.9,0.085,0.241,0.081,0.076,0.649,0.389,1.45,0.638
2018-09-23 11:00:00,0.86,1.261,0.537,6.226,0.154,1.174,0.132,0.726,0.262,0.386,1.485,0.574,2.217,1.264
2018-09-23 12:00:00,1.472,1.844,0.806,9.198,0.222,1.707,0.26,1.094,0.504,0.906,2.683,0.939,3.44,1.814
2018-09-23 13:00:00,2.588,2.595,1.37,13.506,0.342,2.486,0.383,1.593,0.758,1.403,4.264,1.894,4.506,2.481
2018-09-23 14:00:00,3.376,3.701,1.991,15.818,0.491,2.853,0.621,2.028,1.232,1.744,6.18,2.864,5.357,3.72
2018-09-23 15:00:00,3.172,4.022,2.234,15.244,0.587,2.872,0.695,2.128,1.69,1.732,7.181,3.554,5.523,5.172
2018-09-23 16:00:00,2.848,3.921,1.693,14.088,0.589,2.837,0.682,1.873,1.701,1.368,7.044,3.5,4.878,6.652
2018-09-23 17:00:00,2.287,3.083,1.054,11.666,0.41,2.569,0.461,1.065,1.202,0.828,5.518,2.943,3.828,5.98
2018-09-23 18:00:00,1.366,1.302,0.468,7.691,0.202,1.873,0.327,0.261,0.57,0.259,2.296,1.69,2.605,3.123
2018-09-23 19:00:00,0.95,0.732,0.423,5.543,0.134,1.302,0.133,0.138,0.322,0.139,1.147,0.819,1.678,1.514
2018-09-23 20:00:00,0.665,0.866,0.312,3.293,0.099,0.722,0.054,0.117,0.164,0.066,0.652,0.41,1.201,0.977
2018-09-23 21:00:00,0.266,0.788,0.132,1.828,0.071,0.473,0.046,0.086,0.094,0.084,0.419,0.242,0.875,0.709
2018-09-23 22:00:00,0.177,0.461,0.07,1.006,0.067,0.233,0.034,0.091,0.077,0.033,0.267,0.177,0.714,0.452
2018-09-23 23:00:00,0.077,0.267,0.043,0.906,0.023,0.125,0.021,0.097,0.115,0.034,0.222,0.162,0.673,0.341
2018-09-24 00:00:00,0.074,0.12,0.032,0.775,0.007,0.093,0.018,0.12,0.106,0.029,0.263,0.125,0.619,0.213
2018-09-24 01:00:00,0.053,0.057,0.03,0.647,0.003,0.094,0.004,0.099,0.084,0.027,0.207,0.128,0.532,0.113
2018-09-24 02:00:00,0.053,0.064,0.028,0.575,0.001,0.084,0.0,0.109,0.07,0.022,0.222,0.198,0.352,0.089
2018-09-24 03:00:00,0.076,0.062,0.049,0.62,0.079,0.104,0.017,0.095,0.064,0.037,0.19,0.192,0.28,0.1
2018-09-24 04:00:00,0.085,0.051,0.055,0.664,0.079,0.121,0.027,0.113,0.096,0.042,0.227,0.188,1.011,0.146
2018-09-24 05:00:00,0.101,0.079,0.023,0.72,0.035,0.145,0.048,0.096,0.095,0.033,0.238,0.138,0.815,0.098
2018-09-24 06:00:00,0.099,0.082,0.029,0.733,0.001,0.168,0.022,0.096,0.101,0.041,0.261,0.14,0.536,0.109
2018-09-24 07:00:00,0.078,0.085,0.105,0.964,0.01,0.254,0.041,0.104,0.084,0.038,0.309,0.164,0.555,0.13
2018-09-24 08:00:00,0.135,0.178,0.139,1.208,0.031,0.274,0.076,0.103,0.087,0.023,0.353,0.244,0.596,0.108
2018-09-24 09:00:00,0.276,0.182,0.309,2.052,0.0,0.414,0.039,0.108,0.061,0.045,0.505,0.325,0.575,0.096
2018-09-24 10:00:00,0.6,0.241,0.416,3.462,0.003,0.706,0.07,0.289,0.073,0.132,0.431,0.346,0.282,0.074
2018-09-24 11:00:00,0.808,0.273,0.474,5.105,0.01,0.878,0.095,0.448,0.062,0.296,0.417,0.323,0.352,0.142
2018-09-24 12:00:00,1.011,0.377,0.458,6.762,0.023,1.009,0.131,0.373,0.059,0.401,0.419,0.264,0.412,0.131
2018-09-24 13:00:00,1.39,0.425,0.479,8.703,0.051,1.285,0.156,0.322,0.057,0.383,0.487,0.234,0.416,0.089
2018-09-24 14:00:00,1.678,0.448,0.37,9.695,0.095,1.512,0.23,0.243,0.059,0.197,0.662,0.269,0.498,0.143
2018-09-24 15:00:00,1.341,0.577,0.32,8.587,0.112,1.148,0.223,0.164,0.081,0.109,0.706,0.3,0.713,0.172
2018-09-24 16:00:00,0.999,0.419,0.319,7.469,0.127,1.17,0.392,0.229,0.134,0.167,0.74,0.324,0.573,0.386
2018-09-24 17:00:00,0.762,0.283,0.3,5.848,0.13,0.965,0.278,0.198,0.142,0.121,0.635,0.261,0.415,0.383
2018-09-24 18:00:00,0.417,0.226,0.166,3.331,0.1,0.611,0.11,0.092,0.126,0.108,0.454,0.166,0.34,0.416
2018-09-24 19:00:00,0.225,0.185,0.194,2.448,0.089,0.423,0.126,0.118,0.125,0.076,0.436,0.164,0.342,0.449
2018-09-24 20:00:00,0.193,0.312,0.201,2.131,0.088,0.474,0.07,0.091,0.096,0.037,0.317,0.226,0.297,0.387
2018-09-24 21:00:00,0.18,0.2,0.074,1.94,0.012,0.337,0.082,0.097,0.087,0.032,0.292,0.171,0.318,0.232
2018-09-24 22:00:00,0.153,0.102,0.052,1.142,0.003,0.208,0.039,0.099,0.076,0.037,0.234,0.14,0.264,0.126
2018-09-24 23:00:00,0.092,0.066,0.035,0.999,0.003,0.172,0.048,0.098,0.095,0.029,0.189,0.134,0.251,0.087
2018-09-25 00:00:00,0.076,0.052,0.031,0.781,0.003,0.133,0.029,0.118,0.083,0.028,0.208,0.112,0.239,0.069
2018-09-25 01:00:00,0.067,0.037,0.028,0.705,0.002,0.113,0.011,0.098,0.063,0.027,0.153,0.11,0.229,0.058
2018-09-25 02:00:00,0.072,0.04,0.034,0.643,0.001,0.098,0.006,0.11,0.057,0.023,0.193,0.149,0.207,0.068
2018-09-25 03:00:00,0.063,0.051,0.035,0.638,0.001,0.107,0.004,0.097,0.052,0.022,0.167,0.149,0.194,0.063
2018-09-25 04:00:00,0.06,0.075,0.03,0.71,0.005,0.148,0.002,0.098,0.044,0.025,0.167,0.141,0.862,0.068
2018-09-25 05:00:00,0.088,0.113,0.048,0.797,0.0,0.119,0.046,0.108,0.085,0.022,0.173,0.178,0.735,0.124
2018-09-25 06:00:00,0.078,0.082,0.057,0.887,0.0,0.113,0.036,0.094,0.07,0.024,0.182,0.137,0.476,0.055
2018-09-25 07:00:00,0.065,0.106,0.066,0.857,0.001,0.096,0.053,0.094,0.064,0.03,0.222,0.206,0.484,0.057
2018-09-25 08:00:00,0.053,0.093,0.04,0.93,0.029,0.136,0.027,0.094,0.054,0.025,0.21,0.189,0.624,0.061
2018-09-25 09:00:00,0.085,0.119,0.049,0.956,0.019,0.163,0.022,0.054,0.048,0.022,0.257,0.181,0.736,0.086
2018-09-25 10:00:00,0.057,0.141,0.05,0.834,0.007,0.142,0.042,0.066,0.052,0.025,0.269,0.167,0.798,0.085
2018-09-25 11:00:00,0.051,0.119,0.052,0.752,0.005,0.157,0.046,0.057,0.053,0.031,0.278,0.158,0.855,0.137
2018-09-25 12:00:00,0.055,0.137,0.054,0.73,0.003,0.13,0.05,0.08,0.06,0.035,0.27,0.191,0.857,0.074
2018-09-25 13:00:00,0.055,0.163,0.055,0.806,0.008,0.131,0.05,0.121,0.063,0.054,0.25,0.198,0.867,0.062
2018-09-25 14:00:00,0.094,0.174,0.056,1.008,0.013,0.174,0.048,0.153,0.055,0.028,0.251,0.206,0.764,0.053
2018-09-25 15:00:00,0.101,0.253,0.086,1.285,0.026,0.212,0.047,0.226,0.076,0.027,0.274,0.239,0.791,0.108
2018-09-25 16:00:00,0.085,0.287,0.134,1.434,0.056,0.264,0.04,0.276,0.065,0.067,0.309,0.284,0.796,0.149
2018-09-25 17:00:00,0.192,0.295,0.126,1.759,0.074,0.296,0.07,0.301,0.067,0.039,0.44,0.305,0.802,0.144
2018-09-25 18:00:00,0.165,0.304,0.103,1.945,0.097,0.288,0.059,0.314,0.095,0.048,0.336,0.19,0.825,0.177
2018-09-25 19:00:00,0.169,0.365,0.139,1.931,0.091,0.564,0.063,0.488,0.091,0.043,0.353,0.181,0.886,0.363
2018-09-25 20:00:00,0.218,0.454,0.155,1.77,0.073,0.429,0.071,0.508,0.064,0.076,0.358,0.257,0.845,0.356
2018-09-25 21:00:00,0.206,0.536,0.076,1.561,0.067,0.425,0.067,0.534,0.067,0.088,0.386,0.163,0.741,0.278
2018-09-25 22:00:00,0.148,0.407,0.054,1.214,0.058,0.342,0.059,0.514,0.054,0.084,0.317,0.201,0.783,0.246
2018-09-25 23:00:00,0.132,0.317,0.074,1.159,0.046,0.299,0.045,0.377,0.086,0.05,0.239,0.156,0.7,0.188
2018-09-26 00:00:00,0.101,0.36,0.036,1.026,0.025,0.227,0.043,0.393,0.097,0.032,0.312,0.137,0.703,0.192
2018-09-26 01:00:00,0.107,0.387,0.034,1.191,0.021,0.252,0.029,0.378,0.054,0.027,0.241,0.132,0.82,0.164
2018-09-26 02:00:00,0.103,0.519,0.034,1.306,0.022,0.321,0.025,0.404,0.043,0.017,0.25,0.238,0.816,0.064
2018-09-26 03:00:00,0.166,0.718,0.04,1.603,0.018,0.439,0.039,0.385,0.062,0.015,0.274,0.274,0.873,0.09
2018-09-26 04:00:00,0.186,0.888,0.034,2.444,0.02,0.728,0.082,0.504,0.093,0.04,0.401,0.299,2.096,0.234
2018-09-26 05:00:00,0.338,0.987,0.074,3.059,0.071,0.79,0.097,0.66,0.087,0.155,0.637,0.469,1.442,0.406
2018-09-26 06:00:00,0.484,1.176,0.134,3.694,0.042,1.089,0.106,0.608,0.189,0.119,0.877,0.572,1.276,0.337
2018-09-26 07:00:00,0.784,1.319,0.223,5.194,0.09,1.216,0.095,0.627,0.193,0.145,1.023,0.648,3.297,0.23
2018-09-26 08:00:00,1.311,2.111,0.313,7.705,0.137,1.959,0.206,0.855,0.239,0.338,2.208,1.171,5.146,0.382
2018-09-26 09:00:00,1.723,2.676,0.606,11.641,0.213,2.717,0.273,1.241,0.342,0.738,4.315,1.994,6.342,0.296
2018-09-26 10:00:00,1.994,3.181,0.767,13.93,0.416,3.058,0.342,1.318,0.92,0.986,6.158,3.059,7.033,0.934
2018-09-26 11:00:00,2.019,3.83,0.953,14.729,0.575,3.116,0.369,1.36,1.398,0.977,6.675,4.028,8.25,2.165
2018-09-26 12:00:00,2.188,3.817,1.048,15.559,0.575,3.328,0.419,1.479,1.578,1.047,7.345,4.251,9.431,2.976
2018-09-26 13:00:00,2.736,4.276,1.128,17.274,0.561,3.697,0.396,1.792,1.803,1.135,8.478,4.76,11.389,3.407
2018-09-26 14:00:00,3.335,4.966,1.207,19.071,0.696,4.222,0.383,1.889,1.988,1.202,8.914,5.227,13.075,3.922
2018-09-26 15:00:00,3.241,5.976,1.247,17.328,0.821,4.132,0.368,2.168,2.075,1.294,9.601,5.564,14.145,4.543
2018-09-26 16:00:00,2.46,5.791,1.185,14.979,0.922,3.802,0.541,1.942,1.878,1.053,9.537,5.228,13.683,5.024
2018-09-26 17:00:00,2.116,4.894,0.951,12.85,0.754,3.123,0.682,1.641,1.574,0.795,7.984,4.677,11.591,4.76
2018-09-26 18:00:00,2.104,3.3,0.878,12.099,0.613,2.955,0.709,1.229,1.196,0.632,7.006,3.65,10.018,4.193
2018-09-26 19:00:00,2.212,2.53,1.082,11.913,0.481,2.884,0.58,1.158,0.923,0.726,5.632,2.838,8.875,3.496
2018-09-26 20:00:00,1.591,2.499,1.048,8.668,0.431,2.005,0.43,0.994,0.784,0.761,3.879,2.616,7.478,3.552
2018-09-26 21:00:00,0.939,1.88,0.808,5.408,0.278,1.391,0.145,0.781,0.563,0.527,2.906,1.793,5.606,2.609
2018-09-26 22:00:00,0.593,1.297,0.55,3.512,0.209,0.895,0.084,0.619,0.373,0.359,1.319,0.885,3.791,1.866
2018-09-26 23:00:00,0.448,1.035,0.382,2.726,0.17,0.729,0.08,0.392,0.26,0.205,0.633,0.548,2.432,1.248
2018-09-27 00:00:00,0.264,0.802,0.226,2.016,0.093,0.529,0.055,0.454,0.161,0.07,0.706,0.267,1.566,0.965
2018-09-27 01:00:00,0.207,0.686,0.147,1.785,0.055,0.47,0.031,0.355,0.102,0.032,0.408,0.201,1.232,0.744
2018-09-27 02:00:00,0.172,0.649,0.112,1.511,0.069,0.43,0.021,0.224,0.076,0.02,0.301,0.377,0.718,0.582
2018-09-27 03:00:00,0.108,0.501,0.085,1.363,0.012,0.363,0.015,0.104,0.061,0.034,0.365,0.314,0.985,0.581
2018-09-27 04:00:00,0.178,0.408,0.09,1.586,0.005,0.358,0.003,0.091,0.067,0.032,0.417,0.243,1.459,0.41
2018-09-27 05:00:00,0.276,0.256,0.095,1.604,0.132,0.353,0.005,0.141,0.106,0.045,0.395,0.222,1.004,0.422
2018-09-27 06:00:00,0.133,0.218,0.099,1.441,0.076,0.331,0.026,0.088,0.091,0.027,0.403,0.235,1.001,0.37
2018-09-27 07:00:00,0.136,0.198,0.184,2.165,0.08,0.514,0.039,0.084,0.066,0.048,0.514,0.251,0.917,0.56
2018-09-27 08:00:00,0.266,0.421,0.461,3.593,0.169,0.721,0.057,0.218,0.093,0.074,0.799,0.516,1.358,0.827
2018-09-27 09:00:00,1.003,0.777,0.898,6.786,0.273,1.367,0.154,0.862,0.102,0.312,1.259,0.916,2.547,1.507
2018-09-27 10:00:00,1.702,1.502,1.304,9.631,0.327,1.956,0.265,0.971,0.439,0.691,2.115,1.357,4.055,2.427
2018-09-27 11:00:00,2.276,2.265,1.498,12.888,0.461,2.41,0.293,1.189,0.821,1.163,3.3,1.882,5.855,3.231
2018-09-27 12:00:00,3.273,3.149,1.789,17.511,0.645,3.112,0.413,1.644,1.175,1.716,5.151,2.787,6.919,4.057
2018-09-27 13:00:00,4.118,4.236,2.295,19.788,0.732,3.457,0.472,2.423,1.584,2.291,7.135,4.119,9.56,5.528
2018-09-27 14:00:00,4.516,5.43,2.982,19.994,0.926,3.683,0.565,3.038,2.016,2.935,8.492,5.396,11.003,6.96
2018-09-27 15:00:00,4.081,5.647,2.976,17.898,1.005,3.478,0.718,2.98,2.105,2.707,8.193,5.695,11.266,7.552
2018-09-27 16:00:00,3.35,4.901,2.548,16.212,0.825,3.368,0.721,2.531,1.85,2.149,6.012,4.97,10.258,6.789
2018-09-27 17:00:00,2.419,3.248,1.674,13.301,0.551,2.677,0.465,1.573,1.256,1.266,3.981,3.494,7.369,4.659
2018-09-27 18:00:00,1.709,1.99,0.937,9.817,0.375,2.103,0.295,0.833,0.778,0.592,2.393,2.03,5.133,2.863
2018-09-27 19:00:00,1.416,1.58,0.707,7.034,0.267,1.686,0.153,0.347,0.583,0.358,1.45,1.34,3.975,1.928
2018-09-27 20:00:00,0.992,1.737,0.529,5.225,0.207,1.536,0.172,0.235,0.438,0.248,1.127,0.89,3.287,1.661
2018-09-27 21:00:00,0.595,1.37,0.509,3.284,0.193,0.998,0.079,0.152,0.267,0.104,0.857,0.646,2.27,1.159
2018-09-27 22:00:00,0.364,1.024,0.202,2.141,0.203,0.759,0.054,0.088,0.205,0.039,0.532,0.389,1.638,0.786
2018-09-27 23:00:00,0.294,0.816,0.162,1.69,0.123,0.489,0.045,0.107,0.198,0.053,0.354,0.347,1.055,0.635
2018-09-28 00:00:00,0.188,0.664,0.089,1.441,0.069,0.32,0.038,0.151,0.128,0.035,0.345,0.282,0.806,0.6
2018-09-28 01:00:00,0.146,0.484,0.056,1.314,0.046,0.241,0.024,0.14,0.097,0.03,0.243,0.259,0.845,0.434
2018-09-28 02:00:00,0.119,0.385,0.072,1.097,0.03,0.266,0.019,0.161,0.084,0.02,0.235,0.299,0.849,0.256
2018-09-28 03:00:00,0.088,0.306,0.112,1.105,0.042,0.282,0.018,0.15,0.085,0.017,0.381,0.295,0.765,0.244
2018-09-28 04:00:00,0.192,0.239,0.081,1.632,0.061,0.385,0.004,0.186,0.075,0.046,0.441,0.21,1.312,0.19
2018-09-28 05:00:00,0.184,0.158,0.065,1.478,0.043,0.483,0.036,0.143,0.135,0.079,0.311,0.298,1.167,0.218
2018-09-28 06:00:00,0.18,0.112,0.066,1.736,0.038,0.681,0.053,0.128,0.164,0.05,0.466,0.278,0.698,0.196
2018-09-28 07:00:00,0.142,0.157,0.09,1.975,0.014,0.594,0.055,0.138,0.096,0.108,0.367,0.347,0.85,0.215
2018-09-28 08:00:00,0.18,0.205,0.092,2.261,0.047,0.593,0.119,0.205,0.106,0.085,0.422,0.366,0.803,0.177
2018-09-28 09:00:00,0.438,0.217,0.388,3.225,0.052,0.793,0.192,0.369,0.058,0.09,0.499,0.637,0.922,0.165
2018-09-28 10:00:00,0.748,0.373,0.543,4.941,0.104,1.036,0.338,0.433,0.165,0.236,0.669,0.836,1.118,0.139
2018-09-28 11:00:00,1.015,0.301,0.797,7.235,0.219,1.503,0.309,0.786,0.321,0.66,1.093,1.012,1.19,0.187
2018-09-28 12:00:00,1.4,0.338,0.945,10.302,0.285,1.859,0.217,1.045,0.445,0.897,1.416,1.297,1.237,0.229
2018-09-28 13:00:00,1.926,0.351,1.285,13.016,0.328,2.175,0.283,1.631,0.698,1.283,1.748,1.869,1.578,0.235
2018-09-28 14:00:00,2.664,0.385,1.743,15.563,0.429,2.654,0.464,2.389,1.001,1.637,2.163,2.616,2.001,0.315
2018-09-28 15:00:00,2.859,0.47,2.034,16.815,0.498,2.758,0.608,2.926,1.482,1.807,1.698,3.694,2.344,0.363
2018-09-28 16:00:00,2.28,0.411,2.516,15.244,0.473,2.573,0.936,3.193,1.485,2.193,1.267,3.975,2.405,0.391
2018-09-28 17:00:00,1.502,0.402,2.373,11.229,0.489,1.811,0.969,2.451,1.093,1.914,1.068,2.985,2.134,0.453
2018-09-28 18:00:00,1.156,0.257,1.367,7.858,0.344,1.536,0.477,1.128,0.554,0.821,0.89,1.714,1.755,0.453
2018-09-28 19:00:00,0.951,0.292,0.936,5.879,0.177,1.468,0.234,0.524,0.382,0.419,0.679,1.07,1.673,0.528
2018-09-28 20:00:00,0.759,0.388,0.726,4.069,0.148,1.321,0.151,0.295,0.46,0.218,0.541,0.716,1.457,0.484
2018-09-28 21:00:00,0.44,0.36,0.538,2.966,0.112,0.944,0.107,0.161,0.188,0.134,0.532,0.482,1.01,0.405
2018-09-28 22:00:00,0.292,0.211,0.233,1.835,0.037,0.651,0.056,0.088,0.094,0.076,0.371,0.351,0.821,0.195
2018-09-28 23:00:00,0.188,0.078,0.101,1.42,0.017,0.343,0.047,0.085,0.111,0.037,0.232,0.222,0.666,0.153
2018-09-29 00:00:00,0.113,0.055,0.055,1.315,0.005,0.211,0.048,0.132,0.109,0.033,0.208,0.165,0.646,0.144
2018-09-29 01:00:00,0.102,0.045,0.046,1.241,0.002,0.225,0.027,0.102,0.075,0.033,0.16,0.167,0.665,0.116
2018-09-29 02:00:00,0.137,0.034,0.034,1.028,0.002,0.258,0.02,0.122,0.072,0.023,0.168,0.318,0.633,0.088
2018-09-29 03:00:00,0.094,0.036,0.064,0.858,0.001,0.212,0.018,0.135,0.066,0.021,0.166,0.306,0.623,0.06
2018-09-29 04:00:00,0.185,0.042,0.035,0.961,0.008,0.352,0.005,0.134,0.075,0.021,0.175,0.182,1.257,0.194
2018-09-29 05:00:00,0.151,0.073,0.031,1.332,0.011,0.347,0.031,0.13,0.124,0.043,0.199,0.228,0.966,0.079
2018-09-29 06:00:00,0.208,0.136,0.07,1.45,0.002,0.385,0.068,0.133,0.09,0.054,0.265,0.267,0.677,0.188
2018-09-29 07:00:00,0.216,0.127,0.121,1.981,0.023,0.55,0.027,0.18,0.147,0.039,0.348,0.552,0.819,0.259
2018-09-29 08:00:00,0.504,0.214,0.462,3.561,0.093,0.978,0.053,0.279,0.118,0.069,0.273,0.533,0.998,0.359
2018-09-29 09:00:00,1.099,0.28,0.63,6.383,0.15,1.457,0.109,0.553,0.117,0.179,0.53,0.625,1.173,0.586
2018-09-29 10:00:00,1.558,0.33,0.709,8.424,0.136,1.869,0.188,0.638,0.198,0.395,0.811,0.676,1.642,1.085
2018-09-29 11:00:00,1.681,0.31,0.776,10.354,0.142,1.952,0.374,0.682,0.324,0.572,1.311,0.784,2.349,1.65
2018-09-29 12:00:00,2.533,0.445,0.927,13.943,0.212,2.511,0.542,0.841,0.515,0.86,2.434,1.015,3.346,2.362
2018-09-29 13:00:00,3.613,0.865,1.381,17.699,0.278,3.129,0.827,1.286,0.666,1.219,4.063,1.44,4.215,2.956
2018-09-29 14:00:00,4.176,1.774,1.968,18.481,0.36,3.504,1.264,1.916,0.865,1.794,5.153,2.01,5.532,4.021
2018-09-29 15:00:00,3.865,2.225,2.293,17.304,0.41,3.571,1.36,2.338,1.212,1.954,5.954,2.608,6.496,4.924
2018-09-29 16:00:00,3.671,1.88,1.866,17.692,0.444,3.759,1.396,2.016,1.378,1.593,5.501,2.863,6.816,5.587
2018-09-29 17:00:00,2.709,1.239,1.182,14.469,0.259,3.392,1.11,1.202,0.96,0.946,3.411,2.246,5.192,4.138
2018-09-29 18:00:00,1.668,0.466,0.647,9.35,0.139,2.158,0.599,0.251,0.424,0.376,1.534,0.934,2.809,1.985
2018-09-29 19:00:00,1.212,0.373,0.44,6.954,0.104,1.598,0.351,0.13,0.336,0.166,0.92,0.627,1.729,1.156
2018-09-29 20:00:00,0.917,0.39,0.369,4.855,0.07,1.115,0.172,0.148,0.3,0.091,0.742,0.573,1.396,0.74
2018-09-29 21:00:00,0.508,0.343,0.278,3.27,0.03,0.844,0.07,0.124,0.138,0.069,0.392,0.339,0.99,0.524
2018-09-29 22:00:00,0.258,0.144,0.064,1.829,0.016,0.522,0.049,0.093,0.088,0.041,0.225,0.25,0.709,0.287
2018-09-29 23:00:00,0.14,0.061,0.048,1.273,0.01,0.273,0.039,0.096,0.121,0.035,0.168,0.152,0.562,0.21
2018-09-30 00:00:00,0.092,0.045,0.035,1.034,0.005,0.16,0.031,0.12,0.105,0.03,0.172,0.124,0.498,0.114
2018-09-30 01:00:00,0.077,0.045,0.029,0.903,0.002,0.163,0.012,0.1,0.08,0.028,0.142,0.121,0.501,0.083
2018-09-30 02:00:00,0.073,0.03,0.027,0.71,0.002,0.155,0.001,0.111,0.074,0.022,0.146,0.19,0.476,0.066
2018-09-30 03:00:00,0.06,0.032,0.034,0.622,0.001,0.124,0.0,0.099,0.07,0.021,0.131,0.186,0.461,0.082
2018-09-30 04:00:00,0.057,0.035,0.027,0.626,0.0,0.186,0.002,0.102,0.059,0.024,0.15,0.148,0.396,0.077
2018-09-30 05:00:00,0.065,0.065,0.03,0.473,0.0,0.098,0.0,0.098,0.06,0.028,0.139,0.121,0.228,0.091
2018-09-30 06:00:00,0.098,0.093,0.035,0.578,0.0,0.131,0.008,0.097,0.067,0.024,0.165,0.135,0.961,0.115
2018-09-30 07:00:00,0.089,0.088,0.053,0.666,0.0,0.25,0.052,0.117,0.072,0.022,0.171,0.139,0.804,0.196
2018-09-30 08:00:00,0.119,0.11,0.04,0.719,0.026,0.123,0.066,0.095,0.122,0.034,0.176,0.204,0.546,0.099
2018-09-30 09:00:00,0.111,0.166,0.068,0.774,0.071,0.104,0.074,0.073,0.158,0.034,0.21,0.181,0.738,0.087
2018-09-30 10:00:00,0.087,0.185,0.075,0.751,0.059,0.162,0.037,0.13,0.105,0.029,0.231,0.209,0.83,0.122
2018-09-30 11:00:00,0.056,0.328,0.177,0.808,0.084,0.146,0.034,0.375,0.119,0.03,0.299,0.246,1.085,0.238
2018-09-30 12:00:00,0.041,0.315,0.205,0.743,0.089,0.152,0.041,0.353,0.096,0.065,0.519,0.29,1.546,0.382
2018-09-30 13:00:00,0.046,0.531,0.205,1.106,0.104,0.284,0.05,0.356,0.092,0.08,0.803,0.275,2.464,0.768
2018-09-30 14:00:00,0.206,0.945,0.243,1.558,0.107,0.427,0.092,0.483,0.162,0.093,0.98,0.282,3.41,1.186
2018-09-30 15:00:00,0.246,1.089,0.214,2.092,0.152,0.566,0.063,0.554,0.327,0.14,1.072,0.387,4.43,1.534
2018-09-30 16:00:00,0.213,1.183,0.222,1.915,0.124,0.553,0.064,0.292,0.29,0.145,1.239,0.523,5.052,1.828
2018-09-30 17:00:00,0.335,0.825,0.204,1.74,0.048,0.44,0.089,0.1,0.238,0.096,0.959,0.446,3.923,1.373
2018-09-30 18:00:00,0.24,0.526,0.104,1.687,0.039,0.431,0.064,0.079,0.128,0.1,0.547,0.36,2.342,0.882
2018-09-30 19:00:00,0.203,0.457,0.152,1.804,0.059,0.361,0.103,0.088,0.107,0.109,0.522,0.354,1.665,0.662
2018-09-30 20:00:00,0.24,0.425,0.121,1.479,0.062,0.356,0.098,0.068,0.142,0.08,0.417,0.288,1.164,0.402
2018-09-30 21:00:00,0.167,0.341,0.081,1.404,0.009,0.336,0.05,0.076,0.084,0.047,0.384,0.188,0.932,0.32
2018-09-30 22:00:00,0.092,0.285,0.037,1.042,0.003,0.209,0.036,0.079,0.088,0.029,0.241,0.204,0.813,0.217
2018-09-30 23:00:00,0.085,0.137,0.086,0.752,0.005,0.167,0.027,0.081,0.122,0.033,0.179,0.161,0.659,0.191
2018-10-01 00:00:00,0.058,0.079,0.074,0.631,0.003,0.084,0.018,0.117,0.092,0.027,0.207,0.124,0.658,0.173
2018-10-01 01:00:00,0.053,0.076,0.049,0.558,0.002,0.081,0.003,0.102,0.069,0.027,0.179,0.116,0.696,0.115
2018-10-01 02:00:00,0.048,0.052,0.028,0.499,0.002,0.076,0.0,0.115,0.072,0.015,0.169,0.18,0.655,0.05
2018-10-01 03:00:00,0.045,0.067,0.028,0.524,0.001,0.121,0.0,0.095,0.064,0.014,0.178,0.185,0.674,0.12
2018-10-01 04:00:00,0.075,0.075,0.046,0.614,0.036,0.095,0.0,0.097,0.045,0.017,0.209,0.151,1.267,0.157
2018-10-01 05:00:00,0.101,0.159,0.108,0.7,0.0,0.111,0.0,0.106,0.075,0.037,0.251,0.132,0.959,0.129
2018-10-01 06:00:00,0.071,0.11,0.044,0.712,0.0,0.142,0.086,0.096,0.093,0.066,0.326,0.179,0.61,0.111
2018-10-01 07:00:00,0.061,0.078,0.083,0.747,0.015,0.233,0.079,0.096,0.078,0.033,0.268,0.207,0.679,0.103
2018-10-01 08:00:00,0.037,0.127,0.033,0.761,0.008,0.302,0.06,0.095,0.069,0.028,0.292,0.193,0.793,0.068
2018-10-01 09:00:00,0.048,0.203,0.045,0.705,0.004,0.176,0.087,0.049,0.044,0.031,0.335,0.202,0.899,0.065
2018-10-01 10:00:00,0.05,0.192,0.081,0.666,0.015,0.119,0.069,0.049,0.066,0.021,0.326,0.213,0.899,0.128
2018-10-01 11:00:00,0.062,0.146,0.089,0.691,0.045,0.14,0.127,0.059,0.055,0.028,0.322,0.187,0.871,0.147
2018-10-01 12:00:00,0.046,0.135,0.109,0.758,0.037,0.135,0.059,0.086,0.05,0.029,0.266,0.233,0.859,0.087
2018-10-01 13:00:00,0.058,0.146,0.116,0.771,0.017,0.164,0.063,0.087,0.042,0.029,0.228,0.227,0.863,0.118
2018-10-01 14:00:00,0.064,0.147,0.069,0.875,0.016,0.17,0.046,0.096,0.044,0.027,0.208,0.24,0.74,0.092
2018-10-01 15:00:00,0.046,0.146,0.067,0.999,0.008,0.225,0.039,0.083,0.043,0.044,0.234,0.248,0.747,0.165
2018-10-01 16:00:00,0.124,0.182,0.058,1.208,0.078,0.267,0.029,0.061,0.102,0.028,0.235,0.291,0.86,0.206
2018-10-01 17:00:00,0.129,0.139,0.072,1.276,0.046,0.4,0.031,0.057,0.081,0.045,0.246,0.204,0.825,0.226
2018-10-01 18:00:00,0.111,0.171,0.065,1.275,0.102,0.279,0.029,0.071,0.105,0.062,0.237,0.166,0.782,0.299
2018-10-01 19:00:00,0.106,0.281,0.131,1.205,0.114,0.232,0.022,0.064,0.078,0.038,0.318,0.151,0.819,0.34
2018-10-01 20:00:00,0.11,0.144,0.066,1.132,0.08,0.265,0.032,0.074,0.091,0.048,0.241,0.204,0.793,0.334
2018-10-01 21:00:00,0.081,0.133,0.061,1.067,0.022,0.218,0.029,0.075,0.083,0.08,0.244,0.206,0.794,0.451
2018-10-01 22:00:00,0.059,0.118,0.062,0.732,0.014,0.224,0.025,0.073,0.057,0.034,0.192,0.132,0.662,0.285
2018-10-01 23:00:00,0.057,0.051,0.044,0.608,0.015,0.078,0.022,0.077,0.082,0.03,0.161,0.117,0.627,0.21
2018-10-02 00:00:00,0.039,0.051,0.035,0.5,0.01,0.064,0.011,0.116,0.069,0.028,0.152,0.105,0.613,0.133
2018-10-02 01:00:00,0.031,0.028,0.027,0.468,0.007,0.071,0.002,0.1,0.049,0.027,0.115,0.102,0.641,0.099
2018-10-02 02:00:00,0.032,0.035,0.025,0.452,0.004,0.066,0.0,0.111,0.053,0.014,0.127,0.144,0.638,0.04
2018-10-02 03:00:00,0.028,0.044,0.072,0.516,0.002,0.065,0.0,0.095,0.107,0.014,0.125,0.131,0.595,0.065
2018-10-02 04:00:00,0.021,0.065,0.021,0.66,0.033,0.058,0.0,0.097,0.07,0.028,0.179,0.143,1.185,0.115
2018-10-02 05:00:00,0.073,0.059,0.02,0.704,0.073,0.062,0.02,0.11,0.054,0.028,0.175,0.122,0.964,0.127
2018-10-02 06:00:00,0.059,0.114,0.103,0.763,0.058,0.144,0.025,0.096,0.05,0.032,0.215,0.138,0.612,0.137
2018-10-02 07:00:00,0.076,0.134,0.188,0.791,0.014,0.213,0.019,0.091,0.051,0.033,0.191,0.121,0.626,0.127
2018-10-02 08:00:00,0.064,0.216,0.035,0.747,0.023,0.226,0.031,0.089,0.065,0.014,0.208,0.107,0.711,0.113
2018-10-02 09:00:00,0.058,0.181,0.042,0.718,0.029,0.168,0.012,0.042,0.1,0.015,0.291,0.199,0.809,0.118
2018-10-02 10:00:00,0.058,0.232,0.05,0.688,0.034,0.152,0.031,0.039,0.049,0.022,0.292,0.171,0.838,0.086
2018-10-02 11:00:00,0.058,0.178,0.051,0.641,0.035,0.151,0.034,0.053,0.04,0.025,0.342,0.182,0.904,0.1
2018-10-02 12:00:00,0.056,0.228,0.079,0.737,0.024,0.163,0.063,0.049,0.038,0.03,0.281,0.181,0.776,0.084
2018-10-02 13:00:00,0.043,0.217,0.061,0.823,0.045,0.112,0.048,0.075,0.043,0.029,0.246,0.209,0.762,0.057
2018-10-02 14:00:00,0.041,0.208,0.056,0.856,0.017,0.172,0.073,0.074,0.046,0.028,0.259,0.195,0.666,0.06
2018-10-02 15:00:00,0.033,0.208,0.054,0.876,0.006,0.196,0.055,0.074,0.058,0.034,0.239,0.206,0.659,0.066
2018-10-02 16:00:00,0.043,0.251,0.036,1.162,0.017,0.171,0.047,0.107,0.057,0.027,0.273,0.235,0.668,0.168
2018-10-02 17:00:00,0.121,0.345,0.063,1.365,0.074,0.187,0.047,0.096,0.06,0.033,0.24,0.193,0.687,0.195
2018-10-02 18:00:00,0.123,0.354,0.121,1.153,0.082,0.277,0.046,0.09,0.073,0.037,0.306,0.134,0.701,0.271
2018-10-02 19:00:00,0.12,0.363,0.088,1.174,0.068,0.209,0.04,0.107,0.084,0.067,0.239,0.121,0.742,0.291
2018-10-02 20:00:00,0.129,0.364,0.154,1.287,0.081,0.302,0.051,0.103,0.061,0.035,0.244,0.148,0.715,0.258
2018-10-02 21:00:00,0.087,0.465,0.062,1.247,0.053,0.261,0.025,0.101,0.064,0.039,0.208,0.121,0.619,0.349
2018-10-02 22:00:00,0.055,0.275,0.04,0.863,0.011,0.195,0.017,0.098,0.034,0.047,0.184,0.138,0.608,0.143
2018-10-02 23:00:00,0.037,0.236,0.024,0.823,0.013,0.155,0.013,0.088,0.067,0.036,0.142,0.114,0.595,0.094
2018-10-03 00:00:00,0.025,0.123,0.053,0.645,0.009,0.109,0.009,0.143,0.054,0.029,0.193,0.094,0.584,0.09
2018-10-03 01:00:00,0.036,0.098,0.045,0.606,0.004,0.085,0.001,0.135,0.033,0.025,0.122,0.094,0.602,0.069
2018-10-03 02:00:00,0.027,0.104,0.026,0.573,0.002,0.084,0.0,0.147,0.027,0.01,0.138,0.158,0.569,0.03
2018-10-03 03:00:00,0.016,0.14,0.027,0.562,0.013,0.071,0.0,0.124,0.027,0.009,0.138,0.137,0.574,0.064
2018-10-03 04:00:00,0.016,0.175,0.019,0.733,0.048,0.072,0.0,0.134,0.025,0.011,0.199,0.154,1.143,0.142
2018-10-03 05:00:00,0.066,0.307,0.13,0.766,0.047,0.162,0.042,0.14,0.085,0.047,0.37,0.164,0.952,0.247
2018-10-03 06:00:00,0.075,0.255,0.112,0.74,0.064,0.186,0.061,0.139,0.071,0.01,0.247,0.321,0.572,0.2
2018-10-03 07:00:00,0.089,0.274,0.095,0.763,0.034,0.241,0.038,0.129,0.207,0.027,0.268,0.259,0.676,0.143
2018-10-03 08:00:00,0.028,0.134,0.082,0.648,0.012,0.216,0.011,0.116,0.104,0.007,0.324,0.237,0.757,0.157
2018-10-03 09:00:00,0.043,0.19,0.086,0.647,0.019,0.141,0.014,0.089,0.079,0.017,0.351,0.427,0.869,0.177
2018-10-03 10:00:00,0.028,0.294,0.119,0.559,0.04,0.159,0.057,0.108,0.084,0.031,0.341,0.428,1.096,0.224
2018-10-03 11:00:00,0.049,0.347,0.166,0.599,0.058,0.218,0.061,0.153,0.08,0.064,0.455,0.461,1.545,0.257
2018-10-03 12:00:00,0.046,0.447,0.176,0.69,0.06,0.206,0.07,0.215,0.114,0.108,0.575,0.408,1.787,0.267
2018-10-03 13:00:00,0.071,0.654,0.293,0.998,0.066,0.175,0.074,0.303,0.088,0.179,0.573,0.424,2.115,0.415
2018-10-03 14:00:00,0.105,0.935,0.345,1.042,0.067,0.205,0.062,0.295,0.118,0.215,0.644,0.457,2.088,0.497
2018-10-03 15:00:00,0.08,0.838,0.335,1.305,0.087,0.24,0.064,0.429,0.157,0.131,0.615,0.434,2.491,0.545
2018-10-03 16:00:00,0.111,0.682,0.245,1.561,0.141,0.345,0.054,0.421,0.219,0.05,0.51,0.437,2.887,0.618
2018-10-03 17:00:00,0.196,0.682,0.23,1.682,0.125,0.401,0.076,0.256,0.206,0.043,0.431,0.403,2.678,0.732
2018-10-03 18:00:00,0.179,0.495,0.26,1.549,0.158,0.291,0.052,0.18,0.138,0.1,0.466,0.301,2.172,0.677
2018-10-03 19:00:00,0.167,0.631,0.342,1.519,0.141,0.564,0.063,0.172,0.14,0.089,0.54,0.328,1.853,0.617
2018-10-03 20:00:00,0.223,0.991,0.276,1.3,0.143,0.385,0.066,0.165,0.138,0.062,0.432,0.297,1.557,0.587
2018-10-03 21:00:00,0.198,0.818,0.179,1.069,0.054,0.229,0.029,0.123,0.128,0.076,0.306,0.254,1.243,0.453
2018-10-03 22:00:00,0.06,0.49,0.088,0.91,0.046,0.187,0.018,0.091,0.054,0.083,0.32,0.258,1.06,0.376
2018-10-03 23:00:00,0.033,0.27,0.035,0.776,0.026,0.157,0.013,0.113,0.082,0.034,0.24,0.171,0.856,0.431
2018-10-04 00:00:00,0.047,0.168,0.027,0.717,0.017,0.127,0.009,0.149,0.071,0.049,0.209,0.108,0.78,0.323
2018-10-04 01:00:00,0.092,0.081,0.025,0.624,0.014,0.103,0.003,0.104,0.051,0.032,0.155,0.101,0.755,0.236
2018-10-04 02:00:00,0.027,0.064,0.025,0.63,0.011,0.108,0.0,0.143,0.04,0.02,0.142,0.198,0.698,0.131
2018-10-04 03:00:00,0.021,0.064,0.028,0.695,0.009,0.117,0.0,0.155,0.04,0.011,0.153,0.187,0.672,0.139
2018-10-04 04:00:00,0.053,0.099,0.02,0.934,0.028,0.15,0.013,0.187,0.032,0.064,0.194,0.194,1.397,0.136
2018-10-04 05:00:00,0.101,0.137,0.074,1.066,0.043,0.186,0.066,0.229,0.053,0.088,0.229,0.248,1.106,0.203
2018-10-04 06:00:00,0.121,0.148,0.2,1.34,0.117,0.267,0.041,0.234,0.063,0.116,0.256,0.33,1.103,0.238
2018-10-04 07:00:00,0.111,0.17,0.154,1.525,0.046,0.25,0.081,0.389,0.138,0.04,0.306,0.283,0.994,0.473
2018-10-04 08:00:00,0.095,0.261,0.114,1.54,0.1,0.389,0.036,0.557,0.108,0.066,0.382,0.271,1.536,0.3
2018-10-04 09:00:00,0.116,0.394,0.195,1.917,0.169,0.472,0.046,0.555,0.023,0.072,0.564,0.416,2.464,0.521
2018-10-04 10:00:00,0.175,0.842,0.274,2.466,0.186,0.687,0.112,0.584,0.153,0.125,1.043,0.802,3.103,0.465
2018-10-04 11:00:00,0.275,1.731,0.547,3.563,0.242,0.735,0.123,0.769,0.238,0.361,2.344,1.187,4.253,0.817
2018-10-04 12:00:00,0.551,1.99,0.735,5.15,0.269,1.142,0.193,1.056,0.319,0.678,2.886,1.305,5.182,0.826
2018-10-04 13:00:00,0.794,2.161,0.696,6.064,0.331,1.413,0.199,1.089,0.346,0.659,3.159,1.55,6.067,0.895
2018-10-04 14:00:00,1.006,2.489,0.663,6.762,0.323,1.628,0.157,1.046,0.364,0.627,3.098,1.784,5.923,1.039
2018-10-04 15:00:00,1.354,2.385,0.682,8.877,0.358,2.051,0.308,1.138,0.45,0.608,3.235,1.927,6.823,1.085
2018-10-04 16:00:00,1.632,2.594,0.997,11.817,0.262,2.538,0.496,1.456,1.056,0.841,4.038,3.094,7.225,1.659
2018-10-04 17:00:00,1.714,2.209,1.045,11.921,0.297,2.515,0.497,1.504,1.145,0.825,3.503,2.886,6.722,1.725
2018-10-04 18:00:00,1.611,1.797,0.826,9.787,0.304,2.243,0.333,1.115,0.725,0.69,2.814,1.978,5.366,1.36
2018-10-04 19:00:00,1.301,1.834,0.818,8.379,0.312,1.925,0.24,0.959,0.617,0.583,2.376,1.531,4.334,1.379
2018-10-04 20:00:00,0.856,2.228,0.777,5.532,0.29,1.428,0.169,0.74,0.451,0.482,1.807,1.113,3.678,1.33
2018-10-04 21:00:00,0.379,1.81,0.471,2.583,0.248,0.836,0.082,0.474,0.263,0.155,1.219,0.577,2.423,1.244
2018-10-04 22:00:00,0.152,1.181,0.2,1.457,0.14,0.454,0.026,0.12,0.15,0.041,0.572,0.314,1.582,0.794
2018-10-04 23:00:00,0.069,0.725,0.081,0.898,0.08,0.128,0.016,0.049,0.111,0.043,0.429,0.186,1.185,0.575
2018-10-05 00:00:00,0.043,0.532,0.037,0.627,0.024,0.05,0.009,0.112,0.073,0.031,0.259,0.125,0.942,0.507
2018-10-05 01:00:00,0.037,0.315,0.027,0.521,0.006,0.053,0.002,0.106,0.054,0.044,0.136,0.099,0.791,0.342
2018-10-05 02:00:00,0.034,0.189,0.022,0.518,0.002,0.052,0.0,0.114,0.071,0.017,0.156,0.203,0.59,0.156
2018-10-05 03:00:00,0.033,0.121,0.022,0.504,0.001,0.048,0.0,0.098,0.061,0.017,0.133,0.184,0.391,0.096
2018-10-05 04:00:00,0.027,0.073,0.021,0.475,0.0,0.041,0.0,0.111,0.041,0.022,0.17,0.15,0.995,0.102
2018-10-05 05:00:00,0.059,0.182,0.028,0.498,0.029,0.055,0.049,0.103,0.074,0.025,0.215,0.12,0.964,0.175
2018-10-05 06:00:00,0.08,0.059,0.073,0.625,0.037,0.089,0.066,0.102,0.105,0.033,0.208,0.147,0.43,0.228
2018-10-05 07:00:00,0.071,0.082,0.123,0.821,0.047,0.126,0.038,0.1,0.069,0.046,0.247,0.177,0.344,0.23
2018-10-05 08:00:00,0.082,0.176,0.161,0.769,0.028,0.187,0.02,0.101,0.094,0.02,0.315,0.259,0.44,0.246
2018-10-05 09:00:00,0.115,0.326,0.175,0.955,0.064,0.23,0.038,0.058,0.066,0.041,0.409,0.41,0.639,0.452
2018-10-05 10:00:00,0.158,0.421,0.242,1.538,0.133,0.341,0.062,0.079,0.129,0.12,0.458,0.56,0.736,0.659
2018-10-05 11:00:00,0.194,0.648,0.331,2.179,0.12,0.495,0.062,0.151,0.229,0.282,0.658,0.627,0.93,0.874
2018-10-05 12:00:00,0.222,0.888,0.378,2.902,0.113,0.522,0.111,0.218,0.266,0.491,0.96,0.804,1.628,0.924
2018-10-05 13:00:00,0.29,1.683,0.608,3.229,0.17,0.485,0.11,0.387,0.327,0.62,1.341,0.995,2.77,1.209
2018-10-05 14:00:00,0.384,2.787,0.882,4.063,0.192,0.567,0.16,0.776,0.465,0.707,1.463,1.192,4.131,1.651
2018-10-05 15:00:00,0.272,3.315,0.988,3.932,0.231,0.49,0.095,0.809,0.558,0.718,1.265,1.351,5.322,2.32
2018-10-05 16:00:00,0.263,2.689,0.714,3.302,0.213,0.502,0.075,0.617,0.562,0.493,0.755,1.06,5.498,2.192
2018-10-05 17:00:00,0.176,1.409,0.418,2.517,0.106,0.443,0.051,0.28,0.307,0.227,0.595,0.639,3.881,1.494
2018-10-05 18:00:00,0.176,0.566,0.205,1.812,0.103,0.387,0.03,0.16,0.221,0.087,0.502,0.394,2.037,0.915
2018-10-05 19:00:00,0.173,0.439,0.207,1.36,0.093,0.266,0.028,0.102,0.151,0.043,0.395,0.29,1.362,0.545
2018-10-05 20:00:00,0.117,0.651,0.18,1.227,0.084,0.302,0.024,0.095,0.145,0.032,0.319,0.235,0.961,0.461
2018-10-05 21:00:00,0.086,0.61,0.125,0.845,0.066,0.135,0.036,0.104,0.132,0.04,0.351,0.228,0.771,0.488
2018-10-05 22:00:00,0.048,0.371,0.107,0.563,0.026,0.099,0.012,0.136,0.077,0.03,0.264,0.152,0.705,0.204
2018-10-05 23:00:00,0.046,0.216,0.027,0.562,0.003,0.082,0.066,0.101,0.114,0.03,0.18,0.12,0.595,0.097
2018-10-06 00:00:00,0.034,0.124,0.024,0.565,0.003,0.08,0.01,0.12,0.091,0.028,0.155,0.114,0.549,0.083
2018-10-06 01:00:00,0.026,0.055,0.021,0.508,0.002,0.066,0.003,0.102,0.068,0.027,0.117,0.111,0.551,0.053
2018-10-06 02:00:00,0.024,0.044,0.021,0.412,0.013,0.057,0.0,0.11,0.058,0.023,0.123,0.175,0.497,0.044
2018-10-06 03:00:00,0.013,0.052,0.041,0.419,0.001,0.041,0.0,0.102,0.055,0.023,0.116,0.186,0.481,0.047
2018-10-06 04:00:00,0.034,0.06,0.057,0.379,0.0,0.048,0.0,0.104,0.047,0.026,0.14,0.193,1.114,0.045
2018-10-06 05:00:00,0.022,0.056,0.04,0.445,0.0,0.052,0.0,0.104,0.057,0.027,0.126,0.166,0.847,0.041
2018-10-06 06:00:00,0.041,0.093,0.054,0.526,0.0,0.088,0.007,0.102,0.075,0.026,0.16,0.134,0.559,0.045
2018-10-06 07:00:00,0.052,0.152,0.098,0.642,0.0,0.152,0.001,0.107,0.08,0.023,0.186,0.13,0.607,0.149
2018-10-06 08:00:00,0.046,0.343,0.157,0.714,0.046,0.184,0.002,0.126,0.076,0.012,0.223,0.177,0.654,0.123
2018-10-06 09:00:00,0.113,0.558,0.096,0.955,0.135,0.256,0.003,0.036,0.086,0.013,0.358,0.2,0.735,0.144
2018-10-06 10:00:00,0.178,0.667,0.247,1.15,0.129,0.305,0.054,0.112,0.081,0.045,0.617,0.221,0.786,0.292
2018-10-06 11:00:00,0.247,0.56,0.22,1.48,0.188,0.359,0.023,0.318,0.077,0.069,0.703,0.227,0.835,0.408
2018-10-06 12:00:00,0.214,0.451,0.294,1.868,0.175,0.381,0.036,0.489,0.148,0.115,0.855,0.257,0.868,0.393
2018-10-06 13:00:00,0.211,0.505,0.404,1.882,0.168,0.471,0.04,0.559,0.102,0.156,0.725,0.294,0.874,0.425
2018-10-06 14:00:00,0.162,0.53,0.336,2.262,0.183,0.538,0.053,0.488,0.109,0.147,0.649,0.303,0.869,0.418
2018-10-06 15:00:00,0.294,0.546,0.302,2.502,0.169,0.497,0.096,0.524,0.144,0.108,0.764,0.302,0.898,0.378
2018-10-06 16:00:00,0.262,0.679,0.345,2.611,0.221,0.537,0.069,0.604,0.172,0.179,0.736,0.338,1.011,0.516
2018-10-06 17:00:00,0.35,0.713,0.377,2.758,0.191,0.592,0.076,0.559,0.144,0.235,0.62,0.336,0.961,0.458
2018-10-06 18:00:00,0.389,0.764,0.336,3.013,0.134,0.581,0.068,0.563,0.18,0.218,0.547,0.251,1.059,0.412
2018-10-06 19:00:00,0.42,0.932,0.403,3.006,0.13,0.56,0.067,0.558,0.189,0.154,0.625,0.32,1.011,0.56
2018-10-06 20:00:00,0.392,0.925,0.383,2.661,0.126,0.556,0.066,0.523,0.161,0.144,0.673,0.319,1.063,0.566
2018-10-06 21:00:00,0.315,1.007,0.198,2.457,0.122,0.586,0.058,0.545,0.115,0.064,0.527,0.23,0.882,0.444
2018-10-06 22:00:00,0.272,0.803,0.126,2.299,0.099,0.576,0.053,0.521,0.068,0.083,0.304,0.251,0.865,0.338
2018-10-06 23:00:00,0.204,0.671,0.092,2.209,0.088,0.515,0.057,0.331,0.104,0.084,0.203,0.228,0.732,0.299
2018-10-07 00:00:00,0.262,0.544,0.072,1.802,0.029,0.388,0.034,0.423,0.079,0.035,0.26,0.205,0.688,0.36
2018-10-07 01:00:00,0.149,0.469,0.058,1.601,0.023,0.332,0.017,0.435,0.056,0.022,0.237,0.176,0.738,0.217
2018-10-07 02:00:00,0.099,0.438,0.046,1.35,0.019,0.351,0.011,0.51,0.05,0.011,0.236,0.253,0.7,0.103
2018-10-07 03:00:00,0.082,0.346,0.04,0.953,0.016,0.301,0.005,0.477,0.046,0.007,0.327,0.297,0.686,0.081
2018-10-07 04:00:00,0.046,0.392,0.03,0.824,0.015,0.14,0.0,0.357,0.056,0.009,0.301,0.242,0.67,0.074
2018-10-07 05:00:00,0.047,0.305,0.098,0.761,0.019,0.11,0.004,0.424,0.068,0.02,0.377,0.214,0.792,0.062
2018-10-07 06:00:00,0.091,0.384,0.114,0.677,0.039,0.118,0.016,0.319,0.075,0.026,0.551,0.208,2.104,0.16
2018-10-07 07:00:00,0.123,0.498,0.064,0.744,0.055,0.16,0.078,0.244,0.13,0.046,0.479,0.266,1.25,0.11
2018-10-07 08:00:00,0.126,0.686,0.057,0.851,0.062,0.131,0.033,0.177,0.115,0.069,0.418,0.305,1.081,0.33
2018-10-07 09:00:00,0.083,0.962,0.055,0.758,0.077,0.145,0.036,0.085,0.075,0.033,0.392,0.381,1.606,0.344
2018-10-07 10:00:00,0.049,1.155,0.06,0.669,0.144,0.151,0.021,0.068,0.067,0.038,0.288,0.268,1.877,0.252
2018-10-07 11:00:00,0.085,1.024,0.071,0.709,0.159,0.083,0.066,0.05,0.082,0.025,0.284,0.22,2.407,0.373
2018-10-07 12:00:00,0.075,0.925,0.086,0.668,0.15,0.081,0.015,0.059,0.04,0.025,0.251,0.141,3.337,0.479
2018-10-07 13:00:00,0.032,0.785,0.088,0.655,0.197,0.132,0.014,0.057,0.093,0.045,0.337,0.13,4.082,0.491
2018-10-07 14:00:00,0.044,0.593,0.098,0.724,0.166,0.113,0.013,0.028,0.129,0.096,0.209,0.095,3.297,0.476
2018-10-07 15:00:00,0.039,0.535,0.108,0.662,0.127,0.092,0.025,0.032,0.14,0.101,0.294,0.11,2.905,0.624
2018-10-07 16:00:00,0.028,0.584,0.135,0.606,0.103,0.142,0.012,0.037,0.185,0.056,0.211,0.143,2.629,0.984
2018-10-07 17:00:00,0.169,0.709,0.12,0.671,0.104,0.142,0.017,0.039,0.179,0.025,0.157,0.153,2.579,1.1
2018-10-07 18:00:00,0.118,0.485,0.07,0.738,0.108,0.139,0.021,0.05,0.139,0.069,0.148,0.12,2.415,1.033
2018-10-07 19:00:00,0.083,0.418,0.162,0.795,0.112,0.144,0.054,0.091,0.11,0.03,0.194,0.13,2.143,1.014
2018-10-07 20:00:00,0.082,0.434,0.138,0.765,0.152,0.086,0.03,0.098,0.083,0.039,0.221,0.125,1.849,0.874
2018-10-07 21:00:00,0.053,0.623,0.06,0.833,0.084,0.173,0.013,0.076,0.072,0.044,0.224,0.128,1.509,0.732
2018-10-07 22:00:00,0.052,0.396,0.196,0.579,0.032,0.113,0.005,0.073,0.066,0.026,0.172,0.129,1.152,0.319
2018-10-07 23:00:00,0.024,0.212,0.051,0.521,0.023,0.066,0.005,0.077,0.09,0.029,0.115,0.104,0.864,0.423
2018-10-08 00:00:00,0.03,0.102,0.026,0.432,0.012,0.045,0.006,0.118,0.099,0.027,0.137,0.096,0.725,0.331
2018-10-08 01:00:00,0.013,0.028,0.024,0.4,0.006,0.053,0.002,0.102,0.052,0.026,0.114,0.094,0.703,0.185
2018-10-08 02:00:00,0.014,0.039,0.024,0.394,0.003,0.053,0.0,0.114,0.042,0.023,0.129,0.13,0.606,0.085
2018-10-08 03:00:00,0.005,0.087,0.025,0.491,0.001,0.043,0.0,0.098,0.039,0.011,0.124,0.128,0.604,0.081
2018-10-08 04:00:00,0.004,0.077,0.043,0.548,0.004,0.06,0.0,0.099,0.056,0.02,0.144,0.114,1.125,0.116
2018-10-08 05:00:00,0.011,0.064,0.05,0.642,0.042,0.131,0.0,0.109,0.069,0.02,0.173,0.114,0.734,0.204
2018-10-08 06:00:00,0.006,0.059,0.049,0.71,0.056,0.111,0.01,0.103,0.07,0.014,0.192,0.163,0.623,0.314
2018-10-08 07:00:00,0.003,0.061,0.13,0.613,0.071,0.153,0.009,0.099,0.045,0.017,0.183,0.147,0.679,0.253
2018-10-08 08:00:00,0.002,0.122,0.082,0.585,0.051,0.078,0.009,0.095,0.052,0.031,0.245,0.145,0.668,0.198
2018-10-08 09:00:00,0.005,0.172,0.084,0.557,0.019,0.081,0.021,0.039,0.046,0.02,0.286,0.136,0.663,0.173
2018-10-08 10:00:00,0.029,0.205,0.068,0.603,0.014,0.104,0.023,0.034,0.062,0.037,0.313,0.172,0.672,0.242
2018-10-08 11:00:00,0.047,0.197,0.087,0.557,0.029,0.095,0.02,0.048,0.036,0.079,0.382,0.219,0.643,0.153
2018-10-08 12:00:00,0.037,0.191,0.063,0.527,0.034,0.076,0.023,0.06,0.036,0.028,0.285,0.218,0.646,0.039
2018-10-08 13:00:00,0.043,0.265,0.066,0.635,0.029,0.084,0.024,0.066,0.042,0.023,0.265,0.222,0.676,0.06
2018-10-08 14:00:00,0.056,0.257,0.058,0.677,0.046,0.093,0.048,0.076,0.035,0.022,0.243,0.199,0.63,0.054
2018-10-08 15:00:00,0.062,0.24,0.061,0.91,0.037,0.102,0.015,0.12,0.029,0.023,0.229,0.209,0.609,0.075
2018-10-08 16:00:00,0.093,0.245,0.076,1.16,0.029,0.187,0.01,0.157,0.07,0.025,0.244,0.199,0.73,0.145
2018-10-08 17:00:00,0.232,0.231,0.068,1.241,0.04,0.173,0.009,0.126,0.077,0.026,0.284,0.24,0.756,0.365
2018-10-08 18:00:00,0.171,0.262,0.069,1.173,0.054,0.191,0.021,0.118,0.111,0.026,0.302,0.226,0.697,0.214
2018-10-08 19:00:00,0.162,0.289,0.161,1.397,0.086,0.317,0.028,0.144,0.11,0.038,0.294,0.2,0.757,0.213
2018-10-08 20:00:00,0.123,0.308,0.109,1.371,0.054,0.355,0.056,0.19,0.088,0.034,0.284,0.257,0.661,0.238
2018-10-08 21:00:00,0.144,0.301,0.135,1.308,0.028,0.315,0.02,0.189,0.063,0.033,0.313,0.126,0.683,0.218
2018-10-08 22:00:00,0.124,0.312,0.043,1.142,0.032,0.215,0.005,0.201,0.034,0.037,0.229,0.124,0.651,0.148
2018-10-08 23:00:00,0.059,0.174,0.023,1.234,0.011,0.151,0.004,0.166,0.089,0.032,0.162,0.114,0.594,0.127
2018-10-09 00:00:00,0.047,0.15,0.022,0.884,0.008,0.12,0.003,0.203,0.082,0.03,0.237,0.1,0.6,0.171
2018-10-09 01:00:00,0.069,0.121,0.022,0.911,0.022,0.144,0.006,0.191,0.033,0.025,0.154,0.109,0.63,0.13
2018-10-09 02:00:00,0.034,0.145,0.023,0.988,0.005,0.212,0.008,0.217,0.025,0.018,0.158,0.175,0.605,0.064
2018-10-09 03:00:00,0.025,0.171,0.057,1.008,0.021,0.257,0.01,0.213,0.037,0.005,0.226,0.179,0.598,0.11
2018-10-09 04:00:00,0.056,0.183,0.018,1.353,0.027,0.418,0.003,0.275,0.067,0.029,0.259,0.209,1.17,0.161
2018-10-09 05:00:00,0.088,0.221,0.05,2.029,0.043,0.541,0.027,0.4,0.12,0.081,0.358,0.375,0.948,0.171
2018-10-09 06:00:00,0.23,0.392,0.092,2.587,0.134,0.761,0.089,0.592,0.193,0.012,0.543,0.531,0.813,0.303
2018-10-09 07:00:00,0.32,0.396,0.219,3.472,0.098,0.915,0.09,0.659,0.313,0.055,0.722,0.743,0.957,0.342
2018-10-09 08:00:00,0.895,0.518,0.678,6.106,0.17,1.39,0.172,1.139,0.451,0.347,1.003,1.769,1.113,0.402
2018-10-09 09:00:00,1.959,0.917,1.067,12.111,0.14,2.487,0.278,2.055,1.183,1.156,1.669,3.643,2.229,0.46
2018-10-09 10:00:00,2.903,2.303,1.996,18.154,0.21,3.999,0.437,2.873,2.546,2.258,2.378,5.781,4.469,0.652
2018-10-09 11:00:00,4.029,4.343,3.082,24.533,0.391,5.139,0.564,3.94,3.555,3.638,3.091,7.659,7.96,1.118
2018-10-09 12:00:00,5.328,5.919,4.317,28.81,0.646,5.727,0.672,5.112,3.871,4.713,3.754,8.508,10.198,2.059
2018-10-09 13:00:00,6.43,7.95,5.139,31.822,0.852,6.355,1.242,5.832,3.988,4.992,4.38,9.268,13.889,3.519
2018-10-09 14:00:00,8.071,10.21,6.017,36.404,1.192,7.338,2.187,6.284,4.506,5.587,5.151,10.685,16.574,5.286
2018-10-09 15:00:00,9.612,11.128,7.232,40.878,1.401,8.427,2.461,7.033,4.727,6.225,7.126,11.398,18.221,5.816
2018-10-09 16:00:00,9.248,10.815,7.01,40.162,1.361,8.99,2.405,6.976,4.778,6.097,9.222,11.341,17.292,6.485
2018-10-09 17:00:00,7.829,8.476,5.549,35.219,1.12,8.293,2.071,5.602,3.88,4.487,7.683,9.437,13.084,5.675
2018-10-09 18:00:00,6.509,6.504,3.996,29.448,0.814,6.837,1.686,4.234,2.898,3.246,4.858,7.763,9.076,4.116
2018-10-09 19:00:00,5.275,5.076,3.209,24.65,0.623,6.002,1.328,3.203,2.085,2.414,3.634,5.946,6.082,3.087
2018-10-09 20:00:00,4.828,3.879,2.356,20.997,0.497,5.539,0.999,2.246,1.654,1.949,2.736,4.797,4.542,2.807
2018-10-09 21:00:00,4.075,3.014,1.802,18.447,0.34,4.941,0.649,1.617,1.519,1.491,1.788,4.278,3.193,1.921
2018-10-09 22:00:00,3.19,1.972,1.28,15.383,0.237,4.382,0.447,1.169,1.156,0.947,1.069,3.333,2.068,1.446
2018-10-09 23:00:00,2.659,1.338,0.944,12.894,0.181,3.619,0.248,0.802,1.112,0.764,0.777,2.601,1.228,1.302
2018-10-10 00:00:00,2.16,1.079,0.774,11.139,0.136,2.99,0.135,0.905,0.821,0.619,0.724,2.07,1.382,0.89
2018-10-10 01:00:00,1.976,0.853,0.593,9.861,0.102,2.46,0.068,0.701,0.588,0.392,0.542,1.558,1.48,0.687
2018-10-10 02:00:00,1.823,0.779,0.587,9.198,0.077,2.28,0.048,0.535,0.458,0.149,0.525,1.499,1.436,0.5
2018-10-10 03:00:00,1.396,0.641,0.555,8.051,0.042,2.23,0.045,0.547,0.442,0.177,0.766,1.417,1.416,0.586
2018-10-10 04:00:00,1.403,0.631,0.62,7.998,0.021,2.385,0.052,0.665,0.491,0.323,1.056,1.504,2.754,0.439
2018-10-10 05:00:00,1.633,0.403,0.488,9.207,0.062,2.494,0.09,0.763,0.46,0.347,1.393,2.217,2.058,0.566
2018-10-10 06:00:00,1.599,0.574,0.659,10.747,0.04,2.523,0.177,0.795,0.692,0.44,2.685,2.675,1.68,0.565
2018-10-10 07:00:00,1.825,0.766,1.176,14.371,0.134,3.042,0.31,1.146,1.34,0.842,3.378,4.443,2.402,0.872
2018-10-10 08:00:00,3.082,1.553,1.645,20.579,0.206,4.302,0.48,2.0,2.685,1.491,4.404,7.52,5.35,1.29
2018-10-10 09:00:00,5.348,3.474,2.983,29.809,0.451,6.272,1.068,3.043,4.07,2.711,5.975,10.648,9.846,2.427
2018-10-10 10:00:00,8.328,6.194,4.252,37.939,0.858,8.323,1.523,4.539,5.422,4.277,7.478,13.112,13.28,4.518
2018-10-10 11:00:00,10.707,8.669,5.619,45.961,1.152,10.021,1.986,5.802,6.639,5.793,8.455,15.072,17.541,7.085
2018-10-10 12:00:00,12.958,10.331,7.45,54.05,1.501,11.247,2.509,7.2,7.812,7.076,10.529,17.108,20.97,10.161
2018-10-10 13:00:00,14.45,12.595,8.849,58.059,1.761,12.051,2.884,8.175,8.466,7.828,14.514,18.63,25.219,14.935
2018-10-10 14:00:00,15.561,14.015,9.381,60.577,2.086,12.699,3.021,8.319,8.914,7.84,18.188,19.946,26.871,18.472
2018-10-10 15:00:00,15.679,14.79,9.692,59.809,2.323,12.729,2.582,8.494,8.572,7.886,20.774,19.71,27.285,20.299
2018-10-10 16:00:00,13.349,14.139,9.51,52.713,2.251,11.594,1.843,8.458,8.021,7.521,20.392,18.708,25.967,20.221
2018-10-10 17:00:00,9.396,11.068,7.648,38.713,1.673,8.574,1.193,6.595,6.227,5.641,16.358,15.112,20.496,15.639
2018-10-10 18:00:00,5.425,8.561,5.487,23.697,1.115,5.074,0.599,4.811,4.227,3.927,12.064,11.577,14.222,10.23
2018-10-10 19:00:00,3.015,7.152,3.824,14.823,0.738,3.479,0.311,3.205,3.253,2.681,8.7,9.14,10.175,6.874
2018-10-10 20:00:00,2.132,6.449,2.828,9.91,0.482,2.789,0.148,2.165,2.691,1.907,6.712,7.362,7.544,5.002
2018-10-10 21:00:00,1.267,5.133,2.262,5.839,0.337,1.976,0.11,1.599,2.198,1.477,4.875,5.53,4.96,3.289
2018-10-10 22:00:00,0.785,3.844,1.691,3.728,0.266,1.469,0.089,1.225,1.443,1.194,3.153,4.114,3.259,2.184
2018-10-10 23:00:00,0.456,3.018,0.864,2.6,0.169,0.917,0.09,0.645,1.133,0.636,2.173,2.945,2.625,1.324
2018-10-11 00:00:00,0.256,2.438,0.579,1.952,0.143,0.592,0.041,0.605,0.833,0.347,1.764,2.158,2.435,0.989
2018-10-11 01:00:00,0.191,2.317,0.462,1.854,0.124,0.392,0.021,0.509,0.549,0.172,1.187,1.617,2.697,0.738
2018-10-11 02:00:00,0.137,2.196,0.589,1.441,0.1,0.379,0.013,0.476,0.47,0.108,1.009,1.586,2.45,0.644
2018-10-11 03:00:00,0.131,2.125,0.528,1.29,0.088,0.322,0.013,0.492,0.399,0.155,1.245,1.453,1.74,0.641
2018-10-11 04:00:00,0.204,2.129,0.557,1.583,0.071,0.318,0.039,0.674,0.446,0.279,1.306,1.315,3.67,0.722
2018-10-11 05:00:00,0.182,1.912,0.674,1.885,0.103,0.576,0.008,0.9,0.439,0.365,1.751,1.699,3.499,0.962
2018-10-11 06:00:00,0.328,2.046,0.692,2.932,0.099,0.639,0.069,0.985,0.491,0.379,2.011,2.197,4.331,0.914
2018-10-11 07:00:00,0.289,2.281,0.651,5.132,0.144,1.322,0.083,0.959,0.512,0.276,2.27,2.379,6.322,0.841
2018-10-11 08:00:00,0.482,2.398,0.565,6.471,0.116,1.555,0.071,0.943,0.562,0.367,3.131,2.395,7.2,1.344
2018-10-11 09:00:00,0.901,2.506,0.679,8.771,0.083,2.069,0.056,0.888,0.478,0.328,3.679,2.351,8.156,1.409
2018-10-11 10:00:00,1.299,2.748,0.613,10.714,0.097,2.528,0.127,0.807,0.423,0.406,4.309,2.522,7.928,1.505
2018-10-11 11:00:00,1.295,2.973,0.68,10.812,0.103,2.482,0.119,0.823,0.472,0.512,4.756,2.086,5.41,1.25
2018-10-11 12:00:00,1.247,2.89,0.651,10.901,0.064,2.469,0.19,0.843,0.386,0.504,4.338,1.571,3.174,1.05
2018-10-11 13:00:00,1.369,2.698,0.734,10.542,0.045,2.563,0.163,0.848,0.48,0.499,4.387,1.975,3.156,0.982
2018-10-11 14:00:00,1.221,2.615,0.641,9.521,0.053,2.258,0.293,0.876,0.492,0.555,4.902,1.819,2.984,0.72
2018-10-11 15:00:00,1.214,2.482,0.672,9.121,0.031,2.186,0.19,0.908,0.401,0.542,5.624,1.591,2.925,0.362
2018-10-11 16:00:00,1.288,2.384,0.634,9.814,0.089,2.299,0.226,0.959,0.587,0.604,5.426,1.622,2.575,0.687
2018-10-11 17:00:00,1.486,2.344,0.637,10.949,0.156,2.54,0.172,1.049,0.56,0.583,4.439,1.949,2.13,0.636
2018-10-11 18:00:00,1.809,2.067,0.718,10.2,0.13,2.608,0.156,0.893,0.666,0.457,3.785,1.597,1.996,0.741
2018-10-11 19:00:00,1.781,1.761,0.936,9.602,0.122,2.604,0.141,0.782,0.582,0.489,3.387,1.431,2.067,0.615
2018-10-11 20:00:00,1.728,2.013,0.815,8.696,0.156,2.358,0.082,0.705,0.553,0.471,3.307,1.282,2.099,0.744
2018-10-11 21:00:00,1.397,1.706,0.764,6.326,0.049,2.093,0.058,0.681,0.51,0.414,2.418,1.259,1.383,0.692
2018-10-11 22:00:00,0.947,1.376,0.463,4.372,0.07,1.494,0.049,0.611,0.364,0.252,1.44,0.964,1.262,0.431
2018-10-11 23:00:00,0.664,0.933,0.287,3.244,0.072,1.029,0.034,0.405,0.251,0.098,0.708,0.488,1.049,0.493
2018-10-12 00:00:00,0.277,0.771,0.122,2.05,0.071,0.549,0.03,0.433,0.25,0.036,0.605,0.381,0.862,0.427
2018-10-12 01:00:00,0.17,0.67,0.064,1.497,0.036,0.305,0.021,0.268,0.088,0.024,0.414,0.246,0.878,0.342
2018-10-12 02:00:00,0.176,0.544,0.059,1.112,0.023,0.295,0.014,0.185,0.104,0.013,0.345,0.382,0.858,0.254
2018-10-12 03:00:00,0.159,0.488,0.037,1.057,0.036,0.21,0.008,0.143,0.058,0.01,0.297,0.341,0.951,0.26
2018-10-12 04:00:00,0.124,0.536,0.024,1.286,0.046,0.273,0.001,0.112,0.066,0.018,0.378,0.246,1.8,0.305
2018-10-12 05:00:00,0.173,0.309,0.035,1.463,0.106,0.358,0.026,0.09,0.106,0.055,0.393,0.269,1.083,0.446
2018-10-12 06:00:00,0.175,0.219,0.061,1.3,0.064,0.415,0.075,0.139,0.101,0.048,0.642,0.366,1.009,0.43
2018-10-12 07:00:00,0.127,0.175,0.112,1.196,0.052,0.329,0.023,0.145,0.069,0.067,0.343,0.38,0.956,0.293
2018-10-12 08:00:00,0.072,0.153,0.111,1.058,0.034,0.15,0.014,0.128,0.098,0.057,0.365,0.455,0.758,0.251
2018-10-12 09:00:00,0.067,0.19,0.181,0.953,0.025,0.211,0.019,0.062,0.045,0.052,0.341,0.346,0.618,0.129
2018-10-12 10:00:00,0.093,0.157,0.142,1.034,0.045,0.159,0.068,0.07,0.08,0.039,0.325,0.313,0.434,0.145
2018-10-12 11:00:00,0.176,0.175,0.088,1.86,0.019,0.335,0.09,0.082,0.066,0.047,0.375,0.247,0.29,0.132
2018-10-12 12:00:00,0.343,0.216,0.089,3.456,0.011,0.512,0.125,0.076,0.063,0.039,0.37,0.27,0.544,0.142
2018-10-12 13:00:00,0.324,0.35,0.176,3.547,0.007,0.598,0.155,0.086,0.053,0.079,0.413,0.322,0.837,0.132
2018-10-12 14:00:00,0.375,0.466,0.326,3.867,0.03,0.601,0.149,0.129,0.037,0.191,0.492,0.306,1.281,0.323
2018-10-12 15:00:00,0.196,0.572,0.367,2.725,0.007,0.486,0.067,0.106,0.046,0.216,0.657,0.282,1.479,0.494
2018-10-12 16:00:00,0.111,0.283,0.143,2.011,0.037,0.472,0.047,0.08,0.076,0.098,0.688,0.259,1.468,0.664
2018-10-12 17:00:00,0.144,0.18,0.116,1.659,0.048,0.491,0.049,0.084,0.09,0.07,0.337,0.242,1.151,0.433
2018-10-12 18:00:00,0.132,0.122,0.081,1.275,0.076,0.352,0.057,0.088,0.083,0.068,0.284,0.178,0.784,0.272
2018-10-12 19:00:00,0.08,0.115,0.197,1.106,0.054,0.265,0.087,0.112,0.073,0.049,0.255,0.139,0.538,0.316
2018-10-12 20:00:00,0.088,0.183,0.081,1.069,0.06,0.201,0.029,0.099,0.057,0.065,0.234,0.219,0.488,0.19
2018-10-12 21:00:00,0.07,0.218,0.173,0.895,0.009,0.152,0.017,0.082,0.061,0.043,0.264,0.129,0.535,0.19
2018-10-12 22:00:00,0.077,0.055,0.111,0.625,0.013,0.086,0.034,0.08,0.056,0.06,0.194,0.146,0.607,0.087
2018-10-12 23:00:00,0.058,0.031,0.036,0.58,0.002,0.1,0.011,0.083,0.088,0.029,0.162,0.111,0.394,0.059
2018-10-13 00:00:00,0.047,0.03,0.022,0.582,0.002,0.074,0.012,0.119,0.072,0.027,0.135,0.107,0.247,0.047
2018-10-13 01:00:00,0.037,0.026,0.021,0.484,0.025,0.06,0.003,0.102,0.052,0.026,0.099,0.104,0.327,0.041
2018-10-13 02:00:00,0.042,0.027,0.019,0.399,0.001,0.069,0.0,0.11,0.045,0.019,0.112,0.134,0.382,0.037
2018-10-13 03:00:00,0.024,0.031,0.022,0.397,0.001,0.039,0.0,0.101,0.042,0.02,0.111,0.13,0.437,0.041
2018-10-13 04:00:00,0.021,0.038,0.022,0.374,0.014,0.04,0.0,0.103,0.037,0.022,0.143,0.12,1.036,0.04
2018-10-13 05:00:00,0.027,0.064,0.021,0.421,0.005,0.077,0.0,0.101,0.052,0.023,0.11,0.089,0.783,0.035
2018-10-13 06:00:00,0.042,0.084,0.07,0.474,0.024,0.1,0.004,0.101,0.056,0.022,0.138,0.131,0.523,0.059
2018-10-13 07:00:00,0.037,0.084,0.07,0.511,0.003,0.077,0.03,0.11,0.058,0.022,0.17,0.175,0.522,0.133
2018-10-13 08:00:00,0.051,0.093,0.062,0.526,0.024,0.091,0.001,0.098,0.051,0.059,0.169,0.145,0.518,0.11
2018-10-13 09:00:00,0.038,0.12,0.096,0.522,0.0,0.125,0.0,0.079,0.042,0.028,0.167,0.145,0.554,0.065
2018-10-13 10:00:00,0.016,0.133,0.049,0.594,0.001,0.12,0.024,0.078,0.033,0.051,0.206,0.142,0.512,0.043
2018-10-13 11:00:00,0.044,0.13,0.054,0.591,0.008,0.143,0.0,0.055,0.031,0.032,0.223,0.107,0.459,0.083
2018-10-13 12:00:00,0.018,0.115,0.08,0.575,0.011,0.193,0.002,0.05,0.029,0.034,0.243,0.09,0.299,0.085
2018-10-13 13:00:00,0.033,0.135,0.045,0.656,0.076,0.101,0.005,0.046,0.028,0.033,0.174,0.087,0.205,0.082
2018-10-13 14:00:00,0.023,0.132,0.074,0.639,0.06,0.148,0.01,0.041,0.032,0.027,0.255,0.134,0.211,0.087
2018-10-13 15:00:00,0.02,0.143,0.081,0.585,0.01,0.099,0.016,0.042,0.033,0.025,0.184,0.135,0.278,0.153
2018-10-13 16:00:00,0.028,0.125,0.058,0.6,0.013,0.109,0.019,0.055,0.052,0.025,0.16,0.141,0.204,0.241
2018-10-13 17:00:00,0.062,0.133,0.09,0.717,0.029,0.138,0.015,0.056,0.063,0.026,0.161,0.165,0.291,0.202
2018-10-13 18:00:00,0.078,0.094,0.136,0.568,0.041,0.124,0.015,0.093,0.094,0.027,0.126,0.15,0.291,0.203
2018-10-13 19:00:00,0.097,0.095,0.073,0.651,0.032,0.146,0.018,0.101,0.095,0.029,0.203,0.131,0.344,0.194
2018-10-13 20:00:00,0.127,0.071,0.04,0.713,0.036,0.087,0.057,0.101,0.065,0.03,0.131,0.115,0.247,0.132
2018-10-13 21:00:00,0.078,0.087,0.11,0.71,0.021,0.112,0.039,0.112,0.096,0.029,0.126,0.107,0.208,0.133
2018-10-13 22:00:00,0.033,0.046,0.062,0.54,0.003,0.061,0.016,0.111,0.097,0.032,0.117,0.136,0.212,0.125
2018-10-13 23:00:00,0.014,0.026,0.031,0.471,0.002,0.044,0.018,0.109,0.087,0.028,0.097,0.101,0.197,0.071
2018-10-14 00:00:00,0.006,0.017,0.017,0.412,0.002,0.039,0.017,0.127,0.072,0.026,0.092,0.099,0.217,0.051
2018-10-14 01:00:00,0.002,0.022,0.016,0.358,0.001,0.043,0.004,0.105,0.048,0.026,0.08,0.097,0.199,0.036
2018-10-14 02:00:00,0.004,0.016,0.015,0.364,0.0,0.04,0.0,0.106,0.04,0.023,0.089,0.101,0.189,0.034
2018-10-14 03:00:00,0.0,0.02,0.02,0.349,0.0,0.037,0.0,0.104,0.037,0.022,0.089,0.095,0.183,0.038
2018-10-14 04:00:00,0.002,0.022,0.02,0.335,0.0,0.038,0.0,0.103,0.035,0.023,0.116,0.099,0.182,0.037
2018-10-14 05:00:00,0.001,0.053,0.02,0.305,0.0,0.031,0.0,0.103,0.052,0.017,0.117,0.088,0.182,0.042
2018-10-14 06:00:00,0.001,0.063,0.023,0.353,0.0,0.037,0.009,0.102,0.057,0.019,0.097,0.089,0.179,0.035
2018-10-14 07:00:00,0.029,0.054,0.059,0.356,0.0,0.075,0.011,0.1,0.084,0.02,0.13,0.134,0.261,0.045
2018-10-14 08:00:00,0.063,0.075,0.059,0.499,0.007,0.074,0.001,0.097,0.045,0.013,0.165,0.164,0.363,0.049
2018-10-14 09:00:00,0.085,0.113,0.181,0.814,0.039,0.218,0.014,0.053,0.028,0.035,0.181,0.263,0.494,0.035
2018-10-14 10:00:00,0.256,0.139,0.268,1.525,0.049,0.402,0.046,0.052,0.026,0.058,0.197,0.313,0.456,0.072
2018-10-14 11:00:00,0.275,0.13,0.342,2.287,0.044,0.565,0.047,0.083,0.075,0.119,0.233,0.361,0.349,0.185
2018-10-14 12:00:00,0.453,0.149,0.377,3.407,0.047,0.6,0.081,0.163,0.144,0.242,0.35,0.461,0.444,0.279
2018-10-14 13:00:00,0.688,0.242,0.528,4.577,0.06,0.737,0.133,0.278,0.246,0.436,0.67,0.652,0.737,0.376
2018-10-14 14:00:00,0.889,0.344,0.651,5.547,0.07,0.818,0.208,0.37,0.343,0.534,0.954,0.908,1.255,0.622
2018-10-14 15:00:00,0.939,0.505,0.717,6.102,0.071,0.874,0.168,0.414,0.364,0.593,1.096,0.987,1.432,0.765
2018-10-14 16:00:00,0.731,0.569,0.537,5.329,0.098,0.935,0.21,0.376,0.307,0.494,0.997,0.847,1.509,0.792
2018-10-14 17:00:00,0.382,0.263,0.184,3.581,0.048,0.827,0.089,0.058,0.137,0.198,0.458,0.427,1.04,0.544
2018-10-14 18:00:00,0.253,0.119,0.119,1.868,0.031,0.565,0.052,0.054,0.095,0.068,0.179,0.162,0.786,0.479
2018-10-14 19:00:00,0.136,0.072,0.207,1.227,0.02,0.32,0.036,0.072,0.097,0.026,0.158,0.165,0.655,0.312
2018-10-14 20:00:00,0.096,0.059,0.134,0.942,0.017,0.224,0.022,0.092,0.076,0.024,0.118,0.179,0.443,0.149
2018-10-14 21:00:00,0.072,0.041,0.135,0.835,0.004,0.15,0.029,0.106,0.065,0.034,0.15,0.112,0.232,0.106
2018-10-14 22:00:00,0.043,0.031,0.041,0.631,0.0,0.126,0.013,0.107,0.08,0.031,0.114,0.114,0.218,0.061
2018-10-14 23:00:00,0.026,0.021,0.06,0.491,0.018,0.096,0.011,0.107,0.123,0.026,0.107,0.104,0.198,0.046
2018-10-15 00:00:00,0.02,0.013,0.018,0.398,0.0,0.051,0.012,0.124,0.085,0.025,0.121,0.102,0.193,0.04
2018-10-15 01:00:00,0.02,0.008,0.018,0.421,0.0,0.053,0.004,0.105,0.059,0.026,0.104,0.101,0.202,0.033
2018-10-15 02:00:00,0.028,0.011,0.018,0.388,0.0,0.043,0.0,0.106,0.05,0.025,0.11,0.103,0.196,0.033
2018-10-15 03:00:00,0.002,0.013,0.022,0.393,0.0,0.038,0.022,0.103,0.05,0.025,0.111,0.098,0.221,0.043
2018-10-15 04:00:00,0.004,0.014,0.021,0.439,0.0,0.067,0.009,0.109,0.047,0.025,0.119,0.1,0.178,0.038
2018-10-15 05:00:00,0.001,0.041,0.045,0.503,0.0,0.037,0.006,0.106,0.062,0.034,0.121,0.098,0.176,0.033
2018-10-15 06:00:00,0.002,0.058,0.047,0.57,0.0,0.064,0.008,0.107,0.088,0.025,0.127,0.105,0.172,0.033
2018-10-15 07:00:00,0.004,0.032,0.058,0.458,0.0,0.086,0.026,0.103,0.077,0.024,0.145,0.113,0.235,0.035
2018-10-15 08:00:00,0.02,0.055,0.018,0.44,0.0,0.131,0.022,0.1,0.054,0.022,0.21,0.137,0.356,0.05
2018-10-15 09:00:00,0.011,0.077,0.017,0.475,0.0,0.139,0.009,0.096,0.05,0.018,0.198,0.112,0.371,0.038
2018-10-15 10:00:00,0.017,0.084,0.031,0.418,0.0,0.072,0.014,0.087,0.054,0.021,0.207,0.088,0.467,0.049
2018-10-15 11:00:00,0.027,0.084,0.059,0.372,0.0,0.065,0.013,0.086,0.041,0.022,0.216,0.089,0.46,0.04
2018-10-15 12:00:00,0.02,0.092,0.043,0.38,0.0,0.099,0.016,0.067,0.033,0.027,0.203,0.109,0.558,0.032
2018-10-15 13:00:00,0.021,0.103,0.025,0.475,0.0,0.064,0.036,0.065,0.029,0.025,0.188,0.13,0.61,0.033
2018-10-15 14:00:00,0.026,0.115,0.027,0.579,0.0,0.078,0.017,0.06,0.029,0.024,0.206,0.139,0.563,0.024
2018-10-15 15:00:00,0.038,0.13,0.029,0.666,0.002,0.123,0.014,0.054,0.027,0.019,0.248,0.146,0.552,0.023
2018-10-15 16:00:00,0.051,0.17,0.058,0.946,0.005,0.097,0.01,0.051,0.046,0.021,0.309,0.144,0.547,0.047
2018-10-15 17:00:00,0.073,0.237,0.071,1.056,0.023,0.148,0.009,0.038,0.045,0.02,0.342,0.152,0.602,0.092
2018-10-15 18:00:00,0.078,0.174,0.046,1.076,0.032,0.145,0.009,0.112,0.074,0.031,0.342,0.134,0.71,0.092
2018-10-15 19:00:00,0.111,0.16,0.11,1.246,0.09,0.165,0.006,0.407,0.062,0.045,0.297,0.155,0.733,0.127
2018-10-15 20:00:00,0.114,0.195,0.115,1.139,0.057,0.204,0.005,0.281,0.038,0.071,0.215,0.18,0.791,0.132
2018-10-15 21:00:00,0.095,0.074,0.096,0.944,0.072,0.135,0.002,0.163,0.022,0.044,0.278,0.168,0.74,0.157
2018-10-15 22:00:00,0.015,0.052,0.038,0.623,0.07,0.082,0.0,0.119,0.021,0.026,0.143,0.117,0.727,0.103
2018-10-15 23:00:00,0.019,0.027,0.022,0.469,0.032,0.093,0.0,0.045,0.047,0.026,0.104,0.104,0.596,0.053
2018-10-16 00:00:00,0.008,0.016,0.02,0.359,0.009,0.055,0.0,0.106,0.037,0.024,0.107,0.12,0.292,0.042
2018-10-16 01:00:00,0.001,0.028,0.014,0.353,0.001,0.039,0.0,0.095,0.024,0.024,0.08,0.096,0.332,0.024
2018-10-16 02:00:00,0.004,0.009,0.013,0.34,0.001,0.038,0.0,0.1,0.022,0.013,0.101,0.095,0.22,0.023
2018-10-16 03:00:00,0.0,0.01,0.017,0.321,0.0,0.036,0.0,0.094,0.027,0.012,0.103,0.09,0.141,0.04
2018-10-16 04:00:00,0.001,0.01,0.017,0.38,0.0,0.035,0.0,0.104,0.038,0.018,0.122,0.094,0.419,0.031
2018-10-16 05:00:00,0.001,0.035,0.051,0.384,0.016,0.051,0.028,0.098,0.063,0.014,0.121,0.091,0.398,0.042
2018-10-16 06:00:00,0.016,0.019,0.016,0.391,0.0,0.11,0.013,0.107,0.041,0.015,0.148,0.087,0.216,0.039
2018-10-16 07:00:00,0.013,0.026,0.014,0.437,0.04,0.121,0.009,0.093,0.03,0.031,0.141,0.082,0.308,0.1
2018-10-16 08:00:00,0.017,0.063,0.062,0.457,0.047,0.119,0.022,0.096,0.025,0.013,0.176,0.093,0.325,0.141
2018-10-16 09:00:00,0.034,0.104,0.083,0.66,0.05,0.143,0.01,0.049,0.021,0.012,0.215,0.201,0.278,0.221
2018-10-16 10:00:00,0.029,0.114,0.046,0.731,0.033,0.123,0.02,0.042,0.028,0.029,0.246,0.259,0.244,0.18
2018-10-16 11:00:00,0.089,0.155,0.049,0.621,0.014,0.11,0.015,0.044,0.052,0.064,0.296,0.24,0.247,0.213
2018-10-16 12:00:00,0.053,0.174,0.074,0.723,0.019,0.147,0.019,0.037,0.089,0.04,0.321,0.281,0.365,0.285
2018-10-16 13:00:00,0.054,0.134,0.067,0.637,0.018,0.091,0.033,0.029,0.148,0.04,0.427,0.335,0.622,0.395
2018-10-16 14:00:00,0.044,0.16,0.085,0.757,0.009,0.167,0.05,0.027,0.136,0.092,0.406,0.355,0.939,0.426
2018-10-16 15:00:00,0.033,0.157,0.051,0.916,0.019,0.138,0.03,0.033,0.099,0.02,0.395,0.284,1.04,0.444
2018-10-16 16:00:00,0.035,0.16,0.068,0.783,0.014,0.16,0.009,0.042,0.052,0.019,0.278,0.243,0.749,0.453
2018-10-16 17:00:00,0.063,0.107,0.078,0.755,0.007,0.162,0.005,0.043,0.066,0.021,0.22,0.131,0.643,0.376
2018-10-16 18:00:00,0.038,0.065,0.043,0.74,0.013,0.126,0.005,0.055,0.071,0.024,0.184,0.086,0.558,0.291
2018-10-16 19:00:00,0.038,0.053,0.059,0.671,0.013,0.209,0.005,0.079,0.083,0.025,0.233,0.097,0.479,0.15
2018-10-16 20:00:00,0.034,0.059,0.024,0.664,0.011,0.102,0.007,0.103,0.09,0.025,0.242,0.11,0.446,0.119
2018-10-16 21:00:00,0.041,0.041,0.016,0.555,0.04,0.142,0.008,0.11,0.059,0.027,0.217,0.098,0.431,0.098
2018-10-16 22:00:00,0.013,0.026,0.046,0.447,0.001,0.112,0.011,0.105,0.078,0.027,0.17,0.099,0.296,0.072
2018-10-16 23:00:00,0.006,0.016,0.02,0.378,0.001,0.043,0.006,0.104,0.066,0.027,0.151,0.093,0.192,0.04
2018-10-17 00:00:00,0.001,0.007,0.015,0.341,0.001,0.034,0.007,0.117,0.064,0.025,0.184,0.093,0.193,0.039
2018-10-17 01:00:00,0.0,0.005,0.014,0.33,0.001,0.04,0.002,0.097,0.037,0.025,0.125,0.091,0.2,0.035
2018-10-17 02:00:00,0.004,0.007,0.014,0.318,0.001,0.036,0.0,0.097,0.03,0.02,0.106,0.096,0.187,0.055
2018-10-17 03:00:00,0.0,0.009,0.017,0.317,0.0,0.063,0.0,0.092,0.029,0.016,0.105,0.085,0.18,0.04
2018-10-17 04:00:00,0.002,0.01,0.017,0.35,0.0,0.055,0.0,0.097,0.024,0.016,0.127,0.084,0.174,0.036
2018-10-17 05:00:00,0.005,0.034,0.022,0.384,0.004,0.061,0.015,0.091,0.062,0.018,0.133,0.075,0.201,0.05
2018-10-17 06:00:00,0.006,0.039,0.012,0.424,0.033,0.067,0.003,0.098,0.042,0.01,0.175,0.102,0.274,0.052
2018-10-17 07:00:00,0.007,0.095,0.07,0.373,0.013,0.038,0.026,0.088,0.05,0.024,0.147,0.094,0.369,0.079
2018-10-17 08:00:00,0.007,0.053,0.047,0.351,0.003,0.052,0.02,0.077,0.054,0.041,0.172,0.106,0.503,0.117
2018-10-17 09:00:00,0.009,0.12,0.05,0.363,0.003,0.083,0.041,0.027,0.025,0.038,0.238,0.168,0.541,0.174
2018-10-17 10:00:00,0.01,0.116,0.053,0.349,0.01,0.084,0.019,0.007,0.025,0.013,0.253,0.115,0.551,0.166
2018-10-17 11:00:00,0.02,0.137,0.047,0.295,0.008,0.068,0.032,0.026,0.014,0.034,0.302,0.159,0.488,0.121
2018-10-17 12:00:00,0.011,0.104,0.055,0.313,0.0,0.09,0.034,0.027,0.037,0.042,0.235,0.168,0.273,0.113
2018-10-17 13:00:00,0.012,0.086,0.05,0.364,0.001,0.046,0.046,0.024,0.027,0.018,0.166,0.132,0.179,0.048
2018-10-17 14:00:00,0.019,0.084,0.038,0.373,0.001,0.05,0.049,0.027,0.032,0.018,0.161,0.117,0.312,0.055
2018-10-17 15:00:00,0.005,0.08,0.036,0.418,0.002,0.045,0.025,0.028,0.064,0.018,0.165,0.12,0.419,0.093
2018-10-17 16:00:00,0.001,0.052,0.019,0.431,0.004,0.06,0.008,0.039,0.057,0.018,0.219,0.168,0.412,0.106
2018-10-17 17:00:00,0.007,0.041,0.031,0.439,0.015,0.084,0.004,0.045,0.061,0.021,0.175,0.112,0.16,0.097
2018-10-17 18:00:00,0.002,0.043,0.064,0.436,0.004,0.082,0.003,0.059,0.097,0.023,0.15,0.083,0.154,0.11
2018-10-17 19:00:00,0.003,0.064,0.024,0.437,0.007,0.046,0.009,0.077,0.057,0.024,0.142,0.092,0.202,0.131
2018-10-17 20:00:00,0.016,0.094,0.066,0.495,0.033,0.047,0.013,0.088,0.053,0.024,0.135,0.09,0.183,0.078
2018-10-17 21:00:00,0.0,0.09,0.037,0.441,0.02,0.048,0.006,0.091,0.051,0.026,0.14,0.094,0.166,0.08
2018-10-17 22:00:00,0.001,0.042,0.015,0.327,0.001,0.029,0.006,0.096,0.052,0.026,0.133,0.106,0.164,0.047
2018-10-17 23:00:00,0.0,0.008,0.018,0.316,0.001,0.038,0.009,0.099,0.075,0.026,0.11,0.092,0.191,0.07
2018-10-18 00:00:00,0.0,0.003,0.014,0.32,0.001,0.042,0.011,0.115,0.055,0.025,0.11,0.092,0.178,0.036
2018-10-18 01:00:00,0.0,0.003,0.015,0.317,0.0,0.039,0.003,0.098,0.043,0.025,0.096,0.091,0.173,0.031
2018-10-18 02:00:00,0.003,0.004,0.016,0.293,0.0,0.039,0.0,0.098,0.044,0.024,0.1,0.097,0.159,0.031
2018-10-18 03:00:00,0.0,0.004,0.021,0.281,0.0,0.038,0.0,0.097,0.049,0.025,0.103,0.091,0.156,0.039
2018-10-18 04:00:00,0.0,0.005,0.022,0.311,0.0,0.042,0.0,0.098,0.045,0.025,0.119,0.091,0.304,0.054
2018-10-18 05:00:00,0.0,0.029,0.046,0.262,0.0,0.05,0.005,0.097,0.053,0.024,0.114,0.091,0.174,0.042
2018-10-18 06:00:00,0.0,0.04,0.018,0.301,0.0,0.094,0.006,0.097,0.056,0.024,0.119,0.093,0.167,0.053
2018-10-18 07:00:00,0.001,0.022,0.018,0.316,0.0,0.051,0.009,0.101,0.055,0.024,0.128,0.093,0.168,0.042
2018-10-18 08:00:00,0.001,0.051,0.029,0.3,0.0,0.036,0.018,0.096,0.055,0.035,0.166,0.093,0.174,0.032
2018-10-18 09:00:00,0.003,0.076,0.052,0.296,0.0,0.052,0.007,0.082,0.055,0.015,0.194,0.098,0.214,0.056
2018-10-18 10:00:00,0.004,0.083,0.069,0.3,0.0,0.067,0.007,0.073,0.056,0.018,0.208,0.106,0.261,0.031
2018-10-18 11:00:00,0.008,0.091,0.032,0.312,0.0,0.093,0.01,0.067,0.041,0.026,0.231,0.102,0.26,0.036
2018-10-18 12:00:00,0.026,0.098,0.031,0.357,0.0,0.082,0.018,0.066,0.034,0.036,0.196,0.11,0.252,0.034
2018-10-18 13:00:00,0.035,0.106,0.029,0.423,0.0,0.08,0.03,0.059,0.034,0.032,0.181,0.117,0.171,0.049
2018-10-18 14:00:00,0.025,0.12,0.023,0.532,0.0,0.098,0.045,0.053,0.034,0.028,0.198,0.115,0.247,0.061
2018-10-18 15:00:00,0.028,0.117,0.018,0.666,0.0,0.112,0.036,0.05,0.031,0.026,0.187,0.119,0.189,0.112
2018-10-18 16:00:00,0.013,0.078,0.019,0.623,0.001,0.096,0.025,0.053,0.037,0.041,0.178,0.11,0.196,0.157
2018-10-18 17:00:00,0.011,0.043,0.024,0.577,0.003,0.078,0.007,0.056,0.039,0.021,0.13,0.094,0.194,0.092
2018-10-18 18:00:00,0.012,0.038,0.019,0.466,0.003,0.093,0.01,0.073,0.062,0.023,0.129,0.084,0.321,0.103
2018-10-18 19:00:00,0.016,0.063,0.022,0.522,0.003,0.076,0.017,0.094,0.064,0.024,0.122,0.092,0.407,0.069
2018-10-18 20:00:00,0.022,0.065,0.018,0.522,0.002,0.061,0.021,0.102,0.048,0.024,0.106,0.09,0.394,0.052
2018-10-18 21:00:00,0.013,0.043,0.033,0.449,0.001,0.062,0.008,0.11,0.047,0.025,0.128,0.089,0.41,0.042
2018-10-18 22:00:00,0.005,0.017,0.017,0.375,0.0,0.05,0.008,0.099,0.046,0.025,0.121,0.091,0.358,0.036
2018-10-18 23:00:00,0.001,0.008,0.013,0.335,0.001,0.033,0.009,0.093,0.04,0.025,0.114,0.087,0.384,0.041
2018-10-19 00:00:00,0.0,0.004,0.013,0.287,0.001,0.03,0.009,0.103,0.042,0.024,0.111,0.085,0.311,0.034
2018-10-19 01:00:00,0.0,0.003,0.013,0.277,0.001,0.036,0.002,0.091,0.031,0.023,0.095,0.085,0.252,0.036
2018-10-19 02:00:00,0.003,0.004,0.012,0.263,0.0,0.034,0.0,0.091,0.029,0.017,0.1,0.084,0.246,0.03
2018-10-19 03:00:00,0.0,0.005,0.017,0.252,0.0,0.035,0.0,0.088,0.032,0.015,0.104,0.084,0.173,0.036
2018-10-19 04:00:00,0.0,0.005,0.018,0.25,0.0,0.041,0.0,0.089,0.033,0.016,0.118,0.085,0.172,0.049
2018-10-19 05:00:00,0.0,0.039,0.041,0.218,0.001,0.045,0.0,0.088,0.058,0.016,0.115,0.075,0.166,0.031
2018-10-19 06:00:00,0.0,0.037,0.013,0.283,0.015,0.035,0.001,0.087,0.054,0.015,0.12,0.111,0.168,0.032
2018-10-19 07:00:00,0.001,0.027,0.057,0.307,0.0,0.041,0.011,0.085,0.042,0.013,0.14,0.078,0.247,0.032
2018-10-19 08:00:00,0.003,0.061,0.071,0.279,0.001,0.053,0.009,0.077,0.053,0.021,0.18,0.09,0.43,0.031
2018-10-19 09:00:00,0.022,0.103,0.099,0.311,0.016,0.075,0.014,0.03,0.03,0.015,0.276,0.173,0.558,0.044
2018-10-19 10:00:00,0.072,0.134,0.131,0.378,0.021,0.093,0.042,0.014,0.03,0.017,0.304,0.257,0.6,0.091
2018-10-19 11:00:00,0.07,0.14,0.156,0.566,0.022,0.098,0.05,0.059,0.103,0.049,0.396,0.366,0.603,0.129
2018-10-19 12:00:00,0.08,0.194,0.175,1.037,0.023,0.136,0.06,0.209,0.176,0.088,0.517,0.488,0.595,0.137
2018-10-19 13:00:00,0.159,0.308,0.364,1.741,0.027,0.191,0.082,0.451,0.231,0.172,0.697,0.575,0.682,0.324
2018-10-19 14:00:00,0.249,0.608,0.493,2.48,0.027,0.272,0.107,0.637,0.31,0.332,1.08,0.774,0.826,0.495
2018-10-19 15:00:00,0.322,0.945,0.575,3.04,0.042,0.374,0.114,0.753,0.464,0.465,1.281,1.041,0.98,0.602
2018-10-19 16:00:00,0.184,0.726,0.504,2.28,0.061,0.374,0.094,0.797,0.365,0.473,1.056,0.869,0.961,0.642
2018-10-19 17:00:00,0.126,0.307,0.288,1.507,0.043,0.283,0.107,0.38,0.101,0.258,0.569,0.455,0.676,0.401
2018-10-19 18:00:00,0.115,0.217,0.119,1.425,0.038,0.295,0.073,0.147,0.14,0.09,0.343,0.264,0.543,0.345
2018-10-19 19:00:00,0.101,0.22,0.156,1.129,0.019,0.202,0.03,0.106,0.068,0.045,0.366,0.213,0.479,0.293
2018-10-19 20:00:00,0.14,0.142,0.134,0.857,0.047,0.121,0.019,0.107,0.076,0.032,0.239,0.124,0.461,0.296
2018-10-19 21:00:00,0.068,0.086,0.063,0.694,0.005,0.113,0.013,0.052,0.121,0.045,0.213,0.104,0.287,0.252
2018-10-19 22:00:00,0.02,0.044,0.054,0.606,0.003,0.092,0.007,0.14,0.073,0.054,0.155,0.101,0.169,0.148
2018-10-19 23:00:00,0.021,0.031,0.03,0.543,0.006,0.074,0.005,0.159,0.076,0.025,0.149,0.088,0.194,0.065
2018-10-20 00:00:00,0.016,0.044,0.022,0.461,0.002,0.042,0.006,0.158,0.056,0.027,0.122,0.09,0.309,0.058
2018-10-20 01:00:00,0.026,0.024,0.017,0.413,0.002,0.048,0.002,0.129,0.031,0.016,0.077,0.086,0.409,0.036
2018-10-20 02:00:00,0.02,0.024,0.016,0.35,0.002,0.047,0.0,0.134,0.022,0.007,0.086,0.141,0.443,0.02
2018-10-20 03:00:00,0.02,0.023,0.019,0.323,0.001,0.039,0.0,0.12,0.021,0.004,0.08,0.13,0.446,0.032
2018-10-20 04:00:00,0.01,0.032,0.013,0.32,0.023,0.038,0.0,0.11,0.017,0.006,0.11,0.114,1.046,0.051
2018-10-20 05:00:00,0.013,0.029,0.041,0.426,0.008,0.052,0.0,0.114,0.023,0.007,0.113,0.119,0.779,0.021
2018-10-20 06:00:00,0.027,0.056,0.023,0.438,0.019,0.055,0.02,0.12,0.027,0.006,0.142,0.109,0.484,0.024
2018-10-20 07:00:00,0.05,0.064,0.084,0.553,0.023,0.112,0.002,0.118,0.035,0.006,0.138,0.212,0.531,0.027
2018-10-20 08:00:00,0.043,0.073,0.07,0.751,0.017,0.063,0.004,0.139,0.066,0.01,0.198,0.216,0.59,0.124
2018-10-20 09:00:00,0.036,0.115,0.104,0.813,0.016,0.109,0.018,0.157,0.063,0.058,0.272,0.214,0.636,0.121
2018-10-20 10:00:00,0.087,0.142,0.295,1.136,0.024,0.186,0.079,0.406,0.063,0.041,0.237,0.264,0.69,0.122
2018-10-20 11:00:00,0.265,0.128,0.304,1.585,0.038,0.381,0.1,0.486,0.053,0.067,0.266,0.369,0.674,0.168
2018-10-20 12:00:00,0.529,0.154,0.291,3.108,0.051,0.473,0.153,0.513,0.139,0.157,0.415,0.474,0.551,0.165
2018-10-20 13:00:00,0.809,0.188,0.525,4.605,0.086,0.593,0.231,0.68,0.269,0.352,0.65,0.603,0.437,0.382
2018-10-20 14:00:00,0.942,0.23,0.605,5.815,0.189,0.719,0.313,0.749,0.373,0.452,1.056,0.797,0.644,0.436
2018-10-20 15:00:00,0.998,0.355,0.693,6.236,0.134,0.819,0.364,0.901,0.402,0.533,1.198,0.963,0.861,0.547
2018-10-20 16:00:00,0.711,0.346,0.55,4.811,0.158,0.714,0.301,0.693,0.371,0.475,1.084,0.916,0.877,0.656
2018-10-20 17:00:00,0.381,0.146,0.295,2.73,0.117,0.557,0.132,0.191,0.188,0.18,0.585,0.465,0.795,0.415
2018-10-20 18:00:00,0.288,0.117,0.267,1.963,0.09,0.436,0.056,0.112,0.135,0.105,0.326,0.311,0.588,0.264
2018-10-20 19:00:00,0.234,0.106,0.226,1.522,0.088,0.31,0.039,0.078,0.111,0.105,0.241,0.224,0.373,0.21
2018-10-20 20:00:00,0.166,0.106,0.141,1.243,0.079,0.203,0.024,0.058,0.063,0.033,0.217,0.187,0.184,0.176
2018-10-20 21:00:00,0.101,0.115,0.102,0.893,0.021,0.145,0.014,0.051,0.07,0.03,0.223,0.184,0.191,0.135
2018-10-20 22:00:00,0.1,0.079,0.033,0.607,0.007,0.074,0.009,0.061,0.05,0.035,0.153,0.104,0.181,0.071
2018-10-20 23:00:00,0.019,0.034,0.023,0.553,0.002,0.049,0.008,0.067,0.068,0.037,0.103,0.088,0.19,0.079
2018-10-21 00:00:00,0.022,0.026,0.016,0.378,0.002,0.043,0.007,0.103,0.059,0.034,0.101,0.087,0.161,0.034
2018-10-21 01:00:00,0.017,0.024,0.013,0.319,0.002,0.043,0.002,0.09,0.037,0.028,0.081,0.089,0.171,0.029
2018-10-21 02:00:00,0.005,0.017,0.011,0.313,0.001,0.036,0.0,0.094,0.03,0.014,0.091,0.118,0.156,0.025
2018-10-21 03:00:00,0.0,0.018,0.015,0.34,0.0,0.034,0.0,0.089,0.029,0.015,0.085,0.098,0.194,0.029
2018-10-21 04:00:00,0.001,0.018,0.016,0.33,0.0,0.034,0.0,0.089,0.03,0.018,0.104,0.093,0.173,0.063
2018-10-21 05:00:00,0.0,0.011,0.016,0.307,0.0,0.036,0.0,0.089,0.048,0.018,0.086,0.084,0.14,0.039
2018-10-21 06:00:00,0.002,0.018,0.042,0.283,0.0,0.058,0.003,0.089,0.042,0.019,0.092,0.115,0.455,0.091
2018-10-21 07:00:00,0.013,0.045,0.082,0.288,0.0,0.059,0.003,0.089,0.049,0.02,0.097,0.081,0.273,0.081
2018-10-21 08:00:00,0.017,0.06,0.019,0.327,0.015,0.056,0.001,0.089,0.04,0.019,0.11,0.086,0.158,0.031
2018-10-21 09:00:00,0.041,0.07,0.026,0.322,0.018,0.067,0.0,0.087,0.04,0.021,0.12,0.089,0.158,0.068
2018-10-21 10:00:00,0.022,0.079,0.018,0.292,0.007,0.047,0.0,0.083,0.036,0.022,0.128,0.088,0.198,0.044
2018-10-21 11:00:00,0.0,0.078,0.017,0.245,0.001,0.043,0.0,0.083,0.043,0.023,0.142,0.086,0.183,0.063
2018-10-21 12:00:00,0.0,0.108,0.017,0.232,0.0,0.04,0.0,0.081,0.047,0.023,0.138,0.088,0.186,0.047
2018-10-21 13:00:00,0.0,0.09,0.018,0.244,0.0,0.045,0.0,0.085,0.045,0.023,0.123,0.087,0.163,0.034
2018-10-21 14:00:00,0.007,0.109,0.016,0.235,0.0,0.041,0.009,0.077,0.048,0.022,0.118,0.086,0.187,0.028
2018-10-21 15:00:00,0.003,0.117,0.017,0.255,0.0,0.037,0.0,0.081,0.044,0.022,0.112,0.093,0.248,0.038
2018-10-21 16:00:00,0.0,0.068,0.02,0.258,0.0,0.031,0.019,0.088,0.051,0.022,0.1,0.086,0.163,0.074
2018-10-21 17:00:00,0.005,0.045,0.021,0.294,0.0,0.037,0.026,0.087,0.054,0.023,0.078,0.086,0.191,0.101
2018-10-21 18:00:00,0.0,0.05,0.025,0.31,0.009,0.045,0.026,0.088,0.071,0.023,0.085,0.085,0.157,0.086
2018-10-21 19:00:00,0.004,0.025,0.019,0.301,0.001,0.056,0.046,0.09,0.095,0.024,0.101,0.072,0.161,0.057
2018-10-21 20:00:00,0.003,0.025,0.021,0.295,0.004,0.052,0.027,0.091,0.052,0.024,0.079,0.103,0.163,0.062
2018-10-21 21:00:00,0.003,0.022,0.032,0.305,0.001,0.064,0.013,0.093,0.045,0.024,0.087,0.085,0.168,0.09
2018-10-21 22:00:00,0.001,0.016,0.025,0.292,0.014,0.086,0.013,0.092,0.046,0.024,0.087,0.089,0.179,0.05
2018-10-21 23:00:00,0.0,0.007,0.013,0.288,0.0,0.069,0.015,0.094,0.056,0.028,0.087,0.085,0.3,0.032
2018-10-22 00:00:00,0.0,0.003,0.014,0.266,0.0,0.038,0.015,0.106,0.047,0.024,0.1,0.084,0.349,0.033
2018-10-22 01:00:00,0.0,0.001,0.014,0.254,0.0,0.036,0.004,0.092,0.036,0.024,0.092,0.084,0.264,0.03
2018-10-22 02:00:00,0.003,0.003,0.014,0.234,0.0,0.029,0.0,0.093,0.033,0.02,0.095,0.084,0.169,0.03
2018-10-22 03:00:00,0.0,0.004,0.019,0.244,0.0,0.029,0.0,0.09,0.027,0.019,0.096,0.084,0.167,0.036
2018-10-22 04:00:00,0.012,0.008,0.019,0.228,0.0,0.05,0.0,0.091,0.019,0.02,0.107,0.086,0.169,0.031
2018-10-22 05:00:00,0.0,0.021,0.016,0.226,0.028,0.075,0.0,0.091,0.047,0.02,0.107,0.075,0.169,0.045
2018-10-22 06:00:00,0.006,0.021,0.014,0.256,0.0,0.075,0.002,0.09,0.06,0.02,0.122,0.066,0.173,0.044
2018-10-22 07:00:00,0.009,0.019,0.018,0.262,0.0,0.04,0.008,0.09,0.034,0.019,0.119,0.081,0.197,0.038
2018-10-22 08:00:00,0.019,0.047,0.013,0.284,0.0,0.027,0.008,0.088,0.028,0.016,0.155,0.078,0.428,0.056
2018-10-22 09:00:00,0.0,0.065,0.01,0.305,0.0,0.038,0.008,0.069,0.023,0.015,0.191,0.141,0.563,0.025
2018-10-22 10:00:00,0.0,0.148,0.017,0.244,0.0,0.023,0.008,0.055,0.043,0.018,0.194,0.074,0.465,0.026
2018-10-22 11:00:00,0.003,0.125,0.015,0.209,0.0,0.041,0.026,0.046,0.018,0.02,0.216,0.078,0.467,0.034
2018-10-22 12:00:00,0.006,0.08,0.019,0.22,0.0,0.031,0.019,0.04,0.012,0.02,0.166,0.086,0.219,0.044
2018-10-22 13:00:00,0.0,0.077,0.017,0.271,0.0,0.029,0.023,0.04,0.01,0.019,0.138,0.093,0.177,0.058
2018-10-22 14:00:00,0.004,0.075,0.018,0.298,0.0,0.049,0.008,0.041,0.013,0.019,0.133,0.1,0.193,0.032
2018-10-22 15:00:00,0.007,0.074,0.019,0.336,0.002,0.06,0.008,0.055,0.02,0.018,0.135,0.098,0.146,0.032
2018-10-22 16:00:00,0.001,0.067,0.018,0.317,0.003,0.041,0.002,0.045,0.023,0.019,0.132,0.085,0.302,0.049
2018-10-22 17:00:00,0.007,0.037,0.023,0.406,0.004,0.043,0.006,0.048,0.019,0.023,0.126,0.077,0.363,0.059
2018-10-22 18:00:00,0.057,0.042,0.039,0.389,0.004,0.047,0.009,0.056,0.045,0.022,0.118,0.064,0.41,0.089
2018-10-22 19:00:00,0.026,0.04,0.053,0.406,0.003,0.054,0.011,0.07,0.036,0.023,0.121,0.069,0.428,0.131
2018-10-22 20:00:00,0.048,0.035,0.092,0.443,0.003,0.052,0.035,0.075,0.028,0.023,0.137,0.078,0.394,0.102
2018-10-22 21:00:00,0.013,0.025,0.059,0.372,0.002,0.042,0.022,0.077,0.023,0.024,0.186,0.13,0.394,0.069
2018-10-22 22:00:00,0.005,0.019,0.037,0.285,0.0,0.069,0.001,0.078,0.026,0.024,0.131,0.117,0.377,0.065
2018-10-22 23:00:00,0.004,0.009,0.04,0.271,0.001,0.033,0.012,0.079,0.047,0.024,0.101,0.08,0.371,0.031
2018-10-23 00:00:00,0.004,0.006,0.013,0.261,0.001,0.027,0.004,0.103,0.03,0.023,0.097,0.078,0.376,0.031
2018-10-23 01:00:00,0.0,0.003,0.013,0.264,0.001,0.036,0.001,0.089,0.019,0.023,0.08,0.076,0.382,0.033
2018-10-23 02:00:00,0.003,0.007,0.013,0.243,0.001,0.03,0.0,0.089,0.017,0.014,0.091,0.083,0.368,0.03
2018-10-23 03:00:00,0.0,0.008,0.016,0.209,0.0,0.026,0.001,0.085,0.021,0.013,0.114,0.077,0.349,0.034
2018-10-23 04:00:00,0.001,0.009,0.017,0.224,0.0,0.031,0.012,0.087,0.02,0.016,0.124,0.112,0.686,0.045
2018-10-23 05:00:00,0.017,0.008,0.021,0.215,0.014,0.033,0.01,0.087,0.062,0.016,0.118,0.097,0.487,0.044
2018-10-23 06:00:00,0.006,0.017,0.051,0.268,0.0,0.071,0.014,0.086,0.049,0.016,0.124,0.067,0.328,0.074
2018-10-23 07:00:00,0.002,0.02,0.048,0.276,0.0,0.045,0.013,0.086,0.068,0.016,0.131,0.07,0.264,0.026
2018-10-23 08:00:00,0.011,0.05,0.04,0.264,0.0,0.048,0.031,0.085,0.038,0.013,0.175,0.066,0.311,0.027
2018-10-23 09:00:00,0.033,0.071,0.076,0.296,0.0,0.089,0.015,0.036,0.04,0.009,0.184,0.093,0.417,0.046
2018-10-23 10:00:00,0.034,0.134,0.123,0.378,0.003,0.129,0.028,0.016,0.028,0.015,0.193,0.09,0.306,0.027
2018-10-23 11:00:00,0.051,0.09,0.091,0.273,0.0,0.109,0.019,0.018,0.004,0.02,0.204,0.069,0.332,0.029
2018-10-23 12:00:00,0.026,0.076,0.055,0.279,0.0,0.087,0.015,0.013,0.002,0.014,0.171,0.082,0.493,0.026
2018-10-23 13:00:00,0.02,0.092,0.06,0.317,0.0,0.078,0.014,0.019,0.012,0.014,0.157,0.094,0.552,0.032
2018-10-23 14:00:00,0.026,0.098,0.044,0.383,0.0,0.057,0.01,0.028,0.022,0.016,0.158,0.095,0.439,0.035
2018-10-23 15:00:00,0.015,0.125,0.037,0.473,0.001,0.045,0.008,0.036,0.018,0.024,0.155,0.099,0.411,0.02
2018-10-23 16:00:00,0.0,0.083,0.018,0.436,0.003,0.058,0.0,0.057,0.03,0.019,0.164,0.092,0.375,0.055
2018-10-23 17:00:00,0.025,0.047,0.028,0.434,0.004,0.067,0.002,0.047,0.03,0.021,0.128,0.091,0.272,0.054
2018-10-23 18:00:00,0.019,0.051,0.034,0.394,0.003,0.064,0.002,0.047,0.056,0.022,0.114,0.068,0.129,0.057
2018-10-23 19:00:00,0.014,0.056,0.031,0.41,0.003,0.066,0.028,0.058,0.051,0.023,0.137,0.071,0.152,0.124
2018-10-23 20:00:00,0.014,0.058,0.019,0.468,0.002,0.061,0.022,0.064,0.033,0.024,0.138,0.074,0.15,0.123
2018-10-23 21:00:00,0.01,0.057,0.015,0.403,0.001,0.07,0.002,0.065,0.024,0.025,0.122,0.083,0.148,0.069
2018-10-23 22:00:00,0.004,0.03,0.027,0.306,0.001,0.046,0.0,0.064,0.029,0.025,0.125,0.087,0.15,0.073
2018-10-23 23:00:00,0.001,0.013,0.013,0.311,0.001,0.035,0.0,0.065,0.046,0.025,0.115,0.08,0.142,0.041
2018-10-24 00:00:00,0.0,0.008,0.011,0.27,0.001,0.032,0.0,0.101,0.028,0.024,0.125,0.078,0.144,0.029
2018-10-24 01:00:00,0.0,0.003,0.011,0.257,0.001,0.041,0.0,0.087,0.011,0.024,0.088,0.077,0.157,0.022
2018-10-24 02:00:00,0.004,0.006,0.025,0.235,0.001,0.033,0.0,0.089,0.01,0.01,0.092,0.083,0.157,0.021
2018-10-24 03:00:00,0.0,0.006,0.037,0.224,0.0,0.031,0.0,0.083,0.018,0.01,0.095,0.079,0.139,0.044
2018-10-24 04:00:00,0.001,0.007,0.016,0.227,0.005,0.035,0.0,0.084,0.019,0.013,0.111,0.081,0.718,0.031
2018-10-24 05:00:00,0.019,0.008,0.011,0.197,0.006,0.03,0.02,0.086,0.04,0.013,0.111,0.056,0.656,0.082
2018-10-24 06:00:00,0.001,0.017,0.04,0.286,0.011,0.035,0.0,0.085,0.037,0.016,0.118,0.057,0.299,0.025
2018-10-24 07:00:00,0.032,0.021,0.03,0.289,0.026,0.061,0.013,0.087,0.035,0.017,0.121,0.07,0.164,0.026
2018-10-24 08:00:00,0.012,0.056,0.025,0.274,0.0,0.03,0.008,0.086,0.036,0.015,0.149,0.072,0.19,0.027
2018-10-24 09:00:00,0.0,0.063,0.018,0.287,0.008,0.04,0.014,0.064,0.034,0.017,0.173,0.105,0.158,0.026
2018-10-24 10:00:00,0.0,0.065,0.01,0.276,0.0,0.029,0.007,0.057,0.039,0.021,0.171,0.075,0.183,0.026
2018-10-24 11:00:00,0.0,0.066,0.01,0.253,0.0,0.024,0.001,0.056,0.032,0.023,0.225,0.081,0.16,0.027
2018-10-24 12:00:00,0.0,0.067,0.01,0.253,0.0,0.026,0.019,0.054,0.03,0.023,0.164,0.092,0.202,0.025
2018-10-24 13:00:00,0.0,0.068,0.014,0.303,0.0,0.024,0.009,0.054,0.033,0.023,0.154,0.099,0.159,0.027
2018-10-24 14:00:00,0.0,0.07,0.016,0.309,0.0,0.033,0.0,0.052,0.036,0.023,0.127,0.094,0.138,0.047
2018-10-24 15:00:00,0.014,0.07,0.012,0.3,0.001,0.066,0.001,0.052,0.034,0.023,0.132,0.1,0.161,0.022
2018-10-24 16:00:00,0.005,0.041,0.063,0.292,0.002,0.061,0.002,0.056,0.039,0.023,0.113,0.095,0.242,0.041
2018-10-24 17:00:00,0.034,0.029,0.035,0.31,0.003,0.048,0.012,0.051,0.035,0.023,0.119,0.089,0.2,0.066
2018-10-24 18:00:00,0.0,0.031,0.023,0.347,0.013,0.065,0.014,0.06,0.047,0.024,0.093,0.076,0.143,0.1
2018-10-24 19:00:00,0.004,0.029,0.035,0.378,0.012,0.064,0.01,0.076,0.056,0.025,0.114,0.081,0.147,0.075
2018-10-24 20:00:00,0.0,0.024,0.015,0.384,0.003,0.06,0.009,0.087,0.051,0.025,0.101,0.086,0.166,0.055
2018-10-24 21:00:00,0.0,0.019,0.013,0.393,0.001,0.058,0.002,0.086,0.051,0.026,0.165,0.086,0.166,0.05
2018-10-24 22:00:00,0.0,0.015,0.013,0.304,0.001,0.032,0.0,0.089,0.036,0.027,0.11,0.104,0.186,0.064
2018-10-24 23:00:00,0.0,0.008,0.015,0.28,0.008,0.02,0.0,0.086,0.038,0.026,0.098,0.071,0.164,0.042
2018-10-25 00:00:00,0.0,0.003,0.013,0.252,0.001,0.027,0.0,0.105,0.026,0.025,0.097,0.084,0.16,0.033
2018-10-25 01:00:00,0.0,0.002,0.012,0.241,0.001,0.036,0.0,0.089,0.019,0.025,0.081,0.084,0.218,0.025
2018-10-25 02:00:00,0.003,0.004,0.013,0.218,0.0,0.033,0.0,0.095,0.019,0.016,0.092,0.084,0.159,0.024
2018-10-25 03:00:00,0.0,0.005,0.017,0.246,0.0,0.032,0.0,0.088,0.025,0.016,0.096,0.084,0.164,0.046
2018-10-25 04:00:00,0.0,0.005,0.017,0.213,0.0,0.038,0.0,0.092,0.025,0.017,0.106,0.073,0.242,0.057
2018-10-25 05:00:00,0.0,0.005,0.011,0.185,0.016,0.058,0.0,0.095,0.044,0.015,0.12,0.071,0.289,0.039
2018-10-25 06:00:00,0.0,0.015,0.011,0.228,0.0,0.067,0.007,0.088,0.042,0.015,0.116,0.075,0.309,0.089
2018-10-25 07:00:00,0.025,0.018,0.013,0.295,0.016,0.069,0.0,0.093,0.044,0.018,0.117,0.093,0.318,0.058
2018-10-25 08:00:00,0.034,0.068,0.012,0.297,0.01,0.082,0.004,0.089,0.043,0.017,0.142,0.082,0.417,0.036
2018-10-25 09:00:00,0.0,0.101,0.013,0.276,0.004,0.018,0.008,0.069,0.039,0.018,0.167,0.088,0.344,0.051
2018-10-25 10:00:00,0.0,0.064,0.02,0.299,0.006,0.015,0.022,0.058,0.044,0.022,0.166,0.085,0.287,0.062
2018-10-25 11:00:00,0.0,0.076,0.012,0.269,0.0,0.017,0.009,0.063,0.04,0.023,0.168,0.09,0.3,0.031
2018-10-25 12:00:00,0.0,0.067,0.011,0.238,0.0,0.04,0.018,0.071,0.04,0.024,0.149,0.103,0.322,0.032
2018-10-25 13:00:00,0.0,0.068,0.017,0.276,0.0,0.026,0.007,0.077,0.044,0.024,0.127,0.109,0.155,0.033
2018-10-25 14:00:00,0.0,0.068,0.017,0.334,0.0,0.033,0.002,0.073,0.047,0.024,0.117,0.105,0.261,0.027
2018-10-25 15:00:00,0.0,0.071,0.017,0.312,0.0,0.03,0.0,0.077,0.044,0.023,0.116,0.11,0.164,0.025
2018-10-25 16:00:00,0.0,0.037,0.018,0.297,0.001,0.03,0.007,0.084,0.046,0.024,0.103,0.101,0.236,0.031
2018-10-25 17:00:00,0.005,0.024,0.017,0.31,0.002,0.03,0.012,0.077,0.041,0.023,0.094,0.095,0.134,0.046
2018-10-25 18:00:00,0.0,0.027,0.013,0.33,0.002,0.031,0.012,0.079,0.051,0.024,0.086,0.086,0.14,0.059
2018-10-25 19:00:00,0.012,0.025,0.022,0.355,0.018,0.035,0.01,0.083,0.046,0.026,0.094,0.088,0.159,0.039
2018-10-25 20:00:00,0.021,0.027,0.015,0.33,0.001,0.033,0.011,0.086,0.026,0.027,0.092,0.086,0.145,0.042
2018-10-25 21:00:00,0.011,0.016,0.012,0.324,0.001,0.043,0.003,0.085,0.024,0.031,0.109,0.085,0.146,0.035
2018-10-25 22:00:00,0.0,0.033,0.013,0.229,0.0,0.034,0.0,0.085,0.023,0.025,0.104,0.088,0.154,0.031
2018-10-25 23:00:00,0.0,0.006,0.014,0.236,0.001,0.029,0.0,0.088,0.038,0.025,0.096,0.084,0.153,0.031
2018-10-26 00:00:00,0.0,0.002,0.014,0.228,0.0,0.03,0.0,0.101,0.029,0.025,0.093,0.084,0.148,0.031
2018-10-26 01:00:00,0.0,0.001,0.015,0.223,0.0,0.035,0.0,0.091,0.027,0.025,0.081,0.084,0.157,0.027
2018-10-26 02:00:00,0.003,0.003,0.015,0.201,0.0,0.033,0.0,0.091,0.028,0.02,0.091,0.084,0.183,0.027
2018-10-26 03:00:00,0.0,0.003,0.018,0.22,0.0,0.03,0.0,0.089,0.03,0.019,0.093,0.084,0.207,0.035
2018-10-26 04:00:00,0.0,0.004,0.017,0.201,0.0,0.031,0.0,0.09,0.031,0.02,0.104,0.084,0.179,0.031
2018-10-26 05:00:00,0.0,0.006,0.013,0.18,0.021,0.032,0.0,0.089,0.048,0.018,0.106,0.07,0.152,0.061
2018-10-26 06:00:00,0.0,0.013,0.012,0.285,0.0,0.052,0.005,0.088,0.048,0.019,0.132,0.06,0.165,0.07
2018-10-26 07:00:00,0.001,0.017,0.008,0.231,0.0,0.017,0.007,0.088,0.043,0.017,0.143,0.073,0.159,0.027
2018-10-26 08:00:00,0.002,0.048,0.016,0.206,0.002,0.018,0.0,0.087,0.035,0.013,0.15,0.072,0.18,0.05
2018-10-26 09:00:00,0.007,0.074,0.056,0.214,0.0,0.036,0.001,0.046,0.022,0.011,0.185,0.108,0.225,0.047
2018-10-26 10:00:00,0.016,0.081,0.077,0.257,0.001,0.071,0.004,0.032,0.016,0.016,0.182,0.137,0.268,0.043
2018-10-26 11:00:00,0.03,0.078,0.089,0.373,0.0,0.102,0.023,0.037,0.019,0.026,0.189,0.196,0.241,0.044
2018-10-26 12:00:00,0.031,0.077,0.087,0.501,0.002,0.099,0.02,0.034,0.078,0.022,0.179,0.244,0.283,0.039
2018-10-26 13:00:00,0.036,0.079,0.086,0.833,0.0,0.105,0.043,0.03,0.101,0.032,0.167,0.226,0.166,0.071
2018-10-26 14:00:00,0.052,0.092,0.079,1.05,0.0,0.146,0.075,0.025,0.045,0.046,0.161,0.219,0.21,0.131
2018-10-26 15:00:00,0.045,0.089,0.078,1.156,0.004,0.148,0.013,0.043,0.008,0.035,0.163,0.204,0.153,0.161
2018-10-26 16:00:00,0.031,0.051,0.044,0.97,0.033,0.174,0.005,0.045,0.031,0.018,0.191,0.144,0.228,0.152
2018-10-26 17:00:00,0.018,0.029,0.035,0.503,0.017,0.105,0.002,0.038,0.012,0.027,0.12,0.079,0.379,0.11
2018-10-26 18:00:00,0.022,0.03,0.047,0.379,0.004,0.071,0.0,0.062,0.045,0.027,0.083,0.072,0.402,0.077
2018-10-26 19:00:00,0.015,0.029,0.048,0.376,0.003,0.06,0.003,0.082,0.059,0.025,0.101,0.082,0.38,0.061
2018-10-26 20:00:00,0.012,0.027,0.017,0.405,0.002,0.057,0.009,0.094,0.042,0.026,0.096,0.089,0.368,0.064
2018-10-26 21:00:00,0.005,0.019,0.014,0.399,0.001,0.028,0.006,0.099,0.038,0.025,0.116,0.087,0.39,0.055
2018-10-26 22:00:00,0.003,0.016,0.011,0.293,0.0,0.029,0.002,0.094,0.04,0.025,0.121,0.088,0.362,0.041
2018-10-26 23:00:00,0.0,0.007,0.014,0.303,0.001,0.03,0.004,0.094,0.054,0.025,0.095,0.086,0.364,0.034
2018-10-27 00:00:00,0.0,0.002,0.014,0.296,0.001,0.03,0.006,0.101,0.038,0.024,0.078,0.085,0.34,0.034
2018-10-27 01:00:00,0.0,0.002,0.015,0.284,0.001,0.052,0.001,0.091,0.032,0.024,0.055,0.084,0.333,0.029
2018-10-27 02:00:00,0.003,0.003,0.015,0.23,0.0,0.033,0.0,0.091,0.031,0.022,0.066,0.084,0.287,0.028
2018-10-27 03:00:00,0.0,0.002,0.019,0.217,0.0,0.03,0.0,0.09,0.033,0.022,0.066,0.084,0.296,0.03
2018-10-27 04:00:00,0.002,0.005,0.019,0.205,0.0,0.029,0.0,0.09,0.03,0.022,0.083,0.094,0.284,0.03
2018-10-27 05:00:00,0.001,0.006,0.018,0.214,0.0,0.027,0.0,0.089,0.041,0.019,0.084,0.079,0.313,0.038
2018-10-27 06:00:00,0.01,0.015,0.018,0.29,0.0,0.06,0.0,0.088,0.047,0.018,0.093,0.068,0.274,0.067
2018-10-27 07:00:00,0.01,0.022,0.017,0.262,0.0,0.052,0.0,0.087,0.038,0.013,0.086,0.065,0.292,0.038
2018-10-27 08:00:00,0.03,0.047,0.015,0.283,0.0,0.064,0.011,0.085,0.044,0.015,0.117,0.077,0.421,0.045
2018-10-27 09:00:00,0.017,0.062,0.063,0.246,0.0,0.068,0.005,0.065,0.03,0.014,0.122,0.07,0.396,0.027
2018-10-27 10:00:00,0.025,0.071,0.062,0.26,0.034,0.072,0.016,0.055,0.03,0.018,0.162,0.071,0.368,0.029
2018-10-27 11:00:00,0.022,0.074,0.022,0.232,0.004,0.062,0.0,0.05,0.062,0.02,0.161,0.069,0.353,0.03
2018-10-27 12:00:00,0.003,0.067,0.014,0.244,0.0,0.049,0.0,0.054,0.063,0.021,0.151,0.068,0.232,0.032
2018-10-27 13:00:00,0.001,0.067,0.014,0.308,0.0,0.027,0.0,0.056,0.049,0.021,0.121,0.062,0.247,0.03
2018-10-27 14:00:00,0.0,0.069,0.015,0.257,0.0,0.039,0.0,0.061,0.033,0.021,0.113,0.055,0.273,0.027
2018-10-27 15:00:00,0.0,0.08,0.021,0.259,0.002,0.051,0.0,0.066,0.028,0.021,0.108,0.064,0.16,0.038
2018-10-27 16:00:00,0.001,0.046,0.016,0.244,0.004,0.073,0.007,0.07,0.032,0.028,0.091,0.086,0.138,0.071
2018-10-27 17:00:00,0.013,0.04,0.016,0.282,0.005,0.052,0.012,0.069,0.027,0.027,0.081,0.097,0.135,0.076
2018-10-27 18:00:00,0.012,0.045,0.011,0.292,0.005,0.07,0.026,0.067,0.058,0.022,0.099,0.086,0.135,0.07
2018-10-27 19:00:00,0.002,0.045,0.016,0.322,0.004,0.047,0.011,0.069,0.044,0.023,0.099,0.088,0.134,0.06
2018-10-27 20:00:00,0.018,0.042,0.012,0.351,0.003,0.039,0.022,0.072,0.024,0.025,0.153,0.093,0.14,0.072
2018-10-27 21:00:00,0.003,0.033,0.012,0.365,0.002,0.032,0.003,0.069,0.019,0.025,0.077,0.086,0.141,0.106
2018-10-27 22:00:00,0.001,0.029,0.027,0.32,0.002,0.03,0.0,0.072,0.018,0.025,0.089,0.089,0.151,0.044
2018-10-27 23:00:00,0.0,0.014,0.013,0.281,0.001,0.024,0.0,0.072,0.035,0.024,0.057,0.082,0.15,0.027
2018-10-28 00:00:00,0.0,0.006,0.011,0.243,0.001,0.024,0.0,0.098,0.016,0.023,0.058,0.079,0.135,0.026
2018-10-28 01:00:00,0.0,0.007,0.011,0.226,0.0,0.032,0.0,0.085,0.013,0.023,0.048,0.078,0.144,0.02
2018-10-28 02:00:00,0.003,0.006,0.011,0.205,0.0,0.026,0.0,0.085,0.013,0.011,0.062,0.08,0.13,0.018
2018-10-28 03:00:00,0.0,0.007,0.015,0.193,0.0,0.023,0.0,0.084,0.016,0.01,0.065,0.101,0.132,0.025
2018-10-28 04:00:00,0.001,0.008,0.015,0.183,0.0,0.023,0.0,0.083,0.013,0.012,0.085,0.077,0.133,0.022
2018-10-28 05:00:00,0.001,0.005,0.015,0.174,0.0,0.022,0.0,0.081,0.015,0.011,0.076,0.049,0.137,0.02
2018-10-28 06:00:00,0.001,0.015,0.013,0.267,0.022,0.09,0.014,0.087,0.065,0.012,0.093,0.064,0.609,0.019
2018-10-28 07:00:00,0.001,0.019,0.019,0.251,0.002,0.062,0.0,0.106,0.039,0.011,0.08,0.05,0.579,0.023
2018-10-28 08:00:00,0.001,0.087,0.061,0.215,0.0,0.022,0.0,0.089,0.026,0.008,0.097,0.091,0.374,0.051
2018-10-28 09:00:00,0.017,0.068,0.02,0.239,0.018,0.018,0.0,0.026,0.022,0.023,0.119,0.049,0.423,0.033
2018-10-28 10:00:00,0.005,0.078,0.081,0.224,0.025,0.025,0.009,0.029,0.007,0.015,0.109,0.062,0.411,0.037
2018-10-28 11:00:00,0.013,0.125,0.049,0.157,0.032,0.027,0.0,0.026,0.005,0.031,0.124,0.044,0.44,0.045
2018-10-28 12:00:00,0.004,0.07,0.037,0.142,0.02,0.054,0.0,0.015,0.009,0.021,0.117,0.044,0.393,0.073
2018-10-28 13:00:00,0.0,0.091,0.024,0.161,0.021,0.054,0.0,0.014,0.004,0.021,0.158,0.044,0.372,0.04
2018-10-28 14:00:00,0.0,0.078,0.028,0.158,0.018,0.042,0.0,0.036,0.009,0.021,0.121,0.047,0.374,0.016
2018-10-28 15:00:00,0.0,0.081,0.029,0.172,0.0,0.071,0.0,0.017,0.004,0.033,0.104,0.052,0.356,0.068
2018-10-28 16:00:00,0.0,0.049,0.028,0.174,0.0,0.058,0.0,0.019,0.015,0.028,0.083,0.055,0.337,0.091
2018-10-28 17:00:00,0.011,0.033,0.03,0.253,0.0,0.065,0.0,0.029,0.016,0.021,0.065,0.069,0.33,0.09
2018-10-28 18:00:00,0.0,0.03,0.024,0.285,0.0,0.075,0.0,0.035,0.04,0.022,0.06,0.052,0.343,0.045
2018-10-28 19:00:00,0.014,0.027,0.058,0.293,0.006,0.073,0.0,0.039,0.052,0.023,0.087,0.058,0.368,0.111
2018-10-28 20:00:00,0.017,0.025,0.065,0.323,0.011,0.062,0.005,0.047,0.042,0.023,0.091,0.086,0.238,0.026
2018-10-28 21:00:00,0.01,0.019,0.062,0.372,0.003,0.056,0.0,0.048,0.023,0.023,0.074,0.075,0.202,0.031
2018-10-28 22:00:00,0.009,0.021,0.048,0.285,0.0,0.04,0.0,0.05,0.009,0.028,0.068,0.079,0.167,0.024
2018-10-28 23:00:00,0.002,0.007,0.046,0.248,0.001,0.027,0.0,0.053,0.036,0.024,0.064,0.064,0.154,0.037
2018-10-29 00:00:00,0.0,0.006,0.013,0.232,0.001,0.026,0.0,0.098,0.023,0.023,0.079,0.071,0.139,0.03
2018-10-29 01:00:00,0.0,0.002,0.011,0.225,0.0,0.033,0.0,0.085,0.018,0.019,0.067,0.07,0.151,0.021
2018-10-29 02:00:00,0.004,0.006,0.009,0.2,0.0,0.026,0.0,0.087,0.02,0.006,0.081,0.075,0.135,0.03
2018-10-29 03:00:00,0.0,0.006,0.034,0.255,0.0,0.023,0.0,0.081,0.009,0.012,0.087,0.071,0.211,0.057
2018-10-29 04:00:00,0.002,0.008,0.042,0.257,0.031,0.03,0.0,0.082,0.03,0.009,0.113,0.073,0.799,0.047
2018-10-29 05:00:00,0.001,0.009,0.057,0.336,0.005,0.026,0.0,0.091,0.059,0.006,0.108,0.046,0.642,0.053
2018-10-29 06:00:00,0.027,0.018,0.036,0.333,0.006,0.061,0.023,0.075,0.046,0.007,0.117,0.049,0.398,0.039
2018-10-29 07:00:00,0.027,0.046,0.08,0.241,0.0,0.053,0.005,0.073,0.051,0.007,0.127,0.056,0.397,0.043
2018-10-29 08:00:00,0.01,0.061,0.072,0.215,0.0,0.06,0.0,0.071,0.052,0.005,0.145,0.055,0.458,0.033
2018-10-29 09:00:00,0.019,0.082,0.057,0.242,0.0,0.039,0.015,0.023,0.029,0.006,0.169,0.072,0.471,0.043
2018-10-29 10:00:00,0.032,0.075,0.056,0.255,0.0,0.088,0.014,0.012,0.044,0.014,0.184,0.055,0.496,0.057
2018-10-29 11:00:00,0.035,0.093,0.044,0.298,0.0,0.112,0.014,0.019,0.006,0.02,0.192,0.06,0.493,0.081
2018-10-29 12:00:00,0.022,0.109,0.035,0.264,0.022,0.084,0.015,0.007,0.008,0.016,0.166,0.082,0.499,0.021
2018-10-29 13:00:00,0.029,0.073,0.033,0.347,0.013,0.047,0.015,0.006,0.007,0.013,0.139,0.099,0.494,0.022
2018-10-29 14:00:00,0.026,0.075,0.034,0.35,0.009,0.047,0.012,0.005,0.005,0.009,0.126,0.104,0.395,0.022
2018-10-29 15:00:00,0.009,0.076,0.034,0.317,0.003,0.049,0.009,0.014,0.004,0.006,0.128,0.106,0.248,0.012
2018-10-29 16:00:00,0.002,0.046,0.026,0.36,0.005,0.046,0.0,0.01,0.006,0.011,0.119,0.095,0.175,0.06
2018-10-29 17:00:00,0.021,0.034,0.065,0.458,0.007,0.07,0.0,0.01,0.025,0.012,0.114,0.065,0.122,0.058
2018-10-29 18:00:00,0.005,0.036,0.034,0.417,0.016,0.091,0.0,0.013,0.066,0.017,0.096,0.05,0.126,0.063
2018-10-29 19:00:00,0.018,0.036,0.038,0.446,0.032,0.103,0.003,0.028,0.03,0.019,0.134,0.057,0.141,0.069
2018-10-29 20:00:00,0.023,0.054,0.039,0.489,0.004,0.075,0.0,0.042,0.015,0.023,0.12,0.1,0.217,0.064
2018-10-29 21:00:00,0.004,0.023,0.021,0.534,0.003,0.121,0.0,0.052,0.031,0.025,0.134,0.081,0.154,0.054
2018-10-29 22:00:00,0.001,0.018,0.02,0.349,0.001,0.067,0.0,0.054,0.014,0.026,0.099,0.086,0.146,0.04
2018-10-29 23:00:00,0.001,0.008,0.011,0.313,0.002,0.036,0.0,0.057,0.038,0.026,0.089,0.08,0.148,0.028
2018-10-30 00:00:00,0.0,0.003,0.01,0.269,0.002,0.029,0.0,0.102,0.021,0.025,0.091,0.079,0.173,0.026
2018-10-30 01:00:00,0.0,0.002,0.011,0.251,0.002,0.037,0.0,0.09,0.014,0.025,0.073,0.081,0.155,0.022
2018-10-30 02:00:00,0.004,0.005,0.011,0.235,0.001,0.031,0.0,0.091,0.015,0.008,0.089,0.085,0.187,0.021
2018-10-30 03:00:00,0.0,0.004,0.015,0.215,0.0,0.045,0.0,0.087,0.024,0.008,0.094,0.084,0.139,0.035
2018-10-30 04:00:00,0.001,0.013,0.04,0.224,0.0,0.031,0.0,0.088,0.041,0.011,0.109,0.085,0.391,0.027
2018-10-30 05:00:00,0.001,0.028,0.01,0.206,0.012,0.035,0.009,0.093,0.035,0.014,0.105,0.063,0.333,0.071
2018-10-30 06:00:00,0.018,0.021,0.009,0.299,0.02,0.149,0.01,0.088,0.027,0.014,0.116,0.088,0.14,0.063
2018-10-30 07:00:00,0.001,0.019,0.007,0.304,0.017,0.091,0.008,0.087,0.036,0.036,0.133,0.081,0.148,0.06
2018-10-30 08:00:00,0.016,0.047,0.008,0.234,0.044,0.055,0.008,0.087,0.034,0.012,0.145,0.114,0.159,0.048
2018-10-30 09:00:00,0.036,0.065,0.01,0.283,0.023,0.037,0.03,0.049,0.032,0.013,0.171,0.08,0.158,0.043
2018-10-30 10:00:00,0.0,0.065,0.007,0.285,0.0,0.027,0.007,0.035,0.035,0.02,0.166,0.081,0.171,0.026
2018-10-30 11:00:00,0.001,0.066,0.007,0.239,0.0,0.04,0.003,0.042,0.025,0.023,0.169,0.078,0.192,0.026
2018-10-30 12:00:00,0.0,0.068,0.007,0.218,0.0,0.076,0.005,0.04,0.025,0.023,0.15,0.087,0.223,0.027
2018-10-30 13:00:00,0.0,0.071,0.012,0.309,0.0,0.026,0.0,0.039,0.026,0.023,0.128,0.092,0.149,0.028
2018-10-30 14:00:00,0.016,0.075,0.014,0.301,0.0,0.038,0.0,0.044,0.03,0.021,0.116,0.093,0.143,0.024
2018-10-30 15:00:00,0.011,0.081,0.014,0.303,0.001,0.046,0.0,0.042,0.026,0.021,0.138,0.097,0.129,0.017
2018-10-30 16:00:00,0.0,0.093,0.014,0.279,0.002,0.045,0.0,0.045,0.03,0.022,0.117,0.09,0.115,0.06
2018-10-30 17:00:00,0.008,0.03,0.017,0.316,0.003,0.05,0.0,0.043,0.028,0.022,0.096,0.086,0.124,0.064
2018-10-30 18:00:00,0.018,0.03,0.013,0.337,0.004,0.072,0.0,0.046,0.036,0.024,0.078,0.072,0.196,0.062
2018-10-30 19:00:00,0.026,0.028,0.023,0.359,0.003,0.055,0.0,0.051,0.036,0.024,0.099,0.077,0.19,0.059
2018-10-30 20:00:00,0.014,0.024,0.014,0.351,0.003,0.033,0.0,0.065,0.026,0.025,0.094,0.085,0.157,0.042
2018-10-30 21:00:00,0.002,0.019,0.045,0.367,0.021,0.033,0.0,0.068,0.01,0.026,0.132,0.088,0.153,0.038
2018-10-30 22:00:00,0.016,0.014,0.015,0.245,0.0,0.031,0.0,0.07,0.02,0.026,0.11,0.091,0.153,0.037
2018-10-30 23:00:00,0.0,0.007,0.013,0.267,0.001,0.032,0.0,0.079,0.032,0.026,0.1,0.088,0.156,0.036
2018-10-31 00:00:00,0.0,0.002,0.014,0.263,0.001,0.034,0.0,0.108,0.028,0.025,0.099,0.087,0.155,0.034
2018-10-31 01:00:00,0.0,0.002,0.014,0.252,0.001,0.038,0.0,0.096,0.027,0.025,0.087,0.087,0.163,0.031
2018-10-31 02:00:00,0.003,0.004,0.015,0.234,0.001,0.039,0.0,0.095,0.03,0.018,0.094,0.087,0.167,0.031
2018-10-31 03:00:00,0.0,0.003,0.019,0.219,0.0,0.035,0.0,0.092,0.035,0.018,0.097,0.087,0.166,0.039
2018-10-31 04:00:00,0.001,0.003,0.049,0.227,0.017,0.078,0.0,0.093,0.047,0.019,0.11,0.087,0.15,0.034
2018-10-31 05:00:00,0.006,0.003,0.029,0.227,0.007,0.057,0.0,0.092,0.074,0.018,0.106,0.081,0.153,0.069
2018-10-31 06:00:00,0.001,0.013,0.029,0.228,0.0,0.048,0.001,0.095,0.06,0.018,0.115,0.071,0.156,0.051
2018-10-31 07:00:00,0.026,0.016,0.063,0.261,0.0,0.048,0.019,0.092,0.045,0.017,0.118,0.093,0.159,0.033
2018-10-31 08:00:00,0.001,0.045,0.032,0.237,0.014,0.059,0.008,0.091,0.041,0.015,0.142,0.07,0.249,0.034
2018-10-31 09:00:00,0.0,0.059,0.021,0.262,0.0,0.027,0.028,0.07,0.038,0.016,0.166,0.079,0.364,0.035
2018-10-31 10:00:00,0.0,0.064,0.01,0.226,0.008,0.024,0.007,0.065,0.038,0.02,0.168,0.074,0.457,0.067
2018-10-31 11:00:00,0.0,0.069,0.009,0.189,0.0,0.025,0.002,0.06,0.035,0.022,0.178,0.073,0.491,0.027
2018-10-31 12:00:00,0.0,0.077,0.01,0.234,0.0,0.019,0.0,0.057,0.027,0.022,0.175,0.083,0.449,0.021
2018-10-31 13:00:00,0.0,0.083,0.017,0.281,0.0,0.017,0.0,0.053,0.024,0.022,0.149,0.101,0.45,0.022
2018-10-31 14:00:00,0.0,0.089,0.015,0.284,0.0,0.015,0.0,0.052,0.023,0.022,0.134,0.089,0.371,0.015
2018-10-31 15:00:00,0.001,0.093,0.015,0.289,0.002,0.025,0.0,0.049,0.017,0.016,0.132,0.086,0.396,0.013
2018-10-31 16:00:00,0.0,0.093,0.038,0.269,0.003,0.031,0.019,0.048,0.018,0.02,0.121,0.08,0.419,0.036
2018-10-31 17:00:00,0.005,0.12,0.017,0.304,0.004,0.051,0.021,0.043,0.019,0.019,0.113,0.074,0.408,0.043
2018-10-31 18:00:00,0.007,0.153,0.016,0.371,0.004,0.064,0.0,0.038,0.046,0.02,0.1,0.06,0.454,0.046
2018-10-31 19:00:00,0.012,0.08,0.026,0.442,0.028,0.062,0.0,0.04,0.033,0.02,0.117,0.062,0.422,0.067
2018-10-31 20:00:00,0.022,0.072,0.014,0.463,0.01,0.058,0.0,0.047,0.006,0.023,0.148,0.079,0.479,0.092
2018-10-31 21:00:00,0.03,0.083,0.009,0.492,0.004,0.149,0.0,0.061,0.001,0.025,0.161,0.078,0.447,0.069
2018-10-31 22:00:00,0.026,0.057,0.009,0.398,0.001,0.103,0.0,0.045,0.004,0.025,0.124,0.08,0.39,0.028
2018-10-31 23:00:00,0.046,0.084,0.009,0.309,0.002,0.043,0.0,0.045,0.022,0.024,0.103,0.072,0.379,0.024
2018-11-01 00:00:00,0.046,0.087,0.009,0.263,0.002,0.055,0.0,0.095,0.002,0.023,0.109,0.069,0.448,0.022
2018-11-01 01:00:00,0.017,0.009,0.009,0.256,0.002,0.043,0.0,0.083,0.003,0.017,0.081,0.068,0.501,0.014
2018-11-01 02:00:00,0.027,0.016,0.008,0.203,0.001,0.043,0.0,0.086,0.012,0.005,0.096,0.071,0.501,0.012
2018-11-01 03:00:00,0.014,0.017,0.044,0.26,0.001,0.051,0.0,0.072,0.019,0.002,0.074,0.065,0.492,0.054
2018-11-01 04:00:00,0.031,0.045,0.029,0.418,0.018,0.085,0.0,0.072,0.033,0.013,0.14,0.068,1.074,0.08
2018-11-01 05:00:00,0.017,0.037,0.014,0.308,0.013,0.07,0.0,0.067,0.016,0.002,0.117,0.045,0.741,0.116
2018-11-01 06:00:00,0.021,0.106,0.008,0.318,0.055,0.164,0.0,0.059,0.019,0.002,0.128,0.039,0.436,0.047
2018-11-01 07:00:00,0.073,0.108,0.008,0.302,0.002,0.121,0.007,0.062,0.01,0.001,0.129,0.048,0.489,0.058
2018-11-01 08:00:00,0.088,0.119,0.008,0.323,0.0,0.08,0.009,0.058,0.008,0.0,0.164,0.051,0.558,0.05
2018-11-01 09:00:00,0.041,0.102,0.02,0.306,0.0,0.04,0.009,0.014,0.004,0.0,0.201,0.079,0.648,0.083
2018-11-01 10:00:00,0.042,0.113,0.01,0.298,0.005,0.061,0.014,0.0,0.015,0.009,0.204,0.073,0.684,0.139
2018-11-01 11:00:00,0.055,0.119,0.014,0.275,0.004,0.047,0.013,0.008,0.001,0.019,0.215,0.12,0.701,0.053
2018-11-01 12:00:00,0.02,0.111,0.021,0.293,0.003,0.082,0.013,0.0,0.001,0.011,0.186,0.126,0.722,0.016
2018-11-01 13:00:00,0.029,0.084,0.025,0.394,0.002,0.067,0.013,0.0,0.004,0.003,0.152,0.201,0.714,0.034
2018-11-01 14:00:00,0.046,0.096,0.067,0.441,0.001,0.056,0.011,0.0,0.0,0.007,0.135,0.116,0.568,0.012
2018-11-01 15:00:00,0.011,0.084,0.067,0.502,0.004,0.073,0.009,0.0,0.0,0.008,0.152,0.096,0.523,0.026
2018-11-01 16:00:00,0.004,0.069,0.043,0.499,0.005,0.072,0.0,0.012,0.004,0.006,0.133,0.088,0.497,0.103
2018-11-01 17:00:00,0.052,0.062,0.048,0.617,0.038,0.089,0.0,0.019,0.0,0.013,0.126,0.11,0.501,0.196
2018-11-01 18:00:00,0.027,0.061,0.026,0.624,0.024,0.116,0.0,0.01,0.05,0.015,0.13,0.062,0.517,0.153
2018-11-01 19:00:00,0.019,0.061,0.04,0.569,0.01,0.118,0.0,0.015,0.027,0.044,0.128,0.052,0.531,0.187
2018-11-01 20:00:00,0.03,0.055,0.038,0.458,0.013,0.084,0.0,0.048,0.017,0.027,0.126,0.078,0.507,0.101
2018-11-01 21:00:00,0.03,0.04,0.017,0.43,0.019,0.082,0.001,0.065,0.016,0.026,0.125,0.073,0.517,0.065
2018-11-01 22:00:00,0.035,0.033,0.014,0.313,0.002,0.046,0.004,0.034,0.005,0.026,0.106,0.079,0.501,0.048
2018-11-01 23:00:00,0.029,0.023,0.009,0.301,0.012,0.037,0.0,0.043,0.021,0.026,0.089,0.07,0.499,0.039
2018-11-02 00:00:00,0.011,0.02,0.009,0.259,0.002,0.034,0.0,0.093,0.031,0.024,0.087,0.067,0.484,0.035
2018-11-02 01:00:00,0.015,0.015,0.008,0.25,0.002,0.041,0.0,0.079,0.01,0.016,0.067,0.066,0.501,0.019
2018-11-02 02:00:00,0.008,0.022,0.008,0.219,0.002,0.032,0.0,0.084,0.001,0.005,0.081,0.072,0.487,0.013
2018-11-02 03:00:00,0.003,0.044,0.011,0.254,0.003,0.072,0.0,0.076,0.022,0.002,0.082,0.051,0.479,0.04
2018-11-02 04:00:00,0.006,0.114,0.05,0.325,0.029,0.101,0.0,0.075,0.04,0.003,0.138,0.057,1.145,0.059
2018-11-02 05:00:00,0.024,0.086,0.05,0.274,0.057,0.067,0.0,0.068,0.018,0.003,0.139,0.06,0.78,0.04
2018-11-02 06:00:00,0.044,0.121,0.033,0.311,0.025,0.067,0.004,0.068,0.029,0.002,0.151,0.06,0.451,0.05
2018-11-02 07:00:00,0.006,0.151,0.019,0.281,0.0,0.056,0.024,0.066,0.009,0.008,0.157,0.067,0.537,0.045
2018-11-02 08:00:00,0.022,0.196,0.012,0.294,0.0,0.023,0.008,0.062,0.014,0.0,0.179,0.056,0.655,0.038
2018-11-02 09:00:00,0.024,0.144,0.036,0.269,0.0,0.034,0.013,0.015,0.007,0.0,0.239,0.082,0.722,0.057
2018-11-02 10:00:00,0.015,0.169,0.036,0.255,0.0,0.031,0.014,0.0,0.019,0.011,0.255,0.167,0.805,0.046
2018-11-02 11:00:00,0.021,0.15,0.031,0.248,0.002,0.031,0.01,0.005,0.009,0.021,0.32,0.153,0.79,0.063
2018-11-02 12:00:00,0.013,0.154,0.036,0.288,0.0,0.062,0.01,0.035,0.009,0.011,0.363,0.191,0.84,0.018
2018-11-02 13:00:00,0.019,0.163,0.038,0.322,0.004,0.021,0.009,0.032,0.015,0.008,0.394,0.198,0.821,0.036
2018-11-02 14:00:00,0.016,0.203,0.04,0.305,0.002,0.077,0.008,0.022,0.017,0.009,0.365,0.285,0.689,0.059
2018-11-02 15:00:00,0.04,0.204,0.049,0.323,0.004,0.062,0.008,0.003,0.032,0.016,0.373,0.208,0.712,0.097
2018-11-02 16:00:00,0.048,0.202,0.045,0.334,0.039,0.081,0.0,0.077,0.07,0.017,0.362,0.23,0.675,0.268
2018-11-02 17:00:00,0.072,0.211,0.092,0.37,0.041,0.086,0.0,0.341,0.111,0.014,0.393,0.171,0.675,0.213
2018-11-02 18:00:00,0.077,0.241,0.095,0.355,0.029,0.098,0.0,0.314,0.103,0.018,0.344,0.154,0.74,0.303
2018-11-02 19:00:00,0.045,0.227,0.205,0.423,0.06,0.135,0.0,0.187,0.065,0.02,0.336,0.184,0.748,0.308
2018-11-02 20:00:00,0.047,0.306,0.108,0.451,0.033,0.074,0.011,0.022,0.037,0.046,0.277,0.133,0.735,0.224
2018-11-02 21:00:00,0.019,0.239,0.132,0.403,0.02,0.048,0.0,0.02,0.025,0.029,0.213,0.071,0.675,0.178
2018-11-02 22:00:00,0.014,0.063,0.046,0.313,0.003,0.038,0.0,0.082,0.036,0.026,0.191,0.093,0.665,0.099
2018-11-02 23:00:00,0.008,0.04,0.031,0.304,0.003,0.03,0.0,0.009,0.03,0.026,0.111,0.072,0.608,0.058
2018-11-03 00:00:00,0.004,0.037,0.021,0.306,0.003,0.028,0.0,0.09,0.016,0.024,0.125,0.073,0.602,0.08
2018-11-03 01:00:00,0.001,0.023,0.016,0.272,0.002,0.039,0.0,0.08,0.005,0.01,0.054,0.076,0.623,0.067
2018-11-03 02:00:00,0.004,0.019,0.044,0.228,0.002,0.024,0.0,0.074,0.006,0.005,0.061,0.079,0.56,0.026
2018-11-03 03:00:00,0.0,0.019,0.066,0.241,0.001,0.027,0.0,0.063,0.018,0.002,0.054,0.114,0.544,0.036
2018-11-03 04:00:00,0.001,0.028,0.037,0.223,0.001,0.024,0.0,0.065,0.014,0.004,0.093,0.154,0.894,0.076
2018-11-03 05:00:00,0.001,0.028,0.062,0.217,0.0,0.025,0.0,0.059,0.008,0.003,0.089,0.125,0.451,0.162
2018-11-03 06:00:00,0.001,0.061,0.083,0.273,0.0,0.034,0.0,0.069,0.019,0.003,0.117,0.145,0.493,0.143
2018-11-03 07:00:00,0.001,0.08,0.092,0.278,0.005,0.019,0.0,0.056,0.02,0.002,0.109,0.145,0.633,0.188
2018-11-03 08:00:00,0.002,0.099,0.074,0.303,0.009,0.021,0.0,0.056,0.017,0.0,0.133,0.113,0.733,0.166
2018-11-03 09:00:00,0.0,0.145,0.053,0.409,0.021,0.024,0.0,0.014,0.003,0.001,0.168,0.115,0.726,0.185
2018-11-03 10:00:00,0.014,0.142,0.031,0.291,0.032,0.025,0.0,0.0,0.0,0.01,0.189,0.11,0.724,0.145
2018-11-03 11:00:00,0.0,0.081,0.038,0.211,0.039,0.03,0.0,0.0,0.0,0.022,0.191,0.068,0.723,0.131
2018-11-03 12:00:00,0.0,0.075,0.045,0.197,0.037,0.027,0.0,0.005,0.03,0.024,0.164,0.064,0.595,0.062
2018-11-03 13:00:00,0.0,0.09,0.094,0.202,0.021,0.026,0.0,0.017,0.037,0.024,0.13,0.045,0.32,0.073
2018-11-03 14:00:00,0.0,0.078,0.056,0.212,0.003,0.033,0.0,0.028,0.059,0.024,0.123,0.059,0.312,0.047
2018-11-03 15:00:00,0.0,0.082,0.095,0.253,0.005,0.095,0.0,0.041,0.063,0.025,0.124,0.063,0.284,0.039
2018-11-03 16:00:00,0.001,0.063,0.062,0.238,0.007,0.091,0.0,0.046,0.031,0.027,0.122,0.073,0.27,0.121
2018-11-03 17:00:00,0.017,0.056,0.069,0.296,0.017,0.062,0.0,0.045,0.045,0.025,0.1,0.076,0.255,0.083
2018-11-03 18:00:00,0.035,0.054,0.042,0.321,0.019,0.066,0.0,0.046,0.054,0.026,0.08,0.074,0.222,0.126
2018-11-03 19:00:00,0.01,0.05,0.034,0.393,0.018,0.056,0.0,0.058,0.056,0.024,0.096,0.079,0.276,0.097
2018-11-03 20:00:00,0.026,0.047,0.033,0.365,0.048,0.046,0.0,0.054,0.026,0.026,0.087,0.089,0.237,0.076
2018-11-03 21:00:00,0.009,0.038,0.022,0.405,0.051,0.043,0.0,0.062,0.023,0.028,0.077,0.095,0.246,0.069
2018-11-03 22:00:00,0.012,0.034,0.012,0.302,0.021,0.027,0.003,0.068,0.014,0.028,0.102,0.098,0.262,0.053
2018-11-03 23:00:00,0.001,0.015,0.012,0.29,0.002,0.038,0.0,0.069,0.041,0.027,0.058,0.088,0.221,0.039
2018-11-04 00:00:00,0.0,0.004,0.012,0.242,0.001,0.028,0.0,0.112,0.022,0.026,0.064,0.122,0.209,0.033
2018-11-04 01:00:00,0.0,0.006,0.012,0.227,0.001,0.035,0.0,0.099,0.013,0.025,0.051,0.086,0.228,0.024
2018-11-04 02:00:00,0.003,0.006,0.011,0.205,0.0,0.03,0.0,0.1,0.015,0.007,0.073,0.089,0.158,0.023
2018-11-04 03:00:00,0.0,0.007,0.016,0.193,0.0,0.029,0.0,0.098,0.02,0.005,0.074,0.089,0.168,0.032
2018-11-04 04:00:00,0.001,0.008,0.017,0.183,0.0,0.028,0.0,0.097,0.019,0.033,0.094,0.082,0.147,0.027
2018-11-04 05:00:00,0.004,0.004,0.016,0.188,0.0,0.029,0.013,0.096,0.04,0.007,0.095,0.067,0.152,0.028
2018-11-04 06:00:00,0.015,0.015,0.028,0.283,0.0,0.037,0.0,0.096,0.033,0.01,0.103,0.072,0.219,0.03
2018-11-04 07:00:00,0.002,0.018,0.034,0.267,0.0,0.02,0.0,0.096,0.051,0.011,0.089,0.079,0.173,0.039
2018-11-04 08:00:00,0.0,0.067,0.033,0.326,0.0,0.049,0.0,0.096,0.048,0.01,0.134,0.066,0.303,0.042
2018-11-04 09:00:00,0.0,0.068,0.106,0.225,0.019,0.044,0.014,0.057,0.03,0.012,0.175,0.067,0.276,0.071
2018-11-04 10:00:00,0.0,0.089,0.041,0.203,0.001,0.032,0.004,0.039,0.039,0.02,0.124,0.065,0.199,0.091
2018-11-04 11:00:00,0.001,0.084,0.017,0.156,0.0,0.025,0.0,0.035,0.02,0.023,0.125,0.059,0.158,0.19
2018-11-04 12:00:00,0.0,0.108,0.027,0.137,0.0,0.048,0.013,0.027,0.013,0.023,0.117,0.052,0.19,0.223
2018-11-04 13:00:00,0.003,0.1,0.02,0.186,0.0,0.029,0.031,0.016,0.004,0.023,0.109,0.047,0.167,0.136
2018-11-04 14:00:00,0.032,0.123,0.026,0.269,0.0,0.079,0.039,0.005,0.004,0.021,0.13,0.086,0.171,0.118
2018-11-04 15:00:00,0.026,0.111,0.022,0.462,0.0,0.081,0.014,0.0,0.022,0.02,0.116,0.098,0.181,0.208
2018-11-04 16:00:00,0.014,0.066,0.055,0.324,0.0,0.092,0.004,0.013,0.029,0.022,0.082,0.1,0.305,0.21
2018-11-04 17:00:00,0.039,0.035,0.086,0.303,0.003,0.078,0.014,0.046,0.008,0.023,0.066,0.086,0.412,0.133
2018-11-04 18:00:00,0.014,0.027,0.086,0.374,0.0,0.098,0.0,0.07,0.066,0.024,0.068,0.079,0.372,0.114
2018-11-04 19:00:00,0.015,0.022,0.063,0.308,0.0,0.133,0.018,0.085,0.059,0.025,0.088,0.094,0.399,0.174
2018-11-04 20:00:00,0.008,0.044,0.097,0.351,0.0,0.077,0.0,0.113,0.039,0.025,0.068,0.089,0.366,0.081
2018-11-04 21:00:00,0.022,0.043,0.039,0.4,0.015,0.079,0.0,0.104,0.03,0.025,0.074,0.089,0.257,0.07
2018-11-04 22:00:00,0.001,0.013,0.016,0.274,0.0,0.033,0.0,0.103,0.039,0.026,0.076,0.093,0.158,0.046
2018-11-04 23:00:00,0.0,0.006,0.016,0.286,0.0,0.029,0.0,0.104,0.056,0.026,0.073,0.089,0.156,0.036
2018-11-05 00:00:00,0.0,0.004,0.016,0.275,0.0,0.029,0.0,0.105,0.046,0.026,0.083,0.089,0.168,0.035
2018-11-05 01:00:00,0.0,0.001,0.016,0.243,0.0,0.03,0.0,0.114,0.036,0.026,0.09,0.089,0.168,0.035
2018-11-05 02:00:00,0.0,0.001,0.016,0.239,0.0,0.036,0.0,0.102,0.033,0.025,0.078,0.089,0.163,0.033
2018-11-05 03:00:00,0.003,0.002,0.055,0.217,0.0,0.038,0.0,0.101,0.028,0.02,0.09,0.089,0.153,0.032
2018-11-05 04:00:00,0.0,0.003,0.043,0.223,0.0,0.03,0.0,0.099,0.033,0.019,0.095,0.088,0.152,0.041
2018-11-05 05:00:00,0.011,0.004,0.02,0.236,0.0,0.029,0.0,0.099,0.035,0.017,0.106,0.091,0.151,0.034
2018-11-05 06:00:00,0.013,0.017,0.013,0.173,0.012,0.061,0.012,0.098,0.048,0.016,0.104,0.074,0.15,0.053
2018-11-05 07:00:00,0.013,0.037,0.008,0.237,0.013,0.041,0.028,0.097,0.047,0.015,0.113,0.073,0.182,0.059
2018-11-05 08:00:00,0.041,0.026,0.007,0.259,0.0,0.03,0.012,0.094,0.047,0.01,0.116,0.074,0.321,0.036
2018-11-05 09:00:00,0.042,0.066,0.006,0.25,0.0,0.037,0.016,0.093,0.052,0.019,0.142,0.081,0.481,0.031
2018-11-05 10:00:00,0.015,0.066,0.009,0.253,0.0,0.024,0.008,0.051,0.024,0.008,0.168,0.087,0.518,0.031
2018-11-05 11:00:00,0.019,0.071,0.011,0.237,0.0,0.023,0.008,0.043,0.049,0.017,0.161,0.065,0.382,0.028
2018-11-05 12:00:00,0.029,0.07,0.009,0.177,0.004,0.02,0.008,0.044,0.044,0.021,0.162,0.068,0.351,0.064
2018-11-05 13:00:00,0.028,0.082,0.01,0.198,0.0,0.028,0.009,0.044,0.028,0.021,0.158,0.08,0.353,0.027
2018-11-05 14:00:00,0.005,0.107,0.012,0.271,0.0,0.028,0.009,0.043,0.015,0.018,0.126,0.087,0.397,0.027
2018-11-05 15:00:00,0.005,0.105,0.014,0.265,0.0,0.038,0.008,0.035,0.023,0.016,0.117,0.087,0.258,0.032
2018-11-05 16:00:00,0.002,0.072,0.036,0.284,0.001,0.043,0.008,0.032,0.043,0.015,0.115,0.088,0.148,0.026
2018-11-05 17:00:00,0.001,0.042,0.044,0.323,0.003,0.051,0.0,0.037,0.051,0.016,0.105,0.074,0.221,0.065
2018-11-05 18:00:00,0.01,0.045,0.028,0.315,0.004,0.059,0.0,0.036,0.079,0.016,0.108,0.075,0.337,0.065
2018-11-05 19:00:00,0.02,0.037,0.018,0.368,0.035,0.102,0.0,0.035,0.055,0.018,0.085,0.061,0.389,0.054
2018-11-05 20:00:00,0.046,0.04,0.027,0.35,0.01,0.061,0.0,0.039,0.056,0.019,0.099,0.064,0.349,0.068
2018-11-05 21:00:00,0.025,0.034,0.026,0.362,0.03,0.049,0.0,0.045,0.025,0.022,0.093,0.079,0.394,0.066
2018-11-05 22:00:00,0.009,0.025,0.013,0.417,0.003,0.024,0.0,0.047,0.021,0.024,0.108,0.078,0.378,0.04
2018-11-05 23:00:00,0.006,0.021,0.007,0.3,0.001,0.023,0.0,0.046,0.001,0.024,0.097,0.08,0.385,0.027
2018-11-06 00:00:00,0.003,0.009,0.007,0.301,0.001,0.022,0.0,0.048,0.023,0.024,0.084,0.072,0.35,0.028
2018-11-06 01:00:00,0.001,0.008,0.008,0.265,0.002,0.022,0.0,0.1,0.008,0.023,0.081,0.071,0.28,0.023
2018-11-06 02:00:00,0.0,0.002,0.008,0.228,0.001,0.037,0.0,0.089,0.022,0.016,0.064,0.07,0.333,0.017
2018-11-06 03:00:00,0.003,0.007,0.007,0.202,0.001,0.024,0.009,0.092,0.002,0.005,0.079,0.075,0.36,0.015
2018-11-06 04:00:00,0.0,0.009,0.055,0.223,0.001,0.028,0.005,0.084,0.004,0.002,0.086,0.071,0.357,0.03
2018-11-06 05:00:00,0.006,0.029,0.009,0.25,0.015,0.038,0.011,0.088,0.012,0.002,0.108,0.13,0.933,0.019
2018-11-06 06:00:00,0.003,0.012,0.007,0.274,0.016,0.027,0.017,0.08,0.05,0.002,0.107,0.076,0.695,0.032
2018-11-06 07:00:00,0.017,0.028,0.006,0.312,0.011,0.034,0.019,0.074,0.065,0.003,0.127,0.058,0.429,0.015
2018-11-06 08:00:00,0.035,0.037,0.007,0.294,0.05,0.056,0.008,0.07,0.033,0.001,0.113,0.075,0.434,0.023
2018-11-06 09:00:00,0.051,0.062,0.007,0.3,0.0,0.039,0.009,0.062,0.025,0.013,0.144,0.046,0.499,0.015
2018-11-06 10:00:00,0.054,0.085,0.01,0.29,0.0,0.045,0.009,0.014,0.023,0.0,0.167,0.062,0.645,0.019
2018-11-06 11:00:00,0.065,0.094,0.013,0.263,0.01,0.125,0.017,0.0,0.019,0.009,0.175,0.062,0.687,0.027
2018-11-06 12:00:00,0.047,0.08,0.045,0.224,0.018,0.061,0.016,0.004,0.005,0.019,0.183,0.076,0.646,0.023
2018-11-06 13:00:00,0.025,0.08,0.017,0.211,0.0,0.109,0.017,0.001,0.0,0.013,0.164,0.101,0.649,0.016
2018-11-06 14:00:00,0.022,0.081,0.023,0.31,0.001,0.048,0.017,0.003,0.004,0.01,0.139,0.116,0.636,0.035
2018-11-06 15:00:00,0.048,0.084,0.041,0.434,0.002,0.045,0.013,0.003,0.007,0.01,0.13,0.117,0.497,0.022
2018-11-06 16:00:00,0.018,0.088,0.036,0.438,0.028,0.086,0.01,0.012,0.014,0.012,0.138,0.115,0.538,0.011
2018-11-06 17:00:00,0.004,0.073,0.022,0.502,0.031,0.092,0.001,0.006,0.025,0.009,0.132,0.101,0.537,0.045
2018-11-06 18:00:00,0.032,0.076,0.029,0.59,0.083,0.105,0.0,0.005,0.052,0.009,0.157,0.087,0.513,0.072
2018-11-06 19:00:00,0.013,0.077,0.02,0.48,0.066,0.102,0.0,0.019,0.031,0.014,0.146,0.076,0.494,0.082
2018-11-06 20:00:00,0.009,0.082,0.025,0.459,0.067,0.114,0.0,0.016,0.015,0.016,0.156,0.076,0.525,0.079
2018-11-06 21:00:00,0.015,0.093,0.014,0.558,0.071,0.098,0.0,0.02,0.014,0.023,0.148,0.08,0.525,0.086
2018-11-06 22:00:00,0.009,0.041,0.018,0.49,0.012,0.072,0.028,0.021,0.012,0.027,0.159,0.09,0.509,0.062
2018-11-06 23:00:00,0.018,0.031,0.015,0.403,0.009,0.054,0.0,0.02,0.017,0.024,0.113,0.081,0.515,0.039
2018-11-07 00:00:00,0.007,0.029,0.01,0.408,0.013,0.046,0.0,0.013,0.045,0.024,0.095,0.077,0.496,0.031
2018-11-07 01:00:00,0.006,0.016,0.01,0.292,0.003,0.039,0.0,0.085,0.027,0.022,0.095,0.076,0.494,0.028
2018-11-07 02:00:00,0.002,0.005,0.01,0.264,0.002,0.047,0.0,0.071,0.013,0.008,0.071,0.073,0.511,0.016
2018-11-07 03:00:00,0.005,0.019,0.01,0.286,0.002,0.047,0.0,0.081,0.005,0.003,0.076,0.068,0.418,0.011
2018-11-07 04:00:00,0.0,0.015,0.018,0.24,0.001,0.03,0.0,0.067,0.022,0.002,0.132,0.065,0.347,0.051
2018-11-07 05:00:00,0.021,0.012,0.01,0.332,0.039,0.1,0.0,0.076,0.032,0.003,0.144,0.066,0.814,0.068
2018-11-07 06:00:00,0.001,0.016,0.006,0.364,0.055,0.151,0.0,0.062,0.058,0.002,0.133,0.081,0.59,0.094
2018-11-07 07:00:00,0.008,0.027,0.025,0.346,0.072,0.2,0.005,0.069,0.015,0.002,0.145,0.098,0.262,0.098
2018-11-07 08:00:00,0.005,0.04,0.076,0.378,0.045,0.202,0.011,0.05,0.011,0.043,0.136,0.12,0.272,0.122
2018-11-07 09:00:00,0.021,0.097,0.052,0.329,0.021,0.223,0.01,0.046,0.008,0.001,0.175,0.251,0.285,0.156
2018-11-07 10:00:00,0.06,0.122,0.12,0.401,0.0,0.112,0.016,0.035,0.004,0.014,0.238,0.39,0.44,0.277
2018-11-07 11:00:00,0.062,0.14,0.141,0.411,0.001,0.079,0.047,0.073,0.036,0.009,0.272,0.4,0.607,0.178
2018-11-07 12:00:00,0.07,0.127,0.149,0.44,0.0,0.08,0.036,0.078,0.135,0.05,0.288,0.444,0.695,0.151
2018-11-07 13:00:00,0.049,0.148,0.158,0.396,0.01,0.077,0.047,0.102,0.17,0.087,0.268,0.616,1.02,0.178
2018-11-07 14:00:00,0.038,0.188,0.251,0.462,0.01,0.036,0.069,0.098,0.105,0.101,0.306,0.584,0.904,0.286
2018-11-07 15:00:00,0.023,0.285,0.172,0.509,0.001,0.054,0.065,0.049,0.024,0.061,0.292,0.484,0.851,0.284
2018-11-07 16:00:00,0.024,0.174,0.071,0.533,0.003,0.06,0.029,0.028,0.048,0.049,0.262,0.172,0.68,0.238
2018-11-07 17:00:00,0.031,0.082,0.037,0.486,0.008,0.1,0.007,0.013,0.044,0.057,0.233,0.103,0.496,0.161
2018-11-07 18:00:00,0.06,0.077,0.128,0.479,0.024,0.065,0.021,0.01,0.075,0.01,0.185,0.093,0.46,0.101
2018-11-07 19:00:00,0.071,0.061,0.048,0.456,0.029,0.041,0.001,0.023,0.051,0.027,0.145,0.114,0.474,0.089
2018-11-07 20:00:00,0.056,0.057,0.061,0.388,0.029,0.078,0.0,0.033,0.055,0.017,0.157,0.135,0.358,0.088
2018-11-07 21:00:00,0.059,0.056,0.032,0.402,0.04,0.054,0.0,0.041,0.031,0.034,0.108,0.113,0.26,0.066
2018-11-07 22:00:00,0.049,0.033,0.046,0.376,0.052,0.06,0.0,0.036,0.023,0.027,0.126,0.095,0.312,0.072
2018-11-07 23:00:00,0.019,0.025,0.008,0.309,0.001,0.04,0.0,0.043,0.023,0.026,0.102,0.087,0.211,0.047
2018-11-08 00:00:00,0.019,0.014,0.007,0.297,0.002,0.029,0.0,0.04,0.047,0.026,0.087,0.095,0.163,0.032
2018-11-08 01:00:00,0.009,0.006,0.008,0.251,0.002,0.03,0.0,0.099,0.032,0.025,0.086,0.078,0.146,0.029
2018-11-08 02:00:00,0.008,0.003,0.008,0.242,0.002,0.039,0.0,0.087,0.015,0.02,0.066,0.085,0.162,0.019
2018-11-08 03:00:00,0.009,0.007,0.014,0.237,0.001,0.031,0.0,0.093,0.007,0.006,0.085,0.085,0.148,0.025
2018-11-08 04:00:00,0.014,0.009,0.013,0.238,0.011,0.071,0.0,0.083,0.011,0.017,0.091,0.078,0.147,0.062
2018-11-08 05:00:00,0.01,0.017,0.014,0.244,0.016,0.058,0.0,0.087,0.017,0.008,0.124,0.079,0.381,0.116
2018-11-08 06:00:00,0.002,0.054,0.011,0.252,0.026,0.047,0.004,0.092,0.035,0.005,0.163,0.058,0.157,0.081
2018-11-08 07:00:00,0.009,0.037,0.008,0.289,0.041,0.104,0.002,0.084,0.033,0.007,0.142,0.046,0.151,0.068
2018-11-08 08:00:00,0.028,0.022,0.024,0.258,0.035,0.075,0.009,0.079,0.021,0.007,0.128,0.06,0.303,0.054
2018-11-08 09:00:00,0.027,0.084,0.022,0.26,0.002,0.058,0.008,0.069,0.011,0.004,0.177,0.063,0.271,0.028
2018-11-08 10:00:00,0.063,0.08,0.021,0.285,0.0,0.06,0.009,0.016,0.0,0.003,0.201,0.101,0.284,0.02
2018-11-08 11:00:00,0.067,0.073,0.057,0.257,0.0,0.099,0.016,0.0,0.04,0.013,0.179,0.191,0.305,0.039
2018-11-08 12:00:00,0.067,0.071,0.034,0.282,0.0,0.086,0.014,0.006,0.013,0.022,0.182,0.127,0.243,0.028
2018-11-08 13:00:00,0.047,0.072,0.036,0.248,0.0,0.046,0.015,0.002,0.001,0.049,0.162,0.09,0.227,0.021
2018-11-08 14:00:00,0.028,0.072,0.03,0.302,0.0,0.072,0.014,0.001,0.004,0.012,0.144,0.089,0.177,0.024
2018-11-08 15:00:00,0.028,0.073,0.032,0.361,0.005,0.042,0.011,0.005,0.005,0.02,0.123,0.099,0.193,0.017
2018-11-08 16:00:00,0.008,0.072,0.023,0.366,0.017,0.093,0.008,0.029,0.004,0.02,0.125,0.098,0.135,0.019
2018-11-08 17:00:00,0.001,0.042,0.013,0.358,0.045,0.079,0.0,0.023,0.031,0.014,0.117,0.099,0.129,0.031
2018-11-08 18:00:00,0.025,0.033,0.052,0.401,0.04,0.09,0.0,0.023,0.024,0.017,0.112,0.076,0.14,0.03
2018-11-08 19:00:00,0.032,0.037,0.034,0.425,0.044,0.094,0.019,0.031,0.036,0.02,0.102,0.081,0.165,0.044
2018-11-08 20:00:00,0.037,0.037,0.044,0.387,0.073,0.07,0.009,0.046,0.047,0.023,0.106,0.058,0.171,0.104
2018-11-08 21:00:00,0.032,0.032,0.019,0.482,0.071,0.052,0.0,0.056,0.023,0.029,0.099,0.068,0.207,0.073
2018-11-08 22:00:00,0.018,0.022,0.016,0.414,0.01,0.054,0.007,0.055,0.017,0.026,0.112,0.086,0.349,0.047
2018-11-08 23:00:00,0.024,0.017,0.01,0.272,0.004,0.037,0.003,0.052,0.022,0.026,0.102,0.089,0.189,0.034
2018-11-09 00:00:00,0.013,0.008,0.011,0.269,0.001,0.032,0.0,0.064,0.05,0.026,0.09,0.084,0.158,0.044
2018-11-09 01:00:00,0.003,0.003,0.012,0.25,0.001,0.027,0.0,0.112,0.022,0.026,0.089,0.083,0.156,0.035
2018-11-09 02:00:00,0.0,0.002,0.012,0.25,0.001,0.038,0.0,0.099,0.015,0.025,0.076,0.084,0.162,0.032
2018-11-09 03:00:00,0.003,0.004,0.014,0.224,0.001,0.043,0.0,0.099,0.015,0.012,0.093,0.087,0.151,0.032
2018-11-09 04:00:00,0.0,0.004,0.056,0.231,0.0,0.042,0.01,0.096,0.021,0.012,0.098,0.074,0.154,0.054
2018-11-09 05:00:00,0.013,0.005,0.031,0.215,0.015,0.038,0.006,0.097,0.028,0.016,0.114,0.086,0.15,0.035
2018-11-09 06:00:00,0.001,0.017,0.047,0.201,0.034,0.028,0.002,0.097,0.065,0.017,0.113,0.092,0.149,0.03
2018-11-09 07:00:00,0.013,0.026,0.024,0.26,0.0,0.043,0.0,0.096,0.048,0.018,0.117,0.073,0.151,0.032
2018-11-09 08:00:00,0.003,0.017,0.009,0.273,0.0,0.053,0.008,0.095,0.038,0.014,0.12,0.074,0.229,0.028
2018-11-09 09:00:00,0.002,0.047,0.009,0.252,0.0,0.064,0.008,0.092,0.027,0.009,0.148,0.07,0.404,0.025
2018-11-09 10:00:00,0.0,0.062,0.012,0.259,0.006,0.065,0.008,0.044,0.018,0.008,0.173,0.073,0.513,0.027
2018-11-09 11:00:00,0.001,0.066,0.014,0.246,0.0,0.078,0.006,0.037,0.025,0.017,0.165,0.065,0.526,0.026
2018-11-09 12:00:00,0.001,0.067,0.012,0.203,0.0,0.028,0.034,0.034,0.013,0.021,0.168,0.066,0.394,0.025
2018-11-09 13:00:00,0.0,0.068,0.011,0.206,0.0,0.025,0.0,0.03,0.014,0.02,0.15,0.079,0.327,0.025
2018-11-09 14:00:00,0.0,0.068,0.011,0.274,0.0,0.039,0.0,0.032,0.021,0.018,0.127,0.089,0.375,0.027
2018-11-09 15:00:00,0.002,0.069,0.012,0.274,0.0,0.054,0.0,0.036,0.026,0.018,0.116,0.091,0.16,0.021
2018-11-09 16:00:00,0.004,0.067,0.021,0.299,0.001,0.051,0.0,0.041,0.015,0.02,0.126,0.09,0.175,0.021
2018-11-09 17:00:00,0.0,0.038,0.02,0.292,0.003,0.062,0.0,0.055,0.035,0.022,0.099,0.084,0.151,0.031
2018-11-09 18:00:00,0.005,0.026,0.018,0.313,0.004,0.07,0.0,0.059,0.033,0.023,0.094,0.082,0.326,0.043
2018-11-09 19:00:00,0.0,0.03,0.012,0.332,0.004,0.071,0.0,0.059,0.054,0.023,0.088,0.063,0.34,0.05
2018-11-09 20:00:00,0.002,0.027,0.024,0.393,0.003,0.12,0.0,0.072,0.043,0.024,0.102,0.102,0.382,0.134
2018-11-09 21:00:00,0.0,0.023,0.016,0.368,0.002,0.08,0.0,0.078,0.025,0.024,0.092,0.086,0.354,0.049
2018-11-09 22:00:00,0.0,0.018,0.013,0.34,0.001,0.066,0.0,0.079,0.011,0.025,0.11,0.088,0.353,0.038
2018-11-09 23:00:00,0.0,0.014,0.013,0.241,0.001,0.04,0.0,0.078,0.019,0.026,0.105,0.092,0.375,0.029
2018-11-10 00:00:00,0.0,0.007,0.013,0.273,0.001,0.034,0.0,0.08,0.037,0.026,0.079,0.087,0.369,0.025
2018-11-10 01:00:00,0.0,0.005,0.013,0.258,0.001,0.027,0.0,0.109,0.029,0.025,0.061,0.086,0.348,0.024
2018-11-10 02:00:00,0.0,0.002,0.013,0.243,0.001,0.059,0.0,0.097,0.019,0.025,0.043,0.086,0.354,0.017
2018-11-10 03:00:00,0.01,0.004,0.013,0.194,0.001,0.041,0.0,0.097,0.022,0.012,0.057,0.087,0.374,0.017
2018-11-10 04:00:00,0.0,0.003,0.017,0.185,0.0,0.027,0.0,0.095,0.028,0.011,0.06,0.086,0.372,0.029
2018-11-10 05:00:00,0.001,0.006,0.056,0.176,0.006,0.062,0.0,0.095,0.026,0.013,0.081,0.089,0.857,0.04
2018-11-10 06:00:00,0.01,0.007,0.021,0.202,0.0,0.069,0.0,0.094,0.033,0.013,0.074,0.077,0.633,0.017
2018-11-10 07:00:00,0.001,0.017,0.017,0.291,0.0,0.071,0.0,0.092,0.041,0.013,0.08,0.058,0.391,0.041
2018-11-10 08:00:00,0.006,0.02,0.015,0.263,0.0,0.026,0.0,0.091,0.048,0.006,0.081,0.063,0.423,0.053
2018-11-10 09:00:00,0.001,0.048,0.015,0.211,0.0,0.09,0.0,0.091,0.025,0.01,0.102,0.059,0.366,0.065
2018-11-10 10:00:00,0.0,0.064,0.011,0.257,0.0,0.063,0.0,0.042,0.029,0.01,0.119,0.056,0.166,0.079
2018-11-10 11:00:00,0.011,0.068,0.015,0.226,0.038,0.048,0.0,0.031,0.039,0.018,0.145,0.064,0.137,0.051
2018-11-10 12:00:00,0.013,0.065,0.012,0.215,0.0,0.03,0.0,0.048,0.013,0.021,0.146,0.054,0.135,0.02
2018-11-10 13:00:00,0.015,0.068,0.015,0.223,0.0,0.048,0.007,0.036,0.01,0.022,0.139,0.06,0.132,0.023
2018-11-10 14:00:00,0.0,0.069,0.011,0.21,0.0,0.045,0.019,0.034,0.015,0.022,0.119,0.058,0.138,0.021
2018-11-10 15:00:00,0.0,0.067,0.013,0.211,0.0,0.05,0.016,0.036,0.027,0.022,0.105,0.064,0.194,0.024
2018-11-10 16:00:00,0.0,0.064,0.014,0.236,0.002,0.056,0.003,0.054,0.031,0.022,0.104,0.072,0.223,0.029
2018-11-10 17:00:00,0.0,0.038,0.065,0.26,0.005,0.072,0.0,0.059,0.041,0.023,0.088,0.093,0.239,0.064
2018-11-10 18:00:00,0.006,0.028,0.054,0.293,0.006,0.072,0.0,0.065,0.037,0.023,0.077,0.097,0.209,0.065
2018-11-10 19:00:00,0.001,0.036,0.03,0.338,0.005,0.085,0.0,0.073,0.055,0.024,0.077,0.096,0.144,0.058
2018-11-10 20:00:00,0.001,0.025,0.014,0.328,0.005,0.048,0.0,0.083,0.051,0.025,0.096,0.099,0.199,0.05
2018-11-10 21:00:00,0.006,0.025,0.014,0.345,0.016,0.045,0.0,0.094,0.048,0.026,0.079,0.101,0.238,0.047
2018-11-10 22:00:00,0.004,0.02,0.013,0.325,0.012,0.053,0.0,0.088,0.035,0.026,0.07,0.088,0.208,0.043
2018-11-10 23:00:00,0.001,0.014,0.013,0.268,0.001,0.034,0.0,0.09,0.025,0.026,0.07,0.09,0.146,0.03
2018-11-11 00:00:00,0.0,0.006,0.014,0.256,0.009,0.031,0.0,0.094,0.046,0.026,0.062,0.086,0.145,0.027
2018-11-11 01:00:00,0.0,0.003,0.015,0.235,0.0,0.031,0.0,0.107,0.033,0.025,0.066,0.086,0.141,0.029
2018-11-11 02:00:00,0.0,0.004,0.014,0.227,0.0,0.035,0.0,0.096,0.029,0.024,0.056,0.085,0.147,0.027
2018-11-11 03:00:00,0.002,0.003,0.015,0.211,0.0,0.039,0.0,0.095,0.028,0.018,0.067,0.085,0.137,0.027
2018-11-11 04:00:00,0.0,0.004,0.02,0.192,0.0,0.036,0.0,0.095,0.033,0.017,0.083,0.085,0.137,0.031
2018-11-11 05:00:00,0.0,0.004,0.02,0.186,0.0,0.087,0.009,0.095,0.03,0.018,0.084,0.085,0.135,0.028
2018-11-11 06:00:00,0.009,0.001,0.019,0.198,0.0,0.043,0.0,0.093,0.047,0.018,0.073,0.082,0.135,0.025
2018-11-11 07:00:00,0.0,0.011,0.018,0.215,0.0,0.037,0.0,0.092,0.048,0.018,0.079,0.082,0.137,0.021
2018-11-11 08:00:00,0.0,0.033,0.015,0.197,0.0,0.018,0.0,0.092,0.033,0.018,0.078,0.085,0.139,0.029
2018-11-11 09:00:00,0.0,0.046,0.017,0.214,0.0,0.047,0.0,0.092,0.029,0.016,0.095,0.08,0.141,0.019
2018-11-11 10:00:00,0.003,0.062,0.015,0.206,0.0,0.088,0.0,0.083,0.017,0.015,0.11,0.076,0.134,0.017
2018-11-11 11:00:00,0.013,0.073,0.015,0.231,0.0,0.07,0.002,0.071,0.018,0.019,0.121,0.087,0.171,0.018
2018-11-11 12:00:00,0.029,0.081,0.016,0.269,0.0,0.087,0.01,0.061,0.015,0.021,0.152,0.105,0.133,0.024
2018-11-11 13:00:00,0.021,0.083,0.035,0.36,0.0,0.093,0.02,0.05,0.008,0.028,0.127,0.129,0.126,0.031
2018-11-11 14:00:00,0.023,0.081,0.047,0.441,0.0,0.062,0.026,0.034,0.004,0.021,0.115,0.092,0.148,0.048
2018-11-11 15:00:00,0.01,0.078,0.052,0.4,0.0,0.066,0.022,0.026,0.012,0.019,0.105,0.106,0.173,0.033
2018-11-11 16:00:00,0.002,0.068,0.011,0.309,0.0,0.062,0.026,0.033,0.012,0.031,0.103,0.075,0.14,0.023
2018-11-11 17:00:00,0.0,0.034,0.013,0.25,0.0,0.072,0.0,0.066,0.036,0.022,0.072,0.068,0.126,0.049
2018-11-11 18:00:00,0.005,0.019,0.016,0.255,0.0,0.074,0.0,0.069,0.037,0.021,0.057,0.073,0.162,0.045
2018-11-11 19:00:00,0.0,0.045,0.032,0.267,0.0,0.081,0.0,0.078,0.055,0.021,0.065,0.074,0.32,0.041
2018-11-11 20:00:00,0.031,0.032,0.032,0.276,0.0,0.077,0.0,0.086,0.057,0.022,0.074,0.08,0.323,0.069
2018-11-11 21:00:00,0.029,0.016,0.015,0.293,0.0,0.034,0.0,0.096,0.03,0.022,0.062,0.082,0.369,0.034
2018-11-11 22:00:00,0.023,0.014,0.027,0.274,0.0,0.036,0.0,0.106,0.021,0.022,0.07,0.082,0.322,0.031
2018-11-11 23:00:00,0.001,0.009,0.015,0.239,0.0,0.03,0.0,0.093,0.03,0.023,0.071,0.084,0.321,0.031
2018-11-12 00:00:00,0.0,0.004,0.016,0.248,0.0,0.028,0.0,0.094,0.047,0.023,0.08,0.082,0.332,0.03
2018-11-12 01:00:00,0.0,0.001,0.017,0.24,0.0,0.029,0.0,0.098,0.037,0.023,0.086,0.083,0.235,0.029
2018-11-12 02:00:00,0.0,0.001,0.017,0.232,0.0,0.034,0.0,0.093,0.036,0.024,0.077,0.082,0.157,0.028
2018-11-12 03:00:00,0.002,0.002,0.017,0.214,0.007,0.038,0.0,0.094,0.038,0.023,0.085,0.083,0.154,0.028
2018-11-12 04:00:00,0.0,0.002,0.02,0.219,0.001,0.051,0.001,0.091,0.042,0.022,0.086,0.083,0.152,0.047
2018-11-12 05:00:00,0.001,0.002,0.02,0.236,0.0,0.039,0.002,0.092,0.04,0.022,0.096,0.083,0.23,0.05
2018-11-12 06:00:00,0.001,0.001,0.017,0.196,0.001,0.031,0.0,0.092,0.052,0.021,0.096,0.083,0.351,0.034
2018-11-12 07:00:00,0.001,0.012,0.015,0.204,0.002,0.03,0.0,0.091,0.051,0.022,0.105,0.084,0.221,0.044
2018-11-12 08:00:00,0.001,0.016,0.012,0.211,0.0,0.034,0.0,0.09,0.051,0.02,0.112,0.081,0.271,0.029
2018-11-12 09:00:00,0.001,0.048,0.015,0.19,0.0,0.024,0.002,0.089,0.034,0.012,0.143,0.086,0.315,0.028
2018-11-12 10:00:00,0.0,0.075,0.038,0.233,0.0,0.018,0.008,0.076,0.015,0.007,0.164,0.136,0.167,0.05
2018-11-12 11:00:00,0.0,0.123,0.047,0.19,0.0,0.015,0.007,0.05,0.011,0.011,0.169,0.156,0.17,0.05
2018-11-12 12:00:00,0.0,0.098,0.063,0.149,0.007,0.021,0.006,0.037,0.003,0.018,0.204,0.159,0.162,0.089
2018-11-12 13:00:00,0.004,0.11,0.025,0.151,0.008,0.035,0.008,0.023,0.01,0.01,0.186,0.186,0.156,0.042
2018-11-12 14:00:00,0.007,0.095,0.023,0.254,0.003,0.016,0.009,0.013,0.006,0.006,0.162,0.154,0.147,0.067
2018-11-12 15:00:00,0.018,0.089,0.012,0.308,0.0,0.036,0.009,0.016,0.001,0.007,0.129,0.131,0.174,0.076
2018-11-12 16:00:00,0.007,0.084,0.015,0.298,0.001,0.041,0.008,0.027,0.0,0.011,0.104,0.091,0.243,0.032
2018-11-12 17:00:00,0.0,0.076,0.019,0.305,0.003,0.057,0.0,0.043,0.005,0.016,0.11,0.078,0.292,0.053
2018-11-12 18:00:00,0.005,0.034,0.016,0.292,0.003,0.051,0.005,0.049,0.008,0.018,0.078,0.072,0.206,0.109
2018-11-12 19:00:00,0.022,0.047,0.012,0.307,0.011,0.042,0.02,0.06,0.038,0.02,0.073,0.07,0.251,0.073
2018-11-12 20:00:00,0.021,0.057,0.029,0.336,0.003,0.048,0.027,0.073,0.027,0.021,0.092,0.076,0.233,0.067
2018-11-12 21:00:00,0.027,0.031,0.016,0.367,0.002,0.04,0.002,0.08,0.016,0.022,0.082,0.081,0.28,0.046
2018-11-12 22:00:00,0.026,0.021,0.041,0.325,0.001,0.02,0.0,0.08,0.018,0.023,0.098,0.082,0.174,0.029
2018-11-12 23:00:00,0.016,0.016,0.025,0.24,0.0,0.019,0.0,0.078,0.017,0.023,0.092,0.085,0.19,0.029
2018-11-13 00:00:00,0.0,0.007,0.011,0.228,0.001,0.05,0.0,0.077,0.031,0.023,0.084,0.081,0.334,0.027
2018-11-13 01:00:00,0.0,0.003,0.011,0.216,0.001,0.067,0.0,0.098,0.017,0.023,0.078,0.089,0.354,0.027
2018-11-13 02:00:00,0.0,0.002,0.01,0.216,0.001,0.032,0.0,0.086,0.015,0.022,0.065,0.078,0.388,0.022
2018-11-13 03:00:00,0.003,0.004,0.01,0.196,0.0,0.026,0.0,0.085,0.014,0.008,0.079,0.079,0.334,0.022
2018-11-13 04:00:00,0.016,0.005,0.014,0.244,0.0,0.04,0.0,0.082,0.018,0.007,0.094,0.074,0.368,0.055
2018-11-13 05:00:00,0.005,0.005,0.014,0.183,0.015,0.055,0.009,0.082,0.026,0.009,0.125,0.084,0.516,0.031
2018-11-13 06:00:00,0.007,0.009,0.009,0.16,0.013,0.039,0.0,0.082,0.026,0.008,0.141,0.057,0.555,0.023
2018-11-13 07:00:00,0.001,0.014,0.008,0.186,0.013,0.02,0.015,0.082,0.029,0.012,0.12,0.05,0.342,0.028
2018-11-13 08:00:00,0.001,0.017,0.008,0.218,0.0,0.026,0.011,0.082,0.022,0.01,0.118,0.049,0.357,0.022
2018-11-13 09:00:00,0.002,0.046,0.009,0.225,0.0,0.02,0.013,0.082,0.026,0.009,0.135,0.071,0.34,0.026
2018-11-13 10:00:00,0.0,0.061,0.008,0.245,0.0,0.023,0.008,0.041,0.027,0.009,0.214,0.07,0.313,0.027
2018-11-13 11:00:00,0.0,0.064,0.022,0.224,0.0,0.016,0.003,0.033,0.024,0.015,0.15,0.079,0.255,0.027
2018-11-13 12:00:00,0.0,0.065,0.041,0.202,0.0,0.016,0.0,0.031,0.013,0.02,0.152,0.077,0.269,0.026
2018-11-13 13:00:00,0.0,0.065,0.013,0.181,0.0,0.015,0.0,0.025,0.008,0.015,0.134,0.084,0.338,0.024
2018-11-13 14:00:00,0.0,0.065,0.015,0.255,0.0,0.024,0.0,0.022,0.018,0.012,0.114,0.087,0.146,0.026
2018-11-13 15:00:00,0.0,0.065,0.023,0.298,0.0,0.022,0.0,0.024,0.019,0.013,0.103,0.087,0.183,0.022
2018-11-13 16:00:00,0.001,0.064,0.014,0.27,0.001,0.033,0.0,0.033,0.013,0.015,0.105,0.09,0.151,0.022
2018-11-13 17:00:00,0.0,0.035,0.016,0.258,0.003,0.049,0.0,0.042,0.024,0.019,0.091,0.083,0.194,0.033
2018-11-13 18:00:00,0.005,0.023,0.017,0.293,0.004,0.068,0.0,0.044,0.024,0.02,0.087,0.078,0.131,0.054
2018-11-13 19:00:00,0.0,0.027,0.011,0.299,0.003,0.057,0.0,0.066,0.043,0.023,0.076,0.074,0.128,0.056
2018-11-13 20:00:00,0.0,0.026,0.02,0.341,0.012,0.039,0.0,0.074,0.046,0.023,0.09,0.087,0.135,0.037
2018-11-13 21:00:00,0.0,0.028,0.014,0.337,0.001,0.059,0.0,0.088,0.023,0.023,0.082,0.084,0.133,0.03
2018-11-13 22:00:00,0.0,0.014,0.012,0.286,0.001,0.037,0.0,0.091,0.031,0.024,0.101,0.084,0.131,0.024
2018-11-13 23:00:00,0.0,0.011,0.025,0.237,0.0,0.026,0.0,0.091,0.034,0.025,0.118,0.087,0.166,0.027
2018-11-14 00:00:00,0.0,0.005,0.015,0.237,0.0,0.034,0.0,0.092,0.049,0.025,0.088,0.084,0.166,0.03
2018-11-14 01:00:00,0.0,0.002,0.016,0.222,0.0,0.036,0.0,0.091,0.041,0.025,0.086,0.084,0.134,0.028
2018-11-14 02:00:00,0.0,0.001,0.016,0.217,0.0,0.037,0.0,0.091,0.041,0.025,0.079,0.084,0.143,0.028
2018-11-14 03:00:00,0.002,0.002,0.017,0.207,0.0,0.037,0.0,0.091,0.043,0.024,0.086,0.084,0.135,0.028
2018-11-14 04:00:00,0.0,0.002,0.02,0.2,0.0,0.039,0.0,0.089,0.047,0.024,0.086,0.084,0.134,0.034
2018-11-14 05:00:00,0.0,0.002,0.02,0.214,0.0,0.043,0.0,0.09,0.039,0.024,0.1,0.085,0.134,0.039
2018-11-14 06:00:00,0.0,0.002,0.016,0.191,0.0,0.036,0.0,0.09,0.047,0.023,0.097,0.085,0.134,0.032
2018-11-14 07:00:00,0.0,0.012,0.014,0.222,0.002,0.041,0.0,0.09,0.051,0.023,0.104,0.086,0.162,0.029
2018-11-14 08:00:00,0.0,0.016,0.013,0.224,0.003,0.051,0.0,0.09,0.051,0.023,0.107,0.088,0.175,0.03
2018-11-14 09:00:00,0.0,0.044,0.011,0.213,0.0,0.041,0.0,0.089,0.051,0.022,0.131,0.087,0.217,0.034
2018-11-14 10:00:00,0.0,0.058,0.015,0.235,0.0,0.057,0.0,0.089,0.05,0.022,0.167,0.091,0.265,0.031
2018-11-14 11:00:00,0.0,0.061,0.014,0.238,0.0,0.074,0.005,0.089,0.05,0.022,0.17,0.091,0.254,0.03
2018-11-14 12:00:00,0.0,0.063,0.013,0.222,0.0,0.067,0.0,0.089,0.044,0.022,0.173,0.096,0.222,0.033
2018-11-14 13:00:00,0.0,0.065,0.012,0.212,0.0,0.049,0.0,0.088,0.04,0.023,0.162,0.109,0.23,0.036
2018-11-14 14:00:00,0.0,0.078,0.016,0.236,0.0,0.057,0.0,0.088,0.043,0.022,0.137,0.117,0.15,0.031
2018-11-14 15:00:00,0.0,0.065,0.017,0.248,0.0,0.056,0.0,0.087,0.047,0.022,0.119,0.115,0.172,0.028
2018-11-14 16:00:00,0.0,0.061,0.018,0.253,0.0,0.051,0.0,0.087,0.049,0.022,0.099,0.112,0.159,0.033
2018-11-14 17:00:00,0.0,0.03,0.021,0.23,0.0,0.05,0.0,0.087,0.053,0.023,0.091,0.1,0.184,0.035
2018-11-14 18:00:00,0.006,0.018,0.02,0.258,0.001,0.036,0.01,0.089,0.045,0.023,0.104,0.091,0.162,0.043
2018-11-14 19:00:00,0.0,0.034,0.017,0.266,0.001,0.028,0.011,0.09,0.057,0.024,0.085,0.085,0.147,0.037
2018-11-14 20:00:00,0.0,0.03,0.022,0.279,0.001,0.031,0.012,0.091,0.05,0.024,0.097,0.085,0.148,0.032
2018-11-14 21:00:00,0.0,0.014,0.019,0.285,0.0,0.032,0.014,0.093,0.041,0.024,0.09,0.085,0.149,0.032
2018-11-14 22:00:00,0.0,0.012,0.02,0.246,0.0,0.058,0.004,0.093,0.046,0.025,0.111,0.085,0.149,0.033
2018-11-14 23:00:00,0.0,0.009,0.019,0.215,0.0,0.035,0.001,0.093,0.049,0.025,0.107,0.086,0.155,0.031
2018-11-15 00:00:00,0.0,0.006,0.02,0.217,0.0,0.032,0.004,0.094,0.052,0.026,0.1,0.089,0.157,0.03
2018-11-15 01:00:00,0.0,0.002,0.02,0.205,0.0,0.032,0.006,0.093,0.049,0.026,0.093,0.092,0.16,0.028
2018-11-15 02:00:00,0.0,0.002,0.02,0.202,0.0,0.033,0.002,0.092,0.049,0.025,0.087,0.092,0.165,0.028
2018-11-15 03:00:00,0.001,0.002,0.02,0.211,0.0,0.037,0.0,0.092,0.049,0.025,0.085,0.091,0.162,0.028
2018-11-15 04:00:00,0.0,0.002,0.02,0.19,0.0,0.037,0.0,0.09,0.048,0.024,0.084,0.091,0.153,0.034
2018-11-15 05:00:00,0.0,0.001,0.035,0.22,0.0,0.03,0.0,0.091,0.054,0.024,0.096,0.087,0.155,0.031
2018-11-15 06:00:00,0.0,0.012,0.018,0.2,0.0,0.055,0.0,0.09,0.053,0.023,0.094,0.084,0.158,0.029
2018-11-15 07:00:00,0.0,0.018,0.017,0.218,0.0,0.032,0.0,0.09,0.05,0.023,0.102,0.085,0.137,0.029
2018-11-15 08:00:00,0.0,0.015,0.016,0.226,0.0,0.031,0.0,0.089,0.05,0.023,0.106,0.087,0.152,0.029
2018-11-15 09:00:00,0.001,0.043,0.016,0.218,0.0,0.027,0.0,0.088,0.049,0.022,0.126,0.087,0.161,0.034
2018-11-15 10:00:00,0.0,0.056,0.011,0.218,0.0,0.023,0.0,0.087,0.048,0.021,0.145,0.089,0.176,0.048
2018-11-15 11:00:00,0.0,0.059,0.009,0.208,0.0,0.022,0.0,0.085,0.034,0.021,0.147,0.089,0.163,0.034
2018-11-15 12:00:00,0.0,0.06,0.01,0.176,0.0,0.036,0.0,0.084,0.031,0.021,0.147,0.094,0.162,0.031
2018-11-15 13:00:00,0.0,0.061,0.009,0.172,0.0,0.038,0.0,0.082,0.02,0.021,0.132,0.108,0.16,0.031
2018-11-15 14:00:00,0.0,0.062,0.013,0.216,0.0,0.025,0.0,0.081,0.009,0.021,0.109,0.113,0.159,0.038
2018-11-15 15:00:00,0.0,0.062,0.013,0.229,0.0,0.035,0.0,0.08,0.026,0.021,0.101,0.109,0.152,0.029
2018-11-15 16:00:00,0.0,0.059,0.016,0.235,0.0,0.06,0.0,0.08,0.03,0.021,0.103,0.107,0.157,0.028
2018-11-15 17:00:00,0.0,0.03,0.025,0.214,0.001,0.025,0.0,0.08,0.037,0.021,0.086,0.095,0.141,0.039
2018-11-15 18:00:00,0.005,0.018,0.031,0.24,0.002,0.027,0.001,0.082,0.038,0.022,0.082,0.087,0.217,0.031
2018-11-15 19:00:00,0.0,0.02,0.049,0.258,0.002,0.056,0.0,0.082,0.046,0.022,0.073,0.081,0.198,0.035
2018-11-15 20:00:00,0.0,0.019,0.018,0.273,0.002,0.037,0.0,0.084,0.042,0.023,0.087,0.082,0.324,0.03
2018-11-15 21:00:00,0.0,0.015,0.014,0.279,0.001,0.042,0.0,0.086,0.025,0.023,0.078,0.08,0.375,0.029
2018-11-15 22:00:00,0.0,0.01,0.013,0.253,0.0,0.023,0.0,0.086,0.025,0.023,0.1,0.08,0.358,0.03
2018-11-15 23:00:00,0.0,0.008,0.013,0.203,0.0,0.04,0.0,0.085,0.026,0.024,0.095,0.081,0.381,0.03
2018-11-16 00:00:00,0.0,0.004,0.013,0.199,0.0,0.025,0.0,0.085,0.039,0.024,0.086,0.08,0.408,0.028
2018-11-16 01:00:00,0.0,0.001,0.013,0.189,0.0,0.026,0.0,0.085,0.029,0.023,0.082,0.079,0.38,0.026
2018-11-16 02:00:00,0.0,0.001,0.012,0.183,0.0,0.031,0.0,0.081,0.027,0.023,0.073,0.079,0.398,0.024
2018-11-16 03:00:00,0.002,0.002,0.011,0.174,0.0,0.035,0.0,0.081,0.026,0.022,0.081,0.079,0.388,0.023
2018-11-16 04:00:00,0.0,0.001,0.015,0.184,0.002,0.03,0.0,0.079,0.026,0.021,0.083,0.079,0.352,0.04
2018-11-16 05:00:00,0.0,0.005,0.029,0.166,0.0,0.034,0.0,0.079,0.026,0.021,0.091,0.078,0.343,0.032
2018-11-16 06:00:00,0.0,0.004,0.028,0.148,0.0,0.027,0.0,0.078,0.045,0.02,0.093,0.079,0.362,0.03
2018-11-16 07:00:00,0.0,0.012,0.029,0.171,0.0,0.032,0.0,0.078,0.057,0.02,0.103,0.079,0.316,0.028
2018-11-16 08:00:00,0.001,0.015,0.042,0.184,0.008,0.029,0.0,0.077,0.039,0.019,0.106,0.081,0.249,0.021
2018-11-16 09:00:00,0.001,0.044,0.011,0.195,0.0,0.024,0.014,0.077,0.035,0.017,0.125,0.076,0.298,0.023
2018-11-16 10:00:00,0.0,0.058,0.009,0.215,0.0,0.02,0.0,0.076,0.031,0.016,0.142,0.067,0.226,0.021
2018-11-16 11:00:00,0.0,0.061,0.007,0.21,0.009,0.023,0.0,0.068,0.016,0.018,0.15,0.074,0.2,0.02
2018-11-16 12:00:00,0.0,0.063,0.022,0.152,0.0,0.029,0.0,0.057,0.013,0.02,0.146,0.075,0.152,0.015
2018-11-16 13:00:00,0.0,0.064,0.004,0.17,0.0,0.026,0.0,0.046,0.014,0.019,0.129,0.085,0.143,0.017
2018-11-16 14:00:00,0.0,0.063,0.008,0.199,0.0,0.014,0.0,0.038,0.004,0.017,0.107,0.088,0.136,0.019
2018-11-16 15:00:00,0.0,0.063,0.01,0.208,0.0,0.04,0.0,0.038,0.012,0.017,0.094,0.091,0.253,0.015
2018-11-16 16:00:00,0.0,0.066,0.014,0.23,0.001,0.024,0.0,0.038,0.015,0.018,0.093,0.091,0.189,0.016
2018-11-16 17:00:00,0.0,0.032,0.03,0.215,0.002,0.015,0.0,0.05,0.022,0.018,0.081,0.084,0.133,0.034
2018-11-16 18:00:00,0.005,0.022,0.034,0.231,0.003,0.024,0.0,0.05,0.022,0.018,0.079,0.076,0.132,0.047
2018-11-16 19:00:00,0.0,0.041,0.023,0.259,0.003,0.024,0.0,0.06,0.033,0.02,0.071,0.067,0.134,0.035
2018-11-16 20:00:00,0.0,0.035,0.017,0.283,0.003,0.037,0.0,0.057,0.041,0.021,0.086,0.071,0.251,0.046
2018-11-16 21:00:00,0.0,0.021,0.012,0.272,0.002,0.022,0.0,0.066,0.014,0.021,0.078,0.077,0.356,0.035
2018-11-16 22:00:00,0.0,0.021,0.01,0.292,0.001,0.062,0.0,0.064,0.008,0.022,0.094,0.078,0.357,0.031
2018-11-16 23:00:00,0.0,0.012,0.009,0.211,0.0,0.039,0.0,0.056,0.008,0.022,0.085,0.079,0.255,0.022
2018-11-17 00:00:00,0.0,0.023,0.008,0.207,0.001,0.018,0.0,0.053,0.021,0.022,0.06,0.074,0.134,0.018
2018-11-17 01:00:00,0.0,0.003,0.008,0.194,0.001,0.019,0.0,0.084,0.006,0.022,0.048,0.07,0.14,0.02
2018-11-17 02:00:00,0.0,0.001,0.008,0.185,0.0,0.029,0.0,0.077,0.003,0.02,0.036,0.07,0.149,0.013
2018-11-17 03:00:00,0.003,0.002,0.008,0.154,0.0,0.025,0.0,0.077,0.002,0.006,0.049,0.071,0.135,0.013
2018-11-17 04:00:00,0.0,0.001,0.012,0.154,0.0,0.021,0.0,0.076,0.002,0.004,0.052,0.068,0.131,0.017
2018-11-17 05:00:00,0.001,0.004,0.012,0.15,0.0,0.026,0.0,0.076,0.002,0.006,0.067,0.07,0.437,0.013
2018-11-17 06:00:00,0.001,0.003,0.011,0.17,0.0,0.025,0.028,0.074,0.02,0.006,0.066,0.043,0.236,0.011
2018-11-17 07:00:00,0.002,0.013,0.032,0.217,0.0,0.018,0.022,0.072,0.021,0.005,0.072,0.044,0.169,0.037
2018-11-17 08:00:00,0.001,0.031,0.026,0.191,0.0,0.021,0.0,0.067,0.012,0.003,0.073,0.051,0.225,0.028
2018-11-17 09:00:00,0.001,0.046,0.057,0.216,0.009,0.03,0.001,0.059,0.008,0.0,0.092,0.046,0.215,0.033
2018-11-17 10:00:00,0.0,0.062,0.075,0.233,0.0,0.013,0.006,0.017,0.0,0.0,0.106,0.042,0.154,0.039
2018-11-17 11:00:00,0.0,0.068,0.102,0.212,0.025,0.016,0.0,0.0,0.0,0.006,0.129,0.038,0.159,0.032
2018-11-17 12:00:00,0.012,0.066,0.057,0.187,0.005,0.039,0.0,0.0,0.0,0.016,0.146,0.044,0.249,0.033
2018-11-17 13:00:00,0.003,0.067,0.04,0.148,0.0,0.04,0.0,0.0,0.0,0.018,0.149,0.05,0.22,0.062
2018-11-17 14:00:00,0.0,0.067,0.024,0.141,0.0,0.031,0.0,0.0,0.005,0.017,0.117,0.037,0.14,0.032
2018-11-17 15:00:00,0.0,0.067,0.02,0.142,0.0,0.038,0.0,0.004,0.025,0.017,0.107,0.037,0.116,0.014
2018-11-17 16:00:00,0.015,0.066,0.017,0.171,0.003,0.027,0.0,0.02,0.016,0.02,0.096,0.054,0.138,0.033
2018-11-17 17:00:00,0.0,0.041,0.018,0.24,0.006,0.029,0.0,0.04,0.037,0.021,0.08,0.067,0.129,0.058
2018-11-17 18:00:00,0.005,0.03,0.018,0.261,0.006,0.058,0.0,0.045,0.047,0.022,0.083,0.08,0.137,0.067
2018-11-17 19:00:00,0.01,0.03,0.011,0.298,0.006,0.045,0.0,0.05,0.058,0.022,0.065,0.082,0.189,0.061
2018-11-17 20:00:00,0.001,0.028,0.011,0.315,0.005,0.034,0.0,0.058,0.072,0.023,0.083,0.083,0.193,0.055
2018-11-17 21:00:00,0.002,0.028,0.03,0.311,0.004,0.028,0.0,0.069,0.031,0.025,0.076,0.094,0.137,0.048
2018-11-17 22:00:00,0.001,0.023,0.033,0.318,0.003,0.026,0.0,0.073,0.018,0.025,0.068,0.083,0.132,0.041
2018-11-17 23:00:00,0.001,0.017,0.012,0.24,0.002,0.059,0.0,0.076,0.013,0.025,0.057,0.086,0.159,0.031
2018-11-18 00:00:00,0.0,0.006,0.012,0.224,0.001,0.03,0.0,0.08,0.032,0.025,0.052,0.081,0.175,0.023
2018-11-18 01:00:00,0.0,0.003,0.012,0.207,0.0,0.032,0.012,0.093,0.022,0.024,0.057,0.081,0.134,0.024
2018-11-18 02:00:00,0.0,0.004,0.012,0.199,0.0,0.036,0.0,0.085,0.021,0.024,0.049,0.081,0.14,0.021
2018-11-18 03:00:00,0.002,0.003,0.013,0.186,0.0,0.035,0.0,0.085,0.023,0.018,0.064,0.081,0.126,0.022
2018-11-18 04:00:00,0.0,0.004,0.018,0.178,0.0,0.032,0.0,0.086,0.029,0.02,0.067,0.082,0.127,0.026
2018-11-18 05:00:00,0.0,0.004,0.019,0.177,0.0,0.034,0.0,0.086,0.028,0.023,0.08,0.083,0.127,0.027
2018-11-18 06:00:00,0.0,0.001,0.019,0.192,0.0,0.03,0.0,0.085,0.045,0.022,0.071,0.082,0.127,0.026
2018-11-18 07:00:00,0.0,0.011,0.018,0.213,0.0,0.021,0.0,0.085,0.05,0.023,0.077,0.082,0.129,0.024
2018-11-18 08:00:00,0.0,0.015,0.014,0.213,0.01,0.019,0.0,0.085,0.055,0.017,0.076,0.084,0.134,0.019
2018-11-18 09:00:00,0.001,0.045,0.013,0.183,0.012,0.009,0.0,0.084,0.027,0.015,0.091,0.082,0.142,0.026
2018-11-18 10:00:00,0.009,0.061,0.032,0.173,0.03,0.019,0.0,0.075,0.021,0.011,0.115,0.093,0.137,0.016
2018-11-18 11:00:00,0.025,0.067,0.045,0.149,0.0,0.067,0.0,0.058,0.008,0.015,0.113,0.109,0.144,0.019
2018-11-18 12:00:00,0.011,0.065,0.045,0.171,0.0,0.063,0.0,0.049,0.003,0.02,0.128,0.13,0.142,0.014
2018-11-18 13:00:00,0.01,0.066,0.037,0.18,0.0,0.086,0.0,0.052,0.002,0.021,0.121,0.119,0.131,0.015
2018-11-18 14:00:00,0.017,0.066,0.021,0.188,0.0,0.064,0.0,0.039,0.0,0.02,0.098,0.085,0.135,0.024
2018-11-18 15:00:00,0.003,0.066,0.015,0.176,0.001,0.078,0.0,0.042,0.002,0.02,0.105,0.057,0.139,0.021
2018-11-18 16:00:00,0.015,0.062,0.014,0.211,0.0,0.028,0.006,0.053,0.003,0.019,0.104,0.06,0.16,0.044
2018-11-18 17:00:00,0.0,0.031,0.015,0.195,0.0,0.034,0.0,0.07,0.018,0.021,0.068,0.067,0.144,0.06
2018-11-18 18:00:00,0.005,0.029,0.016,0.221,0.0,0.025,0.0,0.079,0.025,0.021,0.089,0.07,0.256,0.058
2018-11-18 19:00:00,0.0,0.016,0.012,0.246,0.0,0.033,0.0,0.084,0.048,0.022,0.073,0.071,0.339,0.072
2018-11-18 20:00:00,0.001,0.026,0.01,0.254,0.0,0.044,0.0,0.087,0.038,0.022,0.086,0.077,0.346,0.044
2018-11-18 21:00:00,0.024,0.016,0.013,0.283,0.0,0.032,0.0,0.087,0.019,0.022,0.071,0.082,0.332,0.051
2018-11-18 22:00:00,0.004,0.014,0.012,0.265,0.0,0.054,0.0,0.087,0.017,0.023,0.066,0.08,0.34,0.036
2018-11-18 23:00:00,0.001,0.009,0.027,0.213,0.0,0.026,0.0,0.087,0.017,0.023,0.065,0.082,0.336,0.035
2018-11-19 00:00:00,0.0,0.004,0.012,0.211,0.0,0.02,0.0,0.087,0.033,0.023,0.074,0.08,0.317,0.026
2018-11-19 01:00:00,0.0,0.001,0.012,0.201,0.0,0.028,0.0,0.092,0.019,0.023,0.081,0.079,0.249,0.029
2018-11-19 02:00:00,0.0,0.001,0.012,0.19,0.0,0.033,0.0,0.085,0.018,0.023,0.071,0.079,0.211,0.023
2018-11-19 03:00:00,0.002,0.002,0.012,0.171,0.0,0.03,0.0,0.085,0.028,0.016,0.084,0.079,0.225,0.023
2018-11-19 04:00:00,0.0,0.002,0.016,0.168,0.0,0.039,0.0,0.082,0.032,0.015,0.084,0.079,0.157,0.029
2018-11-19 05:00:00,0.0,0.003,0.015,0.183,0.0,0.068,0.007,0.083,0.04,0.014,0.092,0.079,0.132,0.025
2018-11-19 06:00:00,0.039,0.002,0.009,0.152,0.007,0.028,0.0,0.082,0.051,0.014,0.095,0.061,0.138,0.019
2018-11-19 07:00:00,0.007,0.013,0.007,0.166,0.0,0.044,0.0,0.081,0.023,0.014,0.107,0.06,0.146,0.022
2018-11-19 08:00:00,0.001,0.016,0.007,0.176,0.0,0.019,0.0,0.081,0.024,0.012,0.11,0.064,0.228,0.022
2018-11-19 09:00:00,0.001,0.045,0.007,0.179,0.0,0.015,0.0,0.079,0.025,0.008,0.131,0.063,0.272,0.023
2018-11-19 10:00:00,0.0,0.06,0.008,0.17,0.0,0.011,0.007,0.04,0.014,0.006,0.148,0.064,0.239,0.023
2018-11-19 11:00:00,0.0,0.064,0.007,0.19,0.0,0.009,0.002,0.028,0.019,0.012,0.146,0.054,0.318,0.027
2018-11-19 12:00:00,0.0,0.066,0.006,0.136,0.0,0.013,0.0,0.026,0.0,0.017,0.152,0.057,0.412,0.027
2018-11-19 13:00:00,0.002,0.068,0.004,0.141,0.0,0.045,0.0,0.024,0.0,0.01,0.144,0.07,0.351,0.013
2018-11-19 14:00:00,0.007,0.068,0.007,0.243,0.0,0.032,0.002,0.019,0.004,0.007,0.124,0.079,0.385,0.021
2018-11-19 15:00:00,0.011,0.07,0.006,0.28,0.0,0.04,0.003,0.017,0.0,0.01,0.113,0.08,0.166,0.03
2018-11-19 16:00:00,0.019,0.073,0.011,0.247,0.001,0.037,0.002,0.022,0.005,0.01,0.095,0.078,0.136,0.037
2018-11-19 17:00:00,0.0,0.06,0.012,0.192,0.003,0.027,0.001,0.034,0.008,0.014,0.094,0.076,0.161,0.051
2018-11-19 18:00:00,0.005,0.025,0.044,0.25,0.003,0.037,0.003,0.037,0.013,0.017,0.083,0.07,0.15,0.058
2018-11-19 19:00:00,0.003,0.029,0.061,0.269,0.003,0.043,0.0,0.046,0.038,0.02,0.069,0.062,0.124,0.057
2018-11-19 20:00:00,0.004,0.063,0.035,0.316,0.003,0.042,0.0,0.054,0.025,0.021,0.115,0.069,0.14,0.037
2018-11-19 21:00:00,0.0,0.039,0.01,0.308,0.016,0.027,0.013,0.064,0.011,0.022,0.083,0.079,0.14,0.028
2018-11-19 22:00:00,0.0,0.018,0.011,0.268,0.001,0.019,0.0,0.077,0.009,0.023,0.102,0.082,0.141,0.029
2018-11-19 23:00:00,0.0,0.014,0.01,0.215,0.0,0.024,0.0,0.078,0.011,0.024,0.094,0.085,0.141,0.027
2018-11-20 00:00:00,0.0,0.007,0.011,0.224,0.001,0.024,0.0,0.082,0.029,0.024,0.085,0.082,0.142,0.026
2018-11-20 01:00:00,0.0,0.002,0.012,0.209,0.001,0.027,0.0,0.093,0.016,0.024,0.081,0.081,0.141,0.026
2018-11-20 02:00:00,0.0,0.002,0.012,0.203,0.001,0.035,0.0,0.086,0.016,0.023,0.067,0.081,0.151,0.022
2018-11-20 03:00:00,0.003,0.004,0.012,0.185,0.0,0.034,0.0,0.085,0.016,0.017,0.079,0.081,0.139,0.021
2018-11-20 04:00:00,0.0,0.004,0.017,0.187,0.0,0.032,0.0,0.083,0.02,0.017,0.089,0.081,0.138,0.028
2018-11-20 05:00:00,0.001,0.01,0.033,0.215,0.0,0.031,0.0,0.083,0.017,0.018,0.093,0.082,0.134,0.026
2018-11-20 06:00:00,0.003,0.02,0.04,0.172,0.0,0.054,0.0,0.083,0.04,0.016,0.103,0.059,0.136,0.033
2018-11-20 07:00:00,0.001,0.013,0.044,0.198,0.0,0.069,0.0,0.082,0.036,0.016,0.115,0.055,0.139,0.037
2018-11-20 08:00:00,0.001,0.017,0.071,0.193,0.0,0.048,0.0,0.082,0.02,0.015,0.112,0.052,0.141,0.065
2018-11-20 09:00:00,0.001,0.048,0.03,0.209,0.0,0.023,0.0,0.081,0.02,0.011,0.132,0.051,0.179,0.05
2018-11-20 10:00:00,0.0,0.062,0.013,0.206,0.0,0.022,0.0,0.054,0.017,0.01,0.151,0.053,0.25,0.039
2018-11-20 11:00:00,0.0,0.074,0.009,0.192,0.0,0.021,0.0,0.049,0.019,0.017,0.148,0.055,0.307,0.039
2018-11-20 12:00:00,0.0,0.07,0.006,0.159,0.0,0.019,0.0,0.043,0.006,0.02,0.154,0.059,0.199,0.043
2018-11-20 13:00:00,0.0,0.071,0.005,0.158,0.0,0.053,0.0,0.037,0.001,0.018,0.137,0.078,0.243,0.018
2018-11-20 14:00:00,0.0,0.07,0.008,0.223,0.017,0.023,0.0,0.034,0.004,0.016,0.111,0.087,0.251,0.044
2018-11-20 15:00:00,0.0,0.105,0.01,0.244,0.0,0.036,0.0,0.034,0.009,0.016,0.096,0.087,0.145,0.017
2018-11-20 16:00:00,0.0,0.065,0.024,0.245,0.017,0.028,0.0,0.041,0.012,0.016,0.099,0.088,0.157,0.039
2018-11-20 17:00:00,0.0,0.035,0.049,0.235,0.002,0.029,0.0,0.052,0.022,0.022,0.091,0.084,0.179,0.049
2018-11-20 18:00:00,0.005,0.024,0.071,0.279,0.003,0.03,0.0,0.057,0.026,0.021,0.084,0.08,0.139,0.059
2018-11-20 19:00:00,0.0,0.028,0.033,0.282,0.003,0.04,0.0,0.071,0.047,0.022,0.081,0.071,0.166,0.076
2018-11-20 20:00:00,0.0,0.025,0.02,0.313,0.003,0.047,0.0,0.08,0.036,0.023,0.1,0.079,0.174,0.044
2018-11-20 21:00:00,0.0,0.038,0.015,0.31,0.002,0.03,0.0,0.087,0.019,0.023,0.091,0.083,0.145,0.045
2018-11-20 22:00:00,0.0,0.026,0.013,0.262,0.001,0.031,0.0,0.088,0.018,0.024,0.103,0.084,0.141,0.053
2018-11-20 23:00:00,0.0,0.011,0.013,0.214,0.0,0.026,0.0,0.088,0.03,0.024,0.098,0.086,0.137,0.03
2018-11-21 00:00:00,0.0,0.005,0.013,0.217,0.0,0.03,0.0,0.089,0.035,0.025,0.091,0.084,0.138,0.03
2018-11-21 01:00:00,0.0,0.002,0.014,0.202,0.0,0.031,0.0,0.09,0.033,0.024,0.088,0.084,0.156,0.03
2018-11-21 02:00:00,0.0,0.001,0.014,0.201,0.0,0.034,0.0,0.087,0.031,0.024,0.078,0.083,0.171,0.029
2018-11-21 03:00:00,0.003,0.002,0.013,0.189,0.0,0.039,0.0,0.086,0.031,0.021,0.085,0.084,0.136,0.029
2018-11-21 04:00:00,0.0,0.002,0.016,0.182,0.0,0.031,0.0,0.084,0.031,0.019,0.089,0.083,0.136,0.036
2018-11-21 05:00:00,0.0,0.003,0.014,0.176,0.0,0.026,0.0,0.085,0.021,0.019,0.103,0.083,0.161,0.039
2018-11-21 06:00:00,0.0,0.002,0.01,0.163,0.0,0.018,0.0,0.083,0.042,0.018,0.099,0.073,0.136,0.04
2018-11-21 07:00:00,0.0,0.012,0.01,0.244,0.0,0.019,0.0,0.083,0.051,0.018,0.108,0.081,0.15,0.028
2018-11-21 08:00:00,0.0,0.015,0.01,0.201,0.0,0.028,0.0,0.083,0.039,0.017,0.113,0.093,0.172,0.026
2018-11-21 09:00:00,0.0,0.045,0.01,0.23,0.0,0.03,0.0,0.082,0.037,0.014,0.132,0.075,0.353,0.025
2018-11-21 10:00:00,0.002,0.059,0.007,0.243,0.0,0.027,0.0,0.064,0.031,0.013,0.152,0.078,0.29,0.036
2018-11-21 11:00:00,0.0,0.063,0.009,0.224,0.0,0.022,0.0,0.051,0.026,0.017,0.151,0.073,0.31,0.023
2018-11-21 12:00:00,0.0,0.064,0.01,0.175,0.0,0.022,0.0,0.043,0.021,0.02,0.147,0.079,0.168,0.016
2018-11-21 13:00:00,0.0,0.065,0.006,0.16,0.0,0.031,0.0,0.046,0.017,0.019,0.133,0.083,0.227,0.02
2018-11-21 14:00:00,0.0,0.065,0.02,0.222,0.0,0.026,0.0,0.049,0.016,0.019,0.114,0.091,0.277,0.035
2018-11-21 15:00:00,0.0,0.065,0.037,0.254,0.0,0.034,0.0,0.058,0.03,0.021,0.108,0.097,0.169,0.022
2018-11-21 16:00:00,0.006,0.061,0.022,0.249,0.0,0.033,0.0,0.072,0.031,0.021,0.107,0.106,0.191,0.037
2018-11-21 17:00:00,0.0,0.037,0.019,0.228,0.001,0.034,0.0,0.082,0.047,0.021,0.087,0.098,0.246,0.043
2018-11-21 18:00:00,0.004,0.018,0.029,0.251,0.002,0.035,0.0,0.084,0.051,0.022,0.086,0.092,0.132,0.04
2018-11-21 19:00:00,0.0,0.018,0.035,0.262,0.001,0.036,0.001,0.087,0.061,0.023,0.079,0.085,0.133,0.035
2018-11-21 20:00:00,0.004,0.017,0.022,0.269,0.001,0.043,0.007,0.088,0.051,0.023,0.09,0.085,0.145,0.031
2018-11-21 21:00:00,0.005,0.012,0.018,0.259,0.0,0.038,0.011,0.09,0.049,0.024,0.087,0.085,0.151,0.031
2018-11-21 22:00:00,0.0,0.009,0.023,0.235,0.0,0.035,0.003,0.09,0.05,0.024,0.108,0.085,0.149,0.032
2018-11-21 23:00:00,0.0,0.008,0.019,0.22,0.0,0.035,0.001,0.09,0.05,0.025,0.105,0.087,0.152,0.032
2018-11-22 00:00:00,0.0,0.004,0.019,0.221,0.0,0.036,0.004,0.091,0.052,0.026,0.099,0.091,0.152,0.031
2018-11-22 01:00:00,0.0,0.001,0.02,0.209,0.0,0.035,0.007,0.09,0.05,0.025,0.092,0.093,0.154,0.029
2018-11-22 02:00:00,0.0,0.001,0.02,0.206,0.0,0.035,0.002,0.09,0.05,0.025,0.087,0.093,0.162,0.029
2018-11-22 03:00:00,0.0,0.001,0.022,0.204,0.0,0.035,0.0,0.091,0.05,0.024,0.086,0.092,0.158,0.029
2018-11-22 04:00:00,0.0,0.001,0.02,0.198,0.0,0.035,0.0,0.089,0.05,0.024,0.085,0.092,0.158,0.034
2018-11-22 05:00:00,0.019,0.001,0.019,0.2,0.0,0.035,0.0,0.09,0.049,0.024,0.094,0.088,0.158,0.032
2018-11-22 06:00:00,0.02,0.032,0.018,0.191,0.0,0.03,0.007,0.089,0.054,0.023,0.093,0.086,0.159,0.03
2018-11-22 07:00:00,0.01,0.043,0.018,0.21,0.0,0.033,0.0,0.089,0.05,0.023,0.101,0.086,0.181,0.031
2018-11-22 08:00:00,0.0,0.035,0.017,0.214,0.0,0.034,0.0,0.088,0.05,0.023,0.104,0.088,0.162,0.03
2018-11-22 09:00:00,0.002,0.053,0.017,0.222,0.0,0.033,0.0,0.087,0.05,0.022,0.124,0.088,0.168,0.034
2018-11-22 10:00:00,0.0,0.064,0.016,0.224,0.0,0.034,0.0,0.087,0.049,0.022,0.142,0.09,0.168,0.035
2018-11-22 11:00:00,0.0,0.063,0.015,0.222,0.0,0.033,0.0,0.086,0.051,0.021,0.142,0.09,0.169,0.035
2018-11-22 12:00:00,0.0,0.058,0.014,0.216,0.0,0.033,0.0,0.086,0.048,0.022,0.147,0.094,0.168,0.035
2018-11-22 13:00:00,0.0,0.06,0.012,0.195,0.0,0.033,0.0,0.085,0.046,0.022,0.14,0.107,0.168,0.035
2018-11-22 14:00:00,0.004,0.061,0.014,0.226,0.0,0.035,0.0,0.085,0.048,0.022,0.12,0.113,0.167,0.035
2018-11-22 15:00:00,0.0,0.06,0.015,0.239,0.0,0.041,0.008,0.084,0.048,0.022,0.105,0.11,0.163,0.033
2018-11-22 16:00:00,0.0,0.056,0.018,0.233,0.0,0.032,0.0,0.084,0.048,0.022,0.096,0.107,0.174,0.034
2018-11-22 17:00:00,0.0,0.029,0.019,0.216,0.0,0.031,0.002,0.084,0.049,0.023,0.078,0.098,0.165,0.032
2018-11-22 18:00:00,0.005,0.026,0.019,0.239,0.001,0.031,0.01,0.086,0.048,0.023,0.08,0.09,0.156,0.029
2018-11-22 19:00:00,0.0,0.035,0.037,0.241,0.001,0.048,0.011,0.087,0.054,0.024,0.079,0.084,0.157,0.032
2018-11-22 20:00:00,0.001,0.038,0.024,0.246,0.0,0.043,0.01,0.088,0.049,0.024,0.089,0.084,0.159,0.03
2018-11-22 21:00:00,0.0,0.016,0.02,0.244,0.0,0.026,0.011,0.089,0.047,0.024,0.087,0.084,0.16,0.038
2018-11-22 22:00:00,0.0,0.005,0.017,0.218,0.0,0.031,0.003,0.089,0.047,0.024,0.105,0.084,0.16,0.031
2018-11-22 23:00:00,0.0,0.005,0.018,0.196,0.0,0.031,0.0,0.089,0.047,0.025,0.102,0.085,0.163,0.031
2018-11-23 00:00:00,0.0,0.004,0.018,0.198,0.0,0.051,0.002,0.09,0.049,0.025,0.095,0.087,0.16,0.03
2018-11-23 01:00:00,0.0,0.001,0.019,0.19,0.0,0.032,0.003,0.09,0.048,0.025,0.089,0.091,0.16,0.029
2018-11-23 02:00:00,0.0,0.001,0.019,0.19,0.0,0.033,0.001,0.089,0.047,0.025,0.084,0.09,0.165,0.028
2018-11-23 03:00:00,0.0,0.002,0.025,0.191,0.0,0.034,0.0,0.09,0.045,0.025,0.083,0.09,0.161,0.028
2018-11-23 04:00:00,0.0,0.007,0.021,0.189,0.0,0.033,0.0,0.089,0.045,0.024,0.082,0.088,0.161,0.049
2018-11-23 05:00:00,0.0,0.003,0.02,0.188,0.001,0.033,0.0,0.091,0.044,0.025,0.089,0.084,0.16,0.031
2018-11-23 06:00:00,0.0,0.039,0.019,0.185,0.0,0.032,0.0,0.091,0.049,0.024,0.088,0.084,0.156,0.03
2018-11-23 07:00:00,0.0,0.055,0.019,0.204,0.0,0.032,0.003,0.091,0.048,0.024,0.096,0.084,0.162,0.03
2018-11-23 08:00:00,0.0,0.038,0.017,0.204,0.0,0.032,0.0,0.09,0.058,0.024,0.1,0.086,0.17,0.029
2018-11-23 09:00:00,0.0,0.068,0.015,0.199,0.0,0.031,0.0,0.088,0.047,0.022,0.129,0.086,0.282,0.033
2018-11-23 10:00:00,0.0,0.064,0.017,0.202,0.0,0.027,0.0,0.086,0.036,0.021,0.166,0.092,0.404,0.034
2018-11-23 11:00:00,0.002,0.061,0.037,0.196,0.0,0.031,0.0,0.083,0.019,0.02,0.177,0.101,0.396,0.033
2018-11-23 12:00:00,0.004,0.073,0.037,0.176,0.0,0.046,0.0,0.081,0.014,0.02,0.179,0.116,0.322,0.031
2018-11-23 13:00:00,0.004,0.075,0.024,0.168,0.0,0.075,0.0,0.08,0.005,0.021,0.196,0.128,0.221,0.029
2018-11-23 14:00:00,0.004,0.073,0.007,0.213,0.0,0.027,0.007,0.076,0.003,0.02,0.138,0.126,0.185,0.024
2018-11-23 15:00:00,0.003,0.086,0.008,0.23,0.0,0.043,0.0,0.068,0.015,0.02,0.115,0.113,0.235,0.024
2018-11-23 16:00:00,0.0,0.064,0.013,0.223,0.0,0.028,0.0,0.07,0.019,0.029,0.094,0.107,0.16,0.037
2018-11-23 17:00:00,0.0,0.043,0.015,0.207,0.001,0.025,0.0,0.074,0.027,0.02,0.076,0.096,0.153,0.035
2018-11-23 18:00:00,0.005,0.015,0.02,0.212,0.001,0.037,0.0,0.075,0.047,0.021,0.073,0.087,0.138,0.036
2018-11-23 19:00:00,0.0,0.018,0.012,0.228,0.001,0.036,0.0,0.079,0.055,0.022,0.074,0.079,0.148,0.034
2018-11-23 20:00:00,0.0,0.019,0.032,0.229,0.001,0.061,0.0,0.081,0.039,0.022,0.087,0.08,0.152,0.031
2018-11-23 21:00:00,0.002,0.014,0.012,0.232,0.0,0.033,0.0,0.084,0.021,0.022,0.078,0.08,0.152,0.031
2018-11-23 22:00:00,0.001,0.01,0.011,0.205,0.0,0.025,0.0,0.083,0.02,0.023,0.101,0.079,0.153,0.031
2018-11-23 23:00:00,0.0,0.007,0.01,0.173,0.0,0.025,0.0,0.082,0.022,0.023,0.097,0.079,0.168,0.034
2018-11-24 00:00:00,0.0,0.005,0.011,0.185,0.0,0.024,0.0,0.083,0.033,0.024,0.076,0.078,0.143,0.029
2018-11-24 01:00:00,0.0,0.002,0.013,0.172,0.0,0.025,0.0,0.082,0.024,0.023,0.061,0.078,0.145,0.027
2018-11-24 02:00:00,0.0,0.001,0.014,0.168,0.0,0.03,0.0,0.081,0.024,0.024,0.056,0.078,0.152,0.027
2018-11-24 03:00:00,0.002,0.001,0.014,0.153,0.0,0.028,0.0,0.082,0.028,0.022,0.058,0.079,0.15,0.027
2018-11-24 04:00:00,0.0,0.001,0.017,0.147,0.0,0.026,0.0,0.082,0.031,0.022,0.058,0.079,0.149,0.03
2018-11-24 05:00:00,0.0,0.004,0.018,0.145,0.0,0.044,0.0,0.083,0.032,0.023,0.07,0.08,0.149,0.03
2018-11-24 06:00:00,0.0,0.017,0.018,0.142,0.0,0.036,0.0,0.083,0.043,0.022,0.062,0.079,0.149,0.032
2018-11-24 07:00:00,0.006,0.029,0.017,0.181,0.0,0.038,0.0,0.082,0.047,0.022,0.069,0.08,0.154,0.041
2018-11-24 08:00:00,0.006,0.014,0.03,0.18,0.0,0.036,0.0,0.082,0.042,0.022,0.075,0.082,0.201,0.028
2018-11-24 09:00:00,0.006,0.043,0.026,0.17,0.0,0.016,0.0,0.079,0.031,0.02,0.09,0.08,0.337,0.032
2018-11-24 10:00:00,0.004,0.061,0.035,0.158,0.003,0.01,0.0,0.079,0.024,0.017,0.105,0.083,0.391,0.032
2018-11-24 11:00:00,0.0,0.078,0.029,0.157,0.008,0.027,0.0,0.076,0.008,0.016,0.147,0.07,0.328,0.021
2018-11-24 12:00:00,0.002,0.08,0.073,0.153,0.007,0.035,0.0,0.055,0.0,0.018,0.143,0.08,0.38,0.017
2018-11-24 13:00:00,0.005,0.089,0.045,0.15,0.0,0.042,0.0,0.033,0.001,0.018,0.158,0.121,0.391,0.017
2018-11-24 14:00:00,0.005,0.101,0.04,0.159,0.0,0.03,0.0,0.016,0.0,0.014,0.169,0.101,0.365,0.058
2018-11-24 15:00:00,0.001,0.071,0.078,0.166,0.01,0.051,0.0,0.011,0.0,0.013,0.099,0.057,0.319,0.078
2018-11-24 16:00:00,0.0,0.071,0.028,0.185,0.003,0.054,0.0,0.019,0.0,0.014,0.081,0.073,0.305,0.057
2018-11-24 17:00:00,0.004,0.044,0.017,0.176,0.006,0.053,0.0,0.028,0.004,0.016,0.061,0.103,0.323,0.053
2018-11-24 18:00:00,0.018,0.036,0.014,0.19,0.007,0.048,0.0,0.037,0.001,0.018,0.061,0.103,0.323,0.064
2018-11-24 19:00:00,0.01,0.035,0.008,0.214,0.006,0.055,0.0,0.048,0.012,0.02,0.059,0.058,0.287,0.066
2018-11-24 20:00:00,0.01,0.034,0.015,0.247,0.006,0.06,0.0,0.05,0.013,0.018,0.089,0.073,0.244,0.048
2018-11-24 21:00:00,0.002,0.042,0.011,0.27,0.005,0.05,0.0,0.052,0.003,0.022,0.078,0.089,0.243,0.044
2018-11-24 22:00:00,0.002,0.04,0.006,0.27,0.004,0.027,0.0,0.057,0.002,0.022,0.065,0.072,0.246,0.038
2018-11-24 23:00:00,0.001,0.022,0.006,0.227,0.002,0.018,0.0,0.055,0.001,0.022,0.055,0.077,0.212,0.033
2018-11-25 00:00:00,0.0,0.009,0.006,0.181,0.001,0.014,0.0,0.056,0.015,0.022,0.047,0.072,0.216,0.023
2018-11-25 01:00:00,0.0,0.004,0.007,0.164,0.001,0.014,0.0,0.081,0.002,0.021,0.05,0.07,0.218,0.022
2018-11-25 02:00:00,0.0,0.007,0.006,0.162,0.0,0.025,0.0,0.072,0.0,0.017,0.038,0.069,0.261,0.018
2018-11-25 03:00:00,0.003,0.021,0.006,0.155,0.0,0.018,0.0,0.071,0.001,0.005,0.047,0.072,0.352,0.017
2018-11-25 04:00:00,0.005,0.006,0.01,0.144,0.0,0.014,0.0,0.07,0.003,0.002,0.049,0.077,0.339,0.017
2018-11-25 05:00:00,0.009,0.039,0.008,0.145,0.0,0.014,0.0,0.069,0.002,0.003,0.067,0.069,0.322,0.027
2018-11-25 06:00:00,0.006,0.003,0.024,0.123,0.0,0.042,0.0,0.067,0.016,0.002,0.083,0.044,0.245,0.012
2018-11-25 07:00:00,0.004,0.025,0.009,0.129,0.0,0.013,0.0,0.076,0.016,0.002,0.079,0.045,0.638,0.016
2018-11-25 08:00:00,0.0,0.017,0.021,0.121,0.0,0.014,0.002,0.06,0.015,0.018,0.072,0.052,0.542,0.015
2018-11-25 09:00:00,0.018,0.047,0.024,0.139,0.0,0.027,0.02,0.054,0.003,0.0,0.101,0.047,0.284,0.019
2018-11-25 10:00:00,0.039,0.064,0.03,0.154,0.0,0.021,0.006,0.012,0.027,0.012,0.112,0.038,0.351,0.015
2018-11-25 11:00:00,0.0,0.071,0.042,0.12,0.0,0.02,0.0,0.0,0.0,0.006,0.093,0.038,0.386,0.012
2018-11-25 12:00:00,0.004,0.069,0.031,0.104,0.0,0.031,0.0,0.0,0.0,0.015,0.108,0.035,0.335,0.012
2018-11-25 13:00:00,0.0,0.071,0.027,0.163,0.0,0.023,0.002,0.0,0.0,0.017,0.098,0.035,0.346,0.013
2018-11-25 14:00:00,0.0,0.08,0.053,0.194,0.0,0.042,0.0,0.0,0.0,0.014,0.111,0.039,0.308,0.013
2018-11-25 15:00:00,0.0,0.074,0.041,0.134,0.0,0.064,0.0,0.006,0.0,0.011,0.091,0.036,0.109,0.014
2018-11-25 16:00:00,0.0,0.075,0.02,0.168,0.0,0.044,0.0,0.02,0.0,0.015,0.082,0.035,0.111,0.036
2018-11-25 17:00:00,0.0,0.042,0.021,0.174,0.0,0.035,0.0,0.026,0.006,0.017,0.066,0.037,0.122,0.054
2018-11-25 18:00:00,0.011,0.024,0.036,0.212,0.0,0.085,0.0,0.034,0.002,0.019,0.071,0.044,0.117,0.075
2018-11-25 19:00:00,0.0,0.022,0.008,0.218,0.0,0.048,0.0,0.04,0.029,0.02,0.052,0.048,0.123,0.088
2018-11-25 20:00:00,0.002,0.019,0.043,0.225,0.0,0.034,0.0,0.045,0.011,0.021,0.085,0.072,0.156,0.065
2018-11-25 21:00:00,0.004,0.02,0.009,0.24,0.0,0.029,0.0,0.05,0.004,0.022,0.059,0.075,0.124,0.046
2018-11-25 22:00:00,0.004,0.016,0.008,0.251,0.0,0.023,0.0,0.05,0.0,0.022,0.061,0.071,0.127,0.037
2018-11-25 23:00:00,0.002,0.02,0.007,0.193,0.0,0.014,0.0,0.049,0.022,0.022,0.057,0.075,0.133,0.028
2018-11-26 00:00:00,0.001,0.005,0.006,0.209,0.0,0.016,0.0,0.051,0.02,0.023,0.065,0.07,0.129,0.037
2018-11-26 01:00:00,0.0,0.002,0.006,0.194,0.0,0.018,0.0,0.085,0.003,0.022,0.074,0.069,0.129,0.022
2018-11-26 02:00:00,0.0,0.001,0.008,0.186,0.0,0.028,0.0,0.077,0.002,0.018,0.062,0.073,0.141,0.017
2018-11-26 03:00:00,0.003,0.003,0.009,0.167,0.0,0.018,0.0,0.079,0.009,0.007,0.085,0.079,0.13,0.016
2018-11-26 04:00:00,0.0,0.003,0.012,0.171,0.0,0.023,0.0,0.077,0.011,0.006,0.083,0.08,0.131,0.026
2018-11-26 05:00:00,0.005,0.004,0.013,0.202,0.001,0.038,0.0,0.077,0.02,0.008,0.104,0.081,0.14,0.036
2018-11-26 06:00:00,0.026,0.003,0.009,0.174,0.021,0.053,0.0,0.077,0.032,0.008,0.096,0.057,0.13,0.023
2018-11-26 07:00:00,0.044,0.013,0.006,0.152,0.0,0.036,0.0,0.075,0.027,0.004,0.113,0.042,0.191,0.039
2018-11-26 08:00:00,0.002,0.017,0.006,0.191,0.018,0.017,0.0,0.075,0.045,0.003,0.101,0.046,0.238,0.022
2018-11-26 09:00:00,0.002,0.047,0.004,0.192,0.0,0.016,0.0,0.077,0.035,0.0,0.125,0.049,0.328,0.025
2018-11-26 10:00:00,0.0,0.063,0.015,0.192,0.0,0.011,0.0,0.032,0.007,0.0,0.149,0.047,0.41,0.024
2018-11-26 11:00:00,0.0,0.071,0.014,0.184,0.0,0.029,0.0,0.023,0.011,0.007,0.158,0.045,0.411,0.016
2018-11-26 12:00:00,0.002,0.068,0.013,0.158,0.0,0.032,0.0,0.013,0.0,0.017,0.189,0.05,0.217,0.012
2018-11-26 13:00:00,0.002,0.069,0.021,0.151,0.0,0.031,0.0,0.01,0.0,0.012,0.131,0.067,0.166,0.014
2018-11-26 14:00:00,0.005,0.069,0.013,0.208,0.0,0.023,0.0,0.009,0.003,0.008,0.109,0.075,0.124,0.017
2018-11-26 15:00:00,0.014,0.071,0.01,0.235,0.023,0.036,0.0,0.012,0.002,0.009,0.102,0.077,0.118,0.014
2018-11-26 16:00:00,0.006,0.069,0.008,0.296,0.001,0.035,0.0,0.017,0.002,0.011,0.102,0.082,0.125,0.023
2018-11-26 17:00:00,0.0,0.05,0.009,0.231,0.002,0.037,0.0,0.026,0.021,0.013,0.089,0.077,0.12,0.034
2018-11-26 18:00:00,0.029,0.03,0.016,0.264,0.003,0.05,0.0,0.027,0.013,0.013,0.075,0.071,0.121,0.078
2018-11-26 19:00:00,0.046,0.028,0.008,0.272,0.003,0.05,0.0,0.027,0.026,0.012,0.068,0.059,0.123,0.062
2018-11-26 20:00:00,0.015,0.026,0.02,0.284,0.002,0.053,0.0,0.036,0.014,0.018,0.084,0.063,0.131,0.078
2018-11-26 21:00:00,0.023,0.023,0.01,0.274,0.001,0.042,0.0,0.066,0.005,0.022,0.079,0.075,0.133,0.031
2018-11-26 22:00:00,0.031,0.036,0.017,0.257,0.001,0.048,0.005,0.045,0.001,0.024,0.094,0.077,0.131,0.032
2018-11-26 23:00:00,0.008,0.013,0.007,0.188,0.0,0.019,0.0,0.049,0.001,0.025,0.09,0.082,0.126,0.023
2018-11-27 00:00:00,0.0,0.005,0.008,0.197,0.001,0.023,0.0,0.052,0.019,0.025,0.076,0.079,0.129,0.022
2018-11-27 01:00:00,0.0,0.002,0.007,0.183,0.001,0.023,0.0,0.09,0.005,0.024,0.075,0.078,0.128,0.023
2018-11-27 02:00:00,0.0,0.001,0.007,0.178,0.008,0.04,0.0,0.082,0.005,0.021,0.063,0.078,0.137,0.018
2018-11-27 03:00:00,0.002,0.003,0.008,0.172,0.0,0.055,0.0,0.082,0.013,0.007,0.078,0.082,0.124,0.018
2018-11-27 04:00:00,0.0,0.004,0.013,0.167,0.0,0.068,0.0,0.08,0.033,0.005,0.083,0.08,0.124,0.045
2018-11-27 05:00:00,0.001,0.009,0.012,0.173,0.0,0.085,0.0,0.08,0.027,0.008,0.092,0.071,0.421,0.075
2018-11-27 06:00:00,0.0,0.004,0.035,0.162,0.01,0.12,0.0,0.079,0.034,0.008,0.099,0.05,0.146,0.017
2018-11-27 07:00:00,0.001,0.014,0.047,0.167,0.0,0.074,0.0,0.078,0.028,0.009,0.111,0.045,0.134,0.018
2018-11-27 08:00:00,0.001,0.017,0.096,0.19,0.0,0.035,0.01,0.076,0.027,0.008,0.106,0.054,0.144,0.019
2018-11-27 09:00:00,0.001,0.046,0.039,0.184,0.0,0.024,0.0,0.064,0.015,0.003,0.128,0.05,0.26,0.037
2018-11-27 10:00:00,0.0,0.06,0.014,0.201,0.0,0.029,0.0,0.021,0.004,0.005,0.149,0.049,0.144,0.019
2018-11-27 11:00:00,0.0,0.065,0.005,0.19,0.0,0.042,0.0,0.019,0.01,0.015,0.146,0.064,0.192,0.018
2018-11-27 12:00:00,0.0,0.068,0.005,0.157,0.0,0.038,0.0,0.03,0.003,0.022,0.146,0.065,0.315,0.015
2018-11-27 13:00:00,0.0,0.069,0.006,0.172,0.006,0.053,0.001,0.028,0.001,0.02,0.13,0.095,0.297,0.014
2018-11-27 14:00:00,0.0,0.068,0.008,0.229,0.0,0.029,0.0,0.021,0.004,0.016,0.1,0.107,0.155,0.018
2018-11-27 15:00:00,0.0,0.067,0.007,0.261,0.029,0.037,0.008,0.022,0.0,0.017,0.096,0.078,0.154,0.032
2018-11-27 16:00:00,0.0,0.064,0.007,0.318,0.004,0.025,0.0,0.033,0.0,0.011,0.103,0.08,0.166,0.021
2018-11-27 17:00:00,0.0,0.034,0.009,0.284,0.003,0.036,0.0,0.03,0.005,0.015,0.086,0.077,0.197,0.037
2018-11-27 18:00:00,0.01,0.023,0.009,0.294,0.004,0.049,0.0,0.037,0.015,0.019,0.08,0.076,0.12,0.046
2018-11-27 19:00:00,0.011,0.026,0.008,0.322,0.004,0.053,0.011,0.029,0.031,0.019,0.075,0.067,0.148,0.039
2018-11-27 20:00:00,0.018,0.025,0.015,0.3,0.003,0.06,0.0,0.048,0.025,0.02,0.091,0.072,0.137,0.038
2018-11-27 21:00:00,0.0,0.021,0.009,0.342,0.003,0.023,0.0,0.045,0.007,0.023,0.082,0.082,0.137,0.06
2018-11-27 22:00:00,0.0,0.014,0.007,0.257,0.001,0.023,0.0,0.049,0.001,0.025,0.101,0.084,0.15,0.03
2018-11-27 23:00:00,0.0,0.012,0.007,0.207,0.0,0.022,0.0,0.052,0.003,0.025,0.093,0.085,0.139,0.025
2018-11-28 00:00:00,0.0,0.006,0.008,0.199,0.001,0.023,0.0,0.059,0.038,0.025,0.083,0.082,0.139,0.023
2018-11-28 01:00:00,0.0,0.002,0.008,0.185,0.001,0.024,0.0,0.092,0.029,0.024,0.079,0.08,0.137,0.024
2018-11-28 02:00:00,0.0,0.001,0.007,0.179,0.001,0.033,0.0,0.085,0.03,0.021,0.068,0.079,0.148,0.019
2018-11-28 03:00:00,0.002,0.002,0.008,0.163,0.0,0.032,0.0,0.085,0.009,0.006,0.083,0.082,0.138,0.019
2018-11-28 04:00:00,0.0,0.002,0.012,0.157,0.0,0.05,0.0,0.082,0.023,0.002,0.083,0.08,0.135,0.037
2018-11-28 05:00:00,0.01,0.003,0.03,0.203,0.0,0.031,0.012,0.082,0.007,0.004,0.093,0.079,0.13,0.024
2018-11-28 06:00:00,0.0,0.014,0.021,0.14,0.011,0.041,0.0,0.08,0.033,0.005,0.098,0.057,0.132,0.019
2018-11-28 07:00:00,0.0,0.013,0.034,0.159,0.006,0.016,0.0,0.081,0.034,0.006,0.121,0.057,0.138,0.02
2018-11-28 08:00:00,0.001,0.03,0.048,0.178,0.009,0.018,0.0,0.074,0.027,0.005,0.112,0.057,0.181,0.013
2018-11-28 09:00:00,0.001,0.059,0.031,0.2,0.0,0.042,0.005,0.068,0.02,0.002,0.131,0.051,0.344,0.024
2018-11-28 10:00:00,0.0,0.061,0.014,0.19,0.0,0.062,0.002,0.019,0.013,0.002,0.151,0.078,0.376,0.013
2018-11-28 11:00:00,0.0,0.07,0.022,0.182,0.0,0.046,0.0,0.005,0.016,0.011,0.145,0.081,0.155,0.05
2018-11-28 12:00:00,0.0,0.067,0.026,0.167,0.0,0.064,0.0,0.01,0.011,0.019,0.145,0.064,0.205,0.023
2018-11-28 13:00:00,0.0,0.068,0.021,0.199,0.0,0.041,0.0,0.013,0.007,0.013,0.129,0.072,0.19,0.038
2018-11-28 14:00:00,0.012,0.069,0.015,0.244,0.0,0.023,0.0,0.006,0.005,0.006,0.118,0.078,0.177,0.054
2018-11-28 15:00:00,0.013,0.069,0.013,0.255,0.0,0.04,0.0,0.011,0.012,0.01,0.099,0.085,0.259,0.028
2018-11-28 16:00:00,0.028,0.065,0.01,0.232,0.014,0.037,0.0,0.019,0.013,0.013,0.094,0.085,0.293,0.022
2018-11-28 17:00:00,0.003,0.034,0.008,0.237,0.002,0.045,0.0,0.034,0.015,0.015,0.087,0.077,0.143,0.065
2018-11-28 18:00:00,0.015,0.022,0.009,0.256,0.003,0.057,0.0,0.03,0.029,0.018,0.083,0.071,0.136,0.057
2018-11-28 19:00:00,0.032,0.026,0.004,0.333,0.004,0.042,0.0,0.027,0.031,0.02,0.074,0.061,0.127,0.066
2018-11-28 20:00:00,0.031,0.028,0.014,0.294,0.003,0.035,0.0,0.041,0.021,0.022,0.089,0.066,0.134,0.08
2018-11-28 21:00:00,0.046,0.021,0.009,0.293,0.003,0.023,0.002,0.049,0.007,0.024,0.083,0.081,0.165,0.064
2018-11-28 22:00:00,0.02,0.015,0.007,0.243,0.001,0.022,0.0,0.049,0.001,0.025,0.097,0.083,0.156,0.027
2018-11-28 23:00:00,0.0,0.011,0.007,0.183,0.0,0.022,0.0,0.05,0.023,0.025,0.088,0.085,0.142,0.023
2018-11-29 00:00:00,0.0,0.006,0.007,0.188,0.001,0.021,0.0,0.051,0.023,0.025,0.093,0.081,0.137,0.021
2018-11-29 01:00:00,0.0,0.002,0.007,0.175,0.001,0.023,0.0,0.095,0.009,0.024,0.078,0.08,0.134,0.023
2018-11-29 02:00:00,0.0,0.001,0.007,0.172,0.0,0.037,0.0,0.088,0.007,0.02,0.065,0.08,0.143,0.017
2018-11-29 03:00:00,0.018,0.003,0.008,0.189,0.0,0.027,0.0,0.087,0.007,0.006,0.077,0.082,0.126,0.017
2018-11-29 04:00:00,0.01,0.003,0.012,0.154,0.0,0.045,0.0,0.084,0.01,0.002,0.088,0.08,0.112,0.035
2018-11-29 05:00:00,0.0,0.003,0.011,0.173,0.033,0.027,0.0,0.084,0.0,0.004,0.099,0.078,0.338,0.03
2018-11-29 06:00:00,0.0,0.004,0.009,0.181,0.0,0.013,0.0,0.087,0.035,0.006,0.1,0.056,0.215,0.049
2018-11-29 07:00:00,0.02,0.013,0.012,0.211,0.0,0.02,0.0,0.084,0.027,0.008,0.109,0.055,0.129,0.015
2018-11-29 08:00:00,0.027,0.019,0.006,0.184,0.0,0.023,0.011,0.08,0.021,0.007,0.107,0.065,0.129,0.014
2018-11-29 09:00:00,0.01,0.049,0.007,0.191,0.002,0.022,0.0,0.077,0.022,0.005,0.124,0.084,0.127,0.014
2018-11-29 10:00:00,0.005,0.062,0.006,0.183,0.007,0.021,0.0,0.028,0.022,0.008,0.143,0.071,0.127,0.018
2018-11-29 11:00:00,0.0,0.071,0.005,0.173,0.0,0.023,0.0,0.019,0.026,0.015,0.141,0.069,0.167,0.016
2018-11-29 12:00:00,0.0,0.066,0.05,0.144,0.0,0.028,0.0,0.017,0.017,0.021,0.143,0.073,0.135,0.015
2018-11-29 13:00:00,0.0,0.068,0.047,0.144,0.0,0.039,0.0,0.021,0.016,0.019,0.13,0.084,0.18,0.018
2018-11-29 14:00:00,0.0,0.077,0.056,0.206,0.0,0.022,0.0,0.02,0.022,0.016,0.113,0.087,0.132,0.022
2018-11-29 15:00:00,0.0,0.067,0.035,0.215,0.0,0.033,0.0,0.02,0.033,0.015,0.104,0.088,0.151,0.017
2018-11-29 16:00:00,0.0,0.065,0.018,0.226,0.001,0.032,0.0,0.025,0.034,0.016,0.105,0.093,0.169,0.018
2018-11-29 17:00:00,0.0,0.036,0.02,0.223,0.008,0.043,0.0,0.04,0.02,0.018,0.088,0.088,0.125,0.048
2018-11-29 18:00:00,0.005,0.024,0.012,0.247,0.003,0.041,0.0,0.036,0.029,0.02,0.079,0.092,0.124,0.06
2018-11-29 19:00:00,0.0,0.028,0.009,0.279,0.003,0.044,0.0,0.036,0.035,0.021,0.073,0.104,0.123,0.045
2018-11-29 20:00:00,0.0,0.026,0.015,0.327,0.003,0.102,0.0,0.041,0.028,0.022,0.087,0.122,0.128,0.053
2018-11-29 21:00:00,0.0,0.022,0.012,0.351,0.005,0.081,0.0,0.052,0.008,0.023,0.098,0.082,0.134,0.038
2018-11-29 22:00:00,0.0,0.016,0.066,0.291,0.005,0.026,0.0,0.05,0.003,0.024,0.097,0.085,0.132,0.028
2018-11-29 23:00:00,0.0,0.014,0.009,0.225,0.0,0.024,0.0,0.055,0.008,0.025,0.089,0.087,0.133,0.024
2018-11-30 00:00:00,0.0,0.007,0.009,0.21,0.001,0.021,0.0,0.059,0.025,0.025,0.08,0.083,0.134,0.023
2018-11-30 01:00:00,0.0,0.002,0.009,0.189,0.001,0.022,0.0,0.097,0.013,0.024,0.079,0.082,0.131,0.024
2018-11-30 02:00:00,0.0,0.002,0.009,0.186,0.001,0.033,0.0,0.089,0.01,0.023,0.065,0.081,0.14,0.018
2018-11-30 03:00:00,0.003,0.003,0.009,0.179,0.0,0.06,0.0,0.089,0.009,0.007,0.082,0.082,0.129,0.018
2018-11-30 04:00:00,0.0,0.003,0.053,0.197,0.0,0.023,0.0,0.087,0.026,0.004,0.09,0.079,0.133,0.037
2018-11-30 05:00:00,0.009,0.004,0.012,0.213,0.0,0.03,0.0,0.09,0.016,0.007,0.097,0.07,0.132,0.02
2018-11-30 06:00:00,0.011,0.005,0.007,0.152,0.0,0.058,0.0,0.085,0.041,0.007,0.1,0.056,0.13,0.019
2018-11-30 07:00:00,0.011,0.014,0.008,0.177,0.0,0.021,0.0,0.085,0.037,0.008,0.112,0.054,0.127,0.023
2018-11-30 08:00:00,0.009,0.017,0.005,0.178,0.0,0.03,0.0,0.082,0.039,0.006,0.111,0.061,0.133,0.02
2018-11-30 09:00:00,0.029,0.046,0.006,0.17,0.001,0.033,0.0,0.077,0.02,0.007,0.13,0.065,0.139,0.077
2018-11-30 10:00:00,0.014,0.06,0.064,0.174,0.0,0.057,0.0,0.027,0.014,0.003,0.149,0.067,0.156,0.02
2018-11-30 11:00:00,0.0,0.068,0.048,0.18,0.0,0.044,0.002,0.018,0.023,0.013,0.145,0.063,0.141,0.02
2018-11-30 12:00:00,0.0,0.064,0.012,0.142,0.0,0.052,0.0,0.023,0.016,0.021,0.147,0.066,0.141,0.019
2018-11-30 13:00:00,0.0,0.066,0.005,0.15,0.0,0.015,0.0,0.028,0.014,0.019,0.129,0.078,0.141,0.02
2018-11-30 14:00:00,0.0,0.067,0.008,0.235,0.0,0.036,0.0,0.029,0.012,0.018,0.108,0.086,0.14,0.033
2018-11-30 15:00:00,0.028,0.067,0.016,0.229,0.0,0.074,0.0,0.032,0.008,0.018,0.099,0.087,0.133,0.018
2018-11-30 16:00:00,0.021,0.064,0.013,0.269,0.001,0.087,0.0,0.037,0.013,0.019,0.101,0.087,0.135,0.02
2018-11-30 17:00:00,0.0,0.034,0.014,0.215,0.002,0.077,0.0,0.046,0.021,0.02,0.095,0.082,0.129,0.045
2018-11-30 18:00:00,0.019,0.022,0.015,0.25,0.003,0.062,0.0,0.045,0.022,0.02,0.087,0.074,0.13,0.043
2018-11-30 19:00:00,0.008,0.025,0.011,0.284,0.003,0.043,0.0,0.046,0.032,0.022,0.087,0.066,0.287,0.057
2018-11-30 20:00:00,0.0,0.025,0.025,0.321,0.003,0.039,0.0,0.046,0.029,0.023,0.111,0.071,0.315,0.038
2018-11-30 21:00:00,0.017,0.022,0.035,0.326,0.002,0.026,0.0,0.056,0.01,0.024,0.082,0.082,0.192,0.036
2018-11-30 22:00:00,0.0,0.016,0.041,0.28,0.001,0.019,0.0,0.061,0.008,0.024,0.1,0.085,0.142,0.034
2018-11-30 23:00:00,0.0,0.013,0.009,0.199,0.0,0.029,0.0,0.064,0.008,0.025,0.092,0.087,0.141,0.026
2018-12-01 00:00:00,0.0,0.007,0.009,0.226,0.001,0.023,0.0,0.065,0.028,0.025,0.067,0.084,0.142,0.024
2018-12-01 01:00:00,0.0,0.002,0.009,0.205,0.001,0.025,0.0,0.097,0.01,0.024,0.055,0.082,0.142,0.023
2018-12-01 02:00:00,0.0,0.002,0.01,0.194,0.001,0.035,0.0,0.09,0.012,0.023,0.044,0.069,0.15,0.018
2018-12-01 03:00:00,0.002,0.002,0.009,0.162,0.0,0.03,0.0,0.09,0.011,0.007,0.061,0.082,0.138,0.019
2018-12-01 04:00:00,0.0,0.002,0.014,0.158,0.0,0.026,0.0,0.089,0.012,0.005,0.062,0.081,0.138,0.023
2018-12-01 05:00:00,0.001,0.004,0.015,0.156,0.0,0.033,0.0,0.089,0.011,0.009,0.079,0.082,0.138,0.023
2018-12-01 06:00:00,0.001,0.004,0.014,0.18,0.0,0.051,0.0,0.088,0.032,0.008,0.069,0.056,0.138,0.024
2018-12-01 07:00:00,0.001,0.013,0.014,0.215,0.0,0.054,0.0,0.087,0.026,0.009,0.079,0.059,0.168,0.025
2018-12-01 08:00:00,0.021,0.037,0.012,0.225,0.0,0.036,0.0,0.086,0.034,0.009,0.084,0.065,0.241,0.016
2018-12-01 09:00:00,0.016,0.075,0.015,0.291,0.0,0.083,0.0,0.084,0.024,0.005,0.097,0.08,0.304,0.023
2018-12-01 10:00:00,0.0,0.064,0.022,0.272,0.0,0.047,0.0,0.023,0.022,0.005,0.104,0.08,0.132,0.022
2018-12-01 11:00:00,0.0,0.078,0.014,0.236,0.0,0.075,0.0,0.009,0.011,0.014,0.118,0.053,0.16,0.051
2018-12-01 12:00:00,0.0,0.072,0.008,0.16,0.0,0.084,0.0,0.007,0.008,0.02,0.121,0.05,0.124,0.025
2018-12-01 13:00:00,0.0,0.071,0.035,0.17,0.006,0.078,0.0,0.006,0.009,0.021,0.113,0.062,0.114,0.046
2018-12-01 14:00:00,0.041,0.074,0.026,0.167,0.0,0.021,0.0,0.014,0.0,0.021,0.099,0.049,0.105,0.028
2018-12-01 15:00:00,0.04,0.069,0.011,0.153,0.0,0.027,0.0,0.019,0.005,0.021,0.092,0.052,0.106,0.014
2018-12-01 16:00:00,0.003,0.072,0.023,0.184,0.003,0.025,0.0,0.027,0.004,0.021,0.091,0.056,0.125,0.02
2018-12-01 17:00:00,0.0,0.039,0.04,0.185,0.006,0.037,0.0,0.042,0.022,0.022,0.077,0.076,0.131,0.064
2018-12-01 18:00:00,0.006,0.029,0.061,0.229,0.006,0.033,0.0,0.047,0.022,0.022,0.068,0.084,0.15,0.085
2018-12-01 19:00:00,0.001,0.027,0.033,0.255,0.006,0.044,0.0,0.053,0.034,0.022,0.063,0.084,0.14,0.073
2018-12-01 20:00:00,0.035,0.026,0.016,0.315,0.006,0.058,0.0,0.06,0.028,0.024,0.084,0.095,0.144,0.097
2018-12-01 21:00:00,0.03,0.027,0.014,0.268,0.01,0.027,0.0,0.068,0.009,0.025,0.101,0.098,0.165,0.07
2018-12-01 22:00:00,0.008,0.026,0.012,0.298,0.003,0.022,0.0,0.073,0.006,0.025,0.084,0.086,0.246,0.059
2018-12-01 23:00:00,0.001,0.017,0.011,0.227,0.002,0.023,0.0,0.073,0.01,0.025,0.059,0.088,0.213,0.048
2018-12-02 00:00:00,0.0,0.007,0.014,0.253,0.001,0.021,0.0,0.074,0.03,0.024,0.052,0.083,0.143,0.027
2018-12-02 01:00:00,0.0,0.003,0.01,0.188,0.001,0.022,0.0,0.098,0.013,0.023,0.055,0.082,0.142,0.026
2018-12-02 02:00:00,0.0,0.005,0.009,0.177,0.0,0.033,0.0,0.09,0.01,0.02,0.043,0.079,0.166,0.021
2018-12-02 03:00:00,0.002,0.004,0.009,0.159,0.0,0.031,0.0,0.089,0.008,0.006,0.06,0.081,0.282,0.021
2018-12-02 04:00:00,0.0,0.005,0.014,0.149,0.0,0.03,0.0,0.089,0.009,0.002,0.06,0.078,0.235,0.023
2018-12-02 05:00:00,0.0,0.006,0.02,0.142,0.0,0.025,0.0,0.088,0.008,0.005,0.071,0.077,0.145,0.022
2018-12-02 06:00:00,0.005,0.003,0.014,0.14,0.0,0.024,0.0,0.086,0.027,0.005,0.077,0.046,0.195,0.018
2018-12-02 07:00:00,0.012,0.027,0.013,0.168,0.0,0.035,0.0,0.085,0.027,0.004,0.091,0.046,0.334,0.015
2018-12-02 08:00:00,0.0,0.037,0.011,0.191,0.016,0.017,0.0,0.083,0.036,0.005,0.079,0.058,0.404,0.019
2018-12-02 09:00:00,0.0,0.07,0.042,0.216,0.02,0.024,0.0,0.078,0.018,0.002,0.098,0.049,0.341,0.048
2018-12-02 10:00:00,0.0,0.061,0.029,0.26,0.011,0.018,0.0,0.019,0.015,0.005,0.104,0.05,0.386,0.038
2018-12-02 11:00:00,0.0,0.075,0.027,0.155,0.007,0.021,0.0,0.009,0.013,0.011,0.102,0.043,0.411,0.04
2018-12-02 12:00:00,0.0,0.065,0.061,0.124,0.0,0.05,0.0,0.003,0.003,0.018,0.119,0.039,0.486,0.123
2018-12-02 13:00:00,0.0,0.068,0.057,0.106,0.0,0.024,0.0,0.007,0.002,0.021,0.108,0.038,0.485,0.044
2018-12-02 14:00:00,0.0,0.089,0.015,0.113,0.0,0.018,0.003,0.01,0.002,0.02,0.097,0.038,0.393,0.035
2018-12-02 15:00:00,0.0,0.072,0.012,0.112,0.0,0.029,0.0,0.012,0.01,0.02,0.097,0.038,0.346,0.028
2018-12-02 16:00:00,0.0,0.078,0.016,0.128,0.005,0.046,0.0,0.017,0.004,0.02,0.092,0.047,0.214,0.02
2018-12-02 17:00:00,0.0,0.054,0.053,0.13,0.002,0.037,0.0,0.026,0.008,0.02,0.071,0.062,0.127,0.062
2018-12-02 18:00:00,0.005,0.038,0.069,0.191,0.0,0.076,0.0,0.034,0.013,0.02,0.051,0.065,0.139,0.05
2018-12-02 19:00:00,0.0,0.06,0.051,0.234,0.0,0.091,0.0,0.039,0.028,0.021,0.051,0.043,0.119,0.036
2018-12-02 20:00:00,0.005,0.022,0.052,0.243,0.005,0.076,0.0,0.044,0.017,0.022,0.081,0.049,0.121,0.019
2018-12-02 21:00:00,0.003,0.027,0.018,0.233,0.018,0.068,0.0,0.045,0.004,0.022,0.062,0.076,0.12,0.025
2018-12-02 22:00:00,0.003,0.086,0.012,0.24,0.0,0.065,0.0,0.04,0.0,0.022,0.061,0.076,0.155,0.034
2018-12-02 23:00:00,0.001,0.014,0.037,0.195,0.0,0.017,0.013,0.047,0.0,0.023,0.058,0.079,0.252,0.072
2018-12-03 00:00:00,0.0,0.006,0.007,0.185,0.0,0.011,0.0,0.057,0.018,0.023,0.067,0.074,0.356,0.019
2018-12-03 01:00:00,0.0,0.006,0.008,0.178,0.013,0.014,0.0,0.098,0.0,0.023,0.074,0.073,0.221,0.02
2018-12-03 02:00:00,0.0,0.002,0.008,0.176,0.015,0.026,0.0,0.088,0.0,0.017,0.058,0.072,0.161,0.015
2018-12-03 03:00:00,0.003,0.003,0.008,0.158,0.015,0.025,0.0,0.088,0.019,0.005,0.072,0.075,0.124,0.016
2018-12-03 04:00:00,0.0,0.004,0.013,0.162,0.029,0.021,0.0,0.086,0.008,0.002,0.077,0.074,0.125,0.055
2018-12-03 05:00:00,0.001,0.005,0.014,0.151,0.0,0.029,0.0,0.087,0.002,0.002,0.09,0.073,0.697,0.017
2018-12-03 06:00:00,0.018,0.006,0.041,0.201,0.0,0.044,0.0,0.086,0.026,0.002,0.096,0.045,0.558,0.023
2018-12-03 07:00:00,0.001,0.017,0.053,0.185,0.003,0.039,0.0,0.086,0.021,0.003,0.128,0.05,0.312,0.016
2018-12-03 08:00:00,0.012,0.022,0.016,0.176,0.014,0.039,0.0,0.085,0.026,0.005,0.102,0.054,0.294,0.014
2018-12-03 09:00:00,0.002,0.055,0.007,0.217,0.0,0.053,0.0,0.079,0.014,0.002,0.122,0.047,0.401,0.012
2018-12-03 10:00:00,0.0,0.097,0.007,0.239,0.0,0.058,0.0,0.028,0.0,0.004,0.145,0.068,0.428,0.013
2018-12-03 11:00:00,0.002,0.081,0.009,0.258,0.0,0.066,0.005,0.018,0.011,0.012,0.144,0.055,0.495,0.031
2018-12-03 12:00:00,0.005,0.073,0.008,0.193,0.0,0.063,0.0,0.012,0.0,0.019,0.146,0.069,0.316,0.022
2018-12-03 13:00:00,0.002,0.073,0.007,0.189,0.0,0.024,0.0,0.009,0.0,0.013,0.133,0.065,0.205,0.047
2018-12-03 14:00:00,0.016,0.073,0.01,0.244,0.0,0.019,0.005,0.012,0.003,0.009,0.114,0.073,0.114,0.017
2018-12-03 15:00:00,0.035,0.073,0.009,0.26,0.0,0.024,0.0,0.019,0.0,0.011,0.103,0.072,0.225,0.022
2018-12-03 16:00:00,0.001,0.07,0.03,0.249,0.001,0.015,0.0,0.037,0.001,0.017,0.104,0.074,0.174,0.034
2018-12-03 17:00:00,0.0,0.04,0.016,0.25,0.002,0.062,0.0,0.055,0.019,0.021,0.089,0.081,0.182,0.03
2018-12-03 18:00:00,0.005,0.037,0.017,0.28,0.003,0.066,0.0,0.052,0.013,0.023,0.08,0.077,0.116,0.046
2018-12-03 19:00:00,0.0,0.04,0.014,0.302,0.003,0.044,0.0,0.065,0.031,0.023,0.07,0.069,0.117,0.06
2018-12-03 20:00:00,0.01,0.029,0.02,0.318,0.002,0.039,0.0,0.077,0.025,0.024,0.089,0.076,0.131,0.081
2018-12-03 21:00:00,0.003,0.025,0.017,0.344,0.001,0.04,0.0,0.082,0.008,0.024,0.08,0.084,0.139,0.054
2018-12-03 22:00:00,0.0,0.017,0.013,0.295,0.001,0.067,0.005,0.08,0.008,0.024,0.092,0.085,0.13,0.07
2018-12-03 23:00:00,0.0,0.013,0.009,0.229,0.0,0.081,0.003,0.08,0.026,0.025,0.089,0.089,0.132,0.026
2018-12-04 00:00:00,0.0,0.006,0.012,0.252,0.001,0.085,0.003,0.082,0.03,0.025,0.084,0.085,0.136,0.024
2018-12-04 01:00:00,0.0,0.002,0.012,0.208,0.001,0.041,0.0,0.098,0.018,0.024,0.082,0.084,0.137,0.026
2018-12-04 02:00:00,0.0,0.001,0.012,0.199,0.0,0.048,0.0,0.091,0.016,0.024,0.07,0.084,0.147,0.021
2018-12-04 03:00:00,0.002,0.002,0.013,0.185,0.0,0.039,0.0,0.091,0.017,0.015,0.086,0.084,0.135,0.021
2018-12-04 04:00:00,0.0,0.003,0.019,0.18,0.012,0.038,0.0,0.09,0.021,0.016,0.09,0.084,0.136,0.027
2018-12-04 05:00:00,0.0,0.003,0.019,0.181,0.014,0.047,0.0,0.091,0.032,0.018,0.102,0.085,0.134,0.02
2018-12-04 06:00:00,0.0,0.003,0.009,0.179,0.0,0.03,0.0,0.091,0.061,0.019,0.105,0.081,0.138,0.044
2018-12-04 07:00:00,0.0,0.013,0.012,0.205,0.0,0.056,0.0,0.091,0.052,0.021,0.108,0.085,0.156,0.031
2018-12-04 08:00:00,0.0,0.016,0.011,0.239,0.0,0.059,0.0,0.091,0.052,0.021,0.109,0.089,0.142,0.023
2018-12-04 09:00:00,0.008,0.045,0.012,0.225,0.0,0.036,0.0,0.09,0.048,0.018,0.129,0.088,0.2,0.022
2018-12-04 10:00:00,0.009,0.059,0.012,0.261,0.0,0.035,0.017,0.09,0.045,0.014,0.151,0.092,0.225,0.02
2018-12-04 11:00:00,0.012,0.062,0.012,0.26,0.0,0.034,0.01,0.09,0.039,0.02,0.205,0.091,0.172,0.018
2018-12-04 12:00:00,0.013,0.064,0.012,0.202,0.0,0.047,0.0,0.089,0.032,0.021,0.216,0.091,0.259,0.054
2018-12-04 13:00:00,0.0,0.067,0.009,0.202,0.0,0.038,0.001,0.084,0.031,0.017,0.146,0.103,0.226,0.023
2018-12-04 14:00:00,0.0,0.104,0.013,0.236,0.0,0.024,0.0,0.08,0.034,0.022,0.124,0.109,0.141,0.057
2018-12-04 15:00:00,0.0,0.091,0.015,0.246,0.0,0.045,0.001,0.08,0.043,0.022,0.112,0.107,0.178,0.03
2018-12-04 16:00:00,0.0,0.062,0.02,0.249,0.0,0.023,0.0,0.087,0.043,0.022,0.101,0.106,0.167,0.034
2018-12-04 17:00:00,0.0,0.032,0.029,0.229,0.001,0.05,0.0,0.088,0.049,0.022,0.087,0.098,0.204,0.052
2018-12-04 18:00:00,0.005,0.019,0.02,0.249,0.001,0.067,0.0,0.089,0.047,0.022,0.084,0.091,0.141,0.076
2018-12-04 19:00:00,0.0,0.021,0.015,0.265,0.002,0.034,0.0,0.091,0.048,0.023,0.084,0.084,0.144,0.043
2018-12-04 20:00:00,0.004,0.021,0.023,0.285,0.001,0.031,0.0,0.092,0.064,0.023,0.098,0.084,0.145,0.034
2018-12-04 21:00:00,0.019,0.014,0.03,0.284,0.001,0.092,0.0,0.094,0.023,0.023,0.086,0.084,0.146,0.034
2018-12-04 22:00:00,0.011,0.011,0.023,0.247,0.0,0.037,0.0,0.093,0.031,0.024,0.11,0.083,0.141,0.035
2018-12-04 23:00:00,0.0,0.009,0.015,0.217,0.0,0.027,0.0,0.092,0.032,0.024,0.1,0.084,0.139,0.033
2018-12-05 00:00:00,0.0,0.006,0.015,0.215,0.0,0.036,0.0,0.093,0.045,0.025,0.095,0.083,0.142,0.031
2018-12-05 01:00:00,0.0,0.002,0.015,0.195,0.0,0.027,0.0,0.092,0.035,0.024,0.089,0.082,0.137,0.029
2018-12-05 02:00:00,0.0,0.001,0.016,0.192,0.0,0.032,0.0,0.091,0.037,0.024,0.084,0.082,0.145,0.028
2018-12-05 03:00:00,0.002,0.002,0.016,0.182,0.0,0.031,0.0,0.091,0.04,0.023,0.109,0.087,0.142,0.028
2018-12-05 04:00:00,0.0,0.001,0.057,0.174,0.0,0.029,0.0,0.089,0.043,0.022,0.085,0.089,0.141,0.033
2018-12-05 05:00:00,0.001,0.001,0.021,0.2,0.0,0.029,0.0,0.09,0.045,0.023,0.097,0.085,0.143,0.031
2018-12-05 06:00:00,0.003,0.001,0.017,0.177,0.0,0.034,0.0,0.09,0.054,0.022,0.094,0.083,0.145,0.029
2018-12-05 07:00:00,0.0,0.011,0.017,0.198,0.0,0.018,0.0,0.09,0.05,0.022,0.104,0.084,0.146,0.029
2018-12-05 08:00:00,0.001,0.039,0.015,0.185,0.0,0.012,0.0,0.089,0.048,0.022,0.13,0.086,0.154,0.029
2018-12-05 09:00:00,0.001,0.044,0.012,0.19,0.0,0.007,0.0,0.088,0.042,0.021,0.128,0.085,0.307,0.029
2018-12-05 10:00:00,0.0,0.058,0.014,0.192,0.0,0.041,0.0,0.087,0.033,0.02,0.15,0.088,0.333,0.028
2018-12-05 11:00:00,0.0,0.064,0.019,0.205,0.0,0.035,0.0,0.086,0.027,0.019,0.148,0.088,0.331,0.023
2018-12-05 12:00:00,0.008,0.065,0.014,0.142,0.0,0.012,0.0,0.084,0.014,0.02,0.145,0.086,0.321,0.022
2018-12-05 13:00:00,0.009,0.066,0.009,0.159,0.0,0.009,0.0,0.074,0.01,0.02,0.13,0.094,0.311,0.024
2018-12-05 14:00:00,0.018,0.066,0.015,0.218,0.0,0.015,0.0,0.066,0.009,0.02,0.106,0.098,0.331,0.024
2018-12-05 15:00:00,0.0,0.086,0.014,0.212,0.0,0.022,0.0,0.064,0.014,0.019,0.096,0.095,0.295,0.024
2018-12-05 16:00:00,0.0,0.069,0.015,0.215,0.001,0.016,0.0,0.069,0.029,0.02,0.096,0.095,0.201,0.031
2018-12-05 17:00:00,0.0,0.031,0.017,0.208,0.001,0.021,0.0,0.076,0.02,0.02,0.084,0.089,0.199,0.057
2018-12-05 18:00:00,0.005,0.02,0.017,0.221,0.002,0.047,0.0,0.077,0.024,0.021,0.08,0.083,0.138,0.047
2018-12-05 19:00:00,0.0,0.023,0.013,0.247,0.002,0.046,0.0,0.084,0.037,0.022,0.075,0.074,0.164,0.037
2018-12-05 20:00:00,0.0,0.023,0.019,0.257,0.002,0.033,0.0,0.086,0.026,0.022,0.089,0.078,0.142,0.059
2018-12-05 21:00:00,0.0,0.018,0.013,0.269,0.014,0.067,0.0,0.089,0.029,0.022,0.077,0.08,0.141,0.038
2018-12-05 22:00:00,0.0,0.013,0.012,0.234,0.001,0.033,0.0,0.088,0.014,0.023,0.098,0.079,0.139,0.051
2018-12-05 23:00:00,0.0,0.01,0.011,0.177,0.0,0.04,0.004,0.087,0.017,0.023,0.091,0.08,0.138,0.044
2018-12-06 00:00:00,0.0,0.006,0.012,0.186,0.001,0.023,0.0,0.087,0.031,0.023,0.082,0.079,0.138,0.027
2018-12-06 01:00:00,0.0,0.002,0.012,0.178,0.0,0.025,0.0,0.087,0.02,0.023,0.078,0.078,0.137,0.023
2018-12-06 02:00:00,0.0,0.001,0.012,0.168,0.0,0.038,0.0,0.085,0.019,0.023,0.07,0.077,0.143,0.021
2018-12-06 03:00:00,0.002,0.002,0.012,0.156,0.0,0.034,0.0,0.085,0.019,0.017,0.082,0.078,0.133,0.022
2018-12-06 04:00:00,0.0,0.002,0.016,0.148,0.0,0.027,0.0,0.082,0.021,0.017,0.083,0.078,0.133,0.03
2018-12-06 05:00:00,0.0,0.002,0.035,0.165,0.0,0.024,0.0,0.083,0.025,0.019,0.094,0.079,0.134,0.029
2018-12-06 06:00:00,0.005,0.001,0.012,0.142,0.0,0.034,0.008,0.083,0.045,0.019,0.095,0.078,0.14,0.028
2018-12-06 07:00:00,0.0,0.011,0.012,0.177,0.0,0.031,0.0,0.082,0.042,0.02,0.102,0.08,0.166,0.028
2018-12-06 08:00:00,0.0,0.014,0.011,0.195,0.0,0.036,0.0,0.082,0.033,0.018,0.104,0.078,0.146,0.028
2018-12-06 09:00:00,0.001,0.043,0.013,0.174,0.0,0.032,0.0,0.081,0.029,0.016,0.126,0.066,0.274,0.046
2018-12-06 10:00:00,0.0,0.057,0.013,0.177,0.0,0.041,0.0,0.079,0.017,0.015,0.155,0.065,0.37,0.025
2018-12-06 11:00:00,0.006,0.061,0.008,0.172,0.0,0.024,0.0,0.072,0.012,0.018,0.156,0.061,0.357,0.023
2018-12-06 12:00:00,0.017,0.062,0.023,0.148,0.0,0.017,0.0,0.06,0.0,0.02,0.139,0.061,0.166,0.022
2018-12-06 13:00:00,0.0,0.063,0.018,0.146,0.0,0.032,0.0,0.057,0.0,0.02,0.126,0.073,0.163,0.018
2018-12-06 14:00:00,0.0,0.064,0.009,0.224,0.0,0.02,0.0,0.053,0.0,0.02,0.107,0.078,0.141,0.014
2018-12-06 15:00:00,0.0,0.064,0.025,0.201,0.0,0.043,0.0,0.051,0.007,0.019,0.099,0.077,0.156,0.012
2018-12-06 16:00:00,0.0,0.062,0.01,0.206,0.0,0.056,0.0,0.056,0.008,0.02,0.099,0.08,0.15,0.018
2018-12-06 17:00:00,0.0,0.033,0.012,0.187,0.002,0.035,0.0,0.06,0.016,0.02,0.084,0.077,0.136,0.038
2018-12-06 18:00:00,0.005,0.021,0.021,0.217,0.003,0.077,0.0,0.058,0.03,0.02,0.077,0.071,0.131,0.042
2018-12-06 19:00:00,0.0,0.025,0.016,0.238,0.003,0.057,0.0,0.058,0.04,0.021,0.069,0.062,0.235,0.035
2018-12-06 20:00:00,0.002,0.023,0.016,0.256,0.002,0.057,0.0,0.064,0.023,0.022,0.083,0.065,0.139,0.032
2018-12-06 21:00:00,0.012,0.019,0.012,0.256,0.001,0.044,0.0,0.066,0.007,0.022,0.076,0.071,0.135,0.026
2018-12-06 22:00:00,0.0,0.013,0.009,0.219,0.001,0.027,0.0,0.067,0.003,0.022,0.089,0.077,0.134,0.033
2018-12-06 23:00:00,0.0,0.011,0.009,0.174,0.0,0.019,0.0,0.066,0.004,0.023,0.082,0.078,0.134,0.047
2018-12-07 00:00:00,0.0,0.005,0.008,0.176,0.001,0.019,0.0,0.069,0.018,0.023,0.074,0.073,0.136,0.021
2018-12-07 01:00:00,0.0,0.001,0.009,0.166,0.001,0.02,0.0,0.086,0.005,0.022,0.071,0.072,0.136,0.022
2018-12-07 02:00:00,0.0,0.001,0.009,0.159,0.001,0.031,0.0,0.082,0.004,0.022,0.06,0.072,0.241,0.023
2018-12-07 03:00:00,0.002,0.002,0.009,0.147,0.0,0.027,0.0,0.082,0.005,0.009,0.075,0.073,0.3,0.02
2018-12-07 04:00:00,0.0,0.002,0.014,0.145,0.006,0.026,0.0,0.079,0.009,0.009,0.079,0.065,0.167,0.03
2018-12-07 05:00:00,0.0,0.002,0.026,0.148,0.003,0.029,0.0,0.081,0.012,0.013,0.089,0.078,0.13,0.022
2018-12-07 06:00:00,0.0,0.002,0.011,0.15,0.0,0.05,0.0,0.08,0.035,0.009,0.093,0.063,0.132,0.041
2018-12-07 07:00:00,0.0,0.012,0.01,0.173,0.0,0.053,0.007,0.081,0.037,0.011,0.104,0.074,0.136,0.021
2018-12-07 08:00:00,0.0,0.015,0.008,0.195,0.0,0.069,0.0,0.081,0.03,0.016,0.112,0.075,0.201,0.049
2018-12-07 09:00:00,0.001,0.045,0.012,0.179,0.0,0.026,0.0,0.081,0.022,0.017,0.134,0.077,0.14,0.021
2018-12-07 10:00:00,0.0,0.061,0.01,0.191,0.0,0.025,0.0,0.082,0.027,0.019,0.158,0.082,0.241,0.02
2018-12-07 11:00:00,0.001,0.066,0.009,0.177,0.0,0.04,0.0,0.082,0.022,0.02,0.175,0.079,0.259,0.056
2018-12-07 12:00:00,0.001,0.068,0.011,0.166,0.0,0.047,0.032,0.082,0.018,0.021,0.196,0.085,0.247,0.017
2018-12-07 13:00:00,0.002,0.07,0.009,0.179,0.0,0.046,0.003,0.082,0.016,0.022,0.162,0.103,0.228,0.069
2018-12-07 14:00:00,0.002,0.07,0.01,0.242,0.0,0.036,0.002,0.081,0.018,0.021,0.127,0.112,0.148,0.041
2018-12-07 15:00:00,0.006,0.068,0.014,0.247,0.0,0.045,0.014,0.078,0.023,0.021,0.108,0.105,0.196,0.031
2018-12-07 16:00:00,0.0,0.062,0.028,0.244,0.0,0.028,0.004,0.081,0.028,0.021,0.097,0.104,0.145,0.056
2018-12-07 17:00:00,0.0,0.03,0.031,0.228,0.001,0.024,0.0,0.081,0.037,0.022,0.083,0.096,0.167,0.072
2018-12-07 18:00:00,0.005,0.017,0.048,0.246,0.001,0.024,0.0,0.082,0.042,0.022,0.079,0.089,0.16,0.043
2018-12-07 19:00:00,0.017,0.019,0.04,0.263,0.001,0.028,0.0,0.083,0.057,0.022,0.08,0.082,0.132,0.033
2018-12-07 20:00:00,0.0,0.018,0.033,0.27,0.001,0.033,0.0,0.085,0.049,0.023,0.093,0.081,0.134,0.048
2018-12-07 21:00:00,0.012,0.013,0.016,0.268,0.01,0.033,0.0,0.087,0.036,0.023,0.082,0.083,0.137,0.033
2018-12-07 22:00:00,0.003,0.009,0.015,0.232,0.0,0.033,0.0,0.086,0.041,0.023,0.104,0.083,0.14,0.031
2018-12-07 23:00:00,0.001,0.008,0.016,0.209,0.0,0.033,0.0,0.086,0.042,0.024,0.101,0.085,0.143,0.03
2018-12-08 00:00:00,0.0,0.005,0.015,0.216,0.0,0.034,0.0,0.088,0.05,0.025,0.08,0.089,0.165,0.029
2018-12-08 01:00:00,0.0,0.002,0.014,0.208,0.0,0.033,0.0,0.086,0.045,0.024,0.064,0.091,0.148,0.028
2018-12-08 02:00:00,0.0,0.001,0.016,0.202,0.0,0.035,0.0,0.086,0.048,0.024,0.062,0.091,0.151,0.027
2018-12-08 03:00:00,0.0,0.001,0.02,0.195,0.0,0.035,0.0,0.088,0.048,0.024,0.061,0.091,0.146,0.028
2018-12-08 04:00:00,0.0,0.001,0.02,0.213,0.0,0.034,0.0,0.088,0.048,0.024,0.06,0.091,0.148,0.03
2018-12-08 05:00:00,0.0,0.004,0.02,0.198,0.0,0.035,0.0,0.087,0.048,0.024,0.071,0.091,0.151,0.03
2018-12-08 06:00:00,0.0,0.008,0.02,0.202,0.0,0.046,0.0,0.087,0.049,0.023,0.063,0.088,0.153,0.029
2018-12-08 07:00:00,0.0,0.017,0.02,0.207,0.0,0.034,0.0,0.087,0.05,0.023,0.07,0.086,0.158,0.029
2018-12-08 08:00:00,0.0,0.014,0.025,0.214,0.0,0.036,0.0,0.088,0.055,0.023,0.073,0.087,0.165,0.029
2018-12-08 09:00:00,0.0,0.042,0.019,0.197,0.0,0.036,0.0,0.088,0.049,0.022,0.092,0.086,0.231,0.033
2018-12-08 10:00:00,0.0,0.057,0.023,0.193,0.005,0.028,0.0,0.088,0.048,0.022,0.109,0.09,0.202,0.033
2018-12-08 11:00:00,0.004,0.076,0.02,0.192,0.0,0.03,0.0,0.087,0.036,0.021,0.151,0.103,0.156,0.028
2018-12-08 12:00:00,0.008,0.082,0.035,0.172,0.011,0.069,0.0,0.086,0.028,0.021,0.177,0.102,0.151,0.037
2018-12-08 13:00:00,0.009,0.066,0.055,0.19,0.0,0.046,0.0,0.086,0.021,0.021,0.181,0.102,0.139,0.028
2018-12-08 14:00:00,0.008,0.066,0.014,0.226,0.0,0.026,0.0,0.084,0.016,0.021,0.119,0.094,0.132,0.031
2018-12-08 15:00:00,0.003,0.064,0.037,0.181,0.0,0.031,0.0,0.083,0.031,0.021,0.105,0.08,0.129,0.023
2018-12-08 16:00:00,0.0,0.06,0.02,0.193,0.001,0.026,0.0,0.082,0.027,0.021,0.086,0.078,0.136,0.046
2018-12-08 17:00:00,0.0,0.034,0.019,0.208,0.004,0.029,0.0,0.083,0.038,0.022,0.073,0.091,0.141,0.061
2018-12-08 18:00:00,0.005,0.023,0.019,0.26,0.005,0.029,0.0,0.084,0.041,0.023,0.068,0.099,0.138,0.05
2018-12-08 19:00:00,0.0,0.022,0.017,0.259,0.004,0.038,0.0,0.086,0.055,0.023,0.074,0.1,0.145,0.04
2018-12-08 20:00:00,0.0,0.021,0.019,0.263,0.004,0.027,0.0,0.089,0.048,0.024,0.086,0.1,0.147,0.047
2018-12-08 21:00:00,0.001,0.02,0.056,0.282,0.003,0.027,0.0,0.091,0.034,0.025,0.078,0.095,0.143,0.033
2018-12-08 22:00:00,0.001,0.022,0.037,0.263,0.002,0.027,0.0,0.091,0.042,0.025,0.08,0.096,0.153,0.032
2018-12-08 23:00:00,0.0,0.012,0.016,0.219,0.001,0.034,0.0,0.09,0.036,0.025,0.07,0.092,0.153,0.031
2018-12-09 00:00:00,0.0,0.005,0.013,0.206,0.0,0.029,0.0,0.088,0.044,0.025,0.062,0.084,0.157,0.03
2018-12-09 01:00:00,0.0,0.002,0.014,0.188,0.0,0.029,0.0,0.085,0.036,0.024,0.061,0.081,0.154,0.028
2018-12-09 02:00:00,0.0,0.001,0.016,0.187,0.0,0.032,0.0,0.085,0.036,0.024,0.058,0.085,0.16,0.027
2018-12-09 03:00:00,0.001,0.002,0.016,0.185,0.0,0.033,0.0,0.086,0.038,0.023,0.062,0.088,0.156,0.027
2018-12-09 04:00:00,0.0,0.002,0.018,0.181,0.0,0.032,0.0,0.085,0.038,0.023,0.062,0.088,0.154,0.03
2018-12-09 05:00:00,0.0,0.002,0.018,0.181,0.0,0.032,0.0,0.084,0.038,0.023,0.071,0.084,0.151,0.03
2018-12-09 06:00:00,0.0,0.001,0.018,0.182,0.0,0.03,0.0,0.084,0.044,0.022,0.066,0.081,0.15,0.028
2018-12-09 07:00:00,0.0,0.008,0.018,0.194,0.0,0.027,0.0,0.083,0.047,0.022,0.071,0.08,0.152,0.028
2018-12-09 08:00:00,0.002,0.013,0.017,0.189,0.0,0.041,0.0,0.082,0.042,0.021,0.07,0.082,0.157,0.03
2018-12-09 09:00:00,0.0,0.042,0.029,0.174,0.0,0.039,0.0,0.081,0.032,0.02,0.088,0.08,0.247,0.034
2018-12-09 10:00:00,0.0,0.056,0.019,0.161,0.0,0.015,0.0,0.081,0.021,0.02,0.095,0.079,0.33,0.039
2018-12-09 11:00:00,0.01,0.059,0.035,0.148,0.0,0.023,0.0,0.08,0.012,0.019,0.095,0.077,0.392,0.044
2018-12-09 12:00:00,0.004,0.062,0.014,0.118,0.009,0.03,0.0,0.079,0.015,0.02,0.11,0.071,0.371,0.028
2018-12-09 13:00:00,0.018,0.066,0.009,0.092,0.019,0.037,0.0,0.072,0.007,0.02,0.099,0.06,0.345,0.018
2018-12-09 14:00:00,0.003,0.067,0.008,0.115,0.003,0.022,0.0,0.062,0.0,0.019,0.09,0.049,0.24,0.012
2018-12-09 15:00:00,0.001,0.067,0.005,0.104,0.022,0.036,0.0,0.048,0.001,0.019,0.087,0.045,0.223,0.013
2018-12-09 16:00:00,0.0,0.061,0.009,0.12,0.009,0.033,0.0,0.05,0.001,0.019,0.08,0.051,0.127,0.02
2018-12-09 17:00:00,0.0,0.029,0.012,0.133,0.0,0.056,0.0,0.058,0.008,0.019,0.061,0.061,0.129,0.051
2018-12-09 18:00:00,0.005,0.015,0.014,0.172,0.0,0.101,0.0,0.062,0.016,0.019,0.05,0.066,0.144,0.048
2018-12-09 19:00:00,0.0,0.014,0.011,0.204,0.0,0.063,0.0,0.065,0.025,0.02,0.051,0.063,0.14,0.039
2018-12-09 20:00:00,0.0,0.018,0.01,0.177,0.0,0.072,0.0,0.066,0.023,0.02,0.071,0.068,0.129,0.062
2018-12-09 21:00:00,0.016,0.031,0.011,0.178,0.0,0.053,0.0,0.068,0.006,0.02,0.051,0.074,0.128,0.026
2018-12-09 22:00:00,0.019,0.017,0.009,0.21,0.004,0.02,0.0,0.067,0.003,0.021,0.054,0.075,0.128,0.025
2018-12-09 23:00:00,0.0,0.01,0.006,0.166,0.009,0.063,0.003,0.066,0.006,0.021,0.054,0.077,0.13,0.022
2018-12-10 00:00:00,0.0,0.003,0.007,0.163,0.0,0.027,0.0,0.066,0.02,0.022,0.063,0.075,0.13,0.02
2018-12-10 01:00:00,0.0,0.001,0.018,0.153,0.0,0.023,0.0,0.079,0.009,0.021,0.069,0.075,0.131,0.02
2018-12-10 02:00:00,0.0,0.001,0.009,0.148,0.0,0.03,0.0,0.074,0.007,0.021,0.062,0.075,0.14,0.017
2018-12-10 03:00:00,0.003,0.001,0.009,0.143,0.0,0.028,0.0,0.075,0.008,0.011,0.075,0.075,0.139,0.016
2018-12-10 04:00:00,0.0,0.001,0.014,0.163,0.0,0.027,0.0,0.074,0.007,0.011,0.078,0.075,0.139,0.034
2018-12-10 05:00:00,0.0,0.001,0.014,0.134,0.0,0.048,0.0,0.076,0.005,0.014,0.084,0.075,0.139,0.03
2018-12-10 06:00:00,0.0,0.0,0.047,0.134,0.0,0.029,0.0,0.075,0.025,0.014,0.091,0.059,0.139,0.051
2018-12-10 07:00:00,0.0,0.011,0.017,0.157,0.0,0.028,0.0,0.075,0.024,0.014,0.102,0.063,0.142,0.05
2018-12-10 08:00:00,0.0,0.014,0.007,0.156,0.0,0.034,0.0,0.075,0.029,0.015,0.099,0.071,0.227,0.016
2018-12-10 09:00:00,0.001,0.043,0.008,0.153,0.0,0.065,0.0,0.087,0.025,0.011,0.123,0.073,0.392,0.016
2018-12-10 10:00:00,0.001,0.057,0.024,0.166,0.0,0.035,0.0,0.079,0.019,0.01,0.165,0.075,0.462,0.013
2018-12-10 11:00:00,0.003,0.061,0.031,0.169,0.0,0.04,0.0,0.065,0.017,0.016,0.162,0.073,0.37,0.012
2018-12-10 12:00:00,0.005,0.062,0.019,0.144,0.0,0.052,0.0,0.068,0.011,0.019,0.166,0.083,0.136,0.013
2018-12-10 13:00:00,0.007,0.065,0.008,0.159,0.0,0.061,0.0,0.071,0.008,0.02,0.17,0.108,0.224,0.016
2018-12-10 14:00:00,0.008,0.072,0.008,0.246,0.0,0.027,0.0,0.07,0.009,0.02,0.12,0.109,0.124,0.017
2018-12-10 15:00:00,0.006,0.087,0.009,0.243,0.0,0.05,0.0,0.066,0.017,0.02,0.111,0.099,0.18,0.018
2018-12-10 16:00:00,0.0,0.071,0.014,0.241,0.0,0.033,0.0,0.074,0.02,0.02,0.092,0.098,0.158,0.024
2018-12-10 17:00:00,0.0,0.032,0.023,0.213,0.001,0.026,0.0,0.076,0.029,0.021,0.078,0.094,0.149,0.039
2018-12-10 18:00:00,0.005,0.018,0.018,0.242,0.001,0.027,0.0,0.08,0.037,0.022,0.076,0.087,0.128,0.042
2018-12-10 19:00:00,0.0,0.02,0.014,0.258,0.001,0.028,0.0,0.083,0.053,0.023,0.078,0.081,0.13,0.036
2018-12-10 20:00:00,0.0,0.019,0.017,0.264,0.001,0.034,0.0,0.086,0.047,0.023,0.093,0.082,0.136,0.032
2018-12-10 21:00:00,0.004,0.02,0.018,0.258,0.0,0.027,0.0,0.089,0.039,0.023,0.077,0.082,0.136,0.03
2018-12-10 22:00:00,0.007,0.011,0.018,0.242,0.0,0.032,0.003,0.089,0.041,0.024,0.101,0.083,0.136,0.03
2018-12-10 23:00:00,0.0,0.008,0.019,0.206,0.0,0.034,0.0,0.089,0.042,0.025,0.101,0.086,0.14,0.03
2018-12-11 00:00:00,0.0,0.005,0.018,0.208,0.0,0.034,0.0,0.091,0.048,0.026,0.095,0.089,0.144,0.029
2018-12-11 01:00:00,0.0,0.002,0.019,0.196,0.0,0.033,0.0,0.09,0.047,0.026,0.09,0.09,0.144,0.028
2018-12-11 02:00:00,0.0,0.001,0.019,0.202,0.0,0.034,0.0,0.09,0.047,0.025,0.084,0.09,0.153,0.027
2018-12-11 03:00:00,0.001,0.002,0.019,0.193,0.0,0.036,0.0,0.09,0.047,0.024,0.083,0.09,0.15,0.027
2018-12-11 04:00:00,0.0,0.002,0.019,0.184,0.0,0.034,0.0,0.088,0.047,0.024,0.083,0.09,0.156,0.033
2018-12-11 05:00:00,0.0,0.001,0.019,0.185,0.0,0.032,0.0,0.089,0.047,0.024,0.092,0.086,0.151,0.041
2018-12-11 06:00:00,0.0,0.005,0.021,0.191,0.0,0.039,0.0,0.089,0.052,0.023,0.091,0.084,0.162,0.037
2018-12-11 07:00:00,0.0,0.015,0.018,0.192,0.0,0.042,0.0,0.089,0.049,0.023,0.099,0.085,0.166,0.031
2018-12-11 08:00:00,0.0,0.013,0.021,0.222,0.0,0.05,0.0,0.088,0.048,0.023,0.102,0.086,0.157,0.032
2018-12-11 09:00:00,0.0,0.043,0.036,0.207,0.0,0.028,0.0,0.087,0.046,0.022,0.129,0.086,0.234,0.033
2018-12-11 10:00:00,0.0,0.057,0.063,0.216,0.0,0.023,0.0,0.085,0.043,0.021,0.165,0.086,0.379,0.032
2018-12-11 11:00:00,0.0,0.065,0.055,0.218,0.0,0.035,0.0,0.082,0.033,0.028,0.168,0.096,0.388,0.036
2018-12-11 12:00:00,0.006,0.067,0.044,0.19,0.0,0.056,0.0,0.079,0.018,0.02,0.173,0.117,0.403,0.027
2018-12-11 13:00:00,0.014,0.065,0.034,0.176,0.0,0.06,0.0,0.078,0.007,0.02,0.148,0.136,0.294,0.031
2018-12-11 14:00:00,0.005,0.063,0.02,0.227,0.0,0.023,0.0,0.076,0.002,0.02,0.116,0.133,0.125,0.031
2018-12-11 15:00:00,0.002,0.063,0.013,0.243,0.0,0.045,0.0,0.071,0.002,0.019,0.097,0.105,0.132,0.02
2018-12-11 16:00:00,0.0,0.06,0.012,0.222,0.0,0.036,0.0,0.073,0.002,0.02,0.096,0.09,0.128,0.02
2018-12-11 17:00:00,0.0,0.03,0.014,0.207,0.001,0.03,0.0,0.073,0.016,0.02,0.074,0.082,0.129,0.04
2018-12-11 18:00:00,0.013,0.019,0.018,0.209,0.002,0.059,0.0,0.077,0.02,0.021,0.079,0.086,0.127,0.045
2018-12-11 19:00:00,0.0,0.022,0.011,0.221,0.002,0.044,0.0,0.079,0.039,0.022,0.07,0.079,0.16,0.04
2018-12-11 20:00:00,0.0,0.021,0.016,0.231,0.001,0.037,0.0,0.081,0.037,0.022,0.086,0.081,0.136,0.032
2018-12-11 21:00:00,0.019,0.017,0.012,0.242,0.001,0.031,0.0,0.083,0.02,0.022,0.073,0.079,0.136,0.03
2018-12-11 22:00:00,0.0,0.012,0.011,0.217,0.0,0.029,0.0,0.082,0.02,0.023,0.093,0.079,0.14,0.03
2018-12-11 23:00:00,0.0,0.014,0.011,0.181,0.0,0.03,0.0,0.081,0.022,0.023,0.091,0.08,0.133,0.03
2018-12-12 00:00:00,0.0,0.005,0.011,0.181,0.0,0.015,0.0,0.082,0.034,0.023,0.084,0.079,0.133,0.029
2018-12-12 01:00:00,0.0,0.002,0.011,0.169,0.0,0.018,0.0,0.08,0.023,0.023,0.079,0.078,0.132,0.027
2018-12-12 02:00:00,0.0,0.001,0.01,0.16,0.0,0.03,0.0,0.078,0.021,0.023,0.072,0.078,0.138,0.026
2018-12-12 03:00:00,0.002,0.002,0.011,0.154,0.0,0.029,0.0,0.078,0.021,0.021,0.082,0.078,0.129,0.025
2018-12-12 04:00:00,0.0,0.002,0.035,0.157,0.0,0.03,0.0,0.076,0.02,0.02,0.082,0.078,0.129,0.041
2018-12-12 05:00:00,0.0,0.002,0.026,0.156,0.0,0.031,0.0,0.076,0.02,0.02,0.095,0.078,0.129,0.027
2018-12-12 06:00:00,0.0,0.001,0.015,0.166,0.0,0.062,0.0,0.076,0.042,0.02,0.093,0.077,0.132,0.025
2018-12-12 07:00:00,0.0,0.011,0.022,0.183,0.0,0.02,0.0,0.076,0.039,0.02,0.101,0.079,0.135,0.024
2018-12-12 08:00:00,0.0,0.014,0.01,0.203,0.009,0.021,0.0,0.076,0.032,0.015,0.104,0.081,0.139,0.02
2018-12-12 09:00:00,0.0,0.044,0.01,0.195,0.0,0.041,0.0,0.076,0.022,0.019,0.125,0.081,0.239,0.017
2018-12-12 10:00:00,0.0,0.058,0.009,0.214,0.0,0.052,0.0,0.076,0.012,0.018,0.141,0.078,0.327,0.015
2018-12-12 11:00:00,0.0,0.061,0.007,0.19,0.0,0.044,0.0,0.075,0.013,0.018,0.145,0.065,0.182,0.013
2018-12-12 12:00:00,0.001,0.064,0.007,0.157,0.0,0.048,0.0,0.075,0.008,0.02,0.146,0.078,0.135,0.013
2018-12-12 13:00:00,0.005,0.069,0.005,0.167,0.0,0.053,0.0,0.075,0.008,0.02,0.136,0.1,0.218,0.022
2018-12-12 14:00:00,0.006,0.077,0.006,0.217,0.0,0.029,0.0,0.073,0.01,0.02,0.116,0.108,0.18,0.013
2018-12-12 15:00:00,0.003,0.067,0.006,0.24,0.0,0.043,0.007,0.072,0.009,0.02,0.113,0.104,0.184,0.014
2018-12-12 16:00:00,0.0,0.061,0.013,0.238,0.0,0.03,0.004,0.074,0.014,0.021,0.124,0.102,0.154,0.045
2018-12-12 17:00:00,0.0,0.03,0.016,0.219,0.001,0.028,0.0,0.076,0.027,0.021,0.08,0.091,0.212,0.039
2018-12-12 18:00:00,0.005,0.018,0.018,0.242,0.001,0.031,0.0,0.08,0.03,0.022,0.079,0.087,0.131,0.027
2018-12-12 19:00:00,0.0,0.02,0.033,0.253,0.001,0.03,0.0,0.084,0.051,0.023,0.081,0.081,0.164,0.04
2018-12-12 20:00:00,0.0,0.02,0.021,0.254,0.001,0.034,0.0,0.087,0.048,0.024,0.092,0.083,0.136,0.035
2018-12-12 21:00:00,0.0,0.014,0.018,0.258,0.005,0.033,0.0,0.09,0.034,0.024,0.081,0.084,0.142,0.031
2018-12-12 22:00:00,0.002,0.011,0.018,0.222,0.0,0.034,0.0,0.09,0.043,0.024,0.105,0.085,0.169,0.039
2018-12-12 23:00:00,0.0,0.008,0.018,0.207,0.0,0.033,0.0,0.09,0.047,0.025,0.102,0.087,0.148,0.03
2018-12-13 00:00:00,0.0,0.005,0.018,0.212,0.0,0.034,0.0,0.09,0.049,0.026,0.094,0.09,0.15,0.03
2018-12-13 01:00:00,0.0,0.002,0.018,0.2,0.0,0.034,0.0,0.091,0.048,0.026,0.089,0.091,0.151,0.028
2018-12-13 02:00:00,0.0,0.001,0.018,0.195,0.0,0.034,0.0,0.09,0.047,0.025,0.084,0.091,0.157,0.028
2018-12-13 03:00:00,0.0,0.002,0.018,0.193,0.0,0.036,0.0,0.09,0.047,0.025,0.083,0.091,0.155,0.028
2018-12-13 04:00:00,0.0,0.002,0.019,0.192,0.0,0.038,0.0,0.089,0.048,0.025,0.082,0.09,0.153,0.032
2018-12-13 05:00:00,0.0,0.001,0.0,0.191,0.0,0.048,0.0,0.0,0.048,0.0,0.091,0.087,0.154,0.031
2018-12-13 06:00:00,0.0,0.001,0.0,0.188,0.0,0.034,0.0,0.0,0.052,0.0,0.091,0.085,0.151,0.029
2018-12-13 07:00:00,0.0,0.01,0.0,0.202,0.0,0.033,0.0,0.0,0.049,0.0,0.097,0.086,0.154,0.029
2018-12-13 08:00:00,0.0,0.014,0.014,0.206,0.0,0.031,0.0,0.069,0.049,0.019,0.101,0.087,0.171,0.028
2018-12-13 09:00:00,0.001,0.043,0.018,0.205,0.0,0.039,0.002,0.09,0.049,0.023,0.122,0.086,0.296,0.033
2018-12-13 10:00:00,0.001,0.056,0.016,0.189,0.0,0.021,0.0,0.088,0.048,0.022,0.142,0.089,0.243,0.034
2018-12-13 11:00:00,0.004,0.059,0.013,0.17,0.0,0.034,0.017,0.085,0.043,0.021,0.143,0.093,0.201,0.034
2018-12-13 12:00:00,0.006,0.061,0.011,0.152,0.0,0.045,0.0,0.082,0.02,0.021,0.146,0.105,0.214,0.041
2018-12-13 13:00:00,0.008,0.062,0.008,0.154,0.0,0.043,0.0,0.08,0.01,0.021,0.134,0.109,0.261,0.029
2018-12-13 14:00:00,0.015,0.062,0.009,0.19,0.0,0.013,0.0,0.078,0.004,0.02,0.103,0.108,0.371,0.037
2018-12-13 15:00:00,0.006,0.062,0.01,0.204,0.0,0.029,0.0,0.076,0.022,0.02,0.092,0.102,0.248,0.032
2018-12-13 16:00:00,0.0,0.06,0.013,0.208,0.0,0.016,0.0,0.074,0.021,0.02,0.09,0.101,0.205,0.04
2018-12-13 17:00:00,0.007,0.031,0.015,0.21,0.001,0.026,0.0,0.074,0.026,0.02,0.075,0.093,0.167,0.032
2018-12-13 18:00:00,0.005,0.019,0.016,0.217,0.002,0.026,0.0,0.077,0.03,0.021,0.068,0.085,0.128,0.038
2018-12-13 19:00:00,0.0,0.022,0.012,0.231,0.002,0.032,0.0,0.078,0.034,0.021,0.068,0.077,0.141,0.071
2018-12-13 20:00:00,0.0,0.021,0.042,0.251,0.001,0.029,0.0,0.08,0.03,0.022,0.081,0.078,0.134,0.057
2018-12-13 21:00:00,0.0,0.027,0.04,0.256,0.001,0.049,0.0,0.082,0.013,0.022,0.069,0.078,0.145,0.033
2018-12-13 22:00:00,0.0,0.026,0.062,0.255,0.0,0.034,0.0,0.081,0.001,0.022,0.086,0.073,0.144,0.027
2018-12-13 23:00:00,0.0,0.011,0.025,0.18,0.0,0.019,0.0,0.08,0.011,0.023,0.079,0.077,0.144,0.025
2018-12-14 00:00:00,0.0,0.005,0.01,0.173,0.0,0.02,0.0,0.08,0.022,0.023,0.073,0.076,0.195,0.023
2018-12-14 01:00:00,0.0,0.002,0.011,0.157,0.0,0.02,0.0,0.078,0.01,0.023,0.07,0.076,0.257,0.021
2018-12-14 02:00:00,0.0,0.001,0.012,0.15,0.0,0.029,0.0,0.078,0.007,0.023,0.059,0.075,0.138,0.02
2018-12-14 03:00:00,0.002,0.003,0.011,0.14,0.0,0.025,0.0,0.079,0.006,0.022,0.072,0.075,0.137,0.019
2018-12-14 04:00:00,0.0,0.003,0.014,0.128,0.0,0.022,0.0,0.076,0.004,0.02,0.074,0.075,0.136,0.025
2018-12-14 05:00:00,0.0,0.003,0.026,0.127,0.0,0.034,0.0,0.076,0.003,0.019,0.084,0.074,0.14,0.021
2018-12-14 06:00:00,0.0,0.004,0.048,0.117,0.0,0.022,0.0,0.075,0.026,0.016,0.115,0.055,0.137,0.024
2018-12-14 07:00:00,0.009,0.013,0.03,0.158,0.0,0.072,0.0,0.072,0.022,0.012,0.098,0.062,0.135,0.023
2018-12-14 08:00:00,0.009,0.024,0.027,0.149,0.0,0.034,0.0,0.071,0.009,0.012,0.095,0.061,0.135,0.015
2018-12-14 09:00:00,0.012,0.068,0.008,0.176,0.0,0.035,0.0,0.071,0.008,0.01,0.117,0.055,0.252,0.018
2018-12-14 10:00:00,0.007,0.063,0.007,0.217,0.0,0.035,0.0,0.055,0.013,0.009,0.137,0.058,0.289,0.023
2018-12-14 11:00:00,0.0,0.069,0.006,0.156,0.0,0.049,0.0,0.042,0.012,0.013,0.136,0.053,0.313,0.029
2018-12-14 12:00:00,0.0,0.067,0.028,0.143,0.0,0.032,0.01,0.029,0.002,0.017,0.138,0.055,0.308,0.015
2018-12-14 13:00:00,0.0,0.069,0.015,0.152,0.0,0.015,0.024,0.022,0.0,0.011,0.124,0.066,0.397,0.019
2018-12-14 14:00:00,0.0,0.07,0.008,0.195,0.0,0.025,0.001,0.019,0.0,0.009,0.101,0.069,0.408,0.014
2018-12-14 15:00:00,0.0,0.071,0.007,0.219,0.0,0.037,0.0,0.019,0.0,0.01,0.091,0.069,0.247,0.016
2018-12-14 16:00:00,0.0,0.069,0.007,0.204,0.008,0.036,0.0,0.019,0.0,0.01,0.094,0.076,0.116,0.013
2018-12-14 17:00:00,0.0,0.041,0.009,0.2,0.011,0.052,0.0,0.028,0.001,0.013,0.112,0.078,0.113,0.043
2018-12-14 18:00:00,0.005,0.031,0.009,0.233,0.003,0.06,0.0,0.031,0.005,0.017,0.091,0.059,0.133,0.043
2018-12-14 19:00:00,0.0,0.034,0.024,0.238,0.024,0.048,0.0,0.04,0.031,0.018,0.071,0.07,0.277,0.052
2018-12-14 20:00:00,0.012,0.033,0.013,0.262,0.014,0.056,0.0,0.048,0.008,0.019,0.086,0.091,0.168,0.044
2018-12-14 21:00:00,0.018,0.042,0.031,0.254,0.002,0.063,0.0,0.053,0.003,0.021,0.087,0.061,0.172,0.03
2018-12-14 22:00:00,0.003,0.022,0.006,0.266,0.001,0.06,0.0,0.053,0.008,0.022,0.118,0.064,0.299,0.02
2018-12-14 23:00:00,0.0,0.018,0.006,0.181,0.0,0.022,0.0,0.053,0.014,0.022,0.11,0.062,0.359,0.018
2018-12-15 00:00:00,0.0,0.008,0.006,0.183,0.001,0.01,0.0,0.054,0.015,0.022,0.069,0.053,0.349,0.017
2018-12-15 01:00:00,0.0,0.006,0.005,0.18,0.001,0.008,0.0,0.078,0.0,0.021,0.054,0.051,0.384,0.018
2018-12-15 02:00:00,0.0,0.002,0.005,0.173,0.001,0.021,0.0,0.071,0.0,0.017,0.037,0.048,0.343,0.014
2018-12-15 03:00:00,0.003,0.004,0.005,0.143,0.0,0.012,0.009,0.071,0.0,0.005,0.036,0.05,0.114,0.016
2018-12-15 04:00:00,0.0,0.003,0.007,0.14,0.0,0.011,0.0,0.07,0.0,0.002,0.036,0.053,0.114,0.017
2018-12-15 05:00:00,0.001,0.007,0.008,0.136,0.0,0.005,0.0,0.07,0.009,0.003,0.07,0.052,0.115,0.041
2018-12-15 06:00:00,0.001,0.007,0.009,0.158,0.0,0.018,0.0,0.068,0.009,0.003,0.079,0.042,0.115,0.016
2018-12-15 07:00:00,0.001,0.018,0.017,0.179,0.0,0.025,0.0,0.068,0.006,0.005,0.056,0.037,0.119,0.012
2018-12-15 08:00:00,0.001,0.021,0.009,0.191,0.0,0.118,0.0,0.067,0.023,0.004,0.056,0.04,0.126,0.036
2018-12-15 09:00:00,0.004,0.054,0.011,0.215,0.0,0.102,0.011,0.056,0.009,0.0,0.133,0.036,0.231,0.057
2018-12-15 10:00:00,0.003,0.097,0.021,0.215,0.0,0.122,0.0,0.021,0.012,0.0,0.107,0.062,0.358,0.045
2018-12-15 11:00:00,0.027,0.105,0.034,0.227,0.001,0.099,0.0,0.0,0.017,0.014,0.148,0.039,0.423,0.07
2018-12-15 12:00:00,0.027,0.137,0.042,0.277,0.022,0.067,0.0,0.0,0.0,0.016,0.225,0.036,0.239,0.144
2018-12-15 13:00:00,0.008,0.078,0.053,0.26,0.018,0.076,0.001,0.0,0.001,0.018,0.235,0.062,0.278,0.085
2018-12-15 14:00:00,0.019,0.075,0.082,0.336,0.0,0.039,0.001,0.0,0.004,0.009,0.199,0.055,0.183,0.075
2018-12-15 15:00:00,0.011,0.075,0.063,0.344,0.0,0.052,0.001,0.0,0.003,0.01,0.121,0.086,0.187,0.077
2018-12-15 16:00:00,0.01,0.072,0.053,0.293,0.003,0.03,0.0,0.0,0.0,0.013,0.089,0.051,0.162,0.04
2018-12-15 17:00:00,0.002,0.046,0.047,0.216,0.007,0.061,0.0,0.007,0.007,0.017,0.067,0.05,0.12,0.058
2018-12-15 18:00:00,0.025,0.037,0.024,0.243,0.009,0.052,0.0,0.025,0.005,0.021,0.064,0.061,0.166,0.061
2018-12-15 19:00:00,0.011,0.034,0.018,0.258,0.006,0.073,0.0,0.036,0.03,0.022,0.062,0.068,0.141,0.065
2018-12-15 20:00:00,0.032,0.05,0.014,0.307,0.006,0.043,0.0,0.044,0.002,0.023,0.088,0.079,0.182,0.078
2018-12-15 21:00:00,0.01,0.042,0.009,0.287,0.015,0.017,0.0,0.054,0.003,0.024,0.094,0.095,0.135,0.059
2018-12-15 22:00:00,0.003,0.023,0.007,0.29,0.003,0.054,0.0,0.06,0.001,0.024,0.067,0.085,0.14,0.037
2018-12-15 23:00:00,0.002,0.024,0.023,0.225,0.002,0.024,0.0,0.067,0.013,0.025,0.06,0.088,0.145,0.061
2018-12-16 00:00:00,0.001,0.008,0.018,0.218,0.001,0.026,0.0,0.071,0.02,0.024,0.054,0.082,0.162,0.026
2018-12-16 01:00:00,0.0,0.003,0.009,0.193,0.001,0.028,0.0,0.085,0.012,0.023,0.058,0.082,0.171,0.024
2018-12-16 02:00:00,0.0,0.005,0.009,0.192,0.0,0.036,0.0,0.08,0.013,0.023,0.049,0.082,0.146,0.023
2018-12-16 03:00:00,0.002,0.004,0.01,0.189,0.0,0.035,0.0,0.08,0.016,0.011,0.066,0.082,0.136,0.024
2018-12-16 04:00:00,0.0,0.005,0.015,0.217,0.0,0.033,0.0,0.08,0.018,0.012,0.067,0.082,0.135,0.028
2018-12-16 05:00:00,0.001,0.005,0.015,0.187,0.0,0.025,0.0,0.08,0.018,0.014,0.082,0.082,0.135,0.038
2018-12-16 06:00:00,0.002,0.002,0.014,0.17,0.0,0.023,0.0,0.079,0.037,0.014,0.072,0.073,0.22,0.04
2018-12-16 07:00:00,0.015,0.013,0.037,0.192,0.0,0.027,0.0,0.079,0.035,0.014,0.078,0.071,0.352,0.024
2018-12-16 08:00:00,0.0,0.017,0.018,0.199,0.0,0.035,0.004,0.078,0.027,0.013,0.078,0.072,0.372,0.044
2018-12-16 09:00:00,0.011,0.046,0.014,0.203,0.0,0.017,0.0,0.078,0.024,0.009,0.092,0.071,0.341,0.031
2018-12-16 10:00:00,0.007,0.061,0.009,0.196,0.008,0.025,0.0,0.049,0.008,0.006,0.093,0.063,0.331,0.042
2018-12-16 11:00:00,0.022,0.063,0.034,0.197,0.0,0.045,0.0,0.029,0.001,0.009,0.095,0.051,0.337,0.018
2018-12-16 12:00:00,0.06,0.064,0.05,0.201,0.0,0.067,0.0,0.014,0.0,0.017,0.111,0.063,0.393,0.031
2018-12-16 13:00:00,0.052,0.065,0.039,0.226,0.0,0.113,0.0,0.002,0.01,0.015,0.099,0.056,0.41,0.018
2018-12-16 14:00:00,0.036,0.065,0.025,0.193,0.003,0.046,0.011,0.013,0.024,0.012,0.093,0.109,0.241,0.021
2018-12-16 15:00:00,0.005,0.066,0.02,0.179,0.0,0.041,0.007,0.001,0.0,0.011,0.093,0.036,0.196,0.022
2018-12-16 16:00:00,0.0,0.063,0.022,0.203,0.0,0.026,0.0,0.01,0.0,0.012,0.089,0.036,0.12,0.055
2018-12-16 17:00:00,0.005,0.032,0.019,0.206,0.0,0.017,0.0,0.023,0.005,0.015,0.069,0.049,0.116,0.07
2018-12-16 18:00:00,0.027,0.019,0.018,0.237,0.0,0.041,0.019,0.034,0.022,0.021,0.051,0.057,0.116,0.039
2018-12-16 19:00:00,0.036,0.018,0.017,0.212,0.0,0.067,0.0,0.042,0.021,0.021,0.051,0.055,0.118,0.058
2018-12-16 20:00:00,0.005,0.035,0.014,0.208,0.0,0.054,0.0,0.048,0.015,0.021,0.063,0.061,0.126,0.063
2018-12-16 21:00:00,0.006,0.029,0.012,0.21,0.0,0.046,0.0,0.051,0.004,0.021,0.056,0.075,0.128,0.047
2018-12-16 22:00:00,0.011,0.015,0.033,0.279,0.0,0.032,0.0,0.06,0.0,0.022,0.077,0.078,0.125,0.025
2018-12-16 23:00:00,0.013,0.01,0.005,0.206,0.0,0.027,0.0,0.053,0.0,0.022,0.056,0.079,0.123,0.018
2018-12-17 00:00:00,0.004,0.005,0.003,0.226,0.0,0.018,0.0,0.056,0.022,0.023,0.065,0.076,0.118,0.016
2018-12-17 01:00:00,0.0,0.001,0.005,0.19,0.0,0.02,0.0,0.086,0.026,0.022,0.07,0.075,0.146,0.019
2018-12-17 02:00:00,0.0,0.001,0.005,0.178,0.0,0.033,0.0,0.08,0.0,0.016,0.059,0.074,0.129,0.015
2018-12-17 03:00:00,0.002,0.002,0.006,0.16,0.0,0.025,0.0,0.08,0.0,0.005,0.076,0.077,0.116,0.016
2018-12-17 04:00:00,0.0,0.002,0.011,0.155,0.0,0.021,0.0,0.077,0.0,0.002,0.081,0.073,0.124,0.023
2018-12-17 05:00:00,0.012,0.003,0.018,0.171,0.0,0.043,0.0,0.077,0.004,0.002,0.091,0.072,0.122,0.025
2018-12-17 06:00:00,0.017,0.002,0.005,0.165,0.02,0.067,0.0,0.077,0.031,0.002,0.115,0.047,0.122,0.04
2018-12-17 07:00:00,0.006,0.013,0.023,0.161,0.035,0.034,0.0,0.076,0.021,0.003,0.12,0.055,0.131,0.015
2018-12-17 08:00:00,0.001,0.016,0.052,0.165,0.026,0.053,0.0,0.071,0.014,0.001,0.106,0.054,0.139,0.015
2018-12-17 09:00:00,0.001,0.045,0.049,0.159,0.0,0.068,0.0,0.064,0.01,0.0,0.126,0.05,0.233,0.016
2018-12-17 10:00:00,0.0,0.06,0.01,0.207,0.0,0.049,0.0,0.017,0.004,0.0,0.159,0.055,0.263,0.014
2018-12-17 11:00:00,0.0,0.072,0.009,0.166,0.0,0.034,0.0,0.01,0.008,0.007,0.154,0.051,0.295,0.012
2018-12-17 12:00:00,0.0,0.064,0.024,0.134,0.0,0.02,0.0,0.014,0.001,0.018,0.159,0.052,0.248,0.017
2018-12-17 13:00:00,0.0,0.086,0.037,0.153,0.0,0.019,0.0,0.016,0.0,0.012,0.123,0.065,0.129,0.031
2018-12-17 14:00:00,0.0,0.064,0.016,0.198,0.0,0.016,0.0,0.026,0.001,0.011,0.11,0.073,0.126,0.026
2018-12-17 15:00:00,0.0,0.064,0.008,0.203,0.0,0.025,0.012,0.029,0.008,0.013,0.11,0.07,0.171,0.014
2018-12-17 16:00:00,0.025,0.067,0.009,0.208,0.004,0.016,0.0,0.032,0.012,0.015,0.099,0.074,0.138,0.016
2018-12-17 17:00:00,0.0,0.034,0.014,0.203,0.004,0.032,0.009,0.035,0.019,0.016,0.08,0.081,0.217,0.032
2018-12-17 18:00:00,0.005,0.022,0.025,0.236,0.008,0.034,0.0,0.035,0.015,0.017,0.075,0.076,0.124,0.048
2018-12-17 19:00:00,0.0,0.025,0.009,0.259,0.003,0.038,0.013,0.038,0.026,0.019,0.064,0.07,0.124,0.06
2018-12-17 20:00:00,0.0,0.024,0.019,0.278,0.002,0.038,0.0,0.054,0.029,0.022,0.077,0.074,0.128,0.034
2018-12-17 21:00:00,0.0,0.038,0.016,0.275,0.001,0.037,0.0,0.07,0.014,0.023,0.076,0.081,0.129,0.031
2018-12-17 22:00:00,0.0,0.026,0.012,0.229,0.002,0.04,0.001,0.077,0.026,0.026,0.091,0.083,0.126,0.031
2018-12-17 23:00:00,0.0,0.016,0.007,0.211,0.0,0.037,0.0,0.084,0.032,0.024,0.091,0.085,0.123,0.023
2018-12-18 00:00:00,0.0,0.004,0.011,0.212,0.0,0.037,0.0,0.086,0.034,0.024,0.087,0.083,0.125,0.024
2018-12-18 01:00:00,0.0,0.001,0.011,0.199,0.0,0.036,0.0,0.086,0.032,0.024,0.086,0.083,0.124,0.029
2018-12-18 02:00:00,0.0,0.001,0.011,0.199,0.0,0.037,0.0,0.084,0.036,0.024,0.081,0.083,0.155,0.029
2018-12-18 03:00:00,0.001,0.001,0.013,0.199,0.0,0.037,0.0,0.084,0.038,0.02,0.085,0.083,0.152,0.029
2018-12-18 04:00:00,0.0,0.001,0.018,0.191,0.0,0.037,0.0,0.084,0.037,0.021,0.086,0.083,0.126,0.034
2018-12-18 05:00:00,0.0,0.001,0.022,0.193,0.0,0.058,0.0,0.085,0.037,0.021,0.096,0.084,0.128,0.031
2018-12-18 06:00:00,0.0,0.001,0.027,0.186,0.0,0.039,0.0,0.084,0.053,0.021,0.095,0.084,0.132,0.046
2018-12-18 07:00:00,0.0,0.011,0.013,0.217,0.0,0.047,0.0,0.084,0.066,0.021,0.103,0.084,0.156,0.029
2018-12-18 08:00:00,0.0,0.014,0.012,0.212,0.0,0.054,0.0,0.084,0.054,0.02,0.107,0.087,0.171,0.029
2018-12-18 09:00:00,0.0,0.043,0.013,0.203,0.0,0.035,0.0,0.083,0.05,0.018,0.125,0.086,0.142,0.026
2018-12-18 10:00:00,0.0,0.056,0.011,0.208,0.0,0.034,0.0,0.083,0.05,0.018,0.149,0.088,0.148,0.025
2018-12-18 11:00:00,0.0,0.063,0.011,0.206,0.0,0.033,0.0,0.083,0.048,0.02,0.143,0.087,0.148,0.025
2018-12-18 12:00:00,0.0,0.062,0.009,0.18,0.0,0.034,0.0,0.083,0.029,0.021,0.15,0.092,0.144,0.025
2018-12-18 13:00:00,0.0,0.068,0.008,0.172,0.0,0.038,0.0,0.077,0.036,0.021,0.141,0.105,0.139,0.057
2018-12-18 14:00:00,0.0,0.066,0.013,0.213,0.0,0.031,0.011,0.077,0.046,0.021,0.12,0.109,0.217,0.029
2018-12-18 15:00:00,0.0,0.065,0.014,0.216,0.0,0.032,0.0,0.078,0.049,0.021,0.106,0.105,0.13,0.04
2018-12-18 16:00:00,0.0,0.06,0.016,0.217,0.0,0.045,0.0,0.079,0.046,0.021,0.096,0.103,0.147,0.058
2018-12-18 17:00:00,0.0,0.029,0.017,0.208,0.006,0.052,0.0,0.079,0.042,0.021,0.082,0.095,0.158,0.031
2018-12-18 18:00:00,0.005,0.016,0.018,0.227,0.001,0.048,0.0,0.078,0.043,0.021,0.078,0.088,0.13,0.03
2018-12-18 19:00:00,0.0,0.017,0.012,0.25,0.001,0.06,0.0,0.08,0.048,0.022,0.077,0.081,0.132,0.035
2018-12-18 20:00:00,0.0,0.017,0.017,0.243,0.001,0.053,0.0,0.084,0.041,0.022,0.089,0.081,0.136,0.031
2018-12-18 21:00:00,0.0,0.012,0.013,0.244,0.001,0.027,0.0,0.085,0.026,0.022,0.077,0.081,0.135,0.029
2018-12-18 22:00:00,0.0,0.009,0.012,0.219,0.003,0.055,0.0,0.085,0.029,0.023,0.101,0.081,0.133,0.03
2018-12-18 23:00:00,0.0,0.008,0.027,0.198,0.0,0.031,0.0,0.084,0.027,0.023,0.097,0.082,0.131,0.03
2018-12-19 00:00:00,0.003,0.005,0.011,0.184,0.0,0.027,0.0,0.085,0.037,0.024,0.093,0.08,0.134,0.029
2018-12-19 01:00:00,0.0,0.002,0.013,0.17,0.0,0.028,0.0,0.085,0.03,0.023,0.087,0.08,0.136,0.027
2018-12-19 02:00:00,0.0,0.001,0.015,0.171,0.0,0.031,0.0,0.085,0.028,0.024,0.082,0.08,0.142,0.027
2018-12-19 03:00:00,0.001,0.001,0.016,0.168,0.0,0.032,0.0,0.086,0.028,0.023,0.085,0.08,0.138,0.026
2018-12-19 04:00:00,0.0,0.002,0.019,0.158,0.0,0.031,0.0,0.083,0.029,0.022,0.084,0.082,0.138,0.031
2018-12-19 05:00:00,0.0,0.001,0.02,0.156,0.0,0.031,0.003,0.084,0.031,0.023,0.094,0.082,0.14,0.029
2018-12-19 06:00:00,0.001,0.0,0.016,0.159,0.0,0.023,0.0,0.084,0.047,0.021,0.092,0.081,0.142,0.041
2018-12-19 07:00:00,0.004,0.01,0.015,0.177,0.0,0.041,0.0,0.084,0.048,0.022,0.099,0.082,0.147,0.038
2018-12-19 08:00:00,0.0,0.013,0.013,0.21,0.0,0.017,0.0,0.083,0.053,0.022,0.103,0.084,0.168,0.032
2018-12-19 09:00:00,0.0,0.043,0.011,0.197,0.0,0.025,0.0,0.082,0.046,0.02,0.126,0.083,0.254,0.035
2018-12-19 10:00:00,0.0,0.068,0.015,0.167,0.0,0.026,0.0,0.081,0.031,0.016,0.155,0.086,0.398,0.034
2018-12-19 11:00:00,0.0,0.065,0.018,0.161,0.0,0.047,0.0,0.079,0.022,0.016,0.159,0.088,0.311,0.019
2018-12-19 12:00:00,0.003,0.07,0.03,0.14,0.0,0.056,0.0,0.066,0.007,0.018,0.167,0.098,0.169,0.015
2018-12-19 13:00:00,0.004,0.073,0.017,0.155,0.0,0.055,0.0,0.051,0.002,0.013,0.148,0.117,0.134,0.016
2018-12-19 14:00:00,0.004,0.074,0.009,0.173,0.0,0.031,0.0,0.038,0.002,0.009,0.124,0.113,0.127,0.016
2018-12-19 15:00:00,0.009,0.073,0.004,0.221,0.0,0.043,0.0,0.031,0.0,0.008,0.107,0.094,0.156,0.015
2018-12-19 16:00:00,0.0,0.065,0.01,0.198,0.0,0.038,0.0,0.039,0.0,0.012,0.09,0.094,0.173,0.018
2018-12-19 17:00:00,0.0,0.032,0.013,0.19,0.001,0.026,0.0,0.055,0.015,0.017,0.095,0.087,0.241,0.021
2018-12-19 18:00:00,0.005,0.026,0.016,0.206,0.002,0.033,0.0,0.064,0.022,0.02,0.087,0.081,0.307,0.038
2018-12-19 19:00:00,0.0,0.023,0.011,0.245,0.002,0.027,0.011,0.078,0.037,0.021,0.064,0.076,0.196,0.037
2018-12-19 20:00:00,0.014,0.022,0.017,0.246,0.002,0.023,0.0,0.082,0.035,0.022,0.081,0.08,0.137,0.025
2018-12-19 21:00:00,0.019,0.016,0.013,0.237,0.001,0.047,0.0,0.084,0.018,0.022,0.072,0.078,0.163,0.023
2018-12-19 22:00:00,0.009,0.011,0.011,0.215,0.0,0.044,0.0,0.083,0.017,0.022,0.102,0.079,0.135,0.022
2018-12-19 23:00:00,0.0,0.009,0.011,0.17,0.0,0.018,0.0,0.082,0.021,0.023,0.092,0.08,0.134,0.023
2018-12-20 00:00:00,0.0,0.006,0.01,0.173,0.0,0.018,0.0,0.083,0.033,0.023,0.08,0.079,0.163,0.022
2018-12-20 01:00:00,0.0,0.002,0.01,0.176,0.0,0.018,0.0,0.081,0.024,0.023,0.076,0.079,0.133,0.02
2018-12-20 02:00:00,0.0,0.002,0.011,0.151,0.0,0.033,0.0,0.08,0.024,0.023,0.069,0.079,0.138,0.022
2018-12-20 03:00:00,0.002,0.002,0.012,0.139,0.001,0.024,0.0,0.081,0.026,0.019,0.08,0.079,0.13,0.023
2018-12-20 04:00:00,0.0,0.002,0.017,0.142,0.0,0.023,0.0,0.079,0.027,0.02,0.082,0.079,0.13,0.029
2018-12-20 05:00:00,0.0,0.001,0.016,0.139,0.0,0.027,0.0,0.08,0.027,0.022,0.093,0.08,0.131,0.028
2018-12-20 06:00:00,0.0,0.001,0.029,0.158,0.0,0.025,0.0,0.08,0.046,0.021,0.092,0.08,0.132,0.049
2018-12-20 07:00:00,0.01,0.01,0.01,0.175,0.001,0.025,0.0,0.08,0.047,0.021,0.105,0.081,0.155,0.027
2018-12-20 08:00:00,0.01,0.015,0.008,0.195,0.0,0.015,0.0,0.079,0.042,0.021,0.105,0.083,0.16,0.03
2018-12-20 09:00:00,0.015,0.045,0.007,0.17,0.0,0.029,0.004,0.078,0.031,0.014,0.129,0.082,0.245,0.032
2018-12-20 10:00:00,0.009,0.064,0.021,0.2,0.009,0.047,0.0,0.072,0.017,0.008,0.16,0.086,0.481,0.016
2018-12-20 11:00:00,0.023,0.103,0.047,0.234,0.011,0.077,0.001,0.05,0.012,0.01,0.174,0.098,0.481,0.034
2018-12-20 12:00:00,0.027,0.087,0.053,0.215,0.018,0.113,0.003,0.035,0.003,0.019,0.22,0.117,0.39,0.028
2018-12-20 13:00:00,0.039,0.096,0.068,0.292,0.008,0.088,0.007,0.018,0.043,0.011,0.244,0.144,0.302,0.075
2018-12-20 14:00:00,0.033,0.096,0.068,0.319,0.005,0.062,0.01,0.01,0.009,0.021,0.218,0.154,0.344,0.089
2018-12-20 15:00:00,0.048,0.081,0.049,0.334,0.0,0.076,0.005,0.008,0.003,0.015,0.18,0.117,0.247,0.084
2018-12-20 16:00:00,0.01,0.085,0.026,0.304,0.001,0.055,0.002,0.004,0.0,0.001,0.116,0.079,0.157,0.035
2018-12-20 17:00:00,0.001,0.041,0.01,0.33,0.012,0.08,0.0,0.02,0.001,0.003,0.087,0.063,0.108,0.042
2018-12-20 18:00:00,0.02,0.028,0.012,0.395,0.035,0.085,0.0,0.023,0.004,0.005,0.102,0.053,0.195,0.06
2018-12-20 19:00:00,0.022,0.045,0.007,0.276,0.028,0.098,0.0,0.033,0.007,0.01,0.088,0.041,0.244,0.039
2018-12-20 20:00:00,0.023,0.037,0.014,0.298,0.021,0.092,0.0,0.04,0.001,0.012,0.08,0.048,0.206,0.039
2018-12-20 21:00:00,0.046,0.049,0.007,0.291,0.002,0.03,0.0,0.04,0.001,0.015,0.081,0.062,0.324,0.035
2018-12-20 22:00:00,0.02,0.024,0.006,0.269,0.001,0.018,0.006,0.042,0.006,0.021,0.096,0.069,0.347,0.048
2018-12-20 23:00:00,0.004,0.017,0.005,0.188,0.0,0.01,0.0,0.037,0.005,0.021,0.088,0.084,0.301,0.033
2018-12-21 00:00:00,0.001,0.007,0.004,0.19,0.001,0.012,0.0,0.034,0.027,0.021,0.076,0.061,0.305,0.017
2018-12-21 01:00:00,0.0,0.002,0.004,0.181,0.001,0.013,0.0,0.077,0.0,0.019,0.072,0.06,0.338,0.017
2018-12-21 02:00:00,0.0,0.002,0.004,0.167,0.001,0.025,0.0,0.066,0.0,0.011,0.059,0.059,0.368,0.011
2018-12-21 03:00:00,0.003,0.004,0.003,0.152,0.0,0.017,0.0,0.064,0.0,0.003,0.065,0.063,0.403,0.021
2018-12-21 04:00:00,0.0,0.005,0.049,0.151,0.013,0.013,0.0,0.058,0.0,0.002,0.085,0.059,0.383,0.017
2018-12-21 05:00:00,0.001,0.008,0.059,0.158,0.0,0.032,0.0,0.058,0.004,0.002,0.088,0.06,0.882,0.017
2018-12-21 06:00:00,0.006,0.011,0.022,0.193,0.005,0.033,0.0,0.062,0.008,0.001,0.09,0.042,0.64,0.013
2018-12-21 07:00:00,0.013,0.03,0.015,0.247,0.0,0.086,0.0,0.05,0.018,0.001,0.131,0.038,0.39,0.013
2018-12-21 08:00:00,0.009,0.032,0.008,0.25,0.027,0.015,0.014,0.047,0.0,0.001,0.114,0.04,0.44,0.015
2018-12-21 09:00:00,0.021,0.089,0.025,0.297,0.01,0.021,0.012,0.041,0.0,0.0,0.141,0.041,0.525,0.03
2018-12-21 10:00:00,0.01,0.093,0.019,0.298,0.023,0.05,0.005,0.007,0.018,0.0,0.159,0.065,0.642,0.011
2018-12-21 11:00:00,0.015,0.106,0.035,0.204,0.061,0.06,0.0,0.0,0.041,0.0,0.159,0.057,0.697,0.012
2018-12-21 12:00:00,0.031,0.113,0.046,0.234,0.006,0.041,0.006,0.004,0.013,0.011,0.174,0.056,0.748,0.016
2018-12-21 13:00:00,0.026,0.109,0.035,0.194,0.001,0.038,0.014,0.0,0.0,0.003,0.161,0.082,0.818,0.017
2018-12-21 14:00:00,0.023,0.131,0.04,0.272,0.002,0.019,0.027,0.0,0.001,0.0,0.163,0.088,0.841,0.018
2018-12-21 15:00:00,0.029,0.139,0.023,0.396,0.002,0.04,0.02,0.003,0.0,0.0,0.163,0.081,0.707,0.02
2018-12-21 16:00:00,0.022,0.149,0.021,0.308,0.009,0.065,0.04,0.018,0.0,0.0,0.179,0.074,0.668,0.011
2018-12-21 17:00:00,0.008,0.127,0.046,0.29,0.013,0.065,0.001,0.028,0.015,0.001,0.171,0.064,0.643,0.029
2018-12-21 18:00:00,0.046,0.194,0.05,0.373,0.015,0.076,0.0,0.0,0.018,0.011,0.189,0.068,0.673,0.058
2018-12-21 19:00:00,0.058,0.203,0.029,0.479,0.031,0.093,0.0,0.001,0.039,0.006,0.21,0.043,0.621,0.052
2018-12-21 20:00:00,0.058,0.176,0.016,0.528,0.05,0.075,0.0,0.004,0.032,0.016,0.232,0.041,0.612,0.046
2018-12-21 21:00:00,0.047,0.194,0.01,0.419,0.096,0.109,0.0,0.007,0.024,0.018,0.231,0.046,0.584,0.039
2018-12-21 22:00:00,0.039,0.141,0.027,0.477,0.011,0.048,0.0,0.006,0.017,0.014,0.189,0.059,0.555,0.05
2018-12-21 23:00:00,0.035,0.051,0.006,0.364,0.007,0.043,0.0,0.005,0.001,0.015,0.142,0.068,0.522,0.04
2018-12-22 00:00:00,0.029,0.025,0.007,0.39,0.006,0.079,0.0,0.013,0.024,0.014,0.087,0.065,0.511,0.066
2018-12-22 01:00:00,0.013,0.023,0.007,0.275,0.005,0.054,0.0,0.095,0.013,0.012,0.097,0.06,0.503,0.089
2018-12-22 02:00:00,0.012,0.014,0.006,0.306,0.003,0.035,0.0,0.076,0.009,0.005,0.052,0.05,0.538,0.024
2018-12-22 03:00:00,0.015,0.011,0.004,0.242,0.002,0.029,0.02,0.077,0.007,0.002,0.048,0.061,0.499,0.006
2018-12-22 04:00:00,0.026,0.011,0.008,0.229,0.002,0.02,0.021,0.063,0.008,0.002,0.041,0.053,0.481,0.009
2018-12-22 05:00:00,0.009,0.038,0.004,0.258,0.001,0.02,0.0,0.033,0.007,0.004,0.077,0.048,0.906,0.008
2018-12-22 06:00:00,0.007,0.01,0.005,0.239,0.001,0.022,0.0,0.023,0.001,0.003,0.072,0.056,0.63,0.021
2018-12-22 07:00:00,0.022,0.018,0.009,0.244,0.0,0.06,0.0,0.026,0.0,0.002,0.056,0.05,0.41,0.03
2018-12-22 08:00:00,0.039,0.029,0.039,0.219,0.0,0.026,0.016,0.032,0.008,0.001,0.067,0.122,0.267,0.061
2018-12-22 09:00:00,0.03,0.047,0.078,0.207,0.015,0.062,0.005,0.038,0.013,0.0,0.09,0.046,0.108,0.061
2018-12-22 10:00:00,0.036,0.061,0.075,0.215,0.075,0.044,0.0,0.009,0.008,0.0,0.115,0.075,0.148,0.016
2018-12-22 11:00:00,0.038,0.065,0.041,0.188,0.0,0.052,0.0,0.0,0.0,0.002,0.133,0.04,0.135,0.012
2018-12-22 12:00:00,0.019,0.066,0.011,0.172,0.0,0.039,0.0,0.001,0.0,0.018,0.139,0.039,0.127,0.012
2018-12-22 13:00:00,0.019,0.066,0.014,0.168,0.0,0.036,0.0,0.011,0.007,0.023,0.131,0.051,0.209,0.014
2018-12-22 14:00:00,0.0,0.074,0.009,0.153,0.0,0.066,0.0,0.02,0.007,0.022,0.118,0.058,0.191,0.028
2018-12-22 15:00:00,0.013,0.065,0.008,0.175,0.0,0.045,0.0,0.029,0.007,0.022,0.106,0.063,0.223,0.017
2018-12-22 16:00:00,0.0,0.064,0.012,0.204,0.002,0.025,0.0,0.04,0.016,0.023,0.109,0.074,0.168,0.022
2018-12-22 17:00:00,0.0,0.037,0.015,0.224,0.004,0.054,0.0,0.051,0.03,0.023,0.085,0.094,0.18,0.058
2018-12-22 18:00:00,0.005,0.027,0.015,0.244,0.005,0.082,0.0,0.062,0.025,0.023,0.078,0.096,0.198,0.062
2018-12-22 19:00:00,0.0,0.026,0.017,0.297,0.004,0.028,0.0,0.067,0.039,0.024,0.067,0.095,0.132,0.053
2018-12-22 20:00:00,0.001,0.032,0.01,0.284,0.004,0.028,0.0,0.075,0.035,0.025,0.088,0.098,0.131,0.082
2018-12-22 21:00:00,0.002,0.05,0.013,0.278,0.003,0.1,0.0,0.085,0.008,0.025,0.073,0.1,0.134,0.074
2018-12-22 22:00:00,0.028,0.021,0.011,0.304,0.002,0.059,0.0,0.084,0.017,0.026,0.067,0.087,0.131,0.045
2018-12-22 23:00:00,0.004,0.015,0.011,0.252,0.001,0.039,0.0,0.088,0.04,0.026,0.061,0.09,0.144,0.027
2018-12-23 00:00:00,0.008,0.005,0.012,0.204,0.0,0.025,0.0,0.092,0.03,0.026,0.054,0.086,0.164,0.026
2018-12-23 01:00:00,0.002,0.002,0.012,0.186,0.0,0.037,0.0,0.094,0.022,0.025,0.057,0.085,0.134,0.023
2018-12-23 02:00:00,0.018,0.004,0.013,0.184,0.0,0.038,0.0,0.089,0.022,0.024,0.048,0.085,0.146,0.02
2018-12-23 03:00:00,0.002,0.003,0.013,0.178,0.0,0.038,0.0,0.089,0.025,0.018,0.066,0.085,0.134,0.02
2018-12-23 04:00:00,0.0,0.004,0.018,0.179,0.0,0.037,0.0,0.089,0.027,0.018,0.068,0.085,0.136,0.023
2018-12-23 05:00:00,0.0,0.005,0.018,0.173,0.0,0.037,0.0,0.09,0.029,0.019,0.085,0.086,0.135,0.023
2018-12-23 06:00:00,0.0,0.001,0.018,0.175,0.0,0.034,0.0,0.088,0.046,0.019,0.073,0.085,0.134,0.023
2018-12-23 07:00:00,0.0,0.011,0.018,0.191,0.0,0.027,0.0,0.088,0.05,0.02,0.078,0.085,0.141,0.023
2018-12-23 08:00:00,0.002,0.015,0.031,0.191,0.0,0.024,0.01,0.088,0.039,0.019,0.077,0.086,0.139,0.019
2018-12-23 09:00:00,0.003,0.044,0.059,0.198,0.0,0.024,0.0,0.088,0.029,0.014,0.094,0.084,0.139,0.04
2018-12-23 10:00:00,0.001,0.063,0.031,0.172,0.0,0.049,0.0,0.083,0.011,0.011,0.114,0.086,0.132,0.026
2018-12-23 11:00:00,0.001,0.075,0.058,0.148,0.0,0.044,0.0,0.074,0.005,0.014,0.132,0.073,0.142,0.019
2018-12-23 12:00:00,0.006,0.062,0.102,0.116,0.0,0.066,0.0,0.065,0.002,0.02,0.133,0.065,0.126,0.024
2018-12-23 13:00:00,0.013,0.063,0.1,0.154,0.0,0.078,0.0,0.055,0.015,0.021,0.128,0.064,0.11,0.021
2018-12-23 14:00:00,0.014,0.063,0.037,0.184,0.0,0.041,0.0,0.039,0.004,0.02,0.113,0.06,0.128,0.056
2018-12-23 15:00:00,0.01,0.064,0.013,0.203,0.0,0.054,0.0,0.035,0.005,0.018,0.102,0.059,0.102,0.017
2018-12-23 16:00:00,0.001,0.06,0.013,0.156,0.0,0.025,0.0,0.05,0.001,0.02,0.084,0.055,0.19,0.023
2018-12-23 17:00:00,0.0,0.03,0.014,0.152,0.0,0.033,0.0,0.071,0.05,0.02,0.066,0.07,0.273,0.077
2018-12-23 18:00:00,0.005,0.016,0.027,0.196,0.0,0.024,0.0,0.085,0.028,0.02,0.051,0.079,0.193,0.079
2018-12-23 19:00:00,0.003,0.015,0.044,0.231,0.0,0.026,0.0,0.088,0.052,0.021,0.057,0.081,0.143,0.055
2018-12-23 20:00:00,0.008,0.014,0.028,0.246,0.0,0.026,0.007,0.091,0.039,0.022,0.069,0.083,0.145,0.052
2018-12-23 21:00:00,0.014,0.016,0.024,0.258,0.0,0.045,0.0,0.091,0.026,0.022,0.072,0.089,0.142,0.04
2018-12-23 22:00:00,0.002,0.029,0.02,0.269,0.0,0.067,0.0,0.09,0.019,0.022,0.063,0.083,0.145,0.03
2018-12-23 23:00:00,0.001,0.008,0.015,0.229,0.0,0.027,0.0,0.09,0.027,0.023,0.062,0.084,0.145,0.03
2018-12-24 00:00:00,0.0,0.004,0.015,0.198,0.0,0.029,0.0,0.091,0.042,0.024,0.069,0.082,0.141,0.029
2018-12-24 01:00:00,0.0,0.001,0.015,0.201,0.0,0.026,0.0,0.09,0.032,0.024,0.071,0.082,0.14,0.027
2018-12-24 02:00:00,0.0,0.001,0.014,0.184,0.0,0.031,0.0,0.09,0.028,0.023,0.068,0.082,0.149,0.024
2018-12-24 03:00:00,0.002,0.001,0.013,0.173,0.0,0.032,0.0,0.089,0.027,0.02,0.084,0.082,0.144,0.023
2018-12-24 04:00:00,0.0,0.001,0.018,0.165,0.006,0.03,0.0,0.087,0.026,0.019,0.086,0.081,0.151,0.029
2018-12-24 05:00:00,0.0,0.001,0.04,0.152,0.0,0.031,0.0,0.087,0.025,0.018,0.098,0.081,0.175,0.024
2018-12-24 06:00:00,0.0,0.001,0.027,0.15,0.0,0.019,0.0,0.086,0.046,0.018,0.097,0.071,0.161,0.035
2018-12-24 07:00:00,0.001,0.011,0.016,0.171,0.01,0.026,0.0,0.085,0.042,0.017,0.106,0.072,0.149,0.02
2018-12-24 08:00:00,0.001,0.014,0.035,0.178,0.0,0.016,0.004,0.085,0.034,0.016,0.109,0.074,0.17,0.045
2018-12-24 09:00:00,0.001,0.043,0.01,0.177,0.0,0.006,0.007,0.084,0.029,0.013,0.147,0.067,0.265,0.022
2018-12-24 10:00:00,0.0,0.064,0.007,0.176,0.0,0.017,0.008,0.078,0.017,0.01,0.163,0.076,0.272,0.033
2018-12-24 11:00:00,0.0,0.07,0.01,0.153,0.0,0.016,0.004,0.065,0.009,0.013,0.178,0.075,0.313,0.016
2018-12-24 12:00:00,0.0,0.075,0.014,0.14,0.0,0.025,0.0,0.052,0.0,0.018,0.142,0.067,0.32,0.02
2018-12-24 13:00:00,0.0,0.062,0.006,0.129,0.0,0.029,0.0,0.043,0.0,0.014,0.126,0.074,0.323,0.021
2018-12-24 14:00:00,0.0,0.063,0.017,0.207,0.0,0.018,0.0,0.04,0.001,0.01,0.109,0.08,0.245,0.019
2018-12-24 15:00:00,0.0,0.069,0.007,0.217,0.0,0.024,0.0,0.041,0.002,0.011,0.106,0.082,0.128,0.017
2018-12-24 16:00:00,0.0,0.061,0.013,0.206,0.001,0.021,0.0,0.045,0.003,0.013,0.094,0.084,0.135,0.018
2018-12-24 17:00:00,0.0,0.032,0.029,0.217,0.002,0.042,0.0,0.056,0.007,0.016,0.081,0.08,0.147,0.024
2018-12-24 18:00:00,0.006,0.02,0.03,0.222,0.003,0.035,0.0,0.063,0.016,0.02,0.075,0.076,0.137,0.042
2018-12-24 19:00:00,0.0,0.023,0.012,0.237,0.003,0.025,0.0,0.074,0.022,0.021,0.078,0.068,0.134,0.033
2018-12-24 20:00:00,0.0,0.022,0.018,0.252,0.002,0.026,0.0,0.078,0.026,0.022,0.086,0.074,0.139,0.036
2018-12-24 21:00:00,0.0,0.019,0.012,0.269,0.001,0.124,0.0,0.086,0.016,0.022,0.076,0.08,0.141,0.048
2018-12-24 22:00:00,0.0,0.012,0.025,0.224,0.0,0.027,0.0,0.086,0.016,0.022,0.096,0.08,0.138,0.042
2018-12-24 23:00:00,0.0,0.009,0.012,0.186,0.0,0.027,0.0,0.086,0.02,0.023,0.092,0.081,0.137,0.022
2018-12-25 00:00:00,0.0,0.005,0.012,0.194,0.0,0.028,0.0,0.086,0.035,0.024,0.084,0.08,0.138,0.022
2018-12-25 01:00:00,0.0,0.001,0.013,0.196,0.0,0.03,0.0,0.085,0.027,0.023,0.081,0.08,0.139,0.022
2018-12-25 02:00:00,0.0,0.001,0.013,0.182,0.0,0.034,0.0,0.085,0.027,0.023,0.073,0.08,0.144,0.02
2018-12-25 03:00:00,0.001,0.002,0.014,0.178,0.0,0.035,0.0,0.084,0.028,0.021,0.085,0.08,0.129,0.02
2018-12-25 04:00:00,0.0,0.001,0.019,0.174,0.0,0.034,0.0,0.084,0.028,0.022,0.087,0.081,0.13,0.028
2018-12-25 05:00:00,0.0,0.002,0.019,0.182,0.0,0.034,0.0,0.085,0.031,0.022,0.099,0.081,0.13,0.025
2018-12-25 06:00:00,0.0,0.002,0.014,0.183,0.0,0.034,0.0,0.085,0.049,0.02,0.097,0.081,0.129,0.052
2018-12-25 07:00:00,0.0,0.011,0.013,0.195,0.0,0.03,0.0,0.085,0.046,0.021,0.111,0.082,0.155,0.025
2018-12-25 08:00:00,0.0,0.015,0.01,0.232,0.0,0.026,0.0,0.085,0.049,0.019,0.107,0.085,0.205,0.022
2018-12-25 09:00:00,0.0,0.044,0.011,0.21,0.0,0.02,0.0,0.084,0.042,0.015,0.134,0.084,0.153,0.023
2018-12-25 10:00:00,0.0,0.058,0.011,0.208,0.0,0.027,0.0,0.083,0.031,0.016,0.169,0.088,0.15,0.037
2018-12-25 11:00:00,0.004,0.061,0.015,0.186,0.0,0.034,0.0,0.082,0.024,0.018,0.187,0.098,0.146,0.027
2018-12-25 12:00:00,0.009,0.075,0.016,0.177,0.0,0.052,0.0,0.082,0.012,0.02,0.186,0.108,0.134,0.031
2018-12-25 13:00:00,0.012,0.088,0.009,0.206,0.0,0.064,0.0,0.078,0.008,0.02,0.208,0.123,0.269,0.019
2018-12-25 14:00:00,0.013,0.071,0.008,0.249,0.0,0.038,0.001,0.07,0.006,0.017,0.131,0.122,0.11,0.021
2018-12-25 15:00:00,0.009,0.072,0.009,0.249,0.0,0.054,0.002,0.066,0.012,0.018,0.111,0.106,0.208,0.046
2018-12-25 16:00:00,0.001,0.063,0.015,0.226,0.0,0.032,0.0,0.073,0.021,0.02,0.11,0.1,0.18,0.051
2018-12-25 17:00:00,0.0,0.031,0.03,0.211,0.001,0.041,0.0,0.083,0.038,0.021,0.08,0.097,0.187,0.048
2018-12-25 18:00:00,0.005,0.019,0.02,0.236,0.001,0.025,0.0,0.083,0.053,0.021,0.079,0.088,0.135,0.029
2018-12-25 19:00:00,0.0,0.021,0.017,0.247,0.001,0.048,0.0,0.084,0.054,0.023,0.081,0.081,0.137,0.058
2018-12-25 20:00:00,0.0,0.02,0.022,0.271,0.001,0.05,0.0,0.087,0.047,0.023,0.096,0.082,0.141,0.041
2018-12-25 21:00:00,0.0,0.014,0.019,0.272,0.0,0.032,0.0,0.089,0.034,0.023,0.082,0.082,0.141,0.038
2018-12-25 22:00:00,0.0,0.01,0.018,0.236,0.0,0.028,0.0,0.088,0.04,0.024,0.106,0.084,0.144,0.032
2018-12-25 23:00:00,0.0,0.008,0.017,0.213,0.0,0.031,0.0,0.088,0.044,0.024,0.104,0.087,0.146,0.03
2018-12-26 00:00:00,0.0,0.005,0.017,0.215,0.0,0.036,0.0,0.089,0.049,0.025,0.097,0.089,0.147,0.03
2018-12-26 01:00:00,0.0,0.002,0.026,0.201,0.0,0.033,0.0,0.088,0.046,0.025,0.092,0.09,0.144,0.028
2018-12-26 02:00:00,0.0,0.001,0.017,0.198,0.0,0.034,0.0,0.087,0.045,0.025,0.087,0.09,0.148,0.027
2018-12-26 03:00:00,0.001,0.002,0.017,0.193,0.0,0.034,0.0,0.087,0.044,0.023,0.086,0.09,0.144,0.027
2018-12-26 04:00:00,0.0,0.002,0.019,0.185,0.0,0.036,0.0,0.085,0.043,0.023,0.085,0.089,0.149,0.032
2018-12-26 05:00:00,0.0,0.001,0.019,0.183,0.0,0.033,0.0,0.085,0.042,0.023,0.094,0.085,0.147,0.03
2018-12-26 06:00:00,0.0,0.0,0.014,0.187,0.0,0.032,0.0,0.085,0.053,0.022,0.092,0.082,0.147,0.028
2018-12-26 07:00:00,0.0,0.01,0.017,0.208,0.0,0.047,0.0,0.083,0.046,0.022,0.1,0.083,0.15,0.028
2018-12-26 08:00:00,0.007,0.013,0.013,0.21,0.0,0.031,0.0,0.083,0.046,0.02,0.104,0.085,0.252,0.028
2018-12-26 09:00:00,0.001,0.042,0.012,0.191,0.0,0.022,0.0,0.082,0.037,0.019,0.126,0.083,0.4,0.027
2018-12-26 10:00:00,0.013,0.059,0.009,0.19,0.0,0.048,0.0,0.081,0.02,0.018,0.149,0.085,0.294,0.02
2018-12-26 11:00:00,0.009,0.058,0.007,0.169,0.0,0.048,0.0,0.079,0.013,0.018,0.147,0.089,0.403,0.017
2018-12-26 12:00:00,0.002,0.06,0.006,0.138,0.0,0.058,0.0,0.077,0.001,0.019,0.154,0.097,0.164,0.015
2018-12-26 13:00:00,0.002,0.062,0.004,0.138,0.0,0.047,0.0,0.066,0.0,0.018,0.137,0.1,0.222,0.016
2018-12-26 14:00:00,0.002,0.062,0.005,0.185,0.0,0.021,0.0,0.056,0.001,0.013,0.11,0.107,0.129,0.015
2018-12-26 15:00:00,0.001,0.062,0.005,0.197,0.0,0.045,0.0,0.049,0.001,0.013,0.094,0.108,0.125,0.018
2018-12-26 16:00:00,0.0,0.059,0.009,0.2,0.0,0.033,0.0,0.05,0.0,0.015,0.089,0.09,0.178,0.02
2018-12-26 17:00:00,0.0,0.034,0.011,0.192,0.001,0.042,0.0,0.057,0.004,0.017,0.074,0.082,0.176,0.022
2018-12-26 18:00:00,0.005,0.019,0.022,0.208,0.002,0.041,0.0,0.054,0.011,0.019,0.071,0.073,0.175,0.032
2018-12-26 19:00:00,0.0,0.022,0.01,0.216,0.002,0.034,0.0,0.065,0.019,0.02,0.065,0.065,0.159,0.058
2018-12-26 20:00:00,0.0,0.022,0.016,0.236,0.001,0.028,0.0,0.071,0.021,0.021,0.08,0.072,0.192,0.054
2018-12-26 21:00:00,0.0,0.023,0.012,0.219,0.001,0.025,0.0,0.074,0.008,0.021,0.072,0.078,0.297,0.033
2018-12-26 22:00:00,0.0,0.012,0.009,0.196,0.0,0.022,0.0,0.076,0.004,0.022,0.088,0.078,0.244,0.062
2018-12-26 23:00:00,0.0,0.009,0.009,0.177,0.0,0.017,0.0,0.076,0.013,0.022,0.083,0.079,0.297,0.028
2018-12-27 00:00:00,0.0,0.005,0.01,0.196,0.0,0.03,0.0,0.08,0.028,0.023,0.077,0.078,0.305,0.018
2018-12-27 01:00:00,0.0,0.001,0.011,0.187,0.0,0.032,0.0,0.08,0.016,0.023,0.074,0.078,0.178,0.019
2018-12-27 02:00:00,0.0,0.001,0.012,0.173,0.0,0.034,0.0,0.078,0.022,0.023,0.068,0.079,0.16,0.016
2018-12-27 03:00:00,0.001,0.002,0.012,0.159,0.0,0.034,0.0,0.079,0.022,0.02,0.081,0.079,0.132,0.018
2018-12-27 04:00:00,0.0,0.001,0.016,0.156,0.0,0.074,0.0,0.078,0.022,0.02,0.083,0.079,0.128,0.026
2018-12-27 05:00:00,0.0,0.002,0.016,0.153,0.0,0.05,0.0,0.08,0.025,0.021,0.092,0.079,0.129,0.025
2018-12-27 06:00:00,0.0,0.001,0.011,0.153,0.0,0.033,0.0,0.085,0.046,0.02,0.094,0.08,0.131,0.033
2018-12-27 07:00:00,0.0,0.011,0.021,0.186,0.0,0.037,0.0,0.08,0.037,0.021,0.103,0.081,0.165,0.027
2018-12-27 08:00:00,0.0,0.015,0.01,0.191,0.0,0.069,0.0,0.081,0.044,0.019,0.105,0.083,0.199,0.024
2018-12-27 09:00:00,0.001,0.049,0.007,0.181,0.0,0.047,0.0,0.08,0.038,0.019,0.13,0.083,0.165,0.021
2018-12-27 10:00:00,0.0,0.06,0.008,0.2,0.0,0.034,0.0,0.079,0.02,0.016,0.154,0.086,0.211,0.017
2018-12-27 11:00:00,0.004,0.072,0.011,0.202,0.0,0.074,0.0,0.078,0.02,0.017,0.162,0.09,0.241,0.016
2018-12-27 12:00:00,0.006,0.07,0.014,0.162,0.0,0.083,0.0,0.074,0.009,0.019,0.174,0.09,0.199,0.016
2018-12-27 13:00:00,0.005,0.072,0.008,0.153,0.0,0.051,0.0,0.063,0.001,0.017,0.146,0.097,0.253,0.018
2018-12-27 14:00:00,0.004,0.07,0.006,0.205,0.0,0.021,0.0,0.056,0.0,0.015,0.111,0.104,0.127,0.02
2018-12-27 15:00:00,0.002,0.068,0.007,0.216,0.0,0.042,0.0,0.053,0.006,0.015,0.093,0.102,0.194,0.019
2018-12-27 16:00:00,0.0,0.063,0.01,0.22,0.0,0.03,0.0,0.055,0.009,0.017,0.088,0.1,0.13,0.021
2018-12-27 17:00:00,0.0,0.031,0.012,0.25,0.001,0.023,0.0,0.067,0.021,0.02,0.074,0.093,0.131,0.051
2018-12-27 18:00:00,0.005,0.019,0.014,0.245,0.002,0.04,0.006,0.07,0.026,0.02,0.073,0.085,0.156,0.055
2018-12-27 19:00:00,0.0,0.021,0.009,0.258,0.002,0.029,0.001,0.076,0.037,0.021,0.07,0.077,0.196,0.036
2018-12-27 20:00:00,0.0,0.022,0.028,0.249,0.002,0.023,0.0,0.08,0.035,0.022,0.083,0.08,0.139,0.039
2018-12-27 21:00:00,0.0,0.034,0.024,0.257,0.017,0.026,0.0,0.082,0.019,0.021,0.078,0.08,0.242,0.032
2018-12-27 22:00:00,0.0,0.013,0.018,0.211,0.001,0.015,0.0,0.081,0.017,0.022,0.093,0.079,0.187,0.029
2018-12-27 23:00:00,0.0,0.01,0.009,0.181,0.002,0.069,0.0,0.08,0.019,0.023,0.087,0.08,0.137,0.028
2018-12-28 00:00:00,0.0,0.004,0.009,0.187,0.0,0.047,0.0,0.079,0.026,0.023,0.077,0.078,0.154,0.023
2018-12-28 01:00:00,0.0,0.001,0.008,0.159,0.0,0.024,0.0,0.077,0.02,0.022,0.071,0.078,0.282,0.021
2018-12-28 02:00:00,0.0,0.001,0.008,0.149,0.0,0.031,0.0,0.075,0.014,0.022,0.064,0.077,0.392,0.02
2018-12-28 03:00:00,0.002,0.003,0.008,0.136,0.0,0.025,0.0,0.075,0.013,0.012,0.078,0.077,0.387,0.019
2018-12-28 04:00:00,0.0,0.003,0.012,0.139,0.0,0.027,0.0,0.074,0.012,0.01,0.078,0.077,0.4,0.024
2018-12-28 05:00:00,0.0,0.003,0.012,0.131,0.0,0.03,0.0,0.073,0.009,0.009,0.09,0.077,0.416,0.02
2018-12-28 06:00:00,0.002,0.003,0.005,0.144,0.0,0.037,0.0,0.072,0.023,0.007,0.092,0.054,0.434,0.031
2018-12-28 07:00:00,0.0,0.014,0.028,0.139,0.014,0.018,0.0,0.07,0.022,0.007,0.108,0.052,0.409,0.018
2018-12-28 08:00:00,0.002,0.019,0.021,0.154,0.009,0.013,0.0,0.067,0.023,0.005,0.105,0.053,0.369,0.014
2018-12-28 09:00:00,0.0,0.048,0.017,0.173,0.006,0.018,0.0,0.059,0.017,0.001,0.123,0.052,0.397,0.016
2018-12-28 10:00:00,0.0,0.066,0.002,0.18,0.0,0.015,0.0,0.019,0.012,0.0,0.143,0.052,0.403,0.017
2018-12-28 11:00:00,0.0,0.073,0.005,0.15,0.0,0.015,0.0,0.007,0.011,0.008,0.14,0.051,0.388,0.017
2018-12-28 12:00:00,0.0,0.073,0.019,0.133,0.0,0.019,0.0,0.008,0.002,0.016,0.141,0.052,0.454,0.018
2018-12-28 13:00:00,0.0,0.075,0.011,0.131,0.0,0.02,0.0,0.006,0.0,0.012,0.127,0.061,0.415,0.016
2018-12-28 14:00:00,0.0,0.078,0.005,0.205,0.0,0.01,0.0,0.006,0.0,0.008,0.105,0.073,0.369,0.015
2018-12-28 15:00:00,0.0,0.08,0.006,0.216,0.0,0.019,0.0,0.006,0.002,0.008,0.111,0.068,0.287,0.014
2018-12-28 16:00:00,0.0,0.097,0.006,0.22,0.001,0.084,0.0,0.007,0.001,0.009,0.107,0.07,0.232,0.024
2018-12-28 17:00:00,0.0,0.073,0.011,0.225,0.003,0.074,0.0,0.015,0.004,0.01,0.107,0.061,0.153,0.037
2018-12-28 18:00:00,0.005,0.044,0.008,0.253,0.029,0.034,0.0,0.013,0.003,0.011,0.123,0.057,0.194,0.037
2018-12-28 19:00:00,0.004,0.079,0.024,0.311,0.009,0.049,0.0,0.012,0.01,0.012,0.075,0.047,0.119,0.036
2018-12-28 20:00:00,0.015,0.089,0.013,0.3,0.005,0.054,0.0,0.02,0.008,0.013,0.094,0.051,0.123,0.035
2018-12-28 21:00:00,0.02,0.062,0.004,0.286,0.003,0.048,0.0,0.027,0.014,0.018,0.12,0.061,0.123,0.021
2018-12-28 22:00:00,0.023,0.054,0.021,0.303,0.011,0.037,0.0,0.03,0.001,0.022,0.161,0.077,0.122,0.017
2018-12-28 23:00:00,0.018,0.025,0.02,0.231,0.0,0.038,0.0,0.029,0.02,0.022,0.138,0.08,0.12,0.015
2018-12-29 00:00:00,0.003,0.015,0.003,0.208,0.001,0.021,0.0,0.032,0.012,0.022,0.073,0.064,0.123,0.014
2018-12-29 01:00:00,0.0,0.009,0.003,0.193,0.002,0.011,0.0,0.077,0.0,0.021,0.06,0.063,0.122,0.015
2018-12-29 02:00:00,0.0,0.004,0.004,0.189,0.001,0.018,0.0,0.067,0.0,0.012,0.039,0.063,0.132,0.01
2018-12-29 03:00:00,0.004,0.005,0.004,0.153,0.0,0.011,0.0,0.068,0.0,0.004,0.039,0.066,0.125,0.01
2018-12-29 04:00:00,0.0,0.004,0.007,0.144,0.0,0.009,0.0,0.059,0.0,0.002,0.037,0.06,0.118,0.012
2018-12-29 05:00:00,0.001,0.014,0.006,0.154,0.0,0.008,0.0,0.05,0.0,0.003,0.062,0.052,0.116,0.012
2018-12-29 06:00:00,0.009,0.007,0.004,0.147,0.0,0.007,0.0,0.043,0.0,0.002,0.047,0.04,0.31,0.008
2018-12-29 07:00:00,0.001,0.016,0.005,0.199,0.0,0.008,0.0,0.038,0.0,0.002,0.057,0.041,0.394,0.004
2018-12-29 08:00:00,0.002,0.02,0.007,0.147,0.0,0.012,0.0,0.035,0.0,0.001,0.076,0.069,0.247,0.019
2018-12-29 09:00:00,0.001,0.048,0.008,0.173,0.0,0.039,0.02,0.039,0.025,0.0,0.078,0.059,0.136,0.02
2018-12-29 10:00:00,0.036,0.062,0.007,0.166,0.0,0.032,0.012,0.012,0.013,0.0,0.126,0.036,0.192,0.017
2018-12-29 11:00:00,0.015,0.068,0.007,0.186,0.0,0.017,0.0,0.0,0.008,0.008,0.123,0.058,0.167,0.012
2018-12-29 12:00:00,0.006,0.067,0.009,0.144,0.021,0.028,0.0,0.017,0.013,0.018,0.127,0.037,0.276,0.013
2018-12-29 13:00:00,0.0,0.067,0.009,0.148,0.0,0.033,0.0,0.029,0.024,0.021,0.126,0.048,0.239,0.029
2018-12-29 14:00:00,0.0,0.067,0.025,0.147,0.0,0.055,0.006,0.039,0.03,0.021,0.107,0.066,0.19,0.024
2018-12-29 15:00:00,0.0,0.067,0.012,0.168,0.0,0.054,0.009,0.055,0.031,0.022,0.099,0.07,0.193,0.037
2018-12-29 16:00:00,0.0,0.065,0.014,0.195,0.001,0.058,0.0,0.067,0.041,0.022,0.114,0.074,0.231,0.034
2018-12-29 17:00:00,0.002,0.038,0.016,0.207,0.004,0.075,0.0,0.075,0.034,0.022,0.08,0.097,0.162,0.073
2018-12-29 18:00:00,0.005,0.029,0.017,0.236,0.005,0.063,0.0,0.079,0.037,0.023,0.07,0.101,0.149,0.087
2018-12-29 19:00:00,0.009,0.027,0.036,0.25,0.004,0.081,0.0,0.084,0.047,0.023,0.07,0.101,0.187,0.056
2018-12-29 20:00:00,0.018,0.024,0.037,0.246,0.007,0.083,0.0,0.086,0.042,0.024,0.105,0.1,0.122,0.046
2018-12-29 21:00:00,0.001,0.023,0.022,0.261,0.003,0.048,0.0,0.089,0.025,0.025,0.074,0.099,0.132,0.036
2018-12-29 22:00:00,0.001,0.02,0.014,0.242,0.002,0.03,0.0,0.089,0.024,0.025,0.081,0.085,0.211,0.027
2018-12-29 23:00:00,0.0,0.015,0.013,0.206,0.001,0.032,0.0,0.089,0.027,0.025,0.068,0.086,0.134,0.027
2018-12-30 00:00:00,0.0,0.006,0.014,0.203,0.0,0.034,0.0,0.088,0.042,0.025,0.063,0.083,0.155,0.028
2018-12-30 01:00:00,0.0,0.002,0.013,0.183,0.0,0.035,0.0,0.087,0.034,0.024,0.063,0.083,0.184,0.027
2018-12-30 02:00:00,0.0,0.004,0.013,0.179,0.0,0.036,0.0,0.087,0.031,0.024,0.059,0.083,0.139,0.027
2018-12-30 03:00:00,0.002,0.003,0.013,0.179,0.0,0.036,0.0,0.087,0.032,0.023,0.066,0.083,0.13,0.027
2018-12-30 04:00:00,0.0,0.004,0.018,0.173,0.0,0.035,0.0,0.086,0.033,0.022,0.067,0.083,0.13,0.029
2018-12-30 05:00:00,0.0,0.004,0.018,0.172,0.0,0.035,0.0,0.086,0.031,0.022,0.078,0.083,0.13,0.029
2018-12-30 06:00:00,0.0,0.001,0.017,0.174,0.0,0.03,0.0,0.084,0.045,0.021,0.07,0.082,0.132,0.028
2018-12-30 07:00:00,0.0,0.01,0.021,0.183,0.0,0.034,0.0,0.084,0.049,0.021,0.075,0.082,0.133,0.027
2018-12-30 08:00:00,0.0,0.014,0.035,0.179,0.0,0.011,0.0,0.084,0.044,0.016,0.075,0.083,0.138,0.026
2018-12-30 09:00:00,0.0,0.044,0.014,0.157,0.0,0.013,0.0,0.083,0.034,0.013,0.091,0.081,0.15,0.026
2018-12-30 10:00:00,0.0,0.058,0.039,0.164,0.0,0.016,0.0,0.083,0.022,0.008,0.101,0.076,0.152,0.022
2018-12-30 11:00:00,0.012,0.06,0.059,0.156,0.001,0.036,0.0,0.077,0.01,0.015,0.1,0.064,0.172,0.014
2018-12-30 12:00:00,0.007,0.062,0.055,0.129,0.002,0.077,0.0,0.064,0.004,0.019,0.109,0.061,0.243,0.041
2018-12-30 13:00:00,0.002,0.063,0.047,0.131,0.0,0.053,0.0,0.053,0.005,0.02,0.097,0.055,0.321,0.035
2018-12-30 14:00:00,0.0,0.063,0.022,0.128,0.0,0.029,0.0,0.046,0.004,0.018,0.095,0.048,0.225,0.029
2018-12-30 15:00:00,0.0,0.063,0.021,0.14,0.0,0.042,0.0,0.045,0.0,0.015,0.089,0.041,0.105,0.012
2018-12-30 16:00:00,0.009,0.061,0.015,0.148,0.0,0.024,0.0,0.049,0.0,0.019,0.086,0.047,0.162,0.017
2018-12-30 17:00:00,0.008,0.03,0.03,0.137,0.0,0.03,0.0,0.06,0.004,0.019,0.066,0.058,0.211,0.057
2018-12-30 18:00:00,0.005,0.017,0.074,0.187,0.0,0.031,0.008,0.069,0.009,0.02,0.051,0.062,0.267,0.061
2018-12-30 19:00:00,0.0,0.015,0.046,0.189,0.011,0.045,0.0,0.074,0.028,0.02,0.055,0.062,0.334,0.032
2018-12-30 20:00:00,0.0,0.014,0.031,0.192,0.0,0.039,0.007,0.077,0.016,0.021,0.066,0.066,0.305,0.035
2018-12-30 21:00:00,0.001,0.016,0.052,0.208,0.0,0.018,0.009,0.077,0.0,0.021,0.053,0.082,0.339,0.041
2018-12-30 22:00:00,0.001,0.013,0.04,0.207,0.009,0.026,0.0,0.078,0.0,0.021,0.059,0.07,0.298,0.023
2018-12-30 23:00:00,0.001,0.008,0.009,0.193,0.0,0.044,0.0,0.078,0.002,0.022,0.054,0.08,0.2,0.025
2018-12-31 00:00:00,0.0,0.004,0.009,0.173,0.0,0.019,0.0,0.079,0.02,0.022,0.061,0.078,0.275,0.019
2018-12-31 01:00:00,0.0,0.001,0.009,0.156,0.0,0.02,0.0,0.085,0.007,0.022,0.068,0.077,0.156,0.02
2018-12-31 02:00:00,0.0,0.001,0.009,0.149,0.0,0.031,0.0,0.082,0.006,0.022,0.062,0.077,0.144,0.018
2018-12-31 03:00:00,0.002,0.001,0.009,0.138,0.0,0.024,0.0,0.082,0.007,0.008,0.076,0.077,0.136,0.019
2018-12-31 04:00:00,0.008,0.001,0.013,0.134,0.0,0.021,0.0,0.079,0.008,0.007,0.08,0.074,0.134,0.026
2018-12-31 05:00:00,0.0,0.001,0.013,0.124,0.0,0.02,0.0,0.08,0.009,0.008,0.084,0.071,0.133,0.021
2018-12-31 06:00:00,0.0,0.001,0.007,0.111,0.011,0.019,0.0,0.079,0.03,0.009,0.093,0.048,0.134,0.021
2018-12-31 07:00:00,0.027,0.011,0.004,0.139,0.0,0.025,0.001,0.079,0.028,0.008,0.104,0.049,0.137,0.021
2018-12-31 08:00:00,0.005,0.015,0.004,0.134,0.0,0.015,0.002,0.079,0.018,0.007,0.105,0.051,0.142,0.039
2018-12-31 09:00:00,0.023,0.045,0.004,0.125,0.0,0.025,0.0,0.078,0.009,0.004,0.123,0.054,0.391,0.027
2018-12-31 10:00:00,0.009,0.06,0.007,0.169,0.0,0.057,0.0,0.042,0.013,0.002,0.151,0.057,0.485,0.016
2018-12-31 11:00:00,0.015,0.064,0.025,0.176,0.0,0.038,0.0,0.023,0.024,0.02,0.154,0.05,0.497,0.012
2018-12-31 12:00:00,0.016,0.065,0.033,0.142,0.0,0.043,0.0,0.011,0.007,0.016,0.152,0.053,0.424,0.012
2018-12-31 13:00:00,0.016,0.065,0.029,0.149,0.0,0.038,0.0,0.004,0.0,0.005,0.129,0.071,0.297,0.012
2018-12-31 14:00:00,0.03,0.065,0.04,0.185,0.0,0.013,0.006,0.002,0.001,0.001,0.106,0.077,0.231,0.014
2018-12-31 15:00:00,0.007,0.066,0.024,0.212,0.0,0.034,0.0,0.001,0.0,0.0,0.094,0.075,0.24,0.012
2018-12-31 16:00:00,0.0,0.064,0.011,0.21,0.001,0.028,0.0,0.002,0.0,0.002,0.09,0.069,0.121,0.013
2018-12-31 17:00:00,0.0,0.036,0.005,0.185,0.002,0.039,0.0,0.014,0.022,0.006,0.075,0.055,0.13,0.033
2018-12-31 18:00:00,0.005,0.042,0.022,0.211,0.003,0.046,0.0,0.016,0.017,0.01,0.116,0.05,0.18,0.042
2018-12-31 19:00:00,0.0,0.027,0.012,0.236,0.003,0.052,0.0,0.021,0.036,0.011,0.069,0.046,0.31,0.036
2018-12-31 20:00:00,0.016,0.026,0.033,0.276,0.003,0.044,0.0,0.029,0.005,0.013,0.079,0.053,0.355,0.036
2018-12-31 21:00:00,0.029,0.022,0.029,0.242,0.002,0.033,0.0,0.034,0.002,0.019,0.083,0.074,0.321,0.067
2018-12-31 22:00:00,0.0,0.015,0.003,0.244,0.001,0.024,0.0,0.035,0.001,0.022,0.096,0.075,0.232,0.028
2018-12-31 23:00:00,0.0,0.026,0.003,0.174,0.011,0.014,0.0,0.035,0.001,0.022,0.087,0.077,0.189,0.017
