timestamp,dr7fd3,drkmbf,dr7vtr,drk7tw,drk5jp,drkezj,drkw1u,drkvcy
2018-01-01 00:00:00,587.785,642.418,154.91,143.42,702.334,262.553,98.635,100.724
2018-01-01 01:00:00,817.246,854.086,218.406,191.501,934.58,334.013,122.825,128.029
2018-01-01 02:00:00,808.606,856.917,219.424,194.575,925.711,333.216,122.547,125.903
2018-01-01 03:00:00,809.619,878.366,225.385,189.646,903.216,336.085,125.353,127.169
2018-01-01 04:00:00,837.318,931.897,232.291,194.152,916.064,345.657,129.092,129.033
2018-01-01 05:00:00,894.404,981.998,237.878,210.06,998.124,368.288,138.212,137.074
2018-01-01 06:00:00,1029.191,1064.122,260.686,242.956,1118.115,411.944,160.453,152.894
2018-01-01 07:00:00,1122.523,1173.836,279.126,259.37,1181.081,456.651,172.291,168.288
2018-01-01 08:00:00,1146.906,1189.242,271.688,254.06,1174.698,462.215,173.025,175.923
2018-01-01 09:00:00,1134.312,1175.663,263.63,245.861,1164.578,447.801,172.748,178.277
2018-01-01 10:00:00,1106.358,1154.669,261.997,243.387,1119.836,445.708,174.367,171.5
2018-01-01 11:00:00,1057.431,1087.543,255.021,227.671,1055.634,433.877,174.966,174.48
2018-01-01 12:00:00,1014.031,1054.681,245.457,220.558,1035.196,415.644,168.865,160.071
2018-01-01 13:00:00,951.077,1042.493,240.365,212.414,1008.505,383.293,162.386,145.465
2018-01-01 14:00:00,908.895,1026.344,235.021,203.926,946.07,371.086,151.414,141.651
2018-01-01 15:00:00,887.485,1002.442,239.281,205.455,939.685,374.546,150.922,140.639
2018-01-01 16:00:00,936.544,1037.08,250.174,211.659,995.956,393.951,158.498,143.088
2018-01-01 17:00:00,1012.629,1100.775,266.746,220.744,1050.631,417.247,166.818,155.978
2018-01-01 18:00:00,1082.377,1120.413,277.289,232.832,1115.144,436.529,174.328,166.384
2018-01-01 19:00:00,1128.857,1141.4,284.601,245.564,1154.312,451.68,176.09,168.63
2018-01-01 20:00:00,1110.512,1125.087,281.958,244.567,1157.769,435.828,174.841,168.222
2018-01-01 21:00:00,1062.012,1068.238,265.972,230.138,1143.027,429.79,164.78,161.038
2018-01-01 22:00:00,971.46,1015.068,258.729,220.755,1093.21,415.04,158.728,153.928
2018-01-01 23:00:00,862.477,957.541,231.203,212.956,1030.75,399.675,149.121,152.51
2018-01-02 00:00:00,799.477,913.827,215.791,206.752,997.142,387.056,146.121,144.205
2018-01-02 01:00:00,759.526,913.021,207.252,201.091,968.794,375.69,138.356,139.683
2018-01-02 02:00:00,739.911,904.207,206.771,204.193,961.988,375.888,135.362,139.716
2018-01-02 03:00:00,731.415,896.121,205.441,204.134,968.85,381.194,137.079,139.856
2018-01-02 04:00:00,752.229,900.321,206.24,208.405,983.947,393.266,142.733,143.222
2018-01-02 05:00:00,792.487,928.099,212.121,220.493,1041.815,412.021,152.095,149.19
2018-01-02 06:00:00,917.01,1013.863,233.433,246.323,1138.552,438.037,165.739,159.763
2018-01-02 07:00:00,1010.882,1083.187,254.084,259.465,1207.605,441.58,167.703,165.483
2018-01-02 08:00:00,1031.826,1096.74,257.162,254.267,1195.166,430.83,164.174,165.575
2018-01-02 09:00:00,993.72,1074.911,245.069,244.644,1123.043,417.167,159.076,166.595
2018-01-02 10:00:00,970.649,1036.848,234.678,227.063,1032.534,415.434,163.097,163.038
2018-01-02 11:00:00,921.839,1001.079,225.112,215.299,1001.339,381.825,158.814,151.325
2018-01-02 12:00:00,883.457,965.04,211.973,200.815,955.316,367.372,152.485,142.014
2018-01-02 13:00:00,847.972,921.707,207.076,185.783,890.696,357.305,146.287,139.229
2018-01-02 14:00:00,810.387,901.248,196.556,170.626,838.829,328.646,134.085,126.921
2018-01-02 15:00:00,800.55,898.209,188.158,172.135,834.853,325.974,133.315,124.031
2018-01-02 16:00:00,841.928,939.68,207.533,184.743,880.729,340.004,138.282,126.821
2018-01-02 17:00:00,908.791,1015.393,225.819,202.005,982.74,382.884,151.447,139.811
2018-01-02 18:00:00,961.17,1032.411,239.782,216.949,1038.468,410.686,158.63,150.686
2018-01-02 19:00:00,953.024,1053.009,246.071,209.398,995.07,420.326,160.969,153.659
2018-01-02 20:00:00,916.842,1018.078,231.928,200.555,950.475,419.186,166.981,160.457
2018-01-02 21:00:00,842.694,966.55,217.357,194.593,915.153,409.658,158.009,154.616
2018-01-02 22:00:00,793.137,894.307,199.992,189.564,896.397,382.875,153.581,151.706
2018-01-02 23:00:00,766.463,810.467,189.673,179.501,882.951,372.665,142.722,143.838
2018-01-03 00:00:00,753.553,776.029,186.186,174.789,851.102,354.72,136.503,136.848
2018-01-03 01:00:00,748.398,773.472,182.431,172.941,829.985,342.01,125.768,129.999
2018-01-03 02:00:00,753.865,759.116,187.275,175.014,826.841,341.912,124.466,128.732
2018-01-03 03:00:00,781.484,779.795,194.828,180.559,855.194,347.813,127.902,129.713
2018-01-03 04:00:00,812.894,804.752,197.883,189.317,890.929,360.211,132.794,132.167
2018-01-03 05:00:00,860.077,844.818,202.081,203.546,933.524,371.668,138.693,138.132
2018-01-03 06:00:00,989.445,943.605,226.462,229.195,1045.355,406.993,155.343,155.445
2018-01-03 07:00:00,1090.27,1031.903,248.671,247.787,1137.187,440.978,166.246,164.243
2018-01-03 08:00:00,1081.586,1047.444,249.022,244.774,1108.065,438.183,162.888,167.339
2018-01-03 09:00:00,1009.098,1024.77,242.12,223.707,1026.897,404.923,158.472,156.567
2018-01-03 10:00:00,958.365,985.812,223.582,210.631,961.917,372.06,150.838,146.924
2018-01-03 11:00:00,902.052,962.927,208.284,193.778,916.163,333.696,136.775,131.79
2018-01-03 12:00:00,870.243,947.31,192.874,181.314,886.828,311.249,131.854,121.658
2018-01-03 13:00:00,799.861,905.036,182.693,171.743,844.0,293.173,128.417,112.544
2018-01-03 14:00:00,746.597,865.78,170.95,161.434,793.661,276.192,118.624,107.809
2018-01-03 15:00:00,743.983,850.604,167.025,155.966,775.783,278.378,114.101,109.744
2018-01-03 16:00:00,770.15,907.293,182.761,171.573,841.242,307.031,128.69,115.292
2018-01-03 17:00:00,872.306,974.414,210.658,194.128,936.988,352.058,144.58,131.003
2018-01-03 18:00:00,943.468,993.442,223.152,206.256,989.176,375.612,150.252,138.568
2018-01-03 19:00:00,937.76,990.723,225.708,206.619,983.682,378.745,150.762,141.173
2018-01-03 20:00:00,895.924,958.105,212.845,201.908,964.357,376.226,151.171,143.021
2018-01-03 21:00:00,840.736,932.219,208.421,190.87,934.476,352.492,145.107,136.924
2018-01-03 22:00:00,792.175,889.382,193.477,178.507,902.324,329.843,139.558,128.729
2018-01-03 23:00:00,723.317,837.747,176.714,164.401,814.561,306.053,124.017,120.928
2018-01-04 00:00:00,661.562,756.777,164.82,145.638,725.661,286.645,112.999,111.259
2018-01-04 01:00:00,614.81,721.054,157.892,140.423,685.391,263.51,102.206,102.28
2018-01-04 02:00:00,592.584,713.419,155.818,142.867,679.228,253.343,94.186,96.656
2018-01-04 03:00:00,574.87,712.542,163.492,145.539,682.247,246.801,94.1,93.599
2018-01-04 04:00:00,588.074,733.098,175.12,148.946,696.245,253.805,97.232,93.84
2018-01-04 05:00:00,650.333,792.175,187.654,163.889,760.731,269.491,104.238,98.042
2018-01-04 06:00:00,766.834,900.427,209.392,190.148,859.771,301.108,122.556,110.348
2018-01-04 07:00:00,868.02,997.438,225.546,207.969,939.262,334.796,132.488,121.994
2018-01-04 08:00:00,904.055,1057.731,230.465,212.317,986.168,335.309,132.903,130.012
2018-01-04 09:00:00,931.844,1073.662,231.309,208.546,988.501,334.792,135.009,132.414
2018-01-04 10:00:00,941.888,1089.717,243.76,211.75,994.726,352.736,144.21,135.797
2018-01-04 11:00:00,971.144,1107.187,238.376,205.351,985.474,342.945,141.106,141.101
2018-01-04 12:00:00,1008.128,1078.272,225.939,201.033,957.269,344.765,145.387,142.83
2018-01-04 13:00:00,983.613,1023.747,217.864,187.68,909.927,339.697,143.69,140.16
2018-01-04 14:00:00,938.243,971.505,221.547,190.729,893.266,337.537,136.665,128.764
2018-01-04 15:00:00,928.918,975.888,227.523,201.152,979.871,355.439,142.801,137.863
2018-01-04 16:00:00,952.538,1043.154,247.515,214.499,1053.685,367.904,147.825,137.061
2018-01-04 17:00:00,958.217,1132.895,255.615,216.926,1055.172,382.068,150.682,141.912
2018-01-04 18:00:00,949.476,1165.766,255.332,215.859,1060.066,388.537,152.386,144.281
2018-01-04 19:00:00,923.233,1152.496,243.662,203.138,1005.495,377.265,148.334,141.505
2018-01-04 20:00:00,901.548,1104.638,237.323,195.117,943.179,354.552,145.253,136.535
2018-01-04 21:00:00,850.535,1043.665,218.511,185.627,900.45,331.319,135.612,133.197
2018-01-04 22:00:00,770.28,981.92,200.21,176.351,851.468,304.347,131.411,128.399
2018-01-04 23:00:00,694.209,892.363,178.479,160.193,789.345,291.451,125.657,122.264
2018-01-05 00:00:00,680.205,763.83,173.858,150.359,743.066,283.062,108.666,109.957
2018-01-05 01:00:00,666.929,749.364,168.257,145.86,707.811,256.785,99.369,100.929
2018-01-05 02:00:00,696.079,746.903,168.39,149.436,710.097,256.075,96.701,98.662
2018-01-05 03:00:00,727.3,787.348,182.725,150.145,711.533,269.754,103.159,102.521
2018-01-05 04:00:00,763.473,829.874,196.174,159.736,736.347,280.939,107.668,104.085
2018-01-05 05:00:00,843.698,877.695,206.106,174.64,801.309,310.741,120.264,115.357
2018-01-05 06:00:00,975.953,999.467,239.501,207.291,925.336,358.713,141.37,134.505
2018-01-05 07:00:00,1070.119,1031.239,263.665,229.409,1042.16,395.374,154.772,149.875
2018-01-05 08:00:00,1149.891,1054.432,262.207,236.287,1069.799,411.849,159.03,158.858
2018-01-05 09:00:00,1123.518,1090.491,260.855,244.035,1121.713,427.216,165.68,171.913
2018-01-05 10:00:00,1090.949,1210.93,260.279,244.635,1117.64,437.249,171.035,169.378
2018-01-05 11:00:00,1069.904,1218.707,257.479,233.217,1101.564,411.899,170.955,158.822
2018-01-05 12:00:00,1072.527,1183.195,250.363,225.442,1055.488,394.7,162.115,150.93
2018-01-05 13:00:00,1039.84,1163.423,243.139,222.108,1036.491,400.678,158.183,152.877
2018-01-05 14:00:00,1025.965,1160.672,235.787,217.35,1001.637,402.031,154.388,146.591
2018-01-05 15:00:00,1038.717,1185.17,241.687,215.501,1001.011,399.369,152.657,143.099
2018-01-05 16:00:00,1044.005,1246.56,265.077,230.328,1105.318,415.784,156.6,150.405
2018-01-05 17:00:00,1134.32,1378.946,282.152,242.311,1164.266,460.232,165.244,163.58
2018-01-05 18:00:00,1151.293,1368.112,292.46,252.729,1199.63,480.513,173.336,170.692
2018-01-05 19:00:00,1172.08,1272.812,296.714,263.154,1229.696,467.108,174.711,163.174
2018-01-05 20:00:00,1164.911,1210.663,293.094,249.792,1181.81,446.519,169.875,164.769
2018-01-05 21:00:00,1090.671,1153.838,275.977,229.627,1140.398,417.18,156.426,157.21
2018-01-05 22:00:00,989.863,1126.702,254.44,218.463,1075.747,394.894,155.96,156.212
2018-01-05 23:00:00,921.081,1073.549,238.336,203.633,977.064,364.012,141.008,141.415
2018-01-06 00:00:00,898.513,993.285,230.133,191.933,925.364,354.875,135.448,138.583
2018-01-06 01:00:00,864.068,889.842,223.728,187.332,894.178,337.042,124.524,131.653
2018-01-06 02:00:00,840.586,933.466,227.201,184.78,882.618,333.844,121.334,130.336
2018-01-06 03:00:00,861.861,974.796,232.547,186.802,901.157,334.17,122.443,130.22
2018-01-06 04:00:00,858.811,900.442,235.437,194.962,942.064,348.415,123.381,133.443
2018-01-06 05:00:00,899.088,934.336,239.303,200.833,975.979,366.409,127.522,138.097
2018-01-06 06:00:00,986.105,1047.149,250.001,219.92,1034.68,391.494,139.275,150.239
2018-01-06 07:00:00,1013.032,1045.432,260.719,224.29,1051.609,420.701,145.439,154.983
2018-01-06 08:00:00,1047.071,1093.488,268.537,229.715,1053.612,422.459,159.386,164.161
2018-01-06 09:00:00,1061.909,1157.252,266.5,236.229,1081.627,421.366,161.241,163.86
2018-01-06 10:00:00,1055.756,1143.512,257.515,238.765,1101.635,445.623,166.761,178.067
2018-01-06 11:00:00,1002.245,1073.593,251.474,237.295,1095.88,425.863,163.895,168.362
2018-01-06 12:00:00,1004.187,1083.375,245.719,223.027,1018.213,396.237,162.691,150.751
2018-01-06 13:00:00,980.191,1060.483,233.807,223.096,1024.21,399.618,164.5,150.79
2018-01-06 14:00:00,932.664,1056.22,227.777,217.588,1001.097,384.009,155.435,148.892
2018-01-06 15:00:00,950.477,1081.721,237.624,207.567,960.485,379.729,154.052,149.577
2018-01-06 16:00:00,1055.56,1176.867,249.711,215.292,1010.432,403.203,164.909,158.182
2018-01-06 17:00:00,1130.438,1291.575,274.364,237.934,1119.945,432.547,174.92,167.554
2018-01-06 18:00:00,1138.98,1317.406,279.309,254.044,1181.543,448.867,174.464,174.582
2018-01-06 19:00:00,1136.944,1245.677,284.202,252.852,1178.281,457.629,177.345,181.163
2018-01-06 20:00:00,1108.958,1206.877,280.918,246.155,1158.306,445.683,172.577,172.649
2018-01-06 21:00:00,1039.627,1168.319,267.176,230.689,1142.317,436.393,165.158,168.395
2018-01-06 22:00:00,971.141,1114.175,249.257,222.854,1076.366,411.538,157.946,161.427
2018-01-06 23:00:00,899.865,1019.373,237.479,208.413,1002.447,391.701,147.111,152.092
2018-01-07 00:00:00,864.35,983.109,236.2,208.256,1010.331,393.269,146.708,147.262
2018-01-07 01:00:00,840.06,944.499,233.556,205.134,992.663,383.65,137.874,139.187
2018-01-07 02:00:00,850.354,940.897,235.755,204.438,985.323,382.471,131.713,138.203
2018-01-07 03:00:00,858.211,927.584,240.306,207.449,996.739,380.207,133.767,138.644
2018-01-07 04:00:00,867.465,933.032,239.974,211.813,1028.0,394.958,135.676,141.641
2018-01-07 05:00:00,922.782,953.086,247.385,225.377,1102.762,402.328,139.282,144.67
2018-01-07 06:00:00,1047.713,997.842,262.654,247.506,1175.959,428.876,148.832,152.633
2018-01-07 07:00:00,1110.061,1025.32,277.341,261.928,1216.501,448.823,155.599,159.64
2018-01-07 08:00:00,1115.4,1047.501,284.729,266.653,1229.508,456.303,165.832,164.367
2018-01-07 09:00:00,1074.941,1032.42,273.184,258.189,1178.711,440.333,163.177,163.125
2018-01-07 10:00:00,1041.763,1007.795,250.568,246.365,1084.546,415.311,161.426,154.383
2018-01-07 11:00:00,984.857,979.45,239.091,229.487,1018.192,395.757,157.802,146.529
2018-01-07 12:00:00,943.066,944.953,230.816,216.645,970.933,381.311,156.068,147.42
2018-01-07 13:00:00,891.352,934.042,215.365,208.39,938.408,357.119,149.902,135.281
2018-01-07 14:00:00,853.152,905.879,204.114,199.571,871.323,337.545,146.334,128.537
2018-01-07 15:00:00,843.959,898.983,203.211,197.967,855.381,329.969,140.697,123.648
2018-01-07 16:00:00,889.955,972.698,212.697,213.507,917.112,348.779,148.963,130.293
2018-01-07 17:00:00,993.358,1034.103,238.348,221.834,1022.323,386.652,161.539,146.651
2018-01-07 18:00:00,1038.514,1060.242,250.518,237.744,1112.908,416.648,171.732,159.698
2018-01-07 19:00:00,1017.467,1072.702,255.079,247.607,1150.022,426.319,175.217,167.412
2018-01-07 20:00:00,981.892,1025.828,249.615,244.565,1132.912,424.31,173.381,166.749
2018-01-07 21:00:00,916.209,986.222,241.909,219.964,1079.811,415.074,164.7,159.609
2018-01-07 22:00:00,829.021,915.176,219.471,203.692,971.616,391.415,150.191,146.649
2018-01-07 23:00:00,765.925,830.926,204.755,185.884,877.852,357.315,136.302,138.34
2018-01-08 00:00:00,745.837,773.424,193.053,171.143,822.463,326.488,124.829,123.758
2018-01-08 01:00:00,724.545,759.932,182.746,158.866,760.585,281.502,105.318,107.152
2018-01-08 02:00:00,690.752,739.833,177.748,156.44,744.354,267.997,99.74,101.673
2018-01-08 03:00:00,657.421,725.95,179.341,151.758,724.799,257.562,97.917,98.208
2018-01-08 04:00:00,674.244,745.25,181.84,152.133,715.335,262.67,100.481,99.556
2018-01-08 05:00:00,717.916,783.145,186.674,160.826,754.652,272.048,106.146,102.063
2018-01-08 06:00:00,835.466,869.178,208.373,184.325,846.791,304.598,124.145,114.96
2018-01-08 07:00:00,905.364,942.187,229.586,195.179,905.987,335.691,135.164,128.303
2018-01-08 08:00:00,928.318,972.488,223.662,199.396,940.776,338.783,131.461,137.597
2018-01-08 09:00:00,909.835,979.29,213.733,196.255,920.076,332.04,130.825,131.036
2018-01-08 10:00:00,883.611,993.256,203.246,189.449,898.458,319.707,130.763,124.546
2018-01-08 11:00:00,863.644,953.043,193.288,181.466,868.135,303.533,124.438,117.513
2018-01-08 12:00:00,860.153,924.871,190.024,171.4,863.333,284.323,122.244,108.212
2018-01-08 13:00:00,819.073,902.285,190.227,166.881,837.688,269.534,115.92,109.264
2018-01-08 14:00:00,783.575,874.482,189.574,163.812,796.202,269.649,111.938,104.231
2018-01-08 15:00:00,776.691,873.047,189.626,161.693,802.724,269.055,113.12,106.504
2018-01-08 16:00:00,810.593,917.878,194.662,169.185,817.656,277.85,123.952,110.586
2018-01-08 17:00:00,873.154,961.914,208.83,183.76,878.65,316.676,131.012,119.813
2018-01-08 18:00:00,911.126,979.659,211.266,189.379,916.022,327.531,130.36,123.81
2018-01-08 19:00:00,882.434,983.842,216.434,187.119,898.507,317.938,127.884,121.765
2018-01-08 20:00:00,843.038,920.75,208.629,178.361,856.598,309.963,122.88,123.649
2018-01-08 21:00:00,770.234,833.84,185.422,163.162,793.267,280.802,113.023,114.141
2018-01-08 22:00:00,691.923,751.842,170.954,144.694,720.397,260.62,102.329,104.623
2018-01-08 23:00:00,620.847,677.642,155.84,132.644,650.831,235.637,93.178,94.257
2018-01-09 00:00:00,574.101,647.008,142.906,124.385,604.404,226.71,85.041,86.569
2018-01-09 01:00:00,534.922,634.268,136.574,118.536,579.43,203.808,78.251,77.175
2018-01-09 02:00:00,525.886,622.765,134.67,120.714,583.829,202.989,78.858,77.266
2018-01-09 03:00:00,537.675,616.252,140.857,127.263,615.702,212.936,81.387,80.508
2018-01-09 04:00:00,556.123,627.301,140.584,132.478,634.341,226.374,85.307,84.388
2018-01-09 05:00:00,597.574,663.226,143.895,132.159,641.218,244.82,94.918,91.343
2018-01-09 06:00:00,737.229,734.7,169.09,158.494,730.976,251.071,102.684,96.283
2018-01-09 07:00:00,785.474,815.497,188.917,178.955,818.425,270.989,112.267,105.227
2018-01-09 08:00:00,804.238,852.811,187.986,176.622,829.34,275.275,111.489,111.733
2018-01-09 09:00:00,777.949,837.79,180.464,171.27,829.969,269.452,111.605,113.793
2018-01-09 10:00:00,757.183,832.919,175.605,166.46,783.879,259.522,113.483,106.738
2018-01-09 11:00:00,719.827,841.113,170.322,151.252,731.444,250.159,113.386,102.448
2018-01-09 12:00:00,700.944,858.584,161.805,145.859,713.961,241.706,113.643,99.576
2018-01-09 13:00:00,666.08,812.609,159.258,135.696,681.721,231.795,103.333,92.456
2018-01-09 14:00:00,641.16,771.064,150.724,130.515,643.994,228.086,98.893,87.539
2018-01-09 15:00:00,626.107,761.211,146.7,129.272,632.765,237.242,105.194,90.587
2018-01-09 16:00:00,657.249,783.891,156.516,126.896,655.309,259.946,110.748,99.622
2018-01-09 17:00:00,744.241,891.769,170.687,136.834,731.942,280.489,121.726,105.032
2018-01-09 18:00:00,757.11,940.842,182.811,150.323,769.545,295.058,128.404,109.391
2018-01-09 19:00:00,742.213,915.938,179.363,164.557,793.454,297.287,125.901,114.586
2018-01-09 20:00:00,725.973,868.46,179.875,162.148,782.415,288.405,124.721,118.502
2018-01-09 21:00:00,685.852,802.877,170.574,144.429,711.707,268.377,115.657,108.956
2018-01-09 22:00:00,654.214,718.937,160.351,133.521,674.625,252.513,111.128,100.88
2018-01-09 23:00:00,600.28,647.837,144.691,123.087,624.871,253.69,103.579,98.066
2018-01-10 00:00:00,554.941,612.512,140.588,115.56,576.945,252.757,100.194,99.926
2018-01-10 01:00:00,530.242,592.954,129.695,111.743,567.607,252.717,96.401,100.439
2018-01-10 02:00:00,554.273,603.928,129.935,120.857,591.482,250.559,93.363,95.913
2018-01-10 03:00:00,581.357,626.581,141.016,131.458,634.244,256.158,96.325,96.555
2018-01-10 04:00:00,631.255,651.03,150.469,144.956,674.262,280.672,105.609,103.544
2018-01-10 05:00:00,697.563,724.42,159.047,158.545,738.246,304.038,116.017,112.705
2018-01-10 06:00:00,833.313,837.025,186.892,191.538,846.808,352.653,138.1,133.97
2018-01-10 07:00:00,935.599,911.876,209.296,207.474,947.45,394.693,154.855,148.756
2018-01-10 08:00:00,945.906,940.021,205.193,202.552,948.233,383.758,147.665,150.722
2018-01-10 09:00:00,869.67,910.828,187.563,187.862,868.794,341.294,136.232,135.456
2018-01-10 10:00:00,793.505,881.637,168.065,170.528,803.424,312.035,129.476,129.455
2018-01-10 11:00:00,725.828,860.245,171.193,155.008,759.649,286.607,120.856,118.892
2018-01-10 12:00:00,721.054,841.023,163.359,150.512,756.175,262.883,114.937,104.479
2018-01-10 13:00:00,688.866,815.907,153.824,137.678,708.942,248.607,110.555,98.775
2018-01-10 14:00:00,650.939,781.108,146.52,132.727,665.471,232.553,102.618,95.603
2018-01-10 15:00:00,628.779,775.85,141.177,134.584,658.148,230.103,105.081,90.081
2018-01-10 16:00:00,660.495,797.721,154.885,146.371,688.921,248.995,112.055,95.64
2018-01-10 17:00:00,728.586,878.397,180.542,160.898,770.396,296.617,119.957,109.512
2018-01-10 18:00:00,778.206,909.65,188.515,171.859,816.482,315.021,129.181,120.411
2018-01-10 19:00:00,783.981,897.804,190.848,180.415,817.726,311.538,130.955,125.289
2018-01-10 20:00:00,745.386,859.561,183.593,166.843,794.508,300.477,125.018,122.912
2018-01-10 21:00:00,668.635,803.14,169.029,151.412,742.09,278.024,109.952,110.94
2018-01-10 22:00:00,613.294,719.304,149.129,136.159,677.05,251.804,105.577,99.76
2018-01-10 23:00:00,546.661,625.782,132.089,125.324,603.469,226.527,98.821,93.022
2018-01-11 00:00:00,501.193,588.457,126.403,117.651,573.247,220.532,90.304,88.653
2018-01-11 01:00:00,473.525,558.278,120.243,113.882,561.042,215.097,83.918,85.729
2018-01-11 02:00:00,455.669,560.94,115.583,115.258,566.58,209.544,81.472,83.771
2018-01-11 03:00:00,433.218,579.21,117.564,113.208,556.023,212.538,82.588,81.723
2018-01-11 04:00:00,454.169,587.998,113.006,110.3,546.072,213.861,82.372,79.875
2018-01-11 05:00:00,492.597,608.62,114.632,114.659,569.653,216.048,86.406,83.079
2018-01-11 06:00:00,599.806,697.677,134.698,138.257,638.832,241.554,102.613,94.75
2018-01-11 07:00:00,680.751,769.821,151.391,153.122,700.615,277.133,111.336,104.899
2018-01-11 08:00:00,721.408,799.747,156.633,152.348,727.226,274.954,115.995,110.291
2018-01-11 09:00:00,729.114,818.982,156.299,152.552,736.922,270.423,115.915,113.153
2018-01-11 10:00:00,723.955,827.689,160.613,150.937,726.721,271.761,117.498,113.813
2018-01-11 11:00:00,692.203,830.545,154.684,145.689,730.468,257.707,117.539,105.791
2018-01-11 12:00:00,670.369,825.861,147.624,141.003,714.21,251.003,114.132,99.204
2018-01-11 13:00:00,635.567,785.915,141.003,133.308,677.579,229.26,103.582,98.78
2018-01-11 14:00:00,606.755,752.791,135.973,125.406,646.65,220.455,95.343,88.268
2018-01-11 15:00:00,596.351,736.293,132.271,125.086,631.965,217.552,90.71,83.545
2018-01-11 16:00:00,620.001,749.323,146.91,130.552,656.916,226.779,100.461,90.045
2018-01-11 17:00:00,687.375,818.726,162.883,142.623,719.94,251.69,108.574,102.972
2018-01-11 18:00:00,725.095,833.057,172.161,156.665,765.858,265.901,111.494,102.188
2018-01-11 19:00:00,725.432,807.381,165.722,157.837,762.881,271.966,110.449,106.094
2018-01-11 20:00:00,685.467,779.302,157.823,147.465,723.793,251.887,108.799,103.232
2018-01-11 21:00:00,622.07,718.977,143.445,123.185,643.831,223.148,95.916,91.629
2018-01-11 22:00:00,556.605,632.439,132.332,113.777,577.658,198.431,83.853,88.06
2018-01-11 23:00:00,489.081,548.193,109.131,110.275,545.719,187.118,79.422,78.077
2018-01-12 00:00:00,422.513,497.471,95.542,93.37,482.511,177.151,76.053,73.652
2018-01-12 01:00:00,384.009,467.848,85.638,83.167,436.788,163.768,66.611,67.698
2018-01-12 02:00:00,384.991,449.672,83.856,88.375,444.289,158.592,63.502,63.293
2018-01-12 03:00:00,374.394,454.528,85.386,79.92,412.039,158.01,63.246,61.672
2018-01-12 04:00:00,379.741,459.112,92.008,92.196,462.338,168.779,65.739,62.118
2018-01-12 05:00:00,408.59,473.777,101.845,97.801,490.31,178.12,71.633,66.351
2018-01-12 06:00:00,491.165,581.26,110.368,111.518,550.677,205.036,92.592,82.298
2018-01-12 07:00:00,573.765,673.816,128.422,113.511,592.599,224.485,102.712,88.027
2018-01-12 08:00:00,595.881,711.25,131.73,121.901,617.262,222.498,99.805,88.832
2018-01-12 09:00:00,612.572,736.552,129.822,126.166,630.839,217.957,95.372,90.113
2018-01-12 10:00:00,612.294,743.794,128.06,124.373,619.199,217.432,103.05,89.619
2018-01-12 11:00:00,602.007,748.647,130.777,121.266,626.865,207.303,95.586,89.521
2018-01-12 12:00:00,598.327,732.337,134.639,117.945,626.719,199.833,89.558,82.066
2018-01-12 13:00:00,567.785,695.805,128.297,112.811,587.79,184.619,86.342,78.605
2018-01-12 14:00:00,535.354,675.727,118.369,105.272,548.836,180.2,80.425,76.025
2018-01-12 15:00:00,537.37,673.037,113.532,103.345,530.354,182.162,79.477,71.046
2018-01-12 16:00:00,558.682,693.661,122.777,110.501,564.068,188.2,82.408,77.661
2018-01-12 17:00:00,625.069,746.194,145.848,119.861,609.512,209.293,91.269,85.209
2018-01-12 18:00:00,644.926,766.183,147.171,127.978,638.635,226.176,98.781,89.265
2018-01-12 19:00:00,637.361,740.418,147.044,128.852,629.939,224.857,100.272,86.97
2018-01-12 20:00:00,609.211,707.373,139.9,118.161,608.14,199.786,91.821,83.334
2018-01-12 21:00:00,557.188,636.814,126.328,109.612,561.061,183.469,79.373,76.354
2018-01-12 22:00:00,489.929,567.861,108.087,93.812,482.805,157.836,68.964,67.994
2018-01-12 23:00:00,417.35,472.378,96.582,80.085,410.172,130.212,57.988,56.958
2018-01-13 00:00:00,358.241,417.841,81.768,69.075,366.713,117.395,51.051,53.349
2018-01-13 01:00:00,320.647,384.624,74.592,64.698,351.703,106.116,46.021,48.276
2018-01-13 02:00:00,307.282,377.261,72.901,61.717,336.672,97.25,40.833,46.676
2018-01-13 03:00:00,303.079,382.379,68.351,59.203,325.329,95.242,41.707,44.929
2018-01-13 04:00:00,306.334,384.869,73.072,59.314,327.875,99.756,39.931,44.726
2018-01-13 05:00:00,322.091,396.37,76.306,64.299,345.122,105.747,42.769,45.984
2018-01-13 06:00:00,388.763,442.988,81.879,77.139,395.236,126.001,50.742,50.318
2018-01-13 07:00:00,485.558,508.829,97.78,91.984,456.264,144.877,61.1,58.714
2018-01-13 08:00:00,571.212,609.315,126.729,106.178,546.726,165.219,73.617,68.28
2018-01-13 09:00:00,637.46,710.961,148.106,131.122,646.924,199.65,89.907,79.224
2018-01-13 10:00:00,685.61,746.831,156.788,138.191,674.496,231.905,89.569,85.858
2018-01-13 11:00:00,708.579,743.555,162.433,143.201,671.944,234.438,91.441,85.742
2018-01-13 12:00:00,720.553,743.075,172.977,147.726,706.809,231.463,96.896,89.621
2018-01-13 13:00:00,707.516,697.237,168.615,147.48,696.44,228.029,97.004,93.014
2018-01-13 14:00:00,692.187,698.631,168.635,144.991,673.579,218.955,90.216,89.757
2018-01-13 15:00:00,697.953,739.81,171.033,145.737,706.918,228.838,97.374,88.403
2018-01-13 16:00:00,737.396,839.076,189.132,161.195,806.378,261.73,106.303,94.515
2018-01-13 17:00:00,809.374,969.846,217.857,189.794,915.682,297.725,116.895,111.781
2018-01-13 18:00:00,866.949,991.012,226.035,194.137,939.055,321.191,129.491,125.43
2018-01-13 19:00:00,880.169,991.408,230.897,202.175,946.698,327.223,129.476,126.316
2018-01-13 20:00:00,906.319,964.802,235.922,201.026,947.492,324.922,125.159,133.313
2018-01-13 21:00:00,855.107,921.457,222.708,185.89,914.456,311.227,123.624,126.948
2018-01-13 22:00:00,807.569,866.875,213.872,173.798,851.578,296.002,117.186,119.818
2018-01-13 23:00:00,745.108,792.692,198.166,166.976,809.406,287.956,110.414,115.494
2018-01-14 00:00:00,728.267,754.143,188.52,160.342,771.849,268.176,100.579,103.411
2018-01-14 01:00:00,689.064,726.339,190.631,159.513,756.367,256.417,93.253,98.949
2018-01-14 02:00:00,671.087,731.69,193.005,156.946,743.967,256.828,92.773,96.233
2018-01-14 03:00:00,689.392,745.486,195.431,160.332,748.836,260.794,96.859,97.587
2018-01-14 04:00:00,707.196,754.611,201.428,165.052,777.257,276.419,99.216,101.712
2018-01-14 05:00:00,762.218,773.903,214.631,172.503,823.515,288.514,103.392,104.572
2018-01-14 06:00:00,818.716,825.204,228.005,191.686,861.71,316.218,115.564,111.555
2018-01-14 07:00:00,858.937,868.213,236.686,206.721,910.958,337.467,121.625,120.669
2018-01-14 08:00:00,897.411,893.177,241.952,211.958,945.361,344.732,127.391,125.954
2018-01-14 09:00:00,900.238,900.761,242.333,211.769,941.144,339.819,137.293,129.266
2018-01-14 10:00:00,876.111,868.571,236.293,204.542,893.692,331.403,142.869,126.318
2018-01-14 11:00:00,832.257,834.571,224.372,190.206,858.835,325.362,134.43,127.831
2018-01-14 12:00:00,812.001,833.803,210.526,181.374,816.537,314.486,132.36,117.609
2018-01-14 13:00:00,785.48,801.196,201.829,170.979,761.158,290.876,124.202,116.17
2018-01-14 14:00:00,753.749,766.798,197.074,160.682,736.704,274.029,121.642,117.98
2018-01-14 15:00:00,758.828,770.444,200.772,154.0,725.412,263.206,112.793,105.733
2018-01-14 16:00:00,823.027,809.659,209.187,167.488,784.39,293.063,119.571,110.795
2018-01-14 17:00:00,905.531,920.896,230.904,189.327,872.028,328.83,136.985,128.744
2018-01-14 18:00:00,957.099,970.242,236.992,199.757,913.258,347.012,142.52,133.946
2018-01-14 19:00:00,961.955,985.713,248.153,208.691,944.324,361.778,146.052,140.202
2018-01-14 20:00:00,957.09,970.256,246.23,205.218,911.476,357.152,147.091,138.149
2018-01-14 21:00:00,880.125,926.019,236.613,186.77,886.352,346.825,136.215,130.7
2018-01-14 22:00:00,820.822,881.148,220.185,178.245,846.235,325.423,131.116,120.856
2018-01-14 23:00:00,755.738,834.384,207.935,169.503,798.993,311.159,122.001,117.072
2018-01-15 00:00:00,740.481,794.031,195.703,166.695,800.636,301.893,115.236,113.909
2018-01-15 01:00:00,720.034,772.275,195.192,164.741,789.184,285.233,109.2,110.695
2018-01-15 02:00:00,715.3,767.899,196.489,167.63,791.829,287.068,106.786,108.118
2018-01-15 03:00:00,702.912,770.049,200.648,168.801,792.462,282.992,106.837,106.118
2018-01-15 04:00:00,721.82,780.72,204.897,170.934,793.156,288.902,107.987,106.256
2018-01-15 05:00:00,771.188,825.339,211.492,178.239,823.05,296.911,114.229,110.448
2018-01-15 06:00:00,887.179,941.529,228.386,200.724,908.756,327.213,132.114,123.501
2018-01-15 07:00:00,968.651,1034.771,243.777,217.919,988.076,361.362,144.327,137.12
2018-01-15 08:00:00,987.782,1068.392,245.57,224.558,1036.919,374.412,148.889,149.0
2018-01-15 09:00:00,988.204,1092.411,246.637,233.742,1042.807,378.346,147.658,150.935
2018-01-15 10:00:00,973.739,1108.678,244.051,225.582,1026.81,385.229,152.316,149.571
2018-01-15 11:00:00,934.332,1066.843,238.182,216.642,1026.33,376.444,150.998,144.801
2018-01-15 12:00:00,907.143,1037.449,225.5,209.66,1007.651,366.707,150.463,143.157
2018-01-15 13:00:00,875.346,994.615,216.122,196.677,959.757,358.638,148.355,137.695
2018-01-15 14:00:00,829.77,958.666,213.363,186.291,914.164,351.991,137.137,135.236
2018-01-15 15:00:00,828.276,949.503,212.079,185.176,903.847,348.83,134.492,127.106
2018-01-15 16:00:00,853.986,977.247,228.044,190.705,922.687,358.112,141.209,131.464
2018-01-15 17:00:00,910.315,1037.441,236.675,200.028,964.733,382.998,148.691,138.318
2018-01-15 18:00:00,930.267,1045.327,238.767,207.704,976.584,391.573,152.232,145.063
2018-01-15 19:00:00,912.212,1030.0,235.842,213.416,976.255,380.627,146.046,141.677
2018-01-15 20:00:00,903.982,973.42,230.363,199.25,941.899,357.583,143.066,140.459
2018-01-15 21:00:00,840.607,901.019,209.88,187.611,887.447,330.57,132.785,129.821
2018-01-15 22:00:00,762.117,832.268,197.964,173.296,807.895,307.538,125.617,123.41
2018-01-15 23:00:00,679.547,757.017,178.761,159.887,737.932,273.492,112.45,109.503
2018-01-16 00:00:00,630.622,698.689,171.695,147.968,698.08,255.432,100.955,99.241
2018-01-16 01:00:00,604.522,666.505,165.096,141.856,680.88,238.675,91.341,92.275
2018-01-16 02:00:00,593.551,666.723,164.543,144.901,682.777,233.267,87.997,88.386
2018-01-16 03:00:00,593.59,676.023,170.382,148.987,697.167,227.933,87.449,86.428
2018-01-16 04:00:00,611.694,681.107,171.244,154.742,714.503,234.58,91.005,87.585
2018-01-16 05:00:00,642.724,725.149,174.161,155.44,732.815,245.605,98.419,91.583
2018-01-16 06:00:00,754.187,808.582,193.188,174.14,803.433,280.114,118.281,107.424
2018-01-16 07:00:00,834.326,889.385,211.256,186.052,861.666,311.78,125.354,118.423
2018-01-16 08:00:00,845.099,909.752,212.805,191.936,900.221,325.412,128.165,126.946
2018-01-16 09:00:00,843.458,919.859,203.431,195.083,902.88,323.325,130.229,124.895
2018-01-16 10:00:00,840.161,921.484,200.318,188.238,876.31,327.586,131.069,121.903
2018-01-16 11:00:00,818.392,922.167,194.628,176.155,845.004,304.747,128.909,117.12
2018-01-16 12:00:00,799.365,906.89,183.215,176.323,840.509,294.258,126.676,116.119
2018-01-16 13:00:00,788.639,872.334,182.112,163.679,805.793,276.631,119.811,109.603
2018-01-16 14:00:00,747.373,854.628,175.359,152.99,751.846,268.382,109.395,99.575
2018-01-16 15:00:00,746.885,851.323,173.142,159.72,737.03,264.019,107.512,96.105
2018-01-16 16:00:00,764.861,862.013,180.587,162.9,749.999,274.458,114.518,101.764
2018-01-16 17:00:00,818.379,906.534,198.62,168.802,817.311,305.524,123.01,112.664
2018-01-16 18:00:00,841.033,914.683,207.103,173.56,844.35,316.726,126.554,121.468
2018-01-16 19:00:00,828.172,913.014,200.031,173.684,826.389,311.645,123.805,119.529
2018-01-16 20:00:00,794.272,867.064,189.955,166.412,789.537,290.52,122.981,116.697
2018-01-16 21:00:00,728.081,799.132,176.359,150.358,758.483,263.67,107.924,111.15
2018-01-16 22:00:00,646.279,724.284,156.713,141.931,682.394,237.222,99.248,98.156
2018-01-16 23:00:00,571.498,649.838,139.986,121.372,607.293,216.5,90.046,86.326
2018-01-17 00:00:00,533.399,596.458,125.174,113.536,566.492,199.336,82.0,77.593
2018-01-17 01:00:00,502.866,569.048,117.91,107.125,533.717,181.567,71.327,71.782
2018-01-17 02:00:00,493.862,564.101,115.749,104.718,522.293,183.598,68.714,71.856
2018-01-17 03:00:00,485.748,564.95,119.651,104.464,523.435,180.156,69.057,68.829
2018-01-17 04:00:00,493.571,587.336,122.808,109.452,535.499,184.409,72.338,70.143
2018-01-17 05:00:00,531.451,628.295,127.722,119.154,576.106,198.407,78.425,77.237
2018-01-17 06:00:00,642.583,722.831,153.55,144.378,657.932,228.481,96.299,95.848
2018-01-17 07:00:00,714.508,805.535,174.726,159.633,738.012,263.218,107.264,103.706
2018-01-17 08:00:00,752.125,845.031,179.412,162.018,773.236,277.597,111.959,107.564
2018-01-17 09:00:00,776.61,877.38,174.86,168.841,789.32,276.268,111.488,111.629
2018-01-17 10:00:00,787.674,901.057,178.494,167.705,806.709,281.768,118.75,115.003
2018-01-17 11:00:00,782.285,908.854,182.006,167.202,827.284,290.501,119.811,119.153
2018-01-17 12:00:00,778.793,899.403,176.481,168.346,832.143,281.294,117.607,111.839
2018-01-17 13:00:00,773.794,878.289,170.828,158.027,780.211,263.68,118.778,106.027
2018-01-17 14:00:00,744.486,843.772,168.521,146.147,732.386,262.932,108.497,98.28
2018-01-17 15:00:00,744.531,828.009,172.387,149.643,728.389,265.919,107.648,96.891
2018-01-17 16:00:00,764.38,842.182,183.021,155.346,752.028,274.953,113.431,105.651
2018-01-17 17:00:00,842.214,907.895,203.386,172.429,809.842,306.67,124.444,117.217
2018-01-17 18:00:00,868.995,944.988,208.859,178.34,869.509,310.347,129.644,120.761
2018-01-17 19:00:00,868.824,956.119,215.109,185.431,890.283,302.943,136.512,117.612
2018-01-17 20:00:00,838.82,930.795,216.313,182.988,858.103,304.756,127.353,117.139
2018-01-17 21:00:00,802.913,877.741,206.128,175.829,812.247,295.993,117.291,113.399
2018-01-17 22:00:00,755.356,813.336,191.046,168.235,776.32,266.616,111.577,104.152
2018-01-17 23:00:00,689.894,770.133,176.655,158.873,735.843,249.412,107.102,94.22
2018-01-18 00:00:00,654.284,718.41,171.398,144.26,698.969,243.668,99.67,92.202
2018-01-18 01:00:00,629.482,715.683,172.667,137.485,669.882,236.679,90.698,90.628
2018-01-18 02:00:00,641.502,714.883,178.15,140.562,672.631,243.827,90.64,91.892
2018-01-18 03:00:00,658.843,716.943,183.311,147.419,695.761,248.688,93.91,93.993
2018-01-18 04:00:00,694.623,745.254,187.453,157.99,735.08,258.714,98.36,97.212
2018-01-18 05:00:00,743.82,804.086,193.66,167.266,774.538,274.635,103.755,103.338
2018-01-18 06:00:00,860.918,900.524,214.113,191.146,858.077,312.713,124.013,117.859
2018-01-18 07:00:00,951.317,1019.614,236.582,213.33,956.143,348.259,137.615,130.769
2018-01-18 08:00:00,969.039,1029.282,239.107,213.107,963.888,344.741,136.483,134.192
2018-01-18 09:00:00,930.07,969.882,218.523,196.2,914.506,323.76,128.546,127.19
2018-01-18 10:00:00,907.851,908.037,201.403,181.167,854.426,319.076,130.484,127.661
2018-01-18 11:00:00,871.641,886.171,195.786,168.655,834.078,301.168,123.585,119.925
2018-01-18 12:00:00,841.698,892.155,188.793,159.669,818.627,289.934,122.067,112.621
2018-01-18 13:00:00,787.549,856.482,184.927,153.15,770.402,280.466,122.689,109.267
2018-01-18 14:00:00,732.945,811.987,174.296,145.365,729.252,256.756,111.505,101.805
2018-01-18 15:00:00,703.796,807.513,174.264,142.798,722.495,261.69,109.266,104.086
2018-01-18 16:00:00,733.33,860.276,189.75,151.656,755.889,290.058,116.388,109.518
2018-01-18 17:00:00,831.804,941.861,212.034,165.996,839.513,314.467,125.48,116.619
2018-01-18 18:00:00,864.138,970.025,218.281,181.703,882.609,324.498,137.618,125.597
2018-01-18 19:00:00,861.085,973.217,216.807,185.926,895.517,332.551,139.31,130.876
2018-01-18 20:00:00,851.51,937.659,211.845,179.111,872.181,325.217,131.07,125.721
2018-01-18 21:00:00,812.818,889.741,197.29,170.858,848.808,310.752,122.439,123.792
2018-01-18 22:00:00,781.731,821.054,186.196,160.822,806.791,281.57,115.298,121.298
2018-01-18 23:00:00,751.511,743.291,169.29,148.03,741.015,268.216,107.064,106.078
2018-01-19 00:00:00,692.171,691.995,159.99,138.488,678.975,253.944,99.162,99.009
2018-01-19 01:00:00,659.477,670.542,159.108,137.357,666.463,247.547,95.355,95.889
2018-01-19 02:00:00,672.219,646.342,162.578,147.417,693.457,247.426,93.249,96.274
2018-01-19 03:00:00,678.922,636.779,171.609,151.088,710.878,248.65,94.549,94.57
2018-01-19 04:00:00,684.633,665.567,176.934,154.73,718.072,264.632,100.85,100.038
2018-01-19 05:00:00,718.529,731.83,180.623,164.573,768.181,280.107,109.152,105.001
2018-01-19 06:00:00,855.751,838.944,198.108,190.785,854.808,309.073,123.89,115.891
2018-01-19 07:00:00,948.829,923.989,218.821,213.37,939.683,344.682,131.561,128.895
2018-01-19 08:00:00,961.146,942.504,224.269,202.889,926.295,346.205,139.074,142.175
2018-01-19 09:00:00,911.081,913.772,208.432,186.611,860.348,314.483,133.734,134.431
2018-01-19 10:00:00,888.901,889.23,203.239,173.202,819.105,304.678,123.037,121.265
2018-01-19 11:00:00,834.999,876.519,198.477,165.01,810.866,284.843,121.719,114.847
2018-01-19 12:00:00,797.741,847.774,181.948,156.409,784.744,277.118,116.815,108.259
2018-01-19 13:00:00,746.437,803.025,172.681,144.556,733.622,256.095,113.647,103.108
2018-01-19 14:00:00,699.977,760.875,162.481,139.383,687.413,248.294,102.405,95.388
2018-01-19 15:00:00,678.18,738.357,157.143,137.137,673.943,242.452,98.994,93.933
2018-01-19 16:00:00,720.354,774.333,171.429,142.02,701.037,252.949,104.881,95.856
2018-01-19 17:00:00,810.925,872.275,188.175,159.668,808.641,288.965,120.94,107.258
2018-01-19 18:00:00,844.883,914.136,203.759,174.023,865.616,317.96,128.907,118.852
2018-01-19 19:00:00,851.723,896.355,203.911,180.468,871.828,317.524,130.92,118.397
2018-01-19 20:00:00,841.195,865.085,200.626,181.689,861.598,299.626,124.686,119.672
2018-01-19 21:00:00,799.581,825.667,188.165,170.418,825.518,291.026,115.647,116.97
2018-01-19 22:00:00,736.502,742.244,167.881,159.554,782.92,270.384,109.511,114.071
2018-01-19 23:00:00,624.324,665.42,148.824,144.891,700.872,261.802,107.786,102.164
2018-01-20 00:00:00,537.972,612.528,140.689,135.657,657.104,253.216,98.587,100.918
2018-01-20 01:00:00,522.758,582.287,136.218,122.399,603.133,233.47,89.528,95.939
2018-01-20 02:00:00,544.939,563.598,135.581,119.085,594.214,227.728,85.361,91.637
2018-01-20 03:00:00,552.796,544.3,134.898,115.824,582.239,225.551,85.595,90.097
2018-01-20 04:00:00,576.765,562.852,132.652,111.957,568.59,224.878,83.331,88.018
2018-01-20 05:00:00,565.39,588.951,137.924,113.55,580.343,222.598,80.901,84.984
2018-01-20 06:00:00,595.29,636.857,149.68,133.452,634.228,233.736,89.56,89.301
2018-01-20 07:00:00,617.135,680.867,163.474,139.921,669.147,246.27,92.32,93.729
2018-01-20 08:00:00,662.167,719.403,169.885,140.539,661.198,238.044,96.032,96.418
2018-01-20 09:00:00,689.743,722.074,167.108,139.629,654.436,230.798,107.263,88.44
2018-01-20 10:00:00,686.621,739.58,168.426,137.263,667.978,233.704,101.892,90.907
2018-01-20 11:00:00,656.862,705.307,154.953,134.51,664.171,224.749,98.758,91.246
2018-01-20 12:00:00,634.469,697.158,156.133,127.901,647.616,219.891,97.735,91.195
2018-01-20 13:00:00,607.067,693.207,144.184,125.279,615.904,208.365,92.668,87.179
2018-01-20 14:00:00,571.952,685.576,130.91,114.841,567.191,206.494,92.299,80.525
2018-01-20 15:00:00,577.19,673.625,134.973,112.173,578.095,206.563,91.022,80.838
2018-01-20 16:00:00,600.842,707.737,142.378,121.889,609.439,211.559,95.438,85.673
2018-01-20 17:00:00,678.153,772.647,156.939,146.303,715.338,241.816,106.8,96.22
2018-01-20 18:00:00,717.911,814.521,166.363,159.373,768.295,257.993,115.931,101.369
2018-01-20 19:00:00,727.096,799.085,173.201,164.524,782.325,255.678,110.915,102.702
2018-01-20 20:00:00,743.96,777.261,164.766,166.787,782.02,241.83,106.695,100.995
2018-01-20 21:00:00,714.778,741.755,151.9,157.98,753.421,243.095,102.287,97.675
2018-01-20 22:00:00,654.553,677.582,137.232,138.271,695.445,233.066,93.898,95.035
2018-01-20 23:00:00,600.513,621.584,119.844,127.618,629.835,209.061,78.829,86.133
2018-01-21 00:00:00,546.271,567.728,109.642,118.51,588.903,180.601,71.378,70.4
2018-01-21 01:00:00,519.338,549.872,107.807,115.164,572.001,173.14,69.863,66.919
2018-01-21 02:00:00,516.65,544.819,106.415,118.453,573.218,175.199,69.954,67.842
2018-01-21 03:00:00,521.201,545.319,109.73,119.282,576.165,177.502,67.968,66.802
2018-01-21 04:00:00,537.79,558.833,116.758,118.655,582.713,192.06,70.969,70.465
2018-01-21 05:00:00,560.278,592.532,120.359,126.049,615.551,190.497,71.696,70.04
2018-01-21 06:00:00,623.372,646.34,130.579,145.654,664.142,211.804,82.342,84.266
2018-01-21 07:00:00,669.87,694.189,143.424,154.935,694.037,245.446,94.813,92.144
2018-01-21 08:00:00,693.369,695.103,153.532,152.912,706.722,246.068,102.291,92.644
2018-01-21 09:00:00,675.062,676.442,150.635,148.975,689.83,227.475,98.001,91.873
2018-01-21 10:00:00,635.894,658.644,145.892,136.215,628.893,212.305,94.98,93.197
2018-01-21 11:00:00,590.584,629.846,135.864,123.554,600.837,200.831,88.479,84.761
2018-01-21 12:00:00,557.063,609.945,132.315,118.307,571.528,200.808,88.716,81.048
2018-01-21 13:00:00,538.874,594.973,126.508,108.193,528.617,190.635,84.751,73.585
2018-01-21 14:00:00,519.588,578.932,120.366,101.722,502.958,182.579,78.423,74.528
2018-01-21 15:00:00,527.543,566.356,117.234,104.536,498.52,183.541,78.313,76.166
2018-01-21 16:00:00,553.957,602.329,124.133,118.157,550.278,199.874,91.947,75.475
2018-01-21 17:00:00,660.827,682.206,142.169,133.471,656.727,231.84,102.04,89.12
2018-01-21 18:00:00,696.391,733.572,150.859,152.586,719.571,250.141,112.554,101.507
2018-01-21 19:00:00,696.677,738.631,161.771,157.264,744.044,264.303,118.056,109.186
2018-01-21 20:00:00,681.37,724.987,159.036,156.653,722.638,270.532,117.546,109.44
2018-01-21 21:00:00,620.325,685.904,144.97,143.62,677.128,259.351,103.314,100.871
2018-01-21 22:00:00,565.243,621.809,134.077,129.933,620.986,239.668,95.113,90.643
2018-01-21 23:00:00,503.338,559.013,113.595,114.94,553.15,214.864,81.669,82.09
2018-01-22 00:00:00,466.664,520.696,105.919,101.922,527.52,198.669,78.612,77.319
2018-01-22 01:00:00,440.186,500.077,100.496,97.705,501.286,180.385,72.844,70.633
2018-01-22 02:00:00,429.176,496.714,98.83,98.509,488.429,174.303,67.931,68.022
2018-01-22 03:00:00,426.863,503.824,101.139,96.527,483.394,174.085,68.781,67.667
2018-01-22 04:00:00,443.636,525.493,105.353,98.187,488.775,182.611,69.758,68.18
2018-01-22 05:00:00,479.365,567.472,111.286,107.641,523.983,191.615,75.344,73.948
2018-01-22 06:00:00,584.146,657.29,133.172,130.137,597.954,220.822,95.045,88.107
2018-01-22 07:00:00,668.868,735.117,152.967,141.876,663.103,254.14,106.328,98.735
2018-01-22 08:00:00,706.801,788.632,160.604,151.937,703.589,265.152,106.058,103.529
2018-01-22 09:00:00,725.025,807.256,162.285,152.555,745.265,265.629,108.839,102.308
2018-01-22 10:00:00,721.589,826.744,165.64,155.22,760.774,280.926,116.8,110.849
2018-01-22 11:00:00,723.06,850.292,170.939,151.917,772.565,271.979,114.47,107.704
2018-01-22 12:00:00,702.127,837.847,166.66,149.506,773.644,256.785,109.568,100.924
2018-01-22 13:00:00,679.322,805.834,168.193,145.685,737.253,245.516,107.281,99.059
2018-01-22 14:00:00,648.386,782.165,155.776,140.131,691.787,247.118,107.808,93.152
2018-01-22 15:00:00,641.678,761.298,151.363,140.813,685.242,256.283,105.869,96.699
2018-01-22 16:00:00,651.144,776.277,159.825,140.812,698.895,268.689,109.01,98.353
2018-01-22 17:00:00,728.38,843.231,176.321,154.248,745.192,285.495,117.305,105.563
2018-01-22 18:00:00,756.209,874.695,180.729,160.11,770.569,293.901,125.216,113.919
2018-01-22 19:00:00,744.119,859.249,177.657,149.889,769.729,297.085,122.287,111.987
2018-01-22 20:00:00,706.613,816.89,168.217,142.874,725.531,268.57,117.304,110.478
2018-01-22 21:00:00,646.743,754.416,152.715,129.658,681.142,251.951,103.599,99.669
2018-01-22 22:00:00,578.709,690.18,135.019,118.439,622.127,225.854,95.032,91.86
2018-01-22 23:00:00,508.808,618.855,121.48,103.022,542.152,197.186,81.585,79.531
2018-01-23 00:00:00,461.766,560.136,115.155,97.422,503.13,180.197,74.182,73.118
2018-01-23 01:00:00,427.575,540.351,108.403,92.446,482.973,166.81,67.834,69.551
2018-01-23 02:00:00,420.552,522.847,108.446,93.324,486.135,161.098,63.718,65.315
2018-01-23 03:00:00,419.004,526.075,110.048,95.712,489.983,160.292,63.663,64.367
2018-01-23 04:00:00,436.533,542.392,111.709,98.242,498.038,168.32,66.184,64.31
2018-01-23 05:00:00,475.699,588.678,117.002,105.658,528.861,176.993,72.348,68.932
2018-01-23 06:00:00,571.545,685.532,135.97,130.137,608.811,204.723,90.982,80.289
2018-01-23 07:00:00,656.441,756.072,152.716,137.639,679.466,230.237,102.511,89.807
2018-01-23 08:00:00,670.294,815.36,156.688,143.712,706.393,244.756,109.546,97.476
2018-01-23 09:00:00,675.398,858.152,159.893,158.745,763.413,239.976,102.826,99.138
2018-01-23 10:00:00,663.301,864.378,170.281,164.533,768.135,236.135,100.852,102.945
2018-01-23 11:00:00,634.566,867.683,167.814,157.671,772.241,223.465,101.301,100.396
2018-01-23 12:00:00,628.512,855.735,154.155,146.76,742.575,223.421,102.723,91.387
2018-01-23 13:00:00,594.66,835.772,142.26,133.341,673.554,203.659,96.035,86.317
2018-01-23 14:00:00,558.465,818.035,131.425,125.801,629.118,204.065,88.996,79.177
2018-01-23 15:00:00,542.403,784.344,123.797,115.85,588.876,196.553,86.603,75.709
2018-01-23 16:00:00,556.023,777.639,128.727,115.466,583.968,204.317,90.199,78.744
2018-01-23 17:00:00,631.105,843.839,143.95,126.614,654.908,227.864,99.392,86.673
2018-01-23 18:00:00,672.205,858.539,154.283,134.352,696.088,239.173,101.626,90.188
2018-01-23 19:00:00,677.402,837.3,155.785,135.026,694.309,232.402,104.591,93.977
2018-01-23 20:00:00,651.719,795.393,148.629,131.938,678.39,232.233,97.905,94.64
2018-01-23 21:00:00,607.341,735.973,138.181,125.946,622.226,220.169,92.311,91.519
2018-01-23 22:00:00,535.166,663.191,125.148,108.712,535.226,196.727,86.992,80.522
2018-01-23 23:00:00,471.01,585.99,111.345,97.34,490.377,174.978,77.051,70.978
2018-01-24 00:00:00,435.183,543.304,101.401,90.12,462.547,158.691,67.532,62.909
2018-01-24 01:00:00,410.402,537.313,98.61,87.693,433.772,151.804,63.619,60.789
2018-01-24 02:00:00,398.452,525.298,99.678,89.717,440.625,150.22,59.187,59.154
2018-01-24 03:00:00,400.711,526.554,101.67,82.87,430.997,151.92,61.65,59.355
2018-01-24 04:00:00,412.141,534.77,104.418,86.755,443.779,162.197,63.613,62.503
2018-01-24 05:00:00,452.161,566.664,107.774,93.456,472.427,176.734,69.952,66.722
2018-01-24 06:00:00,557.564,692.465,126.383,112.737,541.523,202.21,83.803,79.97
2018-01-24 07:00:00,666.556,797.261,147.619,127.48,644.779,235.54,96.353,89.173
2018-01-24 08:00:00,708.276,852.752,160.927,139.858,701.569,257.651,103.983,97.527
2018-01-24 09:00:00,748.645,878.107,166.894,149.538,725.693,266.46,103.63,106.579
2018-01-24 10:00:00,750.768,882.295,164.87,152.993,732.024,274.984,110.928,112.39
2018-01-24 11:00:00,719.046,882.625,159.427,143.601,730.648,268.038,113.363,110.624
2018-01-24 12:00:00,717.367,835.871,159.331,142.858,727.479,260.501,108.785,105.853
2018-01-24 13:00:00,691.622,817.925,164.777,142.644,691.665,249.532,101.456,99.454
2018-01-24 14:00:00,682.763,781.792,153.793,134.717,649.333,238.692,98.96,91.504
2018-01-24 15:00:00,674.282,770.463,153.098,134.006,651.196,243.826,96.229,89.996
2018-01-24 16:00:00,700.349,807.377,156.429,138.616,677.012,258.237,103.147,96.742
2018-01-24 17:00:00,772.74,893.006,185.175,155.173,750.972,297.988,120.567,108.262
2018-01-24 18:00:00,810.052,920.446,198.144,163.684,817.709,321.309,129.815,118.328
2018-01-24 19:00:00,821.047,925.71,200.724,167.634,840.456,323.872,128.545,119.387
2018-01-24 20:00:00,801.938,905.295,204.585,167.15,825.213,314.121,131.364,120.043
2018-01-24 21:00:00,748.728,858.694,197.645,161.351,801.365,302.297,122.515,112.494
2018-01-24 22:00:00,697.152,799.278,182.905,147.435,744.837,274.507,119.554,108.83
2018-01-24 23:00:00,647.764,732.96,165.46,138.596,684.301,252.318,100.715,99.351
2018-01-25 00:00:00,617.028,687.688,157.901,130.89,653.229,243.369,95.269,92.402
2018-01-25 01:00:00,586.789,667.65,159.585,127.208,636.43,228.193,87.301,88.555
2018-01-25 02:00:00,579.706,651.31,161.515,132.099,630.129,230.228,85.82,89.506
2018-01-25 03:00:00,591.844,651.915,166.412,129.269,624.813,233.779,89.37,89.591
2018-01-25 04:00:00,609.064,671.553,169.135,133.698,632.031,246.466,95.75,91.314
2018-01-25 05:00:00,648.215,711.989,177.847,144.622,687.727,260.239,103.629,97.845
2018-01-25 06:00:00,770.772,810.216,197.075,171.145,782.606,293.551,120.165,113.159
2018-01-25 07:00:00,855.447,900.458,213.679,184.579,847.864,328.911,132.872,122.649
2018-01-25 08:00:00,872.962,961.317,219.242,193.926,894.514,333.595,139.091,130.865
2018-01-25 09:00:00,863.377,1007.559,225.651,185.391,851.884,320.833,126.701,130.876
2018-01-25 10:00:00,853.663,977.979,226.001,182.373,853.286,329.733,129.842,130.014
2018-01-25 11:00:00,832.166,948.357,212.984,178.148,854.057,311.025,131.64,120.839
2018-01-25 12:00:00,792.613,932.081,197.287,167.519,815.731,291.711,124.899,114.039
2018-01-25 13:00:00,741.57,877.86,188.421,159.081,790.801,286.958,120.061,108.17
2018-01-25 14:00:00,713.057,838.667,178.84,153.073,743.577,264.909,115.273,103.429
2018-01-25 15:00:00,694.753,836.737,176.588,151.002,733.12,258.553,104.924,98.729
2018-01-25 16:00:00,713.095,863.52,185.837,160.032,760.746,273.127,109.88,97.736
2018-01-25 17:00:00,798.178,976.215,209.053,165.426,837.742,309.347,126.971,111.588
2018-01-25 18:00:00,849.371,994.328,215.712,184.899,899.853,326.142,132.829,121.431
2018-01-25 19:00:00,864.66,974.405,223.425,190.592,900.969,332.793,138.348,124.69
2018-01-25 20:00:00,847.764,933.716,214.232,180.955,858.998,329.734,138.583,131.702
2018-01-25 21:00:00,794.964,883.377,204.487,166.829,829.829,311.313,126.172,127.337
2018-01-25 22:00:00,729.621,821.031,192.188,155.548,777.354,291.301,118.595,119.591
2018-01-25 23:00:00,641.831,744.784,162.97,144.291,711.942,271.826,104.452,102.77
2018-01-26 00:00:00,598.313,715.113,152.833,142.118,679.29,257.247,102.148,102.858
2018-01-26 01:00:00,575.046,710.302,149.256,129.069,628.3,248.382,95.017,94.346
2018-01-26 02:00:00,568.085,697.163,149.556,129.86,626.173,243.191,91.294,92.716
2018-01-26 03:00:00,598.446,685.936,157.72,137.711,659.311,243.748,92.18,91.967
2018-01-26 04:00:00,643.745,691.573,163.562,143.567,672.025,258.048,96.457,94.806
2018-01-26 05:00:00,697.031,748.035,171.374,155.66,736.906,275.831,106.549,102.287
2018-01-26 06:00:00,825.275,869.578,196.094,185.17,838.396,320.662,130.399,122.058
2018-01-26 07:00:00,918.514,932.304,215.537,206.897,916.063,355.877,140.188,136.261
2018-01-26 08:00:00,913.469,952.622,209.354,195.026,899.743,345.568,139.243,137.573
2018-01-26 09:00:00,845.984,923.034,198.852,180.725,829.156,319.637,126.591,131.925
2018-01-26 10:00:00,796.632,893.813,189.32,169.357,794.858,304.234,126.259,125.971
2018-01-26 11:00:00,737.602,863.397,177.86,159.939,788.163,283.294,127.089,121.732
2018-01-26 12:00:00,709.644,834.206,170.56,149.153,764.881,269.568,120.872,110.565
2018-01-26 13:00:00,676.512,791.641,168.76,135.605,702.811,247.22,111.53,101.17
2018-01-26 14:00:00,644.08,764.176,151.185,125.01,646.446,235.554,100.77,92.625
2018-01-26 15:00:00,632.015,744.266,144.639,126.085,625.907,232.403,98.363,90.07
2018-01-26 16:00:00,661.19,785.909,156.582,136.904,672.247,251.364,101.933,97.097
2018-01-26 17:00:00,746.91,874.765,180.565,154.491,776.44,293.905,119.177,113.725
2018-01-26 18:00:00,779.702,912.538,191.824,169.331,830.527,313.97,129.071,117.302
2018-01-26 19:00:00,787.555,908.913,192.18,174.965,833.477,306.805,130.431,118.734
2018-01-26 20:00:00,776.735,868.214,188.333,169.063,821.345,311.272,124.879,120.592
2018-01-26 21:00:00,715.717,808.173,182.902,159.824,779.916,306.38,123.015,115.77
2018-01-26 22:00:00,652.357,746.409,166.546,145.504,716.72,275.471,116.829,111.077
2018-01-26 23:00:00,584.944,679.179,142.586,130.968,650.984,258.637,107.5,103.731
2018-01-27 00:00:00,548.137,630.235,137.722,129.253,632.429,248.033,101.89,97.977
2018-01-27 01:00:00,533.482,605.137,131.486,125.327,628.066,238.655,93.003,94.287
2018-01-27 02:00:00,547.622,600.762,129.463,127.283,634.392,237.076,89.511,96.854
2018-01-27 03:00:00,565.491,612.882,133.008,132.551,643.275,236.773,90.397,95.341
2018-01-27 04:00:00,589.336,620.129,134.456,133.805,657.98,251.698,92.906,97.625
2018-01-27 05:00:00,614.599,638.199,139.73,139.771,686.229,267.452,97.512,101.909
2018-01-27 06:00:00,681.984,676.003,153.61,156.174,733.692,292.701,107.663,109.69
2018-01-27 07:00:00,716.094,710.599,158.99,164.448,756.349,313.198,114.405,117.335
2018-01-27 08:00:00,704.921,735.747,165.666,159.147,754.619,306.73,114.32,115.243
2018-01-27 09:00:00,671.279,736.797,164.711,144.217,706.102,278.457,111.139,111.031
2018-01-27 10:00:00,665.487,715.879,160.166,139.277,665.73,247.389,102.708,105.816
2018-01-27 11:00:00,629.44,683.894,141.998,127.436,636.721,227.106,98.405,93.617
2018-01-27 12:00:00,623.69,662.787,130.809,123.594,608.907,216.482,101.416,89.735
2018-01-27 13:00:00,583.621,654.2,131.052,112.186,568.408,201.993,93.317,82.266
2018-01-27 14:00:00,554.243,641.14,128.604,110.028,565.015,193.34,84.538,77.534
2018-01-27 15:00:00,562.661,634.989,126.632,114.142,573.484,195.306,87.443,79.604
2018-01-27 16:00:00,592.171,663.636,136.898,124.231,611.153,205.947,96.75,85.234
2018-01-27 17:00:00,664.034,740.362,154.501,138.654,688.911,235.712,106.057,93.964
2018-01-27 18:00:00,696.899,778.575,161.817,149.384,707.716,236.979,106.099,97.456
2018-01-27 19:00:00,695.245,784.038,169.773,141.44,711.023,233.887,106.12,94.17
2018-01-27 20:00:00,639.765,744.565,164.927,133.618,678.722,229.08,104.33,92.624
2018-01-27 21:00:00,586.198,689.301,138.857,124.179,624.802,204.742,91.995,83.731
2018-01-27 22:00:00,525.901,607.073,122.306,110.941,558.763,185.218,80.887,76.397
2018-01-27 23:00:00,444.691,519.129,104.149,92.306,479.733,156.308,65.242,67.068
2018-01-28 00:00:00,382.085,460.84,90.909,76.416,411.781,138.698,57.404,58.04
2018-01-28 01:00:00,348.51,434.83,82.745,73.134,386.506,125.216,50.214,51.251
2018-01-28 02:00:00,333.227,428.027,81.012,75.59,392.07,118.79,48.442,49.649
2018-01-28 03:00:00,334.652,422.689,82.253,75.839,388.387,120.294,49.747,48.982
2018-01-28 04:00:00,343.486,420.372,83.277,75.464,393.04,132.407,49.984,50.611
2018-01-28 05:00:00,362.353,440.606,89.858,77.841,411.563,138.12,52.71,53.26
2018-01-28 06:00:00,412.335,485.294,102.27,89.871,448.374,157.523,63.022,60.375
2018-01-28 07:00:00,442.791,519.577,111.883,98.376,480.183,170.634,65.402,67.637
2018-01-28 08:00:00,506.005,578.446,122.731,111.177,538.183,195.87,80.41,72.739
2018-01-28 09:00:00,547.746,631.328,132.542,122.086,589.214,214.108,86.269,81.551
2018-01-28 10:00:00,576.167,635.268,135.233,124.508,587.948,212.031,90.955,82.327
2018-01-28 11:00:00,578.201,626.444,137.869,130.168,606.849,209.896,91.715,83.513
2018-01-28 12:00:00,580.627,616.109,132.464,132.429,595.68,218.639,95.194,83.374
2018-01-28 13:00:00,545.694,598.818,131.564,123.874,582.153,214.165,90.663,78.461
2018-01-28 14:00:00,524.456,590.35,123.091,118.378,555.918,199.946,82.383,77.694
2018-01-28 15:00:00,533.754,601.054,124.803,123.498,552.449,206.263,83.792,74.805
2018-01-28 16:00:00,564.711,645.82,129.958,127.931,584.35,217.473,90.396,82.522
2018-01-28 17:00:00,648.938,744.565,153.308,133.243,656.943,247.6,104.319,92.791
2018-01-28 18:00:00,696.491,769.66,161.69,142.232,700.41,254.768,110.199,98.949
2018-01-28 19:00:00,698.017,752.706,163.303,150.476,705.923,255.421,117.328,99.585
2018-01-28 20:00:00,681.39,725.247,148.219,149.77,692.202,256.43,108.185,100.984
2018-01-28 21:00:00,642.137,689.65,140.673,133.298,658.715,253.097,97.56,96.501
2018-01-28 22:00:00,585.266,617.012,135.661,122.845,610.868,224.985,89.932,90.385
2018-01-28 23:00:00,518.101,551.56,115.103,109.915,541.987,204.323,80.858,80.658
2018-01-29 00:00:00,470.78,535.019,106.355,93.662,499.486,194.135,77.687,76.287
2018-01-29 01:00:00,431.235,509.223,104.464,87.211,457.896,186.311,72.207,69.964
2018-01-29 02:00:00,426.963,504.431,103.99,89.593,455.478,181.368,69.8,69.284
2018-01-29 03:00:00,437.519,511.08,107.725,89.899,456.819,177.436,68.851,67.93
2018-01-29 04:00:00,448.662,537.492,111.384,91.625,466.002,182.861,69.516,67.595
2018-01-29 05:00:00,486.71,591.996,119.119,102.097,504.981,199.005,77.348,73.658
2018-01-29 06:00:00,599.273,690.432,139.18,126.848,594.512,227.444,94.181,90.077
2018-01-29 07:00:00,688.09,762.182,149.176,140.025,660.541,250.906,106.974,97.42
2018-01-29 08:00:00,728.063,809.723,160.497,144.873,710.665,266.045,105.136,102.857
2018-01-29 09:00:00,746.584,839.397,167.202,151.457,735.353,263.993,106.211,105.499
2018-01-29 10:00:00,735.399,849.213,171.057,156.168,746.94,271.724,110.47,109.58
2018-01-29 11:00:00,708.412,831.545,160.293,147.16,731.619,269.952,114.343,111.529
2018-01-29 12:00:00,683.109,790.279,154.952,133.939,703.673,259.999,113.759,112.16
2018-01-29 13:00:00,646.794,751.971,156.44,127.862,657.977,241.788,109.33,103.033
2018-01-29 14:00:00,621.507,727.577,144.393,127.376,625.542,247.263,105.349,94.331
2018-01-29 15:00:00,631.651,740.026,147.756,124.862,632.52,254.501,103.052,96.784
2018-01-29 16:00:00,660.597,787.958,163.582,132.537,674.893,265.797,108.602,105.309
2018-01-29 17:00:00,741.104,855.82,183.916,149.868,736.676,303.041,120.741,111.46
2018-01-29 18:00:00,769.935,887.383,191.139,151.326,774.182,319.603,129.581,118.782
2018-01-29 19:00:00,754.173,884.734,188.312,156.756,803.222,327.636,128.481,123.695
2018-01-29 20:00:00,728.675,869.793,188.058,157.432,787.576,314.13,128.935,121.815
2018-01-29 21:00:00,681.221,829.933,172.127,150.427,746.045,295.012,118.876,116.37
2018-01-29 22:00:00,623.423,742.668,160.738,140.841,687.503,257.365,108.129,104.304
2018-01-29 23:00:00,567.261,652.641,146.447,123.369,623.268,239.09,98.775,97.488
2018-01-30 00:00:00,515.535,618.018,140.364,111.0,573.618,238.775,98.147,92.924
2018-01-30 01:00:00,483.394,595.483,131.3,108.93,549.797,224.538,89.663,85.681
2018-01-30 02:00:00,484.207,586.058,131.446,115.136,565.899,216.817,81.411,83.911
2018-01-30 03:00:00,491.844,600.951,139.832,116.844,578.431,219.496,83.306,83.593
2018-01-30 04:00:00,508.251,620.668,143.861,121.92,595.602,233.82,87.548,86.582
2018-01-30 05:00:00,550.223,669.543,148.786,132.328,629.933,250.17,95.366,92.28
2018-01-30 06:00:00,658.027,765.436,170.015,155.596,723.466,281.288,113.991,104.269
2018-01-30 07:00:00,745.118,833.365,188.209,170.998,807.338,311.644,125.283,117.596
2018-01-30 08:00:00,800.931,894.778,200.547,176.371,851.654,330.342,131.938,127.883
2018-01-30 09:00:00,808.694,926.505,204.46,182.916,871.346,333.991,135.632,130.53
2018-01-30 10:00:00,811.061,910.114,208.522,181.712,873.41,341.596,133.903,131.789
2018-01-30 11:00:00,770.118,902.398,196.065,174.424,861.268,326.217,132.977,125.605
2018-01-30 12:00:00,738.008,872.796,185.659,163.326,822.396,310.468,129.637,119.63
2018-01-30 13:00:00,722.804,824.295,176.822,151.976,756.372,290.303,121.842,109.355
2018-01-30 14:00:00,699.728,801.898,168.352,139.265,712.994,285.6,111.456,104.551
2018-01-30 15:00:00,706.738,799.068,169.169,138.14,702.492,280.146,108.011,102.172
2018-01-30 16:00:00,741.386,840.931,178.089,145.147,745.135,283.026,112.171,104.401
2018-01-30 17:00:00,800.391,918.345,194.205,166.867,837.399,318.306,125.198,114.62
2018-01-30 18:00:00,858.367,957.785,204.16,176.113,877.553,333.747,134.074,124.249
2018-01-30 19:00:00,856.973,972.354,212.447,190.605,888.47,330.146,136.27,126.447
2018-01-30 20:00:00,834.049,948.29,215.194,192.749,910.444,318.726,129.531,124.934
2018-01-30 21:00:00,780.045,901.79,212.44,169.349,832.553,301.888,127.894,118.765
2018-01-30 22:00:00,727.195,827.802,197.568,161.86,802.871,285.53,117.859,115.26
2018-01-30 23:00:00,664.193,738.541,183.59,152.998,749.924,272.361,107.486,106.389
2018-01-31 00:00:00,625.841,725.527,174.908,140.714,709.549,261.883,102.917,103.73
2018-01-31 01:00:00,599.915,731.134,173.456,139.212,690.286,251.14,96.081,96.836
2018-01-31 02:00:00,612.125,702.117,175.266,141.697,680.88,245.908,93.518,95.356
2018-01-31 03:00:00,615.925,698.15,178.135,145.968,692.301,244.285,94.639,93.572
2018-01-31 04:00:00,629.036,707.935,179.045,152.043,708.11,261.579,99.087,97.512
2018-01-31 05:00:00,679.452,759.923,180.518,162.453,759.6,282.426,107.502,104.791
2018-01-31 06:00:00,807.828,849.102,202.48,188.712,852.21,313.776,125.185,121.026
2018-01-31 07:00:00,883.942,913.555,224.654,199.876,908.716,343.387,138.896,133.576
2018-01-31 08:00:00,906.196,938.584,226.514,198.652,909.348,344.644,138.698,135.282
2018-01-31 09:00:00,889.614,919.192,212.349,187.276,883.567,332.121,131.191,132.855
2018-01-31 10:00:00,849.155,905.636,202.73,178.86,849.599,319.068,133.961,133.603
2018-01-31 11:00:00,803.644,869.07,191.95,164.547,825.65,301.002,134.298,119.026
2018-01-31 12:00:00,788.296,847.554,179.466,161.102,807.768,281.497,127.409,113.891
2018-01-31 13:00:00,733.329,808.726,168.731,155.242,761.209,270.285,114.849,108.19
2018-01-31 14:00:00,697.486,774.646,160.376,137.773,702.824,255.075,105.643,99.564
2018-01-31 15:00:00,698.912,779.591,155.682,142.146,713.253,252.779,104.117,94.552
2018-01-31 16:00:00,723.637,817.042,168.764,154.703,765.099,266.135,111.754,99.295
2018-01-31 17:00:00,793.258,911.548,196.393,170.24,850.206,314.914,123.106,115.108
2018-01-31 18:00:00,831.79,941.874,208.112,175.306,868.274,330.538,138.482,119.231
2018-01-31 19:00:00,832.338,940.735,213.997,182.538,879.321,328.582,144.675,122.561
2018-01-31 20:00:00,795.691,914.93,201.426,183.762,844.656,320.611,135.101,125.155
2018-01-31 21:00:00,737.74,853.02,184.105,160.361,783.769,290.332,127.842,117.353
2018-01-31 22:00:00,662.571,768.542,169.898,142.952,705.341,263.045,111.162,103.932
2018-01-31 23:00:00,589.169,671.631,148.845,133.043,621.924,234.525,99.102,92.938
2018-02-01 00:00:00,533.304,612.091,134.147,113.97,570.428,219.657,92.369,86.456
2018-02-01 01:00:00,501.618,603.65,127.627,105.387,533.97,196.183,77.778,76.552
2018-02-01 02:00:00,492.644,581.702,127.201,107.289,533.501,187.937,75.315,73.62
2018-02-01 03:00:00,484.635,575.601,132.194,108.257,535.16,186.957,73.825,71.61
2018-02-01 04:00:00,501.454,593.649,135.753,108.372,533.329,194.101,76.35,73.633
2018-02-01 05:00:00,547.669,639.004,141.268,112.79,567.991,204.767,83.683,79.652
2018-02-01 06:00:00,658.245,724.897,163.825,138.156,644.144,235.238,100.877,90.474
2018-02-01 07:00:00,735.269,795.803,180.854,151.934,697.691,265.752,108.486,101.23
2018-02-01 08:00:00,765.806,844.138,183.193,159.287,742.255,272.801,113.598,109.252
2018-02-01 09:00:00,774.429,859.615,181.956,164.715,752.715,272.167,112.932,114.737
2018-02-01 10:00:00,762.862,878.012,176.935,161.261,765.804,268.269,118.649,112.681
2018-02-01 11:00:00,742.169,874.94,177.212,147.889,756.618,255.057,114.324,103.657
2018-02-01 12:00:00,712.057,853.203,161.204,142.323,732.182,239.66,104.726,92.031
2018-02-01 13:00:00,655.092,796.476,148.863,132.521,673.075,224.075,98.187,87.369
2018-02-01 14:00:00,617.914,757.166,141.234,127.516,634.978,213.542,99.123,84.804
2018-02-01 15:00:00,616.203,748.409,142.225,125.635,633.336,217.296,92.56,80.477
2018-02-01 16:00:00,636.957,787.452,151.127,130.215,659.681,239.02,102.142,87.446
2018-02-01 17:00:00,707.454,853.252,168.009,139.189,716.16,266.299,114.704,98.834
2018-02-01 18:00:00,736.629,866.4,178.094,149.145,749.997,278.089,116.727,102.963
2018-02-01 19:00:00,752.859,870.986,185.069,153.938,755.793,281.065,116.428,103.828
2018-02-01 20:00:00,723.504,831.537,182.193,151.918,743.467,278.133,118.021,109.666
2018-02-01 21:00:00,695.203,781.648,165.318,140.766,718.45,253.687,107.239,104.25
2018-02-01 22:00:00,617.526,703.37,145.298,125.883,644.118,227.258,96.058,93.806
2018-02-01 23:00:00,526.336,601.747,128.67,112.373,567.376,205.107,82.826,79.552
2018-02-02 00:00:00,491.543,562.855,117.286,101.001,519.689,182.585,76.874,75.515
2018-02-02 01:00:00,462.488,531.034,110.122,97.493,499.263,171.172,70.457,69.159
2018-02-02 02:00:00,455.957,524.324,109.481,98.055,485.573,170.663,67.379,67.254
2018-02-02 03:00:00,463.223,539.898,114.3,96.574,484.754,171.825,68.545,66.966
2018-02-02 04:00:00,501.627,583.88,125.392,102.985,516.188,181.18,71.222,69.521
2018-02-02 05:00:00,577.388,645.458,154.34,123.23,605.002,199.885,78.688,76.294
2018-02-02 06:00:00,711.213,749.087,184.728,154.96,700.688,244.191,100.527,93.9
2018-02-02 07:00:00,799.105,845.962,196.856,167.493,776.434,284.35,108.735,107.43
2018-02-02 08:00:00,852.442,932.558,202.372,181.903,847.468,304.242,118.475,116.965
2018-02-02 09:00:00,888.382,974.061,206.5,184.562,866.571,316.152,127.61,121.441
2018-02-02 10:00:00,903.099,977.953,208.698,188.377,888.311,325.537,127.992,127.61
2018-02-02 11:00:00,897.242,977.904,200.73,190.293,918.018,328.261,136.017,132.363
2018-02-02 12:00:00,878.762,925.453,208.915,191.149,933.786,326.22,131.252,128.677
2018-02-02 13:00:00,845.323,916.743,203.401,185.283,905.068,316.474,128.659,121.093
2018-02-02 14:00:00,799.364,928.226,191.425,175.771,853.162,317.112,122.392,116.248
2018-02-02 15:00:00,805.234,935.51,192.601,182.938,883.894,318.459,120.989,121.169
2018-02-02 16:00:00,870.044,937.337,210.932,192.039,910.969,328.206,127.233,124.128
2018-02-02 17:00:00,978.572,1097.983,233.034,207.664,1014.375,373.854,143.661,140.405
2018-02-02 18:00:00,997.549,1207.359,238.836,215.687,1026.81,403.452,151.497,145.257
2018-02-02 19:00:00,1015.679,1134.853,251.362,218.061,1052.037,401.531,155.498,152.37
2018-02-02 20:00:00,1019.969,1101.737,251.873,220.524,1036.306,398.77,156.583,156.917
2018-02-02 21:00:00,941.028,1018.406,234.385,204.384,1020.346,378.044,144.622,144.292
2018-02-02 22:00:00,844.623,925.313,223.654,195.005,938.265,341.731,135.212,135.027
2018-02-02 23:00:00,795.288,851.432,209.748,178.547,848.707,321.968,126.009,135.857
2018-02-03 00:00:00,747.594,778.418,203.383,170.433,795.022,312.51,121.18,126.527
2018-02-03 01:00:00,713.792,733.314,197.503,164.293,782.091,291.258,110.691,114.183
2018-02-03 02:00:00,706.539,746.924,195.225,163.486,776.454,290.579,106.009,113.744
2018-02-03 03:00:00,726.865,768.818,201.646,160.358,766.402,290.495,106.565,113.046
2018-02-03 04:00:00,746.377,775.785,209.497,164.283,786.056,305.028,111.242,117.568
2018-02-03 05:00:00,767.924,798.857,216.999,171.808,834.322,313.692,113.408,118.455
2018-02-03 06:00:00,850.599,857.662,229.4,189.061,885.806,338.73,125.538,129.352
2018-02-03 07:00:00,887.995,890.081,241.683,197.542,907.446,363.664,129.446,135.819
2018-02-03 08:00:00,892.719,929.019,237.954,200.587,898.067,363.288,142.373,140.629
2018-02-03 09:00:00,871.731,919.663,223.114,199.056,884.874,354.461,141.613,138.828
2018-02-03 10:00:00,865.845,872.557,211.412,191.528,863.293,338.761,136.301,133.303
2018-02-03 11:00:00,828.768,846.937,202.913,183.694,849.716,325.405,135.83,119.887
2018-02-03 12:00:00,790.029,823.616,194.865,175.312,808.81,302.006,131.932,119.468
2018-02-03 13:00:00,748.842,808.056,175.716,163.653,777.707,281.824,121.597,113.615
2018-02-03 14:00:00,720.135,796.375,163.43,152.77,738.335,265.906,116.194,110.171
2018-02-03 15:00:00,746.137,781.27,165.231,158.137,734.013,264.692,114.318,104.708
2018-02-03 16:00:00,749.213,792.485,173.756,167.533,772.575,272.182,114.297,110.305
2018-02-03 17:00:00,794.171,870.601,196.668,170.42,834.338,320.414,131.747,125.591
2018-02-03 18:00:00,834.853,924.609,212.077,184.544,887.542,334.868,132.687,130.641
2018-02-03 19:00:00,865.514,956.984,219.311,184.46,899.543,335.839,132.467,130.739
2018-02-03 20:00:00,852.427,929.684,218.29,177.841,882.167,339.844,134.126,133.592
2018-02-03 21:00:00,772.598,885.285,200.181,167.265,826.192,313.857,122.96,125.751
2018-02-03 22:00:00,706.037,789.426,186.288,152.863,746.386,291.996,113.032,119.289
2018-02-03 23:00:00,619.318,695.315,165.796,130.732,667.708,273.236,106.701,110.417
2018-02-04 00:00:00,551.299,641.586,149.367,119.155,602.812,248.87,97.578,101.372
2018-02-04 01:00:00,528.872,612.772,137.61,111.527,566.395,229.846,87.962,89.749
2018-02-04 02:00:00,520.164,606.957,136.733,112.785,564.671,214.99,82.079,82.249
2018-02-04 03:00:00,518.161,601.875,140.898,113.229,557.402,211.948,81.09,80.46
2018-02-04 04:00:00,531.451,605.969,141.609,112.025,553.468,218.498,80.665,83.058
2018-02-04 05:00:00,539.491,611.272,146.044,112.085,559.997,219.248,81.331,82.632
2018-02-04 06:00:00,592.155,647.596,156.541,129.906,595.528,236.591,90.683,85.251
2018-02-04 07:00:00,618.972,676.867,162.906,133.762,615.989,250.061,98.292,90.279
2018-02-04 08:00:00,655.032,712.622,174.228,141.24,656.237,255.985,103.607,94.395
2018-02-04 09:00:00,678.699,731.75,180.825,150.629,669.893,249.798,107.27,96.921
2018-02-04 10:00:00,678.913,726.339,168.339,142.941,671.683,259.319,110.22,93.896
2018-02-04 11:00:00,649.259,709.427,158.637,142.7,672.632,251.853,108.268,92.662
2018-02-04 12:00:00,627.438,693.629,161.69,136.736,671.61,234.943,109.321,88.986
2018-02-04 13:00:00,594.428,655.864,149.483,128.925,630.455,225.465,102.043,86.159
2018-02-04 14:00:00,583.515,644.552,137.957,123.01,615.463,212.339,93.125,85.494
2018-02-04 15:00:00,598.466,646.418,139.274,124.608,607.165,217.237,89.555,83.585
2018-02-04 16:00:00,644.289,681.667,153.231,129.965,621.841,226.267,94.335,84.45
2018-02-04 17:00:00,681.666,756.288,169.375,141.111,688.822,238.226,103.152,94.585
2018-02-04 18:00:00,713.179,784.229,181.022,145.853,711.069,254.471,106.987,99.164
2018-02-04 19:00:00,693.303,802.934,173.321,146.671,700.049,251.402,107.979,98.081
2018-02-04 20:00:00,667.032,775.137,158.055,140.525,670.494,245.291,109.135,97.702
2018-02-04 21:00:00,618.18,717.777,147.699,129.906,624.468,228.029,96.97,90.405
2018-02-04 22:00:00,558.589,662.38,126.5,110.943,556.602,207.662,84.846,82.954
2018-02-04 23:00:00,476.585,587.224,106.864,98.022,488.961,182.961,71.801,74.323
2018-02-05 00:00:00,439.615,550.987,97.82,86.826,459.242,165.065,65.704,64.957
2018-02-05 01:00:00,427.135,514.432,93.425,80.102,433.234,148.027,63.395,59.968
2018-02-05 02:00:00,438.335,500.789,96.5,81.215,428.217,143.778,59.326,57.631
2018-02-05 03:00:00,445.116,507.338,102.243,86.915,443.131,143.033,60.282,57.856
2018-02-05 04:00:00,459.132,528.081,109.323,92.58,456.82,156.428,63.408,60.173
2018-02-05 05:00:00,507.804,564.239,113.859,96.7,485.659,167.208,70.366,64.965
2018-02-05 06:00:00,620.082,665.747,136.973,125.203,587.086,202.391,88.517,79.04
2018-02-05 07:00:00,675.018,749.686,157.994,136.192,665.169,234.565,98.301,90.072
2018-02-05 08:00:00,738.663,831.816,163.354,146.422,714.388,243.994,104.922,97.641
2018-02-05 09:00:00,806.794,888.215,169.276,163.871,780.965,260.128,111.858,107.311
2018-02-05 10:00:00,818.199,907.943,181.65,173.423,823.145,279.925,119.325,115.006
2018-02-05 11:00:00,800.501,923.55,179.768,169.766,850.066,275.621,122.66,111.229
2018-02-05 12:00:00,781.089,870.912,179.634,162.858,806.556,260.872,115.082,103.122
2018-02-05 13:00:00,748.863,859.625,180.508,153.079,769.952,253.939,109.406,102.555
2018-02-05 14:00:00,729.503,846.11,165.247,144.727,725.684,250.731,101.688,98.113
2018-02-05 15:00:00,703.728,839.195,167.034,138.264,681.978,248.905,100.908,98.619
2018-02-05 16:00:00,706.921,844.946,176.465,146.26,717.264,260.812,107.775,98.692
2018-02-05 17:00:00,775.823,919.572,195.243,167.98,818.661,291.965,119.449,109.056
2018-02-05 18:00:00,812.313,996.755,200.709,178.785,848.608,314.664,125.819,113.186
2018-02-05 19:00:00,835.403,998.629,206.846,177.792,858.97,319.428,133.39,121.861
2018-02-05 20:00:00,842.271,945.828,210.5,176.542,861.392,313.946,131.395,123.446
2018-02-05 21:00:00,783.307,906.919,198.069,166.518,829.818,308.143,121.111,121.478
2018-02-05 22:00:00,722.079,811.314,184.435,157.147,773.947,288.796,112.973,114.101
2018-02-05 23:00:00,652.515,730.065,177.01,143.983,706.195,280.001,112.277,105.518
2018-02-06 00:00:00,621.921,687.747,165.21,136.941,661.616,253.46,97.006,98.276
2018-02-06 01:00:00,596.429,669.781,158.227,130.661,642.898,237.644,89.871,90.748
2018-02-06 02:00:00,579.362,657.785,158.551,132.759,642.169,232.03,87.566,89.793
2018-02-06 03:00:00,573.147,647.049,160.735,131.81,636.874,232.505,88.013,87.461
2018-02-06 04:00:00,589.613,669.492,160.241,132.221,637.516,243.894,93.311,89.656
2018-02-06 05:00:00,628.916,723.767,163.221,141.087,679.773,252.604,98.839,94.103
2018-02-06 06:00:00,744.429,820.216,193.762,167.624,759.55,281.324,114.136,108.168
2018-02-06 07:00:00,804.361,887.72,208.683,176.295,823.103,308.724,122.284,118.768
2018-02-06 08:00:00,838.829,938.774,208.17,183.743,862.862,319.875,128.083,124.318
2018-02-06 09:00:00,863.328,960.583,206.652,186.995,873.436,316.945,129.158,127.788
2018-02-06 10:00:00,857.267,963.115,209.646,185.901,882.863,330.189,135.31,130.705
2018-02-06 11:00:00,813.681,946.19,199.0,176.791,871.997,320.748,134.646,127.844
2018-02-06 12:00:00,785.724,919.47,193.551,163.434,823.99,300.38,129.558,114.049
2018-02-06 13:00:00,744.218,884.546,183.792,152.847,776.768,279.818,122.798,106.179
2018-02-06 14:00:00,723.144,833.855,172.999,144.689,733.907,267.794,107.485,98.509
2018-02-06 15:00:00,705.907,791.477,170.238,147.309,721.635,263.389,106.249,99.994
2018-02-06 16:00:00,711.972,790.097,171.995,153.016,739.973,267.847,111.421,99.846
2018-02-06 17:00:00,764.645,866.184,185.827,163.258,807.637,300.419,122.375,109.765
2018-02-06 18:00:00,824.633,897.249,192.416,169.487,843.123,317.191,129.44,116.281
2018-02-06 19:00:00,834.875,905.485,199.891,178.959,856.843,325.775,134.413,122.922
2018-02-06 20:00:00,839.447,881.059,202.187,181.285,840.966,313.771,130.874,124.51
2018-02-06 21:00:00,798.254,849.61,190.928,169.942,819.424,298.172,128.299,124.629
2018-02-06 22:00:00,735.523,781.824,171.562,153.811,764.879,276.529,117.442,114.118
2018-02-06 23:00:00,659.005,696.466,154.623,139.421,675.966,265.305,105.811,106.068
2018-02-07 00:00:00,627.932,647.515,148.613,124.04,626.817,251.962,99.468,98.112
2018-02-07 01:00:00,585.336,630.573,141.162,122.591,614.102,241.561,93.453,95.218
2018-02-07 02:00:00,567.148,632.316,144.288,126.405,616.324,239.153,90.606,92.155
2018-02-07 03:00:00,582.02,646.542,152.125,130.012,631.318,241.474,92.731,91.739
2018-02-07 04:00:00,594.148,680.454,156.004,130.673,631.637,257.494,97.643,95.063
2018-02-07 05:00:00,634.053,726.865,163.121,138.357,661.668,273.062,104.616,100.314
2018-02-07 06:00:00,749.683,816.784,184.565,166.191,752.886,308.997,121.739,113.265
2018-02-07 07:00:00,827.673,892.02,205.353,181.677,831.372,329.512,131.804,123.819
2018-02-07 08:00:00,857.561,944.236,210.134,182.012,878.194,332.588,133.248,130.602
2018-02-07 09:00:00,894.341,955.31,213.066,187.302,897.166,323.318,135.302,134.07
2018-02-07 10:00:00,904.447,956.939,216.615,198.097,900.138,329.623,138.553,131.458
2018-02-07 11:00:00,893.388,973.273,221.273,193.214,929.637,334.824,139.013,126.592
2018-02-07 12:00:00,887.068,981.919,211.611,194.912,918.166,329.912,135.234,124.202
2018-02-07 13:00:00,842.045,942.212,204.523,184.228,893.748,318.668,129.022,122.441
2018-02-07 14:00:00,790.612,904.729,192.534,174.418,851.309,306.772,122.259,111.432
2018-02-07 15:00:00,771.216,906.123,185.492,173.026,828.188,291.925,126.079,105.558
2018-02-07 16:00:00,763.204,904.988,191.201,174.39,846.0,291.026,123.655,109.987
2018-02-07 17:00:00,785.844,953.24,202.491,173.319,860.885,312.439,127.901,115.81
2018-02-07 18:00:00,783.42,953.316,200.33,178.54,863.431,322.312,128.763,120.337
2018-02-07 19:00:00,788.384,931.743,191.51,171.229,827.934,317.729,130.131,118.513
2018-02-07 20:00:00,774.605,886.765,186.151,160.395,786.731,296.272,125.659,114.834
2018-02-07 21:00:00,716.021,822.891,174.007,152.976,757.926,276.425,119.25,106.746
2018-02-07 22:00:00,653.262,763.13,160.941,137.214,700.946,252.445,107.886,98.793
2018-02-07 23:00:00,594.558,726.76,151.843,132.856,653.692,231.524,98.945,93.742
2018-02-08 00:00:00,554.623,649.404,149.238,128.043,613.194,226.065,92.752,89.731
2018-02-08 01:00:00,527.522,626.464,146.211,117.214,589.553,210.038,83.639,82.589
2018-02-08 02:00:00,523.177,611.646,142.033,116.131,575.595,212.642,82.358,82.373
2018-02-08 03:00:00,544.584,620.968,148.377,118.908,580.266,211.368,81.383,80.42
2018-02-08 04:00:00,573.739,660.625,155.528,130.295,624.887,225.651,85.368,82.656
2018-02-08 05:00:00,636.22,729.707,171.413,143.738,685.333,242.33,93.934,88.371
2018-02-08 06:00:00,754.365,813.537,197.633,168.274,768.573,272.788,110.842,102.295
2018-02-08 07:00:00,817.321,877.395,212.035,179.803,828.522,301.23,114.807,116.225
2018-02-08 08:00:00,829.456,906.381,203.846,181.661,837.637,308.781,118.209,123.667
2018-02-08 09:00:00,830.411,890.906,201.261,182.864,820.4,301.659,114.324,124.633
2018-02-08 10:00:00,805.465,886.793,196.514,180.226,824.125,299.554,118.958,122.801
2018-02-08 11:00:00,769.801,882.916,190.806,171.507,829.573,285.635,120.259,123.334
2018-02-08 12:00:00,761.717,855.64,183.99,162.379,812.641,278.271,117.385,111.683
2018-02-08 13:00:00,732.736,816.891,177.738,155.229,781.027,267.18,114.98,104.31
2018-02-08 14:00:00,710.824,796.534,168.134,144.615,720.104,261.831,107.264,97.472
2018-02-08 15:00:00,723.858,786.547,168.143,141.561,701.497,248.039,99.069,95.007
2018-02-08 16:00:00,770.671,807.781,175.58,147.694,719.099,268.279,107.132,100.205
2018-02-08 17:00:00,828.964,893.23,191.486,158.469,816.744,304.094,121.947,109.778
2018-02-08 18:00:00,844.199,929.997,203.148,178.42,860.173,323.773,124.477,115.095
2018-02-08 19:00:00,856.78,926.923,214.053,180.284,866.077,323.779,129.894,119.324
2018-02-08 20:00:00,862.133,910.545,212.341,172.364,841.856,316.756,127.014,122.284
2018-02-08 21:00:00,804.807,858.86,202.158,161.519,816.128,298.63,115.279,115.379
2018-02-08 22:00:00,744.394,792.133,189.904,149.686,753.545,275.816,110.024,111.247
2018-02-08 23:00:00,682.821,726.561,173.464,137.757,681.686,251.25,102.476,101.991
2018-02-09 00:00:00,650.103,691.001,169.342,135.555,669.812,247.286,99.614,97.883
2018-02-09 01:00:00,617.936,682.318,166.054,135.135,665.531,241.868,93.823,92.682
2018-02-09 02:00:00,625.545,688.372,165.337,140.997,675.293,240.655,90.191,91.396
2018-02-09 03:00:00,635.042,706.959,170.273,143.185,686.107,243.154,92.734,91.724
2018-02-09 04:00:00,659.184,717.806,176.96,148.38,697.451,261.42,99.924,97.953
2018-02-09 05:00:00,707.931,767.142,183.027,161.338,747.778,285.814,111.659,106.464
2018-02-09 06:00:00,840.147,885.901,207.581,184.595,842.258,324.936,131.329,121.243
2018-02-09 07:00:00,911.603,956.536,228.0,197.007,903.393,351.678,138.373,134.906
2018-02-09 08:00:00,894.294,980.314,221.565,193.149,904.433,342.773,134.488,136.196
2018-02-09 09:00:00,855.578,952.078,200.589,179.246,853.115,319.537,126.782,128.422
2018-02-09 10:00:00,825.186,914.84,188.135,176.102,812.997,308.668,125.787,120.97
2018-02-09 11:00:00,796.853,877.469,185.071,161.057,816.767,294.716,127.929,115.05
2018-02-09 12:00:00,775.794,866.135,179.127,167.129,831.303,281.113,120.303,113.591
2018-02-09 13:00:00,748.743,838.609,174.086,157.509,780.454,273.428,114.571,106.343
2018-02-09 14:00:00,723.306,818.179,168.579,147.174,732.578,269.523,111.612,104.922
2018-02-09 15:00:00,717.714,805.714,169.924,151.173,740.073,264.984,109.702,102.985
2018-02-09 16:00:00,744.213,829.654,178.945,158.081,773.075,275.237,113.317,104.966
2018-02-09 17:00:00,799.096,912.741,190.354,171.713,836.415,308.845,121.858,115.075
2018-02-09 18:00:00,830.569,943.683,209.243,183.921,875.901,321.172,127.794,118.757
2018-02-09 19:00:00,840.455,930.009,213.915,186.234,879.295,321.052,130.852,120.198
2018-02-09 20:00:00,817.982,893.597,204.775,179.015,853.593,304.106,123.705,123.171
2018-02-09 21:00:00,747.039,835.227,186.765,161.487,801.762,288.07,113.672,112.797
2018-02-09 22:00:00,662.385,763.057,166.677,149.065,732.014,262.144,110.956,105.971
2018-02-09 23:00:00,589.485,668.081,150.507,132.424,659.73,234.282,98.119,98.077
2018-02-10 00:00:00,521.111,610.079,142.385,126.034,620.472,219.174,88.63,90.166
2018-02-10 01:00:00,482.247,585.828,128.356,119.792,593.787,204.859,78.6,85.383
2018-02-10 02:00:00,467.036,571.603,124.404,117.515,583.274,206.182,76.716,81.917
2018-02-10 03:00:00,466.225,566.014,122.466,115.765,579.829,205.611,78.029,81.702
2018-02-10 04:00:00,467.993,571.206,120.698,114.914,579.291,210.168,77.599,80.028
2018-02-10 05:00:00,474.137,581.491,123.474,116.916,591.69,214.84,77.813,80.815
2018-02-10 06:00:00,533.614,626.148,131.504,136.306,642.751,234.9,87.204,87.406
2018-02-10 07:00:00,581.109,645.813,137.184,141.092,673.583,255.257,95.533,92.821
2018-02-10 08:00:00,626.444,694.798,147.531,149.33,710.872,259.119,101.508,98.307
2018-02-10 09:00:00,640.29,715.562,154.934,149.747,718.893,250.748,100.947,92.943
2018-02-10 10:00:00,644.051,723.658,149.55,141.74,700.76,230.33,103.701,92.945
2018-02-10 11:00:00,622.739,713.891,142.132,135.393,648.137,210.295,94.589,84.867
2018-02-10 12:00:00,616.588,702.068,133.99,128.444,631.107,210.019,90.859,83.214
2018-02-10 13:00:00,590.737,699.426,138.965,121.418,595.321,210.527,93.295,81.991
2018-02-10 14:00:00,585.234,669.048,141.064,119.09,587.901,205.159,85.435,81.589
2018-02-10 15:00:00,606.321,672.835,135.593,125.869,605.287,202.571,89.004,79.21
2018-02-10 16:00:00,622.426,708.597,144.89,132.361,639.279,214.449,96.784,84.967
2018-02-10 17:00:00,682.224,774.188,155.234,135.558,681.178,228.532,104.49,90.754
2018-02-10 18:00:00,720.228,807.687,162.779,138.877,707.32,242.161,110.115,93.668
2018-02-10 19:00:00,723.251,799.743,158.553,147.097,710.669,243.884,108.244,97.917
2018-02-10 20:00:00,711.79,779.175,156.721,145.65,711.244,243.991,109.429,99.919
2018-02-10 21:00:00,647.588,725.137,148.69,131.769,660.048,224.43,94.323,88.857
2018-02-10 22:00:00,584.013,630.914,127.188,113.127,580.054,201.845,80.057,80.625
2018-02-10 23:00:00,492.658,538.044,107.258,92.16,494.632,170.141,74.396,69.518
2018-02-11 00:00:00,436.06,486.219,95.507,80.888,435.68,156.086,64.659,61.986
2018-02-11 01:00:00,406.188,470.271,88.022,78.66,415.204,144.288,58.411,58.469
2018-02-11 02:00:00,408.005,460.614,88.457,84.022,427.174,140.851,56.598,55.769
2018-02-11 03:00:00,403.682,459.729,92.221,81.25,410.855,142.329,58.418,55.791
2018-02-11 04:00:00,412.755,469.037,90.315,77.871,404.315,153.951,58.914,57.926
2018-02-11 05:00:00,434.258,489.387,94.423,85.318,431.379,163.667,63.127,61.307
2018-02-11 06:00:00,492.048,531.562,107.145,104.849,487.665,184.51,73.607,71.363
2018-02-11 07:00:00,504.998,551.045,116.548,107.913,505.559,197.515,76.577,77.307
2018-02-11 08:00:00,577.558,622.829,134.746,122.556,565.489,222.242,89.527,85.645
2018-02-11 09:00:00,616.592,677.137,143.449,128.799,605.961,237.689,93.891,88.428
2018-02-11 10:00:00,611.069,681.153,146.523,132.149,603.067,238.213,99.208,92.307
2018-02-11 11:00:00,618.263,698.178,139.645,125.028,606.921,233.589,107.216,94.053
2018-02-11 12:00:00,586.067,698.809,138.401,120.069,606.685,226.141,103.499,85.544
2018-02-11 13:00:00,563.776,688.887,130.787,117.172,593.018,218.429,96.946,89.063
2018-02-11 14:00:00,544.297,674.733,130.292,112.995,573.001,214.449,96.233,81.35
2018-02-11 15:00:00,555.79,666.307,130.966,118.372,574.903,212.849,91.285,78.951
2018-02-11 16:00:00,568.755,691.656,130.497,119.706,606.292,207.368,89.5,80.692
2018-02-11 17:00:00,592.383,747.597,137.436,133.681,637.509,219.969,96.005,89.674
2018-02-11 18:00:00,627.531,784.986,145.615,126.241,642.927,232.014,101.206,97.464
2018-02-11 19:00:00,632.505,770.327,148.366,128.927,656.359,227.636,100.87,98.569
2018-02-11 20:00:00,611.134,751.563,137.495,126.912,643.667,215.174,99.903,88.273
2018-02-11 21:00:00,558.715,688.451,129.082,117.097,609.277,201.176,85.414,83.62
2018-02-11 22:00:00,498.141,631.999,117.774,107.43,563.092,185.837,72.469,72.015
2018-02-11 23:00:00,414.715,548.049,92.802,86.266,454.079,155.264,60.941,59.085
2018-02-12 00:00:00,368.545,513.854,83.745,75.175,402.895,129.578,53.566,52.486
2018-02-12 01:00:00,331.261,496.631,80.51,77.086,403.274,116.504,47.635,48.255
2018-02-12 02:00:00,317.839,487.765,78.479,69.114,368.304,109.072,45.452,45.593
2018-02-12 03:00:00,317.53,489.158,73.856,66.49,352.869,104.95,45.451,43.65
2018-02-12 04:00:00,341.632,507.172,77.636,66.506,356.72,114.289,49.011,46.448
2018-02-12 05:00:00,398.464,552.881,92.529,80.927,421.565,140.242,60.336,57.271
2018-02-12 06:00:00,528.695,667.175,125.53,109.392,532.436,184.907,76.837,73.086
2018-02-12 07:00:00,606.737,742.889,149.924,128.959,630.817,217.103,94.652,87.902
2018-02-12 08:00:00,674.605,816.93,157.134,137.808,696.986,238.306,97.521,97.128
2018-02-12 09:00:00,729.075,853.36,165.599,147.041,740.444,250.874,102.816,98.777
2018-02-12 10:00:00,767.878,865.427,174.521,158.488,763.317,266.989,110.119,106.763
2018-02-12 11:00:00,771.728,889.5,185.237,161.808,788.456,260.519,110.834,103.364
2018-02-12 12:00:00,755.587,871.732,181.475,159.084,795.172,256.27,113.13,106.19
2018-02-12 13:00:00,725.399,841.43,172.038,154.19,758.904,250.91,112.113,102.694
2018-02-12 14:00:00,659.305,791.426,157.56,135.277,695.635,239.01,103.786,89.128
2018-02-12 15:00:00,639.767,770.539,147.453,124.529,645.515,227.335,98.132,84.265
2018-02-12 16:00:00,635.739,772.272,153.233,130.838,661.092,226.736,97.525,91.167
2018-02-12 17:00:00,692.292,857.775,168.933,143.745,723.27,257.645,110.151,101.886
2018-02-12 18:00:00,739.556,888.573,182.32,154.892,769.344,280.913,120.53,112.678
2018-02-12 19:00:00,777.071,885.91,187.363,160.582,783.941,284.621,123.942,111.758
2018-02-12 20:00:00,763.551,872.46,192.054,155.083,763.999,284.122,117.5,109.328
2018-02-12 21:00:00,702.352,845.697,179.859,147.529,731.429,270.853,109.008,108.632
2018-02-12 22:00:00,650.981,788.465,173.054,136.486,695.194,257.848,106.248,99.097
2018-02-12 23:00:00,590.281,712.307,158.699,133.335,650.232,229.98,92.527,88.791
2018-02-13 00:00:00,547.871,663.14,150.536,117.384,600.069,218.199,85.466,85.587
2018-02-13 01:00:00,537.36,612.088,149.26,115.148,582.722,214.237,80.873,80.9
2018-02-13 02:00:00,539.876,605.023,148.433,120.728,597.979,204.612,78.434,78.728
2018-02-13 03:00:00,554.189,614.778,154.678,121.577,596.784,205.849,80.326,77.73
2018-02-13 04:00:00,578.849,644.386,158.616,129.8,616.685,227.227,86.911,85.2
2018-02-13 05:00:00,641.872,696.558,165.636,141.064,670.649,246.193,96.468,93.946
2018-02-13 06:00:00,765.857,812.02,193.641,166.864,768.246,273.928,112.504,105.168
2018-02-13 07:00:00,830.16,867.212,212.056,176.878,812.898,302.762,125.081,115.907
2018-02-13 08:00:00,851.526,906.627,213.514,179.256,825.091,305.319,122.265,118.585
2018-02-13 09:00:00,842.641,897.437,200.689,176.72,806.495,282.318,118.074,118.926
2018-02-13 10:00:00,814.759,877.822,186.237,171.08,800.022,276.855,120.147,117.119
2018-02-13 11:00:00,757.037,853.211,181.361,154.602,776.829,268.982,114.729,111.553
2018-02-13 12:00:00,738.267,824.455,171.945,146.228,747.087,246.37,107.013,100.605
2018-02-13 13:00:00,690.726,782.428,160.069,134.599,690.832,227.235,103.71,90.41
2018-02-13 14:00:00,638.992,754.344,148.788,123.504,625.963,215.718,98.778,81.426
2018-02-13 15:00:00,628.209,734.452,142.652,126.998,626.301,224.369,88.672,82.878
2018-02-13 16:00:00,663.064,740.723,153.115,137.501,677.095,231.52,94.593,92.987
2018-02-13 17:00:00,737.106,824.053,182.27,150.807,770.369,265.472,117.656,102.414
2018-02-13 18:00:00,801.081,872.079,193.902,161.093,807.31,291.293,121.019,109.143
2018-02-13 19:00:00,818.575,894.532,191.142,164.362,804.119,296.638,121.479,113.734
2018-02-13 20:00:00,791.768,869.263,191.577,163.316,800.824,294.324,118.409,114.682
2018-02-13 21:00:00,729.427,805.606,186.539,157.712,769.963,284.701,111.33,108.187
2018-02-13 22:00:00,652.015,738.242,164.27,137.317,704.051,257.406,103.971,99.473
2018-02-13 23:00:00,568.765,671.154,150.041,124.17,622.912,241.855,96.362,95.595
2018-02-14 00:00:00,517.178,614.302,140.411,113.078,567.889,218.782,88.909,88.957
2018-02-14 01:00:00,495.415,582.568,128.217,107.863,540.567,204.839,81.091,78.725
2018-02-14 02:00:00,489.95,573.488,123.611,110.654,536.652,199.139,78.336,76.1
2018-02-14 03:00:00,478.804,569.387,128.017,108.153,532.296,195.926,78.847,74.761
2018-02-14 04:00:00,492.553,589.176,133.008,107.762,533.991,200.725,78.884,76.033
2018-02-14 05:00:00,533.029,629.812,137.906,113.952,568.265,215.205,86.9,81.708
2018-02-14 06:00:00,650.808,721.358,157.089,141.593,653.602,246.697,102.882,96.288
2018-02-14 07:00:00,702.073,770.252,172.184,151.477,718.885,271.7,111.754,103.627
2018-02-14 08:00:00,735.559,821.219,171.272,154.035,766.604,276.356,110.324,106.728
2018-02-14 09:00:00,743.202,848.504,172.805,157.157,776.391,272.784,112.809,113.397
2018-02-14 10:00:00,757.657,842.655,173.801,157.054,772.246,278.603,115.759,110.67
2018-02-14 11:00:00,723.949,837.029,170.479,157.015,763.397,259.033,112.051,105.634
2018-02-14 12:00:00,706.409,809.633,157.767,141.299,716.8,245.431,107.271,100.293
2018-02-14 13:00:00,672.244,748.54,144.422,124.066,639.343,221.812,98.005,89.741
2018-02-14 14:00:00,644.012,707.316,135.004,111.07,576.574,200.234,91.44,81.322
2018-02-14 15:00:00,628.405,686.806,133.482,112.741,556.133,196.849,86.837,75.334
2018-02-14 16:00:00,613.509,705.298,140.996,112.274,579.613,202.602,88.543,74.665
2018-02-14 17:00:00,649.076,742.91,151.015,120.781,625.313,225.771,99.116,87.678
2018-02-14 18:00:00,705.573,786.335,159.815,132.193,692.448,243.982,102.468,96.54
2018-02-14 19:00:00,727.575,782.078,158.546,137.725,696.16,252.187,103.583,98.962
2018-02-14 20:00:00,727.57,783.352,161.786,138.204,688.204,247.662,108.958,101.31
2018-02-14 21:00:00,683.618,729.201,146.977,137.82,653.377,228.523,103.087,98.835
2018-02-14 22:00:00,599.858,646.737,130.127,120.699,594.257,221.561,94.494,94.525
2018-02-14 23:00:00,502.47,570.812,108.644,106.244,523.424,200.054,82.162,82.458
2018-02-15 00:00:00,431.624,521.014,96.624,95.094,469.152,184.929,75.456,75.621
2018-02-15 01:00:00,405.268,492.984,92.843,87.373,443.108,171.641,67.362,68.264
2018-02-15 02:00:00,395.319,480.534,94.311,87.461,442.021,165.402,64.65,64.936
2018-02-15 03:00:00,392.793,482.312,98.028,85.097,439.033,165.594,67.109,63.214
2018-02-15 04:00:00,406.211,501.479,100.658,87.14,442.184,170.824,65.239,63.25
2018-02-15 05:00:00,440.282,541.624,103.68,94.02,470.841,172.017,69.069,69.464
2018-02-15 06:00:00,537.178,633.735,123.054,115.08,550.885,210.704,91.251,82.625
2018-02-15 07:00:00,603.797,688.485,139.784,124.638,605.662,230.669,99.64,90.959
2018-02-15 08:00:00,652.608,743.137,145.528,131.807,634.414,248.365,102.343,102.404
2018-02-15 09:00:00,669.083,781.335,154.577,138.761,671.022,239.694,99.427,100.326
2018-02-15 10:00:00,673.769,780.323,152.497,137.826,689.642,238.014,99.002,95.535
2018-02-15 11:00:00,660.769,784.85,154.616,137.789,709.521,231.285,103.583,95.599
2018-02-15 12:00:00,631.875,771.951,143.198,135.772,689.422,224.23,98.54,99.824
2018-02-15 13:00:00,598.096,751.721,138.191,124.551,647.093,215.086,99.632,94.093
2018-02-15 14:00:00,563.122,721.647,130.284,123.675,612.527,212.044,90.293,86.979
2018-02-15 15:00:00,543.602,694.045,124.803,118.796,589.137,208.345,88.57,84.274
2018-02-15 16:00:00,555.549,710.531,135.912,123.572,603.179,215.312,94.139,88.864
2018-02-15 17:00:00,612.118,745.638,144.344,131.258,645.254,238.977,95.902,93.619
2018-02-15 18:00:00,665.38,781.545,151.487,135.407,691.052,258.47,107.822,99.369
2018-02-15 19:00:00,682.052,786.231,152.435,141.669,695.945,265.051,111.084,96.526
2018-02-15 20:00:00,656.781,757.761,143.95,137.559,675.913,260.538,107.619,101.647
2018-02-15 21:00:00,581.7,689.003,135.498,125.649,620.19,239.913,97.448,98.183
2018-02-15 22:00:00,493.761,601.8,117.217,110.63,550.958,213.466,94.069,86.901
2018-02-15 23:00:00,413.04,506.712,96.012,95.132,463.468,186.977,77.627,80.188
2018-02-16 00:00:00,359.923,457.442,81.564,87.569,422.922,167.286,68.962,70.623
2018-02-16 01:00:00,327.323,433.188,76.274,74.108,385.891,151.592,60.816,65.127
2018-02-16 02:00:00,318.861,420.394,72.856,73.43,380.662,146.948,58.297,59.071
2018-02-16 03:00:00,317.152,421.454,76.098,70.607,379.145,143.704,58.041,57.49
2018-02-16 04:00:00,328.472,448.597,80.162,72.343,385.542,148.619,59.274,60.637
2018-02-16 05:00:00,370.73,492.442,88.163,79.36,419.199,157.795,65.318,63.738
2018-02-16 06:00:00,472.958,582.894,107.909,100.099,502.623,185.509,78.0,76.535
2018-02-16 07:00:00,548.509,646.416,127.56,110.958,562.374,218.378,91.409,86.917
2018-02-16 08:00:00,606.841,714.119,139.939,116.074,606.453,226.002,92.973,95.363
2018-02-16 09:00:00,623.012,753.449,149.133,120.297,645.584,223.562,101.938,95.103
2018-02-16 10:00:00,633.033,763.669,142.562,125.546,632.993,224.612,106.865,94.278
2018-02-16 11:00:00,636.2,753.538,139.637,122.444,631.346,217.159,99.21,96.192
2018-02-16 12:00:00,630.981,753.248,132.878,122.218,625.135,213.905,94.993,89.947
2018-02-16 13:00:00,597.17,743.776,127.8,117.592,599.816,200.846,93.315,83.432
2018-02-16 14:00:00,579.208,718.512,124.421,115.67,568.496,193.718,92.365,78.408
2018-02-16 15:00:00,578.213,722.198,127.488,109.786,570.728,200.602,90.654,80.716
2018-02-16 16:00:00,601.584,755.317,139.595,115.542,600.183,222.421,96.71,85.283
2018-02-16 17:00:00,664.78,796.358,155.848,129.86,674.973,250.398,108.094,94.055
2018-02-16 18:00:00,711.5,852.222,166.235,142.878,744.574,271.801,117.042,97.757
2018-02-16 19:00:00,727.995,871.668,178.251,145.932,744.16,272.91,112.355,101.908
2018-02-16 20:00:00,705.412,831.565,177.057,142.983,735.024,259.566,110.205,101.691
2018-02-16 21:00:00,652.385,741.798,166.095,137.172,707.082,242.626,101.18,98.603
2018-02-16 22:00:00,595.213,685.836,152.607,127.372,645.286,222.716,93.692,95.924
2018-02-16 23:00:00,536.573,619.564,133.161,113.935,580.446,201.356,82.554,88.405
2018-02-17 00:00:00,493.341,573.891,122.384,100.412,514.943,183.479,74.688,76.494
2018-02-17 01:00:00,474.035,536.969,118.199,93.513,482.896,177.748,71.577,72.771
2018-02-17 02:00:00,479.747,543.815,118.792,97.208,499.941,178.886,68.606,70.878
2018-02-17 03:00:00,496.553,556.04,125.077,99.161,503.207,179.749,70.487,72.467
2018-02-17 04:00:00,507.118,575.729,132.11,102.687,525.632,195.095,73.686,78.078
2018-02-17 05:00:00,529.452,601.441,142.877,111.514,567.773,211.862,78.349,79.878
2018-02-17 06:00:00,596.284,649.969,158.868,130.874,612.743,239.841,89.837,90.221
2018-02-17 07:00:00,640.293,687.781,161.783,137.051,641.534,261.537,96.329,100.322
2018-02-17 08:00:00,693.346,725.349,167.678,144.375,677.707,254.519,98.633,108.683
2018-02-17 09:00:00,687.068,731.696,166.32,146.53,675.115,250.395,105.095,105.339
2018-02-17 10:00:00,670.146,718.278,157.739,141.98,664.875,239.897,106.874,103.418
2018-02-17 11:00:00,647.738,716.724,151.184,131.077,656.845,226.03,104.419,91.87
2018-02-17 12:00:00,646.043,721.379,152.249,126.139,631.308,222.326,98.906,88.859
2018-02-17 13:00:00,645.483,695.619,146.952,124.622,608.875,209.298,89.952,87.132
2018-02-17 14:00:00,653.526,689.497,147.663,132.663,643.536,210.562,87.959,82.524
2018-02-17 15:00:00,683.411,715.654,156.935,127.769,646.786,232.733,100.632,91.257
2018-02-17 16:00:00,708.486,760.616,163.513,135.559,685.526,259.613,105.943,101.963
2018-02-17 17:00:00,745.978,827.054,180.326,147.215,739.774,276.587,114.17,106.963
2018-02-17 18:00:00,795.316,870.936,192.035,156.509,777.469,285.479,115.397,114.068
2018-02-17 19:00:00,798.004,884.126,197.106,168.307,799.694,285.504,120.913,120.184
2018-02-17 20:00:00,778.966,856.257,195.413,171.341,786.9,291.132,120.189,119.484
2018-02-17 21:00:00,722.694,812.306,177.315,151.514,745.544,270.324,112.114,112.788
2018-02-17 22:00:00,642.847,733.647,158.147,135.649,672.016,242.356,96.563,98.965
2018-02-17 23:00:00,565.86,643.758,138.053,120.96,603.336,217.324,85.069,88.26
2018-02-18 00:00:00,501.39,597.621,129.985,108.301,546.425,204.613,77.462,82.138
2018-02-18 01:00:00,470.004,563.295,124.067,101.465,517.908,186.235,71.757,73.781
2018-02-18 02:00:00,469.307,556.018,121.333,103.325,518.041,181.464,68.443,71.539
2018-02-18 03:00:00,468.497,542.31,125.041,103.627,516.287,179.535,69.003,69.809
2018-02-18 04:00:00,477.439,545.419,125.564,106.284,529.412,189.82,69.467,69.295
2018-02-18 05:00:00,509.553,561.463,132.863,110.003,554.553,197.961,73.7,72.444
2018-02-18 06:00:00,573.469,612.448,147.433,129.363,601.415,230.168,86.812,83.839
2018-02-18 07:00:00,578.814,630.87,154.592,132.059,609.605,240.755,89.064,89.671
2018-02-18 08:00:00,616.974,680.129,159.506,134.289,619.708,246.177,97.107,96.211
2018-02-18 09:00:00,648.835,677.804,165.037,144.713,670.345,243.721,102.572,94.376
2018-02-18 10:00:00,619.367,680.209,164.302,139.531,659.694,244.104,101.769,91.922
2018-02-18 11:00:00,594.898,674.612,155.155,128.277,646.777,231.882,98.785,83.126
2018-02-18 12:00:00,594.247,636.032,145.232,129.402,606.657,221.266,96.963,84.265
2018-02-18 13:00:00,563.484,637.962,142.084,121.057,571.444,208.413,94.246,84.596
2018-02-18 14:00:00,523.799,638.906,131.878,109.854,534.746,205.819,91.244,80.426
2018-02-18 15:00:00,527.921,648.773,129.053,115.559,527.626,197.069,85.59,77.135
2018-02-18 16:00:00,556.065,655.318,130.392,116.341,554.809,213.292,89.143,82.248
2018-02-18 17:00:00,623.341,725.944,152.336,127.926,608.408,235.102,99.275,86.171
2018-02-18 18:00:00,679.582,774.187,167.704,137.853,683.534,256.821,107.051,99.633
2018-02-18 19:00:00,717.227,786.398,175.013,149.786,729.698,260.534,110.395,107.764
2018-02-18 20:00:00,732.955,783.918,173.557,155.656,745.042,267.778,117.545,108.058
2018-02-18 21:00:00,691.438,761.908,161.889,151.201,723.554,261.462,112.055,105.722
2018-02-18 22:00:00,644.332,701.078,144.277,146.688,674.254,248.685,99.961,98.382
2018-02-18 23:00:00,568.927,633.419,132.702,131.633,620.865,230.974,91.496,95.4
2018-02-19 00:00:00,549.5,606.038,127.528,124.889,614.871,218.294,88.92,89.893
2018-02-19 01:00:00,541.32,598.748,120.212,121.765,604.102,213.237,80.416,82.08
2018-02-19 02:00:00,545.689,597.799,122.783,123.891,603.92,216.213,81.284,84.527
2018-02-19 03:00:00,548.678,608.199,127.885,128.122,622.132,218.683,83.721,84.809
2018-02-19 04:00:00,550.935,637.56,131.536,132.044,637.417,229.938,86.79,86.963
2018-02-19 05:00:00,570.097,706.061,137.231,143.761,682.54,249.433,94.622,94.265
2018-02-19 06:00:00,683.444,817.082,159.404,170.4,781.913,282.849,113.308,109.838
2018-02-19 07:00:00,740.325,861.94,171.585,178.286,816.913,306.091,121.691,117.742
2018-02-19 08:00:00,746.343,864.18,167.182,165.092,783.856,293.378,118.542,117.996
2018-02-19 09:00:00,710.927,811.293,155.157,149.017,708.347,261.722,113.058,109.383
2018-02-19 10:00:00,693.252,790.794,154.32,143.199,686.508,230.557,103.456,100.668
2018-02-19 11:00:00,680.953,786.072,151.984,136.551,687.515,218.462,102.811,98.052
2018-02-19 12:00:00,668.896,779.639,146.466,132.794,684.75,214.858,100.812,91.714
2018-02-19 13:00:00,636.009,738.115,139.258,120.56,624.807,199.327,90.533,84.733
2018-02-19 14:00:00,603.232,711.337,135.094,112.91,587.618,194.722,87.268,77.96
2018-02-19 15:00:00,591.739,701.444,130.706,111.138,576.752,197.315,91.631,80.762
2018-02-19 16:00:00,609.717,717.101,135.481,121.691,590.831,206.672,93.903,78.624
2018-02-19 17:00:00,652.259,770.112,157.544,131.065,651.294,238.271,104.566,90.239
2018-02-19 18:00:00,694.924,803.611,164.085,137.541,695.339,250.646,109.637,96.417
2018-02-19 19:00:00,702.232,794.428,164.308,139.998,703.108,244.06,108.937,97.139
2018-02-19 20:00:00,688.801,765.595,155.224,133.365,679.014,236.122,99.957,89.11
2018-02-19 21:00:00,614.546,691.856,145.689,118.197,621.039,219.147,88.432,85.766
2018-02-19 22:00:00,536.289,617.583,120.319,109.173,543.113,198.004,80.449,80.02
2018-02-19 23:00:00,452.628,532.727,103.704,92.057,462.664,165.97,72.872,72.529
2018-02-20 00:00:00,400.188,472.474,94.943,78.317,414.827,136.975,62.865,60.97
2018-02-20 01:00:00,372.484,440.203,86.136,74.446,384.738,123.888,53.43,50.932
2018-02-20 02:00:00,367.862,431.465,84.098,73.068,383.134,116.58,49.811,48.468
2018-02-20 03:00:00,372.226,438.85,86.551,72.608,382.942,116.277,47.863,46.969
2018-02-20 04:00:00,387.254,457.328,88.778,75.717,390.053,123.062,50.804,49.416
2018-02-20 05:00:00,423.333,499.044,93.316,82.177,416.747,135.244,58.172,53.328
2018-02-20 06:00:00,525.296,595.85,115.289,100.097,496.466,160.832,72.165,65.379
2018-02-20 07:00:00,588.59,648.201,137.385,110.808,558.567,183.218,86.325,75.686
2018-02-20 08:00:00,640.672,701.15,136.009,118.204,594.646,198.071,92.87,81.498
2018-02-20 09:00:00,667.277,722.738,135.057,119.009,602.843,195.291,92.325,85.014
2018-02-20 10:00:00,668.426,726.653,136.8,116.707,604.172,199.727,89.788,84.06
2018-02-20 11:00:00,638.751,742.496,133.797,111.99,610.457,194.677,86.841,82.528
2018-02-20 12:00:00,610.813,727.805,127.074,113.817,595.044,189.834,80.759,80.856
2018-02-20 13:00:00,581.834,694.707,122.539,105.244,552.871,179.901,75.88,74.948
2018-02-20 14:00:00,551.943,681.712,114.134,103.186,524.835,171.31,79.183,71.749
2018-02-20 15:00:00,546.009,678.321,113.995,103.476,508.605,169.792,79.255,67.689
2018-02-20 16:00:00,556.859,680.435,119.787,105.48,513.883,179.495,80.925,70.302
2018-02-20 17:00:00,593.003,704.386,130.251,111.872,556.028,194.822,87.466,76.104
2018-02-20 18:00:00,613.442,733.688,136.819,120.309,602.666,209.572,92.694,82.116
2018-02-20 19:00:00,635.9,706.356,139.208,121.097,621.9,213.889,96.592,83.731
2018-02-20 20:00:00,615.381,680.896,134.799,115.646,600.678,206.786,94.547,81.627
2018-02-20 21:00:00,578.599,626.899,121.902,105.819,543.843,188.979,85.169,77.15
2018-02-20 22:00:00,495.833,550.762,103.725,92.814,482.833,161.7,73.903,68.055
2018-02-20 23:00:00,390.208,459.226,83.984,78.059,406.824,138.681,58.177,57.664
2018-02-21 00:00:00,339.523,407.342,74.325,67.716,366.872,123.105,53.799,52.952
2018-02-21 01:00:00,309.874,385.898,71.209,63.573,342.97,117.68,49.848,51.474
2018-02-21 02:00:00,297.491,378.932,65.705,64.778,337.299,115.089,46.927,49.998
2018-02-21 03:00:00,297.836,384.348,65.118,64.994,336.022,115.182,47.228,47.077
2018-02-21 04:00:00,315.068,408.029,68.03,64.769,346.401,122.367,49.005,47.779
2018-02-21 05:00:00,354.042,452.889,77.752,70.898,377.878,130.561,53.433,50.94
2018-02-21 06:00:00,441.588,542.504,98.257,86.06,442.507,155.422,68.586,59.949
2018-02-21 07:00:00,507.961,605.415,109.155,106.86,504.944,168.512,70.764,71.193
2018-02-21 08:00:00,561.712,665.531,119.85,106.922,545.059,187.082,72.682,76.205
2018-02-21 09:00:00,586.154,692.257,124.292,112.135,585.674,194.77,75.251,75.6
2018-02-21 10:00:00,601.841,721.025,123.459,116.788,593.701,197.844,80.479,80.261
2018-02-21 11:00:00,606.956,738.909,121.657,117.391,590.028,191.416,84.474,84.125
2018-02-21 12:00:00,627.837,787.425,125.769,116.231,586.489,184.664,83.067,78.475
2018-02-21 13:00:00,658.022,799.582,129.315,113.28,554.981,183.222,77.409,75.476
2018-02-21 14:00:00,679.304,807.058,130.436,107.736,554.692,181.958,76.872,76.184
2018-02-21 15:00:00,713.317,801.334,132.758,110.897,563.376,186.602,85.605,74.975
2018-02-21 16:00:00,722.642,806.754,137.485,110.09,578.271,190.781,92.144,77.119
2018-02-21 17:00:00,731.028,806.551,145.471,114.237,602.208,199.519,91.733,84.008
2018-02-21 18:00:00,730.841,772.245,153.808,120.017,629.493,217.376,97.98,88.765
2018-02-21 19:00:00,689.952,737.926,141.15,118.439,617.47,214.316,96.237,84.565
2018-02-21 20:00:00,611.919,688.262,131.836,112.377,587.912,207.332,91.533,78.233
2018-02-21 21:00:00,560.951,624.064,119.921,105.296,544.393,188.48,82.997,73.523
2018-02-21 22:00:00,475.003,535.878,104.749,87.973,468.301,157.621,69.049,68.091
2018-02-21 23:00:00,389.662,448.998,85.783,74.561,391.838,126.675,57.384,55.706
2018-02-22 00:00:00,340.775,407.195,74.076,64.164,339.115,112.647,48.038,47.576
2018-02-22 01:00:00,325.173,385.624,72.759,59.348,317.216,99.332,42.161,42.518
2018-02-22 02:00:00,320.622,380.551,72.997,60.099,314.605,97.901,38.641,41.232
2018-02-22 03:00:00,321.271,387.446,75.909,59.58,316.221,101.733,42.039,42.615
2018-02-22 04:00:00,339.808,412.895,78.399,65.006,333.122,106.241,44.416,43.989
2018-02-22 05:00:00,387.436,474.761,85.917,72.73,374.028,122.037,52.546,50.498
2018-02-22 06:00:00,482.306,566.942,104.625,91.245,455.631,149.512,69.552,63.737
2018-02-22 07:00:00,564.905,635.775,121.031,107.575,532.648,179.17,79.211,75.521
2018-02-22 08:00:00,623.986,706.38,138.327,122.877,594.231,198.322,84.746,82.024
2018-02-22 09:00:00,670.133,752.385,147.088,123.771,638.433,211.112,86.579,85.848
2018-02-22 10:00:00,677.969,787.385,155.477,138.448,661.164,227.271,90.626,92.217
2018-02-22 11:00:00,685.41,792.009,154.107,134.606,670.182,220.462,97.297,100.064
2018-02-22 12:00:00,679.63,798.643,149.945,136.391,684.382,219.082,96.854,91.978
2018-02-22 13:00:00,668.618,788.379,151.079,133.283,670.407,218.649,94.918,94.122
2018-02-22 14:00:00,658.113,789.955,149.062,130.546,656.695,222.547,92.847,87.34
2018-02-22 15:00:00,666.743,786.099,155.769,138.822,664.43,230.725,92.208,88.885
2018-02-22 16:00:00,686.005,808.195,164.885,149.334,723.543,244.838,97.528,94.265
2018-02-22 17:00:00,721.678,858.216,178.376,157.231,771.522,279.277,111.87,107.075
2018-02-22 18:00:00,770.661,870.599,189.023,157.322,802.04,290.733,116.972,109.846
2018-02-22 19:00:00,774.668,862.238,188.946,162.083,795.614,279.062,115.068,107.835
2018-02-22 20:00:00,752.861,837.81,185.845,156.209,767.962,278.093,112.111,107.436
2018-02-22 21:00:00,688.867,799.095,174.659,141.949,731.201,255.181,108.219,103.137
2018-02-22 22:00:00,610.338,713.539,151.72,128.289,658.4,226.044,100.108,94.659
2018-02-22 23:00:00,525.174,626.654,133.251,117.201,581.178,200.083,82.836,83.529
2018-02-23 00:00:00,477.025,574.708,124.629,104.876,531.638,182.367,76.652,73.024
2018-02-23 01:00:00,451.87,539.331,119.209,99.598,499.525,168.301,68.753,66.478
2018-02-23 02:00:00,453.932,536.48,117.321,99.221,494.199,163.797,65.707,64.403
2018-02-23 03:00:00,457.825,541.772,122.381,100.006,498.514,165.77,66.192,64.085
2018-02-23 04:00:00,474.278,557.111,125.417,102.658,509.743,178.5,69.696,68.359
2018-02-23 05:00:00,516.21,616.122,132.477,110.589,544.923,193.206,76.894,75.508
2018-02-23 06:00:00,621.299,725.657,150.995,133.829,629.218,223.597,94.876,92.547
2018-02-23 07:00:00,693.534,787.475,167.977,144.25,686.785,252.501,104.673,102.466
2018-02-23 08:00:00,747.237,838.261,168.581,150.904,715.905,257.828,108.028,103.594
2018-02-23 09:00:00,766.505,850.96,170.799,152.806,731.813,258.231,106.441,102.075
2018-02-23 10:00:00,765.379,845.226,171.389,152.325,747.7,260.169,111.652,106.843
2018-02-23 11:00:00,774.002,859.469,178.373,149.972,751.519,257.791,113.973,108.808
2018-02-23 12:00:00,763.391,855.85,180.083,150.149,758.732,251.066,112.318,102.426
2018-02-23 13:00:00,738.498,831.212,170.87,146.678,733.358,247.209,105.085,101.675
2018-02-23 14:00:00,718.075,799.942,164.198,141.94,707.648,241.172,98.428,93.879
2018-02-23 15:00:00,704.518,781.191,164.231,142.373,708.182,244.853,102.008,94.11
2018-02-23 16:00:00,715.323,790.726,172.871,142.467,719.699,250.864,106.27,92.378
2018-02-23 17:00:00,754.518,845.69,181.454,149.203,756.098,271.099,113.394,97.001
2018-02-23 18:00:00,780.121,880.324,186.586,157.332,781.0,284.413,116.695,105.258
2018-02-23 19:00:00,766.075,868.884,187.655,157.974,774.65,282.154,116.22,104.65
2018-02-23 20:00:00,744.339,834.08,177.366,149.621,752.051,279.063,111.167,108.621
2018-02-23 21:00:00,684.293,756.598,165.238,138.944,706.985,251.993,101.951,104.051
2018-02-23 22:00:00,606.09,674.828,144.818,123.498,639.885,232.202,96.228,90.071
2018-02-23 23:00:00,521.24,595.308,124.057,110.93,559.468,198.744,84.515,79.648
2018-02-24 00:00:00,467.838,538.85,113.545,98.504,505.07,180.944,77.367,72.999
2018-02-24 01:00:00,438.083,505.415,108.052,90.508,463.38,161.038,63.896,66.903
2018-02-24 02:00:00,426.931,491.414,106.193,88.817,460.193,151.46,59.052,62.267
2018-02-24 03:00:00,429.38,487.826,106.63,88.312,460.176,146.377,59.694,60.969
2018-02-24 04:00:00,430.305,499.2,108.412,91.08,471.017,151.804,59.466,60.787
2018-02-24 05:00:00,442.35,515.122,109.84,93.785,483.236,161.654,62.349,62.611
2018-02-24 06:00:00,500.75,556.044,121.315,110.592,538.298,189.44,73.078,69.883
2018-02-24 07:00:00,543.134,575.04,126.448,121.139,572.452,207.635,81.877,77.458
2018-02-24 08:00:00,566.985,612.379,133.29,120.125,577.781,204.401,83.132,78.004
2018-02-24 09:00:00,568.745,632.627,136.621,116.119,564.608,197.84,89.599,76.229
2018-02-24 10:00:00,573.405,638.214,138.298,109.147,559.783,195.371,94.557,79.862
2018-02-24 11:00:00,553.518,628.923,127.791,107.152,543.956,185.362,86.334,72.695
2018-02-24 12:00:00,566.891,636.977,121.339,106.159,538.924,183.811,83.823,71.125
2018-02-24 13:00:00,551.899,636.672,114.834,107.798,522.375,182.293,82.527,73.888
2018-02-24 14:00:00,545.823,621.87,122.767,101.551,506.301,181.942,81.899,70.82
2018-02-24 15:00:00,560.718,630.782,121.12,105.723,515.354,187.148,77.24,76.229
2018-02-24 16:00:00,591.212,654.218,127.686,112.005,561.321,195.329,93.54,82.96
2018-02-24 17:00:00,629.506,713.984,142.127,122.934,612.566,217.324,105.502,85.055
2018-02-24 18:00:00,691.269,768.572,156.804,134.099,663.719,237.597,108.544,94.954
2018-02-24 19:00:00,700.672,775.624,170.161,133.676,681.919,235.987,105.465,99.057
2018-02-24 20:00:00,694.537,745.907,167.725,136.948,670.333,232.719,103.806,97.144
2018-02-24 21:00:00,643.36,698.523,147.122,126.886,620.786,214.304,91.021,95.04
2018-02-24 22:00:00,559.425,621.134,128.039,106.144,564.072,194.697,79.28,85.701
2018-02-24 23:00:00,481.92,548.38,110.633,91.003,478.42,173.204,67.679,73.232
2018-02-25 00:00:00,422.531,483.934,100.067,82.146,427.58,154.284,63.301,64.078
2018-02-25 01:00:00,395.762,457.151,97.329,80.03,400.473,143.494,58.161,58.459
2018-02-25 02:00:00,392.636,451.624,97.49,77.875,403.832,137.817,55.957,60.48
2018-02-25 03:00:00,387.916,453.907,99.686,75.915,396.539,140.472,57.136,55.554
2018-02-25 04:00:00,400.796,466.302,101.427,78.125,409.366,150.192,57.22,57.277
2018-02-25 05:00:00,430.568,504.823,108.086,85.089,441.045,161.947,60.972,60.402
2018-02-25 06:00:00,497.019,545.572,123.366,101.029,483.447,190.646,73.726,67.845
2018-02-25 07:00:00,539.314,577.821,135.982,106.833,506.021,197.551,80.442,75.519
2018-02-25 08:00:00,598.193,653.191,153.669,119.123,568.251,216.394,93.798,83.346
2018-02-25 09:00:00,652.647,695.412,157.581,130.019,620.246,224.129,97.751,88.652
2018-02-25 10:00:00,650.436,707.456,167.992,139.274,635.197,232.648,100.402,90.148
2018-02-25 11:00:00,628.999,715.271,161.543,137.951,649.343,238.648,99.799,92.778
2018-02-25 12:00:00,623.878,733.462,161.406,136.661,654.506,239.547,99.43,93.754
2018-02-25 13:00:00,613.971,714.255,154.544,130.079,628.473,236.672,98.294,91.731
2018-02-25 14:00:00,588.472,695.691,151.419,127.233,614.876,223.952,94.419,88.972
2018-02-25 15:00:00,601.239,695.75,147.027,125.203,624.767,229.295,93.052,85.481
2018-02-25 16:00:00,627.343,710.708,157.096,130.913,632.952,237.801,99.401,90.858
2018-02-25 17:00:00,653.624,758.299,165.512,136.849,670.476,250.601,110.393,96.297
2018-02-25 18:00:00,694.962,808.535,171.559,145.652,717.726,258.154,113.754,102.693
2018-02-25 19:00:00,689.522,810.189,168.711,146.641,718.952,249.654,109.064,106.785
2018-02-25 20:00:00,666.565,773.279,163.425,147.933,703.505,244.776,105.322,99.427
2018-02-25 21:00:00,631.051,712.975,152.337,133.212,647.388,229.724,93.582,95.552
2018-02-25 22:00:00,564.669,643.192,141.27,119.176,583.975,205.957,84.727,84.087
2018-02-25 23:00:00,483.115,561.572,122.603,100.747,503.742,180.254,76.886,72.248
2018-02-26 00:00:00,434.294,523.949,106.692,89.032,470.596,164.685,69.185,67.634
2018-02-26 01:00:00,407.133,495.833,103.563,85.284,441.395,157.064,66.565,61.844
2018-02-26 02:00:00,398.54,486.147,100.183,85.732,437.701,151.276,60.223,58.764
2018-02-26 03:00:00,396.508,488.324,101.868,83.878,434.511,149.034,59.233,58.409
2018-02-26 04:00:00,409.597,513.798,102.388,84.808,437.738,157.744,61.771,60.037
2018-02-26 05:00:00,463.124,551.56,105.444,92.93,464.834,168.598,68.799,65.485
2018-02-26 06:00:00,577.492,642.078,122.515,113.729,554.731,195.218,86.813,77.922
2018-02-26 07:00:00,642.863,724.39,144.761,129.616,626.528,224.235,96.438,92.674
2018-02-26 08:00:00,663.59,757.415,154.292,130.852,657.682,239.349,95.343,91.983
2018-02-26 09:00:00,688.902,771.958,142.289,129.819,665.045,240.054,93.702,96.474
2018-02-26 10:00:00,695.126,784.423,147.011,132.396,663.923,234.998,100.745,98.649
2018-02-26 11:00:00,687.559,767.33,157.675,126.423,665.2,229.698,103.822,102.585
2018-02-26 12:00:00,662.647,745.171,143.525,119.406,652.884,223.2,95.326,98.001
2018-02-26 13:00:00,617.563,718.301,139.221,116.315,604.448,203.74,86.626,85.005
2018-02-26 14:00:00,567.684,685.439,127.298,104.911,561.007,189.282,80.248,77.114
2018-02-26 15:00:00,560.198,669.584,118.044,106.782,550.312,185.427,79.584,73.064
2018-02-26 16:00:00,563.558,667.338,128.059,109.23,570.834,185.387,85.213,76.366
2018-02-26 17:00:00,621.417,706.984,136.724,114.594,611.303,214.538,97.755,83.682
2018-02-26 18:00:00,692.575,773.49,151.634,132.315,668.774,238.288,107.914,94.806
2018-02-26 19:00:00,715.616,777.683,160.887,143.29,702.916,254.425,111.393,99.972
2018-02-26 20:00:00,718.27,753.723,164.091,148.097,697.926,246.95,106.185,99.141
2018-02-26 21:00:00,678.825,713.816,150.214,130.676,664.858,236.238,97.688,94.353
2018-02-26 22:00:00,584.448,646.979,129.889,113.983,615.537,202.515,84.393,86.246
2018-02-26 23:00:00,521.688,570.422,114.758,102.597,534.164,177.576,70.563,74.718
2018-02-27 00:00:00,499.3,518.518,109.108,92.922,487.112,161.682,67.653,66.337
2018-02-27 01:00:00,484.47,490.948,104.443,90.684,465.2,152.158,62.465,62.54
2018-02-27 02:00:00,492.807,477.609,107.589,97.16,481.818,151.464,59.216,63.312
2018-02-27 03:00:00,503.647,485.297,112.298,98.829,488.79,158.489,62.831,63.193
2018-02-27 04:00:00,529.991,514.724,118.383,104.424,509.044,177.336,69.881,69.81
2018-02-27 05:00:00,585.54,586.698,126.227,113.938,562.072,193.628,77.65,75.195
2018-02-27 06:00:00,708.822,674.988,144.791,139.219,646.64,221.628,91.209,88.094
2018-02-27 07:00:00,750.798,719.435,151.768,146.028,695.716,237.491,97.195,95.67
2018-02-27 08:00:00,715.392,745.011,147.976,138.137,660.167,224.544,96.046,93.287
2018-02-27 09:00:00,673.056,742.867,137.097,130.848,625.594,214.697,89.929,100.513
2018-02-27 10:00:00,652.776,740.945,136.238,129.364,617.148,207.953,96.305,96.166
2018-02-27 11:00:00,634.368,720.39,133.2,125.599,611.26,202.589,104.81,91.108
2018-02-27 12:00:00,616.216,725.617,126.738,119.611,608.635,194.457,94.794,80.72
2018-02-27 13:00:00,583.014,702.644,122.333,105.952,581.804,188.24,81.598,76.964
2018-02-27 14:00:00,544.609,678.177,116.234,105.252,553.835,181.439,76.418,73.256
2018-02-27 15:00:00,542.698,665.852,114.826,103.64,528.576,183.533,77.886,70.245
2018-02-27 16:00:00,558.709,665.859,120.752,102.135,536.959,183.63,86.129,71.919
2018-02-27 17:00:00,594.756,701.694,132.505,110.093,573.515,204.616,90.412,77.832
2018-02-27 18:00:00,641.296,735.794,147.99,123.236,632.086,225.855,96.998,92.772
2018-02-27 19:00:00,658.618,735.695,149.37,128.154,664.896,230.606,100.035,90.715
2018-02-27 20:00:00,649.278,725.714,148.197,126.029,647.127,226.916,99.189,93.722
2018-02-27 21:00:00,598.734,672.128,137.019,122.02,608.327,213.942,96.633,88.998
2018-02-27 22:00:00,541.584,604.923,119.021,113.619,556.134,188.63,86.62,79.599
2018-02-27 23:00:00,472.294,526.968,106.58,98.617,497.314,165.371,72.127,72.39
2018-02-28 00:00:00,427.37,485.846,99.44,95.127,481.435,159.008,65.03,66.848
2018-02-28 01:00:00,387.692,471.854,94.229,90.159,470.097,148.671,59.414,61.797
2018-02-28 02:00:00,386.49,468.188,93.843,94.362,474.235,148.754,60.248,59.816
2018-02-28 03:00:00,397.274,485.003,96.701,98.603,485.147,160.381,64.001,61.968
2018-02-28 04:00:00,413.307,510.485,100.8,102.731,508.444,175.702,67.107,65.019
2018-02-28 05:00:00,458.572,557.045,109.673,111.123,551.655,196.833,76.615,73.056
2018-02-28 06:00:00,588.673,656.247,129.362,128.243,612.596,228.962,94.477,90.844
2018-02-28 07:00:00,658.527,710.104,145.181,134.567,644.906,246.589,104.565,95.809
2018-02-28 08:00:00,653.522,741.702,147.478,137.127,656.352,230.112,103.384,96.694
2018-02-28 09:00:00,649.032,737.914,145.1,129.371,648.299,206.848,90.451,89.813
2018-02-28 10:00:00,637.449,731.866,137.859,127.524,642.017,201.086,85.196,90.498
2018-02-28 11:00:00,617.066,739.651,130.419,118.718,624.18,196.573,86.7,83.951
2018-02-28 12:00:00,602.755,722.912,127.999,114.885,601.676,188.29,87.266,84.524
2018-02-28 13:00:00,579.797,691.603,121.635,108.006,566.932,179.508,81.863,79.618
2018-02-28 14:00:00,558.429,672.076,113.101,106.573,529.499,180.727,77.516,70.261
2018-02-28 15:00:00,557.272,663.045,110.84,104.091,523.289,178.498,77.841,70.424
2018-02-28 16:00:00,552.603,668.9,113.147,103.654,535.288,179.935,81.947,74.777
2018-02-28 17:00:00,584.831,705.908,127.0,112.147,582.732,197.31,91.832,76.087
2018-02-28 18:00:00,636.348,757.474,143.488,127.851,626.046,220.166,95.323,81.907
2018-02-28 19:00:00,640.497,748.921,142.709,127.134,645.018,219.976,99.392,86.531
2018-02-28 20:00:00,622.071,714.439,135.791,121.405,626.033,216.312,97.284,85.282
2018-02-28 21:00:00,584.604,658.08,127.725,122.154,585.73,205.194,91.9,81.267
2018-02-28 22:00:00,505.538,581.236,117.22,100.933,519.377,178.537,77.867,75.97
2018-02-28 23:00:00,424.794,494.217,98.875,84.55,436.332,158.447,64.567,65.61
2018-03-01 00:00:00,376.262,449.188,85.78,76.168,392.847,145.92,62.679,61.045
2018-03-01 01:00:00,355.619,424.774,80.264,70.625,379.882,133.489,56.818,55.865
2018-03-01 02:00:00,356.13,421.811,77.157,73.397,378.274,131.258,54.739,53.491
2018-03-01 03:00:00,371.786,440.322,80.298,74.789,387.544,138.348,56.476,54.224
2018-03-01 04:00:00,400.789,479.153,83.641,80.786,414.122,150.642,60.873,58.671
2018-03-01 05:00:00,447.362,528.262,92.951,90.392,456.521,172.955,71.23,66.659
2018-03-01 06:00:00,545.266,627.326,112.874,112.407,546.103,206.31,85.229,82.883
2018-03-01 07:00:00,620.937,688.108,124.831,120.925,591.634,226.2,92.642,90.078
2018-03-01 08:00:00,630.316,702.292,130.339,119.387,602.919,221.231,90.248,89.108
2018-03-01 09:00:00,611.054,699.151,136.143,116.921,589.541,196.574,84.627,84.273
2018-03-01 10:00:00,594.547,704.927,132.287,114.001,567.039,191.028,87.808,84.831
2018-03-01 11:00:00,589.552,703.453,123.129,110.322,556.489,186.228,81.254,82.139
2018-03-01 12:00:00,589.611,696.33,113.443,104.058,561.249,178.193,85.433,75.858
2018-03-01 13:00:00,565.368,668.262,114.172,103.467,545.351,173.528,78.241,75.61
2018-03-01 14:00:00,534.504,648.804,111.253,103.537,513.046,165.537,75.261,66.57
2018-03-01 15:00:00,518.229,633.265,106.175,101.375,495.55,165.927,71.249,64.779
2018-03-01 16:00:00,529.646,642.718,120.904,105.475,507.743,169.583,76.539,67.145
2018-03-01 17:00:00,565.233,658.427,127.368,102.142,536.207,183.912,79.758,73.493
2018-03-01 18:00:00,598.053,704.769,136.945,110.565,583.271,197.919,87.827,77.06
2018-03-01 19:00:00,609.855,706.386,140.937,114.966,582.966,203.18,86.879,81.413
2018-03-01 20:00:00,597.162,678.486,137.439,112.735,575.291,207.868,89.848,80.137
2018-03-01 21:00:00,566.339,637.924,128.115,103.606,539.901,196.162,85.942,82.173
2018-03-01 22:00:00,490.971,564.739,112.367,88.235,466.783,174.978,76.706,72.674
2018-03-01 23:00:00,424.114,495.924,98.037,80.642,413.369,155.182,65.316,67.538
2018-03-02 00:00:00,397.501,467.76,91.544,74.972,386.377,145.076,59.948,62.223
2018-03-02 01:00:00,386.337,464.632,87.756,73.419,374.042,145.547,59.286,60.038
2018-03-02 02:00:00,382.984,476.347,94.975,77.673,390.358,149.918,61.787,59.641
2018-03-02 03:00:00,397.849,503.777,106.128,81.812,417.262,156.396,65.652,60.713
2018-03-02 04:00:00,414.897,530.378,115.525,85.522,434.241,167.12,66.228,63.577
2018-03-02 05:00:00,475.998,589.066,127.523,99.853,500.225,184.175,74.104,70.556
2018-03-02 06:00:00,580.757,680.568,152.022,128.327,602.039,211.377,89.593,82.1
2018-03-02 07:00:00,655.688,757.278,166.868,146.634,677.92,235.231,101.857,89.979
2018-03-02 08:00:00,702.814,831.153,175.607,145.509,730.8,256.623,103.819,104.164
2018-03-02 09:00:00,721.953,885.273,181.511,148.037,747.571,278.31,109.265,107.791
2018-03-02 10:00:00,761.262,903.618,184.111,157.199,783.349,294.354,115.452,112.135
2018-03-02 11:00:00,776.83,928.412,191.21,156.931,799.473,282.251,114.941,109.383
2018-03-02 12:00:00,781.895,928.164,188.94,156.761,785.955,269.468,114.181,102.472
2018-03-02 13:00:00,781.297,897.19,190.636,152.001,770.172,261.104,106.244,99.708
2018-03-02 14:00:00,778.051,878.484,181.718,146.936,730.689,259.084,104.474,99.61
2018-03-02 15:00:00,781.768,889.37,181.245,149.162,729.917,269.779,105.906,102.805
2018-03-02 16:00:00,798.816,872.03,188.009,149.722,739.823,271.413,110.521,100.67
2018-03-02 17:00:00,826.123,879.715,196.662,145.384,744.052,274.134,114.104,101.479
2018-03-02 18:00:00,853.021,901.199,209.815,151.503,767.256,273.44,115.032,105.284
2018-03-02 19:00:00,826.527,889.425,212.772,149.797,754.484,288.479,116.495,110.186
2018-03-02 20:00:00,794.317,882.644,206.23,147.557,740.973,289.601,118.857,113.188
2018-03-02 21:00:00,727.241,829.884,196.148,144.073,730.363,271.134,110.794,109.19
2018-03-02 22:00:00,651.899,716.768,175.015,124.759,634.22,237.711,102.263,97.049
2018-03-02 23:00:00,588.044,650.92,151.921,109.927,557.476,216.419,89.994,86.912
2018-03-03 00:00:00,558.207,575.794,139.648,102.623,535.934,195.614,78.456,81.412
2018-03-03 01:00:00,532.676,522.308,131.538,95.687,494.233,175.158,69.89,72.631
2018-03-03 02:00:00,506.838,503.379,130.76,97.296,501.163,168.334,67.141,68.764
2018-03-03 03:00:00,508.095,501.057,132.986,96.214,496.938,169.512,67.779,68.316
2018-03-03 04:00:00,508.935,512.454,134.665,93.068,487.179,179.393,68.792,69.766
2018-03-03 05:00:00,518.46,538.139,136.879,92.457,485.016,183.107,70.336,69.835
2018-03-03 06:00:00,576.573,589.056,145.544,105.703,525.564,203.099,79.105,75.498
2018-03-03 07:00:00,613.095,643.882,154.803,118.25,579.41,222.549,81.487,81.343
2018-03-03 08:00:00,694.992,691.207,161.383,131.562,630.623,229.64,88.349,86.494
2018-03-03 09:00:00,701.092,707.739,164.668,132.784,630.296,228.491,95.939,91.674
2018-03-03 10:00:00,653.593,706.09,167.011,122.833,616.596,227.847,101.774,94.007
2018-03-03 11:00:00,659.991,690.209,162.378,113.133,591.128,229.743,98.656,95.852
2018-03-03 12:00:00,668.918,684.044,160.254,110.163,582.269,242.794,97.137,87.744
2018-03-03 13:00:00,643.813,693.195,150.098,108.713,573.893,221.633,95.59,83.178
2018-03-03 14:00:00,625.868,658.618,144.272,117.443,599.029,224.74,95.909,83.659
2018-03-03 15:00:00,654.319,650.359,148.336,122.814,588.407,217.021,86.088,83.346
2018-03-03 16:00:00,688.626,688.582,158.422,120.739,604.589,228.198,89.86,91.377
2018-03-03 17:00:00,699.117,744.281,166.348,131.841,671.357,236.355,104.184,96.909
2018-03-03 18:00:00,741.769,799.943,176.06,142.727,697.771,252.37,104.93,100.416
2018-03-03 19:00:00,745.627,811.884,180.136,143.548,702.584,255.79,103.931,101.804
2018-03-03 20:00:00,733.846,802.338,179.35,142.688,701.33,255.449,109.263,107.751
2018-03-03 21:00:00,665.538,744.319,171.696,134.092,661.442,245.913,103.472,100.073
2018-03-03 22:00:00,585.98,637.314,157.791,114.94,573.433,207.499,90.159,88.545
2018-03-03 23:00:00,503.394,559.922,130.823,103.928,512.314,180.315,74.452,75.063
2018-03-04 00:00:00,451.601,499.525,118.129,92.12,454.91,166.841,68.79,68.791
2018-03-04 01:00:00,432.8,476.617,112.669,86.046,435.69,153.409,61.95,60.694
2018-03-04 02:00:00,428.463,481.666,114.684,86.379,436.479,149.041,59.906,58.316
2018-03-04 03:00:00,435.16,487.237,118.163,87.075,435.155,156.463,63.773,59.664
2018-03-04 04:00:00,445.973,502.546,116.376,85.794,435.075,172.689,67.85,63.791
2018-03-04 05:00:00,468.635,525.477,119.237,91.129,471.643,171.684,66.567,64.284
2018-03-04 06:00:00,512.75,532.381,129.383,107.785,512.847,190.973,77.044,70.521
2018-03-04 07:00:00,531.053,560.34,141.606,109.441,524.815,215.874,81.742,75.64
2018-03-04 08:00:00,584.466,617.927,152.72,120.018,557.817,221.356,86.275,81.916
2018-03-04 09:00:00,639.893,681.203,162.428,127.025,610.053,225.295,94.793,89.697
2018-03-04 10:00:00,685.618,683.565,167.959,131.704,623.1,235.714,109.306,89.299
2018-03-04 11:00:00,653.27,674.257,167.577,134.037,635.369,226.931,114.537,89.177
2018-03-04 12:00:00,633.73,675.194,160.471,133.802,633.292,214.518,101.404,88.06
2018-03-04 13:00:00,597.787,639.081,155.407,124.224,613.303,216.282,89.45,83.92
2018-03-04 14:00:00,599.309,646.975,154.073,122.942,603.897,215.906,88.473,81.951
2018-03-04 15:00:00,580.492,652.858,167.303,125.18,610.716,208.608,92.815,82.837
2018-03-04 16:00:00,603.789,672.385,162.728,132.6,650.456,221.937,95.282,85.657
2018-03-04 17:00:00,650.387,706.382,169.161,137.033,676.841,240.904,102.865,91.999
2018-03-04 18:00:00,693.226,776.755,182.287,149.197,738.974,251.827,103.971,96.865
2018-03-04 19:00:00,726.883,793.54,182.531,156.746,763.211,249.85,107.696,103.587
2018-03-04 20:00:00,745.981,778.601,187.579,159.382,765.647,249.033,109.834,105.421
2018-03-04 21:00:00,705.67,741.139,179.628,146.367,724.689,250.119,102.784,102.843
2018-03-04 22:00:00,633.78,671.756,165.216,129.858,657.507,236.122,87.86,93.004
2018-03-04 23:00:00,582.689,604.101,144.804,116.471,567.611,207.758,80.381,83.2
2018-03-05 00:00:00,533.687,576.781,137.584,106.942,550.098,193.177,77.419,75.951
2018-03-05 01:00:00,513.073,556.421,133.258,103.277,526.422,181.66,71.126,71.576
2018-03-05 02:00:00,510.481,546.506,132.51,105.83,524.478,176.289,67.563,67.967
2018-03-05 03:00:00,503.608,547.931,136.839,104.869,526.94,175.834,69.218,66.979
2018-03-05 04:00:00,520.535,556.662,138.417,107.894,544.956,187.761,72.53,70.637
2018-03-05 05:00:00,579.786,602.937,144.607,116.235,581.3,201.141,81.203,78.275
2018-03-05 06:00:00,679.36,688.196,162.185,135.981,639.013,223.344,98.657,89.319
2018-03-05 07:00:00,728.21,754.561,176.681,146.303,700.821,254.315,106.787,98.877
2018-03-05 08:00:00,726.499,820.432,179.756,150.714,734.4,262.859,106.234,107.628
2018-03-05 09:00:00,723.082,860.704,179.296,154.029,745.762,260.144,108.424,109.114
2018-03-05 10:00:00,741.789,858.867,174.421,157.398,760.97,275.753,121.297,114.168
2018-03-05 11:00:00,751.011,849.387,179.105,154.503,773.402,275.701,127.689,116.031
2018-03-05 12:00:00,753.43,835.774,171.171,148.134,760.133,256.051,116.569,104.919
2018-03-05 13:00:00,724.731,804.045,167.947,136.516,721.058,233.054,102.946,97.412
2018-03-05 14:00:00,678.689,764.757,160.521,134.178,669.209,214.886,89.563,84.096
2018-03-05 15:00:00,673.285,731.102,162.303,128.739,629.611,203.061,87.91,81.462
2018-03-05 16:00:00,705.014,726.627,166.644,128.257,645.621,210.277,90.749,83.765
2018-03-05 17:00:00,736.393,761.049,182.634,140.428,719.317,229.615,101.068,84.623
2018-03-05 18:00:00,748.811,805.607,185.069,149.759,761.422,246.363,105.859,99.43
2018-03-05 19:00:00,756.508,816.303,182.304,149.424,748.451,256.411,103.182,98.645
2018-03-05 20:00:00,752.702,807.089,188.722,146.171,725.639,254.732,106.186,98.515
2018-03-05 21:00:00,707.63,744.935,170.453,139.381,703.076,245.102,96.472,98.424
2018-03-05 22:00:00,613.701,662.842,148.736,128.61,625.342,222.803,94.081,95.968
2018-03-05 23:00:00,547.281,598.127,132.906,112.57,562.035,211.43,90.497,84.695
2018-03-06 00:00:00,525.659,557.056,126.147,107.323,528.964,202.558,83.646,81.669
2018-03-06 01:00:00,520.843,532.803,125.967,105.569,524.63,190.475,77.595,75.308
2018-03-06 02:00:00,522.538,531.045,125.142,105.726,523.752,193.642,74.705,75.211
2018-03-06 03:00:00,541.342,548.526,129.87,108.83,542.826,195.961,75.82,75.047
2018-03-06 04:00:00,563.525,582.066,134.517,115.021,566.85,207.845,80.514,77.413
2018-03-06 05:00:00,612.91,632.143,141.217,125.476,607.76,225.039,89.516,86.044
2018-03-06 06:00:00,717.886,699.699,165.656,151.716,676.157,257.642,105.267,96.281
2018-03-06 07:00:00,762.245,745.401,177.039,153.842,700.84,267.894,109.069,103.398
2018-03-06 08:00:00,726.834,768.443,168.259,134.791,678.018,248.715,103.339,97.033
2018-03-06 09:00:00,691.83,761.601,153.824,133.506,652.881,234.528,102.639,96.487
2018-03-06 10:00:00,678.075,758.035,144.687,131.313,633.025,223.907,103.315,96.119
2018-03-06 11:00:00,651.958,764.615,145.838,132.498,625.271,210.905,97.928,89.873
2018-03-06 12:00:00,634.871,737.035,137.065,125.428,621.358,200.569,94.027,84.706
2018-03-06 13:00:00,597.238,690.528,131.645,111.917,589.143,193.346,88.482,83.371
2018-03-06 14:00:00,558.253,670.355,124.198,103.379,541.921,181.674,82.228,74.5
2018-03-06 15:00:00,560.049,659.128,119.034,104.147,538.245,184.098,80.523,71.605
2018-03-06 16:00:00,578.105,661.211,129.428,107.274,568.3,193.832,84.855,73.933
2018-03-06 17:00:00,612.751,694.687,137.853,112.422,598.301,217.153,96.979,83.399
2018-03-06 18:00:00,672.265,754.554,152.434,127.948,664.657,246.094,101.972,88.147
2018-03-06 19:00:00,694.154,777.756,166.235,140.351,689.491,253.072,105.919,91.3
2018-03-06 20:00:00,688.77,770.178,171.703,142.197,699.777,251.98,105.297,98.734
2018-03-06 21:00:00,659.522,728.1,155.687,132.083,656.495,240.718,104.617,93.087
2018-03-06 22:00:00,576.805,653.806,139.713,117.052,605.798,214.151,96.563,83.27
2018-03-06 23:00:00,511.785,575.641,124.815,106.691,529.39,198.038,83.426,80.659
2018-03-07 00:00:00,473.306,524.829,113.338,99.121,494.201,190.41,76.838,77.215
2018-03-07 01:00:00,450.442,507.319,108.957,94.016,477.944,180.585,69.379,71.725
2018-03-07 02:00:00,457.486,500.627,111.148,94.272,474.039,172.815,66.637,66.984
2018-03-07 03:00:00,471.377,511.887,117.932,94.149,470.686,173.896,67.169,66.608
2018-03-07 04:00:00,492.813,539.047,126.373,98.363,486.908,182.403,70.721,68.796
2018-03-07 05:00:00,536.336,595.568,133.438,110.578,537.513,193.891,76.073,75.395
2018-03-07 06:00:00,626.821,682.351,152.42,132.839,612.463,215.932,93.597,87.646
2018-03-07 07:00:00,693.992,757.21,173.171,146.878,684.113,242.062,100.393,97.595
2018-03-07 08:00:00,742.118,811.454,184.284,156.11,733.19,252.359,105.33,106.037
2018-03-07 09:00:00,770.169,822.159,178.54,149.69,748.667,262.103,107.78,111.03
2018-03-07 10:00:00,774.377,843.678,177.905,148.858,752.358,271.943,108.26,112.638
2018-03-07 11:00:00,756.867,858.566,184.341,147.66,753.295,278.761,113.723,111.408
2018-03-07 12:00:00,739.929,869.638,189.802,153.176,772.629,278.378,111.867,106.071
2018-03-07 13:00:00,713.074,834.193,185.424,152.603,748.533,264.651,107.625,106.104
2018-03-07 14:00:00,698.34,854.03,183.625,149.26,741.075,262.392,107.482,102.737
2018-03-07 15:00:00,704.867,883.317,185.678,153.9,763.867,267.814,105.736,98.798
2018-03-07 16:00:00,739.124,893.254,203.631,160.481,784.651,273.247,112.243,103.036
2018-03-07 17:00:00,770.119,925.915,209.36,165.53,817.164,289.183,111.834,106.24
2018-03-07 18:00:00,835.027,935.852,212.404,172.75,866.128,303.905,123.845,115.857
2018-03-07 19:00:00,858.775,933.561,215.831,176.201,862.478,297.843,130.064,115.159
2018-03-07 20:00:00,816.072,925.45,219.741,184.015,867.221,291.048,123.274,116.988
2018-03-07 21:00:00,726.214,873.777,200.056,180.973,883.304,283.224,114.961,112.232
2018-03-07 22:00:00,628.539,802.235,182.546,158.542,785.5,253.172,108.109,107.206
2018-03-07 23:00:00,558.92,708.386,158.005,136.994,683.843,224.655,93.734,93.82
2018-03-08 00:00:00,525.448,642.357,132.863,120.349,591.974,211.129,87.392,87.73
2018-03-08 01:00:00,492.866,599.461,125.152,111.979,554.935,195.974,76.154,76.4
2018-03-08 02:00:00,492.285,575.601,123.315,109.883,544.726,189.079,73.17,72.075
2018-03-08 03:00:00,493.792,567.892,128.58,109.497,540.666,185.675,72.238,70.115
2018-03-08 04:00:00,503.2,564.486,129.264,110.903,543.638,195.738,73.393,72.688
2018-03-08 05:00:00,547.055,602.032,134.197,119.905,580.231,206.199,79.626,77.282
2018-03-08 06:00:00,645.716,675.833,154.704,143.899,651.896,230.386,97.086,92.662
2018-03-08 07:00:00,700.314,734.106,168.152,149.331,688.824,256.166,109.623,99.88
2018-03-08 08:00:00,716.358,770.822,171.411,149.944,724.005,251.244,107.244,99.543
2018-03-08 09:00:00,706.148,776.027,163.613,145.841,714.12,243.041,105.403,102.506
2018-03-08 10:00:00,699.097,815.395,156.045,138.931,703.054,248.552,113.702,104.475
2018-03-08 11:00:00,672.448,814.456,159.627,135.885,701.835,244.156,112.19,101.112
2018-03-08 12:00:00,658.766,802.777,153.242,136.152,704.713,237.254,106.805,99.878
2018-03-08 13:00:00,622.069,773.594,145.357,131.106,668.235,225.962,102.665,91.713
2018-03-08 14:00:00,608.748,749.433,137.404,120.848,628.498,219.678,92.352,87.051
2018-03-08 15:00:00,617.919,738.875,139.653,116.601,608.292,227.18,89.157,83.773
2018-03-08 16:00:00,643.789,753.275,151.183,128.08,633.72,236.646,94.717,91.041
2018-03-08 17:00:00,676.362,785.883,162.643,136.921,705.703,255.567,101.907,96.12
2018-03-08 18:00:00,719.421,818.706,173.195,148.824,743.113,268.14,108.591,105.74
2018-03-08 19:00:00,730.06,830.822,176.078,156.732,740.173,267.834,112.028,103.095
2018-03-08 20:00:00,728.48,820.365,176.615,150.9,729.972,266.076,107.176,108.13
2018-03-08 21:00:00,693.026,770.09,163.908,135.787,691.684,245.884,101.143,101.308
2018-03-08 22:00:00,615.304,680.564,145.787,129.002,631.763,225.857,93.498,91.427
2018-03-08 23:00:00,539.375,608.329,136.274,112.885,562.839,206.798,83.107,84.727
2018-03-09 00:00:00,507.733,568.037,124.717,106.928,537.265,196.253,75.611,79.624
2018-03-09 01:00:00,486.727,558.042,120.803,101.612,514.291,186.701,72.245,73.082
2018-03-09 02:00:00,490.931,557.453,123.334,104.811,514.225,185.766,73.057,73.117
2018-03-09 03:00:00,500.247,572.716,127.697,105.132,519.134,192.39,74.956,75.229
2018-03-09 04:00:00,522.701,599.69,132.431,110.248,539.472,200.782,77.399,74.115
2018-03-09 05:00:00,572.627,644.65,138.377,119.38,584.015,214.483,84.143,81.438
2018-03-09 06:00:00,668.734,717.061,155.075,141.081,647.186,242.671,101.502,93.515
2018-03-09 07:00:00,733.137,786.759,171.697,146.236,693.287,267.08,109.126,107.643
2018-03-09 08:00:00,755.232,820.984,170.536,147.512,709.388,269.005,108.971,110.342
2018-03-09 09:00:00,755.895,811.437,165.433,143.448,708.395,260.434,103.234,106.6
2018-03-09 10:00:00,758.795,829.61,169.508,142.506,711.844,256.902,107.702,102.718
2018-03-09 11:00:00,727.217,813.737,164.15,140.574,722.552,247.608,111.27,99.995
2018-03-09 12:00:00,710.211,810.464,160.044,138.456,709.985,241.43,104.451,95.988
2018-03-09 13:00:00,688.913,781.59,156.056,137.536,699.633,234.735,100.208,93.95
2018-03-09 14:00:00,657.267,761.705,151.19,130.763,652.622,226.627,88.46,91.033
2018-03-09 15:00:00,629.151,762.399,140.599,123.796,618.985,214.708,86.972,83.606
2018-03-09 16:00:00,634.029,759.928,142.93,126.167,619.757,223.553,92.953,84.767
2018-03-09 17:00:00,662.439,775.122,157.971,128.972,659.493,246.668,100.443,90.488
2018-03-09 18:00:00,700.422,813.785,171.38,133.931,700.535,266.485,104.79,97.992
2018-03-09 19:00:00,717.607,808.121,177.224,139.059,716.435,263.796,109.97,100.691
2018-03-09 20:00:00,722.971,800.802,176.766,141.133,713.709,263.106,106.205,100.987
2018-03-09 21:00:00,678.707,766.256,167.615,137.206,679.607,248.806,98.323,98.298
2018-03-09 22:00:00,611.93,681.192,145.586,117.151,600.046,229.434,95.837,94.408
2018-03-09 23:00:00,562.98,610.09,131.166,105.522,538.69,204.875,81.722,86.272
2018-03-10 00:00:00,521.322,565.049,120.731,102.631,512.342,190.033,72.554,80.015
2018-03-10 01:00:00,487.147,540.139,118.697,95.134,490.575,179.543,69.385,72.54
2018-03-10 02:00:00,482.541,538.441,119.358,96.468,501.437,177.604,70.24,71.056
2018-03-10 03:00:00,488.427,550.207,122.924,100.306,507.438,178.062,71.738,70.869
2018-03-10 04:00:00,502.789,556.208,128.182,101.575,520.185,192.764,72.822,73.144
2018-03-10 05:00:00,523.458,576.968,132.086,108.601,554.346,203.116,75.419,75.431
2018-03-10 06:00:00,577.359,604.818,144.353,121.361,579.275,217.907,85.042,81.457
2018-03-10 07:00:00,601.415,635.263,147.579,121.686,590.233,232.059,92.172,86.338
2018-03-10 08:00:00,654.877,692.428,150.963,130.899,627.177,232.967,91.502,90.202
2018-03-10 09:00:00,657.609,716.249,153.511,133.415,647.238,230.8,97.592,90.873
2018-03-10 10:00:00,657.993,727.29,150.687,134.774,630.289,234.158,108.484,93.591
2018-03-10 11:00:00,645.483,723.496,145.442,130.884,634.952,235.884,101.516,88.821
2018-03-10 12:00:00,613.054,721.13,144.629,125.76,630.4,229.605,100.868,84.431
2018-03-10 13:00:00,616.142,701.969,149.209,124.949,617.199,218.583,92.192,83.793
2018-03-10 14:00:00,599.461,698.901,147.927,122.98,590.955,211.718,95.47,83.52
2018-03-10 15:00:00,607.759,691.248,134.689,123.086,588.421,220.708,97.816,86.43
2018-03-10 16:00:00,647.584,715.652,143.687,130.347,620.782,222.607,96.201,89.728
2018-03-10 17:00:00,682.831,754.234,151.275,131.872,663.918,240.521,101.261,95.058
2018-03-10 18:00:00,736.773,816.009,159.156,143.143,715.525,259.011,105.577,102.666
2018-03-10 19:00:00,748.977,819.261,166.076,144.435,723.426,263.147,109.822,104.391
2018-03-10 20:00:00,731.404,838.226,170.728,152.059,731.225,270.286,109.361,110.987
2018-03-10 21:00:00,684.66,801.218,163.457,141.63,695.895,257.781,109.859,104.645
2018-03-10 22:00:00,599.428,700.717,143.711,124.031,619.613,226.992,95.31,93.311
2018-03-10 23:00:00,538.672,610.373,125.247,114.547,568.315,202.484,87.385,85.219
2018-03-11 00:00:00,472.076,549.414,114.551,104.21,518.071,177.063,74.02,70.945
2018-03-11 01:00:00,459.573,534.7,115.065,103.029,513.77,175.288,68.561,68.897
2018-03-11 02:00:00,463.411,532.928,120.48,101.595,497.89,177.587,69.35,68.388
2018-03-11 03:00:00,493.168,542.966,123.374,107.449,522.474,189.405,69.945,69.855
2018-03-11 04:00:00,545.091,555.522,129.62,118.225,579.464,202.95,74.685,73.438
2018-03-11 05:00:00,624.845,613.368,144.006,138.822,643.844,224.919,86.216,82.581
2018-03-11 06:00:00,674.007,672.042,157.018,147.471,677.149,241.022,92.436,90.082
2018-03-11 07:00:00,677.313,672.987,159.013,142.109,658.846,237.616,98.906,93.615
2018-03-11 08:00:00,639.04,670.02,155.088,136.95,628.699,231.1,95.564,87.993
2018-03-11 09:00:00,615.023,655.065,147.446,140.627,614.464,227.722,100.622,87.223
2018-03-11 10:00:00,590.99,651.413,147.365,125.857,605.394,219.641,100.134,84.32
2018-03-11 11:00:00,576.312,637.683,145.426,123.199,586.847,206.912,100.262,82.477
2018-03-11 12:00:00,567.223,607.122,131.198,114.361,548.066,203.507,88.953,77.59
2018-03-11 13:00:00,542.562,588.259,121.747,109.195,517.159,189.465,79.338,80.065
2018-03-11 14:00:00,516.525,574.918,123.9,105.504,501.38,183.342,78.558,69.529
2018-03-11 15:00:00,522.969,588.899,125.139,107.215,513.967,182.72,76.227,71.76
2018-03-11 16:00:00,556.218,608.237,130.687,110.858,549.5,196.423,86.137,75.712
2018-03-11 17:00:00,578.909,649.624,134.924,119.26,570.539,209.403,89.346,77.857
2018-03-11 18:00:00,627.38,700.178,151.05,128.763,631.381,217.951,96.22,90.347
2018-03-11 19:00:00,643.972,707.755,154.3,127.482,641.929,221.803,104.173,92.965
2018-03-11 20:00:00,630.779,683.885,153.454,122.647,620.223,225.491,97.286,91.613
2018-03-11 21:00:00,557.737,633.566,141.351,112.544,564.111,214.807,87.201,86.053
2018-03-11 22:00:00,509.992,574.686,130.133,104.24,516.258,197.935,79.459,77.977
2018-03-11 23:00:00,472.238,537.747,121.692,102.207,499.292,190.268,76.093,74.687
2018-03-12 00:00:00,466.481,537.194,124.191,102.514,505.02,182.762,72.126,72.414
2018-03-12 01:00:00,488.772,549.691,122.688,105.847,520.055,186.026,70.036,71.29
2018-03-12 02:00:00,510.848,554.619,129.236,111.742,546.065,191.023,72.891,71.538
2018-03-12 03:00:00,542.108,584.553,134.864,113.67,559.839,204.987,77.885,76.814
2018-03-12 04:00:00,602.5,653.1,141.618,123.353,611.861,219.756,86.889,83.048
2018-03-12 05:00:00,726.784,746.554,161.643,144.821,686.312,256.445,105.253,102.896
2018-03-12 06:00:00,805.939,807.554,177.122,152.648,747.179,292.741,113.829,113.078
2018-03-12 07:00:00,818.392,838.797,176.284,160.26,769.287,286.56,113.406,110.776
2018-03-12 08:00:00,778.74,821.718,167.17,147.122,729.227,258.295,103.005,103.919
2018-03-12 09:00:00,744.717,805.602,165.238,140.986,695.705,241.889,104.335,99.33
2018-03-12 10:00:00,724.901,793.869,155.154,128.388,668.146,226.338,104.163,96.477
2018-03-12 11:00:00,696.511,768.312,146.311,122.785,642.171,216.114,99.949,91.877
2018-03-12 12:00:00,659.169,731.321,139.8,110.721,603.533,207.341,91.043,84.598
2018-03-12 13:00:00,603.164,688.392,130.558,107.423,569.512,203.159,83.141,76.582
2018-03-12 14:00:00,590.811,683.761,128.15,107.465,550.996,206.156,85.36,78.62
2018-03-12 15:00:00,607.1,696.787,133.451,113.564,555.323,213.526,91.475,83.145
2018-03-12 16:00:00,629.657,719.19,139.56,115.295,591.517,231.085,97.623,86.912
2018-03-12 17:00:00,646.744,736.526,152.101,119.021,614.565,239.805,105.008,93.671
2018-03-12 18:00:00,678.986,776.94,160.905,137.815,662.045,253.412,107.898,98.921
2018-03-12 19:00:00,684.255,777.261,159.142,138.356,656.993,256.017,111.969,101.792
2018-03-12 20:00:00,653.276,724.566,155.225,132.865,634.303,240.679,98.704,101.983
2018-03-12 21:00:00,588.48,642.328,138.641,117.024,568.929,228.637,93.542,93.624
2018-03-12 22:00:00,505.825,566.672,121.161,100.411,507.827,202.014,81.542,82.442
2018-03-12 23:00:00,460.505,526.662,112.834,93.414,474.854,181.097,73.609,76.491
2018-03-13 00:00:00,442.107,514.96,111.698,91.557,456.377,171.169,71.22,67.51
2018-03-13 01:00:00,454.682,523.82,116.399,95.772,476.041,171.881,68.841,67.393
2018-03-13 02:00:00,469.822,531.959,126.252,96.812,486.788,173.33,69.62,67.303
2018-03-13 03:00:00,492.705,556.647,134.355,101.179,505.121,185.864,73.801,70.703
2018-03-13 04:00:00,531.623,613.478,141.236,112.857,562.881,199.571,78.94,76.56
2018-03-13 05:00:00,644.888,722.766,166.453,139.948,652.575,233.859,97.161,90.883
2018-03-13 06:00:00,726.521,817.112,189.163,152.388,729.326,263.759,106.824,103.671
2018-03-13 07:00:00,750.124,868.479,191.5,159.821,792.01,279.771,113.907,112.525
2018-03-13 08:00:00,768.248,892.129,192.663,170.042,821.406,286.488,119.106,117.245
2018-03-13 09:00:00,760.137,912.807,190.562,166.935,810.225,294.558,123.404,118.041
2018-03-13 10:00:00,745.007,904.68,179.442,158.203,783.768,286.419,119.147,113.768
2018-03-13 11:00:00,728.088,878.213,171.017,156.671,775.549,280.013,118.109,106.914
2018-03-13 12:00:00,685.432,834.014,166.811,144.8,721.205,263.631,110.897,103.659
2018-03-13 13:00:00,657.954,797.5,156.984,131.777,654.181,261.882,104.314,102.034
2018-03-13 14:00:00,666.428,785.139,155.215,125.878,634.999,257.058,102.16,96.035
2018-03-13 15:00:00,670.678,783.455,158.244,136.641,665.479,251.002,100.626,95.845
2018-03-13 16:00:00,679.487,792.634,167.463,136.791,696.379,264.609,105.498,101.149
2018-03-13 17:00:00,684.461,805.412,173.134,144.041,722.208,272.551,111.262,107.26
2018-03-13 18:00:00,723.712,830.904,175.653,153.898,767.176,283.09,115.994,112.649
2018-03-13 19:00:00,718.717,818.563,176.557,153.981,747.779,282.379,115.861,107.527
2018-03-13 20:00:00,685.438,754.427,162.514,142.345,711.425,266.233,102.928,105.322
2018-03-13 21:00:00,610.946,684.913,144.163,128.192,644.567,236.726,97.523,95.426
2018-03-13 22:00:00,555.841,628.996,130.645,112.645,566.233,215.923,85.97,87.92
2018-03-13 23:00:00,524.684,592.733,123.549,104.779,524.68,199.376,80.159,79.173
2018-03-14 00:00:00,508.228,552.394,121.463,100.257,503.223,186.841,74.515,71.658
2018-03-14 01:00:00,501.919,550.125,124.374,102.221,507.549,182.856,70.269,70.721
2018-03-14 02:00:00,506.361,554.902,128.136,103.514,512.483,181.771,71.767,71.479
2018-03-14 03:00:00,529.44,573.233,131.012,106.581,525.545,193.915,75.078,73.634
2018-03-14 04:00:00,583.891,628.733,139.336,112.754,566.307,210.557,83.582,79.657
2018-03-14 05:00:00,688.336,725.033,163.624,138.931,648.542,246.217,103.245,94.79
2018-03-14 06:00:00,757.413,796.323,174.397,149.738,697.388,276.482,114.885,104.365
2018-03-14 07:00:00,795.172,850.196,179.498,156.192,734.261,273.724,115.062,110.666
2018-03-14 08:00:00,771.23,862.948,175.302,157.655,749.859,265.526,108.796,108.248
2018-03-14 09:00:00,772.871,861.044,171.526,147.586,726.611,263.859,109.007,105.718
2018-03-14 10:00:00,726.768,847.906,157.956,140.197,712.064,249.156,107.837,101.295
2018-03-14 11:00:00,684.48,831.777,149.953,129.036,680.542,234.366,102.716,93.499
2018-03-14 12:00:00,661.541,789.276,152.33,125.038,660.829,225.098,100.774,88.326
2018-03-14 13:00:00,649.551,751.134,143.878,119.173,614.749,215.967,96.102,83.933
2018-03-14 14:00:00,652.466,740.668,139.475,120.246,613.815,212.356,91.152,81.759
2018-03-14 15:00:00,674.439,745.558,145.727,120.297,609.088,210.346,90.015,83.89
2018-03-14 16:00:00,687.013,756.948,160.465,125.123,640.533,230.556,94.183,85.904
2018-03-14 17:00:00,705.297,775.458,164.649,134.183,651.171,245.831,102.574,94.997
2018-03-14 18:00:00,754.001,809.531,172.965,144.251,691.79,266.028,109.972,100.114
2018-03-14 19:00:00,749.758,794.954,171.758,143.155,709.232,257.659,107.794,103.182
2018-03-14 20:00:00,698.395,749.397,167.304,138.682,703.764,244.805,103.335,100.013
2018-03-14 21:00:00,632.088,675.661,151.099,124.301,650.449,223.774,94.032,92.745
2018-03-14 22:00:00,570.785,597.092,138.092,111.391,565.19,206.68,88.38,85.224
2018-03-14 23:00:00,535.0,565.613,125.627,102.404,522.505,195.6,80.065,76.303
2018-03-15 00:00:00,513.642,547.153,123.426,100.726,516.258,182.322,71.56,71.46
2018-03-15 01:00:00,509.344,534.921,125.87,103.798,513.248,179.137,69.76,69.477
2018-03-15 02:00:00,508.784,562.408,131.236,103.093,511.919,177.542,70.374,68.922
2018-03-15 03:00:00,515.396,624.843,134.468,108.45,529.07,189.942,73.283,72.001
2018-03-15 04:00:00,561.41,666.501,139.562,117.256,580.852,202.076,80.277,77.085
2018-03-15 05:00:00,679.847,746.682,160.53,143.35,681.946,225.864,96.328,86.724
2018-03-15 06:00:00,743.023,785.366,178.574,157.561,753.11,256.817,105.872,99.038
2018-03-15 07:00:00,794.908,826.338,189.635,163.143,755.228,264.567,109.312,108.325
2018-03-15 08:00:00,783.718,862.041,185.337,159.734,758.2,255.305,104.153,108.197
2018-03-15 09:00:00,762.105,853.409,179.779,150.56,729.646,255.872,106.891,106.298
2018-03-15 10:00:00,707.933,819.533,171.254,140.324,707.783,246.012,115.201,110.392
2018-03-15 11:00:00,686.784,818.214,154.132,131.438,679.304,241.224,104.747,96.33
2018-03-15 12:00:00,649.11,781.457,149.174,120.505,645.438,225.121,93.761,89.839
2018-03-15 13:00:00,606.404,738.741,136.841,114.834,596.925,210.716,90.364,81.969
2018-03-15 14:00:00,578.998,706.447,132.655,112.484,568.91,206.327,87.822,77.904
2018-03-15 15:00:00,596.231,701.88,138.79,112.255,567.801,206.688,84.11,76.536
2018-03-15 16:00:00,609.684,731.976,142.873,117.356,595.747,209.739,86.284,78.851
2018-03-15 17:00:00,626.795,745.581,149.681,125.735,615.824,219.696,91.853,83.062
2018-03-15 18:00:00,672.055,778.012,156.725,133.035,653.537,232.148,99.412,94.428
2018-03-15 19:00:00,663.269,761.901,158.43,133.395,663.657,236.517,99.578,94.346
2018-03-15 20:00:00,639.194,724.148,153.452,123.173,638.15,230.826,96.216,97.7
2018-03-15 21:00:00,567.658,648.209,134.071,113.185,571.931,207.172,87.213,90.394
2018-03-15 22:00:00,506.906,581.767,119.577,101.356,518.754,189.548,77.775,83.161
2018-03-15 23:00:00,472.575,545.443,113.27,92.313,477.507,179.247,72.158,73.415
2018-03-16 00:00:00,460.391,523.912,108.61,95.008,476.826,169.215,68.286,66.601
2018-03-16 01:00:00,460.351,525.843,112.001,105.905,509.546,167.458,65.782,65.908
2018-03-16 02:00:00,466.228,533.859,118.301,109.484,522.831,170.871,67.458,66.785
2018-03-16 03:00:00,487.219,562.796,122.943,106.952,528.445,185.997,70.757,69.374
2018-03-16 04:00:00,533.629,616.362,130.098,107.757,540.874,200.686,78.633,74.631
2018-03-16 05:00:00,644.648,722.968,153.666,135.677,633.774,231.497,96.749,86.136
2018-03-16 06:00:00,715.625,787.524,169.071,152.208,706.142,266.042,110.658,95.282
2018-03-16 07:00:00,741.372,844.676,166.639,150.538,731.229,270.703,112.13,103.077
2018-03-16 08:00:00,746.412,852.298,168.366,154.642,763.635,277.378,108.777,109.854
2018-03-16 09:00:00,748.086,846.902,165.036,161.806,778.009,273.997,110.936,115.672
2018-03-16 10:00:00,741.79,868.685,161.606,149.203,752.714,260.595,110.625,104.02
2018-03-16 11:00:00,729.841,857.371,157.564,139.688,713.297,261.249,115.528,110.665
2018-03-16 12:00:00,703.278,835.189,154.774,141.664,688.09,248.82,109.713,98.042
2018-03-16 13:00:00,684.969,799.962,149.21,138.603,663.293,234.177,99.058,91.855
2018-03-16 14:00:00,672.638,759.664,145.423,139.384,672.879,233.808,102.277,88.994
2018-03-16 15:00:00,659.6,783.681,148.444,141.754,687.945,236.764,101.615,87.759
2018-03-16 16:00:00,684.628,862.16,163.971,141.517,692.477,255.648,105.95,88.885
2018-03-16 17:00:00,721.877,857.707,166.759,151.358,724.875,266.91,114.815,96.445
2018-03-16 18:00:00,753.282,905.16,176.914,164.852,788.243,283.491,120.398,107.118
2018-03-16 19:00:00,756.074,931.412,180.376,162.267,795.774,299.988,126.441,115.714
2018-03-16 20:00:00,724.274,868.573,172.177,159.171,771.771,298.568,124.139,115.623
2018-03-16 21:00:00,670.103,787.097,153.475,146.048,700.583,262.888,110.269,101.512
2018-03-16 22:00:00,604.931,661.796,141.718,126.86,616.476,223.722,91.676,88.076
2018-03-16 23:00:00,553.585,626.421,135.458,113.85,574.521,208.181,84.247,82.103
2018-03-17 00:00:00,541.756,594.493,131.794,108.632,553.329,201.081,78.518,80.158
2018-03-17 01:00:00,529.733,603.852,132.513,109.23,556.68,188.923,72.391,77.376
2018-03-17 02:00:00,527.993,608.578,137.855,113.127,569.893,190.997,74.859,77.186
2018-03-17 03:00:00,545.817,608.324,141.358,114.941,580.795,201.714,76.475,77.613
2018-03-17 04:00:00,588.715,629.823,147.215,121.314,611.951,213.083,78.363,80.157
2018-03-17 05:00:00,648.727,670.457,163.573,140.72,659.709,242.462,90.82,90.07
2018-03-17 06:00:00,695.931,701.911,176.217,147.78,689.494,260.867,98.509,95.987
2018-03-17 07:00:00,734.229,728.715,182.164,151.634,710.554,269.779,107.21,105.572
2018-03-17 08:00:00,758.584,739.622,174.227,147.843,722.615,267.953,103.282,100.721
2018-03-17 09:00:00,746.139,736.907,168.398,145.419,700.25,250.387,101.42,96.986
2018-03-17 10:00:00,718.182,724.031,156.109,137.548,683.528,239.974,99.919,95.214
2018-03-17 11:00:00,683.844,702.562,154.767,133.363,670.0,241.251,102.563,94.333
2018-03-17 12:00:00,630.059,683.8,144.57,124.509,616.276,227.565,100.26,87.885
2018-03-17 13:00:00,598.651,680.537,130.128,113.503,568.515,209.05,100.543,81.607
2018-03-17 14:00:00,586.587,658.79,123.267,106.634,546.765,197.04,89.34,79.795
2018-03-17 15:00:00,581.203,660.507,127.812,106.979,539.863,194.997,91.809,80.806
2018-03-17 16:00:00,591.016,715.882,130.783,114.87,579.659,220.652,94.418,85.381
2018-03-17 17:00:00,606.942,762.59,137.362,120.164,609.056,224.66,97.719,89.76
2018-03-17 18:00:00,660.658,804.269,160.124,136.145,674.092,241.127,105.954,96.508
2018-03-17 19:00:00,699.067,810.643,169.887,135.985,679.36,253.516,106.612,103.836
2018-03-17 20:00:00,673.209,767.922,162.577,137.27,671.355,252.005,101.945,101.31
2018-03-17 21:00:00,595.735,697.77,144.978,122.234,599.424,234.983,91.165,97.163
2018-03-17 22:00:00,536.183,642.633,128.337,110.807,564.956,219.336,84.213,87.511
2018-03-17 23:00:00,503.49,606.999,123.967,105.648,539.15,212.557,78.994,83.485
2018-03-18 00:00:00,480.313,601.992,125.467,102.95,524.87,203.575,77.323,79.124
2018-03-18 01:00:00,489.169,614.822,135.896,106.616,533.604,207.634,77.898,79.377
2018-03-18 02:00:00,506.291,619.495,138.511,111.196,546.668,215.418,81.324,82.286
2018-03-18 03:00:00,532.323,640.33,139.695,116.755,570.323,238.594,85.932,86.303
2018-03-18 04:00:00,572.565,667.253,147.411,123.592,605.513,252.139,91.77,90.4
2018-03-18 05:00:00,645.014,727.279,167.518,146.358,664.661,276.089,103.432,103.506
2018-03-18 06:00:00,694.916,765.188,188.43,156.235,709.302,299.736,109.353,108.906
2018-03-18 07:00:00,721.943,780.425,191.867,165.219,761.615,305.652,113.84,116.606
2018-03-18 08:00:00,756.376,784.763,191.75,168.722,771.884,308.616,120.138,116.005
2018-03-18 09:00:00,741.678,758.494,195.667,155.824,703.746,295.126,129.714,111.917
2018-03-18 10:00:00,707.009,724.837,178.95,148.793,708.788,285.538,119.987,106.037
2018-03-18 11:00:00,683.665,707.447,171.773,148.839,688.372,263.957,112.263,101.951
2018-03-18 12:00:00,670.513,688.99,169.258,139.166,671.626,248.652,103.458,95.876
2018-03-18 13:00:00,616.232,654.606,157.29,133.762,655.426,231.522,92.808,83.737
2018-03-18 14:00:00,589.507,643.694,143.342,130.231,618.292,221.357,89.984,89.436
2018-03-18 15:00:00,585.041,657.965,140.21,135.167,610.181,220.774,95.183,90.969
2018-03-18 16:00:00,604.768,703.878,144.508,134.406,652.894,232.497,97.906,90.178
2018-03-18 17:00:00,601.445,718.335,146.539,128.931,651.605,236.009,103.972,93.669
2018-03-18 18:00:00,652.833,765.402,162.957,138.49,681.505,257.344,110.117,99.074
2018-03-18 19:00:00,682.631,755.047,167.436,145.387,707.547,263.668,114.273,109.003
2018-03-18 20:00:00,664.353,725.803,163.272,145.327,690.513,251.177,104.386,103.803
2018-03-18 21:00:00,599.97,677.636,145.796,130.086,656.246,231.605,92.634,94.35
2018-03-18 22:00:00,557.882,622.677,131.168,125.748,619.29,217.15,85.307,82.79
2018-03-18 23:00:00,519.595,586.03,125.547,116.681,582.133,211.356,84.524,81.394
2018-03-19 00:00:00,494.144,575.632,125.219,110.175,556.291,206.86,79.634,79.027
2018-03-19 01:00:00,496.025,564.688,125.985,110.887,550.73,203.762,76.138,78.569
2018-03-19 02:00:00,501.203,569.552,130.324,109.193,545.338,202.498,77.088,76.916
2018-03-19 03:00:00,514.615,592.415,132.983,108.002,538.132,208.732,80.438,79.972
2018-03-19 04:00:00,550.892,651.386,138.122,116.96,576.325,222.677,86.975,83.015
2018-03-19 05:00:00,671.269,770.043,163.05,144.725,665.299,258.016,105.542,97.593
2018-03-19 06:00:00,760.12,838.133,182.521,158.757,740.867,287.007,113.004,110.432
2018-03-19 07:00:00,785.092,851.269,189.814,154.027,764.055,281.438,120.837,111.446
2018-03-19 08:00:00,789.112,839.856,180.764,158.612,739.845,268.049,109.854,117.531
2018-03-19 09:00:00,769.46,839.564,173.612,149.375,729.089,262.582,109.912,113.932
2018-03-19 10:00:00,733.139,820.866,169.4,144.633,730.27,256.328,111.109,107.137
2018-03-19 11:00:00,716.128,804.676,165.351,140.44,716.306,249.005,107.611,98.794
2018-03-19 12:00:00,690.138,771.306,158.15,130.448,674.486,239.996,100.523,94.26
2018-03-19 13:00:00,635.333,724.58,144.727,119.703,624.617,222.092,94.024,91.523
2018-03-19 14:00:00,615.893,699.282,144.871,117.852,603.466,208.66,91.3,82.93
2018-03-19 15:00:00,607.575,704.776,148.141,118.839,594.488,219.249,95.557,84.272
2018-03-19 16:00:00,618.971,723.547,155.171,125.109,627.037,226.975,93.828,87.978
2018-03-19 17:00:00,641.674,747.917,160.182,130.998,637.428,234.266,96.593,88.745
2018-03-19 18:00:00,691.827,778.087,164.818,138.416,691.336,250.329,103.204,99.342
2018-03-19 19:00:00,703.77,791.004,164.046,138.848,694.3,249.155,105.608,105.355
2018-03-19 20:00:00,685.487,753.242,159.093,136.88,685.7,241.813,101.26,106.761
2018-03-19 21:00:00,623.023,669.068,148.808,130.097,643.623,219.736,93.9,93.961
2018-03-19 22:00:00,576.414,614.863,135.975,118.728,606.591,209.561,85.04,86.373
2018-03-19 23:00:00,555.257,573.237,127.692,112.929,571.225,210.515,82.324,84.232
2018-03-20 00:00:00,535.506,567.08,124.89,108.766,549.928,201.745,78.546,78.891
2018-03-20 01:00:00,523.172,581.294,130.829,112.602,559.203,200.424,76.631,75.731
2018-03-20 02:00:00,526.369,591.04,140.206,112.047,556.253,208.24,79.358,77.937
2018-03-20 03:00:00,538.673,618.541,149.867,116.65,569.757,224.3,85.071,83.554
2018-03-20 04:00:00,591.608,682.378,156.035,129.042,617.205,249.704,96.938,94.468
2018-03-20 05:00:00,707.046,777.144,179.079,151.982,706.467,289.296,117.583,108.224
2018-03-20 06:00:00,768.633,830.242,194.011,165.407,773.78,308.955,125.231,114.731
2018-03-20 07:00:00,806.332,856.169,194.978,167.559,795.92,297.883,121.586,113.022
2018-03-20 08:00:00,792.82,860.312,190.005,166.164,789.843,277.51,114.723,112.66
2018-03-20 09:00:00,767.079,857.339,178.336,161.647,767.123,266.429,111.869,104.823
2018-03-20 10:00:00,741.667,835.271,168.23,146.588,738.692,243.395,107.394,98.674
2018-03-20 11:00:00,712.137,805.353,159.808,143.051,722.374,226.59,102.176,89.926
2018-03-20 12:00:00,676.953,753.404,153.719,137.838,688.83,212.953,95.52,93.156
2018-03-20 13:00:00,645.744,720.185,147.983,125.711,640.068,206.025,89.193,82.275
2018-03-20 14:00:00,631.141,709.479,140.029,124.527,620.379,199.608,88.301,77.384
2018-03-20 15:00:00,638.624,710.49,146.099,129.346,641.525,213.126,93.946,80.531
2018-03-20 16:00:00,665.901,735.296,159.253,127.817,654.721,229.525,97.676,85.859
2018-03-20 17:00:00,683.438,760.917,160.404,135.071,668.4,240.43,103.086,91.673
2018-03-20 18:00:00,704.55,791.377,165.342,139.888,699.402,247.512,111.352,95.004
2018-03-20 19:00:00,693.188,777.278,167.249,139.416,699.774,252.324,105.233,97.069
2018-03-20 20:00:00,657.882,747.372,154.825,129.988,661.163,228.62,94.916,95.002
2018-03-20 21:00:00,582.451,672.171,135.877,117.595,576.326,218.969,90.222,91.743
2018-03-20 22:00:00,509.855,590.533,122.797,101.459,518.885,200.731,83.857,80.865
2018-03-20 23:00:00,479.758,541.885,116.381,93.92,486.89,188.303,76.098,75.784
2018-03-21 00:00:00,458.505,537.669,113.68,90.472,468.935,175.812,69.804,71.326
2018-03-21 01:00:00,452.414,545.703,113.866,93.354,469.007,167.232,67.499,67.291
2018-03-21 02:00:00,449.646,552.283,120.195,95.332,478.218,170.9,69.004,69.162
2018-03-21 03:00:00,472.915,583.611,128.284,101.896,497.424,181.38,72.207,69.47
2018-03-21 04:00:00,532.91,635.751,133.83,110.878,540.809,194.627,78.751,74.539
2018-03-21 05:00:00,638.952,726.004,154.155,134.474,636.845,231.965,94.298,87.655
2018-03-21 06:00:00,697.763,798.986,175.453,146.688,700.109,254.12,103.264,96.079
2018-03-21 07:00:00,749.332,842.969,181.057,152.477,743.581,270.028,110.571,106.986
2018-03-21 08:00:00,775.557,882.722,184.628,159.77,772.154,272.178,115.465,112.194
2018-03-21 09:00:00,779.615,908.631,189.462,170.595,819.369,276.208,116.211,111.441
2018-03-21 10:00:00,775.732,896.773,188.15,168.404,846.89,274.731,115.141,107.267
2018-03-21 11:00:00,769.828,862.197,189.689,158.62,815.16,262.08,109.888,106.194
2018-03-21 12:00:00,716.084,847.009,178.955,147.49,748.358,247.751,103.64,100.601
2018-03-21 13:00:00,691.995,832.591,162.288,135.748,704.425,243.719,103.588,93.385
2018-03-21 14:00:00,652.0,809.94,153.165,137.016,687.959,233.872,96.554,88.258
2018-03-21 15:00:00,663.421,787.693,156.995,131.468,675.25,243.91,101.996,91.743
2018-03-21 16:00:00,717.172,805.348,167.305,140.789,720.937,266.537,108.775,96.763
2018-03-21 17:00:00,717.862,808.665,172.09,154.825,756.747,273.39,109.546,102.287
2018-03-21 18:00:00,745.182,848.75,186.871,164.924,799.729,290.496,116.761,107.496
2018-03-21 19:00:00,747.673,857.668,193.834,162.833,770.347,283.204,115.084,111.737
2018-03-21 20:00:00,703.354,826.482,179.865,150.001,731.066,258.663,108.576,106.065
2018-03-21 21:00:00,620.105,717.29,167.053,132.561,656.927,237.081,100.051,97.707
2018-03-21 22:00:00,568.27,628.653,153.583,118.547,596.432,211.975,86.931,91.768
2018-03-21 23:00:00,516.715,572.377,144.554,110.924,562.074,200.196,80.917,84.163
2018-03-22 00:00:00,487.741,566.977,128.06,101.82,528.58,185.045,76.145,76.494
2018-03-22 01:00:00,488.113,584.314,127.742,102.827,517.259,174.742,69.507,70.861
2018-03-22 02:00:00,499.677,560.426,132.646,106.659,523.821,171.272,68.309,64.833
2018-03-22 03:00:00,502.184,568.378,135.465,108.486,530.805,178.143,69.775,67.163
2018-03-22 04:00:00,544.204,601.024,133.726,113.603,558.346,195.119,76.234,74.836
2018-03-22 05:00:00,645.971,697.525,155.346,136.69,631.825,225.294,93.892,86.77
2018-03-22 06:00:00,699.577,775.988,174.126,139.659,655.307,255.451,104.577,95.929
2018-03-22 07:00:00,728.631,796.191,174.854,146.273,701.22,266.886,107.586,104.798
2018-03-22 08:00:00,720.806,817.14,171.868,147.521,701.817,253.712,102.705,103.653
2018-03-22 09:00:00,714.34,818.101,167.578,142.944,684.909,257.47,102.689,109.161
2018-03-22 10:00:00,688.667,781.122,152.933,128.712,654.811,236.689,98.945,99.905
2018-03-22 11:00:00,662.982,769.437,145.289,117.785,630.161,231.546,106.391,93.569
2018-03-22 12:00:00,619.667,726.968,136.238,113.084,590.764,215.247,101.357,89.067
2018-03-22 13:00:00,582.173,686.819,124.2,104.285,547.836,192.379,87.029,81.81
2018-03-22 14:00:00,566.182,679.772,121.345,100.356,527.106,185.546,81.31,71.73
2018-03-22 15:00:00,586.456,677.527,126.892,103.177,535.626,187.098,83.067,73.406
2018-03-22 16:00:00,584.802,693.666,137.077,105.53,556.455,196.829,86.72,78.844
2018-03-22 17:00:00,594.824,707.818,134.033,114.357,575.027,204.206,89.758,79.947
2018-03-22 18:00:00,610.618,735.185,142.321,120.022,615.95,227.784,95.727,85.193
2018-03-22 19:00:00,623.555,728.43,149.052,120.941,611.154,225.166,97.912,90.441
2018-03-22 20:00:00,600.834,687.78,142.144,114.693,587.108,215.01,92.643,90.038
2018-03-22 21:00:00,527.998,609.671,132.791,102.978,528.718,188.084,84.394,78.891
2018-03-22 22:00:00,475.955,555.529,112.268,93.224,482.934,168.058,76.44,70.561
2018-03-22 23:00:00,436.265,522.901,107.471,91.149,464.156,161.854,68.611,66.039
2018-03-23 00:00:00,425.844,507.008,104.989,89.239,449.924,158.928,63.75,63.992
2018-03-23 01:00:00,430.117,506.326,104.285,89.556,457.902,170.344,66.203,67.145
2018-03-23 02:00:00,441.964,508.212,107.605,91.578,463.894,178.604,69.687,68.56
2018-03-23 03:00:00,476.317,527.279,111.809,95.427,472.019,190.757,72.466,71.652
2018-03-23 04:00:00,539.389,574.417,120.524,105.626,517.955,206.709,81.269,75.538
2018-03-23 05:00:00,646.47,667.626,142.572,132.493,606.601,233.602,96.753,88.541
2018-03-23 06:00:00,713.294,722.249,158.58,144.237,665.352,252.209,105.954,97.044
2018-03-23 07:00:00,724.417,765.39,157.245,133.506,672.19,252.192,104.837,101.425
2018-03-23 08:00:00,703.906,765.901,157.523,130.303,661.35,239.469,98.131,98.78
2018-03-23 09:00:00,684.491,770.055,154.207,133.571,653.051,227.9,102.548,93.972
2018-03-23 10:00:00,663.689,760.032,149.216,125.763,639.179,211.21,95.898,92.647
2018-03-23 11:00:00,636.667,730.992,139.119,112.052,616.348,203.649,95.066,90.239
2018-03-23 12:00:00,603.776,704.02,129.186,109.484,577.928,196.68,85.713,82.054
2018-03-23 13:00:00,573.476,670.548,121.159,104.236,534.57,184.296,78.578,70.589
2018-03-23 14:00:00,562.521,652.823,117.761,102.76,517.624,182.363,81.026,71.253
2018-03-23 15:00:00,565.312,660.647,124.32,103.126,531.432,185.365,86.127,74.529
2018-03-23 16:00:00,604.729,697.117,136.854,108.094,555.341,197.646,95.573,80.703
2018-03-23 17:00:00,632.159,724.934,139.712,115.825,596.574,213.096,92.271,83.651
2018-03-23 18:00:00,664.605,745.856,154.073,122.281,637.07,222.427,96.08,93.002
2018-03-23 19:00:00,654.657,741.509,153.978,125.179,651.334,215.058,98.335,94.624
2018-03-23 20:00:00,611.816,688.206,144.85,125.826,622.323,206.817,89.234,88.111
2018-03-23 21:00:00,551.868,618.276,131.19,109.066,549.677,189.454,80.864,77.668
2018-03-23 22:00:00,477.307,546.179,113.411,96.123,483.671,168.349,70.799,70.748
2018-03-23 23:00:00,443.45,514.254,104.019,84.744,446.126,157.074,63.551,67.872
2018-03-24 00:00:00,429.308,493.96,99.917,81.676,437.407,152.108,59.604,62.602
2018-03-24 01:00:00,431.028,505.042,100.196,86.616,454.501,150.555,57.86,62.52
2018-03-24 02:00:00,432.08,512.668,104.014,87.112,456.919,150.629,59.892,61.349
2018-03-24 03:00:00,440.26,524.4,109.484,91.593,473.233,161.667,62.386,63.493
2018-03-24 04:00:00,466.607,550.007,115.385,97.241,494.774,170.541,64.852,65.7
2018-03-24 05:00:00,543.675,612.808,136.293,112.539,537.482,191.368,73.011,72.313
2018-03-24 06:00:00,575.768,623.223,142.852,114.492,551.144,201.499,80.934,74.562
2018-03-24 07:00:00,599.314,662.963,149.43,119.797,588.714,216.936,86.708,81.686
2018-03-24 08:00:00,632.417,682.867,144.37,118.463,600.275,223.561,91.819,83.135
2018-03-24 09:00:00,611.022,673.7,142.434,115.693,582.58,211.865,87.98,83.418
2018-03-24 10:00:00,578.137,656.987,138.488,117.554,572.058,201.629,86.455,78.64
2018-03-24 11:00:00,571.764,640.274,129.984,112.097,558.108,196.49,85.458,78.998
2018-03-24 12:00:00,556.418,628.002,125.006,106.286,531.968,186.984,82.372,80.308
2018-03-24 13:00:00,520.451,608.337,118.019,106.454,520.007,186.185,81.535,74.514
2018-03-24 14:00:00,523.587,600.343,117.082,98.346,508.405,182.731,86.149,75.322
2018-03-24 15:00:00,539.219,630.747,120.358,103.647,514.903,190.943,88.4,79.195
2018-03-24 16:00:00,575.189,669.75,133.705,110.797,544.981,200.908,86.86,81.877
2018-03-24 17:00:00,593.444,681.12,139.201,114.356,564.313,212.281,89.544,83.54
2018-03-24 18:00:00,635.342,728.18,148.919,122.474,614.751,220.948,93.896,87.894
2018-03-24 19:00:00,660.763,717.34,153.864,124.247,635.754,235.312,96.023,92.561
2018-03-24 20:00:00,627.393,675.176,151.615,115.722,601.765,227.932,89.463,93.921
2018-03-24 21:00:00,550.36,609.549,132.524,104.586,540.889,198.558,77.066,82.624
2018-03-24 22:00:00,475.322,539.426,114.848,95.455,477.129,174.598,71.251,72.452
2018-03-24 23:00:00,452.026,502.382,108.462,87.541,443.063,168.512,66.766,69.538
2018-03-25 00:00:00,436.074,484.334,103.674,81.016,420.98,163.285,62.941,63.715
2018-03-25 01:00:00,428.042,494.441,103.079,82.252,421.3,163.643,63.033,63.366
2018-03-25 02:00:00,433.643,496.798,108.051,85.316,425.269,161.131,62.957,61.388
2018-03-25 03:00:00,454.354,512.723,109.065,89.753,448.005,175.038,66.401,63.969
2018-03-25 04:00:00,474.213,547.33,117.129,94.7,477.468,184.042,71.155,67.086
2018-03-25 05:00:00,536.745,588.098,130.107,109.315,522.029,203.342,81.061,72.018
2018-03-25 06:00:00,553.897,608.033,140.825,114.984,549.848,225.066,82.847,78.94
2018-03-25 07:00:00,602.942,665.364,154.075,126.677,610.653,245.68,93.941,88.637
2018-03-25 08:00:00,636.023,705.074,166.855,137.084,643.795,242.047,98.603,92.279
2018-03-25 09:00:00,640.521,722.118,163.483,135.499,643.196,254.135,104.614,102.435
2018-03-25 10:00:00,619.988,710.238,161.852,137.178,646.08,251.656,103.295,96.6
2018-03-25 11:00:00,615.82,689.428,162.192,134.304,622.927,245.993,101.441,96.764
2018-03-25 12:00:00,585.135,641.908,148.333,118.406,589.974,227.003,95.646,91.116
2018-03-25 13:00:00,557.581,608.488,138.694,111.56,543.617,220.096,87.879,82.064
2018-03-25 14:00:00,543.521,605.629,132.417,115.013,526.503,219.163,90.528,80.531
2018-03-25 15:00:00,534.792,631.152,139.062,113.713,539.197,217.367,89.263,81.848
2018-03-25 16:00:00,563.478,652.74,142.893,116.007,565.807,212.233,93.539,80.088
2018-03-25 17:00:00,590.884,654.235,142.281,122.201,599.998,220.026,98.143,89.392
2018-03-25 18:00:00,647.075,702.716,154.418,132.72,635.297,235.381,101.287,96.823
2018-03-25 19:00:00,651.741,716.619,163.11,129.209,647.851,247.849,104.816,101.552
2018-03-25 20:00:00,635.599,682.836,150.171,124.921,623.146,244.4,103.11,96.864
2018-03-25 21:00:00,567.872,640.566,135.014,119.865,578.081,228.564,93.192,91.732
2018-03-25 22:00:00,514.628,601.2,122.012,112.474,542.121,217.997,85.68,84.654
2018-03-25 23:00:00,501.242,572.739,115.75,109.136,534.932,207.927,81.041,83.463
2018-03-26 00:00:00,494.173,568.611,116.546,103.411,529.786,200.219,76.25,80.775
2018-03-26 01:00:00,503.155,572.243,120.288,108.52,544.339,204.14,76.817,78.11
2018-03-26 02:00:00,516.989,582.162,127.406,113.07,556.883,206.899,80.047,77.515
2018-03-26 03:00:00,546.934,608.438,131.036,117.0,569.906,219.841,84.73,80.829
2018-03-26 04:00:00,605.938,663.18,135.552,127.355,620.822,238.99,93.398,88.742
2018-03-26 05:00:00,728.038,759.227,158.581,152.451,702.175,273.002,111.351,104.995
2018-03-26 06:00:00,784.682,795.364,173.052,155.56,737.918,296.033,116.737,110.913
2018-03-26 07:00:00,752.606,815.168,173.49,148.925,722.925,281.108,107.844,110.326
2018-03-26 08:00:00,716.053,813.469,164.295,142.034,693.855,252.944,100.505,105.57
2018-03-26 09:00:00,707.613,791.946,158.662,136.431,670.582,245.166,102.69,103.429
2018-03-26 10:00:00,668.151,781.912,153.859,128.74,672.424,226.315,99.669,101.298
2018-03-26 11:00:00,650.807,748.465,141.262,119.739,649.059,219.401,98.324,93.978
2018-03-26 12:00:00,613.454,704.732,133.695,111.908,591.756,206.603,98.36,87.941
2018-03-26 13:00:00,573.229,677.593,129.922,103.745,554.313,192.299,86.261,81.273
2018-03-26 14:00:00,560.289,656.512,121.614,99.862,517.509,187.745,80.082,75.838
2018-03-26 15:00:00,561.547,651.241,119.415,103.742,531.179,190.724,81.635,75.44
2018-03-26 16:00:00,578.617,675.236,129.592,107.52,557.305,198.886,87.701,82.209
2018-03-26 17:00:00,587.7,690.577,133.188,115.641,583.949,216.981,91.192,82.608
2018-03-26 18:00:00,629.559,717.071,148.145,121.159,613.03,229.12,101.875,91.19
2018-03-26 19:00:00,635.786,721.852,147.277,129.416,645.807,233.172,99.827,93.969
2018-03-26 20:00:00,608.46,685.62,143.675,128.295,639.236,239.87,99.4,97.168
2018-03-26 21:00:00,556.878,608.275,128.942,115.795,577.975,225.158,100.763,88.922
2018-03-26 22:00:00,516.808,560.186,115.518,104.007,530.857,204.828,85.739,81.38
2018-03-26 23:00:00,482.003,539.701,111.142,101.149,514.673,201.399,80.396,77.763
2018-03-27 00:00:00,472.438,536.495,110.804,102.102,513.422,194.253,77.155,76.097
2018-03-27 01:00:00,487.711,542.078,114.472,107.402,526.254,193.541,75.062,75.089
2018-03-27 02:00:00,496.324,562.985,120.435,110.278,537.425,200.267,76.811,76.164
2018-03-27 03:00:00,523.041,597.328,126.336,115.147,563.32,211.413,81.283,79.465
2018-03-27 04:00:00,574.437,651.315,132.941,126.655,613.411,237.604,93.624,88.389
2018-03-27 05:00:00,698.059,763.543,155.449,157.023,699.215,276.565,112.04,102.467
2018-03-27 06:00:00,745.969,810.468,171.007,162.836,748.848,291.476,116.648,108.261
2018-03-27 07:00:00,752.205,822.354,171.88,152.953,742.657,275.84,115.605,109.53
2018-03-27 08:00:00,728.149,806.305,165.223,144.875,697.255,245.285,103.687,99.173
2018-03-27 09:00:00,707.045,785.118,159.012,133.601,664.12,235.777,103.94,97.329
2018-03-27 10:00:00,668.155,766.434,154.511,126.13,648.749,216.348,97.712,97.584
2018-03-27 11:00:00,646.497,743.394,141.54,118.818,628.311,202.634,91.211,90.346
2018-03-27 12:00:00,594.043,696.101,135.38,109.399,588.814,183.768,85.715,81.569
2018-03-27 13:00:00,572.942,661.185,119.496,102.0,528.254,175.576,79.379,70.066
2018-03-27 14:00:00,565.68,644.208,115.546,101.255,515.157,173.36,77.048,67.058
2018-03-27 15:00:00,576.759,648.657,124.121,104.815,520.575,176.171,80.181,70.361
2018-03-27 16:00:00,605.416,662.606,134.053,110.18,554.896,194.069,86.453,75.13
2018-03-27 17:00:00,623.778,693.33,138.512,115.449,591.455,199.025,90.454,75.48
2018-03-27 18:00:00,637.155,707.604,148.838,121.716,631.3,210.598,99.316,77.154
2018-03-27 19:00:00,660.936,689.845,155.665,127.251,631.012,211.453,87.949,86.045
2018-03-27 20:00:00,612.04,644.931,139.957,112.114,591.59,205.603,84.176,79.872
2018-03-27 21:00:00,538.019,580.678,121.695,100.201,531.701,176.672,74.906,72.572
2018-03-27 22:00:00,478.728,503.694,104.59,86.322,464.179,162.235,68.663,65.591
2018-03-27 23:00:00,434.729,459.439,99.016,80.069,427.489,148.653,62.216,58.929
2018-03-28 00:00:00,411.16,452.826,92.748,79.381,410.811,140.507,55.49,55.675
2018-03-28 01:00:00,410.403,443.898,94.295,79.833,412.223,134.064,53.992,54.613
2018-03-28 02:00:00,414.936,450.153,97.332,80.074,410.812,134.347,54.569,53.799
2018-03-28 03:00:00,436.927,470.978,101.521,82.235,422.302,142.353,56.596,56.826
2018-03-28 04:00:00,487.216,525.246,109.717,89.511,452.618,152.794,64.506,63.022
2018-03-28 05:00:00,592.382,621.142,133.918,111.971,538.432,182.796,81.329,73.513
2018-03-28 06:00:00,646.015,677.155,147.303,127.953,595.855,212.518,87.994,86.287
2018-03-28 07:00:00,695.322,734.311,155.151,132.371,651.539,228.667,93.617,91.697
2018-03-28 08:00:00,706.789,765.373,162.169,140.684,681.428,226.953,93.433,92.258
2018-03-28 09:00:00,705.459,764.799,159.163,135.431,670.388,232.309,95.888,95.431
2018-03-28 10:00:00,680.793,754.369,144.708,125.468,648.447,214.653,92.83,99.89
2018-03-28 11:00:00,635.454,728.191,141.822,117.945,623.969,196.684,92.412,87.931
2018-03-28 12:00:00,577.233,682.495,131.333,106.251,567.789,184.121,81.193,85.533
2018-03-28 13:00:00,549.073,658.605,117.013,96.952,519.695,172.036,70.912,69.7
2018-03-28 14:00:00,532.144,644.058,111.459,95.517,501.21,166.591,70.724,65.031
2018-03-28 15:00:00,535.199,644.557,116.593,98.421,516.588,172.263,75.28,69.376
2018-03-28 16:00:00,558.341,659.398,125.004,100.364,544.433,190.713,81.375,71.96
2018-03-28 17:00:00,572.177,660.229,135.795,105.94,571.371,196.986,85.22,78.665
2018-03-28 18:00:00,593.558,675.889,136.45,117.326,590.142,197.768,84.947,77.697
2018-03-28 19:00:00,593.481,673.926,135.814,115.943,596.614,196.773,86.109,77.327
2018-03-28 20:00:00,571.194,642.752,120.885,112.207,581.399,189.863,78.668,75.751
2018-03-28 21:00:00,511.71,547.309,105.425,92.646,505.492,170.387,71.112,69.51
2018-03-28 22:00:00,437.557,462.939,92.067,81.88,432.682,150.659,61.404,63.116
2018-03-28 23:00:00,390.693,422.24,86.089,80.558,404.706,143.714,57.947,59.564
2018-03-29 00:00:00,359.511,405.54,82.347,77.599,395.123,134.058,52.872,55.152
2018-03-29 01:00:00,352.497,402.014,78.107,76.971,387.403,131.519,52.168,52.592
2018-03-29 02:00:00,358.811,413.942,82.853,76.337,394.913,133.217,53.484,52.921
2018-03-29 03:00:00,377.395,453.673,89.618,79.581,411.602,147.177,57.273,56.213
2018-03-29 04:00:00,417.653,511.814,95.376,86.647,443.633,161.433,65.349,63.584
2018-03-29 05:00:00,515.484,596.474,112.684,104.706,510.886,179.296,82.238,74.182
2018-03-29 06:00:00,578.136,655.919,128.138,114.862,554.72,204.004,88.869,83.004
2018-03-29 07:00:00,624.65,705.549,129.929,117.693,586.868,206.366,87.942,82.226
2018-03-29 08:00:00,650.156,731.397,137.667,119.418,592.887,207.75,84.491,84.658
2018-03-29 09:00:00,636.156,734.18,135.818,117.019,589.124,203.996,85.691,87.821
2018-03-29 10:00:00,642.595,730.365,133.092,116.812,596.328,195.571,80.767,85.049
2018-03-29 11:00:00,634.061,715.945,131.949,112.949,610.763,188.304,80.192,81.742
2018-03-29 12:00:00,605.883,696.802,130.636,109.157,594.851,176.202,81.776,76.021
2018-03-29 13:00:00,577.429,675.015,121.449,103.195,566.411,176.071,87.758,69.307
2018-03-29 14:00:00,573.733,652.602,123.118,105.665,547.857,172.887,81.508,68.254
2018-03-29 15:00:00,581.088,656.495,128.118,110.712,550.851,182.992,81.16,77.246
2018-03-29 16:00:00,597.923,677.895,129.736,116.412,569.503,200.92,85.495,78.825
2018-03-29 17:00:00,617.903,698.569,136.49,118.285,586.223,206.433,90.614,80.399
2018-03-29 18:00:00,634.674,705.871,150.563,122.744,610.693,215.504,97.735,84.274
2018-03-29 19:00:00,629.189,694.2,156.175,125.5,620.953,213.283,94.03,82.16
2018-03-29 20:00:00,586.177,649.567,140.226,110.165,580.523,204.806,88.327,80.533
2018-03-29 21:00:00,505.995,570.135,119.445,94.875,503.691,180.669,77.812,75.658
2018-03-29 22:00:00,441.991,489.193,98.137,82.79,429.348,156.246,65.993,68.005
2018-03-29 23:00:00,390.1,435.637,85.205,71.384,379.285,137.556,57.701,55.69
2018-03-30 00:00:00,358.06,405.959,80.07,66.536,355.667,122.482,51.139,49.981
2018-03-30 01:00:00,346.41,404.514,77.13,67.336,350.485,118.226,47.957,47.743
2018-03-30 02:00:00,349.137,407.057,78.772,66.243,350.472,114.786,49.512,46.563
2018-03-30 03:00:00,364.755,421.661,80.741,67.56,359.652,122.505,53.459,49.132
2018-03-30 04:00:00,406.441,461.397,87.431,75.326,384.205,132.265,56.805,52.92
2018-03-30 05:00:00,490.775,557.263,103.9,91.084,454.039,158.072,69.923,61.182
2018-03-30 06:00:00,556.395,622.036,121.0,107.321,523.501,173.537,78.389,71.666
2018-03-30 07:00:00,594.148,680.932,131.57,110.501,556.422,184.208,81.475,76.233
2018-03-30 08:00:00,613.491,704.272,135.98,116.626,586.38,184.887,80.919,77.397
2018-03-30 09:00:00,620.918,723.559,136.654,117.14,594.662,194.465,81.652,79.684
2018-03-30 10:00:00,608.025,717.064,131.107,110.593,602.995,186.986,80.857,81.543
2018-03-30 11:00:00,611.548,723.501,123.32,110.863,594.566,181.67,82.828,77.778
2018-03-30 12:00:00,579.373,699.606,122.825,106.442,564.665,178.481,79.072,76.499
2018-03-30 13:00:00,552.988,675.256,118.353,103.051,516.924,177.039,72.812,70.621
2018-03-30 14:00:00,539.625,651.997,116.037,101.305,497.92,175.775,79.066,68.822
2018-03-30 15:00:00,544.031,639.674,115.959,106.181,515.833,178.995,83.087,73.019
2018-03-30 16:00:00,575.26,673.21,121.423,104.345,552.587,198.906,86.819,75.695
2018-03-30 17:00:00,598.794,706.446,139.66,110.677,577.274,207.487,89.003,80.376
2018-03-30 18:00:00,652.332,728.015,144.747,124.36,619.307,220.979,99.095,85.704
2018-03-30 19:00:00,647.069,707.638,148.191,124.746,638.433,216.723,95.033,88.304
2018-03-30 20:00:00,608.81,664.913,133.42,116.992,594.86,209.14,85.892,83.475
2018-03-30 21:00:00,525.747,589.843,118.289,102.916,525.701,183.925,77.444,71.789
2018-03-30 22:00:00,464.569,517.056,103.836,91.333,465.222,155.2,66.928,70.086
2018-03-30 23:00:00,420.775,456.382,98.965,81.229,422.259,145.712,60.363,62.323
2018-03-31 00:00:00,399.776,447.428,94.511,75.898,400.154,139.985,55.379,58.678
2018-03-31 01:00:00,396.594,461.76,96.909,76.178,398.0,134.858,53.87,56.237
2018-03-31 02:00:00,403.558,464.882,97.774,77.072,404.931,136.75,55.987,56.774
2018-03-31 03:00:00,414.576,480.193,100.093,79.776,420.899,146.703,55.974,58.379
2018-03-31 04:00:00,432.405,498.259,104.651,84.405,438.332,154.676,59.171,61.973
2018-03-31 05:00:00,486.559,540.577,118.121,100.872,488.631,173.406,68.494,67.763
2018-03-31 06:00:00,516.955,568.83,126.347,106.872,514.573,185.846,74.466,67.941
2018-03-31 07:00:00,555.145,591.558,133.846,105.854,530.368,194.126,81.143,74.149
2018-03-31 08:00:00,561.118,621.456,133.499,112.681,539.275,201.621,81.126,76.992
2018-03-31 09:00:00,556.247,623.724,129.81,112.985,540.243,195.661,77.483,79.121
2018-03-31 10:00:00,546.611,616.496,113.44,104.939,523.851,181.308,78.25,74.702
2018-03-31 11:00:00,534.069,616.095,111.889,105.115,503.153,175.897,79.003,71.401
2018-03-31 12:00:00,503.587,592.2,109.335,100.533,483.326,170.611,71.411,62.556
2018-03-31 13:00:00,492.335,583.535,104.87,99.095,481.336,174.394,65.846,61.211
2018-03-31 14:00:00,500.079,588.901,107.162,98.746,487.497,164.192,65.689,63.771
2018-03-31 15:00:00,533.192,624.068,108.523,101.78,501.167,174.664,71.076,66.127
2018-03-31 16:00:00,558.043,657.384,112.693,104.949,534.59,188.163,81.318,65.77
2018-03-31 17:00:00,572.841,666.677,127.332,106.638,559.002,192.135,85.107,71.554
2018-03-31 18:00:00,606.789,694.448,142.886,114.099,606.536,208.008,87.618,79.231
2018-03-31 19:00:00,621.386,690.794,146.795,121.161,623.098,211.749,92.57,85.3
2018-03-31 20:00:00,591.9,652.477,136.449,113.776,595.799,200.882,90.02,81.526
2018-03-31 21:00:00,508.163,575.92,119.563,98.71,524.742,178.645,71.759,76.282
2018-03-31 22:00:00,433.787,513.659,105.177,86.361,463.09,160.185,65.005,66.959
2018-03-31 23:00:00,396.365,469.536,96.291,80.963,429.844,145.821,57.832,60.956
2018-04-01 00:00:00,368.804,445.48,88.266,75.917,399.135,134.096,50.67,56.749
2018-04-01 01:00:00,359.016,435.659,87.024,76.685,389.395,131.603,51.598,53.123
2018-04-01 02:00:00,361.952,437.873,88.376,74.666,385.383,131.06,52.33,52.046
2018-04-01 03:00:00,366.377,442.95,88.551,75.824,388.098,137.88,53.45,53.708
2018-04-01 04:00:00,382.401,452.282,90.591,77.363,407.343,144.813,55.895,55.411
2018-04-01 05:00:00,426.738,489.122,101.95,90.375,440.07,158.48,65.625,57.256
2018-04-01 06:00:00,458.14,507.753,111.929,94.049,457.41,166.643,69.369,62.325
2018-04-01 07:00:00,502.643,541.656,120.614,103.948,495.473,178.747,78.908,69.531
2018-04-01 08:00:00,538.859,581.658,126.533,108.241,513.849,186.587,80.719,70.816
2018-04-01 09:00:00,539.547,572.291,122.799,103.468,508.307,183.278,80.839,68.578
2018-04-01 10:00:00,526.95,539.579,118.943,100.072,503.409,178.501,82.153,68.767
2018-04-01 11:00:00,502.507,560.333,118.795,96.712,483.052,168.232,78.018,65.651
2018-04-01 12:00:00,501.505,570.542,111.067,92.776,470.526,170.441,75.898,63.991
2018-04-01 13:00:00,483.721,558.807,105.449,91.681,448.069,160.813,74.373,62.838
2018-04-01 14:00:00,475.546,539.582,102.943,94.473,454.792,162.715,69.863,66.475
2018-04-01 15:00:00,487.675,545.498,112.814,96.064,457.927,166.192,72.957,67.544
2018-04-01 16:00:00,503.054,572.216,112.88,96.436,492.561,172.546,79.323,69.158
2018-04-01 17:00:00,513.097,603.545,118.151,100.687,505.796,182.937,80.242,71.771
2018-04-01 18:00:00,543.566,634.34,125.065,105.943,545.454,190.652,85.299,74.447
2018-04-01 19:00:00,572.859,652.233,134.387,111.807,561.691,202.44,92.682,81.198
2018-04-01 20:00:00,572.093,648.692,137.191,115.156,561.161,213.596,90.547,83.54
2018-04-01 21:00:00,526.013,609.49,125.967,100.94,517.455,192.176,78.168,75.1
2018-04-01 22:00:00,448.393,546.605,108.026,88.338,461.369,171.731,66.527,70.251
2018-04-01 23:00:00,416.195,512.775,98.959,83.756,434.407,157.923,61.73,62.935
2018-04-02 00:00:00,411.323,489.616,97.72,81.291,432.201,154.253,60.168,60.525
2018-04-02 01:00:00,408.671,480.884,100.788,83.636,425.97,153.676,62.006,59.621
2018-04-02 02:00:00,425.982,487.942,103.787,85.067,434.169,153.837,60.396,60.225
2018-04-02 03:00:00,467.837,512.588,113.516,92.685,461.822,165.252,66.926,61.86
2018-04-02 04:00:00,524.623,576.032,123.862,105.525,515.075,184.576,74.141,72.541
2018-04-02 05:00:00,631.45,668.387,146.286,133.038,597.957,215.403,89.94,82.633
2018-04-02 06:00:00,701.323,736.317,163.512,144.526,665.89,245.43,97.533,97.212
2018-04-02 07:00:00,738.626,803.613,171.224,151.199,720.771,259.223,102.672,101.578
2018-04-02 08:00:00,768.136,847.318,175.166,155.093,748.833,269.915,102.105,107.585
2018-04-02 09:00:00,765.178,874.835,182.252,163.302,768.589,277.204,109.199,110.615
2018-04-02 10:00:00,748.731,861.252,173.741,155.091,765.363,270.54,110.734,111.306
2018-04-02 11:00:00,716.201,819.155,163.613,145.245,743.044,256.787,110.025,98.895
2018-04-02 12:00:00,676.405,770.933,158.064,134.833,685.095,235.65,105.134,94.012
2018-04-02 13:00:00,628.496,742.25,146.903,123.021,622.689,215.624,90.672,84.259
2018-04-02 14:00:00,596.147,708.926,143.179,120.569,593.13,223.62,91.589,81.155
2018-04-02 15:00:00,593.092,692.789,143.807,117.106,571.985,219.696,87.037,83.088
2018-04-02 16:00:00,599.084,689.76,139.712,115.513,575.836,227.94,90.353,88.867
2018-04-02 17:00:00,605.392,690.877,142.137,112.512,582.229,227.947,96.969,83.655
2018-04-02 18:00:00,623.35,714.126,146.408,121.145,607.691,239.528,100.962,90.121
2018-04-02 19:00:00,658.867,729.703,153.912,133.192,634.135,240.851,102.723,96.538
2018-04-02 20:00:00,657.127,710.008,155.247,130.306,640.356,248.069,99.338,98.965
2018-04-02 21:00:00,586.653,630.705,140.374,115.122,585.426,227.782,91.513,93.657
2018-04-02 22:00:00,513.248,552.88,120.898,104.973,515.241,202.737,80.471,83.826
2018-04-02 23:00:00,484.569,530.592,113.821,97.623,496.741,190.263,75.306,76.768
2018-04-03 00:00:00,468.369,514.197,112.288,97.893,491.82,188.196,72.605,73.104
2018-04-03 01:00:00,476.406,506.37,114.336,100.282,500.959,183.589,70.21,69.434
2018-04-03 02:00:00,491.876,520.111,122.607,104.287,517.594,187.129,72.549,70.98
2018-04-03 03:00:00,514.907,555.564,127.324,108.026,534.452,198.411,77.057,74.343
2018-04-03 04:00:00,555.851,608.78,132.544,116.997,579.652,214.609,83.766,80.325
2018-04-03 05:00:00,655.156,687.078,154.424,141.511,656.838,241.236,100.985,94.172
2018-04-03 06:00:00,717.403,738.516,169.286,147.955,709.108,262.997,107.106,100.174
2018-04-03 07:00:00,731.023,766.502,166.971,146.473,721.404,246.698,102.13,101.468
2018-04-03 08:00:00,732.395,765.696,158.584,137.256,688.575,237.439,94.008,100.127
2018-04-03 09:00:00,714.764,777.861,163.755,147.199,675.167,230.464,98.726,97.176
2018-04-03 10:00:00,691.819,777.37,156.433,139.402,698.804,229.1,100.517,96.389
2018-04-03 11:00:00,679.877,766.288,150.077,130.732,676.377,227.795,97.814,89.421
2018-04-03 12:00:00,645.553,742.363,142.633,126.227,639.903,222.096,90.442,87.031
2018-04-03 13:00:00,608.233,726.37,138.762,120.747,612.923,205.06,93.269,80.555
2018-04-03 14:00:00,603.443,716.498,136.409,118.491,604.474,203.881,88.327,76.99
2018-04-03 15:00:00,613.293,723.807,142.726,116.817,611.573,206.722,88.798,78.761
2018-04-03 16:00:00,626.402,743.134,147.568,127.749,621.002,221.395,91.039,84.585
2018-04-03 17:00:00,639.915,750.741,150.656,121.011,630.506,227.245,90.114,86.559
2018-04-03 18:00:00,652.833,772.386,154.608,135.048,655.98,236.973,98.768,90.73
2018-04-03 19:00:00,663.157,767.084,160.474,138.697,663.913,239.342,103.685,95.958
2018-04-03 20:00:00,642.071,724.629,160.448,127.476,648.732,232.447,102.517,91.604
2018-04-03 21:00:00,566.854,642.648,140.322,114.976,587.124,206.758,92.875,80.748
2018-04-03 22:00:00,501.509,558.814,116.77,100.865,506.869,182.478,79.195,73.116
2018-04-03 23:00:00,453.644,510.701,105.45,89.429,469.331,169.869,71.931,66.109
2018-04-04 00:00:00,424.337,487.048,99.882,85.091,445.632,151.217,61.328,61.277
2018-04-04 01:00:00,421.653,480.401,100.749,86.672,441.536,148.055,58.774,59.657
2018-04-04 02:00:00,424.132,486.122,103.714,85.427,439.015,147.838,59.594,57.772
2018-04-04 03:00:00,440.562,505.456,106.595,86.887,447.365,157.052,62.985,60.426
2018-04-04 04:00:00,478.427,546.501,111.232,94.751,477.103,168.186,70.631,64.138
2018-04-04 05:00:00,562.185,633.045,130.754,115.421,542.7,193.565,85.937,76.814
2018-04-04 06:00:00,619.612,688.365,148.649,126.361,605.376,213.778,91.293,89.477
2018-04-04 07:00:00,659.142,741.529,153.053,127.235,645.606,228.05,92.058,91.808
2018-04-04 08:00:00,678.215,766.105,147.084,127.887,654.045,226.781,96.551,91.645
2018-04-04 09:00:00,673.206,778.438,148.968,130.642,654.251,235.556,98.327,91.59
2018-04-04 10:00:00,643.119,790.456,143.375,121.595,644.614,213.461,99.165,88.276
2018-04-04 11:00:00,610.988,769.172,134.024,120.069,645.339,213.304,91.556,85.424
2018-04-04 12:00:00,573.638,737.099,127.095,114.805,594.078,192.167,85.562,84.359
2018-04-04 13:00:00,551.797,696.744,116.469,101.181,551.396,178.273,77.925,72.76
2018-04-04 14:00:00,548.362,676.762,114.221,97.83,527.634,175.768,73.354,69.641
2018-04-04 15:00:00,554.827,671.11,118.526,102.016,523.56,183.658,78.415,71.039
2018-04-04 16:00:00,573.581,679.717,128.809,103.153,539.624,197.425,91.457,73.1
2018-04-04 17:00:00,585.472,668.487,126.377,105.514,550.115,197.673,87.338,78.52
2018-04-04 18:00:00,604.948,691.301,131.202,118.223,594.302,208.289,89.586,85.035
2018-04-04 19:00:00,625.109,711.307,144.043,126.481,626.005,223.602,94.368,85.387
2018-04-04 20:00:00,616.756,697.32,138.352,123.891,613.092,213.755,89.453,85.862
2018-04-04 21:00:00,581.138,632.637,126.206,107.41,556.446,195.172,88.335,81.942
2018-04-04 22:00:00,507.24,565.831,115.704,95.658,502.091,176.334,79.285,73.007
2018-04-04 23:00:00,466.154,544.74,106.475,88.608,461.956,152.489,65.634,63.756
2018-04-05 00:00:00,459.837,544.733,106.981,86.95,448.383,151.14,62.165,61.219
2018-04-05 01:00:00,450.405,548.988,109.688,90.258,453.846,158.848,62.936,61.829
2018-04-05 02:00:00,473.772,578.754,112.717,92.184,463.886,165.949,67.38,64.822
2018-04-05 03:00:00,481.512,635.975,115.157,97.774,488.461,179.567,70.354,66.863
2018-04-05 04:00:00,525.046,627.922,123.252,107.143,539.913,196.198,79.238,75.25
2018-04-05 05:00:00,635.866,695.06,146.567,129.655,608.449,227.205,98.059,88.665
2018-04-05 06:00:00,699.522,773.102,159.812,142.051,649.461,249.965,103.822,97.42
2018-04-05 07:00:00,741.617,831.935,163.453,141.584,668.469,260.157,104.406,103.355
2018-04-05 08:00:00,744.432,843.405,160.144,140.563,691.696,259.83,99.912,102.686
2018-04-05 09:00:00,729.884,823.979,157.255,143.023,693.328,250.386,103.054,103.001
2018-04-05 10:00:00,687.87,803.65,154.367,134.346,694.716,241.129,107.825,101.2
2018-04-05 11:00:00,654.871,827.035,146.824,126.165,660.474,231.248,105.913,96.337
2018-04-05 12:00:00,644.939,776.606,142.641,115.561,622.174,223.423,95.595,90.591
2018-04-05 13:00:00,626.119,722.437,139.57,114.287,596.315,219.021,89.056,82.127
2018-04-05 14:00:00,600.084,707.011,130.453,109.846,572.499,213.411,86.397,80.318
2018-04-05 15:00:00,612.001,727.469,133.101,112.995,588.855,218.15,92.222,82.733
2018-04-05 16:00:00,602.992,755.173,137.144,117.914,621.559,220.006,90.229,82.874
2018-04-05 17:00:00,606.057,752.223,141.899,122.262,634.585,216.334,89.913,86.222
2018-04-05 18:00:00,639.182,771.197,147.187,130.777,637.128,235.306,96.441,89.08
2018-04-05 19:00:00,663.947,770.661,156.614,128.461,645.869,247.718,100.898,95.838
2018-04-05 20:00:00,651.958,757.144,151.593,135.899,671.081,241.121,97.412,97.189
2018-04-05 21:00:00,590.77,664.7,133.972,130.051,655.74,223.705,95.182,92.113
2018-04-05 22:00:00,533.828,584.489,120.268,119.186,579.075,207.894,84.064,84.934
2018-04-05 23:00:00,509.655,554.042,113.335,108.589,550.844,202.037,79.266,81.053
2018-04-06 00:00:00,498.478,549.889,112.567,105.529,534.29,194.118,75.424,73.813
2018-04-06 01:00:00,504.829,559.033,116.771,111.609,546.799,195.009,74.824,74.53
2018-04-06 02:00:00,515.26,569.122,122.795,114.561,565.114,199.893,77.651,76.541
2018-04-06 03:00:00,527.257,591.252,129.16,121.765,592.584,213.19,83.829,80.625
2018-04-06 04:00:00,560.656,643.665,136.711,131.16,633.321,233.503,92.414,88.131
2018-04-06 05:00:00,656.582,738.882,155.947,151.747,690.421,264.349,109.519,101.351
2018-04-06 06:00:00,720.139,790.019,167.802,161.301,743.737,290.488,117.263,106.565
2018-04-06 07:00:00,739.97,822.698,166.369,155.434,747.676,274.622,112.222,107.69
2018-04-06 08:00:00,740.481,820.533,165.584,155.21,734.864,256.925,104.711,106.742
2018-04-06 09:00:00,758.258,831.495,172.786,158.076,754.416,259.944,105.639,106.706
2018-04-06 10:00:00,742.188,840.361,176.373,159.853,766.282,258.708,107.062,105.611
2018-04-06 11:00:00,725.915,841.675,171.327,154.039,764.438,256.245,105.645,102.197
2018-04-06 12:00:00,686.187,826.7,163.984,146.87,730.829,248.462,104.465,99.414
2018-04-06 13:00:00,655.493,814.604,153.576,139.805,688.119,247.257,97.041,98.368
2018-04-06 14:00:00,598.753,791.119,143.866,135.404,648.516,240.894,99.817,94.64
2018-04-06 15:00:00,572.098,763.378,141.073,120.425,614.836,235.412,100.467,91.896
2018-04-06 16:00:00,557.054,748.62,134.447,112.389,578.794,226.743,93.266,91.794
2018-04-06 17:00:00,562.308,731.49,130.888,112.706,558.96,220.822,88.806,88.88
2018-04-06 18:00:00,576.905,731.587,138.667,114.495,572.703,221.261,95.325,89.997
2018-04-06 19:00:00,594.529,734.845,140.819,115.296,604.81,232.89,98.49,94.22
2018-04-06 20:00:00,584.453,719.696,129.897,118.33,592.827,234.736,96.224,95.183
2018-04-06 21:00:00,514.956,652.716,115.789,106.317,540.639,208.682,92.992,86.193
2018-04-06 22:00:00,438.941,568.249,104.028,91.482,464.872,181.772,78.816,77.181
2018-04-06 23:00:00,390.501,512.573,95.694,81.381,428.42,160.632,70.786,65.846
2018-04-07 00:00:00,376.961,482.306,90.854,80.59,417.727,150.757,61.155,63.055
2018-04-07 01:00:00,382.263,474.891,92.78,80.412,414.209,146.55,57.51,61.079
2018-04-07 02:00:00,395.498,482.316,97.207,80.051,418.409,146.776,63.51,60.988
2018-04-07 03:00:00,414.826,499.128,98.988,81.969,430.271,157.403,62.456,61.957
2018-04-07 04:00:00,425.259,522.889,102.927,85.18,449.126,169.072,63.835,67.102
2018-04-07 05:00:00,482.648,562.837,116.387,99.355,500.28,191.99,72.313,73.285
2018-04-07 06:00:00,543.051,608.035,130.521,110.287,535.259,211.564,81.847,79.916
2018-04-07 07:00:00,615.187,666.421,142.205,119.835,602.539,229.977,93.235,89.219
2018-04-07 08:00:00,639.539,715.803,151.099,133.729,655.956,238.323,98.926,92.7
2018-04-07 09:00:00,659.623,713.069,156.805,138.69,667.59,250.751,110.561,102.832
2018-04-07 10:00:00,655.426,698.983,157.778,130.2,651.359,232.108,98.101,90.967
2018-04-07 11:00:00,622.432,678.006,152.42,130.541,602.412,215.243,91.594,87.452
2018-04-07 12:00:00,591.124,656.666,143.405,113.834,558.235,198.446,91.634,77.877
2018-04-07 13:00:00,550.621,633.193,126.52,101.375,520.35,192.736,82.055,71.781
2018-04-07 14:00:00,528.642,615.157,122.081,101.044,504.251,188.451,83.397,72.235
2018-04-07 15:00:00,543.151,625.567,127.141,104.074,525.882,183.848,84.396,72.589
2018-04-07 16:00:00,560.554,653.509,129.199,104.77,537.977,191.174,86.084,75.077
2018-04-07 17:00:00,574.025,673.364,126.828,110.163,556.15,198.132,91.605,79.796
2018-04-07 18:00:00,607.851,708.237,140.34,113.716,590.388,208.311,88.899,87.206
2018-04-07 19:00:00,660.403,737.242,152.739,124.484,622.168,223.971,92.8,93.677
2018-04-07 20:00:00,646.585,725.308,152.621,125.476,631.7,227.978,93.134,95.126
2018-04-07 21:00:00,570.099,652.137,135.693,112.541,574.53,212.578,82.431,86.044
2018-04-07 22:00:00,510.431,570.502,121.956,104.595,515.615,187.94,75.331,76.573
2018-04-07 23:00:00,478.422,542.077,117.477,96.982,487.416,175.629,69.824,72.929
2018-04-08 00:00:00,458.317,523.906,115.835,91.865,473.229,165.264,64.221,66.358
2018-04-08 01:00:00,469.289,527.357,120.93,95.14,480.976,167.977,64.657,65.176
2018-04-08 02:00:00,473.629,530.315,125.227,98.275,489.28,173.959,66.9,66.792
2018-04-08 03:00:00,492.262,547.165,130.809,102.423,497.948,182.673,68.964,68.854
2018-04-08 04:00:00,514.158,572.88,139.232,107.805,526.548,190.53,72.324,71.61
2018-04-08 05:00:00,572.272,605.146,146.898,121.862,554.901,210.892,81.77,78.205
2018-04-08 06:00:00,595.483,633.51,151.34,127.39,581.947,229.653,85.836,83.864
2018-04-08 07:00:00,633.626,668.823,160.14,135.391,617.265,229.081,92.72,86.688
2018-04-08 08:00:00,642.916,684.346,166.253,132.803,629.674,229.056,93.936,89.557
2018-04-08 09:00:00,611.598,659.398,152.375,126.999,595.946,225.69,96.384,87.839
2018-04-08 10:00:00,571.912,617.59,139.428,117.163,574.377,216.442,99.342,82.799
2018-04-08 11:00:00,552.64,596.097,133.476,109.132,555.509,204.557,93.885,74.839
2018-04-08 12:00:00,564.53,576.942,128.939,104.89,525.198,194.227,86.292,73.071
2018-04-08 13:00:00,560.214,576.175,121.358,98.303,510.278,185.746,79.689,69.079
2018-04-08 14:00:00,577.241,596.729,122.084,102.166,520.684,188.221,77.916,74.051
2018-04-08 15:00:00,585.559,618.84,137.068,105.561,534.115,186.022,86.282,80.357
2018-04-08 16:00:00,585.317,665.931,143.706,110.109,563.448,208.635,92.974,84.378
2018-04-08 17:00:00,591.394,688.529,140.106,117.321,586.244,212.014,100.501,84.111
2018-04-08 18:00:00,607.648,705.5,146.314,124.035,617.774,212.716,97.771,84.43
2018-04-08 19:00:00,648.603,728.02,153.923,132.587,652.596,233.169,101.825,90.233
2018-04-08 20:00:00,641.261,725.025,152.714,126.322,653.661,240.041,101.089,95.196
2018-04-08 21:00:00,588.032,687.366,142.087,118.594,610.751,221.927,88.781,84.231
2018-04-08 22:00:00,545.311,607.1,123.982,111.134,550.716,196.789,75.704,76.851
2018-04-08 23:00:00,496.35,574.677,120.974,100.675,507.351,190.227,69.998,72.969
2018-04-09 00:00:00,477.899,573.993,119.66,98.604,507.535,184.339,70.621,72.352
2018-04-09 01:00:00,486.065,553.162,119.864,102.536,514.355,186.024,70.737,71.145
2018-04-09 02:00:00,494.956,567.082,124.245,104.893,523.016,186.151,73.155,70.399
2018-04-09 03:00:00,527.462,594.192,129.047,113.927,560.385,198.003,76.178,74.587
2018-04-09 04:00:00,586.419,649.572,136.742,123.711,608.391,211.126,81.844,80.642
2018-04-09 05:00:00,680.388,734.952,155.551,148.165,676.979,238.241,98.335,91.284
2018-04-09 06:00:00,729.747,779.668,172.179,154.94,725.28,266.091,106.209,98.573
2018-04-09 07:00:00,750.533,801.033,171.517,147.477,734.278,263.288,112.499,102.204
2018-04-09 08:00:00,744.983,798.307,167.432,148.851,729.804,253.654,107.511,103.116
2018-04-09 09:00:00,727.719,791.02,164.737,147.923,727.815,249.552,103.369,103.837
2018-04-09 10:00:00,694.301,774.862,161.119,141.409,725.059,235.723,102.464,97.555
2018-04-09 11:00:00,671.841,753.146,148.606,128.506,676.222,222.112,104.127,89.819
2018-04-09 12:00:00,621.723,720.482,139.37,119.246,620.142,213.966,91.707,82.604
2018-04-09 13:00:00,578.975,678.613,130.55,110.297,562.54,199.803,84.648,76.22
2018-04-09 14:00:00,563.131,655.015,122.161,106.484,534.361,186.969,81.798,72.18
2018-04-09 15:00:00,574.634,643.519,121.934,104.977,528.796,191.684,84.087,69.307
2018-04-09 16:00:00,570.647,658.183,122.58,111.298,535.873,194.788,87.804,74.075
2018-04-09 17:00:00,580.813,668.909,127.384,111.682,576.729,201.873,87.953,77.986
2018-04-09 18:00:00,605.851,667.304,141.099,114.616,600.813,205.343,89.798,82.949
2018-04-09 19:00:00,622.756,687.407,147.941,119.001,633.918,218.562,91.379,87.874
2018-04-09 20:00:00,621.217,672.938,142.039,121.312,611.127,214.46,91.506,86.406
2018-04-09 21:00:00,548.567,596.338,123.271,109.256,557.165,187.56,79.846,76.87
2018-04-09 22:00:00,476.354,524.302,106.247,95.985,488.984,165.909,67.849,71.092
2018-04-09 23:00:00,433.662,480.06,98.66,84.696,446.623,153.384,63.045,64.813
2018-04-10 00:00:00,410.559,459.771,96.42,81.158,422.91,146.162,60.063,60.127
2018-04-10 01:00:00,407.838,455.793,97.574,81.277,426.068,145.148,58.754,59.22
2018-04-10 02:00:00,414.512,464.98,98.609,81.972,422.604,147.418,59.388,57.855
2018-04-10 03:00:00,431.471,487.563,101.433,85.014,439.289,156.815,61.789,58.912
2018-04-10 04:00:00,479.583,534.947,113.91,95.193,472.39,170.287,68.499,64.444
2018-04-10 05:00:00,575.07,624.492,133.756,114.767,547.849,196.735,85.106,80.074
2018-04-10 06:00:00,659.621,705.246,155.015,129.565,618.236,226.093,96.862,90.151
2018-04-10 07:00:00,704.793,775.832,161.963,137.095,673.466,240.27,101.158,96.285
2018-04-10 08:00:00,711.728,812.175,167.921,146.52,715.101,262.406,106.308,101.097
2018-04-10 09:00:00,718.793,832.504,163.541,149.923,735.84,270.63,105.859,107.297
2018-04-10 10:00:00,707.871,840.571,167.259,147.5,745.091,259.871,107.435,104.098
2018-04-10 11:00:00,694.694,839.439,163.169,146.989,741.847,254.419,107.542,100.828
2018-04-10 12:00:00,645.374,810.529,157.275,140.735,693.149,245.964,104.015,100.224
2018-04-10 13:00:00,600.892,768.118,146.451,123.645,641.249,238.02,95.539,91.019
2018-04-10 14:00:00,580.132,724.174,139.09,117.779,607.782,228.753,90.457,86.843
2018-04-10 15:00:00,574.335,702.072,137.93,111.293,585.098,231.413,95.131,85.062
2018-04-10 16:00:00,598.138,713.587,139.295,113.949,588.793,244.428,97.552,85.689
2018-04-10 17:00:00,611.985,701.097,142.258,112.355,593.486,228.635,98.677,85.938
2018-04-10 18:00:00,631.877,710.452,148.878,120.656,617.069,236.66,104.331,87.101
2018-04-10 19:00:00,642.559,742.765,148.0,131.21,645.908,249.46,104.314,99.763
2018-04-10 20:00:00,641.512,713.699,148.137,134.696,643.861,248.761,100.155,101.856
2018-04-10 21:00:00,588.297,648.857,132.981,122.256,611.267,232.73,97.039,91.993
2018-04-10 22:00:00,531.939,596.968,118.461,110.656,556.097,212.071,88.266,84.692
2018-04-10 23:00:00,505.854,539.847,116.016,110.142,534.824,198.42,79.774,80.352
2018-04-11 00:00:00,487.231,522.36,112.557,103.868,515.713,190.078,75.891,75.187
2018-04-11 01:00:00,492.392,527.679,111.639,106.486,524.618,188.498,72.439,72.406
2018-04-11 02:00:00,507.715,539.086,118.35,110.365,546.61,190.612,73.815,72.165
2018-04-11 03:00:00,539.544,569.58,123.972,114.578,562.757,201.76,77.517,76.603
2018-04-11 04:00:00,598.304,636.101,132.86,125.775,608.659,217.244,87.431,83.0
2018-04-11 05:00:00,701.335,716.938,158.029,147.294,668.941,247.59,102.751,96.746
2018-04-11 06:00:00,741.63,752.538,164.682,150.147,714.862,267.68,111.278,106.88
2018-04-11 07:00:00,716.915,759.754,166.339,138.938,702.641,255.722,112.786,105.858
2018-04-11 08:00:00,676.763,760.204,157.178,131.182,651.988,236.954,108.786,97.708
2018-04-11 09:00:00,654.224,741.614,143.92,127.229,621.081,220.645,105.637,93.389
2018-04-11 10:00:00,646.502,736.624,142.331,120.082,621.405,205.886,95.41,88.221
2018-04-11 11:00:00,621.366,715.125,131.835,113.418,596.594,192.688,95.069,81.823
2018-04-11 12:00:00,585.441,678.826,123.17,108.637,559.455,182.292,90.74,77.265
2018-04-11 13:00:00,550.414,651.779,116.426,105.72,526.096,175.924,84.833,70.918
2018-04-11 14:00:00,540.356,636.796,111.522,102.113,525.532,170.428,77.514,68.668
2018-04-11 15:00:00,537.474,630.421,113.825,99.213,522.116,176.249,75.432,70.216
2018-04-11 16:00:00,556.94,648.65,118.497,104.846,543.111,195.249,83.594,77.359
2018-04-11 17:00:00,563.015,648.785,122.383,104.338,555.366,202.596,87.067,78.212
2018-04-11 18:00:00,584.232,649.46,124.394,113.996,589.07,213.305,91.76,83.952
2018-04-11 19:00:00,615.94,666.757,130.682,120.908,618.134,215.036,89.838,87.607
2018-04-11 20:00:00,596.701,651.564,136.496,123.487,612.647,206.091,91.25,88.425
2018-04-11 21:00:00,516.855,590.084,121.398,109.287,546.999,189.532,82.304,80.662
2018-04-11 22:00:00,444.975,520.051,101.016,95.709,484.9,165.317,69.038,70.182
2018-04-11 23:00:00,406.074,472.562,93.327,85.02,434.109,156.859,65.036,64.513
2018-04-12 00:00:00,379.644,454.453,89.457,83.685,428.817,148.211,61.535,58.397
2018-04-12 01:00:00,385.855,446.544,91.525,85.205,436.672,148.604,59.509,58.467
2018-04-12 02:00:00,401.793,457.386,93.482,91.087,452.112,154.122,61.829,61.883
2018-04-12 03:00:00,443.545,491.311,100.519,95.973,479.373,171.677,67.637,65.352
2018-04-12 04:00:00,511.052,552.156,111.525,106.32,531.103,189.471,77.211,72.971
2018-04-12 05:00:00,603.082,637.139,131.172,132.901,614.321,217.658,92.597,86.393
2018-04-12 06:00:00,638.074,685.105,139.542,140.977,656.266,243.808,97.616,94.05
2018-04-12 07:00:00,643.163,704.843,141.326,129.615,630.481,236.358,94.607,95.667
2018-04-12 08:00:00,608.063,704.05,134.818,121.788,598.993,218.344,89.306,88.756
2018-04-12 09:00:00,603.594,695.598,129.187,115.522,580.82,197.912,91.259,85.577
2018-04-12 10:00:00,599.057,704.666,127.544,110.705,574.672,190.617,86.739,75.861
2018-04-12 11:00:00,586.549,689.4,126.112,106.373,571.883,182.16,83.681,73.087
2018-04-12 12:00:00,550.734,678.283,116.136,106.325,536.277,175.151,76.954,69.211
2018-04-12 13:00:00,531.315,646.847,109.617,101.184,508.678,168.309,74.706,65.866
2018-04-12 14:00:00,519.615,629.417,108.617,101.589,507.464,163.406,71.282,65.267
2018-04-12 15:00:00,525.777,631.789,111.852,103.687,499.441,167.975,74.693,66.892
2018-04-12 16:00:00,548.082,638.715,119.595,105.499,530.364,183.014,79.375,70.165
2018-04-12 17:00:00,555.273,660.264,123.983,104.417,550.596,193.078,85.051,76.81
2018-04-12 18:00:00,577.503,667.745,129.804,109.95,565.868,209.091,88.558,77.51
2018-04-12 19:00:00,580.591,675.617,136.304,114.02,583.522,204.618,87.64,85.856
2018-04-12 20:00:00,556.438,649.661,130.01,113.988,571.876,201.964,84.099,84.549
2018-04-12 21:00:00,485.146,566.116,112.78,95.884,497.933,175.28,80.033,74.403
2018-04-12 22:00:00,400.034,486.03,91.458,81.528,416.206,149.013,62.683,64.875
2018-04-12 23:00:00,358.482,439.644,79.633,70.834,368.683,129.863,52.5,56.788
2018-04-13 00:00:00,336.125,421.312,74.748,65.931,344.748,116.206,46.232,51.433
2018-04-13 01:00:00,324.43,404.121,72.857,63.624,335.494,111.889,44.571,48.382
2018-04-13 02:00:00,321.441,404.628,72.367,64.158,337.374,106.964,45.93,45.483
2018-04-13 03:00:00,330.352,426.893,74.55,66.925,351.675,112.885,48.409,44.134
2018-04-13 04:00:00,369.819,468.634,83.604,74.703,383.709,121.582,53.091,49.27
2018-04-13 05:00:00,437.66,551.635,99.495,90.661,446.594,139.264,61.572,57.683
2018-04-13 06:00:00,498.577,603.268,113.161,105.502,515.228,163.982,75.155,68.614
2018-04-13 07:00:00,548.875,649.847,122.091,109.655,552.312,169.893,78.279,75.105
2018-04-13 08:00:00,577.011,681.242,127.168,106.361,571.565,176.991,76.97,77.887
2018-04-13 09:00:00,572.042,681.326,121.567,109.111,577.927,177.689,77.293,76.567
2018-04-13 10:00:00,563.677,701.324,121.108,108.658,579.047,171.872,75.738,74.05
2018-04-13 11:00:00,575.017,690.456,126.256,102.925,554.687,175.831,82.27,74.689
2018-04-13 12:00:00,602.62,673.156,116.627,99.367,536.458,165.708,79.183,73.398
2018-04-13 13:00:00,615.277,649.325,119.115,99.565,520.03,164.754,70.899,67.089
2018-04-13 14:00:00,624.638,642.275,116.032,101.887,503.53,161.086,72.802,66.361
2018-04-13 15:00:00,638.518,672.057,121.256,103.806,511.468,167.503,73.198,73.026
2018-04-13 16:00:00,683.674,719.234,124.424,111.825,552.789,177.661,81.202,82.251
2018-04-13 17:00:00,691.578,707.768,128.045,114.87,577.639,189.707,83.728,74.946
2018-04-13 18:00:00,646.42,679.713,127.48,110.031,565.145,186.941,83.616,69.878
2018-04-13 19:00:00,611.5,657.565,126.312,105.979,553.0,183.902,86.887,69.166
2018-04-13 20:00:00,572.089,632.08,119.037,107.181,527.766,179.757,80.037,70.829
2018-04-13 21:00:00,472.658,532.036,99.505,86.943,439.963,155.345,67.263,60.769
2018-04-13 22:00:00,380.584,434.167,79.168,66.203,370.565,127.325,55.522,54.723
2018-04-13 23:00:00,330.413,386.514,66.335,59.536,322.973,116.305,48.369,49.654
2018-04-14 00:00:00,303.242,367.601,62.876,58.725,317.536,112.541,43.943,48.682
2018-04-14 01:00:00,286.629,364.451,61.262,57.635,316.587,111.196,43.698,48.533
2018-04-14 02:00:00,279.484,371.947,61.343,57.215,319.251,110.741,45.913,47.98
2018-04-14 03:00:00,285.677,382.52,61.395,59.314,325.954,121.353,46.315,49.571
2018-04-14 04:00:00,304.672,397.494,66.515,63.989,342.504,131.68,50.571,53.088
2018-04-14 05:00:00,339.861,433.297,74.617,73.786,389.179,148.61,59.514,57.174
2018-04-14 06:00:00,385.063,474.088,83.556,80.925,414.897,163.931,64.286,61.61
2018-04-14 07:00:00,445.098,522.723,98.463,82.291,450.117,159.494,67.708,66.187
2018-04-14 08:00:00,490.914,556.619,100.757,90.658,472.837,163.443,80.839,65.64
2018-04-14 09:00:00,521.749,571.865,102.375,91.364,483.011,166.213,77.918,71.764
2018-04-14 10:00:00,538.051,593.838,99.839,93.121,489.994,164.874,73.735,69.235
2018-04-14 11:00:00,587.112,616.486,109.127,105.681,511.852,166.864,75.299,62.459
2018-04-14 12:00:00,624.251,630.768,105.272,109.544,538.025,173.758,72.322,63.416
2018-04-14 13:00:00,643.796,652.371,111.472,115.856,545.766,174.456,78.63,64.433
2018-04-14 14:00:00,637.072,653.213,120.728,110.081,541.931,184.006,78.202,66.006
2018-04-14 15:00:00,623.148,633.584,122.71,110.648,540.313,175.125,75.378,65.154
2018-04-14 16:00:00,596.349,624.755,119.86,105.748,537.204,179.413,77.331,72.698
2018-04-14 17:00:00,554.642,620.7,114.241,102.649,523.338,179.904,79.033,70.396
2018-04-14 18:00:00,542.204,636.857,118.769,104.825,530.563,183.705,78.214,74.06
2018-04-14 19:00:00,557.307,661.67,123.237,107.774,556.821,199.496,80.904,76.063
2018-04-14 20:00:00,559.598,635.266,124.053,105.44,553.953,193.431,79.849,84.099
2018-04-14 21:00:00,484.152,560.808,109.117,89.103,471.366,174.338,69.829,74.927
2018-04-14 22:00:00,418.249,496.395,95.194,74.225,404.421,154.179,57.003,64.079
2018-04-14 23:00:00,376.916,449.063,88.364,69.708,375.898,131.285,52.66,59.461
2018-04-15 00:00:00,361.648,438.741,83.413,69.135,364.288,130.189,54.657,53.59
2018-04-15 01:00:00,370.099,447.236,85.635,73.217,368.625,134.786,53.089,54.633
2018-04-15 02:00:00,369.038,450.701,86.427,74.353,377.112,139.332,55.164,56.039
2018-04-15 03:00:00,375.065,459.445,90.145,74.36,379.661,150.889,57.065,56.784
2018-04-15 04:00:00,410.862,481.109,96.555,80.125,403.053,159.297,62.707,60.417
2018-04-15 05:00:00,460.909,518.467,106.696,92.651,439.71,175.787,73.497,66.289
2018-04-15 06:00:00,485.751,560.934,122.7,103.302,473.259,193.916,78.168,76.236
2018-04-15 07:00:00,555.436,615.204,140.131,118.135,535.868,221.363,91.24,84.249
2018-04-15 08:00:00,596.449,664.999,148.851,126.094,602.725,237.405,96.033,87.516
2018-04-15 09:00:00,588.764,672.959,147.581,133.905,617.347,255.101,103.44,97.012
2018-04-15 10:00:00,589.199,685.585,149.602,127.689,628.964,253.125,102.67,90.625
2018-04-15 11:00:00,615.482,694.907,149.196,124.337,616.437,253.999,101.982,90.762
2018-04-15 12:00:00,590.813,701.607,139.838,121.447,589.642,238.809,94.631,89.648
2018-04-15 13:00:00,563.13,701.414,143.832,123.35,593.41,239.258,96.094,91.084
2018-04-15 14:00:00,584.503,700.694,148.823,132.282,597.735,247.56,99.836,92.172
2018-04-15 15:00:00,600.366,709.806,150.702,135.972,623.027,248.107,102.117,89.04
2018-04-15 16:00:00,647.076,734.18,153.56,138.457,655.766,250.27,104.347,95.284
2018-04-15 17:00:00,654.51,744.433,158.817,142.388,658.19,255.295,107.491,98.14
2018-04-15 18:00:00,671.896,768.843,166.452,139.816,667.036,262.373,111.7,100.518
2018-04-15 19:00:00,712.118,780.891,171.376,142.559,695.207,265.547,113.805,105.536
2018-04-15 20:00:00,703.581,757.516,167.7,135.879,678.483,258.918,107.338,100.331
2018-04-15 21:00:00,622.905,698.654,155.663,118.784,613.417,236.212,98.509,91.283
2018-04-15 22:00:00,560.023,629.464,132.904,108.392,547.135,213.662,90.283,85.451
2018-04-15 23:00:00,498.013,587.534,122.794,99.781,506.492,196.481,81.231,76.999
2018-04-16 00:00:00,476.124,574.873,125.259,94.589,487.51,176.536,72.284,70.353
2018-04-16 01:00:00,493.379,567.706,129.692,95.875,486.609,173.95,68.972,67.022
2018-04-16 02:00:00,510.292,574.508,135.262,98.403,491.241,169.774,67.425,65.193
2018-04-16 03:00:00,521.449,594.678,141.386,100.617,500.208,178.264,68.947,66.712
2018-04-16 04:00:00,560.545,641.867,148.107,104.412,521.271,194.079,78.42,73.927
2018-04-16 05:00:00,635.082,694.238,161.642,121.57,581.598,214.912,90.317,84.239
2018-04-16 06:00:00,699.309,764.929,177.516,128.831,646.011,231.49,94.201,91.921
2018-04-16 07:00:00,742.401,815.364,182.253,137.867,704.11,241.81,98.222,95.728
2018-04-16 08:00:00,747.609,868.198,189.176,144.942,725.913,248.822,103.343,101.577
2018-04-16 09:00:00,758.152,874.113,190.608,147.51,740.334,256.335,111.779,104.355
2018-04-16 10:00:00,749.794,866.313,185.737,144.57,741.966,245.049,112.294,111.62
2018-04-16 11:00:00,734.836,859.939,174.181,142.303,738.289,238.872,106.301,103.906
2018-04-16 12:00:00,680.824,829.674,159.481,131.686,682.757,227.505,96.425,94.112
2018-04-16 13:00:00,619.167,778.898,139.313,123.146,626.548,220.368,88.461,87.328
2018-04-16 14:00:00,598.966,759.802,131.082,118.352,582.997,202.723,82.49,83.019
2018-04-16 15:00:00,576.399,735.289,128.243,107.046,548.879,194.155,83.21,78.306
2018-04-16 16:00:00,572.922,747.997,128.245,105.093,543.297,199.736,85.362,78.91
2018-04-16 17:00:00,578.337,722.83,133.355,106.701,539.434,199.292,90.022,77.53
2018-04-16 18:00:00,582.707,711.332,135.694,107.243,569.785,197.979,90.633,78.241
2018-04-16 19:00:00,586.779,728.027,140.226,108.51,583.158,207.513,87.596,82.611
2018-04-16 20:00:00,579.666,700.893,138.457,114.006,578.21,194.725,85.188,80.536
2018-04-16 21:00:00,518.395,609.818,112.035,97.716,516.993,176.841,75.163,74.217
2018-04-16 22:00:00,448.15,528.858,100.057,81.307,441.796,154.125,62.724,60.753
2018-04-16 23:00:00,399.112,492.869,91.002,73.73,399.797,136.651,56.446,54.753
2018-04-17 00:00:00,374.924,481.207,85.306,69.378,378.175,123.338,49.959,51.265
2018-04-17 01:00:00,377.099,464.246,84.888,71.267,373.448,121.951,49.986,51.457
2018-04-17 02:00:00,381.967,467.464,89.248,71.275,375.759,127.296,53.199,52.362
2018-04-17 03:00:00,407.906,485.614,94.528,73.521,387.575,136.452,55.905,53.612
2018-04-17 04:00:00,454.784,525.09,101.799,84.256,417.415,150.192,62.704,60.938
2018-04-17 05:00:00,547.977,588.113,120.935,101.722,489.489,175.05,78.761,70.282
2018-04-17 06:00:00,614.298,665.8,135.725,119.454,555.574,193.556,82.554,80.404
2018-04-17 07:00:00,654.611,721.413,147.001,123.623,606.301,204.464,86.285,87.116
2018-04-17 08:00:00,679.241,748.736,149.442,123.904,631.456,212.889,87.778,83.965
2018-04-17 09:00:00,685.335,755.643,143.707,123.405,628.248,219.567,95.115,88.194
2018-04-17 10:00:00,672.316,747.446,144.323,120.022,621.812,210.897,101.946,89.474
2018-04-17 11:00:00,645.703,732.39,141.804,116.32,603.024,204.063,95.365,87.502
2018-04-17 12:00:00,618.562,712.603,136.741,111.138,580.943,189.834,89.158,80.168
2018-04-17 13:00:00,599.057,711.014,128.194,108.082,547.869,182.698,79.84,74.721
2018-04-17 14:00:00,591.398,687.061,122.789,109.645,555.05,181.453,80.648,76.0
2018-04-17 15:00:00,604.685,685.407,134.812,114.937,556.846,197.422,82.881,74.629
2018-04-17 16:00:00,641.106,709.069,145.071,116.288,588.55,214.671,93.504,80.458
2018-04-17 17:00:00,643.754,712.093,157.43,119.507,613.747,224.346,92.886,83.976
2018-04-17 18:00:00,644.919,716.397,162.574,125.539,635.437,217.89,97.98,84.059
2018-04-17 19:00:00,682.738,737.951,162.301,124.934,643.067,226.492,99.193,90.013
2018-04-17 20:00:00,665.619,710.024,148.742,127.089,648.357,228.642,92.217,87.097
2018-04-17 21:00:00,599.167,638.686,136.307,115.452,569.619,208.842,86.254,84.293
2018-04-17 22:00:00,533.992,560.822,121.737,98.86,502.602,187.357,75.792,76.914
2018-04-17 23:00:00,481.581,515.664,114.946,91.252,467.984,172.661,67.734,67.662
2018-04-18 00:00:00,462.852,503.891,111.852,90.428,458.0,160.821,63.43,63.834
2018-04-18 01:00:00,468.82,502.406,113.022,96.229,480.049,158.997,61.739,63.42
2018-04-18 02:00:00,478.644,514.563,118.019,97.801,484.962,161.867,63.875,63.015
2018-04-18 03:00:00,491.931,547.763,121.271,96.948,482.92,172.227,67.658,64.401
2018-04-18 04:00:00,528.442,586.573,126.782,102.402,514.823,186.941,75.243,71.772
2018-04-18 05:00:00,613.419,649.574,140.379,127.74,582.237,208.412,92.111,81.03
2018-04-18 06:00:00,662.954,721.045,154.535,137.357,636.718,236.002,95.771,88.418
2018-04-18 07:00:00,685.782,765.892,150.641,133.785,657.985,240.114,97.654,95.622
2018-04-18 08:00:00,696.07,785.078,149.962,136.35,666.481,244.924,97.784,97.733
2018-04-18 09:00:00,692.262,784.069,149.46,132.859,658.433,240.198,100.574,99.022
2018-04-18 10:00:00,667.542,774.885,141.07,119.631,645.257,224.09,98.499,96.499
2018-04-18 11:00:00,650.711,758.175,139.299,115.941,626.517,208.409,98.152,92.98
2018-04-18 12:00:00,621.555,723.636,138.127,112.05,596.002,188.542,89.747,83.925
2018-04-18 13:00:00,580.978,677.419,128.811,105.794,545.616,181.918,81.432,76.002
2018-04-18 14:00:00,547.472,652.319,121.755,99.651,520.735,175.823,79.226,72.834
2018-04-18 15:00:00,551.133,651.936,119.931,98.262,519.952,184.052,79.326,75.924
2018-04-18 16:00:00,562.289,662.238,126.532,99.554,529.232,196.198,85.209,76.409
2018-04-18 17:00:00,583.051,673.264,130.59,104.239,551.833,202.134,86.237,79.029
2018-04-18 18:00:00,594.294,670.752,130.05,107.417,560.144,201.125,88.804,81.059
2018-04-18 19:00:00,607.597,682.049,133.665,113.336,574.286,209.35,90.106,84.658
2018-04-18 20:00:00,594.214,654.498,130.849,112.357,576.027,207.946,89.528,83.433
2018-04-18 21:00:00,541.252,584.996,114.257,103.71,520.446,178.388,77.478,76.429
2018-04-18 22:00:00,486.472,517.861,102.717,92.873,458.98,165.613,68.856,68.679
2018-04-18 23:00:00,443.572,474.633,95.15,83.537,432.857,158.814,63.469,65.262
2018-04-19 00:00:00,403.092,465.076,91.652,79.58,416.476,150.518,60.501,60.847
2018-04-19 01:00:00,396.817,451.146,90.067,80.692,406.829,146.734,58.171,57.808
2018-04-19 02:00:00,396.384,457.924,92.24,78.806,399.738,147.579,58.814,57.876
2018-04-19 03:00:00,415.64,483.401,93.914,79.374,407.791,152.355,60.46,60.494
2018-04-19 04:00:00,460.282,528.962,102.222,87.314,441.81,165.332,68.583,65.205
2018-04-19 05:00:00,542.26,597.172,120.525,105.872,516.54,188.604,82.268,75.248
2018-04-19 06:00:00,629.672,689.464,142.45,122.476,599.076,219.687,95.075,84.256
2018-04-19 07:00:00,668.41,749.839,150.552,130.188,648.88,233.092,100.114,96.398
2018-04-19 08:00:00,694.877,788.519,156.871,134.409,679.772,242.763,100.097,103.757
2018-04-19 09:00:00,694.36,805.095,158.272,140.879,694.529,247.579,104.26,105.411
2018-04-19 10:00:00,692.798,797.741,157.662,139.336,700.882,236.677,105.236,96.343
2018-04-19 11:00:00,680.612,774.741,155.661,133.964,703.937,238.69,107.488,91.848
2018-04-19 12:00:00,656.206,739.516,154.39,129.452,658.794,226.18,97.223,87.934
2018-04-19 13:00:00,628.77,710.379,142.788,120.648,620.641,223.471,92.716,83.617
2018-04-19 14:00:00,617.602,693.84,137.565,115.803,604.043,221.798,92.824,82.192
2018-04-19 15:00:00,612.722,696.487,141.881,117.518,614.541,222.379,91.1,85.745
2018-04-19 16:00:00,632.933,715.402,154.139,119.147,612.993,221.903,95.698,84.326
2018-04-19 17:00:00,651.578,727.974,161.646,118.008,617.765,222.943,96.439,85.79
2018-04-19 18:00:00,647.502,734.675,157.893,132.38,642.347,226.396,101.804,88.997
2018-04-19 19:00:00,663.233,739.715,161.115,136.334,669.268,233.063,99.834,95.798
2018-04-19 20:00:00,661.091,721.64,154.454,134.982,675.988,233.873,95.247,96.18
2018-04-19 21:00:00,583.872,649.207,135.508,119.413,596.659,207.289,86.209,84.963
2018-04-19 22:00:00,512.71,578.778,114.578,106.404,522.575,184.185,74.811,75.225
2018-04-19 23:00:00,466.748,547.139,108.178,95.632,490.631,172.772,69.549,70.419
2018-04-20 00:00:00,454.361,519.832,107.212,90.398,465.898,166.858,64.802,70.672
2018-04-20 01:00:00,452.679,531.438,110.905,94.738,473.199,165.317,63.668,69.092
2018-04-20 02:00:00,453.906,526.242,113.82,98.375,484.363,161.976,64.508,63.102
2018-04-20 03:00:00,471.432,536.663,119.873,100.843,492.995,171.795,66.144,65.085
2018-04-20 04:00:00,509.168,588.408,129.467,106.992,530.092,184.036,74.881,70.366
2018-04-20 05:00:00,601.437,652.521,146.861,121.223,576.365,208.099,90.182,79.851
2018-04-20 06:00:00,651.286,699.044,154.634,128.179,625.045,227.909,96.866,88.833
2018-04-20 07:00:00,673.554,752.269,160.523,132.073,648.762,228.636,93.968,95.205
2018-04-20 08:00:00,666.166,763.535,159.41,129.103,656.465,224.678,95.463,94.633
2018-04-20 09:00:00,658.969,758.397,153.746,124.609,642.535,220.049,96.898,93.126
2018-04-20 10:00:00,644.986,749.08,144.804,121.579,642.488,208.353,94.56,89.661
2018-04-20 11:00:00,627.067,726.264,139.407,123.303,634.362,203.7,89.932,83.999
2018-04-20 12:00:00,599.292,696.514,133.743,109.703,579.979,190.102,88.653,80.807
2018-04-20 13:00:00,569.229,673.566,124.207,100.624,530.213,172.458,78.324,74.426
2018-04-20 14:00:00,550.963,653.726,117.865,99.156,503.932,171.6,77.388,69.97
2018-04-20 15:00:00,543.745,643.688,118.357,100.495,515.931,178.314,79.058,69.468
2018-04-20 16:00:00,564.989,672.834,128.586,101.543,528.728,188.535,87.896,74.906
2018-04-20 17:00:00,590.921,667.147,132.85,107.598,555.174,192.001,80.914,76.313
2018-04-20 18:00:00,590.001,690.236,135.204,109.956,584.008,197.618,87.248,85.108
2018-04-20 19:00:00,614.31,725.838,149.811,120.614,616.3,206.381,88.929,83.285
2018-04-20 20:00:00,604.532,699.027,143.465,118.308,619.072,209.31,85.931,87.362
2018-04-20 21:00:00,548.258,615.268,126.112,112.978,547.906,183.918,83.223,79.358
2018-04-20 22:00:00,472.509,532.826,109.554,96.95,480.341,161.043,70.166,72.258
2018-04-20 23:00:00,438.11,492.905,101.373,83.194,441.396,148.776,60.984,69.376
2018-04-21 00:00:00,431.404,477.871,97.553,79.878,425.75,144.081,57.512,63.559
2018-04-21 01:00:00,439.046,477.686,100.277,83.738,435.708,141.331,55.288,59.214
2018-04-21 02:00:00,461.544,480.695,101.821,89.836,465.528,146.072,58.0,59.465
2018-04-21 03:00:00,478.837,494.03,105.566,95.214,486.951,160.28,59.803,62.164
2018-04-21 04:00:00,513.909,521.109,109.405,102.256,518.571,176.376,65.613,67.965
2018-04-21 05:00:00,563.826,540.405,117.245,111.377,539.664,195.305,76.429,75.333
2018-04-21 06:00:00,570.554,553.615,123.814,108.394,538.134,205.66,77.48,75.572
2018-04-21 07:00:00,555.28,585.274,128.059,105.019,531.132,194.434,81.109,74.046
2018-04-21 08:00:00,556.868,601.288,127.916,107.462,536.829,191.469,77.397,77.435
2018-04-21 09:00:00,555.538,599.346,122.952,105.686,535.258,184.619,82.191,70.292
2018-04-21 10:00:00,540.262,604.015,119.549,105.565,532.238,178.917,82.195,75.594
2018-04-21 11:00:00,523.193,598.072,115.555,102.935,518.22,165.355,79.072,71.405
2018-04-21 12:00:00,510.085,592.406,109.591,97.669,492.305,160.552,75.769,65.462
2018-04-21 13:00:00,485.474,588.52,105.82,91.34,462.502,165.292,70.827,62.082
2018-04-21 14:00:00,481.37,585.649,102.224,92.661,459.798,157.186,77.635,57.983
2018-04-21 15:00:00,501.641,608.007,107.63,97.212,477.175,172.429,73.635,69.173
2018-04-21 16:00:00,527.585,627.089,113.234,99.049,505.431,178.29,75.566,69.982
2018-04-21 17:00:00,543.385,629.861,116.601,103.3,521.033,179.644,77.943,72.44
2018-04-21 18:00:00,555.578,622.332,118.991,103.389,527.121,178.859,79.092,72.634
2018-04-21 19:00:00,577.112,641.942,125.632,108.282,549.875,188.227,84.439,74.451
2018-04-21 20:00:00,558.129,624.029,127.329,101.252,552.062,183.74,79.531,79.617
2018-04-21 21:00:00,475.04,547.557,108.333,91.778,477.985,157.743,67.208,67.438
2018-04-21 22:00:00,412.459,462.39,90.395,74.252,396.089,129.869,55.608,55.801
2018-04-21 23:00:00,380.794,420.553,81.865,64.508,354.034,119.471,48.856,53.746
2018-04-22 00:00:00,339.614,402.348,76.895,62.153,337.742,122.836,47.948,51.257
2018-04-22 01:00:00,338.911,408.061,77.111,65.133,340.777,127.018,49.38,50.901
2018-04-22 02:00:00,365.391,404.113,80.584,66.474,349.885,133.328,52.863,52.549
2018-04-22 03:00:00,394.811,414.503,82.454,73.538,380.373,152.699,56.963,57.563
2018-04-22 04:00:00,439.268,443.932,89.347,82.571,421.421,170.571,62.984,63.44
2018-04-22 05:00:00,485.385,467.838,102.165,95.764,456.3,189.245,72.196,69.044
2018-04-22 06:00:00,485.712,480.762,105.592,92.592,450.003,188.237,72.91,70.161
2018-04-22 07:00:00,478.876,511.411,106.707,89.008,452.832,179.055,78.651,70.003
2018-04-22 08:00:00,490.793,529.136,109.332,91.388,463.745,170.174,79.398,68.713
2018-04-22 09:00:00,499.378,533.022,107.296,98.364,465.356,172.328,74.628,71.403
2018-04-22 10:00:00,471.288,523.1,99.669,94.241,455.312,164.05,71.29,69.344
2018-04-22 11:00:00,474.272,536.649,101.651,91.931,464.177,155.42,69.787,67.847
2018-04-22 12:00:00,457.885,534.15,101.611,95.688,461.91,154.401,67.519,60.885
2018-04-22 13:00:00,465.951,532.413,97.833,95.348,453.436,158.422,67.956,58.325
2018-04-22 14:00:00,479.107,566.204,102.709,93.075,471.26,156.565,71.215,63.084
2018-04-22 15:00:00,504.471,597.2,109.266,98.048,494.798,161.79,69.626,63.07
2018-04-22 16:00:00,532.763,611.934,110.488,105.05,515.713,174.912,79.21,64.983
2018-04-22 17:00:00,540.802,614.569,113.884,106.988,525.085,178.271,83.217,68.405
2018-04-22 18:00:00,535.215,603.089,111.227,108.878,521.793,181.676,83.926,69.915
2018-04-22 19:00:00,537.291,616.942,113.932,103.748,521.224,181.067,83.941,68.221
2018-04-22 20:00:00,524.212,574.251,115.228,100.811,510.954,175.98,78.466,66.013
2018-04-22 21:00:00,456.642,509.835,101.731,89.159,443.119,165.114,65.386,64.319
2018-04-22 22:00:00,396.031,454.873,84.234,76.522,375.663,136.658,59.854,58.145
2018-04-22 23:00:00,365.872,416.33,76.943,68.319,357.31,131.666,51.162,55.88
2018-04-23 00:00:00,361.073,414.164,73.387,69.787,364.254,131.681,52.183,52.192
2018-04-23 01:00:00,371.7,437.751,77.491,75.097,373.025,134.204,57.25,53.74
2018-04-23 02:00:00,385.4,446.889,81.541,76.609,383.211,143.328,56.908,56.806
2018-04-23 03:00:00,424.817,483.446,84.787,79.578,402.571,161.732,62.645,61.027
2018-04-23 04:00:00,477.806,543.171,92.56,89.817,456.7,174.696,70.097,66.84
2018-04-23 05:00:00,562.592,613.317,102.786,112.308,518.964,204.116,85.985,79.511
2018-04-23 06:00:00,598.015,673.946,115.832,113.421,549.789,221.868,90.553,89.884
2018-04-23 07:00:00,597.24,689.935,121.036,108.842,548.598,208.459,86.848,83.626
2018-04-23 08:00:00,587.89,685.988,122.336,105.016,543.931,186.552,81.153,78.429
2018-04-23 09:00:00,575.963,681.808,125.857,105.917,539.315,185.294,80.777,76.938
2018-04-23 10:00:00,577.331,685.842,121.578,105.051,557.969,178.664,77.656,74.732
2018-04-23 11:00:00,570.725,697.729,117.553,100.93,554.933,177.591,77.147,70.657
2018-04-23 12:00:00,554.661,690.464,111.316,101.392,535.768,173.639,76.472,68.932
2018-04-23 13:00:00,537.382,680.755,108.215,100.569,516.061,169.9,73.115,70.423
2018-04-23 14:00:00,547.984,694.0,113.844,103.953,511.976,171.98,74.254,75.63
2018-04-23 15:00:00,545.528,725.598,117.098,102.738,522.509,178.185,80.481,77.109
2018-04-23 16:00:00,576.719,738.135,124.509,105.18,538.796,183.423,85.558,74.854
2018-04-23 17:00:00,577.166,691.257,123.844,110.889,545.471,184.858,84.659,70.981
2018-04-23 18:00:00,569.984,661.488,120.272,110.57,541.203,181.799,81.647,72.461
2018-04-23 19:00:00,553.259,657.283,121.535,107.313,548.907,188.976,86.907,72.759
2018-04-23 20:00:00,548.637,621.746,118.309,101.271,530.648,179.897,81.222,73.168
2018-04-23 21:00:00,462.834,530.887,100.781,84.434,457.297,159.579,70.504,64.794
2018-04-23 22:00:00,395.024,451.402,85.962,73.608,385.474,140.368,65.091,58.194
2018-04-23 23:00:00,365.952,408.895,77.833,70.653,362.35,132.108,53.586,55.108
2018-04-24 00:00:00,354.621,397.856,73.249,68.144,357.462,130.952,50.679,54.723
2018-04-24 01:00:00,361.828,395.608,73.224,71.626,366.779,131.536,51.942,52.714
2018-04-24 02:00:00,380.478,402.843,77.217,76.354,388.651,136.59,54.665,53.63
2018-04-24 03:00:00,410.292,434.663,80.883,82.495,411.946,152.286,57.675,57.581
2018-04-24 04:00:00,461.475,487.809,91.132,93.62,464.64,169.889,66.425,64.607
2018-04-24 05:00:00,543.293,556.9,106.805,116.699,527.694,193.189,81.606,76.337
2018-04-24 06:00:00,601.725,619.955,118.29,114.716,567.1,209.713,83.365,80.179
2018-04-24 07:00:00,594.798,648.54,119.44,107.701,555.602,201.302,84.517,80.673
2018-04-24 08:00:00,579.103,677.688,120.036,105.974,548.392,185.375,77.133,74.161
2018-04-24 09:00:00,586.259,685.188,121.146,108.786,557.326,180.29,79.141,77.183
2018-04-24 10:00:00,577.437,708.499,121.576,109.589,554.798,174.205,81.386,82.812
2018-04-24 11:00:00,580.006,711.609,113.31,105.772,556.746,175.934,79.785,80.2
2018-04-24 12:00:00,560.318,712.379,113.098,104.66,533.383,175.081,78.952,74.114
2018-04-24 13:00:00,549.294,707.534,109.265,99.704,513.087,168.471,72.702,69.306
2018-04-24 14:00:00,547.586,700.799,109.124,106.774,508.065,164.277,73.869,68.79
2018-04-24 15:00:00,542.983,702.397,110.107,103.775,512.777,174.248,78.018,72.028
2018-04-24 16:00:00,560.571,682.287,117.274,101.23,518.32,176.753,82.175,76.082
2018-04-24 17:00:00,552.086,653.833,114.851,101.7,522.202,180.219,82.437,75.313
2018-04-24 18:00:00,532.76,637.513,114.115,103.5,526.297,179.479,79.8,69.839
2018-04-24 19:00:00,554.183,646.826,118.614,105.566,534.049,189.93,82.712,75.978
2018-04-24 20:00:00,536.71,616.12,116.467,102.093,524.788,184.189,78.885,79.157
2018-04-24 21:00:00,454.917,523.563,100.874,91.494,446.064,150.54,71.869,70.925
2018-04-24 22:00:00,379.95,433.671,78.74,71.002,367.269,127.555,56.489,54.895
2018-04-24 23:00:00,340.835,386.067,72.367,59.307,321.297,113.858,47.539,47.048
2018-04-25 00:00:00,315.254,367.785,69.454,55.163,298.074,103.761,41.819,44.101
2018-04-25 01:00:00,301.722,357.617,66.985,53.708,289.275,99.607,39.677,42.271
2018-04-25 02:00:00,304.244,361.228,66.496,53.805,291.86,100.458,41.153,41.208
2018-04-25 03:00:00,317.727,383.515,68.151,56.237,302.574,106.355,43.509,43.159
2018-04-25 04:00:00,356.558,436.659,75.455,65.198,339.238,122.206,48.912,48.403
2018-04-25 05:00:00,423.294,516.948,94.48,81.111,402.112,134.63,62.642,57.865
2018-04-25 06:00:00,496.063,598.287,105.092,92.657,471.067,158.533,73.154,70.499
2018-04-25 07:00:00,549.648,656.151,125.396,97.593,511.365,173.534,78.619,72.235
2018-04-25 08:00:00,579.074,682.067,124.714,111.008,540.002,183.889,78.518,76.105
2018-04-25 09:00:00,586.686,704.795,124.328,109.372,551.082,180.523,81.622,76.672
2018-04-25 10:00:00,583.072,709.853,125.306,104.546,568.464,182.438,80.373,76.314
2018-04-25 11:00:00,575.132,698.944,118.756,105.347,564.655,190.911,78.95,75.324
2018-04-25 12:00:00,554.966,674.074,114.835,100.316,536.405,170.152,77.556,72.889
2018-04-25 13:00:00,533.258,643.718,110.387,97.208,507.29,162.782,69.897,70.802
2018-04-25 14:00:00,523.392,631.577,108.147,96.466,490.691,166.236,68.86,76.752
2018-04-25 15:00:00,522.432,631.625,111.506,98.175,495.133,169.304,73.729,71.759
2018-04-25 16:00:00,535.706,640.832,119.481,105.04,520.925,183.721,85.671,73.28
2018-04-25 17:00:00,535.671,655.537,119.735,104.397,530.651,184.938,81.747,72.781
2018-04-25 18:00:00,547.678,636.015,117.94,108.643,533.69,178.506,82.935,75.202
2018-04-25 19:00:00,563.639,653.971,131.702,104.553,557.0,183.612,80.825,80.305
2018-04-25 20:00:00,546.558,629.116,124.153,107.064,533.748,183.349,81.093,79.044
2018-04-25 21:00:00,468.381,538.628,105.999,92.502,457.383,161.304,69.823,74.954
2018-04-25 22:00:00,380.986,450.823,85.303,76.006,373.846,130.572,57.859,60.038
2018-04-25 23:00:00,334.679,400.702,73.623,63.175,326.203,113.299,46.054,48.323
2018-04-26 00:00:00,308.201,370.458,66.552,57.74,308.04,101.154,40.991,42.142
2018-04-26 01:00:00,301.036,362.868,65.7,60.349,298.871,94.922,39.874,39.913
2018-04-26 02:00:00,300.605,363.256,64.489,56.416,297.053,93.941,39.613,40.384
2018-04-26 03:00:00,313.996,382.691,70.31,58.376,308.093,101.469,42.656,40.173
2018-04-26 04:00:00,350.354,429.321,76.658,68.357,344.209,115.185,47.373,45.291
2018-04-26 05:00:00,420.602,489.726,87.369,78.357,390.496,128.236,59.686,53.638
2018-04-26 06:00:00,501.69,574.472,102.713,91.678,464.467,155.616,73.121,65.467
2018-04-26 07:00:00,539.465,624.87,111.754,104.546,513.464,167.14,78.41,70.121
2018-04-26 08:00:00,567.945,662.741,119.665,108.41,530.315,171.144,75.67,71.731
2018-04-26 09:00:00,585.503,686.229,119.49,104.82,536.774,179.949,75.394,72.295
2018-04-26 10:00:00,573.873,687.072,116.118,103.443,547.527,179.938,76.422,74.893
2018-04-26 11:00:00,568.069,688.742,113.052,100.528,536.829,169.393,78.4,70.691
2018-04-26 12:00:00,547.429,679.49,108.835,98.541,520.219,163.466,73.75,72.296
2018-04-26 13:00:00,539.26,670.084,103.944,100.449,503.466,158.68,75.872,69.355
2018-04-26 14:00:00,535.448,669.27,107.806,107.646,509.032,167.041,77.625,69.235
2018-04-26 15:00:00,565.822,682.283,110.421,102.582,527.47,179.06,82.37,75.392
2018-04-26 16:00:00,596.596,687.611,119.245,105.819,561.209,188.842,85.3,76.074
2018-04-26 17:00:00,611.261,676.242,118.815,114.925,570.31,188.533,84.426,78.514
2018-04-26 18:00:00,594.352,655.825,118.501,112.305,564.26,181.826,85.022,76.397
2018-04-26 19:00:00,573.67,651.793,120.35,105.979,556.535,179.672,85.093,73.968
2018-04-26 20:00:00,533.694,615.741,115.677,106.995,526.471,171.668,82.576,73.503
2018-04-26 21:00:00,459.974,528.672,104.246,82.181,447.867,150.648,67.768,60.421
2018-04-26 22:00:00,376.666,443.168,86.091,67.115,362.181,122.367,52.819,52.264
2018-04-26 23:00:00,339.958,396.7,74.019,60.178,332.586,109.951,47.511,47.387
2018-04-27 00:00:00,326.166,377.345,71.312,57.72,314.947,101.296,42.76,42.221
2018-04-27 01:00:00,321.482,374.873,68.063,59.653,314.237,100.868,43.461,41.5
2018-04-27 02:00:00,325.109,381.593,68.326,61.355,319.27,104.239,44.423,42.131
2018-04-27 03:00:00,337.414,405.152,71.852,65.075,336.187,111.228,45.859,44.047
2018-04-27 04:00:00,382.839,449.955,80.953,72.877,372.338,122.259,52.287,51.211
2018-04-27 05:00:00,451.979,518.216,97.67,83.879,424.385,138.145,63.913,59.297
2018-04-27 06:00:00,530.05,607.407,108.848,95.629,486.459,162.996,73.648,71.436
2018-04-27 07:00:00,562.908,653.677,116.95,100.167,518.063,174.227,72.884,72.746
2018-04-27 08:00:00,579.776,678.706,117.435,99.006,533.45,175.301,77.047,70.972
2018-04-27 09:00:00,587.24,696.759,119.755,104.468,546.612,176.72,77.371,69.96
2018-04-27 10:00:00,587.54,689.961,124.047,103.647,557.422,172.091,77.807,71.821
2018-04-27 11:00:00,594.166,699.107,124.224,105.787,558.562,172.567,78.205,70.025
2018-04-27 12:00:00,570.257,677.58,127.78,101.867,552.547,170.517,74.628,71.699
2018-04-27 13:00:00,548.641,663.189,117.451,101.74,524.768,166.65,72.7,70.468
2018-04-27 14:00:00,538.803,651.499,118.596,100.736,510.292,174.102,74.27,70.671
2018-04-27 15:00:00,550.659,653.869,117.25,102.532,515.642,184.3,75.565,68.586
2018-04-27 16:00:00,556.809,660.525,127.813,99.522,529.113,184.884,83.005,75.044
2018-04-27 17:00:00,562.408,643.331,128.163,102.213,530.839,183.954,90.599,73.706
2018-04-27 18:00:00,561.307,633.151,126.933,106.764,535.653,188.907,83.998,75.845
2018-04-27 19:00:00,576.185,656.355,127.305,107.64,564.09,193.977,82.078,79.712
2018-04-27 20:00:00,562.146,629.956,125.765,103.431,548.478,179.878,83.534,79.792
2018-04-27 21:00:00,474.088,548.939,109.958,89.612,470.598,157.254,70.121,68.379
2018-04-27 22:00:00,398.387,467.132,89.432,77.74,389.562,133.928,57.012,58.53
2018-04-27 23:00:00,359.655,419.397,79.293,67.466,342.274,119.651,48.744,50.352
2018-04-28 00:00:00,339.438,392.207,74.515,59.585,331.143,110.433,43.413,47.816
2018-04-28 01:00:00,335.53,381.916,72.04,59.222,323.59,105.104,41.703,46.194
2018-04-28 02:00:00,341.616,389.589,71.917,59.315,323.539,103.975,43.327,44.943
2018-04-28 03:00:00,340.718,398.087,74.437,59.647,330.336,112.741,44.224,45.312
2018-04-28 04:00:00,356.765,420.673,79.511,65.098,349.081,117.946,46.165,47.683
2018-04-28 05:00:00,395.943,438.361,84.812,73.906,378.036,124.304,50.043,51.656
2018-04-28 06:00:00,438.363,476.004,94.283,83.571,426.202,139.8,59.261,55.065
2018-04-28 07:00:00,481.632,511.952,106.575,92.692,465.484,147.804,66.818,61.235
2018-04-28 08:00:00,507.86,549.584,113.479,98.192,498.185,156.383,70.436,61.856
2018-04-28 09:00:00,527.169,568.168,107.949,94.37,489.135,164.838,69.579,65.121
2018-04-28 10:00:00,503.409,575.195,105.876,92.395,482.542,172.697,70.796,66.482
2018-04-28 11:00:00,512.139,611.235,99.087,101.914,502.225,176.936,73.224,68.289
2018-04-28 12:00:00,511.619,631.37,96.003,96.612,492.221,182.455,74.518,74.241
2018-04-28 13:00:00,521.99,648.562,99.934,99.02,495.777,176.733,75.822,70.288
2018-04-28 14:00:00,544.862,676.226,107.5,106.261,511.764,180.744,77.392,68.932
2018-04-28 15:00:00,575.984,721.719,116.637,118.646,555.55,192.6,85.617,78.134
2018-04-28 16:00:00,602.097,748.094,121.407,122.212,571.442,204.71,91.297,85.315
2018-04-28 17:00:00,604.794,733.663,122.828,117.424,588.104,205.833,89.541,84.788
2018-04-28 18:00:00,582.04,706.329,121.879,112.543,572.127,204.916,88.35,84.488
2018-04-28 19:00:00,576.428,683.523,122.24,112.755,564.241,192.969,85.366,84.773
2018-04-28 20:00:00,560.356,633.293,115.932,103.777,548.818,184.931,83.435,77.755
2018-04-28 21:00:00,473.923,524.936,99.616,88.069,453.834,151.384,72.211,62.25
2018-04-28 22:00:00,384.244,433.994,79.85,68.859,358.208,119.812,52.371,52.382
2018-04-28 23:00:00,332.295,390.526,68.563,60.781,311.149,102.738,44.121,43.553
2018-04-29 00:00:00,301.254,359.201,63.258,55.59,281.343,93.911,38.741,38.269
2018-04-29 01:00:00,290.654,351.572,62.998,51.378,277.653,90.518,36.803,37.812
2018-04-29 02:00:00,292.347,346.116,62.798,51.588,275.332,90.693,37.214,36.658
2018-04-29 03:00:00,298.856,347.531,64.878,52.789,280.659,98.951,37.928,37.899
2018-04-29 04:00:00,315.023,367.903,69.651,55.886,302.109,105.531,39.274,39.971
2018-04-29 05:00:00,336.007,378.912,75.665,64.005,316.861,112.187,44.418,43.339
2018-04-29 06:00:00,383.299,423.374,88.421,75.387,358.371,128.25,53.416,50.212
2018-04-29 07:00:00,446.796,480.7,103.252,90.381,411.753,147.26,64.441,61.288
2018-04-29 08:00:00,506.662,523.988,106.959,96.16,458.744,158.906,72.941,72.855
2018-04-29 09:00:00,514.345,553.768,116.266,98.167,479.259,168.308,74.008,66.615
2018-04-29 10:00:00,522.424,560.895,117.936,102.068,488.821,174.147,69.274,64.331
2018-04-29 11:00:00,515.212,561.849,118.306,102.268,481.665,171.717,75.825,64.752
2018-04-29 12:00:00,487.921,548.407,112.243,95.051,462.775,165.327,69.117,62.606
2018-04-29 13:00:00,471.572,529.242,106.403,90.367,440.255,153.227,68.981,61.661
2018-04-29 14:00:00,477.796,530.143,102.632,93.332,446.761,152.045,68.354,64.737
2018-04-29 15:00:00,488.873,529.449,107.521,94.218,474.665,154.639,71.264,60.044
2018-04-29 16:00:00,519.494,555.006,115.451,96.015,480.764,165.836,71.619,62.218
2018-04-29 17:00:00,526.046,573.419,114.982,99.072,504.297,165.425,69.543,65.217
2018-04-29 18:00:00,547.633,598.785,123.138,102.525,533.53,172.738,78.187,67.572
2018-04-29 19:00:00,573.521,634.384,135.694,111.961,566.045,184.907,84.004,72.321
2018-04-29 20:00:00,567.11,612.04,132.66,109.631,565.502,187.007,81.47,77.349
2018-04-29 21:00:00,493.639,549.118,121.344,103.362,493.661,170.452,74.534,67.527
2018-04-29 22:00:00,424.672,478.929,101.013,81.873,430.611,149.576,60.409,57.44
2018-04-29 23:00:00,385.57,450.257,93.757,74.526,391.698,132.024,54.173,53.777
2018-04-30 00:00:00,368.482,443.196,86.871,69.035,373.79,125.761,50.917,51.39
2018-04-30 01:00:00,366.452,433.095,86.421,70.263,365.846,125.635,49.363,51.119
2018-04-30 02:00:00,369.222,434.402,88.65,70.407,366.904,127.575,51.553,50.106
2018-04-30 03:00:00,387.531,451.537,91.496,72.495,376.865,135.72,54.329,54.117
2018-04-30 04:00:00,431.618,487.76,99.493,79.344,409.216,145.63,58.69,58.04
2018-04-30 05:00:00,508.932,551.306,110.755,95.388,459.447,167.145,70.855,66.336
2018-04-30 06:00:00,592.731,634.706,130.607,111.659,536.832,192.881,82.714,77.513
2018-04-30 07:00:00,623.054,697.12,132.201,112.869,586.98,203.615,85.747,79.938
2018-04-30 08:00:00,636.438,732.75,133.632,124.544,613.907,207.393,88.96,84.704
2018-04-30 09:00:00,646.423,743.247,135.065,124.554,625.227,215.882,93.852,92.794
2018-04-30 10:00:00,644.705,744.73,135.692,119.407,628.224,215.122,95.116,90.768
2018-04-30 11:00:00,630.065,734.256,137.74,114.241,623.862,201.083,91.005,84.483
2018-04-30 12:00:00,603.147,702.477,131.176,112.297,584.015,195.097,82.358,82.171
2018-04-30 13:00:00,568.145,681.151,126.13,105.484,558.653,182.103,77.759,75.264
2018-04-30 14:00:00,552.395,660.887,120.818,108.098,553.436,180.446,78.44,70.805
2018-04-30 15:00:00,550.579,657.068,128.48,109.415,552.864,186.4,81.448,71.454
2018-04-30 16:00:00,577.912,665.602,129.758,109.832,564.248,194.422,85.469,75.9
2018-04-30 17:00:00,586.611,678.489,138.919,108.581,562.409,200.363,81.666,74.941
2018-04-30 18:00:00,588.247,664.134,140.301,110.724,566.591,200.795,84.949,77.741
2018-04-30 19:00:00,596.5,684.524,145.627,117.127,594.016,208.471,87.21,83.445
2018-04-30 20:00:00,585.469,656.877,133.848,115.119,593.279,197.806,84.476,83.786
2018-04-30 21:00:00,513.545,585.923,114.859,99.673,515.905,168.948,73.404,81.337
2018-04-30 22:00:00,448.679,491.448,102.417,87.341,451.804,147.882,61.47,64.338
2018-04-30 23:00:00,422.535,438.834,89.812,82.634,409.342,134.713,53.803,56.349
2018-05-01 00:00:00,395.79,420.065,83.557,68.523,374.317,131.746,51.653,53.271
2018-05-01 01:00:00,382.507,420.519,81.221,71.444,368.678,134.057,52.545,53.925
2018-05-01 02:00:00,389.097,423.22,83.221,69.401,366.44,135.173,54.206,53.22
2018-05-01 03:00:00,397.708,444.326,86.253,70.8,372.992,144.027,57.533,55.254
2018-05-01 04:00:00,432.391,491.149,91.799,77.389,401.634,157.953,65.159,61.084
2018-05-01 05:00:00,502.845,548.863,107.306,93.849,451.398,171.589,77.52,66.61
2018-05-01 06:00:00,561.752,617.939,123.954,106.516,523.212,185.251,79.59,70.242
2018-05-01 07:00:00,575.454,670.132,126.964,115.631,563.643,180.599,82.13,72.63
2018-05-01 08:00:00,575.738,684.794,126.086,112.21,569.195,176.271,74.883,73.934
2018-05-01 09:00:00,578.605,686.998,119.791,110.173,561.757,182.272,79.854,83.415
2018-05-01 10:00:00,584.67,691.394,117.663,108.904,554.201,182.97,80.057,82.604
2018-05-01 11:00:00,578.686,681.554,114.044,111.456,546.682,173.432,75.608,75.183
2018-05-01 12:00:00,569.536,682.269,110.585,108.016,536.142,166.133,75.891,70.997
2018-05-01 13:00:00,582.176,695.841,114.505,107.511,541.093,167.55,69.45,66.599
2018-05-01 14:00:00,606.16,716.983,119.273,110.794,564.085,171.359,75.802,67.162
2018-05-01 15:00:00,655.565,761.327,124.154,120.97,608.557,181.917,79.26,73.051
2018-05-01 16:00:00,701.929,799.021,134.292,132.321,653.791,199.73,92.035,79.17
2018-05-01 17:00:00,703.211,787.303,137.284,128.874,635.621,211.729,95.041,83.191
2018-05-01 18:00:00,656.959,748.023,136.464,116.517,598.496,199.287,92.366,83.681
2018-05-01 19:00:00,617.339,714.379,131.077,109.707,577.98,196.205,84.402,76.601
2018-05-01 20:00:00,561.884,680.651,116.657,107.996,541.069,182.163,81.627,75.736
2018-05-01 21:00:00,470.709,570.553,99.267,88.296,448.235,156.874,70.468,66.004
2018-05-01 22:00:00,380.976,453.394,78.417,69.295,348.548,116.829,53.69,49.798
2018-05-01 23:00:00,324.488,384.7,66.878,57.501,294.897,100.499,43.805,42.899
2018-05-02 00:00:00,292.813,353.641,59.231,52.201,279.038,94.08,39.422,39.671
2018-05-02 01:00:00,284.198,339.273,54.972,52.189,275.187,90.869,39.059,39.339
2018-05-02 02:00:00,286.239,342.741,55.813,54.321,284.198,94.097,40.56,41.32
2018-05-02 03:00:00,298.055,363.914,56.464,57.639,298.032,104.556,43.119,44.286
2018-05-02 04:00:00,346.873,409.06,64.483,66.459,339.661,118.308,49.453,47.303
2018-05-02 05:00:00,411.011,463.041,79.429,78.827,387.102,133.34,61.245,56.603
2018-05-02 06:00:00,483.135,564.029,100.433,87.242,453.389,149.807,71.429,64.269
2018-05-02 07:00:00,535.709,657.658,106.264,94.042,496.566,159.176,69.105,71.339
2018-05-02 08:00:00,603.586,747.504,118.194,107.323,563.516,174.732,77.575,76.393
2018-05-02 09:00:00,669.679,862.566,139.735,125.406,647.216,204.346,90.126,84.537
2018-05-02 10:00:00,745.449,973.913,151.628,142.645,722.051,221.595,99.769,90.512
2018-05-02 11:00:00,796.634,1057.037,156.538,157.475,780.538,240.938,107.017,99.089
2018-05-02 12:00:00,832.975,1131.625,165.205,161.453,810.277,253.256,111.972,110.478
2018-05-02 13:00:00,869.196,1175.898,169.733,167.791,842.422,266.054,117.186,106.762
2018-05-02 14:00:00,922.344,1213.833,180.729,177.496,873.005,281.12,122.009,111.022
2018-05-02 15:00:00,923.124,1234.905,193.233,184.67,913.104,292.023,132.048,115.487
2018-05-02 16:00:00,940.683,1211.023,199.415,187.499,923.832,307.016,139.7,121.456
2018-05-02 17:00:00,905.035,1173.1,199.841,177.552,851.569,299.449,134.821,117.749
2018-05-02 18:00:00,829.204,1076.213,188.063,159.773,761.464,265.371,121.676,102.483
2018-05-02 19:00:00,776.602,959.089,176.176,143.471,682.609,245.184,108.185,91.432
2018-05-02 20:00:00,722.229,855.214,160.295,123.504,621.139,211.607,94.499,84.619
2018-05-02 21:00:00,632.817,698.461,130.511,100.587,509.854,179.256,80.81,71.794
2018-05-02 22:00:00,518.675,544.047,106.681,75.298,390.619,144.535,65.006,61.071
2018-05-02 23:00:00,433.957,461.905,87.863,65.444,332.764,121.011,56.51,53.335
2018-05-03 00:00:00,385.36,408.599,77.592,56.146,292.641,105.705,46.814,45.454
2018-05-03 01:00:00,346.397,379.867,70.908,51.541,271.296,91.556,41.416,40.986
2018-05-03 02:00:00,310.885,369.155,68.643,49.212,262.744,86.92,38.187,37.765
2018-05-03 03:00:00,303.756,376.291,66.655,51.658,272.797,85.906,39.4,35.929
2018-05-03 04:00:00,334.374,416.607,69.439,59.964,303.777,97.184,41.316,39.091
2018-05-03 05:00:00,395.257,476.234,84.77,72.051,350.06,110.615,50.6,47.577
2018-05-03 06:00:00,495.909,576.407,105.666,86.327,428.702,139.735,62.82,61.017
2018-05-03 07:00:00,614.91,683.854,116.767,94.833,503.862,159.351,70.922,71.375
2018-05-03 08:00:00,729.634,830.496,142.563,119.061,599.463,197.876,83.642,78.138
2018-05-03 09:00:00,820.589,996.018,170.887,145.502,709.347,243.232,100.318,97.509
2018-05-03 10:00:00,888.979,1132.03,184.279,165.212,837.02,280.135,118.182,113.83
2018-05-03 11:00:00,951.612,1234.065,196.243,186.179,938.685,303.797,134.6,121.22
2018-05-03 12:00:00,1009.821,1292.158,201.894,193.247,955.249,315.039,132.894,127.557
2018-05-03 13:00:00,1006.959,1282.622,209.167,201.277,982.176,320.833,138.341,125.946
2018-05-03 14:00:00,1013.405,1223.429,209.939,199.877,975.332,328.625,147.537,128.022
2018-05-03 15:00:00,1021.708,1159.718,213.785,179.595,873.228,320.949,142.842,127.527
2018-05-03 16:00:00,997.395,1123.632,206.856,164.354,802.546,307.266,142.994,116.356
2018-05-03 17:00:00,902.443,1063.211,183.136,148.334,746.101,294.654,132.25,115.593
2018-05-03 18:00:00,753.756,947.678,159.48,136.935,697.886,279.742,123.896,109.078
2018-05-03 19:00:00,713.974,849.059,147.625,130.719,668.243,252.108,109.898,100.481
2018-05-03 20:00:00,654.585,780.809,136.318,124.683,621.394,225.492,97.167,89.494
2018-05-03 21:00:00,552.579,661.038,115.445,102.827,523.247,182.553,80.426,81.022
2018-05-03 22:00:00,459.634,536.927,87.363,83.683,422.778,145.987,65.759,66.643
2018-05-03 23:00:00,379.816,465.767,74.083,69.552,358.205,120.556,53.751,54.285
2018-05-04 00:00:00,342.434,424.871,66.824,60.021,308.887,105.393,48.152,45.918
2018-05-04 01:00:00,323.363,401.772,62.078,55.703,286.69,96.144,42.453,41.505
2018-05-04 02:00:00,310.705,398.025,60.658,51.862,276.398,91.626,40.359,39.608
2018-05-04 03:00:00,316.237,411.397,62.521,53.082,283.744,93.115,41.494,39.117
2018-05-04 04:00:00,357.203,454.239,68.983,61.461,313.977,105.767,46.212,45.437
2018-05-04 05:00:00,429.834,537.174,81.594,74.852,373.033,124.254,56.641,50.894
2018-05-04 06:00:00,526.318,652.53,100.019,87.614,463.295,155.7,71.771,62.562
2018-05-04 07:00:00,598.885,753.594,110.179,101.456,534.905,179.904,81.667,73.079
2018-05-04 08:00:00,643.895,829.122,119.874,115.419,600.239,209.244,87.006,81.039
2018-05-04 09:00:00,677.792,861.321,125.063,125.122,641.451,224.098,92.702,88.712
2018-05-04 10:00:00,708.874,883.029,135.224,128.784,671.471,229.214,103.733,97.094
2018-05-04 11:00:00,743.479,932.583,138.709,131.098,692.443,234.863,102.185,100.221
2018-05-04 12:00:00,773.572,977.242,145.208,135.805,678.245,237.3,103.964,98.251
2018-05-04 13:00:00,815.569,1029.568,150.366,143.36,721.583,247.72,106.925,98.341
2018-05-04 14:00:00,862.358,1093.151,162.629,155.324,778.729,255.75,111.375,101.767
2018-05-04 15:00:00,858.661,1125.613,180.502,169.022,800.378,271.958,118.626,104.364
2018-05-04 16:00:00,837.959,1083.885,175.235,166.814,797.367,277.718,119.983,103.835
2018-05-04 17:00:00,786.99,989.776,168.742,149.863,763.529,265.158,115.314,98.624
2018-05-04 18:00:00,727.433,897.683,158.035,129.767,676.932,247.127,106.748,91.782
2018-05-04 19:00:00,717.879,863.613,147.54,124.809,621.757,234.15,98.622,87.888
2018-05-04 20:00:00,700.437,784.522,135.613,118.71,582.1,219.379,89.939,80.65
2018-05-04 21:00:00,614.669,654.429,112.335,101.55,502.427,183.322,74.439,69.268
2018-05-04 22:00:00,528.686,547.472,93.397,77.116,410.133,147.037,61.48,59.829
2018-05-04 23:00:00,432.618,519.819,81.823,71.189,369.781,127.478,55.543,53.491
2018-05-05 00:00:00,363.575,446.235,72.183,66.243,335.268,115.144,49.282,50.616
2018-05-05 01:00:00,323.912,397.909,63.626,58.939,307.383,102.971,44.498,45.206
2018-05-05 02:00:00,303.983,375.994,59.766,53.306,287.099,92.73,40.985,40.836
2018-05-05 03:00:00,295.333,357.292,57.934,50.363,273.013,87.484,36.552,39.127
2018-05-05 04:00:00,298.573,365.266,59.572,51.334,278.415,90.994,36.136,39.556
2018-05-05 05:00:00,310.776,375.977,64.773,55.901,287.895,94.042,39.362,43.546
2018-05-05 06:00:00,370.612,434.084,72.576,68.132,351.691,115.796,50.838,55.46
2018-05-05 07:00:00,442.628,497.88,82.356,82.434,412.869,140.863,56.995,61.139
2018-05-05 08:00:00,500.301,555.662,99.583,86.21,462.352,157.85,68.106,61.88
2018-05-05 09:00:00,517.109,590.648,106.127,96.061,504.897,161.39,71.007,67.973
2018-05-05 10:00:00,554.326,622.117,111.144,102.73,528.275,167.265,75.762,66.558
2018-05-05 11:00:00,563.671,682.365,112.656,115.164,557.385,174.755,79.479,69.649
2018-05-05 12:00:00,584.083,734.399,118.15,122.993,572.304,188.676,80.302,72.834
2018-05-05 13:00:00,618.913,755.63,127.572,126.102,617.26,198.754,88.451,74.655
2018-05-05 14:00:00,653.022,805.734,137.663,131.43,646.375,216.304,98.7,77.631
2018-05-05 15:00:00,679.963,855.31,141.423,146.82,664.107,221.659,101.928,88.26
2018-05-05 16:00:00,709.138,873.694,149.066,137.369,660.0,225.212,103.218,88.224
2018-05-05 17:00:00,694.698,842.055,148.421,133.416,649.648,226.061,100.355,88.102
2018-05-05 18:00:00,648.089,786.784,140.228,127.292,615.832,214.966,95.984,81.861
2018-05-05 19:00:00,621.068,762.799,138.031,124.107,603.046,208.465,87.94,82.442
2018-05-05 20:00:00,584.238,701.817,131.108,116.622,568.943,192.911,94.536,81.08
2018-05-05 21:00:00,493.488,585.597,107.516,97.934,477.033,163.569,75.834,68.457
2018-05-05 22:00:00,400.448,465.203,80.423,75.792,380.212,128.009,57.404,56.793
2018-05-05 23:00:00,344.311,395.679,69.908,61.398,320.001,112.868,47.717,45.399
2018-05-06 00:00:00,308.878,356.859,62.118,53.461,281.069,93.911,39.344,37.695
2018-05-06 01:00:00,283.877,343.181,56.809,50.068,266.138,87.362,35.815,35.903
2018-05-06 02:00:00,274.352,329.705,55.009,49.411,257.869,88.172,34.984,34.754
2018-05-06 03:00:00,276.587,332.477,57.576,50.02,260.71,87.489,34.945,34.607
2018-05-06 04:00:00,289.042,346.641,61.493,53.797,275.96,92.662,35.982,36.301
2018-05-06 05:00:00,306.436,347.839,63.253,55.837,279.627,100.354,39.333,39.407
2018-05-06 06:00:00,355.513,394.579,73.821,65.624,322.662,119.621,50.005,48.204
2018-05-06 07:00:00,415.729,455.288,91.955,71.879,374.068,138.488,58.763,56.962
2018-05-06 08:00:00,458.221,494.983,100.289,80.384,426.186,151.145,64.196,59.883
2018-05-06 09:00:00,468.645,513.249,105.017,85.226,438.87,154.695,67.317,65.38
2018-05-06 10:00:00,475.265,513.286,101.089,84.714,449.093,164.063,65.22,64.178
2018-05-06 11:00:00,474.13,517.496,107.052,87.978,450.99,157.874,70.93,61.288
2018-05-06 12:00:00,456.761,513.801,104.014,82.392,437.893,148.222,62.485,59.512
2018-05-06 13:00:00,441.897,510.76,93.173,88.56,435.566,149.056,61.801,56.161
2018-05-06 14:00:00,444.237,505.151,93.535,87.448,428.026,146.71,62.836,55.408
2018-05-06 15:00:00,465.117,523.145,102.214,86.654,440.284,155.93,61.402,59.232
2018-05-06 16:00:00,486.356,543.133,107.994,91.974,468.041,163.308,67.122,60.527
2018-05-06 17:00:00,484.603,548.42,113.992,93.949,472.742,162.817,72.659,61.833
2018-05-06 18:00:00,483.804,551.212,113.655,94.902,466.499,160.398,74.275,65.689
2018-05-06 19:00:00,516.247,577.855,115.779,95.949,496.95,177.453,76.427,67.555
2018-05-06 20:00:00,518.829,553.161,113.378,96.878,479.587,178.601,75.975,65.855
2018-05-06 21:00:00,443.904,505.704,96.227,82.492,424.905,150.263,67.239,61.739
2018-05-06 22:00:00,360.986,426.943,82.123,67.432,349.71,125.417,53.529,48.91
2018-05-06 23:00:00,315.821,382.442,72.233,60.071,301.363,105.264,44.927,44.617
2018-05-07 00:00:00,302.167,363.3,68.196,53.955,288.748,99.806,40.489,41.178
2018-05-07 01:00:00,296.557,354.471,65.146,52.845,285.688,93.996,36.691,39.174
2018-05-07 02:00:00,301.403,357.807,64.555,52.421,285.7,91.273,38.568,37.525
2018-05-07 03:00:00,319.865,379.392,65.153,56.356,297.728,99.159,41.37,39.13
2018-05-07 04:00:00,360.708,428.259,75.223,65.712,333.948,108.839,49.47,43.997
2018-05-07 05:00:00,429.002,484.24,85.986,77.135,382.3,123.389,58.782,50.245
2018-05-07 06:00:00,505.68,564.88,101.742,86.766,454.497,143.935,70.436,61.61
2018-05-07 07:00:00,529.738,627.079,106.108,97.227,495.655,165.166,73.984,69.316
2018-05-07 08:00:00,548.848,658.824,111.345,99.679,517.376,174.656,72.545,69.684
2018-05-07 09:00:00,571.553,688.555,113.227,106.169,542.438,181.517,80.154,75.005
2018-05-07 10:00:00,584.669,712.348,114.181,113.444,550.225,186.414,82.735,83.493
2018-05-07 11:00:00,598.928,745.993,112.422,109.39,579.341,182.339,80.661,81.72
2018-05-07 12:00:00,619.427,765.531,112.759,117.655,586.623,181.436,80.285,77.915
2018-05-07 13:00:00,610.966,784.393,112.048,122.654,612.735,188.281,85.537,75.997
2018-05-07 14:00:00,588.221,806.133,115.964,121.434,619.709,190.624,87.192,76.707
2018-05-07 15:00:00,585.271,849.805,120.671,122.929,616.668,190.601,90.08,81.868
2018-05-07 16:00:00,602.35,869.447,120.486,125.504,618.88,202.194,89.788,83.107
2018-05-07 17:00:00,595.373,825.184,116.938,125.506,615.144,200.962,89.234,79.17
2018-05-07 18:00:00,574.176,751.692,113.926,114.946,576.895,182.005,84.902,73.918
2018-05-07 19:00:00,579.549,725.37,112.559,114.315,563.729,182.785,87.94,73.32
2018-05-07 20:00:00,545.383,663.534,112.323,106.908,537.323,176.775,89.413,71.448
2018-05-07 21:00:00,463.343,545.856,97.239,91.036,456.178,149.954,74.129,63.561
2018-05-07 22:00:00,376.184,443.444,81.229,70.002,363.444,120.745,55.132,49.491
2018-05-07 23:00:00,314.804,385.664,67.735,58.132,311.109,106.428,45.372,44.728
2018-05-08 00:00:00,295.225,354.914,63.582,53.252,294.061,99.115,40.657,40.756
2018-05-08 01:00:00,287.554,345.106,62.164,54.02,289.255,97.063,38.417,39.148
2018-05-08 02:00:00,296.155,348.727,64.052,54.667,294.451,96.472,39.481,39.338
2018-05-08 03:00:00,316.173,372.406,66.904,58.967,311.689,103.632,41.518,41.251
2018-05-08 04:00:00,364.242,411.678,74.705,67.247,357.056,116.115,46.939,44.938
2018-05-08 05:00:00,420.028,482.058,88.205,79.921,405.89,135.305,57.764,52.633
2018-05-08 06:00:00,492.895,574.013,99.636,88.572,460.69,153.968,71.124,61.931
2018-05-08 07:00:00,537.369,635.634,110.172,92.481,501.244,165.244,74.673,67.973
2018-05-08 08:00:00,567.247,679.367,114.882,99.147,525.736,171.458,79.97,69.056
2018-05-08 09:00:00,593.962,741.046,121.095,110.095,557.234,174.174,80.471,72.683
2018-05-08 10:00:00,627.908,802.158,122.863,120.896,597.396,181.934,88.15,74.961
2018-05-08 11:00:00,642.791,859.171,125.025,120.464,626.671,191.841,85.695,78.871
2018-05-08 12:00:00,631.022,865.738,130.148,121.743,635.086,194.751,88.847,81.527
2018-05-08 13:00:00,613.803,872.625,125.943,122.727,643.693,201.79,90.394,81.77
2018-05-08 14:00:00,613.645,882.263,131.857,126.473,643.74,203.45,103.337,82.985
2018-05-08 15:00:00,646.739,916.557,141.361,134.005,667.464,210.801,97.793,86.821
2018-05-08 16:00:00,685.577,921.337,145.561,139.397,690.09,222.25,102.057,95.437
2018-05-08 17:00:00,685.03,880.219,147.944,139.632,685.731,221.668,100.431,91.327
2018-05-08 18:00:00,654.222,808.418,141.864,122.553,626.163,215.368,97.296,85.362
2018-05-08 19:00:00,628.151,750.047,138.659,115.173,587.27,195.81,91.068,82.08
2018-05-08 20:00:00,583.532,680.438,125.101,113.01,554.462,185.57,86.058,80.033
2018-05-08 21:00:00,479.47,564.14,102.116,94.326,454.69,154.594,70.095,70.807
2018-05-08 22:00:00,381.838,440.216,80.104,72.256,358.099,126.013,51.483,49.456
2018-05-08 23:00:00,325.705,376.993,68.981,60.975,308.84,105.13,44.397,42.025
2018-05-09 00:00:00,303.479,355.771,61.588,53.137,287.668,96.845,40.642,37.542
2018-05-09 01:00:00,293.609,345.868,59.45,54.223,281.859,92.584,37.057,38.182
2018-05-09 02:00:00,299.198,348.602,61.47,54.855,290.26,93.592,37.518,39.58
2018-05-09 03:00:00,320.003,372.338,64.838,57.772,308.431,103.797,41.693,40.716
2018-05-09 04:00:00,359.906,414.337,74.74,66.232,339.451,120.72,48.697,46.531
2018-05-09 05:00:00,425.437,484.458,87.943,79.802,399.343,132.278,57.275,55.686
2018-05-09 06:00:00,504.706,580.298,100.724,85.719,464.055,148.954,70.341,63.598
2018-05-09 07:00:00,531.485,621.697,103.758,88.799,493.714,158.325,73.518,72.699
2018-05-09 08:00:00,566.835,673.825,111.05,102.188,519.687,168.298,74.763,70.559
2018-05-09 09:00:00,620.615,740.754,118.506,105.816,567.155,179.653,81.994,76.138
2018-05-09 10:00:00,673.307,823.802,129.479,116.306,635.648,198.127,87.713,89.068
2018-05-09 11:00:00,696.389,899.368,140.36,130.975,686.899,212.111,95.479,88.945
2018-05-09 12:00:00,699.147,926.601,140.001,129.214,683.045,220.18,96.906,90.888
2018-05-09 13:00:00,704.002,934.225,140.719,131.123,673.672,222.979,95.212,89.066
2018-05-09 14:00:00,699.883,964.984,141.341,135.449,658.803,221.27,98.618,90.042
2018-05-09 15:00:00,719.319,1002.735,138.885,135.367,664.702,217.887,98.765,88.827
2018-05-09 16:00:00,740.541,983.593,154.094,138.883,672.689,210.244,96.33,91.839
2018-05-09 17:00:00,704.718,910.604,150.86,136.546,669.251,210.905,95.258,86.996
2018-05-09 18:00:00,638.56,794.119,136.041,120.486,601.867,197.661,84.534,77.783
2018-05-09 19:00:00,605.903,723.651,128.698,108.729,572.575,189.761,88.695,74.832
2018-05-09 20:00:00,556.378,658.503,122.119,102.715,531.957,182.09,83.313,68.777
2018-05-09 21:00:00,466.962,549.882,101.582,84.477,445.499,158.785,65.372,59.445
2018-05-09 22:00:00,384.481,449.779,78.665,68.105,363.287,127.852,51.622,49.37
2018-05-09 23:00:00,330.864,384.987,70.682,58.461,303.9,107.748,42.981,40.687
2018-05-10 00:00:00,300.679,351.665,64.624,52.485,279.306,93.724,38.208,36.849
2018-05-10 01:00:00,286.438,341.676,59.945,51.095,269.273,88.626,35.755,36.088
2018-05-10 02:00:00,288.25,345.625,59.066,50.653,267.942,86.688,36.53,36.543
2018-05-10 03:00:00,303.558,366.006,61.353,52.305,276.66,93.108,39.655,38.01
2018-05-10 04:00:00,343.289,403.492,69.325,58.451,307.312,105.139,43.734,42.724
2018-05-10 05:00:00,398.916,472.736,83.53,67.04,361.213,124.976,53.607,54.123
2018-05-10 06:00:00,487.248,557.222,99.948,80.236,433.782,152.113,64.076,63.497
2018-05-10 07:00:00,523.464,617.811,110.778,88.588,469.867,164.257,72.297,62.96
2018-05-10 08:00:00,566.86,647.161,117.324,93.594,506.574,173.439,79.776,67.506
2018-05-10 09:00:00,587.375,689.639,119.593,102.803,530.971,179.191,78.269,73.5
2018-05-10 10:00:00,601.625,725.127,127.013,108.596,550.393,181.551,78.285,79.533
2018-05-10 11:00:00,604.16,769.976,124.808,107.371,547.168,185.179,81.274,82.563
2018-05-10 12:00:00,566.425,779.971,116.973,102.76,539.203,189.383,79.875,80.578
2018-05-10 13:00:00,536.752,717.216,105.971,95.387,500.358,178.897,74.564,74.768
2018-05-10 14:00:00,554.971,679.255,108.259,96.349,486.877,165.897,80.28,71.326
2018-05-10 15:00:00,585.529,676.761,114.867,96.94,514.706,171.09,78.631,72.238
2018-05-10 16:00:00,616.461,728.684,123.818,103.621,539.266,188.609,82.465,72.93
2018-05-10 17:00:00,616.116,732.216,124.208,111.932,551.878,192.947,86.733,75.462
2018-05-10 18:00:00,587.715,685.74,119.644,107.759,543.384,194.742,82.958,72.806
2018-05-10 19:00:00,576.115,667.705,122.812,108.046,534.64,190.564,81.383,70.306
2018-05-10 20:00:00,547.041,625.039,123.625,104.073,508.79,177.053,75.138,66.999
2018-05-10 21:00:00,464.339,537.465,102.732,86.822,445.135,152.379,68.12,57.934
2018-05-10 22:00:00,378.538,435.594,80.133,69.04,356.058,118.177,52.896,57.663
2018-05-10 23:00:00,328.324,377.225,65.476,59.21,302.658,99.561,41.232,46.24
2018-05-11 00:00:00,296.326,354.921,60.841,55.151,283.26,91.456,37.503,37.53
2018-05-11 01:00:00,283.792,340.859,60.455,54.077,280.743,86.789,38.397,37.216
2018-05-11 02:00:00,288.242,345.217,59.168,52.315,282.561,88.32,36.564,36.869
2018-05-11 03:00:00,298.756,365.548,61.628,53.504,292.03,96.256,38.258,39.344
2018-05-11 04:00:00,346.079,406.937,69.312,58.944,319.762,106.393,43.24,44.302
2018-05-11 05:00:00,412.193,474.314,84.872,75.152,380.223,125.826,55.274,49.8
2018-05-11 06:00:00,486.726,563.174,97.307,87.949,441.378,145.954,64.033,61.078
2018-05-11 07:00:00,519.493,623.303,102.597,94.079,483.852,164.349,68.134,63.91
2018-05-11 08:00:00,555.419,665.733,111.162,99.05,513.297,168.62,73.332,70.443
2018-05-11 09:00:00,586.678,707.394,124.553,103.808,553.209,179.826,74.524,77.415
2018-05-11 10:00:00,599.212,724.881,120.264,103.982,566.24,179.622,77.085,80.864
2018-05-11 11:00:00,587.776,744.704,116.248,102.4,569.07,177.631,78.359,77.527
2018-05-11 12:00:00,579.016,754.668,113.363,105.894,566.787,176.929,77.372,76.606
2018-05-11 13:00:00,579.744,753.136,110.115,110.12,567.78,190.475,79.286,78.228
2018-05-11 14:00:00,598.979,755.691,114.516,113.616,566.943,194.003,85.096,78.884
2018-05-11 15:00:00,619.372,765.262,120.513,113.404,574.558,201.883,94.39,83.054
2018-05-11 16:00:00,645.639,765.354,126.636,117.379,627.48,212.898,100.821,87.769
2018-05-11 17:00:00,643.324,735.232,130.155,118.894,613.191,215.295,96.396,85.044
2018-05-11 18:00:00,608.927,673.872,122.528,111.174,577.548,208.494,93.517,77.084
2018-05-11 19:00:00,589.15,659.728,119.338,118.005,567.768,190.536,91.789,74.839
2018-05-11 20:00:00,565.593,621.943,118.164,108.241,526.126,183.005,84.442,73.042
2018-05-11 21:00:00,469.575,540.845,97.719,85.802,449.976,152.005,70.243,60.097
2018-05-11 22:00:00,374.32,432.332,77.077,66.291,350.721,121.525,53.022,49.75
2018-05-11 23:00:00,321.043,379.018,68.197,57.868,304.71,99.692,45.73,43.267
2018-05-12 00:00:00,293.872,354.818,62.62,53.401,289.378,95.536,38.959,41.621
2018-05-12 01:00:00,284.525,349.371,59.724,50.933,283.795,91.946,37.143,40.843
2018-05-12 02:00:00,283.911,358.747,60.674,52.078,282.033,91.353,37.782,40.8
2018-05-12 03:00:00,289.085,368.613,61.39,52.131,286.146,97.123,37.425,40.696
2018-05-12 04:00:00,299.155,376.997,64.984,53.929,292.284,102.208,40.571,41.789
2018-05-12 05:00:00,333.064,398.569,72.365,60.883,318.249,108.292,43.95,47.574
2018-05-12 06:00:00,387.116,455.51,85.076,68.839,377.661,128.763,51.681,52.724
2018-05-12 07:00:00,450.327,522.093,101.824,83.244,430.642,145.699,64.969,60.444
2018-05-12 08:00:00,502.521,558.807,106.274,94.135,474.184,158.095,72.505,64.991
2018-05-12 09:00:00,521.173,583.13,114.954,100.317,485.039,174.602,73.733,69.03
2018-05-12 10:00:00,509.566,586.47,116.784,101.94,504.151,177.67,71.69,69.835
2018-05-12 11:00:00,522.138,602.937,115.008,101.428,506.266,168.798,76.446,70.576
2018-05-12 12:00:00,514.731,592.628,113.9,99.045,486.725,164.865,76.362,69.603
2018-05-12 13:00:00,502.715,594.317,115.442,103.73,482.148,159.273,68.449,69.719
2018-05-12 14:00:00,501.034,596.198,111.452,103.371,490.516,166.173,69.841,62.694
2018-05-12 15:00:00,520.322,617.63,113.751,101.878,510.026,174.068,75.724,67.125
2018-05-12 16:00:00,541.161,636.679,119.001,108.19,526.148,185.455,79.4,71.233
2018-05-12 17:00:00,551.513,641.07,124.969,103.39,530.662,185.85,83.085,75.819
2018-05-12 18:00:00,547.175,630.851,122.702,101.522,533.52,186.719,81.628,74.345
2018-05-12 19:00:00,571.315,660.391,129.495,108.874,562.644,194.711,84.837,77.764
2018-05-12 20:00:00,565.87,650.6,126.377,105.39,550.934,187.94,81.581,80.436
2018-05-12 21:00:00,497.917,562.289,112.927,93.256,481.93,160.826,69.437,68.333
2018-05-12 22:00:00,414.67,469.836,91.806,76.422,412.03,138.56,59.422,57.661
2018-05-12 23:00:00,363.717,430.167,82.443,66.515,365.703,124.094,48.925,50.705
2018-05-13 00:00:00,327.01,407.163,73.571,62.771,339.398,110.367,44.111,45.035
2018-05-13 01:00:00,317.315,392.892,72.327,62.282,329.297,106.545,43.098,43.884
2018-05-13 02:00:00,317.951,388.416,72.142,62.499,327.74,105.689,44.184,43.972
2018-05-13 03:00:00,327.397,398.722,74.328,62.151,329.334,112.88,44.352,43.528
2018-05-13 04:00:00,342.056,413.494,76.416,65.687,345.243,119.074,45.345,44.252
2018-05-13 05:00:00,365.242,420.251,82.479,75.954,368.845,131.059,51.949,46.992
2018-05-13 06:00:00,391.723,462.009,100.08,81.387,400.135,146.318,60.077,54.098
2018-05-13 07:00:00,441.734,516.485,107.08,91.414,451.483,156.877,68.392,62.267
2018-05-13 08:00:00,478.076,548.443,106.037,107.588,480.532,172.006,74.563,65.318
2018-05-13 09:00:00,488.973,550.894,114.818,108.877,484.106,176.229,78.723,72.471
2018-05-13 10:00:00,481.724,540.122,113.122,99.952,493.047,174.038,77.006,65.55
2018-05-13 11:00:00,494.294,537.172,115.742,94.864,488.549,163.526,76.338,66.969
2018-05-13 12:00:00,478.292,534.827,111.264,93.688,480.844,162.514,71.396,60.952
2018-05-13 13:00:00,472.036,517.139,109.78,90.625,459.108,154.663,67.824,62.139
2018-05-13 14:00:00,483.123,512.636,108.284,93.444,463.298,154.506,63.374,63.613
2018-05-13 15:00:00,492.02,518.018,109.841,95.69,473.189,158.181,67.959,63.634
2018-05-13 16:00:00,508.434,535.088,107.979,97.741,480.642,165.661,72.618,66.021
2018-05-13 17:00:00,518.506,543.158,111.884,96.638,488.648,167.395,70.365,72.466
2018-05-13 18:00:00,515.437,545.213,114.879,103.464,492.604,167.035,71.874,69.18
2018-05-13 19:00:00,538.983,579.143,120.747,104.001,503.225,173.613,82.019,73.378
2018-05-13 20:00:00,528.936,581.852,119.057,102.442,507.404,174.686,80.223,71.724
2018-05-13 21:00:00,456.031,515.637,106.394,88.498,455.458,150.466,65.894,65.557
2018-05-13 22:00:00,391.24,444.198,86.562,73.929,387.769,131.339,52.876,54.547
2018-05-13 23:00:00,341.764,398.154,75.959,63.276,340.123,117.094,49.036,47.072
2018-05-14 00:00:00,319.858,377.494,72.497,60.672,326.535,108.987,43.84,42.587
2018-05-14 01:00:00,316.204,374.906,71.88,61.72,317.838,104.225,42.739,43.195
2018-05-14 02:00:00,318.802,378.388,72.579,60.907,318.532,101.191,43.447,42.46
2018-05-14 03:00:00,328.746,400.905,72.715,62.23,331.347,108.443,44.131,43.272
2018-05-14 04:00:00,360.613,431.755,79.654,69.579,355.134,120.336,49.53,47.265
2018-05-14 05:00:00,435.004,499.194,93.767,86.439,410.873,134.756,63.306,59.575
2018-05-14 06:00:00,525.306,587.972,112.777,94.838,495.145,164.261,79.409,66.389
2018-05-14 07:00:00,559.208,638.276,121.89,101.871,527.799,178.716,79.124,69.481
2018-05-14 08:00:00,572.331,677.93,125.97,106.128,552.802,175.949,78.245,75.624
2018-05-14 09:00:00,576.571,678.404,123.785,112.562,568.445,174.183,79.277,73.747
2018-05-14 10:00:00,570.365,675.624,117.411,109.285,559.871,172.82,77.251,70.736
2018-05-14 11:00:00,559.381,682.338,118.612,102.724,546.3,176.371,78.933,68.504
2018-05-14 12:00:00,553.621,695.836,109.748,102.774,517.464,170.366,80.359,67.312
2018-05-14 13:00:00,551.36,723.711,105.555,100.441,501.649,169.714,80.012,68.027
2018-05-14 14:00:00,573.667,754.403,110.827,97.93,511.207,180.619,80.859,73.767
2018-05-14 15:00:00,620.849,806.08,119.896,99.543,511.532,202.892,87.526,79.608
2018-05-14 16:00:00,654.602,841.312,130.86,105.063,552.854,224.574,97.598,83.727
2018-05-14 17:00:00,647.198,819.039,131.301,112.737,574.138,217.117,105.279,86.478
2018-05-14 18:00:00,630.163,732.514,126.526,108.864,557.689,204.012,94.387,77.801
2018-05-14 19:00:00,606.468,692.407,124.962,102.929,547.025,193.093,87.369,73.767
2018-05-14 20:00:00,550.558,654.789,118.699,96.987,518.109,184.659,79.783,72.581
2018-05-14 21:00:00,467.873,550.299,104.181,83.733,452.061,152.999,69.602,61.63
2018-05-14 22:00:00,378.258,442.897,87.672,71.411,352.363,120.962,52.69,48.623
2018-05-14 23:00:00,323.578,382.57,68.347,58.531,304.958,102.803,44.13,42.934
2018-05-15 00:00:00,294.189,354.11,61.077,52.191,283.801,92.131,38.638,38.876
2018-05-15 01:00:00,282.645,341.445,57.452,51.351,274.564,85.962,35.104,37.39
2018-05-15 02:00:00,283.689,346.54,57.371,51.468,275.329,84.195,35.701,37.564
2018-05-15 03:00:00,291.308,364.555,59.57,52.753,280.354,90.939,38.21,38.083
2018-05-15 04:00:00,327.76,403.777,67.04,58.881,312.032,101.365,43.793,41.186
2018-05-15 05:00:00,400.737,473.958,80.333,71.914,362.086,117.726,55.873,49.826
2018-05-15 06:00:00,490.408,567.372,92.68,87.888,433.994,142.848,69.292,59.245
2018-05-15 07:00:00,539.232,630.06,102.98,93.916,482.694,161.035,74.016,68.342
2018-05-15 08:00:00,577.138,668.944,109.146,100.025,517.03,166.452,72.715,73.576
2018-05-15 09:00:00,629.402,711.599,114.629,107.204,543.417,177.624,77.121,78.839
2018-05-15 10:00:00,745.343,804.5,125.821,106.183,580.794,188.706,86.033,83.037
2018-05-15 11:00:00,796.563,927.809,138.949,115.96,636.211,214.026,94.391,84.959
2018-05-15 12:00:00,839.237,1030.487,142.451,124.31,651.568,234.25,101.708,96.492
2018-05-15 13:00:00,890.059,1102.302,143.537,136.36,702.951,238.959,107.481,95.605
2018-05-15 14:00:00,943.315,1058.292,149.538,150.334,760.896,254.789,111.792,101.86
2018-05-15 15:00:00,894.381,907.531,147.565,152.77,763.74,248.879,110.899,98.566
2018-05-15 16:00:00,717.782,773.132,142.334,145.409,705.586,236.375,103.654,96.05
2018-05-15 17:00:00,663.58,703.052,134.034,129.287,631.384,216.474,97.723,87.758
2018-05-15 18:00:00,635.19,672.187,126.871,119.705,579.618,203.718,90.908,79.546
2018-05-15 19:00:00,618.504,679.771,126.167,115.431,575.832,208.536,93.826,77.149
2018-05-15 20:00:00,577.387,640.682,119.379,111.849,552.661,197.306,89.734,71.393
2018-05-15 21:00:00,494.774,547.406,99.749,89.496,462.25,159.022,70.734,67.445
2018-05-15 22:00:00,398.088,441.425,82.703,69.673,370.797,121.125,57.221,52.209
2018-05-15 23:00:00,337.852,381.421,67.95,60.522,301.293,103.983,46.273,43.016
2018-05-16 00:00:00,301.419,356.069,61.022,54.007,275.395,92.817,40.101,37.205
2018-05-16 01:00:00,286.627,343.092,58.251,52.043,264.979,89.014,36.785,35.995
2018-05-16 02:00:00,282.506,345.225,57.957,50.505,264.86,86.616,35.43,35.899
2018-05-16 03:00:00,294.478,368.22,61.214,52.297,274.149,89.836,38.775,37.229
2018-05-16 04:00:00,332.399,407.302,65.82,57.837,301.117,99.186,44.614,39.624
2018-05-16 05:00:00,392.209,474.069,79.353,71.132,355.727,117.671,54.645,48.594
2018-05-16 06:00:00,481.288,560.89,95.419,86.436,435.132,141.356,66.643,62.402
2018-05-16 07:00:00,535.07,619.074,107.278,96.028,497.458,161.578,72.66,68.79
2018-05-16 08:00:00,561.852,662.754,111.572,99.541,534.324,166.09,72.875,78.529
2018-05-16 09:00:00,579.687,702.675,117.438,109.518,549.071,172.005,79.801,77.626
2018-05-16 10:00:00,584.669,740.352,120.359,108.853,564.341,175.714,81.249,81.573
2018-05-16 11:00:00,570.296,759.669,114.87,111.954,589.438,174.131,78.824,76.294
2018-05-16 12:00:00,548.516,744.987,117.424,112.618,569.77,176.276,81.445,74.637
2018-05-16 13:00:00,517.224,722.123,108.87,108.803,533.309,164.138,75.892,72.751
2018-05-16 14:00:00,518.624,676.862,100.266,107.072,525.252,165.086,75.608,69.576
2018-05-16 15:00:00,513.089,662.804,104.549,103.011,518.495,163.173,76.459,69.948
2018-05-16 16:00:00,530.114,663.647,115.059,106.252,518.435,178.156,77.468,70.151
2018-05-16 17:00:00,531.799,643.534,115.01,104.259,528.719,181.838,78.499,72.735
2018-05-16 18:00:00,522.301,621.57,116.319,103.403,512.59,183.724,80.988,73.332
2018-05-16 19:00:00,537.779,639.027,121.704,99.397,520.888,186.329,82.859,74.275
2018-05-16 20:00:00,529.229,619.98,115.348,101.089,497.304,181.326,77.869,67.403
2018-05-16 21:00:00,463.259,538.597,97.868,88.016,431.75,155.123,73.327,62.68
2018-05-16 22:00:00,386.82,444.839,78.826,69.422,355.619,126.48,51.054,55.092
2018-05-16 23:00:00,332.679,384.767,69.455,57.074,303.007,103.621,42.949,45.173
2018-05-17 00:00:00,312.769,357.628,68.881,52.431,278.217,94.936,38.358,37.836
2018-05-17 01:00:00,297.175,346.987,65.52,53.155,272.146,87.628,36.336,37.746
2018-05-17 02:00:00,290.717,347.991,61.715,51.715,273.119,87.971,36.764,37.052
2018-05-17 03:00:00,302.13,367.451,63.28,53.858,282.543,94.182,38.173,39.537
2018-05-17 04:00:00,333.331,405.577,69.39,58.537,309.985,102.688,42.97,42.034
2018-05-17 05:00:00,401.838,476.62,82.804,70.214,356.321,123.664,53.878,50.853
2018-05-17 06:00:00,491.251,572.165,99.625,84.834,432.016,145.033,67.697,62.414
2018-05-17 07:00:00,531.869,617.682,112.038,93.242,487.013,166.398,71.143,66.618
2018-05-17 08:00:00,558.962,652.89,117.291,102.244,512.506,171.898,71.64,72.846
2018-05-17 09:00:00,572.737,671.783,119.684,104.017,526.776,168.392,75.54,77.083
2018-05-17 10:00:00,572.438,696.954,117.556,102.509,545.22,166.285,79.865,76.223
2018-05-17 11:00:00,577.705,715.517,117.034,103.58,545.971,170.982,81.925,73.063
2018-05-17 12:00:00,581.146,742.766,118.571,104.735,556.152,171.495,83.675,73.242
2018-05-17 13:00:00,625.71,782.458,119.292,108.524,580.422,180.279,83.965,75.602
2018-05-17 14:00:00,663.959,816.446,123.461,118.008,618.391,200.241,93.154,81.595
2018-05-17 15:00:00,693.482,824.345,133.276,122.333,643.958,208.796,95.996,92.228
2018-05-17 16:00:00,694.193,855.552,149.113,126.027,666.357,225.757,98.271,90.749
2018-05-17 17:00:00,693.065,855.694,146.681,124.595,640.468,229.1,102.208,91.882
2018-05-17 18:00:00,676.508,816.019,139.952,117.631,588.614,225.197,105.187,85.218
2018-05-17 19:00:00,637.094,774.557,134.201,113.902,583.806,217.102,98.193,80.895
2018-05-17 20:00:00,588.458,719.104,127.7,107.463,552.694,190.997,93.33,75.424
2018-05-17 21:00:00,504.626,588.114,104.864,89.462,469.916,161.704,78.42,69.293
2018-05-17 22:00:00,401.571,476.402,83.261,72.558,366.454,128.405,54.84,50.073
2018-05-17 23:00:00,338.322,406.985,71.363,60.497,305.199,102.912,46.821,40.631
2018-05-18 00:00:00,302.141,371.78,61.225,55.029,278.9,91.233,40.139,38.369
2018-05-18 01:00:00,287.192,351.667,58.845,51.724,266.76,83.464,36.355,36.667
2018-05-18 02:00:00,282.922,346.989,57.023,50.021,263.412,82.846,35.037,34.987
2018-05-18 03:00:00,296.619,361.755,57.964,52.281,273.356,87.57,37.591,36.591
2018-05-18 04:00:00,336.767,395.623,63.563,56.649,298.346,99.679,41.126,39.052
2018-05-18 05:00:00,394.12,459.797,77.943,69.581,348.755,113.039,52.399,48.246
2018-05-18 06:00:00,482.078,548.764,90.004,84.499,424.946,140.316,64.048,59.678
2018-05-18 07:00:00,535.678,613.329,104.31,98.702,477.011,159.076,71.665,63.764
2018-05-18 08:00:00,558.348,655.677,111.882,111.398,511.52,166.738,74.311,70.45
2018-05-18 09:00:00,574.509,693.989,116.95,109.155,536.311,170.182,72.434,73.379
2018-05-18 10:00:00,577.379,717.447,125.168,101.241,544.37,168.104,74.149,72.219
2018-05-18 11:00:00,591.223,738.956,120.005,104.838,552.307,168.852,78.692,69.187
2018-05-18 12:00:00,575.857,745.691,115.382,102.385,544.96,163.927,74.72,71.914
2018-05-18 13:00:00,563.565,751.744,107.988,102.236,529.149,157.155,78.302,65.313
2018-05-18 14:00:00,561.244,756.629,112.828,110.975,535.643,161.782,77.971,67.403
2018-05-18 15:00:00,591.922,765.209,119.995,112.622,549.639,166.607,79.754,72.005
2018-05-18 16:00:00,608.934,754.307,127.023,114.792,568.797,177.213,81.362,75.633
2018-05-18 17:00:00,573.301,723.747,130.005,112.478,555.085,180.596,85.117,70.99
2018-05-18 18:00:00,544.182,669.889,122.707,111.263,537.497,177.681,81.4,66.567
2018-05-18 19:00:00,531.381,641.09,118.527,107.598,521.891,176.066,77.792,69.465
2018-05-18 20:00:00,536.95,599.559,118.779,102.656,502.631,168.733,71.62,73.766
2018-05-18 21:00:00,461.822,524.699,103.858,81.491,422.086,147.543,63.702,63.067
2018-05-18 22:00:00,384.538,435.279,84.603,66.085,347.018,124.348,51.506,53.512
2018-05-18 23:00:00,328.404,388.178,71.908,57.98,303.521,107.723,43.725,47.207
2018-05-19 00:00:00,306.481,368.398,65.943,53.464,292.22,105.034,40.763,45.252
2018-05-19 01:00:00,302.413,372.84,65.389,52.799,294.862,106.847,40.408,45.867
2018-05-19 02:00:00,310.351,385.521,65.807,52.886,302.277,106.537,42.524,45.378
2018-05-19 03:00:00,315.201,394.145,68.402,55.471,305.592,114.974,44.354,47.466
2018-05-19 04:00:00,323.251,398.688,71.356,57.756,313.204,121.134,44.58,49.997
2018-05-19 05:00:00,354.885,419.166,77.671,63.368,342.119,130.513,49.43,50.736
2018-05-19 06:00:00,419.307,472.199,92.338,76.731,392.771,142.693,58.703,58.458
2018-05-19 07:00:00,482.924,522.867,106.955,92.238,449.41,159.064,65.507,61.714
2018-05-19 08:00:00,518.926,564.259,115.873,98.932,502.044,168.336,71.727,62.969
2018-05-19 09:00:00,530.646,591.814,114.751,102.517,513.754,175.728,78.851,66.982
2018-05-19 10:00:00,530.095,584.709,112.606,100.651,521.194,170.581,74.519,63.563
2018-05-19 11:00:00,521.781,594.755,113.559,103.915,521.26,175.51,74.325,65.315
2018-05-19 12:00:00,510.831,579.588,108.272,97.931,496.361,168.07,71.005,62.313
2018-05-19 13:00:00,506.476,570.496,99.609,92.461,465.615,163.145,65.683,59.535
2018-05-19 14:00:00,517.751,585.554,103.604,91.384,474.862,161.382,67.137,63.856
2018-05-19 15:00:00,514.602,588.703,103.016,95.696,479.601,160.398,69.674,61.765
2018-05-19 16:00:00,525.133,599.377,111.332,97.717,488.606,173.279,74.576,67.867
2018-05-19 17:00:00,531.106,615.854,119.662,102.877,505.608,176.181,76.626,72.469
2018-05-19 18:00:00,530.836,609.893,114.945,98.005,508.133,176.979,77.645,69.761
2018-05-19 19:00:00,544.495,630.292,117.586,104.874,522.5,186.859,79.426,70.302
2018-05-19 20:00:00,550.528,613.742,119.017,99.997,516.218,183.121,75.639,70.528
2018-05-19 21:00:00,475.287,535.589,101.733,85.998,449.672,156.202,63.7,65.917
2018-05-19 22:00:00,392.122,444.351,81.698,70.664,379.335,125.42,53.397,52.459
2018-05-19 23:00:00,337.581,399.063,73.849,60.744,330.233,109.406,45.272,47.211
2018-05-20 00:00:00,306.236,367.176,66.579,55.486,305.373,98.817,39.436,40.836
2018-05-20 01:00:00,294.767,352.159,64.47,54.454,294.194,94.966,38.079,38.877
2018-05-20 02:00:00,292.457,349.634,63.693,54.674,288.691,94.554,38.009,37.881
2018-05-20 03:00:00,297.283,351.032,63.017,56.305,286.902,95.377,39.416,37.319
2018-05-20 04:00:00,300.379,356.592,65.667,57.482,296.644,97.001,39.773,37.723
2018-05-20 05:00:00,315.566,367.231,72.049,62.381,306.965,102.064,44.421,39.617
2018-05-20 06:00:00,351.23,410.056,80.667,73.915,346.519,118.629,49.039,46.222
2018-05-20 07:00:00,407.431,462.624,93.52,86.621,390.108,134.702,58.861,53.671
2018-05-20 08:00:00,454.997,506.163,98.773,92.016,433.415,150.941,69.193,59.341
2018-05-20 09:00:00,477.174,537.232,97.401,92.607,434.545,156.7,74.677,59.692
2018-05-20 10:00:00,522.655,570.747,102.282,88.15,438.489,168.583,70.085,65.704
2018-05-20 11:00:00,559.545,652.378,104.38,92.891,471.863,176.398,77.303,66.854
2018-05-20 12:00:00,578.28,673.296,113.273,101.625,516.431,170.962,74.123,66.117
2018-05-20 13:00:00,609.046,683.697,124.114,113.4,573.12,184.696,77.349,72.587
2018-05-20 14:00:00,626.721,673.981,129.706,126.487,621.725,205.817,91.061,73.654
2018-05-20 15:00:00,642.753,671.025,139.028,138.744,665.487,203.186,85.016,71.267
2018-05-20 16:00:00,650.13,707.802,148.955,138.54,670.087,194.112,88.72,71.085
2018-05-20 17:00:00,644.883,740.274,143.158,130.692,644.265,194.605,86.376,72.172
2018-05-20 18:00:00,632.54,707.646,136.325,132.305,628.494,190.474,83.614,71.829
2018-05-20 19:00:00,617.135,670.414,129.919,124.23,604.575,184.174,84.011,73.213
2018-05-20 20:00:00,575.542,629.879,123.367,112.226,571.633,183.051,82.444,71.004
2018-05-20 21:00:00,492.09,555.067,102.96,97.46,484.656,158.689,72.836,66.304
2018-05-20 22:00:00,383.476,447.385,83.466,75.517,379.821,121.869,53.376,48.23
2018-05-20 23:00:00,320.939,377.413,67.724,61.893,316.24,103.717,42.667,39.687
2018-05-21 00:00:00,293.295,351.115,59.705,52.822,281.323,92.517,39.041,38.102
2018-05-21 01:00:00,283.547,341.091,57.335,49.306,264.496,86.553,35.872,35.717
2018-05-21 02:00:00,281.677,343.751,57.183,48.591,261.752,85.538,35.009,36.535
2018-05-21 03:00:00,293.2,370.26,58.577,50.599,270.106,91.073,37.549,37.114
2018-05-21 04:00:00,329.756,404.657,66.166,58.353,300.999,101.418,43.993,40.38
2018-05-21 05:00:00,395.662,466.021,82.591,70.711,355.049,117.159,55.159,50.84
2018-05-21 06:00:00,491.744,562.397,101.086,86.59,442.165,143.582,66.198,61.474
2018-05-21 07:00:00,531.83,637.258,109.315,95.73,507.598,164.895,72.617,65.264
2018-05-21 08:00:00,568.663,696.311,111.113,102.269,546.579,173.034,79.265,69.974
2018-05-21 09:00:00,607.674,739.491,116.425,111.048,589.508,186.018,80.903,81.38
2018-05-21 10:00:00,647.474,780.755,122.923,117.551,621.253,202.15,88.838,89.132
2018-05-21 11:00:00,684.937,824.805,128.158,129.162,649.535,214.367,87.583,86.858
2018-05-21 12:00:00,711.504,861.069,133.567,136.494,672.208,212.888,91.582,93.004
2018-05-21 13:00:00,719.44,871.692,137.025,135.968,689.665,216.086,96.348,92.293
2018-05-21 14:00:00,740.304,913.46,147.48,149.259,721.762,231.383,103.329,94.322
2018-05-21 15:00:00,793.851,966.68,154.886,157.475,744.064,251.951,109.553,102.489
2018-05-21 16:00:00,830.131,1001.528,164.793,158.143,749.675,268.993,118.446,102.769
2018-05-21 17:00:00,836.38,998.13,176.43,151.798,742.876,276.186,120.046,106.969
2018-05-21 18:00:00,777.789,908.529,174.352,138.873,702.007,256.904,114.819,102.001
2018-05-21 19:00:00,676.177,809.997,160.551,126.504,634.552,218.964,99.257,91.253
2018-05-21 20:00:00,612.789,711.376,135.271,114.088,580.254,205.815,91.966,77.093
2018-05-21 21:00:00,522.064,579.26,111.614,92.67,484.062,167.744,76.388,64.337
2018-05-21 22:00:00,411.709,471.433,84.855,71.717,371.306,128.622,62.004,51.058
2018-05-21 23:00:00,332.005,399.553,67.15,57.798,317.297,105.078,44.988,41.371
2018-05-22 00:00:00,303.801,355.476,60.123,51.181,281.73,93.899,38.861,37.951
2018-05-22 01:00:00,292.085,341.158,57.135,51.068,271.277,87.914,37.216,37.022
2018-05-22 02:00:00,287.742,345.589,57.319,50.034,270.996,86.608,37.306,35.7
2018-05-22 03:00:00,298.671,367.483,60.483,52.736,285.884,91.747,41.069,37.99
2018-05-22 04:00:00,329.775,398.852,67.482,58.581,312.744,100.859,46.436,40.208
2018-05-22 05:00:00,393.263,470.895,78.684,71.894,369.32,122.465,57.328,50.56
2018-05-22 06:00:00,480.195,561.417,92.997,85.032,441.268,144.711,70.181,63.052
2018-05-22 07:00:00,530.687,619.328,103.664,93.176,482.353,159.804,73.523,65.318
2018-05-22 08:00:00,566.259,641.038,111.961,101.826,507.678,165.987,76.44,69.323
2018-05-22 09:00:00,584.191,674.026,114.04,105.414,529.767,167.518,75.537,69.942
2018-05-22 10:00:00,595.16,697.197,113.078,108.027,553.659,178.044,74.858,75.169
2018-05-22 11:00:00,596.242,697.433,119.249,108.924,556.705,176.674,72.012,72.6
2018-05-22 12:00:00,562.729,681.472,114.513,100.881,528.521,172.546,73.529,71.327
2018-05-22 13:00:00,538.958,663.4,104.142,93.891,490.94,165.778,78.963,66.334
2018-05-22 14:00:00,520.907,648.04,104.418,93.803,475.23,161.376,72.018,62.705
2018-05-22 15:00:00,528.164,638.77,107.32,91.847,481.402,167.616,73.464,62.454
2018-05-22 16:00:00,544.043,637.387,118.709,97.076,497.715,172.017,77.252,65.864
2018-05-22 17:00:00,537.649,620.014,113.057,99.225,507.052,176.098,75.554,67.601
2018-05-22 18:00:00,526.85,604.647,110.781,100.07,503.852,172.778,76.737,67.446
2018-05-22 19:00:00,525.855,611.132,116.715,101.402,517.026,176.164,80.717,74.31
2018-05-22 20:00:00,530.501,601.607,113.513,96.783,514.218,173.72,77.181,75.556
2018-05-22 21:00:00,464.115,528.365,99.569,82.707,434.717,147.69,66.426,66.224
2018-05-22 22:00:00,391.129,445.043,81.437,68.424,352.941,121.478,50.317,53.504
2018-05-22 23:00:00,333.077,394.677,72.147,58.477,310.741,106.351,43.498,45.427
2018-05-23 00:00:00,305.204,366.965,67.546,54.651,286.842,96.82,39.685,40.665
2018-05-23 01:00:00,292.475,353.948,61.917,52.356,284.618,93.403,36.904,38.006
2018-05-23 02:00:00,290.914,355.916,62.134,52.441,280.336,93.645,37.75,38.132
2018-05-23 03:00:00,304.413,374.669,63.601,55.5,290.399,97.127,40.338,39.333
2018-05-23 04:00:00,338.43,404.477,69.796,61.664,318.332,104.421,46.668,41.552
2018-05-23 05:00:00,400.51,475.61,82.187,76.236,371.031,122.74,55.991,52.441
2018-05-23 06:00:00,479.369,559.944,98.612,88.322,445.541,147.54,64.744,61.13
2018-05-23 07:00:00,529.763,626.586,105.725,91.964,487.816,164.052,71.665,64.75
2018-05-23 08:00:00,547.702,676.499,110.461,97.932,522.695,179.88,72.236,68.598
2018-05-23 09:00:00,580.986,751.775,117.68,106.646,558.231,192.858,81.538,76.861
2018-05-23 10:00:00,607.937,838.581,123.515,115.461,613.445,208.212,86.733,82.371
2018-05-23 11:00:00,650.409,906.873,129.198,123.466,672.482,224.463,94.292,88.794
2018-05-23 12:00:00,663.417,935.879,131.771,131.367,692.775,230.617,99.275,93.225
2018-05-23 13:00:00,697.635,989.136,136.025,138.572,718.177,243.133,105.351,94.983
2018-05-23 14:00:00,755.932,1042.188,146.114,155.561,773.41,267.103,112.427,99.409
2018-05-23 15:00:00,805.81,1096.378,165.585,171.283,837.655,286.128,124.218,107.552
2018-05-23 16:00:00,855.206,1106.523,174.576,180.19,883.934,292.907,130.512,110.95
2018-05-23 17:00:00,854.343,1066.763,183.983,180.829,855.665,286.462,134.099,115.606
2018-05-23 18:00:00,786.838,988.409,177.08,169.879,790.369,279.127,123.863,109.214
2018-05-23 19:00:00,682.415,901.301,161.146,142.942,694.571,246.476,109.104,99.457
2018-05-23 20:00:00,622.775,807.672,143.445,125.669,620.239,224.141,101.982,91.038
2018-05-23 21:00:00,502.948,648.344,113.554,103.826,499.021,182.637,81.026,76.518
2018-05-23 22:00:00,390.21,507.432,87.914,75.808,382.012,140.468,62.273,64.24
2018-05-23 23:00:00,332.019,429.727,72.119,63.944,332.904,112.498,53.227,50.98
2018-05-24 00:00:00,299.113,378.265,65.274,58.237,303.728,93.457,41.677,42.394
2018-05-24 01:00:00,285.17,354.579,59.65,53.076,278.23,84.971,36.797,35.864
2018-05-24 02:00:00,282.993,349.429,57.322,51.843,267.598,85.627,35.974,34.716
2018-05-24 03:00:00,294.35,362.53,57.422,51.3,274.422,88.269,38.133,35.686
2018-05-24 04:00:00,332.298,388.229,64.131,57.447,297.706,95.074,43.303,39.808
2018-05-24 05:00:00,396.302,468.757,80.006,74.904,356.281,114.796,53.81,47.741
2018-05-24 06:00:00,491.406,587.392,101.447,95.414,453.48,140.082,63.045,56.991
2018-05-24 07:00:00,558.107,674.402,114.461,111.386,544.688,164.71,74.654,68.383
2018-05-24 08:00:00,617.476,756.303,125.0,125.479,620.036,184.03,80.161,80.361
2018-05-24 09:00:00,680.971,834.829,131.244,133.754,677.45,199.006,92.699,89.859
2018-05-24 10:00:00,702.551,895.331,139.875,146.274,735.46,221.251,98.152,99.276
2018-05-24 11:00:00,734.551,931.129,146.277,151.627,761.024,220.12,101.494,95.915
2018-05-24 12:00:00,736.479,948.603,149.773,154.522,766.911,226.937,97.481,97.63
2018-05-24 13:00:00,738.6,971.101,146.898,152.634,775.909,231.775,99.315,98.698
2018-05-24 14:00:00,767.986,991.382,154.879,161.122,804.868,244.619,107.729,98.498
2018-05-24 15:00:00,828.073,1023.003,174.277,168.85,834.037,264.251,118.315,105.093
2018-05-24 16:00:00,878.234,1055.823,188.641,178.914,885.872,272.187,121.595,104.364
2018-05-24 17:00:00,865.02,1042.725,186.915,174.511,850.526,252.991,111.796,97.292
2018-05-24 18:00:00,819.038,967.435,179.089,148.196,745.0,221.959,101.574,86.033
2018-05-24 19:00:00,758.098,879.306,161.121,127.658,661.454,207.241,92.499,80.387
2018-05-24 20:00:00,678.932,768.503,137.625,122.417,600.399,190.729,83.563,77.954
2018-05-24 21:00:00,558.2,603.667,116.985,98.932,496.663,158.927,69.492,63.074
2018-05-24 22:00:00,433.027,471.297,86.973,72.495,389.975,126.644,52.783,50.39
2018-05-24 23:00:00,349.979,393.126,69.283,58.16,320.116,102.659,43.473,42.406
2018-05-25 00:00:00,303.866,356.541,64.834,50.644,284.101,92.242,38.387,40.055
2018-05-25 01:00:00,289.43,344.622,59.312,49.949,271.429,89.282,36.813,37.604
2018-05-25 02:00:00,284.336,345.371,57.489,49.163,273.181,89.509,36.898,37.652
2018-05-25 03:00:00,298.761,365.921,59.474,55.113,283.906,97.315,39.694,39.253
2018-05-25 04:00:00,331.311,395.558,65.047,59.664,307.815,106.231,42.503,42.291
2018-05-25 05:00:00,405.898,471.135,80.159,70.011,365.222,122.845,57.248,52.045
2018-05-25 06:00:00,487.057,561.761,96.162,85.938,442.241,151.169,68.662,59.981
2018-05-25 07:00:00,556.708,642.253,109.308,97.021,499.077,160.347,66.653,64.604
2018-05-25 08:00:00,651.004,734.64,122.117,111.487,581.975,174.487,70.757,71.809
2018-05-25 09:00:00,729.106,889.876,138.306,132.676,677.247,208.206,83.965,82.265
2018-05-25 10:00:00,801.645,1012.682,148.893,148.913,758.998,233.848,96.394,94.457
2018-05-25 11:00:00,845.045,1116.647,159.787,166.767,827.428,249.031,106.249,105.995
2018-05-25 12:00:00,882.738,1157.031,170.672,173.999,873.052,259.09,112.454,112.721
2018-05-25 13:00:00,910.144,1176.712,177.666,177.591,887.306,273.662,117.475,110.05
2018-05-25 14:00:00,921.31,1202.045,187.696,189.863,906.15,289.107,130.281,117.239
2018-05-25 15:00:00,966.971,1214.398,203.341,198.243,957.217,304.067,136.735,120.062
2018-05-25 16:00:00,977.933,1221.123,211.456,194.074,943.374,323.47,138.913,124.498
2018-05-25 17:00:00,945.736,1177.66,205.893,186.9,900.563,308.065,135.482,122.833
2018-05-25 18:00:00,878.019,1078.021,204.747,168.894,833.159,282.583,126.421,110.596
2018-05-25 19:00:00,802.542,983.641,185.316,154.553,750.539,250.057,113.05,99.929
2018-05-25 20:00:00,726.238,869.558,162.311,134.071,670.998,228.056,101.905,91.801
2018-05-25 21:00:00,630.191,702.381,130.716,111.162,558.477,185.26,84.693,78.017
2018-05-25 22:00:00,525.632,564.371,102.091,85.114,422.469,142.444,63.459,64.182
2018-05-25 23:00:00,444.089,473.308,88.727,70.037,344.867,121.689,54.911,51.308
2018-05-26 00:00:00,390.612,422.364,81.449,60.405,310.094,104.581,47.113,47.059
2018-05-26 01:00:00,368.146,396.051,71.858,54.41,286.471,94.253,41.672,43.51
2018-05-26 02:00:00,354.155,393.9,70.112,51.193,280.356,90.006,38.176,41.981
2018-05-26 03:00:00,341.856,386.143,68.057,51.866,273.477,88.734,37.796,40.125
2018-05-26 04:00:00,344.18,376.88,66.088,51.287,272.944,89.387,35.121,40.57
2018-05-26 05:00:00,377.795,421.062,74.34,58.118,301.872,97.972,40.99,41.897
2018-05-26 06:00:00,481.718,529.752,97.135,75.208,395.12,136.717,52.592,58.534
2018-05-26 07:00:00,631.35,684.222,118.578,105.76,534.951,178.395,72.582,69.982
2018-05-26 08:00:00,774.516,828.42,144.284,138.09,678.872,225.286,99.464,88.347
2018-05-26 09:00:00,884.862,989.039,163.505,165.108,801.175,260.861,111.166,101.096
2018-05-26 10:00:00,919.891,1100.583,183.967,179.828,884.661,289.555,122.622,109.747
2018-05-26 11:00:00,952.645,1180.209,199.187,191.099,944.308,310.406,131.812,113.537
2018-05-26 12:00:00,984.856,1209.049,206.526,201.703,983.164,324.257,139.168,120.658
2018-05-26 13:00:00,989.425,1210.62,204.342,204.593,996.857,325.108,145.961,122.405
2018-05-26 14:00:00,1003.959,1213.408,209.186,211.288,1012.384,326.451,143.212,124.171
2018-05-26 15:00:00,1019.306,1214.696,218.63,218.784,1023.251,331.478,144.937,127.875
2018-05-26 16:00:00,1028.126,1215.919,215.745,218.445,1020.814,339.192,150.056,126.803
2018-05-26 17:00:00,967.334,1158.135,210.73,199.276,960.0,325.135,143.09,120.261
2018-05-26 18:00:00,886.399,1091.052,195.053,181.937,880.294,301.527,132.965,116.36
2018-05-26 19:00:00,816.794,1040.111,188.124,170.68,851.131,282.851,124.495,110.447
2018-05-26 20:00:00,742.497,942.589,170.115,153.594,773.542,261.495,113.883,108.666
2018-05-26 21:00:00,617.753,790.096,142.189,126.896,637.537,212.461,102.44,94.122
2018-05-26 22:00:00,498.511,648.279,111.516,102.463,518.616,163.027,74.811,68.685
2018-05-26 23:00:00,425.121,542.625,94.695,85.052,440.984,131.956,60.519,56.697
2018-05-27 00:00:00,377.857,472.056,81.567,72.069,371.495,114.419,50.364,48.457
2018-05-27 01:00:00,355.577,435.123,73.196,64.682,335.377,104.504,45.467,44.175
2018-05-27 02:00:00,335.169,405.598,67.253,61.652,312.162,97.666,41.556,42.963
2018-05-27 03:00:00,322.194,387.828,63.754,59.819,301.746,94.115,39.907,41.431
2018-05-27 04:00:00,322.316,374.697,62.298,57.851,291.414,93.681,38.192,39.151
2018-05-27 05:00:00,333.095,381.702,65.683,58.04,305.462,102.425,42.749,43.593
2018-05-27 06:00:00,379.355,419.255,75.601,69.694,352.525,118.377,49.377,51.412
2018-05-27 07:00:00,435.866,467.739,93.469,84.876,413.855,138.094,64.224,56.681
2018-05-27 08:00:00,480.454,504.955,102.918,94.313,452.068,148.559,72.593,58.917
2018-05-27 09:00:00,496.464,528.546,107.911,98.96,463.265,152.831,71.323,60.654
2018-05-27 10:00:00,464.408,521.945,103.763,90.185,460.898,158.832,71.113,59.273
2018-05-27 11:00:00,468.224,516.529,100.867,91.381,453.746,153.072,68.048,63.063
2018-05-27 12:00:00,466.931,517.986,98.969,86.735,438.764,149.017,65.686,63.066
2018-05-27 13:00:00,453.72,512.797,97.849,83.938,421.318,148.004,68.747,62.777
2018-05-27 14:00:00,454.543,507.217,96.877,92.479,425.088,151.893,67.644,65.08
2018-05-27 15:00:00,467.935,529.459,102.285,88.13,438.778,160.283,67.759,60.902
2018-05-27 16:00:00,487.438,551.044,114.281,89.206,460.9,163.86,74.72,66.995
2018-05-27 17:00:00,499.477,551.448,108.795,94.115,466.053,165.041,75.881,65.144
2018-05-27 18:00:00,494.103,547.372,110.235,93.651,473.822,167.041,75.953,67.022
2018-05-27 19:00:00,511.572,577.908,115.905,102.485,495.592,174.278,78.765,71.642
2018-05-27 20:00:00,508.635,569.166,117.71,98.55,491.552,177.496,77.005,72.497
2018-05-27 21:00:00,455.139,516.666,100.468,85.105,426.388,151.71,69.053,62.028
2018-05-27 22:00:00,380.023,439.15,81.457,72.514,357.899,125.778,56.636,52.122
2018-05-27 23:00:00,321.297,391.816,73.47,59.326,322.942,111.814,46.007,45.458
2018-05-28 00:00:00,306.158,384.17,68.175,56.099,304.799,103.405,41.292,42.524
2018-05-28 01:00:00,299.313,373.972,67.008,55.757,297.31,98.605,39.908,42.484
2018-05-28 02:00:00,301.748,374.461,66.882,55.058,298.131,96.679,39.841,39.855
2018-05-28 03:00:00,317.264,397.124,71.833,56.971,307.107,100.998,41.593,41.232
2018-05-28 04:00:00,345.931,422.385,76.554,62.748,328.916,108.316,45.215,44.702
2018-05-28 05:00:00,411.695,493.191,86.706,79.005,386.131,130.193,58.594,52.343
2018-05-28 06:00:00,489.276,578.146,100.869,88.644,462.68,154.85,69.296,62.295
2018-05-28 07:00:00,526.23,631.6,107.702,93.68,499.749,171.835,73.182,69.728
2018-05-28 08:00:00,566.865,666.974,113.187,99.155,533.397,171.131,72.167,73.529
2018-05-28 09:00:00,570.186,683.76,112.939,104.81,545.323,175.438,70.367,75.358
2018-05-28 10:00:00,573.311,686.183,115.35,103.891,544.252,172.891,71.848,83.544
2018-05-28 11:00:00,566.838,691.147,111.607,100.865,534.392,170.898,75.528,78.212
2018-05-28 12:00:00,554.436,675.223,108.529,98.907,523.711,160.146,73.026,68.591
2018-05-28 13:00:00,540.732,660.588,107.548,99.805,514.108,156.08,73.13,65.883
2018-05-28 14:00:00,552.034,664.936,110.988,98.323,511.142,173.43,79.213,70.483
2018-05-28 15:00:00,573.229,691.686,114.203,99.944,527.313,181.763,80.684,73.921
2018-05-28 16:00:00,603.192,706.403,122.898,103.761,543.481,200.28,86.052,81.621
2018-05-28 17:00:00,618.565,701.936,126.821,108.853,550.515,202.358,89.89,84.111
2018-05-28 18:00:00,597.061,683.488,122.715,107.503,542.675,198.07,89.627,82.728
2018-05-28 19:00:00,579.908,677.745,122.3,112.493,539.573,194.082,86.611,76.053
2018-05-28 20:00:00,565.566,645.593,119.058,105.439,520.564,191.648,82.736,72.922
2018-05-28 21:00:00,479.244,553.777,101.955,87.096,437.543,156.821,70.212,61.94
2018-05-28 22:00:00,384.577,449.103,81.791,68.185,357.723,119.181,54.938,50.541
2018-05-28 23:00:00,329.61,381.327,66.852,58.962,306.797,103.444,46.911,43.298
2018-05-29 00:00:00,298.176,354.987,61.558,51.501,275.396,91.246,38.816,37.751
2018-05-29 01:00:00,284.784,340.794,57.121,50.496,265.081,84.116,36.482,35.715
2018-05-29 02:00:00,282.62,343.533,57.224,50.281,265.47,84.057,35.044,35.056
2018-05-29 03:00:00,294.14,363.759,58.983,52.454,272.626,88.497,36.874,35.799
2018-05-29 04:00:00,322.525,390.972,64.513,58.468,293.165,95.649,42.675,38.929
2018-05-29 05:00:00,394.571,468.192,77.012,73.997,352.391,112.434,53.551,47.127
2018-05-29 06:00:00,489.774,563.067,93.674,88.643,444.343,137.44,65.673,59.544
2018-05-29 07:00:00,578.468,654.831,108.853,102.291,518.199,158.036,72.858,67.107
2018-05-29 08:00:00,679.65,741.236,123.916,120.412,607.346,176.97,78.92,73.364
2018-05-29 09:00:00,788.301,859.211,141.101,143.443,711.417,209.176,92.059,89.954
2018-05-29 10:00:00,866.442,970.312,156.89,151.598,781.504,238.612,104.293,102.935
2018-05-29 11:00:00,898.349,1060.71,168.579,172.959,865.019,264.158,118.061,111.114
2018-05-29 12:00:00,940.972,1114.578,181.649,183.06,911.222,288.713,123.747,115.724
2018-05-29 13:00:00,975.024,1168.681,190.875,200.402,969.58,309.066,130.924,123.413
2018-05-29 14:00:00,1012.144,1240.141,207.519,213.429,1021.65,326.467,145.104,133.155
2018-05-29 15:00:00,1050.12,1282.308,215.91,223.131,1035.581,345.349,153.787,135.271
2018-05-29 16:00:00,1052.745,1296.036,215.799,208.147,981.035,360.719,158.467,145.666
2018-05-29 17:00:00,1002.789,1241.334,217.047,190.913,908.204,338.702,152.617,137.848
2018-05-29 18:00:00,939.784,1144.622,210.431,184.817,850.373,300.056,140.224,121.314
2018-05-29 19:00:00,868.48,1057.131,187.245,168.41,794.328,274.763,124.422,108.907
2018-05-29 20:00:00,779.298,940.885,164.582,146.632,713.824,238.929,111.918,97.259
2018-05-29 21:00:00,650.68,764.897,140.249,115.925,599.812,195.181,87.312,81.542
2018-05-29 22:00:00,526.251,615.9,105.338,93.978,474.423,147.379,70.419,68.273
2018-05-29 23:00:00,422.075,509.878,84.189,79.529,383.636,119.997,57.845,52.785
2018-05-30 00:00:00,371.106,431.661,73.792,65.923,326.004,102.885,48.952,43.917
2018-05-30 01:00:00,343.052,396.572,66.966,58.709,298.539,91.871,41.915,39.794
2018-05-30 02:00:00,324.143,381.342,63.976,54.84,283.918,85.969,38.853,38.039
2018-05-30 03:00:00,322.527,384.069,63.678,56.318,288.543,88.197,38.879,38.097
2018-05-30 04:00:00,348.349,406.572,67.068,59.605,299.891,95.384,40.994,39.322
2018-05-30 05:00:00,432.238,493.189,84.151,73.088,371.458,117.46,53.077,48.868
2018-05-30 06:00:00,549.61,613.126,107.915,94.984,468.859,151.582,69.9,64.041
2018-05-30 07:00:00,640.462,702.35,120.26,115.916,581.173,187.558,83.633,76.064
2018-05-30 08:00:00,735.041,810.941,141.331,137.28,687.168,220.437,95.286,88.33
2018-05-30 09:00:00,809.509,920.535,158.132,158.614,794.26,254.117,107.364,104.206
2018-05-30 10:00:00,850.81,1019.281,165.875,173.926,866.297,270.181,110.071,110.586
2018-05-30 11:00:00,872.737,1096.786,173.334,175.694,868.723,277.615,116.653,111.244
2018-05-30 12:00:00,868.854,1142.621,171.268,170.022,857.163,280.906,120.866,116.442
2018-05-30 13:00:00,844.556,1168.285,168.005,167.602,839.426,282.261,122.006,115.254
2018-05-30 14:00:00,871.564,1148.248,174.414,169.093,830.987,292.676,123.012,114.788
2018-05-30 15:00:00,872.765,1140.971,179.33,170.224,841.289,302.947,126.397,119.297
2018-05-30 16:00:00,868.289,1147.875,183.466,169.592,830.144,298.556,131.248,117.916
2018-05-30 17:00:00,832.492,1078.347,176.949,163.614,791.167,288.875,127.108,111.525
2018-05-30 18:00:00,757.964,968.275,159.563,144.611,738.917,261.853,118.409,98.02
2018-05-30 19:00:00,680.421,870.754,142.479,134.347,681.765,234.749,107.103,88.198
2018-05-30 20:00:00,646.962,763.566,135.214,121.338,630.228,207.929,91.479,84.113
2018-05-30 21:00:00,542.23,614.106,107.944,96.903,510.765,178.362,80.427,72.962
2018-05-30 22:00:00,425.084,497.31,84.537,79.789,379.765,130.234,61.503,54.227
2018-05-30 23:00:00,352.12,410.289,70.144,59.759,313.158,108.035,48.77,42.596
2018-05-31 00:00:00,315.003,368.609,60.803,52.592,284.833,91.437,44.32,38.004
2018-05-31 01:00:00,294.175,349.004,57.868,50.977,270.984,84.24,37.266,36.331
2018-05-31 02:00:00,286.669,345.824,58.584,48.421,267.941,83.554,36.877,35.9
2018-05-31 03:00:00,297.767,362.614,59.902,50.923,279.756,88.094,37.061,36.831
2018-05-31 04:00:00,318.504,391.504,63.245,56.439,301.473,98.529,42.072,39.093
2018-05-31 05:00:00,399.48,470.118,76.327,68.372,359.796,115.914,53.192,47.172
2018-05-31 06:00:00,487.218,565.419,98.514,83.804,434.434,149.507,65.343,66.35
2018-05-31 07:00:00,533.534,645.216,112.538,97.693,499.81,161.752,74.574,72.121
2018-05-31 08:00:00,587.795,735.245,115.784,113.87,566.962,178.838,80.75,77.396
2018-05-31 09:00:00,637.974,849.531,127.908,122.677,631.627,201.74,91.881,83.057
2018-05-31 10:00:00,651.67,935.099,133.96,134.343,698.57,231.861,95.407,98.678
2018-05-31 11:00:00,679.184,957.842,137.955,145.118,751.122,244.111,100.444,102.083
2018-05-31 12:00:00,706.122,997.493,141.742,145.869,753.909,233.198,101.894,102.132
2018-05-31 13:00:00,688.405,996.129,141.655,145.691,745.367,243.799,104.202,98.807
2018-05-31 14:00:00,653.093,951.875,141.508,141.124,704.039,252.741,108.594,100.213
2018-05-31 15:00:00,631.748,939.041,142.11,140.384,690.817,263.404,113.186,104.649
2018-05-31 16:00:00,614.731,931.855,138.144,132.506,668.449,275.093,119.438,105.661
2018-05-31 17:00:00,619.081,890.719,135.132,122.757,617.542,264.795,116.816,105.21
2018-05-31 18:00:00,591.649,807.812,130.637,115.364,584.228,248.645,111.716,98.185
2018-05-31 19:00:00,595.599,772.838,132.77,113.823,597.008,233.547,106.471,91.371
2018-05-31 20:00:00,566.38,721.827,126.63,113.238,571.401,219.156,101.976,86.951
2018-05-31 21:00:00,487.508,627.064,113.576,99.062,481.229,178.586,79.395,75.456
2018-05-31 22:00:00,398.353,508.685,86.257,81.346,388.842,138.636,65.188,58.077
2018-05-31 23:00:00,335.58,427.91,70.249,63.246,319.543,112.726,51.334,46.596
2018-06-01 00:00:00,308.01,387.967,64.11,57.074,286.508,101.679,43.646,40.23
2018-06-01 01:00:00,295.248,369.936,58.778,54.442,274.207,91.334,39.619,38.186
2018-06-01 02:00:00,292.9,371.702,57.865,52.94,269.764,87.448,38.456,37.374
2018-06-01 03:00:00,301.332,388.072,58.483,53.89,277.164,89.71,42.103,38.206
2018-06-01 04:00:00,326.893,415.721,62.418,57.344,300.419,97.135,42.702,39.713
2018-06-01 05:00:00,404.288,495.415,75.386,69.611,360.451,119.614,53.301,49.525
2018-06-01 06:00:00,492.274,594.178,94.113,82.507,433.377,149.709,66.219,63.116
2018-06-01 07:00:00,547.167,670.559,108.122,91.288,495.151,158.56,76.864,72.041
2018-06-01 08:00:00,579.866,719.408,113.408,101.825,528.769,168.824,76.818,81.168
2018-06-01 09:00:00,597.637,756.383,114.548,108.239,558.242,186.544,84.947,84.138
2018-06-01 10:00:00,634.561,791.008,117.26,107.04,579.191,197.325,85.406,92.945
2018-06-01 11:00:00,702.314,842.616,123.737,111.713,606.51,202.585,93.517,90.601
2018-06-01 12:00:00,762.191,854.051,126.109,114.569,605.83,205.956,89.427,87.237
2018-06-01 13:00:00,797.745,861.331,129.545,119.798,629.068,211.681,95.089,91.151
2018-06-01 14:00:00,835.162,899.927,143.517,132.068,658.249,227.531,100.427,93.161
2018-06-01 15:00:00,876.615,961.224,167.144,141.329,718.767,242.972,109.144,95.416
2018-06-01 16:00:00,881.701,1028.933,180.632,162.497,792.289,258.006,113.147,99.666
2018-06-01 17:00:00,839.264,1043.226,178.9,167.751,824.14,265.376,115.553,106.397
2018-06-01 18:00:00,802.286,991.451,172.763,159.515,774.824,255.973,122.89,97.967
2018-06-01 19:00:00,744.637,909.111,161.484,142.798,707.099,242.8,112.214,90.311
2018-06-01 20:00:00,684.25,845.276,143.942,132.279,637.967,220.81,100.519,91.467
2018-06-01 21:00:00,591.764,700.401,118.238,113.487,533.109,184.859,82.307,77.577
2018-06-01 22:00:00,486.264,568.542,95.877,86.627,429.341,146.773,67.466,62.275
2018-06-01 23:00:00,409.152,486.884,79.695,72.769,357.508,124.274,58.389,51.447
2018-06-02 00:00:00,369.286,444.97,72.548,64.138,324.796,110.747,47.232,47.451
2018-06-02 01:00:00,339.794,417.237,67.825,58.885,306.478,101.596,43.121,45.888
2018-06-02 02:00:00,326.038,418.712,64.393,57.928,300.579,97.28,40.544,44.606
2018-06-02 03:00:00,323.035,413.556,64.313,58.576,298.728,97.492,39.369,44.987
2018-06-02 04:00:00,320.295,404.886,62.742,56.134,290.816,98.182,39.402,43.576
2018-06-02 05:00:00,364.253,445.785,69.492,60.195,322.968,107.758,44.463,45.872
2018-06-02 06:00:00,470.869,561.526,89.393,80.213,410.655,136.355,56.803,55.844
2018-06-02 07:00:00,626.106,718.218,117.93,109.64,566.234,179.574,77.409,73.423
2018-06-02 08:00:00,748.527,869.697,154.408,147.58,712.126,227.539,95.517,87.806
2018-06-02 09:00:00,838.08,1032.0,166.746,175.622,823.59,272.924,111.039,110.554
2018-06-02 10:00:00,894.573,1123.644,178.774,189.12,891.446,291.779,119.95,110.841
2018-06-02 11:00:00,953.265,1164.629,182.794,199.269,936.521,301.87,127.743,112.594
2018-06-02 12:00:00,952.178,1176.691,178.439,198.192,957.479,314.327,135.37,119.789
2018-06-02 13:00:00,943.311,1177.079,185.121,204.426,970.839,315.158,135.457,122.952
2018-06-02 14:00:00,940.924,1202.286,189.799,203.072,961.513,294.37,125.763,116.705
2018-06-02 15:00:00,976.761,1205.518,195.736,200.071,946.246,265.763,120.707,107.323
2018-06-02 16:00:00,954.366,1179.195,182.62,189.942,912.763,266.548,114.02,102.262
2018-06-02 17:00:00,896.251,1136.349,174.667,178.718,857.599,262.59,119.492,105.028
2018-06-02 18:00:00,862.999,1037.762,164.633,166.135,823.018,257.473,117.565,104.894
2018-06-02 19:00:00,797.589,962.951,157.966,155.773,775.94,252.868,106.586,100.414
2018-06-02 20:00:00,739.294,871.673,146.537,146.511,703.451,224.576,93.748,91.462
2018-06-02 21:00:00,633.174,739.09,124.335,113.822,613.519,192.651,83.402,77.252
2018-06-02 22:00:00,514.431,602.764,98.815,92.672,491.751,148.11,63.058,59.818
2018-06-02 23:00:00,416.654,510.384,83.265,73.796,388.519,120.842,51.839,49.613
2018-06-03 00:00:00,354.329,437.189,68.319,64.263,324.694,104.529,45.337,43.223
2018-06-03 01:00:00,316.981,391.219,60.579,55.679,293.605,88.429,40.127,37.27
2018-06-03 02:00:00,296.326,371.492,57.836,52.346,275.851,86.024,36.257,35.6
2018-06-03 03:00:00,289.969,350.386,58.605,50.817,268.956,87.422,35.095,35.259
2018-06-03 04:00:00,289.898,344.298,57.044,48.859,262.99,89.104,35.188,35.344
2018-06-03 05:00:00,313.124,360.085,63.325,56.767,283.014,98.125,38.962,37.328
2018-06-03 06:00:00,344.761,427.478,76.035,66.667,325.201,115.952,49.06,44.677
2018-06-03 07:00:00,400.899,513.66,88.144,85.873,388.953,135.988,62.506,59.534
2018-06-03 08:00:00,431.667,583.385,92.341,91.957,427.145,153.856,74.43,67.485
2018-06-03 09:00:00,446.691,630.861,95.892,93.642,463.557,168.321,77.536,74.962
2018-06-03 10:00:00,455.283,652.182,100.467,104.488,499.06,171.063,78.949,70.744
2018-06-03 11:00:00,465.813,688.46,107.133,118.661,547.148,173.3,79.703,72.974
2018-06-03 12:00:00,472.345,714.898,110.191,115.754,556.646,179.633,78.679,71.823
2018-06-03 13:00:00,470.683,739.976,111.889,112.84,545.528,187.991,77.79,73.318
2018-06-03 14:00:00,504.917,775.979,118.973,114.765,546.965,199.608,81.798,77.53
2018-06-03 15:00:00,529.682,807.593,129.853,129.796,601.442,211.181,91.209,83.723
2018-06-03 16:00:00,547.288,824.501,133.888,129.409,605.023,219.18,97.886,86.158
2018-06-03 17:00:00,516.518,785.057,124.816,117.785,580.198,214.625,93.103,84.576
2018-06-03 18:00:00,495.201,714.505,118.343,107.524,532.727,196.119,86.358,76.604
2018-06-03 19:00:00,489.96,656.019,109.188,98.602,508.042,179.106,78.916,71.192
2018-06-03 20:00:00,482.053,598.744,106.088,97.176,474.837,166.349,78.468,68.824
2018-06-03 21:00:00,427.187,503.688,92.152,82.854,410.709,143.048,65.814,58.793
2018-06-03 22:00:00,356.177,417.58,80.213,65.601,340.046,118.905,51.626,50.801
2018-06-03 23:00:00,315.631,366.969,67.797,54.856,298.679,106.539,43.955,41.815
2018-06-04 00:00:00,299.927,355.18,64.468,50.935,284.115,94.888,40.703,38.523
2018-06-04 01:00:00,296.558,344.323,63.009,52.649,281.608,90.916,40.457,37.451
2018-06-04 02:00:00,299.32,353.541,64.235,53.999,281.952,89.701,38.834,37.117
2018-06-04 03:00:00,312.035,378.673,66.536,57.743,294.395,95.824,40.566,40.153
2018-06-04 04:00:00,339.258,412.721,71.265,61.19,314.803,106.431,44.579,41.716
2018-06-04 05:00:00,413.343,482.267,87.633,73.301,375.917,125.879,55.928,50.023
2018-06-04 06:00:00,499.991,571.082,101.096,89.574,447.674,152.298,67.239,64.693
2018-06-04 07:00:00,536.367,637.085,111.703,95.114,498.731,170.252,68.344,71.737
2018-06-04 08:00:00,541.422,660.669,117.456,102.216,525.062,177.288,73.832,71.151
2018-06-04 09:00:00,551.558,667.398,119.383,109.389,542.81,173.566,73.491,72.511
2018-06-04 10:00:00,545.207,679.044,120.403,106.845,536.003,170.668,74.058,73.625
2018-06-04 11:00:00,549.518,679.033,114.787,101.246,541.456,166.704,70.144,71.279
2018-06-04 12:00:00,535.53,655.863,107.568,99.978,504.64,158.078,70.474,70.043
2018-06-04 13:00:00,518.854,625.102,104.449,97.415,474.69,157.65,68.076,66.896
2018-06-04 14:00:00,520.293,613.847,98.82,92.349,464.931,156.158,70.311,66.791
2018-06-04 15:00:00,559.903,609.249,103.846,92.988,476.341,164.886,69.928,64.283
2018-06-04 16:00:00,596.428,614.319,115.615,98.224,486.418,163.263,70.229,65.954
2018-06-04 17:00:00,610.666,599.024,115.977,97.431,488.649,175.298,72.522,67.081
2018-06-04 18:00:00,597.022,587.639,110.046,96.595,470.985,166.784,71.289,64.597
2018-06-04 19:00:00,579.253,591.73,110.16,91.778,476.116,167.881,74.953,64.909
2018-06-04 20:00:00,541.118,579.152,105.259,90.781,469.63,161.69,84.206,68.065
2018-06-04 21:00:00,453.814,510.942,92.447,80.779,419.147,144.694,67.666,58.989
2018-06-04 22:00:00,368.775,426.977,79.959,66.69,344.962,119.605,51.693,50.211
2018-06-04 23:00:00,317.352,384.118,71.011,55.606,304.326,106.755,44.679,45.291
2018-06-05 00:00:00,295.124,363.801,63.847,52.26,284.912,95.964,41.045,40.369
2018-06-05 01:00:00,283.046,355.967,60.638,52.405,276.626,91.592,38.974,39.149
2018-06-05 02:00:00,284.307,362.425,60.394,52.335,288.473,92.38,38.735,39.243
2018-06-05 03:00:00,299.122,386.858,65.516,58.053,302.424,101.35,42.71,40.93
2018-06-05 04:00:00,325.611,413.997,73.022,61.743,321.316,111.103,46.587,43.38
2018-06-05 05:00:00,399.623,479.543,81.702,71.592,373.003,126.994,59.114,54.293
2018-06-05 06:00:00,475.357,556.061,95.112,86.863,441.008,141.993,68.215,65.106
2018-06-05 07:00:00,543.963,613.828,105.278,99.342,468.111,153.829,70.871,67.07
2018-06-05 08:00:00,573.623,648.091,110.222,104.306,504.362,161.798,71.674,69.231
2018-06-05 09:00:00,583.766,670.811,110.953,107.862,551.203,169.328,80.618,71.892
2018-06-05 10:00:00,595.707,678.138,110.334,107.662,554.007,170.282,75.804,80.278
2018-06-05 11:00:00,600.335,685.25,116.816,108.223,552.534,172.275,79.825,71.707
2018-06-05 12:00:00,594.313,713.117,113.215,106.083,560.544,166.275,75.764,68.608
2018-06-05 13:00:00,577.869,683.021,106.791,106.429,544.191,169.382,72.752,68.084
2018-06-05 14:00:00,564.083,628.132,108.355,102.633,512.896,165.459,72.625,67.869
2018-06-05 15:00:00,584.291,634.536,113.321,104.883,531.942,158.35,72.128,70.904
2018-06-05 16:00:00,585.46,637.017,115.246,111.256,550.066,176.808,78.712,70.292
2018-06-05 17:00:00,582.47,617.909,113.092,108.963,557.524,187.705,79.337,68.196
2018-06-05 18:00:00,569.608,597.492,113.963,108.49,525.728,180.473,73.12,66.864
2018-06-05 19:00:00,551.107,591.349,112.12,97.566,500.184,175.979,75.748,65.107
2018-06-05 20:00:00,522.909,583.271,114.559,94.7,497.414,170.906,75.787,66.331
2018-06-05 21:00:00,441.581,504.629,98.37,77.403,422.307,141.926,62.102,57.573
2018-06-05 22:00:00,371.751,422.785,77.908,63.446,343.944,116.887,51.414,50.965
2018-06-05 23:00:00,328.402,376.345,69.474,57.153,302.383,104.62,42.063,42.839
2018-06-06 00:00:00,293.634,357.621,63.171,53.889,283.784,95.71,37.554,39.66
2018-06-06 01:00:00,288.532,350.506,64.077,52.509,279.892,91.433,37.671,38.85
2018-06-06 02:00:00,292.545,355.69,61.385,53.973,285.625,93.394,38.073,38.067
2018-06-06 03:00:00,305.174,382.535,64.271,56.758,298.11,100.594,39.651,40.722
2018-06-06 04:00:00,327.232,416.251,69.95,60.965,322.056,107.523,45.934,45.302
2018-06-06 05:00:00,402.862,483.134,81.23,75.71,370.076,124.142,59.437,54.289
2018-06-06 06:00:00,483.257,553.53,97.619,86.316,424.693,146.606,64.306,58.246
2018-06-06 07:00:00,521.028,604.668,101.617,87.791,477.336,159.756,69.281,63.28
2018-06-06 08:00:00,533.587,663.66,108.859,95.666,521.206,169.443,70.207,67.387
2018-06-06 09:00:00,555.203,692.938,114.245,98.19,544.441,171.866,75.138,71.966
2018-06-06 10:00:00,572.308,723.598,110.536,105.831,576.041,178.276,79.391,74.535
2018-06-06 11:00:00,574.487,744.656,110.019,111.582,594.924,176.797,78.419,75.526
2018-06-06 12:00:00,551.747,758.778,109.157,110.938,575.39,174.155,77.747,77.838
2018-06-06 13:00:00,536.386,734.154,102.198,108.884,551.358,174.921,73.82,72.541
2018-06-06 14:00:00,543.614,712.072,99.74,102.752,519.031,176.879,76.837,71.791
2018-06-06 15:00:00,570.849,727.223,110.628,99.08,523.87,185.127,85.014,78.036
2018-06-06 16:00:00,557.738,735.326,110.933,111.002,528.861,183.9,84.592,72.317
2018-06-06 17:00:00,547.64,711.802,113.066,103.786,516.098,174.15,78.371,70.796
2018-06-06 18:00:00,519.177,677.359,110.725,98.917,486.921,175.81,75.37,69.503
2018-06-06 19:00:00,516.481,648.04,106.874,96.132,483.039,178.926,74.158,68.365
2018-06-06 20:00:00,516.483,622.996,107.92,92.43,490.611,163.2,74.334,65.274
2018-06-06 21:00:00,450.281,522.032,96.131,80.713,422.321,152.96,70.811,62.555
2018-06-06 22:00:00,362.051,431.641,77.025,65.998,343.559,117.865,56.92,53.006
2018-06-06 23:00:00,316.511,379.024,65.993,58.175,294.411,101.857,45.555,41.568
2018-06-07 00:00:00,293.053,354.625,61.706,52.575,283.302,95.782,38.986,40.757
2018-06-07 01:00:00,283.593,342.187,60.752,52.04,278.238,91.048,37.623,39.377
2018-06-07 02:00:00,283.69,346.586,60.887,51.283,278.844,90.717,38.283,39.356
2018-06-07 03:00:00,292.28,368.618,62.571,55.39,296.502,96.792,41.121,39.177
2018-06-07 04:00:00,318.342,398.267,67.013,58.692,311.511,104.603,44.416,40.444
2018-06-07 05:00:00,390.361,470.345,80.676,71.291,368.512,120.13,57.513,50.257
2018-06-07 06:00:00,464.098,550.936,90.657,83.797,440.346,144.843,65.655,57.574
2018-06-07 07:00:00,525.717,613.205,99.659,94.265,474.141,156.495,66.524,67.341
2018-06-07 08:00:00,554.32,639.438,105.493,96.212,500.452,161.996,69.607,71.17
2018-06-07 09:00:00,563.608,667.958,109.345,96.157,529.774,162.323,75.063,74.11
2018-06-07 10:00:00,578.504,695.166,114.368,97.172,529.619,172.608,76.659,72.231
2018-06-07 11:00:00,580.291,716.237,112.593,100.977,535.585,185.635,78.981,76.478
2018-06-07 12:00:00,556.33,740.974,111.595,103.838,538.545,180.94,77.603,74.121
2018-06-07 13:00:00,556.022,748.93,109.855,106.676,537.441,182.374,81.323,72.356
2018-06-07 14:00:00,582.092,742.335,116.691,111.502,555.817,185.339,84.471,75.3
2018-06-07 15:00:00,617.157,752.563,123.382,119.467,586.557,191.458,83.419,78.132
2018-06-07 16:00:00,660.769,784.506,123.758,124.902,615.271,205.862,89.081,80.567
2018-06-07 17:00:00,638.763,743.413,124.449,120.487,599.453,200.576,91.828,76.581
2018-06-07 18:00:00,597.709,699.828,121.915,116.252,575.791,191.934,86.735,76.14
2018-06-07 19:00:00,565.26,664.005,117.565,107.957,536.155,180.701,82.336,73.508
2018-06-07 20:00:00,551.568,621.361,111.625,102.61,509.832,178.07,77.709,73.838
2018-06-07 21:00:00,464.367,526.572,97.139,86.66,436.702,149.445,65.976,60.19
2018-06-07 22:00:00,376.65,435.84,77.213,68.136,348.024,117.008,53.011,46.862
2018-06-07 23:00:00,320.009,378.947,65.627,55.212,295.388,99.331,45.775,43.457
2018-06-08 00:00:00,292.948,354.135,61.253,51.24,277.466,89.448,39.546,39.209
2018-06-08 01:00:00,281.79,343.097,59.225,50.303,268.292,84.325,39.2,36.311
2018-06-08 02:00:00,284.531,347.331,57.988,49.26,266.704,84.745,35.702,35.467
2018-06-08 03:00:00,300.65,364.496,61.51,52.045,278.653,90.282,38.25,37.735
2018-06-08 04:00:00,327.271,395.409,64.818,58.795,298.312,100.703,41.483,42.914
2018-06-08 05:00:00,397.33,465.253,79.828,71.152,349.801,115.503,52.635,49.34
2018-06-08 06:00:00,478.199,546.037,97.637,82.794,422.405,141.969,68.149,57.283
2018-06-08 07:00:00,530.166,619.415,109.354,97.304,481.353,155.856,75.568,66.1
2018-06-08 08:00:00,573.348,680.76,113.789,107.227,550.095,173.274,76.141,72.041
2018-06-08 09:00:00,660.926,780.954,118.727,116.401,608.357,204.343,79.44,81.319
2018-06-08 10:00:00,709.854,873.863,127.41,133.517,678.123,214.618,92.988,93.497
2018-06-08 11:00:00,751.822,954.969,140.971,145.83,744.75,228.068,102.334,93.662
2018-06-08 12:00:00,788.042,988.875,149.215,151.155,775.382,236.395,104.46,97.327
2018-06-08 13:00:00,809.167,1009.784,153.601,153.768,777.436,239.003,103.793,99.26
2018-06-08 14:00:00,836.495,1017.966,163.001,157.909,780.333,248.704,108.977,99.707
2018-06-08 15:00:00,849.927,1049.07,175.432,164.588,789.861,266.731,120.142,107.413
2018-06-08 16:00:00,858.145,1086.734,182.902,170.271,832.913,285.317,126.827,109.309
2018-06-08 17:00:00,834.975,1045.418,190.228,165.806,830.765,281.31,124.968,108.908
2018-06-08 18:00:00,808.48,962.841,176.398,158.618,778.426,263.342,115.271,104.296
2018-06-08 19:00:00,728.638,877.975,155.23,140.753,699.341,247.324,103.3,97.546
2018-06-08 20:00:00,658.644,785.379,141.308,126.681,626.961,228.581,95.053,89.661
2018-06-08 21:00:00,533.438,658.857,116.091,98.32,512.417,187.011,78.629,72.957
2018-06-08 22:00:00,422.648,521.419,88.311,77.414,397.288,141.534,62.515,56.485
2018-06-08 23:00:00,350.314,430.071,74.899,61.524,316.66,110.859,49.331,45.151
2018-06-09 00:00:00,313.045,383.722,64.332,56.845,293.211,95.824,43.61,40.584
2018-06-09 01:00:00,296.183,361.437,61.825,52.298,277.184,88.505,38.332,38.4
2018-06-09 02:00:00,288.0,363.567,59.18,50.427,270.378,86.026,36.509,39.458
2018-06-09 03:00:00,287.28,362.952,55.937,49.929,270.79,86.18,35.792,37.962
2018-06-09 04:00:00,283.999,351.493,56.457,50.556,268.534,86.676,36.518,38.798
2018-06-09 05:00:00,309.903,384.922,65.49,53.096,293.562,93.992,38.611,39.705
2018-06-09 06:00:00,371.855,466.262,78.441,65.863,360.727,117.175,51.451,48.784
2018-06-09 07:00:00,475.123,563.971,96.218,87.833,452.253,150.941,66.427,62.66
2018-06-09 08:00:00,564.398,667.595,113.9,107.042,545.63,182.077,89.48,77.808
2018-06-09 09:00:00,621.702,741.554,124.163,123.294,620.225,207.05,89.765,90.989
2018-06-09 10:00:00,659.635,797.847,128.855,135.897,674.702,223.596,95.26,86.841
2018-06-09 11:00:00,724.603,847.877,144.905,143.802,711.749,231.939,106.69,95.865
2018-06-09 12:00:00,723.827,872.535,143.611,150.365,724.363,236.403,106.899,97.349
2018-06-09 13:00:00,729.572,908.937,149.679,153.57,732.442,251.161,110.636,101.593
2018-06-09 14:00:00,758.175,935.646,162.01,160.936,770.576,260.274,110.676,111.254
2018-06-09 15:00:00,803.577,964.35,161.405,163.026,775.265,270.561,114.988,110.519
2018-06-09 16:00:00,810.355,982.071,163.279,167.883,805.159,272.918,114.489,108.188
2018-06-09 17:00:00,740.429,955.609,162.373,155.228,765.984,254.225,111.275,104.762
2018-06-09 18:00:00,679.664,892.654,145.659,140.378,702.102,233.488,101.823,92.705
2018-06-09 19:00:00,645.107,825.398,136.807,130.878,645.01,220.667,99.28,85.03
2018-06-09 20:00:00,589.373,746.905,131.358,117.21,586.948,206.015,92.064,78.28
2018-06-09 21:00:00,486.405,627.867,108.406,95.297,498.917,166.817,76.012,65.318
2018-06-09 22:00:00,389.222,503.068,84.966,73.293,395.865,129.79,56.903,53.901
2018-06-09 23:00:00,324.751,432.152,70.602,58.869,324.849,103.3,44.081,45.212
2018-06-10 00:00:00,291.556,381.593,59.016,50.921,279.484,92.65,37.958,37.589
2018-06-10 01:00:00,281.015,359.082,55.516,49.061,265.946,84.936,36.166,35.575
2018-06-10 02:00:00,273.577,344.256,55.528,48.198,259.56,83.253,35.279,34.854
2018-06-10 03:00:00,275.006,338.162,54.876,49.162,259.757,86.517,34.672,35.09
2018-06-10 04:00:00,278.722,331.783,55.921,48.717,259.703,87.92,36.884,35.82
2018-06-10 05:00:00,300.857,345.97,61.611,53.07,274.492,99.074,39.551,37.496
2018-06-10 06:00:00,337.421,393.14,71.367,61.668,317.863,113.876,50.818,44.147
2018-06-10 07:00:00,393.542,458.806,86.262,74.85,366.632,132.394,55.452,51.661
2018-06-10 08:00:00,439.07,515.245,96.346,86.471,411.853,148.289,62.488,58.821
2018-06-10 09:00:00,444.997,554.15,101.567,92.597,459.29,159.25,66.899,64.541
2018-06-10 10:00:00,467.227,579.971,103.735,100.779,485.628,178.039,72.056,64.906
2018-06-10 11:00:00,489.17,625.642,113.903,105.87,517.726,183.73,82.599,72.306
2018-06-10 12:00:00,509.176,662.952,114.556,109.823,528.383,191.056,81.715,73.204
2018-06-10 13:00:00,509.965,685.616,110.883,121.485,534.558,204.236,83.721,77.928
2018-06-10 14:00:00,532.932,682.246,113.205,113.851,547.418,201.792,86.595,78.47
2018-06-10 15:00:00,549.947,709.895,119.485,115.914,566.016,201.19,83.527,81.257
2018-06-10 16:00:00,555.464,707.344,119.315,114.972,570.419,203.014,89.039,80.142
2018-06-10 17:00:00,550.526,679.27,122.924,111.746,563.854,201.781,91.151,79.57
2018-06-10 18:00:00,530.271,649.407,118.705,108.397,529.831,193.228,85.742,75.88
2018-06-10 19:00:00,537.459,631.836,118.685,103.582,509.918,187.796,84.481,74.844
2018-06-10 20:00:00,515.944,616.43,116.75,101.175,482.471,179.111,76.356,71.281
2018-06-10 21:00:00,429.901,534.17,96.365,86.568,415.853,147.044,63.34,63.209
2018-06-10 22:00:00,352.582,438.469,81.944,68.395,337.303,115.722,49.833,46.761
2018-06-10 23:00:00,309.708,371.257,68.189,59.966,293.069,98.005,41.624,43.898
2018-06-11 00:00:00,290.724,351.818,58.702,53.063,276.048,88.705,39.977,37.195
2018-06-11 01:00:00,283.089,342.115,55.97,50.127,265.568,85.036,36.732,35.512
2018-06-11 02:00:00,282.505,343.647,55.808,48.703,266.589,83.537,35.381,35.303
2018-06-11 03:00:00,292.252,365.966,58.049,51.374,280.385,89.004,37.221,37.349
2018-06-11 04:00:00,316.844,392.562,63.191,57.276,299.948,97.695,42.042,43.89
2018-06-11 05:00:00,386.65,466.017,77.083,71.031,356.845,114.11,52.196,51.992
2018-06-11 06:00:00,468.087,555.196,88.348,82.956,425.73,140.104,59.409,57.648
2018-06-11 07:00:00,514.662,602.396,95.26,87.238,470.874,157.956,66.248,63.719
2018-06-11 08:00:00,548.868,658.966,101.08,96.569,512.995,172.338,74.546,69.88
2018-06-11 09:00:00,577.951,711.634,115.175,107.166,557.496,175.331,79.784,76.46
2018-06-11 10:00:00,600.75,757.953,115.344,107.296,588.702,182.992,78.23,79.036
2018-06-11 11:00:00,617.425,792.293,117.803,114.899,605.767,180.209,83.214,77.228
2018-06-11 12:00:00,617.484,814.923,116.694,121.913,623.866,189.075,81.289,80.554
2018-06-11 13:00:00,629.482,806.588,122.089,123.243,619.421,191.032,87.467,79.373
2018-06-11 14:00:00,631.2,833.458,123.134,119.695,634.362,199.994,88.641,82.034
2018-06-11 15:00:00,647.699,872.146,125.464,125.025,637.768,208.039,88.866,87.977
2018-06-11 16:00:00,662.381,908.989,134.392,127.019,641.945,212.925,93.507,88.157
2018-06-11 17:00:00,649.961,868.113,133.264,125.523,636.195,211.799,96.793,84.602
2018-06-11 18:00:00,625.295,756.169,126.273,112.136,591.399,193.831,92.961,77.945
2018-06-11 19:00:00,579.06,698.189,123.743,105.637,550.182,187.27,88.787,72.656
2018-06-11 20:00:00,538.534,637.977,114.661,98.389,517.169,170.481,80.789,71.135
2018-06-11 21:00:00,456.972,538.505,97.162,85.317,436.962,146.827,67.664,57.542
2018-06-11 22:00:00,368.629,438.255,75.353,69.188,342.427,120.284,52.597,48.306
2018-06-11 23:00:00,318.897,391.64,65.44,56.485,294.45,100.823,42.618,42.302
2018-06-12 00:00:00,295.952,356.311,60.633,53.978,282.003,92.836,39.722,38.125
2018-06-12 01:00:00,292.088,341.409,58.766,52.832,281.442,89.034,37.936,37.177
2018-06-12 02:00:00,297.49,346.005,60.421,53.937,288.576,92.095,38.718,37.314
2018-06-12 03:00:00,315.817,367.244,64.06,59.192,306.767,100.493,45.055,40.223
2018-06-12 04:00:00,348.19,398.172,68.88,63.228,333.283,110.539,47.214,42.941
2018-06-12 05:00:00,417.21,464.938,85.987,72.703,378.727,131.378,56.73,50.974
2018-06-12 06:00:00,471.328,550.181,96.641,85.653,432.614,151.059,64.511,59.945
2018-06-12 07:00:00,523.189,627.067,100.344,92.463,474.409,157.303,66.992,67.45
2018-06-12 08:00:00,566.933,676.076,109.39,102.886,516.3,168.648,72.308,69.95
2018-06-12 09:00:00,591.005,751.671,119.854,111.72,571.174,174.893,77.363,72.092
2018-06-12 10:00:00,616.543,815.526,120.518,120.005,613.066,188.889,82.375,77.87
2018-06-12 11:00:00,635.446,881.474,121.366,122.718,646.734,205.329,85.762,82.574
2018-06-12 12:00:00,655.18,892.491,125.066,125.422,653.417,208.037,84.615,88.313
2018-06-12 13:00:00,664.344,898.077,129.958,131.169,652.822,208.362,87.717,88.407
2018-06-12 14:00:00,680.09,926.652,137.985,135.974,654.108,223.345,94.431,91.009
2018-06-12 15:00:00,723.808,964.878,143.471,137.389,689.776,225.409,104.88,97.493
2018-06-12 16:00:00,732.449,978.749,155.79,143.27,721.069,233.674,106.605,98.327
2018-06-12 17:00:00,704.426,924.459,148.843,134.058,698.538,233.541,108.764,91.161
2018-06-12 18:00:00,655.349,822.084,136.081,125.936,626.015,209.018,96.958,84.61
2018-06-12 19:00:00,602.272,745.502,127.86,113.91,578.695,193.221,91.275,78.317
2018-06-12 20:00:00,563.247,675.311,124.109,107.697,542.005,180.072,82.012,76.465
2018-06-12 21:00:00,466.0,570.838,100.409,86.526,456.968,148.268,67.061,62.862
2018-06-12 22:00:00,382.869,451.385,79.082,77.874,353.156,116.391,52.238,49.95
2018-06-12 23:00:00,329.84,378.819,65.754,56.883,300.936,97.379,43.776,41.222
2018-06-13 00:00:00,298.652,357.38,60.585,52.804,273.463,89.597,37.56,36.544
2018-06-13 01:00:00,286.764,340.874,55.712,50.143,264.842,84.211,35.62,35.524
2018-06-13 02:00:00,283.585,343.991,56.46,48.19,266.072,84.228,35.408,35.951
2018-06-13 03:00:00,289.078,360.925,59.246,50.869,275.044,89.84,39.582,38.11
2018-06-13 04:00:00,317.842,390.084,65.157,55.331,294.283,96.859,42.593,41.803
2018-06-13 05:00:00,390.015,468.088,75.892,68.888,352.549,113.643,54.741,47.339
2018-06-13 06:00:00,469.231,562.281,92.739,79.998,432.768,135.964,62.114,55.946
2018-06-13 07:00:00,518.284,626.063,102.546,87.052,462.943,155.372,67.882,63.754
2018-06-13 08:00:00,553.724,664.912,108.426,93.946,500.589,160.978,76.017,67.775
2018-06-13 09:00:00,585.048,699.12,114.382,99.165,528.812,169.163,72.798,74.903
2018-06-13 10:00:00,605.188,737.523,120.12,101.787,542.819,175.142,75.722,75.657
2018-06-13 11:00:00,619.099,757.6,111.19,107.135,551.039,177.682,77.636,76.76
2018-06-13 12:00:00,619.986,750.853,111.474,100.904,531.512,172.894,78.225,76.918
2018-06-13 13:00:00,588.685,714.135,104.802,98.495,527.033,166.87,75.333,76.025
2018-06-13 14:00:00,578.67,711.07,108.165,102.029,525.454,165.061,77.767,71.223
2018-06-13 15:00:00,592.524,739.762,110.291,103.06,524.621,175.414,80.75,69.599
2018-06-13 16:00:00,608.391,735.252,119.301,110.563,533.526,193.672,83.421,78.324
2018-06-13 17:00:00,615.733,728.068,121.126,113.357,538.065,194.231,87.001,80.826
2018-06-13 18:00:00,591.029,706.877,121.338,99.577,533.04,185.889,88.319,74.14
2018-06-13 19:00:00,599.995,685.422,120.24,102.794,524.065,182.448,81.397,72.227
2018-06-13 20:00:00,592.481,666.26,119.388,107.374,527.662,178.068,81.542,71.614
2018-06-13 21:00:00,526.111,579.587,104.871,91.014,445.023,155.794,69.35,65.28
2018-06-13 22:00:00,435.56,480.864,84.952,73.846,368.817,123.958,55.668,54.603
2018-06-13 23:00:00,369.998,421.136,68.8,61.468,319.064,108.013,47.296,45.265
2018-06-14 00:00:00,335.969,389.364,63.304,56.917,292.999,97.533,44.494,41.474
2018-06-14 01:00:00,320.323,374.66,61.699,54.737,276.818,91.648,39.625,39.408
2018-06-14 02:00:00,313.275,374.677,58.843,54.41,276.698,90.669,38.543,39.112
2018-06-14 03:00:00,312.161,387.905,58.875,53.939,276.359,91.545,38.588,38.778
2018-06-14 04:00:00,338.223,406.791,65.213,59.178,291.155,96.496,43.894,40.943
2018-06-14 05:00:00,430.512,498.954,81.821,71.266,361.017,123.354,56.837,51.078
2018-06-14 06:00:00,530.779,638.886,97.08,95.76,465.527,159.404,71.91,65.662
2018-06-14 07:00:00,629.919,759.889,114.042,117.361,573.506,189.183,91.85,82.008
2018-06-14 08:00:00,691.715,854.415,138.063,134.871,652.219,213.049,95.302,90.008
2018-06-14 09:00:00,751.558,953.848,149.964,143.174,714.823,237.933,100.841,100.586
2018-06-14 10:00:00,794.776,1041.993,153.984,153.209,767.799,253.428,107.187,103.085
2018-06-14 11:00:00,825.726,1077.867,159.613,162.731,811.22,258.41,109.746,104.819
2018-06-14 12:00:00,838.94,1071.742,160.291,173.332,844.908,266.627,114.036,107.95
2018-06-14 13:00:00,850.116,986.661,167.981,176.605,841.09,256.204,112.657,104.511
2018-06-14 14:00:00,879.34,946.824,172.165,166.88,804.418,242.537,103.827,99.923
2018-06-14 15:00:00,902.22,963.598,177.875,163.063,779.398,237.145,103.703,96.5
2018-06-14 16:00:00,864.742,937.134,166.557,149.86,745.417,250.179,109.689,98.089
2018-06-14 17:00:00,789.773,869.515,154.481,139.416,687.763,239.937,110.518,98.393
2018-06-14 18:00:00,725.97,793.319,137.503,127.871,641.153,226.165,103.45,90.177
2018-06-14 19:00:00,669.39,731.806,129.573,118.516,603.893,205.905,95.416,83.179
2018-06-14 20:00:00,632.694,683.34,126.23,115.119,590.96,191.892,87.403,74.683
2018-06-14 21:00:00,538.398,582.148,102.568,102.149,491.132,164.099,72.979,65.715
2018-06-14 22:00:00,422.677,478.963,79.524,76.624,382.486,126.881,60.57,52.286
2018-06-14 23:00:00,349.366,397.944,66.37,59.79,311.037,105.161,48.698,42.035
2018-06-15 00:00:00,301.985,361.298,60.945,52.031,278.81,89.592,40.748,36.654
2018-06-15 01:00:00,285.892,347.244,57.743,49.919,266.735,83.657,38.03,35.544
2018-06-15 02:00:00,284.186,347.26,56.224,49.016,263.313,83.153,35.472,35.255
2018-06-15 03:00:00,294.64,365.884,59.117,50.591,272.71,85.878,37.072,36.415
2018-06-15 04:00:00,320.841,400.19,65.385,59.697,291.897,90.671,40.237,39.007
2018-06-15 05:00:00,396.156,464.12,77.389,68.09,351.681,111.584,51.93,45.558
2018-06-15 06:00:00,479.09,549.434,92.073,81.309,430.644,139.323,62.444,59.615
2018-06-15 07:00:00,530.993,608.124,100.245,93.389,478.613,151.307,73.27,70.04
2018-06-15 08:00:00,551.137,642.689,106.416,93.213,511.891,159.813,73.226,66.219
2018-06-15 09:00:00,566.548,670.549,113.684,96.772,538.565,168.82,74.006,70.807
2018-06-15 10:00:00,582.96,689.772,114.693,106.66,560.032,170.762,77.393,74.074
2018-06-15 11:00:00,586.95,701.109,111.922,104.571,567.247,168.862,79.497,76.336
2018-06-15 12:00:00,577.662,685.269,106.82,100.988,542.602,166.576,72.749,71.009
2018-06-15 13:00:00,563.941,683.287,107.27,100.515,514.571,155.148,68.394,70.521
2018-06-15 14:00:00,565.801,697.366,106.624,106.343,503.494,160.474,75.285,70.26
2018-06-15 15:00:00,599.16,748.717,113.224,103.528,543.191,171.37,78.429,71.962
2018-06-15 16:00:00,665.057,779.333,117.398,115.648,591.191,183.425,89.151,71.35
2018-06-15 17:00:00,688.814,797.776,120.873,124.591,607.018,199.361,91.017,76.302
2018-06-15 18:00:00,651.051,760.462,125.502,121.916,603.245,202.884,88.241,83.194
2018-06-15 19:00:00,608.431,724.345,122.46,116.013,560.972,189.601,77.974,73.802
2018-06-15 20:00:00,561.491,660.185,118.411,104.837,534.376,176.828,77.481,69.84
2018-06-15 21:00:00,462.39,560.227,103.017,86.36,442.776,149.892,63.499,60.355
2018-06-15 22:00:00,373.135,450.608,76.736,71.099,352.861,118.426,48.806,51.918
2018-06-15 23:00:00,323.298,380.602,65.558,54.457,303.463,103.807,44.04,44.219
2018-06-16 00:00:00,296.528,351.031,60.08,49.398,286.923,94.522,36.723,40.187
2018-06-16 01:00:00,286.568,340.725,59.231,50.537,280.331,91.505,36.259,39.056
2018-06-16 02:00:00,289.728,351.389,61.35,50.967,288.544,92.085,36.47,38.988
2018-06-16 03:00:00,296.568,358.62,62.223,52.79,296.887,96.647,38.131,41.892
2018-06-16 04:00:00,297.292,363.737,63.336,54.925,294.655,102.133,38.985,41.96
2018-06-16 05:00:00,322.827,389.096,66.264,56.506,317.713,109.419,44.222,46.272
2018-06-16 06:00:00,369.981,440.943,76.062,63.549,360.153,120.947,50.378,49.114
2018-06-16 07:00:00,452.484,517.718,86.007,78.036,420.046,145.386,61.524,56.17
2018-06-16 08:00:00,524.095,612.373,99.589,96.953,516.003,173.296,69.052,65.207
2018-06-16 09:00:00,585.624,730.739,112.319,115.226,588.307,191.341,80.823,75.117
2018-06-16 10:00:00,636.91,817.774,123.872,127.634,659.83,202.167,89.571,77.407
2018-06-16 11:00:00,685.61,875.961,136.591,139.202,702.831,216.345,103.237,80.517
2018-06-16 12:00:00,716.41,927.695,136.495,154.868,747.747,235.755,104.148,90.422
2018-06-16 13:00:00,755.472,972.803,146.066,166.389,791.893,251.033,108.734,91.798
2018-06-16 14:00:00,802.254,1004.634,156.956,171.029,832.477,267.134,118.441,100.507
2018-06-16 15:00:00,860.239,1042.553,169.611,184.05,874.81,283.251,120.189,109.354
2018-06-16 16:00:00,878.828,1051.125,180.064,187.598,895.417,295.044,125.156,111.091
2018-06-16 17:00:00,860.263,1017.907,174.497,172.245,847.154,282.103,122.765,107.852
2018-06-16 18:00:00,813.251,973.646,172.549,159.617,779.496,264.934,114.845,102.536
2018-06-16 19:00:00,733.697,893.471,162.475,145.17,722.73,242.279,108.435,91.953
2018-06-16 20:00:00,658.861,802.675,148.838,125.463,647.758,216.451,95.018,86.904
2018-06-16 21:00:00,544.023,669.273,119.553,105.297,528.315,170.094,75.404,74.744
2018-06-16 22:00:00,418.584,530.503,97.295,80.52,412.319,132.121,58.677,58.712
2018-06-16 23:00:00,347.043,447.685,75.542,65.418,332.448,106.465,48.389,46.471
2018-06-17 00:00:00,297.846,386.636,63.698,54.278,286.241,92.263,41.497,40.346
2018-06-17 01:00:00,279.171,358.192,59.073,50.236,268.8,84.01,37.254,36.585
2018-06-17 02:00:00,274.322,340.252,56.137,47.863,260.494,84.269,35.202,35.164
2018-06-17 03:00:00,277.909,334.614,56.935,47.522,260.85,86.618,35.326,35.335
2018-06-17 04:00:00,283.294,332.682,57.003,50.061,266.679,89.061,38.655,35.651
2018-06-17 05:00:00,306.923,355.862,62.078,56.449,278.797,100.149,40.408,38.251
2018-06-17 06:00:00,349.07,421.223,83.11,63.636,332.263,115.14,49.913,48.374
2018-06-17 07:00:00,440.86,523.397,100.822,88.39,418.213,141.837,62.284,63.607
2018-06-17 08:00:00,555.477,624.025,121.831,112.418,521.135,169.718,83.954,73.669
2018-06-17 09:00:00,640.785,738.167,142.094,130.102,615.356,205.036,97.667,78.604
2018-06-17 10:00:00,701.944,820.345,147.918,149.306,710.591,239.639,103.362,86.95
2018-06-17 11:00:00,766.109,915.016,153.16,167.499,781.222,250.579,105.93,98.766
2018-06-17 12:00:00,797.852,968.817,162.878,172.367,815.234,267.737,117.557,106.177
2018-06-17 13:00:00,828.464,1021.984,174.312,185.643,846.277,284.675,126.125,110.996
2018-06-17 14:00:00,881.912,1094.744,187.427,193.428,889.029,300.936,130.827,117.566
2018-06-17 15:00:00,926.119,1143.855,202.32,196.568,917.033,317.022,137.614,125.932
2018-06-17 16:00:00,937.213,1174.347,211.713,200.917,938.787,329.684,139.714,129.43
2018-06-17 17:00:00,916.863,1137.74,206.285,192.146,897.61,316.441,135.643,121.747
2018-06-17 18:00:00,869.926,1064.663,192.655,174.998,832.353,290.997,125.543,109.72
2018-06-17 19:00:00,817.927,969.198,176.022,152.951,739.96,269.454,117.671,103.738
2018-06-17 20:00:00,723.454,877.389,158.079,136.131,674.409,241.174,107.357,93.311
2018-06-17 21:00:00,624.684,740.393,133.876,115.229,564.073,196.009,88.341,79.656
2018-06-17 22:00:00,514.75,600.84,104.372,90.735,442.45,150.487,68.806,63.607
2018-06-17 23:00:00,418.319,493.275,83.811,76.184,367.44,120.096,55.755,51.287
2018-06-18 00:00:00,383.539,431.507,76.901,63.909,327.535,101.104,45.014,44.797
2018-06-18 01:00:00,360.258,397.926,67.527,58.921,298.375,93.763,39.783,39.392
2018-06-18 02:00:00,349.743,401.823,64.733,54.291,282.08,89.813,37.733,37.569
2018-06-18 03:00:00,352.387,408.555,65.103,55.081,284.839,87.097,37.976,37.346
2018-06-18 04:00:00,384.372,435.299,69.413,61.63,304.357,93.899,42.354,40.718
2018-06-18 05:00:00,470.02,529.702,86.624,75.348,368.971,115.839,54.504,49.168
2018-06-18 06:00:00,600.65,658.346,107.815,94.135,473.108,147.574,68.056,65.859
2018-06-18 07:00:00,712.44,763.833,121.656,110.319,588.721,176.79,78.609,74.85
2018-06-18 08:00:00,819.72,896.043,152.271,135.622,711.841,217.632,90.499,84.179
2018-06-18 09:00:00,951.611,1071.019,170.373,158.528,828.39,247.86,100.961,98.607
2018-06-18 10:00:00,1052.161,1202.247,191.908,182.352,922.252,276.583,116.52,114.28
2018-06-18 11:00:00,1095.213,1308.32,207.099,205.897,1016.53,312.615,132.141,126.337
2018-06-18 12:00:00,1130.474,1392.538,220.733,215.512,1068.45,324.266,135.835,128.819
2018-06-18 13:00:00,1138.281,1451.238,226.139,220.227,1071.855,341.791,148.001,133.901
2018-06-18 14:00:00,1134.7,1443.825,231.239,220.498,1056.995,340.915,152.308,131.585
2018-06-18 15:00:00,1107.583,1387.901,233.988,222.478,1059.593,342.854,154.519,134.525
2018-06-18 16:00:00,1067.839,1311.974,226.72,214.414,1026.045,338.109,150.09,128.691
2018-06-18 17:00:00,1007.676,1205.933,211.553,199.35,968.278,316.256,142.412,120.211
2018-06-18 18:00:00,932.943,1090.62,207.713,180.544,893.856,284.578,129.442,108.91
2018-06-18 19:00:00,832.576,1004.543,188.45,168.68,824.019,269.427,119.856,104.726
2018-06-18 20:00:00,757.961,893.957,165.194,154.589,762.83,249.052,106.38,95.685
2018-06-18 21:00:00,651.358,753.661,138.598,131.215,656.72,206.986,88.893,85.579
2018-06-18 22:00:00,554.126,617.165,108.743,103.827,523.423,160.573,69.581,68.702
2018-06-18 23:00:00,491.034,547.449,93.145,88.662,437.543,130.884,58.901,57.06
2018-06-19 00:00:00,443.513,498.056,84.124,78.999,382.138,113.434,51.637,49.651
2018-06-19 01:00:00,416.485,474.322,80.029,73.514,370.879,105.474,46.251,46.205
2018-06-19 02:00:00,409.278,476.136,79.289,75.969,378.362,101.85,44.717,46.738
2018-06-19 03:00:00,412.278,489.233,78.761,75.932,379.077,102.7,45.038,44.972
2018-06-19 04:00:00,445.876,518.894,82.349,80.181,412.516,114.343,51.058,48.228
2018-06-19 05:00:00,529.312,626.799,101.96,98.866,496.397,150.302,67.518,61.298
2018-06-19 06:00:00,653.689,796.897,118.883,124.693,617.394,196.318,87.557,76.577
2018-06-19 07:00:00,732.848,934.308,133.753,149.416,728.984,227.895,94.524,89.677
2018-06-19 08:00:00,785.472,1026.079,155.906,172.909,837.474,254.263,104.396,101.644
2018-06-19 09:00:00,854.402,1111.663,174.39,189.025,918.335,277.872,117.315,110.905
2018-06-19 10:00:00,913.665,1164.098,182.197,208.534,961.956,289.371,127.831,116.566
2018-06-19 11:00:00,939.862,1186.784,189.76,203.644,981.75,297.774,127.119,120.825
2018-06-19 12:00:00,931.584,1181.716,199.289,208.571,1009.277,299.916,127.423,121.217
2018-06-19 13:00:00,955.499,1162.102,200.791,211.449,1008.465,299.702,128.529,121.474
2018-06-19 14:00:00,961.262,1179.524,197.141,212.973,1013.211,309.063,134.203,124.443
2018-06-19 15:00:00,984.677,1194.954,210.289,211.096,1003.114,324.509,139.614,127.775
2018-06-19 16:00:00,984.143,1174.422,212.219,214.182,1014.736,337.407,145.24,127.868
2018-06-19 17:00:00,959.806,1128.458,209.421,203.437,1004.394,323.692,142.349,123.708
2018-06-19 18:00:00,905.415,1042.78,198.776,196.878,942.791,307.643,136.276,118.481
2018-06-19 19:00:00,835.526,928.931,180.389,177.658,841.954,272.596,124.108,104.32
2018-06-19 20:00:00,744.963,821.044,160.916,154.42,742.548,238.821,105.026,93.404
2018-06-19 21:00:00,593.951,680.694,134.753,125.31,609.606,195.717,89.074,87.394
2018-06-19 22:00:00,463.817,542.753,99.732,92.726,455.285,152.774,68.149,64.434
2018-06-19 23:00:00,387.113,438.199,78.116,72.776,359.803,117.118,51.275,48.964
2018-06-20 00:00:00,338.147,390.486,66.16,63.689,315.332,99.389,46.211,41.85
2018-06-20 01:00:00,311.64,367.525,61.963,55.158,284.924,90.18,40.366,37.894
2018-06-20 02:00:00,298.101,359.691,59.416,52.135,271.751,84.242,37.025,36.647
2018-06-20 03:00:00,302.5,369.994,60.608,53.858,278.079,87.242,38.387,36.073
2018-06-20 04:00:00,321.773,394.582,63.929,56.738,295.133,93.04,39.182,40.091
2018-06-20 05:00:00,397.031,473.524,77.084,70.351,359.821,114.94,51.02,52.09
2018-06-20 06:00:00,485.072,568.538,92.888,80.666,428.221,143.078,66.455,60.204
2018-06-20 07:00:00,527.068,649.265,100.061,90.7,487.508,155.49,69.224,69.798
2018-06-20 08:00:00,558.652,718.229,109.573,99.315,540.328,174.449,71.165,72.652
2018-06-20 09:00:00,607.178,809.85,120.506,112.561,596.416,194.089,80.669,81.613
2018-06-20 10:00:00,686.03,887.082,132.694,129.379,667.366,212.007,92.102,87.939
2018-06-20 11:00:00,733.633,960.706,146.901,142.92,735.879,231.313,100.35,96.306
2018-06-20 12:00:00,771.166,994.033,159.53,152.027,781.79,247.581,107.071,106.981
2018-06-20 13:00:00,778.546,1011.585,163.207,165.724,827.198,257.769,109.413,108.553
2018-06-20 14:00:00,820.286,1030.58,168.149,174.4,848.885,270.833,117.616,109.045
2018-06-20 15:00:00,868.904,1062.17,178.182,171.082,841.749,275.68,122.057,117.205
2018-06-20 16:00:00,857.56,1042.704,177.077,166.52,818.751,278.617,123.794,109.967
2018-06-20 17:00:00,800.742,964.312,166.314,159.513,775.107,267.041,119.746,102.789
2018-06-20 18:00:00,739.639,879.977,156.364,142.782,719.531,248.761,109.805,95.761
2018-06-20 19:00:00,698.087,833.507,150.099,134.52,662.807,225.652,100.873,88.519
2018-06-20 20:00:00,665.691,766.35,140.069,131.835,640.657,211.681,90.751,87.3
2018-06-20 21:00:00,585.406,644.877,121.359,107.145,541.555,185.286,79.485,79.869
2018-06-20 22:00:00,476.507,543.657,93.93,85.393,435.576,147.501,64.152,61.747
2018-06-20 23:00:00,401.014,443.842,79.01,72.386,369.36,117.424,51.433,49.516
2018-06-21 00:00:00,349.087,394.429,70.628,65.31,327.711,103.516,43.382,43.491
2018-06-21 01:00:00,324.028,369.464,63.508,59.04,301.854,92.312,39.196,40.812
2018-06-21 02:00:00,318.164,364.603,61.148,55.806,290.682,88.43,38.293,37.755
2018-06-21 03:00:00,322.935,375.404,63.289,58.645,296.618,89.218,39.579,37.498
2018-06-21 04:00:00,347.419,399.373,63.63,61.596,321.001,92.291,42.708,38.469
2018-06-21 05:00:00,415.208,487.27,77.357,76.842,375.942,113.399,53.353,47.572
2018-06-21 06:00:00,505.775,602.634,92.944,94.503,453.486,149.071,65.906,62.094
2018-06-21 07:00:00,586.622,701.49,101.989,102.747,519.859,184.286,78.684,77.619
2018-06-21 08:00:00,659.214,813.366,116.872,124.325,607.387,215.44,92.443,90.025
2018-06-21 09:00:00,736.055,937.011,133.536,142.865,702.122,237.718,104.949,98.338
2018-06-21 10:00:00,796.457,999.366,154.006,157.783,780.535,253.163,112.472,107.729
2018-06-21 11:00:00,838.943,1058.66,163.523,169.753,834.135,269.225,118.353,113.192
2018-06-21 12:00:00,845.02,1086.408,173.831,176.668,872.714,277.631,118.81,116.619
2018-06-21 13:00:00,876.188,1109.991,183.826,185.444,909.691,286.025,121.062,114.518
2018-06-21 14:00:00,939.399,1136.013,193.902,195.66,938.444,304.052,127.629,120.085
2018-06-21 15:00:00,980.594,1128.971,201.113,206.605,984.098,314.047,132.357,126.548
2018-06-21 16:00:00,984.576,1112.322,208.438,202.295,998.645,318.016,135.365,129.595
2018-06-21 17:00:00,950.858,1128.229,198.292,192.692,937.795,307.37,135.951,122.434
2018-06-21 18:00:00,884.342,1040.75,191.857,176.217,860.692,284.984,127.766,110.205
2018-06-21 19:00:00,820.533,938.713,177.104,160.075,783.999,260.395,113.32,100.959
2018-06-21 20:00:00,744.373,834.522,157.828,140.485,706.555,245.986,104.915,93.643
2018-06-21 21:00:00,609.564,682.666,135.062,112.027,578.088,197.758,90.097,79.132
2018-06-21 22:00:00,484.98,544.644,104.435,88.567,444.282,153.051,68.604,61.329
2018-06-21 23:00:00,406.555,430.842,83.868,70.097,357.915,118.296,53.697,51.305
2018-06-22 00:00:00,349.874,381.598,73.341,61.314,313.525,101.79,46.323,42.347
2018-06-22 01:00:00,326.038,357.619,65.475,57.039,287.599,92.075,41.421,38.315
2018-06-22 02:00:00,317.936,352.434,60.073,53.154,273.51,87.612,39.116,37.111
2018-06-22 03:00:00,315.828,363.154,59.405,52.797,275.663,87.965,38.642,37.031
2018-06-22 04:00:00,328.578,386.802,62.104,56.394,288.356,92.662,42.187,39.424
2018-06-22 05:00:00,403.694,465.798,79.85,70.733,353.245,116.931,53.194,49.296
2018-06-22 06:00:00,483.136,557.648,98.778,83.215,442.869,149.842,64.887,63.556
2018-06-22 07:00:00,534.882,632.709,106.12,94.637,503.62,173.177,73.742,72.133
2018-06-22 08:00:00,602.159,698.118,116.509,107.738,558.114,194.381,81.701,77.982
2018-06-22 09:00:00,656.38,794.546,125.057,125.818,631.693,217.723,91.104,88.867
2018-06-22 10:00:00,719.193,891.495,143.25,136.995,698.806,232.719,99.502,94.038
2018-06-22 11:00:00,780.146,950.849,153.69,153.922,761.454,244.083,109.862,100.752
2018-06-22 12:00:00,798.621,970.701,154.217,156.14,789.162,247.465,112.814,102.788
2018-06-22 13:00:00,766.371,978.807,153.461,151.414,774.055,250.755,107.921,100.937
2018-06-22 14:00:00,752.932,1005.479,158.611,151.012,763.736,255.417,114.537,103.199
2018-06-22 15:00:00,748.005,1044.058,158.962,149.262,756.991,259.796,113.497,103.075
2018-06-22 16:00:00,731.557,1036.938,164.333,149.135,738.95,256.3,108.229,98.819
2018-06-22 17:00:00,714.579,966.107,149.309,148.069,696.812,241.712,108.588,95.96
2018-06-22 18:00:00,649.64,851.513,138.451,128.238,645.684,220.983,104.915,96.711
2018-06-22 19:00:00,633.664,768.094,140.315,123.392,620.213,211.262,98.782,83.447
2018-06-22 20:00:00,583.67,695.337,129.73,117.195,569.016,190.748,87.615,77.924
2018-06-22 21:00:00,505.062,573.345,110.129,98.173,478.744,159.074,73.042,68.102
2018-06-22 22:00:00,398.652,465.472,84.275,74.71,375.03,127.41,55.448,55.261
2018-06-22 23:00:00,342.613,412.251,76.749,64.439,319.498,100.768,45.092,43.677
2018-06-23 00:00:00,314.914,383.624,65.596,57.104,289.818,91.888,39.256,40.113
2018-06-23 01:00:00,294.11,363.075,61.589,52.794,281.223,89.092,36.838,39.045
2018-06-23 02:00:00,288.516,364.157,58.608,49.975,274.313,85.146,35.147,38.604
2018-06-23 03:00:00,288.045,360.021,57.432,49.673,274.03,86.94,34.446,38.134
2018-06-23 04:00:00,283.258,350.459,57.77,51.223,269.444,88.398,34.119,40.279
2018-06-23 05:00:00,316.516,378.718,60.418,54.556,288.295,93.857,38.913,41.823
2018-06-23 06:00:00,374.066,439.117,69.288,64.825,347.421,114.704,50.379,46.827
2018-06-23 07:00:00,429.624,496.7,85.857,78.239,394.284,134.521,65.231,58.622
2018-06-23 08:00:00,467.084,537.953,91.857,89.412,448.263,149.297,69.24,58.16
2018-06-23 09:00:00,494.348,553.422,98.997,85.833,450.329,154.522,66.962,59.003
2018-06-23 10:00:00,502.217,566.731,103.088,91.116,449.429,157.334,71.897,58.29
2018-06-23 11:00:00,499.36,573.147,101.345,90.036,465.449,154.396,69.004,61.454
2018-06-23 12:00:00,487.434,568.219,95.76,90.809,441.369,150.473,68.628,68.986
2018-06-23 13:00:00,482.876,558.529,92.238,91.09,428.353,149.823,66.225,62.826
2018-06-23 14:00:00,491.916,563.972,91.794,88.905,443.117,149.17,62.032,60.145
2018-06-23 15:00:00,490.892,586.835,95.198,91.388,464.707,151.332,66.09,60.745
2018-06-23 16:00:00,525.778,607.824,101.859,98.76,479.69,163.27,74.87,62.847
2018-06-23 17:00:00,513.083,593.566,105.577,94.542,490.855,163.487,77.382,62.332
2018-06-23 18:00:00,514.553,593.545,109.941,94.376,485.129,162.581,72.462,65.001
2018-06-23 19:00:00,527.626,597.627,109.468,99.0,487.078,169.533,72.815,67.199
2018-06-23 20:00:00,538.787,587.928,114.418,97.947,490.733,167.324,70.747,70.002
2018-06-23 21:00:00,468.921,501.657,100.243,86.135,426.52,142.682,66.17,62.948
2018-06-23 22:00:00,374.072,417.544,76.213,68.615,352.722,117.463,49.594,50.346
2018-06-23 23:00:00,320.702,372.812,66.063,56.839,302.673,98.852,42.633,42.377
2018-06-24 00:00:00,291.176,345.615,59.613,52.228,273.538,89.8,36.87,37.297
2018-06-24 01:00:00,281.294,337.225,56.737,49.533,264.975,85.602,34.673,36.234
2018-06-24 02:00:00,275.483,331.056,56.325,49.217,258.373,83.877,33.595,34.817
2018-06-24 03:00:00,278.597,333.649,56.689,49.706,257.884,86.067,34.58,36.197
2018-06-24 04:00:00,278.972,333.453,58.165,51.898,261.586,89.193,36.752,35.775
2018-06-24 05:00:00,301.786,346.319,64.758,61.094,281.808,100.813,42.196,40.134
2018-06-24 06:00:00,341.774,393.294,74.786,66.496,321.98,120.743,46.951,46.594
2018-06-24 07:00:00,396.898,459.644,91.204,70.569,370.53,139.621,59.07,54.551
2018-06-24 08:00:00,447.305,501.287,97.791,83.032,431.947,147.87,65.647,59.883
2018-06-24 09:00:00,497.954,523.45,102.307,86.291,459.224,162.553,68.3,64.346
2018-06-24 10:00:00,557.515,571.311,106.228,100.694,487.432,165.382,69.039,64.6
2018-06-24 11:00:00,626.706,672.094,118.134,116.706,548.217,171.095,72.246,73.858
2018-06-24 12:00:00,697.948,721.157,135.924,124.244,588.266,176.581,75.768,73.328
2018-06-24 13:00:00,739.871,722.446,138.423,133.944,640.781,183.725,81.596,72.081
2018-06-24 14:00:00,749.335,725.405,148.424,144.845,687.07,205.437,86.048,83.537
2018-06-24 15:00:00,783.897,762.444,151.572,156.957,699.986,224.022,96.542,86.474
2018-06-24 16:00:00,777.116,736.921,154.312,151.208,680.754,227.929,98.976,84.677
2018-06-24 17:00:00,711.838,668.262,143.11,138.951,649.928,225.143,94.434,83.743
2018-06-24 18:00:00,651.586,621.533,128.882,126.313,599.81,202.477,89.802,81.585
2018-06-24 19:00:00,631.684,619.953,122.96,113.002,570.087,203.927,88.333,81.678
2018-06-24 20:00:00,623.582,614.012,117.386,112.35,545.735,190.638,80.998,76.592
2018-06-24 21:00:00,519.639,559.264,107.817,98.177,477.708,164.461,72.427,65.646
2018-06-24 22:00:00,428.33,468.448,85.068,78.107,390.147,127.818,61.371,57.427
2018-06-24 23:00:00,363.554,416.867,69.34,63.843,329.57,109.358,48.817,48.275
2018-06-25 00:00:00,333.452,386.838,66.188,57.482,293.998,95.964,42.774,41.825
2018-06-25 01:00:00,319.494,362.703,62.695,55.341,279.65,89.43,37.959,38.476
2018-06-25 02:00:00,303.243,359.589,58.453,51.643,272.573,87.149,37.329,37.891
2018-06-25 03:00:00,308.567,375.08,57.437,54.446,280.887,88.046,38.009,40.381
2018-06-25 04:00:00,332.97,401.04,63.394,57.578,296.681,96.713,42.85,40.232
2018-06-25 05:00:00,416.18,492.866,81.67,72.205,367.709,119.822,53.848,49.706
2018-06-25 06:00:00,520.467,618.396,90.952,89.581,479.233,157.145,69.513,66.615
2018-06-25 07:00:00,604.073,724.732,104.932,109.48,556.087,190.569,77.165,77.251
2018-06-25 08:00:00,654.161,775.301,114.816,119.955,609.357,207.19,90.236,88.174
2018-06-25 09:00:00,668.418,833.206,126.031,129.857,654.242,215.928,86.237,95.053
2018-06-25 10:00:00,694.48,907.829,126.296,140.998,715.826,222.266,94.696,98.764
2018-06-25 11:00:00,732.259,930.569,131.779,151.004,763.731,236.059,98.206,99.989
2018-06-25 12:00:00,741.091,938.749,136.421,151.481,753.157,246.879,99.297,99.49
2018-06-25 13:00:00,778.876,931.949,136.394,147.909,759.822,234.745,102.354,95.879
2018-06-25 14:00:00,785.842,962.332,141.29,157.065,750.192,252.393,107.112,99.795
2018-06-25 15:00:00,805.847,1003.155,157.518,172.073,811.946,260.253,114.88,105.027
2018-06-25 16:00:00,835.351,1003.489,171.887,177.578,859.56,276.451,118.211,106.853
2018-06-25 17:00:00,826.952,967.085,170.617,169.702,838.115,271.898,120.037,108.976
2018-06-25 18:00:00,785.381,887.762,158.472,156.704,790.148,248.468,119.532,99.679
2018-06-25 19:00:00,710.147,792.42,146.368,143.162,693.495,221.821,101.889,93.311
2018-06-25 20:00:00,600.628,704.85,130.358,121.616,591.599,193.216,86.518,78.482
2018-06-25 21:00:00,500.756,569.763,108.977,95.576,484.106,163.78,71.166,65.5
2018-06-25 22:00:00,393.324,454.811,81.147,72.501,373.662,128.051,55.628,53.636
2018-06-25 23:00:00,333.489,388.792,68.08,60.678,317.435,98.377,45.88,48.149
2018-06-26 00:00:00,302.796,361.005,61.616,53.365,282.85,90.202,39.554,40.525
2018-06-26 01:00:00,287.618,343.593,57.099,48.998,266.931,84.994,35.501,40.646
2018-06-26 02:00:00,283.709,341.735,54.899,48.57,265.955,86.184,35.62,37.251
2018-06-26 03:00:00,296.841,363.835,57.849,52.153,277.256,91.36,39.266,37.77
2018-06-26 04:00:00,324.347,392.424,61.098,55.815,295.322,100.246,41.387,40.326
2018-06-26 05:00:00,390.533,465.744,78.244,70.247,350.902,118.731,53.881,47.834
2018-06-26 06:00:00,475.242,548.757,96.895,87.275,422.995,143.897,63.711,59.586
2018-06-26 07:00:00,542.973,620.748,107.502,95.312,488.54,156.974,68.953,65.059
2018-06-26 08:00:00,594.391,699.229,115.399,105.811,554.98,178.373,79.893,73.39
2018-06-26 09:00:00,654.085,774.079,125.468,119.754,628.567,191.605,89.889,82.329
2018-06-26 10:00:00,692.028,834.204,136.047,136.562,662.138,203.539,91.708,86.535
2018-06-26 11:00:00,729.235,876.377,143.115,140.155,682.83,206.96,92.955,88.231
2018-06-26 12:00:00,737.938,905.644,143.895,143.173,704.791,227.577,93.388,88.514
2018-06-26 13:00:00,751.482,920.059,147.312,147.156,720.703,226.491,95.557,92.601
2018-06-26 14:00:00,782.506,941.003,155.328,154.115,746.791,238.062,102.882,96.672
2018-06-26 15:00:00,812.139,1001.377,168.639,160.18,783.226,264.151,113.336,102.684
2018-06-26 16:00:00,828.613,1021.837,177.544,164.335,792.148,267.573,119.535,104.144
2018-06-26 17:00:00,792.871,986.504,168.879,156.451,772.558,267.988,116.941,101.137
2018-06-26 18:00:00,749.569,913.943,164.244,146.788,719.655,246.899,109.491,94.786
2018-06-26 19:00:00,695.083,845.803,148.763,136.493,673.909,225.492,100.747,88.971
2018-06-26 20:00:00,633.769,757.177,133.704,118.549,613.567,203.985,94.941,82.14
2018-06-26 21:00:00,525.631,617.323,115.052,99.479,501.764,165.974,79.417,68.16
2018-06-26 22:00:00,422.016,501.211,89.071,79.942,392.241,124.306,58.69,53.755
2018-06-26 23:00:00,358.177,424.394,73.377,62.401,329.826,103.064,47.461,41.853
2018-06-27 00:00:00,323.018,386.345,64.58,54.383,286.943,92.179,40.39,37.045
2018-06-27 01:00:00,305.675,364.683,58.583,50.982,268.645,85.239,35.317,36.408
2018-06-27 02:00:00,296.725,361.961,57.493,49.129,264.291,83.619,34.73,37.657
2018-06-27 03:00:00,299.211,368.032,59.217,50.209,271.601,86.762,35.309,37.294
2018-06-27 04:00:00,322.721,397.102,61.455,55.698,290.533,94.425,39.272,38.204
2018-06-27 05:00:00,396.196,473.406,75.695,68.953,351.541,112.579,51.294,48.074
2018-06-27 06:00:00,473.78,557.175,97.436,81.806,428.037,139.182,56.936,60.154
2018-06-27 07:00:00,539.125,643.387,110.464,90.281,484.571,155.028,67.506,65.51
2018-06-27 08:00:00,597.027,721.553,118.433,104.741,558.471,174.739,71.824,70.881
2018-06-27 09:00:00,656.724,832.869,127.176,121.486,643.17,196.632,77.828,81.269
2018-06-27 10:00:00,670.94,907.474,139.566,132.686,682.941,208.188,89.996,90.77
2018-06-27 11:00:00,672.15,935.65,143.406,139.206,726.173,217.894,96.112,92.744
2018-06-27 12:00:00,643.58,915.505,139.497,138.18,714.232,222.444,95.396,98.836
2018-06-27 13:00:00,615.994,897.505,130.947,128.691,667.717,219.882,99.552,92.598
2018-06-27 14:00:00,606.476,856.31,121.31,129.187,647.978,223.251,97.273,89.138
2018-06-27 15:00:00,607.735,811.415,126.323,124.92,624.527,214.72,94.235,89.816
2018-06-27 16:00:00,607.954,800.687,129.544,127.257,618.815,218.467,94.926,85.096
2018-06-27 17:00:00,578.673,753.545,125.828,125.864,611.052,206.549,91.846,83.689
2018-06-27 18:00:00,567.191,696.542,131.154,112.575,568.605,202.765,89.265,79.409
2018-06-27 19:00:00,560.684,670.259,124.567,112.042,572.625,191.791,86.576,76.285
2018-06-27 20:00:00,546.543,649.033,122.027,114.146,556.085,179.498,78.984,71.687
2018-06-27 21:00:00,476.539,550.368,97.351,100.853,473.528,157.754,71.789,62.667
2018-06-27 22:00:00,401.571,455.06,78.488,78.384,375.104,128.742,56.71,55.159
2018-06-27 23:00:00,347.722,398.883,68.635,64.98,319.375,108.898,50.339,43.956
2018-06-28 00:00:00,323.845,371.913,61.323,60.094,293.08,99.693,41.648,41.706
2018-06-28 01:00:00,308.66,360.225,58.878,55.245,280.906,89.828,39.574,37.676
2018-06-28 02:00:00,307.488,366.15,57.823,54.658,277.897,87.713,37.399,37.462
2018-06-28 03:00:00,320.707,386.582,60.864,56.841,288.172,90.98,37.576,39.105
2018-06-28 04:00:00,347.948,417.952,65.122,62.925,313.15,95.82,43.728,43.032
2018-06-28 05:00:00,427.088,495.135,79.21,72.591,378.971,116.999,54.52,52.309
2018-06-28 06:00:00,508.217,586.981,96.404,87.466,461.372,138.127,62.53,64.634
2018-06-28 07:00:00,563.407,658.624,105.909,97.521,526.059,156.78,67.228,70.348
2018-06-28 08:00:00,618.912,722.571,111.838,104.506,574.038,177.853,70.933,75.15
2018-06-28 09:00:00,677.33,765.469,125.8,112.155,622.148,182.517,78.402,78.059
2018-06-28 10:00:00,731.459,820.237,136.594,124.003,648.74,195.556,81.848,85.303
2018-06-28 11:00:00,764.273,872.584,141.005,130.377,669.9,199.568,85.699,84.843
2018-06-28 12:00:00,793.271,934.579,148.055,135.041,711.72,192.056,84.277,83.551
2018-06-28 13:00:00,808.436,1010.362,158.537,147.493,769.718,202.077,85.197,80.053
2018-06-28 14:00:00,786.224,1006.522,156.146,159.06,790.895,220.48,92.731,85.344
2018-06-28 15:00:00,783.556,1004.931,152.37,151.578,765.409,234.702,99.03,94.64
2018-06-28 16:00:00,823.992,981.478,152.268,140.422,719.409,248.656,99.974,91.895
2018-06-28 17:00:00,821.08,934.767,159.548,143.107,682.982,245.738,102.455,89.545
2018-06-28 18:00:00,793.175,915.074,150.757,138.467,671.038,233.453,100.759,88.481
2018-06-28 19:00:00,767.907,881.071,143.749,136.298,653.556,223.376,97.301,86.969
2018-06-28 20:00:00,699.003,816.536,135.699,127.597,624.327,213.39,95.804,83.722
2018-06-28 21:00:00,596.313,697.906,119.14,113.311,525.111,178.475,83.934,73.869
2018-06-28 22:00:00,487.534,570.043,95.571,87.632,426.109,145.062,68.0,62.602
2018-06-28 23:00:00,408.414,489.909,81.318,71.163,357.64,122.121,52.236,50.924
2018-06-29 00:00:00,358.869,438.834,70.336,63.244,317.428,105.329,48.101,43.846
2018-06-29 01:00:00,332.893,410.137,64.027,58.341,291.062,93.604,42.926,40.008
2018-06-29 02:00:00,317.807,403.948,62.276,55.373,281.951,91.11,39.362,39.123
2018-06-29 03:00:00,316.057,406.464,61.556,55.193,282.633,90.737,38.332,38.964
2018-06-29 04:00:00,337.341,421.705,64.947,61.088,301.006,96.173,42.742,43.107
2018-06-29 05:00:00,419.893,540.006,83.07,77.242,382.182,125.859,56.861,55.491
2018-06-29 06:00:00,525.917,712.158,103.898,97.33,499.417,164.608,75.704,66.184
2018-06-29 07:00:00,646.663,852.477,124.285,123.546,630.316,204.651,93.897,83.276
2018-06-29 08:00:00,779.579,986.243,152.022,150.657,754.613,247.477,105.582,98.939
2018-06-29 09:00:00,880.939,1129.294,171.18,176.917,884.664,280.03,121.018,111.636
2018-06-29 10:00:00,934.741,1218.641,193.417,197.332,949.698,300.496,129.237,122.315
2018-06-29 11:00:00,957.629,1263.518,199.796,201.913,993.514,314.783,132.746,126.727
2018-06-29 12:00:00,982.067,1265.746,201.688,201.904,991.473,321.538,137.426,135.446
2018-06-29 13:00:00,995.899,1283.893,203.153,215.766,1030.16,331.598,138.865,134.835
2018-06-29 14:00:00,1017.586,1299.086,208.788,222.556,1056.041,340.495,146.316,132.089
2018-06-29 15:00:00,1048.811,1324.755,219.224,230.779,1079.806,350.345,154.303,136.446
2018-06-29 16:00:00,1057.51,1318.319,226.305,227.076,1095.976,366.726,158.396,140.953
2018-06-29 17:00:00,1021.127,1268.983,223.527,226.193,1075.317,364.838,153.353,141.453
2018-06-29 18:00:00,974.068,1168.589,218.54,210.598,996.596,339.939,149.399,134.452
2018-06-29 19:00:00,880.813,1075.359,210.146,191.365,919.515,302.206,133.155,119.802
2018-06-29 20:00:00,808.226,959.657,183.467,163.39,791.573,255.749,116.345,104.499
2018-06-29 21:00:00,674.868,786.662,149.335,134.701,657.792,213.132,99.085,87.01
2018-06-29 22:00:00,542.262,655.658,122.955,107.764,507.19,175.057,77.993,72.0
2018-06-29 23:00:00,455.712,558.435,99.691,87.767,421.999,138.639,61.818,57.829
2018-06-30 00:00:00,391.026,496.779,83.99,72.236,372.7,119.219,50.636,50.72
2018-06-30 01:00:00,354.425,447.008,75.097,63.774,341.135,103.913,45.89,46.369
2018-06-30 02:00:00,336.211,440.156,70.333,60.623,316.34,97.549,42.491,45.178
2018-06-30 03:00:00,324.484,419.523,69.041,58.094,302.557,95.57,40.289,42.716
2018-06-30 04:00:00,318.879,401.209,68.542,56.477,298.034,94.337,39.522,41.205
2018-06-30 05:00:00,356.004,439.898,74.02,60.832,323.301,104.471,44.146,46.84
2018-06-30 06:00:00,438.553,546.83,92.775,79.316,405.018,131.228,57.199,55.77
2018-06-30 07:00:00,588.768,674.242,122.393,109.953,552.875,175.682,75.741,71.58
2018-06-30 08:00:00,721.557,826.927,153.429,146.12,706.07,223.97,97.191,90.82
2018-06-30 09:00:00,825.434,971.189,175.009,175.26,831.79,271.329,115.436,104.942
2018-06-30 10:00:00,906.02,1076.307,189.032,194.104,911.775,303.913,126.079,116.492
2018-06-30 11:00:00,959.314,1180.756,197.897,210.17,992.892,324.164,137.124,123.906
2018-06-30 12:00:00,994.521,1210.939,209.808,218.272,1031.702,331.021,143.834,134.836
2018-06-30 13:00:00,1026.604,1206.195,214.815,220.499,1051.302,348.662,148.936,138.499
2018-06-30 14:00:00,1053.7,1280.509,226.104,226.42,1068.413,357.958,151.751,142.584
2018-06-30 15:00:00,1083.458,1349.175,235.491,233.043,1091.916,367.98,153.629,143.484
2018-06-30 16:00:00,1105.339,1351.384,236.345,233.745,1115.903,360.962,160.697,143.978
2018-06-30 17:00:00,1079.792,1305.29,232.677,230.264,1091.634,357.387,158.295,139.507
2018-06-30 18:00:00,1032.61,1245.564,224.44,215.649,1035.23,345.593,147.636,133.527
2018-06-30 19:00:00,947.973,1179.332,213.284,192.484,951.919,324.234,136.511,126.251
2018-06-30 20:00:00,853.178,1073.859,198.639,169.577,854.986,290.39,124.115,117.918
2018-06-30 21:00:00,721.052,896.001,172.884,140.586,689.949,233.131,99.749,97.369
2018-06-30 22:00:00,597.988,732.576,136.538,113.362,557.709,191.774,78.491,76.982
2018-06-30 23:00:00,496.502,634.268,114.24,91.124,468.099,158.674,66.377,62.648
2018-07-01 00:00:00,429.333,545.818,92.251,77.273,388.98,129.54,55.811,53.57
2018-07-01 01:00:00,388.962,500.495,85.658,69.614,350.985,115.828,50.615,49.156
2018-07-01 02:00:00,365.273,465.716,82.638,65.099,326.624,107.728,46.922,45.985
2018-07-01 03:00:00,353.205,438.345,79.825,61.713,311.661,106.542,44.229,44.179
2018-07-01 04:00:00,341.474,420.935,77.696,60.056,303.735,104.551,45.378,43.857
2018-07-01 05:00:00,351.595,447.904,80.505,63.265,322.181,109.08,48.666,46.11
2018-07-01 06:00:00,418.33,548.368,97.806,79.259,382.451,132.818,58.646,52.825
2018-07-01 07:00:00,544.104,713.505,122.468,103.352,494.994,168.089,73.58,64.79
2018-07-01 08:00:00,677.063,853.355,153.931,130.756,623.426,211.015,92.362,84.949
2018-07-01 09:00:00,787.424,1015.704,176.803,163.827,728.83,247.142,111.637,99.295
2018-07-01 10:00:00,874.695,1163.253,190.254,190.684,853.385,297.384,133.571,116.046
2018-07-01 11:00:00,965.024,1251.739,208.17,217.471,978.547,334.594,149.07,127.916
2018-07-01 12:00:00,1029.794,1287.628,228.16,227.277,1074.845,358.076,154.924,138.844
2018-07-01 13:00:00,1061.537,1310.408,237.056,238.331,1127.069,373.673,156.774,146.556
2018-07-01 14:00:00,1084.599,1348.86,235.725,261.805,1161.443,399.696,166.768,147.912
2018-07-01 15:00:00,1113.933,1397.959,249.87,271.164,1183.558,413.079,172.119,156.208
2018-07-01 16:00:00,1125.612,1404.116,249.15,269.623,1190.008,407.322,176.642,156.135
2018-07-01 17:00:00,1086.762,1354.936,243.66,258.32,1148.879,402.571,170.161,149.835
2018-07-01 18:00:00,1023.534,1284.739,229.198,236.704,1080.26,372.95,161.349,144.541
2018-07-01 19:00:00,957.494,1217.39,227.165,221.56,1012.832,346.641,151.415,135.27
2018-07-01 20:00:00,897.224,1151.865,210.147,206.2,929.848,330.932,139.416,131.863
2018-07-01 21:00:00,798.853,1019.04,188.379,171.013,802.927,284.898,120.393,112.727
2018-07-01 22:00:00,674.44,881.456,156.431,139.952,672.319,238.328,105.329,94.048
2018-07-01 23:00:00,570.258,781.467,134.946,119.485,564.909,203.27,90.168,80.881
2018-07-02 00:00:00,504.669,712.967,117.107,102.275,492.348,172.445,76.69,71.951
2018-07-02 01:00:00,462.661,653.113,103.078,91.007,442.54,154.329,68.23,65.11
2018-07-02 02:00:00,440.767,617.697,95.095,82.244,409.265,147.1,62.589,61.022
2018-07-02 03:00:00,420.145,604.987,90.053,78.87,405.612,137.102,59.829,58.436
2018-07-02 04:00:00,435.089,620.136,90.309,79.679,411.935,136.418,61.91,60.917
2018-07-02 05:00:00,534.963,713.088,112.44,92.705,489.844,163.95,78.63,70.088
2018-07-02 06:00:00,675.497,893.142,138.61,120.497,626.996,212.96,94.175,87.371
2018-07-02 07:00:00,849.508,1047.258,166.815,151.743,783.354,256.191,121.846,103.378
2018-07-02 08:00:00,992.438,1171.758,191.997,181.783,924.275,293.164,130.332,124.336
2018-07-02 09:00:00,1109.373,1300.371,217.286,214.659,1064.32,328.038,137.149,135.497
2018-07-02 10:00:00,1174.649,1407.021,230.513,233.013,1148.212,355.269,147.409,141.075
2018-07-02 11:00:00,1190.316,1470.018,239.707,239.713,1172.915,367.047,157.973,147.821
2018-07-02 12:00:00,1180.554,1480.401,239.394,248.455,1188.087,381.326,160.647,149.262
2018-07-02 13:00:00,1163.553,1513.124,245.092,244.706,1180.848,391.272,158.037,147.106
2018-07-02 14:00:00,1171.867,1493.36,247.443,247.501,1167.63,397.139,162.187,148.662
2018-07-02 15:00:00,1178.626,1491.186,248.154,257.699,1183.282,396.391,164.672,154.588
2018-07-02 16:00:00,1150.851,1464.566,246.439,251.776,1162.271,393.794,164.521,153.797
2018-07-02 17:00:00,1097.857,1378.869,238.511,234.795,1112.77,370.233,158.464,141.837
2018-07-02 18:00:00,1012.344,1276.415,224.875,218.513,1026.654,347.563,153.932,133.339
2018-07-02 19:00:00,945.471,1182.427,218.319,197.305,955.536,330.222,144.247,126.52
2018-07-02 20:00:00,864.44,1078.967,192.856,176.642,863.051,285.34,125.607,114.626
2018-07-02 21:00:00,753.719,936.86,163.334,148.005,736.246,249.397,111.079,100.453
2018-07-02 22:00:00,624.912,785.686,132.201,123.27,590.78,206.557,87.25,83.746
2018-07-02 23:00:00,551.774,677.67,116.957,101.422,498.474,169.555,73.495,70.901
2018-07-03 00:00:00,482.03,600.456,100.337,88.976,440.614,141.924,65.523,60.868
2018-07-03 01:00:00,444.989,559.587,91.663,83.885,411.023,129.488,58.369,55.226
2018-07-03 02:00:00,433.931,545.733,86.653,79.631,396.007,128.453,53.586,52.729
2018-07-03 03:00:00,423.317,544.429,84.352,78.759,396.866,119.001,51.91,52.078
2018-07-03 04:00:00,449.917,564.705,86.232,80.908,414.781,125.903,54.248,55.302
2018-07-03 05:00:00,547.525,676.489,104.33,97.692,506.519,150.989,67.966,65.396
2018-07-03 06:00:00,668.465,837.028,127.321,122.878,623.171,185.076,77.755,70.923
2018-07-03 07:00:00,750.93,944.065,142.008,136.501,708.89,214.471,89.519,81.832
2018-07-03 08:00:00,866.929,1078.435,158.423,150.244,770.438,239.118,96.523,98.633
2018-07-03 09:00:00,996.539,1215.152,180.769,176.751,876.076,275.716,115.055,111.215
2018-07-03 10:00:00,1102.803,1324.373,203.643,199.636,992.556,307.612,136.056,123.731
2018-07-03 11:00:00,1142.209,1431.673,225.192,218.613,1079.407,334.938,148.725,131.606
2018-07-03 12:00:00,1158.338,1465.332,237.585,226.859,1114.791,359.961,155.454,138.735
2018-07-03 13:00:00,1179.461,1469.033,242.025,235.098,1138.419,374.67,158.634,144.592
2018-07-03 14:00:00,1166.957,1463.732,246.915,247.503,1186.091,397.278,167.993,150.645
2018-07-03 15:00:00,1086.139,1420.9,247.019,251.101,1191.483,399.137,171.05,151.743
2018-07-03 16:00:00,1025.974,1370.261,237.652,241.772,1136.668,381.938,163.272,146.551
2018-07-03 17:00:00,954.352,1274.224,225.507,218.998,1039.928,352.367,150.258,137.819
2018-07-03 18:00:00,878.256,1172.527,214.272,197.919,974.271,322.292,138.19,122.112
2018-07-03 19:00:00,853.144,1118.343,201.777,189.848,935.324,307.883,130.222,112.537
2018-07-03 20:00:00,812.83,1036.1,185.657,180.435,876.01,274.892,116.29,109.83
2018-07-03 21:00:00,702.523,901.583,158.669,155.283,750.271,238.699,105.633,94.237
2018-07-03 22:00:00,573.421,777.616,135.051,128.111,614.861,198.732,89.396,80.962
2018-07-03 23:00:00,494.334,678.218,118.286,107.472,532.602,167.963,73.778,68.212
2018-07-04 00:00:00,449.279,613.596,102.809,96.728,471.092,145.473,64.134,62.076
2018-07-04 01:00:00,418.621,569.077,93.105,88.97,435.014,130.775,58.322,56.783
2018-07-04 02:00:00,399.533,546.12,87.711,83.47,411.437,124.592,54.28,54.404
2018-07-04 03:00:00,402.465,552.476,85.702,79.346,405.604,124.17,54.349,54.142
2018-07-04 04:00:00,424.882,584.641,87.36,82.096,413.468,129.012,56.394,56.936
2018-07-04 05:00:00,506.711,698.53,101.034,96.095,488.693,166.504,71.306,68.738
2018-07-04 06:00:00,642.355,861.42,120.348,122.347,618.87,211.958,96.345,85.378
2018-07-04 07:00:00,757.68,997.653,152.663,155.39,748.915,256.303,108.448,103.01
2018-07-04 08:00:00,862.178,1143.122,181.617,186.502,917.819,305.835,128.232,123.472
2018-07-04 09:00:00,976.699,1268.411,199.71,211.249,1043.464,346.233,143.067,138.4
2018-07-04 10:00:00,1047.097,1364.275,214.886,222.06,1096.939,364.979,150.371,146.62
2018-07-04 11:00:00,1105.782,1424.627,230.62,234.579,1151.535,370.967,156.984,142.788
2018-07-04 12:00:00,1110.31,1434.642,235.849,246.189,1176.791,386.178,162.263,147.44
2018-07-04 13:00:00,1064.294,1426.779,234.188,247.926,1174.439,396.43,171.136,149.458
2018-07-04 14:00:00,978.173,1434.756,233.338,242.172,1172.149,404.028,169.705,150.114
2018-07-04 15:00:00,936.405,1461.768,233.764,245.821,1157.428,397.27,169.147,152.559
2018-07-04 16:00:00,953.446,1445.373,243.842,248.935,1147.808,403.181,171.647,153.661
2018-07-04 17:00:00,940.103,1379.206,238.437,230.445,1103.312,388.444,169.18,147.34
2018-07-04 18:00:00,910.783,1287.854,215.031,216.755,1036.616,365.062,159.263,138.618
2018-07-04 19:00:00,869.342,1204.623,205.033,198.075,951.081,346.112,147.27,134.484
2018-07-04 20:00:00,790.165,1117.281,190.254,181.016,864.221,310.207,137.429,122.16
2018-07-04 21:00:00,661.201,974.583,163.657,159.172,737.245,269.511,116.529,104.452
2018-07-04 22:00:00,559.451,833.906,134.745,128.527,609.522,218.935,96.497,87.753
2018-07-04 23:00:00,479.3,714.836,115.33,106.45,518.874,184.116,80.99,77.664
2018-07-05 00:00:00,432.457,641.09,101.684,92.981,452.062,155.551,68.598,67.833
2018-07-05 01:00:00,397.095,583.582,90.667,83.512,411.77,136.848,60.932,57.982
2018-07-05 02:00:00,381.002,565.768,84.888,77.88,387.934,130.616,56.634,54.692
2018-07-05 03:00:00,372.793,560.377,82.5,76.511,382.91,123.741,55.218,53.404
2018-07-05 04:00:00,406.518,579.557,83.952,79.016,392.161,126.827,57.316,55.119
2018-07-05 05:00:00,497.098,680.77,103.887,94.719,468.638,157.925,72.708,66.723
2018-07-05 06:00:00,641.545,849.725,129.59,124.643,601.629,205.405,91.086,82.929
2018-07-05 07:00:00,770.583,1012.65,149.231,146.392,722.052,240.939,108.655,98.677
2018-07-05 08:00:00,868.711,1147.91,171.556,170.921,848.89,281.453,122.779,118.517
2018-07-05 09:00:00,950.702,1264.06,189.006,192.81,945.592,312.966,136.473,133.135
2018-07-05 10:00:00,1003.28,1346.468,208.101,212.452,1015.304,338.699,139.999,134.414
2018-07-05 11:00:00,1029.314,1384.228,215.988,218.051,1061.237,344.22,144.936,138.835
2018-07-05 12:00:00,1050.008,1400.388,221.061,223.558,1099.663,351.93,146.813,141.113
2018-07-05 13:00:00,1053.167,1413.615,224.529,233.314,1119.822,365.344,160.202,140.375
2018-07-05 14:00:00,1088.836,1410.038,227.435,232.174,1123.112,369.018,157.75,140.718
2018-07-05 15:00:00,1118.39,1430.302,234.041,238.073,1135.49,376.495,159.666,143.543
2018-07-05 16:00:00,1103.832,1426.82,235.38,243.345,1139.77,385.614,162.715,144.952
2018-07-05 17:00:00,1054.676,1356.218,231.358,230.107,1083.347,371.835,157.413,141.094
2018-07-05 18:00:00,988.399,1271.962,224.448,211.546,1013.809,349.309,154.222,131.826
2018-07-05 19:00:00,934.721,1180.65,210.008,198.453,944.552,325.53,141.183,123.034
2018-07-05 20:00:00,870.981,1084.057,189.544,187.723,864.94,301.989,127.839,112.238
2018-07-05 21:00:00,760.502,948.557,161.133,156.587,763.251,256.95,112.71,103.513
2018-07-05 22:00:00,646.544,802.896,133.98,131.094,644.48,211.985,92.833,90.603
2018-07-05 23:00:00,566.886,698.491,116.665,116.388,554.873,186.232,82.708,75.71
2018-07-06 00:00:00,517.122,639.204,105.546,110.743,496.728,167.917,75.987,67.41
2018-07-06 01:00:00,484.441,604.234,98.267,100.079,461.698,151.005,66.928,64.116
2018-07-06 02:00:00,473.643,602.01,92.141,91.396,441.951,147.066,63.353,62.128
2018-07-06 03:00:00,482.114,610.768,89.022,91.607,445.174,149.782,62.736,62.692
2018-07-06 04:00:00,531.937,643.11,90.595,94.971,476.087,158.385,69.697,66.552
2018-07-06 05:00:00,620.149,725.396,107.992,106.773,543.46,183.581,84.621,79.121
2018-07-06 06:00:00,745.186,854.949,134.486,131.274,657.906,218.254,97.635,90.719
2018-07-06 07:00:00,806.944,966.137,153.116,150.936,758.675,252.073,108.009,100.624
2018-07-06 08:00:00,837.29,1051.536,158.396,164.08,821.238,274.209,115.512,116.32
2018-07-06 09:00:00,851.515,1047.48,157.352,166.084,863.955,284.754,117.646,118.458
2018-07-06 10:00:00,835.742,1025.161,155.968,159.911,838.121,279.853,117.884,116.376
2018-07-06 11:00:00,832.12,1101.379,159.265,158.69,825.857,268.259,117.787,113.329
2018-07-06 12:00:00,838.335,1186.343,165.913,165.422,840.863,270.532,115.898,109.716
2018-07-06 13:00:00,856.6,1234.29,172.418,178.093,890.499,292.133,121.274,112.424
2018-07-06 14:00:00,879.783,1222.866,181.892,189.695,943.593,303.719,128.571,117.334
2018-07-06 15:00:00,902.569,1252.663,188.19,190.463,945.144,313.316,132.963,120.111
2018-07-06 16:00:00,904.342,1259.745,197.45,195.91,952.357,322.449,133.814,122.097
2018-07-06 17:00:00,861.348,1172.241,194.199,187.667,916.032,298.894,133.52,114.065
2018-07-06 18:00:00,823.484,1022.51,179.814,172.545,852.741,283.779,123.051,109.1
2018-07-06 19:00:00,749.863,916.021,168.093,164.843,779.681,274.928,116.826,103.781
2018-07-06 20:00:00,670.973,829.159,144.703,145.574,700.153,234.248,106.403,98.067
2018-07-06 21:00:00,554.259,656.615,119.29,119.104,582.496,192.196,83.716,74.523
2018-07-06 22:00:00,435.089,486.318,90.335,94.775,452.262,144.032,62.902,58.596
2018-07-06 23:00:00,373.124,426.982,74.738,74.949,369.407,117.921,52.413,47.497
2018-07-07 00:00:00,336.865,397.006,65.855,63.134,323.723,104.33,45.656,44.777
2018-07-07 01:00:00,311.703,373.137,60.866,57.209,300.107,92.647,40.421,42.072
2018-07-07 02:00:00,297.376,369.619,58.377,54.081,286.953,87.435,37.18,39.069
2018-07-07 03:00:00,293.039,363.931,58.823,52.375,281.854,89.313,36.186,39.374
2018-07-07 04:00:00,295.098,354.329,59.17,50.313,274.275,87.952,35.001,38.495
2018-07-07 05:00:00,314.109,373.58,61.136,56.134,298.847,96.109,39.09,42.081
2018-07-07 06:00:00,395.309,453.929,72.554,70.689,364.813,117.304,51.391,46.796
2018-07-07 07:00:00,477.242,544.201,91.253,89.935,450.837,148.426,66.534,61.241
2018-07-07 08:00:00,553.372,629.07,105.196,112.673,546.713,188.905,79.22,76.623
2018-07-07 09:00:00,607.736,706.784,116.794,120.183,613.074,201.07,89.769,81.531
2018-07-07 10:00:00,636.95,776.302,126.79,134.372,648.451,216.786,100.664,87.655
2018-07-07 11:00:00,671.526,824.216,133.563,145.201,703.071,223.416,100.965,91.368
2018-07-07 12:00:00,701.395,833.421,141.432,142.422,713.46,229.478,96.016,96.558
2018-07-07 13:00:00,716.241,848.301,150.046,152.553,743.425,240.177,102.396,99.912
2018-07-07 14:00:00,752.424,892.84,153.808,155.717,788.495,257.752,106.391,100.903
2018-07-07 15:00:00,807.463,955.065,164.549,167.733,830.826,270.724,112.863,108.869
2018-07-07 16:00:00,840.031,1007.922,178.05,179.024,854.456,284.185,122.936,111.733
2018-07-07 17:00:00,840.258,1000.76,181.956,167.152,818.963,283.72,123.749,110.987
2018-07-07 18:00:00,776.851,961.278,169.493,156.283,760.674,268.112,113.455,103.876
2018-07-07 19:00:00,724.556,883.126,161.021,140.47,703.308,249.087,102.764,96.062
2018-07-07 20:00:00,661.423,802.621,145.93,126.493,641.221,218.084,91.326,84.425
2018-07-07 21:00:00,556.367,646.208,124.694,101.946,516.849,170.992,79.577,70.758
2018-07-07 22:00:00,428.547,510.962,88.607,82.121,405.08,135.551,57.365,56.284
2018-07-07 23:00:00,343.058,438.298,71.33,67.562,334.062,106.471,45.679,44.556
2018-07-08 00:00:00,301.711,382.156,63.682,56.143,287.713,96.115,41.903,40.746
2018-07-08 01:00:00,286.435,354.934,60.415,49.715,270.865,87.886,36.7,36.222
2018-07-08 02:00:00,278.245,336.183,56.588,47.785,259.402,84.268,34.72,34.853
2018-07-08 03:00:00,279.161,332.188,55.486,48.028,262.539,87.451,34.923,35.703
2018-07-08 04:00:00,290.042,333.559,57.221,49.127,268.509,89.824,35.925,35.776
2018-07-08 05:00:00,294.86,351.08,61.558,51.631,275.47,96.6,40.404,39.408
2018-07-08 06:00:00,352.268,411.2,72.415,64.382,316.944,112.066,46.677,46.313
2018-07-08 07:00:00,429.847,503.107,92.023,81.159,412.399,138.441,63.078,57.062
2018-07-08 08:00:00,521.52,602.879,109.801,103.501,499.764,169.027,76.105,76.538
2018-07-08 09:00:00,609.682,693.141,119.743,115.894,580.535,190.557,89.513,83.175
2018-07-08 10:00:00,660.121,770.033,128.726,136.526,637.632,216.27,96.813,82.795
2018-07-08 11:00:00,687.529,847.22,140.603,147.614,703.176,242.439,103.385,94.949
2018-07-08 12:00:00,728.068,888.24,147.592,156.92,732.877,254.496,107.177,98.577
2018-07-08 13:00:00,772.942,905.39,162.677,167.77,772.121,264.924,114.248,103.779
2018-07-08 14:00:00,806.445,965.167,176.557,176.859,826.736,286.661,120.485,114.299
2018-07-08 15:00:00,844.205,1037.073,187.327,185.106,854.464,306.636,127.263,117.948
2018-07-08 16:00:00,865.083,1061.8,189.66,189.314,858.926,306.413,131.725,121.346
2018-07-08 17:00:00,836.105,1035.534,189.51,184.754,851.868,288.141,129.537,112.24
2018-07-08 18:00:00,786.181,968.84,183.912,168.648,785.173,265.134,118.775,108.452
2018-07-08 19:00:00,732.558,889.521,163.229,151.445,720.618,242.418,113.4,97.078
2018-07-08 20:00:00,670.957,809.959,147.702,136.54,642.115,219.313,94.781,93.186
2018-07-08 21:00:00,594.411,684.279,123.876,113.986,535.891,181.02,75.88,75.888
2018-07-08 22:00:00,465.14,561.247,97.185,88.623,419.576,137.97,61.404,59.222
2018-07-08 23:00:00,368.85,471.892,77.8,71.813,345.675,110.217,50.2,47.224
2018-07-09 00:00:00,321.521,426.962,69.307,61.169,310.645,95.039,41.994,40.983
2018-07-09 01:00:00,302.064,393.857,62.449,55.238,286.282,86.477,38.86,36.534
2018-07-09 02:00:00,292.888,379.723,60.303,50.315,268.927,84.454,36.62,36.181
2018-07-09 03:00:00,297.606,388.623,58.823,51.896,275.45,85.865,37.881,37.516
2018-07-09 04:00:00,326.099,409.493,62.299,55.957,293.936,91.037,41.385,41.284
2018-07-09 05:00:00,384.621,488.312,77.55,66.825,342.384,111.333,47.892,50.008
2018-07-09 06:00:00,488.456,620.388,97.312,83.958,437.381,142.708,64.302,62.118
2018-07-09 07:00:00,575.878,735.361,114.256,96.193,529.773,167.782,79.817,74.881
2018-07-09 08:00:00,688.487,843.564,131.274,117.959,636.07,202.928,90.212,84.418
2018-07-09 09:00:00,776.333,981.826,147.392,142.499,734.935,233.666,96.991,97.002
2018-07-09 10:00:00,866.571,1099.114,161.732,160.797,816.362,265.81,112.88,113.866
2018-07-09 11:00:00,904.173,1180.221,175.063,180.382,893.026,287.201,123.609,118.647
2018-07-09 12:00:00,918.196,1217.151,188.099,186.466,937.502,294.473,128.514,120.295
2018-07-09 13:00:00,953.332,1241.885,194.142,193.754,959.437,309.771,129.761,126.406
2018-07-09 14:00:00,965.74,1269.904,204.314,202.303,994.749,320.283,138.047,127.218
2018-07-09 15:00:00,999.358,1293.059,213.96,212.46,1014.71,334.07,143.778,128.228
2018-07-09 16:00:00,1014.69,1289.592,222.866,217.389,1024.822,349.144,151.905,138.224
2018-07-09 17:00:00,978.113,1234.693,216.833,207.494,982.225,336.521,147.397,133.744
2018-07-09 18:00:00,912.633,1157.444,214.141,188.542,918.485,317.611,139.685,127.284
2018-07-09 19:00:00,849.709,1060.307,196.023,170.221,843.453,288.354,128.966,110.277
2018-07-09 20:00:00,761.559,966.21,168.906,155.451,753.365,255.114,115.458,99.505
2018-07-09 21:00:00,644.763,811.895,137.639,126.192,625.914,211.577,98.455,89.297
2018-07-09 22:00:00,517.694,650.818,110.235,98.405,491.122,166.821,74.146,68.532
2018-07-09 23:00:00,424.841,551.175,93.975,86.363,408.568,137.05,61.069,56.092
2018-07-10 00:00:00,366.23,485.586,79.919,67.904,344.45,115.859,50.082,46.961
2018-07-10 01:00:00,332.917,444.017,72.918,61.471,312.206,99.266,44.377,43.706
2018-07-10 02:00:00,314.626,422.592,66.065,55.915,291.592,93.973,40.703,40.775
2018-07-10 03:00:00,313.921,422.355,65.042,54.659,288.961,91.001,39.667,39.246
2018-07-10 04:00:00,337.516,441.788,68.254,58.491,307.085,98.003,41.866,38.416
2018-07-10 05:00:00,408.713,532.982,81.363,71.912,361.638,118.142,53.793,47.015
2018-07-10 06:00:00,533.778,688.024,102.407,97.058,475.088,151.993,70.134,64.166
2018-07-10 07:00:00,668.828,856.355,127.848,121.497,608.615,195.487,89.502,81.189
2018-07-10 08:00:00,793.094,992.57,148.596,148.356,752.795,240.771,102.706,95.898
2018-07-10 09:00:00,902.696,1162.025,175.194,173.373,882.855,283.877,116.41,116.207
2018-07-10 10:00:00,962.94,1259.562,196.737,196.852,979.266,302.897,131.894,123.949
2018-07-10 11:00:00,999.679,1306.464,205.206,213.753,1055.947,323.026,139.034,131.885
2018-07-10 12:00:00,1018.979,1312.071,209.413,221.6,1084.308,342.443,143.653,133.04
2018-07-10 13:00:00,1029.481,1322.631,211.037,218.549,1078.143,348.922,147.832,136.44
2018-07-10 14:00:00,1047.364,1353.753,222.642,232.211,1083.343,363.292,151.351,137.41
2018-07-10 15:00:00,1069.057,1377.407,229.604,235.077,1109.354,382.681,160.118,143.025
2018-07-10 16:00:00,1078.793,1373.081,232.568,242.656,1113.246,384.392,164.992,146.34
2018-07-10 17:00:00,1053.814,1286.596,230.432,231.472,1073.654,370.781,159.025,138.4
2018-07-10 18:00:00,981.278,1192.432,219.771,210.986,998.382,347.267,155.918,132.647
2018-07-10 19:00:00,906.357,1090.465,206.173,191.834,919.159,320.107,142.64,121.318
2018-07-10 20:00:00,824.996,1012.767,184.013,174.176,845.849,283.093,132.026,110.911
2018-07-10 21:00:00,714.596,864.781,161.301,143.141,712.882,233.422,112.215,98.492
2018-07-10 22:00:00,593.681,714.567,137.01,116.161,574.894,188.224,86.295,80.249
2018-07-10 23:00:00,508.483,614.097,116.968,100.384,490.556,157.11,71.022,67.156
2018-07-11 00:00:00,440.132,543.39,102.191,87.542,424.467,133.573,59.729,57.913
2018-07-11 01:00:00,398.779,502.278,88.529,78.997,391.81,121.178,53.261,52.329
2018-07-11 02:00:00,377.032,486.78,81.391,75.647,378.454,115.235,50.388,50.285
2018-07-11 03:00:00,373.468,484.114,80.221,73.194,375.507,113.102,50.597,50.151
2018-07-11 04:00:00,397.081,486.259,82.711,75.764,382.439,115.278,51.825,51.763
2018-07-11 05:00:00,461.772,577.201,96.082,90.115,446.77,141.475,64.141,58.374
2018-07-11 06:00:00,589.177,716.612,116.205,107.612,563.544,175.442,75.719,70.94
2018-07-11 07:00:00,702.906,856.022,138.514,135.776,683.55,213.182,91.393,86.902
2018-07-11 08:00:00,794.105,970.23,156.758,158.932,770.759,243.536,107.694,100.785
2018-07-11 09:00:00,855.306,1061.497,168.811,171.307,845.78,265.726,112.832,109.832
2018-07-11 10:00:00,891.434,1124.739,180.834,178.347,890.968,283.628,123.32,118.254
2018-07-11 11:00:00,919.594,1170.315,189.219,188.772,954.321,299.255,130.03,127.161
2018-07-11 12:00:00,940.73,1189.456,190.76,192.363,968.081,302.272,128.632,120.329
2018-07-11 13:00:00,932.204,1200.307,192.203,194.249,954.466,303.772,129.302,119.56
2018-07-11 14:00:00,946.795,1182.916,192.354,202.932,983.077,308.686,137.297,122.312
2018-07-11 15:00:00,991.105,1132.711,192.604,204.558,973.016,317.233,141.126,122.993
2018-07-11 16:00:00,990.072,1073.404,186.326,187.046,916.525,314.396,136.313,120.54
2018-07-11 17:00:00,939.138,1065.622,185.953,177.71,846.417,283.484,126.032,110.495
2018-07-11 18:00:00,877.779,1001.215,178.972,164.699,804.08,267.076,120.064,107.348
2018-07-11 19:00:00,821.72,924.168,167.859,153.206,755.35,255.371,109.285,100.033
2018-07-11 20:00:00,759.828,850.355,161.091,138.297,683.227,237.91,105.589,91.403
2018-07-11 21:00:00,643.14,686.84,130.437,114.546,576.875,193.357,89.268,76.504
2018-07-11 22:00:00,515.352,555.635,105.112,92.177,461.002,152.777,66.067,68.061
2018-07-11 23:00:00,433.414,479.443,84.437,77.42,383.675,123.726,53.983,53.997
2018-07-12 00:00:00,380.201,428.308,72.417,65.249,331.032,107.168,48.042,46.39
2018-07-12 01:00:00,337.872,389.015,66.448,59.344,299.184,91.587,41.936,39.973
2018-07-12 02:00:00,329.989,374.59,62.318,54.117,278.672,88.181,38.128,39.019
2018-07-12 03:00:00,323.05,376.521,61.618,52.91,279.223,86.696,37.526,37.315
2018-07-12 04:00:00,333.623,404.679,66.156,56.727,298.769,89.845,38.915,39.848
2018-07-12 05:00:00,398.909,478.318,76.626,70.695,352.972,111.931,50.834,49.642
2018-07-12 06:00:00,515.3,594.515,98.63,95.458,456.718,148.107,68.263,63.396
2018-07-12 07:00:00,621.482,703.699,114.709,113.081,556.146,179.165,87.43,72.814
2018-07-12 08:00:00,709.879,812.624,131.847,127.175,642.353,207.661,92.888,87.984
2018-07-12 09:00:00,785.775,916.325,144.76,150.671,734.096,236.29,101.494,101.067
2018-07-12 10:00:00,824.001,976.477,159.179,159.857,779.81,244.087,110.081,102.007
2018-07-12 11:00:00,865.03,1014.063,165.325,165.298,821.161,259.41,115.283,107.247
2018-07-12 12:00:00,860.732,1044.672,169.538,170.26,839.071,263.206,114.881,113.318
2018-07-12 13:00:00,881.304,1068.052,172.841,184.322,872.505,281.975,116.542,112.316
2018-07-12 14:00:00,897.387,1088.453,181.042,187.107,912.269,285.598,120.638,117.277
2018-07-12 15:00:00,921.233,1101.365,189.582,197.372,931.158,297.289,129.207,117.043
2018-07-12 16:00:00,942.353,1119.419,199.451,199.756,953.904,309.074,139.354,120.985
2018-07-12 17:00:00,912.273,1104.136,192.631,194.769,923.04,310.234,134.741,121.14
2018-07-12 18:00:00,846.356,1048.145,184.368,175.286,859.236,286.636,127.536,112.557
2018-07-12 19:00:00,785.405,942.102,171.839,158.826,785.86,263.976,118.9,103.815
2018-07-12 20:00:00,704.569,858.765,154.204,138.907,681.471,235.894,105.724,92.629
2018-07-12 21:00:00,601.206,717.611,127.604,114.881,557.765,191.946,85.088,80.165
2018-07-12 22:00:00,477.315,577.33,102.623,90.466,438.572,151.107,66.354,62.571
2018-07-12 23:00:00,393.446,478.334,85.274,69.557,355.072,121.896,50.58,50.55
2018-07-13 00:00:00,341.018,426.679,73.16,61.777,311.36,103.673,43.645,42.802
2018-07-13 01:00:00,313.338,394.194,64.564,56.031,286.629,91.679,39.469,38.821
2018-07-13 02:00:00,303.314,381.321,62.033,52.348,271.851,87.717,37.535,36.881
2018-07-13 03:00:00,301.308,388.401,60.78,53.307,276.432,88.519,38.149,37.234
2018-07-13 04:00:00,324.611,412.932,62.666,59.122,297.088,92.287,41.541,40.303
2018-07-13 05:00:00,386.498,486.793,76.195,68.806,351.089,114.563,53.765,46.117
2018-07-13 06:00:00,490.874,611.825,97.155,89.768,451.773,136.156,62.866,57.409
2018-07-13 07:00:00,581.208,739.688,114.595,116.834,566.067,165.259,74.509,67.832
2018-07-13 08:00:00,701.146,852.151,135.64,137.92,675.378,192.161,82.827,81.542
2018-07-13 09:00:00,797.879,971.309,158.544,157.211,778.295,228.037,98.272,95.675
2018-07-13 10:00:00,861.156,1065.341,171.458,171.935,854.495,252.428,109.218,103.589
2018-07-13 11:00:00,917.356,1140.059,180.016,183.199,905.369,266.618,115.336,109.555
2018-07-13 12:00:00,918.754,1169.151,181.266,182.334,908.241,268.126,112.786,108.922
2018-07-13 13:00:00,928.936,1161.603,184.346,186.055,905.333,265.782,110.362,105.323
2018-07-13 14:00:00,950.407,1184.587,192.837,190.558,915.529,279.07,121.261,110.123
2018-07-13 15:00:00,977.244,1240.611,199.895,191.051,921.997,306.989,131.244,119.605
2018-07-13 16:00:00,986.526,1219.079,208.355,189.662,914.549,317.951,132.446,125.565
2018-07-13 17:00:00,945.389,1140.308,198.206,182.752,900.217,306.423,130.59,118.997
2018-07-13 18:00:00,856.072,1043.208,189.572,171.514,842.194,272.029,124.249,109.92
2018-07-13 19:00:00,802.178,959.062,176.999,157.686,773.115,248.324,115.734,100.46
2018-07-13 20:00:00,717.327,861.297,145.603,134.408,681.384,224.962,103.314,92.071
2018-07-13 21:00:00,599.354,711.679,127.578,113.115,569.146,184.007,87.525,84.315
2018-07-13 22:00:00,492.203,576.379,103.445,95.56,471.395,145.507,64.793,63.84
2018-07-13 23:00:00,425.021,493.329,84.498,76.328,388.684,120.399,53.437,51.108
2018-07-14 00:00:00,372.487,447.798,74.293,66.645,342.856,106.677,44.176,44.36
2018-07-14 01:00:00,347.243,412.057,68.405,64.778,317.453,96.034,39.183,40.98
2018-07-14 02:00:00,328.187,409.839,65.182,58.749,310.463,90.286,37.508,39.937
2018-07-14 03:00:00,318.998,406.095,62.93,58.098,301.445,88.964,36.765,39.181
2018-07-14 04:00:00,313.92,398.209,62.643,57.923,293.656,89.995,36.631,39.768
2018-07-14 05:00:00,330.886,407.837,68.38,62.141,309.912,96.371,40.488,42.018
2018-07-14 06:00:00,416.758,473.166,82.568,76.109,392.725,119.763,50.215,48.789
2018-07-14 07:00:00,524.957,552.323,107.002,94.863,479.623,148.401,63.857,63.507
2018-07-14 08:00:00,626.492,634.974,125.413,119.716,581.954,173.535,73.579,72.792
2018-07-14 09:00:00,709.099,740.458,140.831,143.792,683.828,199.151,82.537,78.281
2018-07-14 10:00:00,766.205,822.962,155.94,163.378,769.594,216.48,88.541,81.035
2018-07-14 11:00:00,838.378,927.593,175.101,181.621,859.845,241.262,105.125,92.239
2018-07-14 12:00:00,882.331,1012.188,188.341,190.503,931.78,264.072,120.607,99.946
2018-07-14 13:00:00,921.666,1052.651,196.256,195.21,962.997,268.9,113.906,100.564
2018-07-14 14:00:00,973.703,1078.951,203.083,207.12,982.845,274.807,119.544,105.287
2018-07-14 15:00:00,1004.885,1147.766,211.392,212.34,988.518,272.191,116.325,108.201
2018-07-14 16:00:00,981.137,1136.907,205.156,199.178,953.499,280.586,116.516,104.355
2018-07-14 17:00:00,902.665,1051.369,196.853,180.103,871.58,266.933,113.514,103.408
2018-07-14 18:00:00,834.559,981.955,186.607,165.691,802.719,248.643,104.622,96.17
2018-07-14 19:00:00,804.018,918.079,174.028,149.21,762.99,233.61,97.656,88.894
2018-07-14 20:00:00,760.172,854.751,163.621,142.96,709.301,222.418,96.533,84.815
2018-07-14 21:00:00,658.8,730.737,137.71,120.275,623.524,182.249,85.152,74.69
2018-07-14 22:00:00,521.999,607.116,111.107,97.736,521.337,149.259,65.879,67.723
2018-07-14 23:00:00,451.03,518.105,94.005,86.893,429.055,127.647,55.645,57.483
2018-07-15 00:00:00,401.957,463.26,82.91,76.931,377.261,111.349,47.792,46.712
2018-07-15 01:00:00,374.032,441.166,77.427,69.928,356.232,102.251,43.801,42.105
2018-07-15 02:00:00,358.596,423.372,75.154,66.183,330.478,98.143,41.398,41.378
2018-07-15 03:00:00,352.07,413.569,71.695,64.436,319.983,98.072,42.862,40.562
2018-07-15 04:00:00,356.459,418.628,71.327,64.709,323.548,101.219,41.808,41.409
2018-07-15 05:00:00,360.638,429.675,73.544,67.583,331.022,107.955,44.475,43.734
2018-07-15 06:00:00,403.03,489.428,84.133,75.98,386.523,130.356,54.149,52.102
2018-07-15 07:00:00,476.262,579.601,99.734,92.054,445.672,166.105,68.926,72.388
2018-07-15 08:00:00,559.784,708.711,114.788,115.513,515.842,207.148,87.909,84.45
2018-07-15 09:00:00,646.798,851.116,130.982,133.239,621.59,250.023,108.594,93.296
2018-07-15 10:00:00,704.11,954.832,151.316,150.906,710.091,283.784,120.608,106.328
2018-07-15 11:00:00,754.881,1024.474,167.055,170.353,791.94,295.847,125.989,112.019
2018-07-15 12:00:00,790.635,1087.359,172.386,179.465,872.917,313.201,138.991,120.397
2018-07-15 13:00:00,845.334,1136.603,183.931,192.274,919.801,318.887,138.958,126.743
2018-07-15 14:00:00,865.031,1149.271,195.969,196.791,925.619,320.261,136.198,125.286
2018-07-15 15:00:00,884.911,1179.561,200.538,201.887,916.096,332.517,144.592,125.906
2018-07-15 16:00:00,934.419,1194.495,212.999,210.857,947.337,348.075,148.487,128.604
2018-07-15 17:00:00,932.031,1171.689,211.248,209.113,948.889,330.318,140.957,125.01
2018-07-15 18:00:00,887.751,1112.271,205.927,194.727,897.376,310.421,135.578,119.021
2018-07-15 19:00:00,840.356,1044.649,196.256,172.583,825.34,289.964,131.289,112.88
2018-07-15 20:00:00,778.893,976.523,178.484,154.254,740.768,271.127,115.931,112.355
2018-07-15 21:00:00,680.329,840.092,153.12,137.535,636.882,234.28,97.305,97.275
2018-07-15 22:00:00,552.699,711.065,121.505,107.679,514.078,186.423,83.651,77.551
2018-07-15 23:00:00,463.357,613.135,100.638,88.667,438.736,156.012,69.781,64.662
2018-07-16 00:00:00,413.301,555.081,88.748,76.647,387.709,134.415,59.671,57.169
2018-07-16 01:00:00,386.202,512.146,80.32,69.561,355.412,120.724,53.032,52.538
2018-07-16 02:00:00,365.776,497.473,75.16,66.92,332.363,112.113,49.573,49.047
2018-07-16 03:00:00,360.242,491.741,74.934,67.234,328.446,107.668,48.312,48.871
2018-07-16 04:00:00,383.053,504.55,81.447,68.638,338.914,115.105,50.138,53.599
2018-07-16 05:00:00,467.338,600.183,90.68,80.978,402.063,142.625,64.453,62.334
2018-07-16 06:00:00,609.853,767.98,114.759,106.671,533.346,179.866,80.368,74.097
2018-07-16 07:00:00,735.299,914.941,141.243,135.279,675.094,219.623,98.283,89.248
2018-07-16 08:00:00,878.032,1066.449,171.038,165.483,830.602,261.53,111.629,108.01
2018-07-16 09:00:00,1010.177,1226.372,192.929,191.898,967.263,312.67,129.864,129.315
2018-07-16 10:00:00,1076.719,1336.754,212.115,215.188,1060.591,344.986,146.397,135.885
2018-07-16 11:00:00,1083.341,1416.095,226.449,224.466,1110.317,371.36,154.673,139.63
2018-07-16 12:00:00,1117.981,1420.387,226.2,237.809,1143.728,376.527,153.916,146.071
2018-07-16 13:00:00,1138.599,1354.751,236.211,247.338,1179.092,374.687,157.739,146.752
2018-07-16 14:00:00,1146.084,1315.589,240.159,246.571,1189.373,378.845,163.183,154.251
2018-07-16 15:00:00,1159.726,1353.659,246.928,247.341,1189.131,376.111,159.681,144.744
2018-07-16 16:00:00,1110.447,1287.039,246.998,247.962,1175.408,369.53,157.672,143.357
2018-07-16 17:00:00,1035.246,1267.366,226.987,232.383,1094.824,359.183,154.611,135.748
2018-07-16 18:00:00,965.823,1188.359,218.592,212.267,1011.427,339.021,152.497,131.939
2018-07-16 19:00:00,913.833,1132.827,211.844,195.174,957.706,322.012,143.3,121.403
2018-07-16 20:00:00,837.992,1041.332,190.499,181.171,874.042,288.987,127.917,112.346
2018-07-16 21:00:00,715.998,891.163,161.469,156.379,746.288,246.119,110.512,99.032
2018-07-16 22:00:00,607.639,738.844,135.186,127.608,610.95,201.233,88.705,85.052
2018-07-16 23:00:00,526.491,632.74,112.441,105.681,520.396,167.7,73.283,70.24
2018-07-17 00:00:00,469.227,572.789,99.469,93.864,455.453,144.924,64.047,61.068
2018-07-17 01:00:00,440.5,537.406,91.316,85.906,424.51,129.787,57.076,56.57
2018-07-17 02:00:00,426.197,524.058,85.796,81.986,402.898,123.421,54.382,53.581
2018-07-17 03:00:00,443.363,525.898,82.257,78.198,398.544,121.187,52.91,52.381
2018-07-17 04:00:00,485.474,552.853,84.918,84.461,414.852,127.606,56.999,54.137
2018-07-17 05:00:00,575.372,646.7,99.801,98.152,480.518,157.539,68.261,63.855
2018-07-17 06:00:00,710.072,818.859,125.433,123.932,623.106,214.061,87.388,79.513
2018-07-17 07:00:00,833.625,984.673,147.855,149.267,751.197,239.892,101.632,96.192
2018-07-17 08:00:00,940.092,1144.649,171.596,178.237,882.579,276.108,111.248,111.896
2018-07-17 09:00:00,1040.909,1282.835,198.072,201.531,990.017,312.277,128.797,126.413
2018-07-17 10:00:00,1093.028,1363.178,213.411,217.692,1065.072,337.854,140.767,133.408
2018-07-17 11:00:00,1112.766,1409.667,221.656,227.49,1135.429,346.313,144.151,134.422
2018-07-17 12:00:00,1102.616,1402.243,225.959,235.526,1153.533,362.284,151.276,141.3
2018-07-17 13:00:00,1007.403,1225.59,219.249,233.709,1120.73,376.487,159.979,141.453
2018-07-17 14:00:00,844.056,996.557,193.082,213.486,1007.527,349.094,147.308,131.991
2018-07-17 15:00:00,770.478,923.412,163.707,173.019,856.272,311.451,129.86,122.667
2018-07-17 16:00:00,749.005,884.179,157.684,155.367,782.17,271.727,116.953,109.378
2018-07-17 17:00:00,711.683,838.399,156.156,145.006,736.094,254.679,109.961,101.102
2018-07-17 18:00:00,675.045,777.464,145.396,138.312,699.217,240.289,104.222,92.179
2018-07-17 19:00:00,670.716,764.402,137.421,136.336,682.058,231.526,102.368,89.196
2018-07-17 20:00:00,651.853,751.936,138.581,128.659,641.196,217.165,94.962,86.916
2018-07-17 21:00:00,557.067,649.262,121.454,112.811,558.124,183.773,84.333,76.612
2018-07-17 22:00:00,462.622,547.224,100.992,90.347,461.139,151.37,67.512,64.452
2018-07-17 23:00:00,402.159,486.113,85.419,78.983,393.455,128.701,55.892,58.132
2018-07-18 00:00:00,360.728,446.913,75.64,69.994,352.675,113.179,50.428,48.905
2018-07-18 01:00:00,341.163,423.897,69.964,65.278,332.486,103.705,50.293,46.024
2018-07-18 02:00:00,324.941,414.982,66.012,62.92,316.472,101.341,44.796,47.061
2018-07-18 03:00:00,325.448,420.688,67.407,61.636,317.717,104.101,45.348,46.092
2018-07-18 04:00:00,348.242,443.818,71.107,65.347,332.873,108.969,48.492,48.434
2018-07-18 05:00:00,415.006,532.397,84.609,76.299,399.112,132.91,57.239,58.591
2018-07-18 06:00:00,532.529,675.998,106.036,104.783,531.43,172.977,74.784,74.626
2018-07-18 07:00:00,645.246,810.994,118.818,128.23,647.128,206.653,86.94,88.192
2018-07-18 08:00:00,749.149,921.647,136.369,152.011,742.59,243.737,103.745,99.639
2018-07-18 09:00:00,817.003,1011.549,158.52,165.623,827.73,267.89,116.158,108.567
2018-07-18 10:00:00,858.786,1069.372,170.679,175.439,871.64,281.989,121.945,119.503
2018-07-18 11:00:00,882.187,1111.761,173.471,181.601,917.517,286.507,127.159,118.496
2018-07-18 12:00:00,884.754,1125.252,177.081,191.528,950.611,296.146,125.221,115.509
2018-07-18 13:00:00,884.527,1152.004,178.814,192.633,949.668,295.079,125.351,114.222
2018-07-18 14:00:00,908.288,1152.701,183.907,198.939,957.557,300.156,129.671,120.486
2018-07-18 15:00:00,930.049,1145.871,194.786,198.557,977.747,313.184,136.172,125.835
2018-07-18 16:00:00,937.853,1145.981,200.932,202.516,982.885,324.995,143.191,124.676
2018-07-18 17:00:00,907.252,1089.812,194.262,194.586,936.268,308.22,136.51,124.184
2018-07-18 18:00:00,842.035,991.178,181.497,183.428,900.366,291.93,133.88,116.742
2018-07-18 19:00:00,769.645,893.912,167.237,164.302,788.538,254.773,118.579,103.663
2018-07-18 20:00:00,678.539,780.941,147.033,136.116,667.914,218.34,101.431,93.874
2018-07-18 21:00:00,571.867,622.971,117.041,115.014,558.087,185.356,84.581,78.239
2018-07-18 22:00:00,457.154,528.474,95.432,89.825,433.084,141.136,67.605,59.619
2018-07-18 23:00:00,373.448,440.391,78.895,71.045,352.056,111.923,52.337,48.235
2018-07-19 00:00:00,322.821,383.502,68.907,61.445,304.907,98.756,43.168,40.816
2018-07-19 01:00:00,301.847,360.683,62.606,53.823,279.387,87.123,36.982,38.464
2018-07-19 02:00:00,289.531,355.479,60.415,50.423,270.728,86.037,36.321,36.299
2018-07-19 03:00:00,291.224,365.783,59.395,50.664,273.636,89.915,38.128,36.055
2018-07-19 04:00:00,319.14,394.301,62.869,56.931,290.914,95.544,40.512,41.342
2018-07-19 05:00:00,379.26,460.51,73.898,68.921,338.27,112.319,48.058,47.686
2018-07-19 06:00:00,476.478,562.038,94.927,92.049,439.806,140.635,61.546,61.685
2018-07-19 07:00:00,562.639,654.761,109.335,108.809,524.07,164.92,79.534,67.484
2018-07-19 08:00:00,631.853,742.614,125.257,125.639,612.056,188.319,85.445,78.812
2018-07-19 09:00:00,690.753,840.133,139.024,137.226,687.267,215.148,93.816,87.112
2018-07-19 10:00:00,752.25,909.479,143.291,148.076,738.404,234.938,100.321,98.063
2018-07-19 11:00:00,783.998,958.497,152.495,150.364,775.578,244.328,110.324,102.865
2018-07-19 12:00:00,803.993,1000.433,161.776,158.174,785.294,246.672,108.687,102.669
2018-07-19 13:00:00,822.201,1015.94,167.526,166.771,805.558,257.853,119.581,109.838
2018-07-19 14:00:00,847.566,1050.255,174.375,175.563,860.646,273.202,122.125,111.445
2018-07-19 15:00:00,885.524,1108.478,185.689,186.761,909.849,285.444,129.789,120.29
2018-07-19 16:00:00,917.245,1130.081,196.893,195.358,927.526,303.184,132.523,120.115
2018-07-19 17:00:00,892.307,1081.195,195.023,188.985,895.866,303.221,134.299,115.157
2018-07-19 18:00:00,831.461,1029.087,188.985,175.357,838.48,291.672,128.22,111.814
2018-07-19 19:00:00,760.396,957.365,175.832,156.763,752.824,265.269,117.357,105.675
2018-07-19 20:00:00,683.616,845.725,159.243,136.736,664.828,233.008,97.831,95.312
2018-07-19 21:00:00,559.315,695.704,129.794,111.207,550.545,190.987,83.188,81.72
2018-07-19 22:00:00,440.231,551.081,101.154,88.889,429.845,146.274,70.127,63.864
2018-07-19 23:00:00,365.729,458.05,80.15,69.435,349.439,112.468,53.092,52.768
2018-07-20 00:00:00,326.753,409.059,70.516,58.386,306.9,97.156,43.97,42.345
2018-07-20 01:00:00,300.011,373.174,63.626,53.058,283.873,89.143,39.079,38.719
2018-07-20 02:00:00,293.625,364.113,60.935,50.304,270.395,86.921,37.166,36.39
2018-07-20 03:00:00,297.964,370.11,59.327,51.923,276.672,90.345,37.292,36.784
2018-07-20 04:00:00,323.006,399.717,62.484,56.836,298.749,92.818,45.419,39.571
2018-07-20 05:00:00,386.901,464.015,76.108,66.375,345.588,112.859,53.767,45.439
2018-07-20 06:00:00,491.621,578.12,101.133,88.662,448.379,136.972,63.225,58.311
2018-07-20 07:00:00,575.89,672.008,117.859,110.226,548.341,166.888,75.399,72.053
2018-07-20 08:00:00,675.226,773.963,133.088,130.24,647.726,201.07,87.821,77.631
2018-07-20 09:00:00,773.717,906.114,142.558,153.082,745.065,230.772,97.862,96.971
2018-07-20 10:00:00,835.122,1007.187,158.286,159.693,816.279,252.258,110.543,110.481
2018-07-20 11:00:00,867.606,1081.656,172.3,170.369,858.354,268.976,112.522,112.639
2018-07-20 12:00:00,883.1,1130.062,179.27,181.079,889.356,274.93,115.189,114.224
2018-07-20 13:00:00,887.458,1149.49,178.325,186.809,909.83,297.678,124.738,116.86
2018-07-20 14:00:00,914.592,1165.947,191.38,190.169,914.05,305.128,127.625,116.924
2018-07-20 15:00:00,928.098,1190.019,200.83,193.068,936.853,311.264,135.829,122.623
2018-07-20 16:00:00,924.255,1183.378,202.219,192.597,932.82,322.373,139.753,121.021
2018-07-20 17:00:00,878.941,1119.919,192.703,188.186,911.675,308.561,142.32,117.653
2018-07-20 18:00:00,824.297,1045.417,183.004,169.785,841.284,289.166,131.615,111.738
2018-07-20 19:00:00,748.132,941.168,164.593,154.272,755.242,262.911,123.526,103.82
2018-07-20 20:00:00,664.389,839.704,147.082,130.691,672.672,237.23,106.696,93.905
2018-07-20 21:00:00,562.168,688.192,122.713,113.126,553.77,190.845,82.657,82.184
2018-07-20 22:00:00,455.847,546.738,97.293,87.447,442.083,146.081,66.998,65.481
2018-07-20 23:00:00,367.056,485.038,78.336,71.687,363.514,120.024,53.996,54.601
2018-07-21 00:00:00,324.233,431.162,68.661,61.08,316.985,103.425,44.529,46.08
2018-07-21 01:00:00,306.087,399.561,63.368,55.542,293.574,93.151,40.434,42.021
2018-07-21 02:00:00,299.647,386.971,60.683,53.197,282.665,89.104,37.582,39.628
2018-07-21 03:00:00,296.022,375.505,58.493,51.545,277.932,89.538,36.959,39.81
2018-07-21 04:00:00,295.998,371.555,59.38,51.913,277.391,89.78,37.136,38.704
2018-07-21 05:00:00,313.735,391.757,64.795,55.881,290.068,97.484,40.204,39.921
2018-07-21 06:00:00,390.768,475.308,78.668,70.423,360.576,119.795,51.945,54.367
2018-07-21 07:00:00,477.697,585.27,99.718,92.927,463.097,153.65,67.29,66.492
2018-07-21 08:00:00,560.416,696.067,112.169,115.242,547.382,183.546,81.424,73.949
2018-07-21 09:00:00,622.527,771.807,132.522,127.899,629.937,198.654,89.379,87.278
2018-07-21 10:00:00,658.807,841.905,134.26,134.025,686.054,214.852,97.11,91.516
2018-07-21 11:00:00,697.964,878.292,140.972,144.649,726.292,230.382,98.34,94.444
2018-07-21 12:00:00,721.21,915.66,148.082,152.158,755.965,249.407,105.605,100.986
2018-07-21 13:00:00,746.508,963.376,156.928,154.538,771.998,261.948,106.374,108.345
2018-07-21 14:00:00,724.702,1001.192,165.233,161.075,794.682,274.539,115.407,115.508
2018-07-21 15:00:00,717.212,1025.205,166.308,166.697,781.492,281.443,119.922,114.626
2018-07-21 16:00:00,733.231,1018.717,165.445,162.717,790.082,280.595,123.505,115.647
2018-07-21 17:00:00,699.951,969.71,155.817,157.589,751.263,274.236,121.206,107.537
2018-07-21 18:00:00,652.661,896.723,150.129,144.472,703.388,254.086,114.295,99.595
2018-07-21 19:00:00,637.992,852.163,142.72,135.258,682.088,246.655,103.763,95.417
2018-07-21 20:00:00,611.61,797.605,137.571,129.133,648.205,225.454,94.559,87.604
2018-07-21 21:00:00,512.322,670.564,120.684,111.685,549.38,191.65,83.156,73.506
2018-07-21 22:00:00,410.839,546.516,95.437,87.201,444.266,147.19,64.876,59.882
2018-07-21 23:00:00,342.999,479.183,79.888,73.906,367.395,120.242,54.077,53.112
2018-07-22 00:00:00,307.29,424.046,66.652,65.364,326.761,106.17,45.721,43.543
2018-07-22 01:00:00,294.977,398.028,62.466,60.322,301.824,97.963,41.172,39.745
2018-07-22 02:00:00,294.821,380.457,60.338,56.511,288.323,93.14,39.777,38.924
2018-07-22 03:00:00,301.687,370.207,59.004,56.275,284.297,94.662,38.569,39.256
2018-07-22 04:00:00,314.744,369.693,60.248,57.137,290.208,95.664,39.311,39.57
2018-07-22 05:00:00,336.283,371.893,63.88,59.602,302.047,99.688,42.205,42.637
2018-07-22 06:00:00,379.816,413.868,76.072,71.374,351.917,118.457,51.915,51.801
2018-07-22 07:00:00,452.501,504.503,89.552,92.622,429.917,144.917,61.735,59.17
2018-07-22 08:00:00,511.39,569.05,105.851,106.68,503.916,174.289,77.422,71.523
2018-07-22 09:00:00,546.247,647.137,121.413,122.171,600.425,188.623,80.019,75.462
2018-07-22 10:00:00,593.752,730.424,133.222,139.447,657.563,203.61,84.402,80.035
2018-07-22 11:00:00,656.361,786.076,147.897,147.984,699.215,212.633,93.11,83.229
2018-07-22 12:00:00,704.279,885.15,166.262,160.22,746.212,220.12,94.934,84.955
2018-07-22 13:00:00,732.476,925.601,163.898,173.149,793.096,234.482,105.285,91.428
2018-07-22 14:00:00,753.93,971.252,162.99,178.479,820.811,249.148,110.994,89.635
2018-07-22 15:00:00,751.689,994.919,170.236,179.92,833.559,244.742,106.296,95.864
2018-07-22 16:00:00,778.294,972.258,170.56,174.107,818.987,249.979,105.828,99.394
2018-07-22 17:00:00,759.876,938.604,162.443,165.483,763.698,233.857,99.91,92.73
2018-07-22 18:00:00,715.824,846.625,155.295,140.408,688.08,218.501,89.093,81.754
2018-07-22 19:00:00,684.198,780.031,155.257,140.512,667.086,220.993,86.962,85.796
2018-07-22 20:00:00,666.075,749.777,151.035,132.464,649.005,212.217,88.563,82.691
2018-07-22 21:00:00,594.591,670.219,131.068,116.193,565.899,190.514,83.109,72.484
2018-07-22 22:00:00,511.535,572.37,106.625,97.197,480.262,159.114,65.847,62.26
2018-07-22 23:00:00,442.844,515.948,95.437,86.095,424.334,137.008,62.977,55.798
2018-07-23 00:00:00,414.294,489.21,89.272,82.997,400.449,124.036,54.013,53.292
2018-07-23 01:00:00,401.002,478.499,83.765,78.44,387.781,116.606,49.895,50.747
2018-07-23 02:00:00,402.2,482.916,83.735,77.401,378.339,114.932,48.455,50.592
2018-07-23 03:00:00,414.291,505.56,82.942,78.59,386.698,113.94,49.212,49.955
2018-07-23 04:00:00,452.492,554.516,86.983,83.86,417.398,124.621,53.806,52.789
2018-07-23 05:00:00,533.525,626.142,97.432,94.19,475.872,151.603,64.692,64.192
2018-07-23 06:00:00,623.617,736.486,110.489,114.755,575.365,188.797,81.476,78.281
2018-07-23 07:00:00,682.633,826.798,125.725,126.823,659.969,213.331,92.82,87.156
2018-07-23 08:00:00,743.889,917.182,139.426,144.713,734.56,238.643,98.126,95.94
2018-07-23 09:00:00,791.033,1012.961,156.256,157.613,800.838,256.043,100.426,106.52
2018-07-23 10:00:00,848.883,1089.306,175.73,168.112,840.432,274.766,111.417,110.019
2018-07-23 11:00:00,876.178,1083.252,190.807,175.801,888.184,286.506,122.166,114.971
2018-07-23 12:00:00,871.728,1108.93,192.857,182.335,897.609,296.309,125.151,119.342
2018-07-23 13:00:00,878.38,1046.792,194.17,185.044,886.199,305.42,127.032,120.052
2018-07-23 14:00:00,904.097,1081.475,196.227,183.204,879.146,308.414,134.561,120.216
2018-07-23 15:00:00,922.415,1122.44,198.462,189.53,897.063,316.731,138.674,124.708
2018-07-23 16:00:00,930.187,1124.634,206.582,189.284,919.426,321.2,143.456,125.863
2018-07-23 17:00:00,877.528,1040.68,203.122,181.687,892.682,314.411,137.8,125.311
2018-07-23 18:00:00,826.249,979.747,194.749,175.082,852.898,298.883,130.353,115.118
2018-07-23 19:00:00,779.386,941.489,181.598,174.695,812.354,283.552,127.743,108.044
2018-07-23 20:00:00,736.15,868.3,169.455,158.639,757.981,253.419,116.56,99.936
2018-07-23 21:00:00,655.593,746.969,147.851,130.551,659.984,220.312,101.508,95.013
2018-07-23 22:00:00,549.917,644.226,122.7,110.633,541.952,182.017,82.646,77.219
2018-07-23 23:00:00,477.278,563.076,106.356,96.128,469.987,151.528,67.217,66.387
2018-07-24 00:00:00,430.089,517.187,95.204,87.269,421.601,141.629,59.842,57.235
2018-07-24 01:00:00,411.984,496.847,89.977,81.782,399.849,126.4,55.348,54.129
2018-07-24 02:00:00,410.08,498.62,87.965,79.881,389.154,120.377,52.931,52.673
2018-07-24 03:00:00,418.583,511.146,88.861,80.751,393.78,121.467,52.299,52.194
2018-07-24 04:00:00,461.073,543.009,94.587,86.157,419.408,129.986,55.363,55.182
2018-07-24 05:00:00,536.021,639.013,111.126,102.289,499.243,152.243,66.975,66.942
2018-07-24 06:00:00,656.787,801.676,134.896,122.747,631.307,192.473,85.811,83.625
2018-07-24 07:00:00,743.425,935.971,152.51,139.096,725.65,221.26,90.948,91.603
2018-07-24 08:00:00,851.282,1067.321,171.901,162.339,802.067,250.226,101.005,109.201
2018-07-24 09:00:00,935.012,1185.617,185.457,182.07,895.104,276.438,117.313,116.365
2018-07-24 10:00:00,955.259,1277.584,202.538,195.809,976.726,284.198,120.047,118.24
2018-07-24 11:00:00,996.724,1350.956,218.058,206.127,1032.344,279.31,114.462,114.495
2018-07-24 12:00:00,1015.524,1355.923,213.274,210.84,1041.33,283.362,119.24,114.611
2018-07-24 13:00:00,1009.354,1335.853,210.984,210.902,1033.41,291.312,120.929,113.936
2018-07-24 14:00:00,1017.581,1271.699,205.782,204.692,1012.179,313.777,135.778,119.669
2018-07-24 15:00:00,1000.16,1229.374,211.468,215.159,1014.171,332.74,143.964,126.498
2018-07-24 16:00:00,979.067,1280.767,215.899,204.637,989.151,337.98,146.969,130.044
2018-07-24 17:00:00,912.835,1199.25,206.668,195.539,950.987,322.326,139.077,125.341
2018-07-24 18:00:00,863.588,1117.304,195.376,186.166,899.702,311.976,133.08,118.052
2018-07-24 19:00:00,812.373,1045.049,185.105,176.101,843.685,292.873,127.714,109.785
2018-07-24 20:00:00,755.737,950.119,171.977,163.093,779.842,260.775,118.858,103.806
2018-07-24 21:00:00,671.394,815.691,148.938,138.216,671.287,218.156,99.236,89.332
2018-07-24 22:00:00,571.002,684.202,125.58,113.4,563.606,181.269,81.06,75.638
2018-07-24 23:00:00,493.308,601.917,104.41,97.632,483.711,155.143,68.597,66.031
2018-07-25 00:00:00,448.882,548.64,93.823,90.146,436.407,140.161,60.921,59.406
2018-07-25 01:00:00,426.585,523.001,88.255,85.212,415.225,130.458,56.971,56.614
2018-07-25 02:00:00,416.745,522.759,86.986,83.458,403.748,125.093,53.903,58.096
2018-07-25 03:00:00,423.062,539.819,87.154,84.783,414.903,126.573,54.055,58.447
2018-07-25 04:00:00,462.336,568.619,91.283,91.527,452.472,135.798,59.637,58.515
2018-07-25 05:00:00,543.272,651.424,107.051,102.947,517.889,163.716,76.054,69.072
2018-07-25 06:00:00,635.481,798.712,122.454,122.497,631.269,209.128,91.423,82.714
2018-07-25 07:00:00,709.31,920.01,140.137,145.039,716.774,238.004,99.532,96.502
2018-07-25 08:00:00,752.468,982.304,155.461,157.948,789.301,260.867,108.993,110.739
2018-07-25 09:00:00,783.304,1054.132,150.025,160.612,827.313,265.255,113.173,113.016
2018-07-25 10:00:00,802.825,1116.128,152.451,155.489,806.324,283.66,112.559,112.386
2018-07-25 11:00:00,828.879,1094.254,159.617,154.368,805.025,290.938,120.88,115.788
2018-07-25 12:00:00,824.502,1060.926,157.753,155.732,793.45,278.245,114.227,114.738
2018-07-25 13:00:00,799.195,1036.127,156.488,158.71,805.827,256.558,110.177,109.856
2018-07-25 14:00:00,784.138,1010.431,154.867,157.625,780.453,249.106,106.269,100.539
2018-07-25 15:00:00,796.264,988.173,156.809,157.939,769.62,258.981,109.314,105.043
2018-07-25 16:00:00,779.062,984.454,158.769,158.835,766.315,282.776,122.031,108.265
2018-07-25 17:00:00,753.277,942.82,158.345,150.397,736.389,266.374,114.785,102.879
2018-07-25 18:00:00,714.874,869.422,156.797,141.732,703.048,246.246,114.453,98.401
2018-07-25 19:00:00,697.569,843.3,154.909,142.566,701.811,237.15,109.74,93.574
2018-07-25 20:00:00,679.463,795.593,144.317,138.912,673.315,226.331,103.532,92.515
2018-07-25 21:00:00,588.486,696.843,133.024,117.264,591.884,197.861,86.612,77.835
2018-07-25 22:00:00,495.118,592.371,106.368,96.82,490.172,159.385,74.562,65.111
2018-07-25 23:00:00,432.431,527.394,89.192,85.706,425.305,135.677,63.209,58.876
2018-07-26 00:00:00,390.473,487.272,81.286,76.798,379.864,119.706,52.742,52.829
2018-07-26 01:00:00,365.47,463.075,74.462,71.36,360.483,109.284,48.551,48.316
2018-07-26 02:00:00,361.439,460.094,73.922,70.261,348.593,108.162,46.945,47.306
2018-07-26 03:00:00,364.466,471.626,74.803,69.168,348.553,109.012,46.632,47.788
2018-07-26 04:00:00,400.199,502.827,79.003,73.111,367.051,116.076,50.515,50.752
2018-07-26 05:00:00,463.454,593.717,93.076,86.863,436.618,134.488,63.998,61.687
2018-07-26 06:00:00,564.217,718.933,112.919,109.677,551.465,167.038,74.863,69.578
2018-07-26 07:00:00,639.206,821.602,126.227,126.261,646.108,198.619,86.655,77.262
2018-07-26 08:00:00,713.834,915.677,137.969,138.595,719.296,227.682,94.596,91.133
2018-07-26 09:00:00,786.199,1006.038,149.64,154.527,801.976,245.345,104.251,101.721
2018-07-26 10:00:00,839.057,1098.466,164.8,170.6,860.306,268.436,114.233,111.009
2018-07-26 11:00:00,858.777,1180.513,174.606,176.232,889.507,281.921,119.353,114.355
2018-07-26 12:00:00,879.113,1108.751,179.793,179.629,908.363,295.519,127.528,118.66
2018-07-26 13:00:00,919.35,1011.441,184.582,185.603,918.652,308.43,131.694,119.421
2018-07-26 14:00:00,977.53,1009.839,187.663,194.247,947.293,302.198,129.212,114.78
2018-07-26 15:00:00,1017.06,1067.305,192.875,202.946,984.77,275.288,118.702,109.096
2018-07-26 16:00:00,1031.846,1114.824,199.258,201.473,976.096,257.807,115.397,106.132
2018-07-26 17:00:00,992.722,1122.677,205.785,206.918,980.596,260.683,116.065,102.947
2018-07-26 18:00:00,953.65,1046.493,203.883,192.723,909.267,265.64,117.774,102.643
2018-07-26 19:00:00,893.557,972.725,188.944,174.211,834.566,256.348,115.185,103.034
2018-07-26 20:00:00,821.548,889.21,169.038,156.596,748.437,242.943,103.641,93.321
2018-07-26 21:00:00,697.53,763.821,136.872,129.408,632.954,200.04,83.724,84.37
2018-07-26 22:00:00,569.012,633.482,112.228,105.053,502.644,152.785,66.505,67.295
2018-07-26 23:00:00,486.375,534.765,98.078,87.103,421.975,125.607,56.436,54.784
2018-07-27 00:00:00,428.131,482.412,89.769,75.549,373.514,113.562,48.616,49.255
2018-07-27 01:00:00,388.44,450.374,76.945,69.442,344.246,103.388,46.434,46.987
2018-07-27 02:00:00,369.557,439.189,71.748,65.176,325.911,98.662,42.089,42.658
2018-07-27 03:00:00,363.328,450.804,68.823,65.73,331.663,97.302,42.057,43.398
2018-07-27 04:00:00,386.658,480.719,72.346,71.02,356.693,104.492,47.281,45.72
2018-07-27 05:00:00,448.263,561.464,82.794,82.019,415.096,126.473,54.518,55.147
2018-07-27 06:00:00,578.732,705.455,105.302,101.431,534.755,161.363,69.595,72.812
2018-07-27 07:00:00,723.704,841.143,130.981,127.26,654.756,190.659,82.726,81.073
2018-07-27 08:00:00,864.58,1010.651,156.825,151.67,788.351,233.198,94.959,100.118
2018-07-27 09:00:00,978.524,1157.637,182.934,185.301,934.908,279.788,115.153,114.895
2018-07-27 10:00:00,1048.523,1281.564,204.454,208.681,1009.324,310.744,129.766,124.863
2018-07-27 11:00:00,1082.655,1352.767,216.966,215.976,1072.828,342.364,144.836,135.076
2018-07-27 12:00:00,1055.26,1364.507,220.083,218.816,1088.791,351.006,149.829,141.736
2018-07-27 13:00:00,945.274,1356.718,223.309,224.053,1094.297,350.422,148.19,135.992
2018-07-27 14:00:00,806.269,1284.782,217.265,227.582,1085.209,357.013,149.426,133.55
2018-07-27 15:00:00,810.339,1201.677,210.461,221.266,1047.005,358.984,154.445,135.807
2018-07-27 16:00:00,868.401,1150.172,208.732,208.405,999.103,356.642,151.68,136.38
2018-07-27 17:00:00,863.263,1059.01,201.627,195.337,930.017,331.515,146.296,121.899
2018-07-27 18:00:00,804.339,963.1,185.356,187.027,873.105,302.91,136.512,113.686
2018-07-27 19:00:00,767.039,920.654,175.956,180.425,821.354,281.012,127.459,115.695
2018-07-27 20:00:00,689.607,845.563,155.176,157.798,741.026,266.718,117.62,105.567
2018-07-27 21:00:00,584.924,704.75,131.994,132.249,622.995,231.509,103.347,91.283
2018-07-27 22:00:00,479.344,587.627,109.199,102.011,495.764,188.618,82.86,82.741
2018-07-27 23:00:00,412.355,503.449,89.427,84.179,418.615,153.495,69.592,65.803
2018-07-28 00:00:00,373.055,451.129,77.624,74.454,374.309,136.347,60.682,60.935
2018-07-28 01:00:00,350.235,423.274,73.816,69.764,352.118,123.536,53.181,56.345
2018-07-28 02:00:00,335.182,426.448,67.926,67.013,336.862,119.509,50.507,55.165
2018-07-28 03:00:00,324.396,423.587,66.683,63.801,322.646,118.277,48.376,54.229
2018-07-28 04:00:00,327.728,412.704,65.916,63.626,320.327,120.087,48.689,53.667
2018-07-28 05:00:00,335.732,434.673,68.292,64.276,335.56,124.523,52.519,53.496
2018-07-28 06:00:00,409.528,533.698,85.034,76.351,411.309,149.301,65.503,62.278
2018-07-28 07:00:00,502.45,663.371,110.89,101.515,527.657,187.468,76.312,73.813
2018-07-28 08:00:00,594.918,792.086,128.048,128.818,648.224,220.615,91.22,82.689
2018-07-28 09:00:00,688.631,919.614,147.318,155.243,745.077,257.216,107.815,98.29
2018-07-28 10:00:00,753.351,1016.486,158.753,172.363,831.527,281.836,117.66,107.378
2018-07-28 11:00:00,822.379,1072.949,170.813,190.331,909.508,303.343,131.537,119.318
2018-07-28 12:00:00,870.232,1131.539,186.203,191.556,931.9,322.084,133.771,126.44
2018-07-28 13:00:00,915.974,1192.855,189.623,193.89,944.613,322.25,133.442,124.33
2018-07-28 14:00:00,954.857,1212.577,196.115,197.997,963.82,322.561,136.623,124.92
2018-07-28 15:00:00,919.624,1208.616,204.723,209.589,984.438,331.975,146.397,130.302
2018-07-28 16:00:00,853.935,1152.502,194.529,208.256,984.304,342.416,146.657,130.871
2018-07-28 17:00:00,821.519,1063.524,170.356,188.407,909.707,330.628,139.004,126.571
2018-07-28 18:00:00,788.41,945.954,163.584,163.488,818.205,302.588,126.235,112.436
2018-07-28 19:00:00,750.492,902.004,158.555,152.152,759.706,278.376,118.352,111.498
2018-07-28 20:00:00,687.562,836.434,151.428,142.526,692.905,251.829,110.388,103.817
2018-07-28 21:00:00,595.334,712.963,128.093,120.958,591.595,212.941,89.774,89.237
2018-07-28 22:00:00,481.635,592.235,100.992,97.344,481.11,166.706,69.455,69.259
2018-07-28 23:00:00,412.277,521.633,84.346,82.609,422.53,136.092,59.696,58.347
2018-07-29 00:00:00,368.104,459.555,73.548,72.703,356.005,119.063,53.016,51.712
2018-07-29 01:00:00,344.726,423.315,66.722,65.991,328.294,108.594,47.038,46.619
2018-07-29 02:00:00,328.801,405.689,63.221,61.191,308.282,102.627,44.654,45.172
2018-07-29 03:00:00,314.472,398.72,61.53,59.233,296.952,99.187,43.61,43.633
2018-07-29 04:00:00,311.383,394.257,62.785,58.447,300.252,101.233,44.011,43.106
2018-07-29 05:00:00,314.269,394.454,64.054,59.547,302.194,110.265,47.689,45.025
2018-07-29 06:00:00,376.436,464.273,77.403,75.526,371.415,133.863,62.042,55.203
2018-07-29 07:00:00,492.114,586.199,98.068,100.314,481.867,169.439,76.345,68.214
2018-07-29 08:00:00,574.965,694.131,119.596,121.938,577.311,204.699,89.832,82.558
2018-07-29 09:00:00,633.16,786.776,127.47,135.787,655.737,233.521,95.655,87.193
2018-07-29 10:00:00,679.55,844.029,136.751,150.669,693.969,261.976,105.871,91.246
2018-07-29 11:00:00,715.929,884.346,151.438,162.885,755.992,250.552,112.442,97.112
2018-07-29 12:00:00,734.357,901.213,156.004,167.528,772.709,260.973,113.808,99.038
2018-07-29 13:00:00,759.732,936.947,156.046,171.859,780.582,266.682,122.803,104.023
2018-07-29 14:00:00,804.707,971.264,168.602,180.363,818.325,278.068,119.219,112.205
2018-07-29 15:00:00,838.234,986.792,175.285,180.318,842.605,280.906,123.069,112.487
2018-07-29 16:00:00,847.585,985.138,187.513,179.502,854.99,294.351,134.074,118.803
2018-07-29 17:00:00,831.663,980.327,190.362,180.175,843.479,287.839,128.727,113.109
2018-07-29 18:00:00,802.364,916.344,175.378,167.683,787.307,268.599,119.436,107.825
2018-07-29 19:00:00,728.59,847.755,167.728,150.96,707.418,241.482,111.13,93.467
2018-07-29 20:00:00,668.215,766.613,144.337,135.553,650.05,214.828,101.793,82.551
2018-07-29 21:00:00,548.792,655.712,122.739,115.732,551.771,184.298,77.83,70.634
2018-07-29 22:00:00,432.044,534.947,98.631,89.497,438.16,147.217,67.628,59.756
2018-07-29 23:00:00,363.545,461.522,81.022,72.838,364.709,118.699,56.412,48.828
2018-07-30 00:00:00,324.575,419.968,71.229,62.994,330.771,100.63,47.764,42.767
2018-07-30 01:00:00,305.866,384.808,65.052,57.983,299.363,91.313,43.986,38.936
2018-07-30 02:00:00,297.408,377.221,61.65,55.52,286.203,88.317,41.63,37.481
2018-07-30 03:00:00,301.627,392.055,62.578,54.327,288.502,88.113,40.786,37.477
2018-07-30 04:00:00,335.259,422.142,67.331,59.723,316.655,95.147,40.445,39.238
2018-07-30 05:00:00,387.294,476.946,77.466,67.65,357.872,111.198,47.686,49.962
2018-07-30 06:00:00,486.945,590.616,95.682,90.269,443.916,141.755,59.899,65.861
2018-07-30 07:00:00,556.782,699.213,112.688,109.837,532.804,165.524,77.091,72.192
2018-07-30 08:00:00,649.252,817.985,127.893,126.098,650.63,191.302,89.586,86.365
2018-07-30 09:00:00,740.771,959.779,148.387,149.96,746.531,234.31,101.768,99.933
2018-07-30 10:00:00,779.344,1054.757,159.645,163.933,830.374,262.501,110.516,106.938
2018-07-30 11:00:00,822.688,1095.495,166.338,170.543,872.86,263.745,112.409,111.668
2018-07-30 12:00:00,832.074,1116.116,177.851,175.876,876.922,276.1,116.545,116.606
2018-07-30 13:00:00,810.651,1106.675,175.546,171.828,851.07,273.527,118.893,115.866
2018-07-30 14:00:00,789.071,1085.171,169.968,161.106,803.313,263.854,118.506,109.542
2018-07-30 15:00:00,788.991,1073.363,167.343,154.001,773.383,254.439,107.832,104.205
2018-07-30 16:00:00,789.95,1045.282,173.194,157.883,772.814,261.029,110.157,106.107
2018-07-30 17:00:00,758.212,980.5,168.166,148.579,748.906,256.589,111.821,100.364
2018-07-30 18:00:00,718.187,884.422,157.046,137.827,700.403,244.393,105.106,96.223
2018-07-30 19:00:00,682.367,825.383,152.432,131.754,682.603,239.303,107.028,95.695
2018-07-30 20:00:00,636.407,777.947,138.817,122.799,621.493,216.104,95.464,87.497
2018-07-30 21:00:00,535.303,668.167,119.472,103.017,531.314,174.15,82.74,73.62
2018-07-30 22:00:00,437.297,538.697,97.429,82.333,413.805,136.123,64.633,59.829
2018-07-30 23:00:00,364.588,458.238,79.693,70.377,344.401,115.294,54.546,48.626
2018-07-31 00:00:00,328.367,407.114,70.309,61.336,310.042,100.891,45.251,44.066
2018-07-31 01:00:00,309.649,379.115,64.379,56.011,287.757,91.654,41.279,40.901
2018-07-31 02:00:00,304.372,376.193,60.122,53.455,279.391,90.292,39.251,39.005
2018-07-31 03:00:00,304.905,384.58,60.872,54.16,282.793,89.292,39.521,39.781
2018-07-31 04:00:00,338.004,421.713,65.481,60.162,306.208,97.487,42.051,42.084
2018-07-31 05:00:00,390.733,476.875,75.281,67.337,354.486,113.131,50.923,46.676
2018-07-31 06:00:00,480.078,599.112,89.943,86.11,442.87,139.464,59.444,61.662
2018-07-31 07:00:00,549.223,718.756,108.092,103.842,543.01,167.057,70.11,70.114
2018-07-31 08:00:00,639.073,827.954,130.165,122.85,660.418,193.775,79.652,81.997
2018-07-31 09:00:00,769.363,959.992,150.169,149.385,768.676,223.162,97.885,96.131
2018-07-31 10:00:00,841.417,1058.841,166.686,167.851,845.868,255.279,109.689,105.33
2018-07-31 11:00:00,882.995,1119.392,181.806,174.459,889.498,270.264,117.688,119.212
2018-07-31 12:00:00,902.616,1142.268,188.252,185.977,926.286,287.248,119.149,120.198
2018-07-31 13:00:00,901.126,1164.474,194.968,193.128,951.926,302.031,124.695,124.174
2018-07-31 14:00:00,914.541,1178.883,197.865,196.556,938.849,313.117,128.557,123.732
2018-07-31 15:00:00,937.554,1209.966,203.998,199.008,946.593,328.435,140.156,129.985
2018-07-31 16:00:00,934.033,1218.4,212.819,202.459,958.166,337.848,141.141,127.797
2018-07-31 17:00:00,877.48,1158.04,202.367,194.75,920.306,318.111,136.255,123.965
2018-07-31 18:00:00,821.301,1058.673,187.675,175.307,842.435,293.096,129.893,114.36
2018-07-31 19:00:00,772.136,974.21,175.75,167.053,774.783,271.385,121.312,106.763
2018-07-31 20:00:00,707.781,882.246,159.893,146.735,709.783,247.583,108.647,99.363
2018-07-31 21:00:00,597.997,735.625,133.665,118.109,591.355,204.92,87.754,86.263
2018-07-31 22:00:00,489.424,607.802,106.179,96.663,477.625,160.245,70.062,65.617
2018-07-31 23:00:00,409.302,521.71,87.426,78.09,388.715,125.737,59.694,53.211
2018-08-01 00:00:00,359.682,462.823,75.289,69.055,343.08,105.195,49.431,45.607
2018-08-01 01:00:00,340.806,430.518,70.952,63.906,324.255,95.822,45.235,43.13
2018-08-01 02:00:00,335.232,427.47,68.401,61.953,314.701,94.183,41.385,41.004
2018-08-01 03:00:00,340.522,443.78,70.118,63.738,321.008,95.045,41.46,41.787
2018-08-01 04:00:00,373.588,479.58,75.295,68.799,353.127,104.179,46.153,43.923
2018-08-01 05:00:00,437.432,548.825,87.462,82.202,401.384,121.807,54.547,51.807
2018-08-01 06:00:00,524.751,645.882,102.468,94.745,480.644,146.449,67.935,67.926
2018-08-01 07:00:00,581.338,709.354,116.895,99.768,535.29,166.093,75.187,71.596
2018-08-01 08:00:00,648.378,786.377,118.742,109.632,586.404,189.633,82.65,78.865
2018-08-01 09:00:00,698.374,831.504,129.202,122.06,642.411,205.553,84.26,88.731
2018-08-01 10:00:00,733.3,863.216,137.774,137.753,720.173,222.287,89.465,101.996
2018-08-01 11:00:00,742.743,903.859,139.727,150.329,798.36,243.214,101.533,107.945
2018-08-01 12:00:00,776.564,922.32,148.197,158.123,824.932,255.307,108.27,106.445
2018-08-01 13:00:00,782.896,937.567,162.356,166.17,829.997,250.252,109.329,103.266
2018-08-01 14:00:00,780.442,967.106,162.303,176.949,859.298,261.473,110.675,105.371
2018-08-01 15:00:00,862.83,964.722,169.048,173.254,847.106,286.943,126.144,114.263
2018-08-01 16:00:00,945.808,1034.477,187.609,179.783,860.598,303.032,130.221,118.925
2018-08-01 17:00:00,926.131,1053.378,200.748,190.863,888.995,301.803,129.578,113.924
2018-08-01 18:00:00,871.422,982.818,190.336,180.578,854.16,278.314,122.404,111.453
2018-08-01 19:00:00,829.576,968.834,180.538,167.188,814.309,269.766,120.551,104.716
2018-08-01 20:00:00,781.415,901.637,165.629,160.228,766.939,258.921,109.438,98.536
2018-08-01 21:00:00,689.429,777.176,137.627,138.842,641.88,216.783,94.575,89.51
2018-08-01 22:00:00,571.032,645.854,111.82,110.969,533.11,176.836,77.461,76.716
2018-08-01 23:00:00,498.752,578.246,98.402,93.955,461.423,149.62,65.564,63.27
2018-08-02 00:00:00,452.631,532.732,86.46,86.85,424.301,135.161,60.418,57.665
2018-08-02 01:00:00,421.691,507.257,82.911,81.238,400.723,128.237,58.169,56.398
2018-08-02 02:00:00,412.801,508.298,82.333,81.338,397.768,129.009,57.969,56.629
2018-08-02 03:00:00,419.543,532.057,85.335,84.645,412.613,132.298,58.921,57.407
2018-08-02 04:00:00,455.575,588.112,90.856,92.189,445.897,143.399,61.753,64.877
2018-08-02 05:00:00,535.439,675.751,101.795,105.472,509.469,166.471,75.863,69.23
2018-08-02 06:00:00,668.706,822.94,122.269,128.192,643.528,211.048,91.365,84.864
2018-08-02 07:00:00,796.514,976.75,146.099,156.096,783.546,261.803,111.455,103.329
2018-08-02 08:00:00,904.787,1111.069,173.175,181.1,891.594,299.992,128.208,119.058
2018-08-02 09:00:00,994.724,1239.738,196.311,200.283,983.133,326.326,143.624,132.792
2018-08-02 10:00:00,1022.148,1323.335,207.566,214.287,1055.934,348.863,153.56,134.397
2018-08-02 11:00:00,1064.708,1379.574,212.172,221.766,1097.339,357.096,154.448,135.479
2018-08-02 12:00:00,1073.426,1397.4,220.794,227.815,1120.738,368.24,149.213,142.303
2018-08-02 13:00:00,1058.933,1386.655,224.011,234.858,1129.55,373.194,157.574,143.387
2018-08-02 14:00:00,1007.947,1372.364,222.141,238.287,1139.303,382.845,162.116,149.42
2018-08-02 15:00:00,944.243,1259.146,214.52,233.305,1117.821,385.663,162.816,145.223
2018-08-02 16:00:00,907.401,1101.062,198.236,209.075,1004.49,372.836,158.497,143.381
2018-08-02 17:00:00,863.301,1015.539,190.526,185.815,905.04,340.571,147.013,129.344
2018-08-02 18:00:00,833.613,939.946,189.573,179.902,862.164,319.296,134.774,116.861
2018-08-02 19:00:00,813.353,919.434,186.306,171.883,838.149,294.588,128.921,112.798
2018-08-02 20:00:00,739.897,857.047,165.427,159.723,773.002,273.121,119.227,106.627
2018-08-02 21:00:00,651.316,748.722,141.0,133.22,658.014,227.61,103.068,98.932
2018-08-02 22:00:00,547.797,631.307,117.684,108.551,543.37,189.051,85.784,80.61
2018-08-02 23:00:00,474.668,553.621,97.973,95.348,471.569,162.313,71.706,68.502
2018-08-03 00:00:00,427.372,504.488,89.055,88.495,429.618,141.137,62.415,61.216
2018-08-03 01:00:00,393.745,477.531,83.47,82.138,403.812,130.621,57.023,56.953
2018-08-03 02:00:00,382.215,476.645,81.216,79.295,386.477,127.775,55.619,55.108
2018-08-03 03:00:00,384.363,490.028,79.166,79.018,390.02,125.466,55.152,54.313
2018-08-03 04:00:00,427.108,528.184,87.515,86.361,419.893,136.612,62.058,57.862
2018-08-03 05:00:00,503.957,618.256,100.987,98.54,483.427,159.12,70.435,67.951
2018-08-03 06:00:00,645.898,768.241,124.154,116.917,602.675,204.838,86.249,80.555
2018-08-03 07:00:00,740.071,883.118,146.037,141.216,717.588,247.093,107.864,98.886
2018-08-03 08:00:00,812.686,1013.233,169.407,170.504,847.726,290.879,121.417,120.252
2018-08-03 09:00:00,905.394,1152.004,184.225,190.164,957.005,326.445,135.196,129.946
2018-08-03 10:00:00,986.458,1238.601,189.774,203.134,1013.191,341.824,142.349,135.582
2018-08-03 11:00:00,1016.857,1300.511,199.907,215.215,1061.8,358.167,148.844,137.933
2018-08-03 12:00:00,1034.582,1350.754,209.55,225.043,1090.736,360.698,152.675,138.983
2018-08-03 13:00:00,1028.849,1336.795,206.765,230.587,1103.509,360.851,154.424,137.143
2018-08-03 14:00:00,987.999,1322.996,209.842,226.134,1089.064,367.35,156.297,140.597
2018-08-03 15:00:00,912.296,1310.429,206.503,218.985,1051.447,365.22,153.49,141.62
2018-08-03 16:00:00,845.886,1251.854,196.518,211.434,1009.493,372.769,154.054,139.914
2018-08-03 17:00:00,811.337,1129.265,182.185,195.788,933.751,345.073,151.853,130.531
2018-08-03 18:00:00,783.603,994.265,171.661,177.657,868.447,318.589,144.966,124.085
2018-08-03 19:00:00,750.842,944.981,170.131,165.663,832.893,302.563,138.39,120.938
2018-08-03 20:00:00,708.056,874.344,162.622,153.282,759.949,279.735,129.721,112.5
2018-08-03 21:00:00,628.812,750.942,140.354,127.308,641.045,241.705,103.987,94.605
2018-08-03 22:00:00,517.074,630.307,116.68,112.026,532.283,200.079,86.275,78.704
2018-08-03 23:00:00,455.346,551.181,95.382,102.721,477.048,169.33,73.826,68.724
2018-08-04 00:00:00,422.307,510.866,86.95,92.165,449.386,152.15,63.449,63.73
2018-08-04 01:00:00,413.647,487.64,82.713,85.083,425.858,137.363,58.872,59.894
2018-08-04 02:00:00,403.362,496.188,81.78,82.565,413.813,129.032,55.771,58.992
2018-08-04 03:00:00,399.451,501.976,81.899,81.617,410.524,126.719,53.565,57.745
2018-08-04 04:00:00,408.573,512.571,82.34,86.194,420.77,132.019,55.653,59.551
2018-08-04 05:00:00,426.286,530.998,85.03,86.256,431.249,139.202,58.679,61.6
2018-08-04 06:00:00,486.868,598.845,96.96,96.504,500.065,164.176,71.174,71.407
2018-08-04 07:00:00,553.734,655.159,114.179,116.471,569.134,193.979,84.071,82.64
2018-08-04 08:00:00,614.307,693.413,123.044,122.975,629.308,212.519,92.706,95.69
2018-08-04 09:00:00,639.282,735.504,130.071,124.075,632.18,213.385,93.495,89.471
2018-08-04 10:00:00,665.758,771.846,135.518,133.066,639.74,214.985,95.17,82.279
2018-08-04 11:00:00,720.807,816.819,138.3,141.409,664.852,212.063,89.772,85.86
2018-08-04 12:00:00,753.751,892.119,138.101,140.267,703.644,217.747,95.228,83.969
2018-08-04 13:00:00,804.056,971.619,148.522,154.763,765.323,228.711,97.411,88.556
2018-08-04 14:00:00,876.611,1059.693,168.867,174.984,818.885,245.202,99.435,96.801
2018-08-04 15:00:00,962.785,1110.757,190.461,185.083,878.095,254.822,110.222,104.55
2018-08-04 16:00:00,1025.604,1129.556,207.421,197.366,958.049,276.859,117.818,110.154
2018-08-04 17:00:00,1002.548,1102.781,206.096,199.899,969.296,291.789,122.321,114.63
2018-08-04 18:00:00,934.904,1064.011,204.205,190.709,920.304,281.478,117.97,115.715
2018-08-04 19:00:00,853.146,1000.248,188.011,174.506,851.388,265.757,112.15,108.824
2018-08-04 20:00:00,782.484,920.933,173.994,155.947,757.942,247.092,103.384,102.704
2018-08-04 21:00:00,659.215,775.047,151.638,136.17,647.801,210.05,88.229,83.462
2018-08-04 22:00:00,529.706,635.206,116.4,104.915,512.639,163.432,70.354,68.175
2018-08-04 23:00:00,449.013,549.533,95.866,84.426,430.711,134.007,57.622,57.806
2018-08-05 00:00:00,390.618,479.96,83.42,72.306,368.636,115.0,50.305,50.804
2018-08-05 01:00:00,355.312,447.299,76.808,65.923,333.79,107.555,46.929,46.801
2018-08-05 02:00:00,339.862,426.493,69.587,61.72,310.447,103.538,43.422,45.454
2018-08-05 03:00:00,327.818,411.09,69.692,60.669,302.265,102.377,41.949,44.257
2018-08-05 04:00:00,328.834,408.392,69.01,60.509,308.477,106.553,42.52,45.915
2018-08-05 05:00:00,330.292,406.036,70.474,63.577,311.489,113.309,45.15,47.135
2018-08-05 06:00:00,406.072,498.382,87.269,80.991,386.67,138.612,59.078,58.94
2018-08-05 07:00:00,541.917,625.107,108.285,110.983,525.966,175.041,79.205,74.061
2018-08-05 08:00:00,685.27,764.634,147.012,142.336,664.466,220.078,96.477,90.031
2018-08-05 09:00:00,801.027,882.489,155.09,167.47,775.472,270.686,121.637,108.143
2018-08-05 10:00:00,877.583,974.963,174.929,189.693,873.651,300.719,132.058,117.09
2018-08-05 11:00:00,924.974,1075.934,190.772,200.048,942.724,316.306,136.177,118.11
2018-08-05 12:00:00,941.144,1157.459,198.25,213.247,985.856,331.833,141.413,124.649
2018-08-05 13:00:00,977.656,1183.906,203.767,224.805,1030.243,340.841,146.591,125.981
2018-08-05 14:00:00,988.932,1190.791,209.907,230.166,1050.89,351.048,147.895,128.448
2018-08-05 15:00:00,1025.224,1202.989,213.302,233.449,1066.864,359.735,151.59,134.552
2018-08-05 16:00:00,1026.361,1231.132,221.524,234.229,1066.909,363.93,152.534,135.316
2018-08-05 17:00:00,976.865,1200.18,218.033,221.23,1009.553,347.276,154.298,133.043
2018-08-05 18:00:00,911.798,1120.769,205.892,200.736,937.28,338.167,143.16,127.479
2018-08-05 19:00:00,856.436,1053.063,196.301,178.961,855.12,305.364,130.69,120.865
2018-08-05 20:00:00,776.271,958.325,178.84,160.411,772.447,270.055,119.991,111.06
2018-08-05 21:00:00,667.072,814.52,149.444,137.248,656.752,232.072,99.734,92.916
2018-08-05 22:00:00,550.77,681.61,122.073,109.104,531.161,185.619,82.243,76.348
2018-08-05 23:00:00,471.69,585.653,101.552,95.476,446.181,149.354,69.451,62.095
2018-08-06 00:00:00,429.622,537.381,90.754,80.898,399.943,129.4,60.777,56.04
2018-08-06 01:00:00,392.841,505.569,82.526,73.845,368.73,120.085,54.792,51.969
2018-08-06 02:00:00,370.397,486.659,77.511,69.328,346.566,116.407,50.286,50.463
2018-08-06 03:00:00,363.235,477.445,74.195,68.058,343.802,113.503,48.29,48.501
2018-08-06 04:00:00,399.66,511.767,81.143,71.371,368.012,119.247,51.598,52.935
2018-08-06 05:00:00,462.547,581.805,92.39,80.562,431.045,133.354,60.641,58.187
2018-08-06 06:00:00,592.659,709.362,110.244,100.059,534.732,173.151,74.033,70.971
2018-08-06 07:00:00,711.449,842.574,131.916,124.312,660.997,206.641,90.666,82.587
2018-08-06 08:00:00,859.173,959.234,156.373,153.916,787.134,240.829,102.352,97.26
2018-08-06 09:00:00,979.535,1090.671,187.833,186.412,941.161,295.556,119.609,120.076
2018-08-06 10:00:00,1078.89,1212.441,208.178,213.119,1058.665,330.628,134.167,130.326
2018-08-06 11:00:00,1129.327,1339.986,219.056,226.767,1118.399,356.386,145.874,139.274
2018-08-06 12:00:00,1138.975,1407.961,234.645,236.349,1149.325,362.372,149.657,143.107
2018-08-06 13:00:00,1139.046,1427.857,236.932,243.019,1162.431,368.173,153.935,146.503
2018-08-06 14:00:00,1141.411,1437.399,236.867,246.168,1156.411,380.206,162.843,145.566
2018-08-06 15:00:00,1138.541,1452.679,244.905,245.0,1164.652,390.937,161.125,152.425
2018-08-06 16:00:00,1130.933,1425.413,246.375,248.745,1177.669,391.907,162.848,153.084
2018-08-06 17:00:00,1054.264,1349.35,234.982,235.997,1125.256,378.776,163.275,147.421
2018-08-06 18:00:00,990.596,1239.677,226.727,217.23,1052.821,362.395,161.075,142.874
2018-08-06 19:00:00,946.741,1153.776,212.971,200.969,982.608,338.94,146.725,131.133
2018-08-06 20:00:00,866.601,1071.548,203.943,182.657,874.387,300.006,128.932,115.792
2018-08-06 21:00:00,742.839,908.018,167.921,150.434,734.724,255.735,109.743,107.934
2018-08-06 22:00:00,603.058,756.026,139.178,119.979,592.426,206.973,90.678,83.019
2018-08-06 23:00:00,510.676,661.278,116.952,103.236,499.094,171.053,76.176,71.009
2018-08-07 00:00:00,457.917,601.958,102.463,90.099,437.898,149.229,66.129,63.116
2018-08-07 01:00:00,430.499,562.262,94.268,81.387,404.093,134.17,59.384,57.597
2018-08-07 02:00:00,431.873,545.81,89.967,77.931,383.231,125.472,54.815,54.285
2018-08-07 03:00:00,433.597,549.005,87.194,76.703,380.079,120.157,54.741,53.139
2018-08-07 04:00:00,471.161,584.812,90.107,80.539,400.641,125.217,56.798,54.507
2018-08-07 05:00:00,532.415,663.187,101.999,92.897,458.301,146.461,67.562,62.942
2018-08-07 06:00:00,673.308,811.97,122.132,114.495,586.543,186.319,78.927,76.133
2018-08-07 07:00:00,820.587,972.932,146.19,147.753,735.67,226.247,97.462,97.954
2018-08-07 08:00:00,937.614,1127.349,175.334,177.522,885.573,285.587,120.122,120.786
2018-08-07 09:00:00,1046.899,1285.134,204.87,204.62,1005.729,333.23,138.847,131.697
2018-08-07 10:00:00,1104.656,1382.899,220.062,223.554,1088.519,358.081,152.696,139.825
2018-08-07 11:00:00,1131.834,1428.426,229.272,237.264,1150.622,367.424,153.589,141.79
2018-08-07 12:00:00,1131.255,1443.748,233.589,239.59,1156.871,375.12,152.392,142.92
2018-08-07 13:00:00,1110.509,1459.651,241.316,239.911,1168.334,376.547,156.543,144.786
2018-08-07 14:00:00,1072.261,1457.917,237.542,247.079,1166.716,382.758,162.247,147.996
2018-08-07 15:00:00,1061.906,1432.324,228.482,235.482,1122.63,386.871,163.705,146.794
2018-08-07 16:00:00,1056.575,1366.586,217.578,217.878,1029.954,380.379,159.561,142.736
2018-08-07 17:00:00,1004.165,1201.963,202.755,205.176,985.533,345.411,146.455,131.763
2018-08-07 18:00:00,932.935,1082.578,198.115,192.938,936.702,331.622,140.497,120.807
2018-08-07 19:00:00,878.177,1020.981,186.194,184.971,895.51,315.329,133.013,118.162
2018-08-07 20:00:00,801.303,897.208,173.466,171.673,825.392,281.328,123.496,111.964
2018-08-07 21:00:00,678.926,783.34,146.424,143.417,711.953,242.325,104.688,97.431
2018-08-07 22:00:00,562.257,654.838,119.689,118.486,576.268,200.444,86.53,84.157
2018-08-07 23:00:00,482.65,572.247,101.369,99.391,492.646,168.019,73.466,69.168
2018-08-08 00:00:00,430.64,522.821,89.668,87.649,436.824,147.569,63.743,61.713
2018-08-08 01:00:00,398.663,480.257,81.344,80.052,400.915,131.051,57.808,56.925
2018-08-08 02:00:00,381.795,472.934,77.977,76.303,379.346,125.977,54.696,54.188
2018-08-08 03:00:00,383.625,492.068,76.208,74.782,380.684,124.353,56.259,53.091
2018-08-08 04:00:00,412.323,528.031,79.89,81.067,401.798,134.518,57.868,57.318
2018-08-08 05:00:00,472.311,593.413,89.914,90.34,447.641,154.289,66.642,63.79
2018-08-08 06:00:00,578.971,719.524,110.225,110.123,572.549,191.245,81.261,75.062
2018-08-08 07:00:00,660.804,823.211,129.816,143.131,708.994,224.94,91.339,87.906
2018-08-08 08:00:00,763.165,907.882,149.112,166.394,832.542,265.199,110.919,103.68
2018-08-08 09:00:00,877.845,1008.0,169.344,184.969,922.663,300.937,124.703,123.157
2018-08-08 10:00:00,983.784,1124.255,188.445,201.078,992.72,328.814,136.98,130.518
2018-08-08 11:00:00,1053.003,1212.445,205.368,214.957,1068.687,345.499,152.253,138.294
2018-08-08 12:00:00,1068.261,1280.922,216.145,226.299,1096.557,354.091,154.013,141.021
2018-08-08 13:00:00,1066.219,1329.205,228.561,232.332,1102.456,353.369,151.332,138.518
2018-08-08 14:00:00,1076.718,1371.11,232.569,236.098,1108.848,358.979,152.719,140.862
2018-08-08 15:00:00,1089.092,1384.407,233.856,240.632,1118.579,368.105,157.932,148.868
2018-08-08 16:00:00,1063.556,1341.511,223.5,230.882,1094.956,371.876,159.42,148.342
2018-08-08 17:00:00,986.657,1274.074,198.746,205.547,965.011,356.006,156.378,138.871
2018-08-08 18:00:00,901.66,1163.867,181.172,181.655,847.105,337.794,145.006,134.675
2018-08-08 19:00:00,859.133,1071.803,173.255,166.675,827.891,321.139,142.065,125.746
2018-08-08 20:00:00,786.724,967.373,160.074,161.462,759.445,291.375,129.165,113.777
2018-08-08 21:00:00,674.407,826.906,137.876,141.562,659.882,242.452,111.632,97.627
2018-08-08 22:00:00,561.742,703.88,117.24,115.007,541.393,201.59,90.186,82.83
2018-08-08 23:00:00,490.512,600.797,99.983,96.109,463.768,170.676,73.528,72.477
2018-08-09 00:00:00,437.322,529.631,87.16,87.496,419.001,147.491,64.583,62.483
2018-08-09 01:00:00,409.228,496.387,83.323,78.874,389.719,133.345,59.42,58.485
2018-08-09 02:00:00,394.188,485.756,78.118,75.225,370.483,126.76,57.634,55.777
2018-08-09 03:00:00,396.156,494.433,76.736,77.448,376.249,124.682,57.881,54.818
2018-08-09 04:00:00,434.914,529.958,82.438,82.019,410.737,133.313,62.424,58.379
2018-08-09 05:00:00,507.015,602.806,92.397,90.888,461.431,154.54,70.962,67.828
2018-08-09 06:00:00,615.481,724.897,114.501,110.724,562.664,179.69,77.856,77.566
2018-08-09 07:00:00,745.193,866.65,133.133,131.374,664.259,207.468,90.775,89.043
2018-08-09 08:00:00,865.555,1000.244,153.776,160.764,794.933,248.171,102.67,101.282
2018-08-09 09:00:00,952.584,1127.216,176.754,188.762,941.037,281.781,120.834,115.18
2018-08-09 10:00:00,1002.04,1220.516,192.086,203.596,1003.752,301.696,132.649,127.481
2018-08-09 11:00:00,1042.216,1264.68,198.601,207.699,1031.493,323.053,140.561,125.115
2018-08-09 12:00:00,1030.78,1291.441,205.953,216.972,1057.623,332.582,138.522,129.944
2018-08-09 13:00:00,1022.855,1321.111,208.531,223.05,1065.23,346.897,143.764,136.876
2018-08-09 14:00:00,1042.822,1332.786,214.788,227.969,1076.263,354.384,152.276,136.97
2018-08-09 15:00:00,1065.204,1335.869,223.749,230.892,1090.692,354.373,148.297,140.656
2018-08-09 16:00:00,1019.82,1314.373,227.794,225.284,1098.064,366.634,154.04,139.89
2018-08-09 17:00:00,928.331,1216.115,212.889,222.572,1053.634,352.061,150.306,135.853
2018-08-09 18:00:00,873.919,1086.168,203.21,204.148,973.069,327.704,143.577,127.146
2018-08-09 19:00:00,808.587,1008.292,193.053,181.619,866.681,291.809,129.007,112.427
2018-08-09 20:00:00,733.697,899.134,176.781,160.756,763.273,254.133,112.5,104.326
2018-08-09 21:00:00,605.631,761.896,149.219,129.178,625.976,211.221,92.938,86.669
2018-08-09 22:00:00,484.245,640.5,110.795,103.388,496.347,163.264,71.619,65.443
2018-08-09 23:00:00,404.359,541.904,93.337,83.798,409.006,130.106,58.172,54.234
2018-08-10 00:00:00,359.173,469.261,81.106,75.789,363.139,112.87,50.958,48.624
2018-08-10 01:00:00,334.375,443.257,73.519,69.444,335.513,102.556,45.637,44.623
2018-08-10 02:00:00,321.483,430.945,70.77,63.243,317.779,96.303,42.377,42.143
2018-08-10 03:00:00,320.838,430.173,69.467,63.92,318.109,94.562,41.159,41.199
2018-08-10 04:00:00,357.998,462.16,72.142,65.172,338.743,102.709,48.87,43.236
2018-08-10 05:00:00,425.689,527.331,86.586,75.719,375.125,118.45,61.907,50.382
2018-08-10 06:00:00,525.291,666.297,103.182,95.388,483.364,153.695,70.316,63.242
2018-08-10 07:00:00,620.122,805.881,123.877,122.754,600.772,181.718,83.268,74.581
2018-08-10 08:00:00,761.812,940.605,145.564,141.512,718.185,218.171,101.211,90.117
2018-08-10 09:00:00,860.924,1087.277,161.583,164.689,844.624,259.952,113.889,105.362
2018-08-10 10:00:00,934.318,1170.525,179.422,193.378,929.973,285.095,124.025,121.276
2018-08-10 11:00:00,986.819,1225.95,194.102,198.794,996.139,314.546,132.138,126.469
2018-08-10 12:00:00,998.009,1226.026,204.356,200.699,1002.216,325.134,139.624,138.163
2018-08-10 13:00:00,993.708,1157.218,204.753,210.135,1013.742,334.603,141.742,135.956
2018-08-10 14:00:00,972.826,1096.671,212.468,220.443,1041.11,341.208,145.676,137.03
2018-08-10 15:00:00,969.687,1122.699,223.214,225.051,1061.328,339.709,148.172,134.855
2018-08-10 16:00:00,959.049,1136.263,221.826,224.184,1051.123,347.257,151.251,133.613
2018-08-10 17:00:00,902.737,1060.626,206.014,203.346,978.321,323.979,138.938,121.346
2018-08-10 18:00:00,835.985,967.671,195.836,186.559,907.498,298.091,128.582,114.402
2018-08-10 19:00:00,802.928,920.996,186.564,175.231,838.836,282.531,123.811,112.516
2018-08-10 20:00:00,749.39,851.181,175.462,159.794,766.807,250.942,110.427,97.494
2018-08-10 21:00:00,635.815,726.511,149.169,135.286,649.073,209.239,95.791,85.101
2018-08-10 22:00:00,534.832,599.85,118.655,108.867,534.353,173.609,78.324,72.478
2018-08-10 23:00:00,459.319,511.894,105.403,95.201,463.595,145.944,65.013,61.684
2018-08-11 00:00:00,422.149,477.209,92.162,87.158,424.959,129.125,55.54,57.628
2018-08-11 01:00:00,400.149,458.362,84.244,79.273,398.842,118.226,51.276,53.71
2018-08-11 02:00:00,393.36,453.933,81.468,76.071,383.65,112.134,49.072,51.664
2018-08-11 03:00:00,385.89,437.988,78.168,74.196,373.669,108.36,46.468,50.455
2018-08-11 04:00:00,387.418,433.864,77.688,73.174,370.002,111.9,49.093,48.758
2018-08-11 05:00:00,404.95,429.864,78.955,75.068,376.696,116.375,47.971,51.517
2018-08-11 06:00:00,450.587,491.838,90.263,83.424,429.601,139.893,58.167,59.642
2018-08-11 07:00:00,501.153,560.382,103.431,96.698,482.08,166.804,68.2,73.499
2018-08-11 08:00:00,548.926,612.74,113.839,102.403,517.41,189.034,81.525,79.806
2018-08-11 09:00:00,556.593,646.941,113.151,101.448,532.429,198.349,84.091,84.334
2018-08-11 10:00:00,583.859,645.363,112.068,103.183,535.936,197.365,82.756,79.756
2018-08-11 11:00:00,620.72,644.82,112.427,106.517,537.337,205.476,81.787,80.152
2018-08-11 12:00:00,634.521,643.494,118.511,109.037,550.423,206.663,86.195,76.827
2018-08-11 13:00:00,631.284,651.628,121.739,111.245,576.606,209.229,85.504,79.753
2018-08-11 14:00:00,644.424,668.54,122.132,112.978,596.18,212.149,88.349,80.553
2018-08-11 15:00:00,678.544,694.136,122.441,121.154,610.625,211.387,92.644,85.884
2018-08-11 16:00:00,690.427,726.574,131.744,128.678,632.66,227.656,94.674,94.6
2018-08-11 17:00:00,672.76,721.516,135.663,130.853,628.045,232.272,98.924,95.299
2018-08-11 18:00:00,651.508,696.288,130.975,126.163,628.983,227.416,96.442,90.391
2018-08-11 19:00:00,666.649,712.466,137.691,127.569,643.783,225.203,93.141,93.601
2018-08-11 20:00:00,649.338,683.976,135.781,122.426,625.146,220.646,89.469,87.942
2018-08-11 21:00:00,554.637,594.88,121.754,106.393,530.568,186.29,78.881,73.084
2018-08-11 22:00:00,452.049,500.997,98.714,86.076,431.861,146.001,64.395,65.6
2018-08-11 23:00:00,394.868,437.954,84.053,76.712,379.393,123.324,54.22,57.279
2018-08-12 00:00:00,355.329,398.632,73.06,68.462,333.842,108.724,47.724,48.274
2018-08-12 01:00:00,332.615,384.814,69.763,65.554,319.337,102.941,44.699,45.314
2018-08-12 02:00:00,328.234,370.814,67.085,62.995,306.975,102.749,42.461,44.772
2018-08-12 03:00:00,327.726,371.5,65.974,62.569,305.441,101.86,42.744,43.916
2018-08-12 04:00:00,339.106,382.849,67.599,62.388,313.772,105.842,44.833,45.344
2018-08-12 05:00:00,352.533,377.803,69.633,64.144,320.018,110.441,47.3,44.561
2018-08-12 06:00:00,404.996,428.912,79.526,75.225,373.318,132.156,57.415,53.014
2018-08-12 07:00:00,472.349,511.118,97.637,89.914,451.623,164.309,66.521,69.351
2018-08-12 08:00:00,542.881,578.565,116.176,103.539,513.092,188.026,78.695,81.213
2018-08-12 09:00:00,611.861,623.84,123.113,116.704,562.974,205.586,91.67,87.714
2018-08-12 10:00:00,648.855,661.939,129.027,134.251,626.013,232.473,100.68,98.57
2018-08-12 11:00:00,672.689,687.014,136.033,152.661,699.607,255.75,107.294,101.29
2018-08-12 12:00:00,712.039,751.758,148.789,161.941,775.537,274.932,111.389,105.307
2018-08-12 13:00:00,764.924,836.461,158.95,165.174,793.512,244.052,100.48,92.264
2018-08-12 14:00:00,839.293,913.968,168.864,155.854,755.587,234.038,100.497,93.379
2018-08-12 15:00:00,844.972,948.562,174.78,146.787,706.633,241.917,102.088,99.607
2018-08-12 16:00:00,783.487,876.825,171.627,161.572,765.557,258.655,109.772,106.914
2018-08-12 17:00:00,742.311,799.491,168.682,169.562,800.395,251.647,110.434,100.501
2018-08-12 18:00:00,696.186,745.788,165.236,160.56,761.54,235.926,110.491,93.023
2018-08-12 19:00:00,682.91,740.226,155.132,153.816,718.298,231.744,104.019,95.124
2018-08-12 20:00:00,655.728,699.615,146.296,142.316,664.732,219.759,95.184,94.017
2018-08-12 21:00:00,576.562,616.966,126.252,122.806,583.146,186.159,79.805,81.18
2018-08-12 22:00:00,480.15,520.273,104.315,98.179,482.764,150.429,65.631,64.435
2018-08-12 23:00:00,418.602,463.564,88.558,83.367,410.506,128.729,55.499,52.953
2018-08-13 00:00:00,380.887,442.016,78.474,75.852,374.643,113.959,50.779,49.859
2018-08-13 01:00:00,365.396,427.762,73.074,69.912,349.152,104.286,46.261,46.436
2018-08-13 02:00:00,357.902,419.112,71.244,67.549,336.263,102.718,44.529,44.631
2018-08-13 03:00:00,360.835,433.561,69.387,66.978,338.987,103.755,45.138,44.053
2018-08-13 04:00:00,400.153,475.742,74.515,72.539,368.578,114.289,50.248,47.499
2018-08-13 05:00:00,460.42,547.079,89.495,84.405,428.219,130.843,59.116,54.727
2018-08-13 06:00:00,541.075,634.644,101.81,95.531,502.006,163.535,70.657,69.616
2018-08-13 07:00:00,592.642,712.539,110.117,106.285,561.291,178.608,75.635,73.612
2018-08-13 08:00:00,633.455,757.824,118.665,115.978,600.871,193.254,83.44,82.75
2018-08-13 09:00:00,656.759,817.555,129.71,123.114,639.817,197.603,88.907,85.518
2018-08-13 10:00:00,678.936,849.873,126.789,132.604,663.745,214.969,96.023,88.93
2018-08-13 11:00:00,669.004,880.185,120.282,125.614,674.873,213.7,95.488,91.467
2018-08-13 12:00:00,646.044,863.251,123.181,121.401,653.778,210.773,90.662,89.896
2018-08-13 13:00:00,644.653,822.581,121.585,125.308,626.654,201.376,87.127,83.171
2018-08-13 14:00:00,656.664,776.7,119.331,128.23,612.501,197.553,84.622,81.733
2018-08-13 15:00:00,667.909,787.916,122.219,125.7,620.302,201.663,85.878,80.717
2018-08-13 16:00:00,661.025,783.611,128.778,128.423,630.0,210.271,90.377,84.23
2018-08-13 17:00:00,650.348,762.024,129.683,123.789,631.442,207.924,96.701,86.679
2018-08-13 18:00:00,651.712,721.922,127.697,130.839,635.912,205.393,93.701,83.455
2018-08-13 19:00:00,657.147,737.959,132.457,128.854,645.942,211.788,95.849,87.071
2018-08-13 20:00:00,618.535,708.368,127.415,120.884,614.86,204.911,91.77,79.197
2018-08-13 21:00:00,535.7,629.845,109.901,104.869,523.736,172.475,83.74,71.056
2018-08-13 22:00:00,450.031,521.305,97.036,84.152,429.097,143.854,63.489,59.676
2018-08-13 23:00:00,388.238,464.568,80.557,74.709,366.787,123.135,53.032,53.008
2018-08-14 00:00:00,354.491,434.09,71.464,67.822,337.56,112.959,47.376,46.687
2018-08-14 01:00:00,340.46,412.739,69.105,64.818,321.316,103.784,45.339,44.902
2018-08-14 02:00:00,331.762,419.538,67.81,62.593,309.39,101.189,43.829,44.899
2018-08-14 03:00:00,338.426,436.769,68.179,64.415,316.862,104.696,44.151,45.587
2018-08-14 04:00:00,380.586,478.525,76.027,72.748,353.978,111.787,49.849,50.505
2018-08-14 05:00:00,454.723,565.669,90.556,84.596,424.35,132.974,61.539,59.56
2018-08-14 06:00:00,552.295,673.615,105.501,100.05,524.983,161.439,69.22,69.241
2018-08-14 07:00:00,611.398,767.43,118.794,122.34,610.561,193.337,87.574,78.663
2018-08-14 08:00:00,712.807,838.038,131.075,136.324,678.843,221.209,98.445,89.209
2018-08-14 09:00:00,822.267,934.251,153.74,156.358,786.967,250.934,108.139,99.769
2018-08-14 10:00:00,907.113,946.546,173.852,174.496,878.26,272.046,115.649,112.144
2018-08-14 11:00:00,924.812,917.413,189.553,184.093,932.98,294.274,125.627,117.679
2018-08-14 12:00:00,919.801,985.51,197.003,196.072,973.425,293.359,127.728,123.025
2018-08-14 13:00:00,919.388,1088.44,198.172,199.283,975.944,289.97,125.314,121.08
2018-08-14 14:00:00,953.669,1154.482,202.662,200.652,981.112,302.909,132.186,120.943
2018-08-14 15:00:00,983.668,1220.44,207.663,206.466,997.597,318.939,139.983,128.933
2018-08-14 16:00:00,904.799,1168.538,203.608,206.5,985.63,332.487,144.03,129.084
2018-08-14 17:00:00,828.158,1055.149,182.866,191.995,924.002,306.775,137.917,118.96
2018-08-14 18:00:00,774.415,966.7,168.796,176.31,854.357,291.748,131.248,110.812
2018-08-14 19:00:00,745.607,926.47,163.055,164.809,804.121,273.035,121.189,105.602
2018-08-14 20:00:00,693.198,829.195,149.152,141.05,718.792,244.847,105.708,100.696
2018-08-14 21:00:00,592.67,704.052,124.054,116.416,598.618,202.184,87.657,85.323
2018-08-14 22:00:00,482.593,591.206,103.637,98.117,487.483,163.484,71.132,71.813
2018-08-14 23:00:00,395.537,509.889,81.413,83.227,413.59,135.619,58.488,60.103
2018-08-15 00:00:00,357.098,461.02,73.278,71.945,362.598,117.774,51.488,48.662
2018-08-15 01:00:00,339.203,432.124,69.259,67.151,337.841,106.333,46.646,45.978
2018-08-15 02:00:00,327.616,427.08,66.605,64.014,321.333,102.854,43.696,44.376
2018-08-15 03:00:00,332.575,434.632,67.702,62.889,321.421,103.46,43.341,44.561
2018-08-15 04:00:00,364.119,464.962,70.618,72.125,348.967,111.175,47.798,48.161
2018-08-15 05:00:00,428.565,533.633,82.208,81.686,406.951,128.882,58.449,55.247
2018-08-15 06:00:00,531.465,651.266,100.329,100.158,502.331,160.321,69.877,69.568
2018-08-15 07:00:00,647.911,796.86,118.963,122.992,619.001,189.805,78.578,84.704
2018-08-15 08:00:00,755.808,936.251,140.798,147.062,728.482,221.917,93.75,92.752
2018-08-15 09:00:00,843.762,1053.639,154.283,160.836,818.435,265.903,113.026,110.667
2018-08-15 10:00:00,926.914,1131.209,171.103,182.308,905.763,285.164,118.352,116.47
2018-08-15 11:00:00,980.347,1215.968,185.557,197.172,978.447,305.882,127.825,124.244
2018-08-15 12:00:00,1017.523,1265.899,198.037,207.645,1012.993,318.514,134.504,130.822
2018-08-15 13:00:00,1022.297,1270.66,204.702,214.722,1041.962,327.579,137.318,132.677
2018-08-15 14:00:00,1051.956,1303.601,212.753,219.366,1055.284,344.303,145.45,135.262
2018-08-15 15:00:00,1078.543,1352.555,218.394,225.648,1086.434,360.969,150.66,140.751
2018-08-15 16:00:00,1061.401,1313.656,223.825,225.375,1062.699,365.172,152.185,137.694
2018-08-15 17:00:00,996.047,1213.344,217.172,208.691,987.598,348.248,144.655,132.33
2018-08-15 18:00:00,925.474,1117.211,201.266,186.418,895.97,313.072,137.179,123.98
2018-08-15 19:00:00,870.265,1037.753,193.812,177.035,834.971,295.582,129.689,112.949
2018-08-15 20:00:00,799.107,939.261,171.593,158.042,762.664,269.365,118.987,102.561
2018-08-15 21:00:00,676.983,794.269,144.963,128.551,638.34,227.349,97.718,87.679
2018-08-15 22:00:00,548.329,666.61,121.839,102.755,520.298,176.634,76.344,75.143
2018-08-15 23:00:00,462.507,575.107,103.7,86.398,433.076,141.637,64.839,60.401
2018-08-16 00:00:00,410.107,513.77,88.729,77.921,374.73,126.171,54.304,52.302
2018-08-16 01:00:00,379.871,482.199,82.2,70.49,345.987,113.801,50.026,48.619
2018-08-16 02:00:00,366.497,474.848,77.426,65.857,327.054,105.195,46.546,46.973
2018-08-16 03:00:00,368.045,483.509,74.125,67.545,330.168,103.484,44.819,45.507
2018-08-16 04:00:00,397.457,516.678,78.513,70.222,353.746,116.353,54.423,48.283
2018-08-16 05:00:00,460.717,583.781,90.704,79.606,407.992,133.475,62.252,55.007
2018-08-16 06:00:00,560.349,709.487,105.698,99.009,503.598,160.07,70.579,69.398
2018-08-16 07:00:00,674.52,859.12,124.55,121.8,629.332,198.38,85.914,83.367
2018-08-16 08:00:00,798.76,1001.764,150.915,153.035,770.428,245.272,103.87,103.1
2018-08-16 09:00:00,902.145,1155.639,183.798,181.61,918.587,286.895,121.937,117.4
2018-08-16 10:00:00,975.63,1246.856,195.456,201.97,1012.966,317.998,135.774,128.733
2018-08-16 11:00:00,1018.891,1290.581,201.352,217.166,1052.736,337.81,144.988,130.328
2018-08-16 12:00:00,1044.582,1307.832,214.096,216.632,1055.84,336.75,139.048,133.854
2018-08-16 13:00:00,1054.734,1334.843,218.092,223.516,1063.412,345.938,152.474,133.489
2018-08-16 14:00:00,1067.935,1342.176,220.543,226.422,1089.915,353.412,154.831,135.888
2018-08-16 15:00:00,1072.339,1367.797,228.38,233.578,1107.599,370.954,157.835,145.483
2018-08-16 16:00:00,1084.33,1347.731,227.841,232.605,1103.087,374.861,159.573,142.679
2018-08-16 17:00:00,1024.696,1255.427,222.894,217.032,1029.958,356.826,148.953,134.378
2018-08-16 18:00:00,935.348,1145.822,209.68,194.691,932.471,327.602,142.767,123.244
2018-08-16 19:00:00,871.89,1085.585,203.232,180.078,855.856,304.008,134.49,116.416
2018-08-16 20:00:00,794.009,985.662,183.112,163.185,782.522,271.04,122.72,107.486
2018-08-16 21:00:00,681.827,840.061,153.826,142.601,653.241,235.828,102.166,95.88
2018-08-16 22:00:00,553.353,698.242,124.264,108.868,524.784,190.345,80.523,78.326
2018-08-16 23:00:00,468.274,594.983,102.13,90.299,451.392,150.58,65.757,63.766
2018-08-17 00:00:00,419.312,526.486,90.613,80.397,397.111,129.088,56.318,54.589
2018-08-17 01:00:00,391.377,493.045,84.083,73.781,368.12,115.516,52.579,51.294
2018-08-17 02:00:00,371.523,478.248,78.946,70.189,345.788,111.282,49.017,48.955
2018-08-17 03:00:00,368.391,479.679,78.515,68.373,345.221,108.354,47.07,48.908
2018-08-17 04:00:00,404.299,506.049,82.385,73.397,367.428,118.1,52.102,49.657
2018-08-17 05:00:00,468.175,570.162,92.601,85.145,425.291,133.58,61.982,57.463
2018-08-17 06:00:00,576.87,690.149,106.237,106.024,530.529,167.442,73.993,70.771
2018-08-17 07:00:00,696.655,808.393,131.598,129.679,645.179,200.104,87.951,83.045
2018-08-17 08:00:00,804.095,930.621,159.078,151.677,762.115,244.854,103.062,97.824
2018-08-17 09:00:00,915.02,1062.16,180.427,177.851,860.202,283.144,115.322,112.505
2018-08-17 10:00:00,994.458,1180.781,197.537,195.679,950.431,314.104,136.77,129.246
2018-08-17 11:00:00,1042.535,1271.535,205.445,205.551,1011.938,328.803,144.569,132.14
2018-08-17 12:00:00,1045.744,1291.161,215.077,215.909,1059.505,340.136,144.563,133.741
2018-08-17 13:00:00,1053.056,1194.549,215.266,218.837,1050.449,348.42,148.106,135.502
2018-08-17 14:00:00,1053.835,1218.175,221.111,228.186,1088.11,349.109,151.668,137.485
2018-08-17 15:00:00,1023.663,1267.16,229.018,229.355,1092.281,355.804,153.002,138.205
2018-08-17 16:00:00,966.441,1203.522,220.123,220.442,1048.954,356.379,151.752,137.584
2018-08-17 17:00:00,906.841,1080.197,203.572,199.328,986.046,330.665,143.598,125.628
2018-08-17 18:00:00,833.312,979.757,192.284,187.018,908.858,307.992,135.913,117.44
2018-08-17 19:00:00,800.415,935.762,190.04,179.905,871.679,297.719,131.383,113.385
2018-08-17 20:00:00,739.629,877.137,173.422,166.725,807.541,269.781,120.414,109.238
2018-08-17 21:00:00,637.98,765.984,144.42,143.651,687.08,233.416,102.959,97.108
2018-08-17 22:00:00,530.803,639.744,118.112,118.1,572.411,191.314,83.429,79.955
2018-08-17 23:00:00,452.387,554.751,97.378,98.134,481.744,161.476,73.65,69.652
2018-08-18 00:00:00,414.58,513.699,88.646,87.293,432.206,146.025,62.56,64.427
2018-08-18 01:00:00,397.26,491.018,84.182,80.366,402.455,133.197,56.284,59.251
2018-08-18 02:00:00,384.377,484.559,79.712,76.818,384.303,124.553,53.37,57.353
2018-08-18 03:00:00,381.909,477.806,78.492,72.815,372.479,119.761,50.914,55.256
2018-08-18 04:00:00,391.355,481.874,79.004,73.525,375.277,121.886,51.752,54.084
2018-08-18 05:00:00,412.434,503.171,81.984,74.853,390.299,129.031,53.978,57.064
2018-08-18 06:00:00,473.061,581.989,93.915,85.837,446.609,152.093,63.813,65.488
2018-08-18 07:00:00,564.07,703.626,112.924,103.45,533.863,190.224,77.028,77.481
2018-08-18 08:00:00,631.897,769.772,121.302,120.999,611.74,209.155,89.459,92.121
2018-08-18 09:00:00,704.412,846.367,136.144,132.53,652.6,235.37,94.916,97.769
2018-08-18 10:00:00,780.62,922.978,152.054,145.359,695.426,245.204,101.704,98.466
2018-08-18 11:00:00,874.97,1025.913,165.167,162.224,780.664,266.161,116.33,105.483
2018-08-18 12:00:00,908.872,1103.276,177.777,181.043,873.642,289.08,129.658,113.312
2018-08-18 13:00:00,954.006,1116.84,187.404,190.344,921.019,316.529,133.798,124.341
2018-08-18 14:00:00,958.658,1006.441,191.752,200.637,951.711,313.628,134.422,115.876
2018-08-18 15:00:00,870.71,867.204,187.578,182.695,887.738,282.867,122.163,110.75
2018-08-18 16:00:00,792.959,870.007,169.033,156.266,783.392,263.128,108.475,105.587
2018-08-18 17:00:00,789.394,873.204,165.845,147.43,743.224,250.805,109.255,101.95
2018-08-18 18:00:00,771.794,857.043,159.666,147.151,735.604,248.861,103.635,95.156
2018-08-18 19:00:00,747.876,830.875,152.114,148.105,718.473,243.206,104.803,91.707
2018-08-18 20:00:00,693.63,771.829,145.988,137.755,693.704,218.959,93.873,90.089
2018-08-18 21:00:00,591.246,654.691,127.053,117.586,591.242,189.14,83.43,75.875
2018-08-18 22:00:00,467.954,530.011,96.076,95.037,464.233,152.515,63.032,62.175
2018-08-18 23:00:00,412.137,459.398,83.459,82.056,398.09,125.713,52.161,53.014
2018-08-19 00:00:00,366.39,411.99,72.012,70.815,343.269,107.455,46.224,45.011
2018-08-19 01:00:00,343.352,386.064,65.956,64.708,319.488,98.977,42.559,42.813
2018-08-19 02:00:00,328.769,370.822,63.875,59.503,302.588,94.862,40.67,40.911
2018-08-19 03:00:00,323.736,365.992,63.13,58.258,295.083,95.257,39.485,41.114
2018-08-19 04:00:00,327.13,373.151,65.423,59.638,303.899,100.655,40.742,42.581
2018-08-19 05:00:00,334.315,375.013,65.687,62.452,306.647,104.375,42.999,46.895
2018-08-19 06:00:00,365.899,415.84,71.723,70.091,351.324,126.311,53.344,50.699
2018-08-19 07:00:00,438.516,501.796,86.989,83.461,405.306,148.848,58.154,58.481
2018-08-19 08:00:00,508.748,569.237,100.935,98.221,465.088,162.089,69.477,70.666
2018-08-19 09:00:00,556.481,648.371,107.138,109.76,524.031,180.187,76.478,74.475
2018-08-19 10:00:00,601.614,740.03,118.739,124.73,571.439,201.591,92.89,84.85
2018-08-19 11:00:00,631.923,809.001,123.095,135.492,638.657,217.982,98.749,92.714
2018-08-19 12:00:00,650.236,857.058,128.294,140.929,684.944,233.026,102.489,96.209
2018-08-19 13:00:00,677.945,878.039,132.638,151.388,726.406,245.691,101.667,98.649
2018-08-19 14:00:00,687.941,890.804,136.799,159.156,758.046,246.096,107.088,106.302
2018-08-19 15:00:00,685.878,857.796,150.785,161.502,759.488,248.03,109.003,102.619
2018-08-19 16:00:00,672.168,836.772,155.89,153.752,750.582,258.532,106.467,96.389
2018-08-19 17:00:00,631.84,777.24,144.46,151.895,709.677,233.655,109.115,95.964
2018-08-19 18:00:00,604.333,730.679,139.085,142.172,681.659,219.385,94.374,86.584
2018-08-19 19:00:00,596.653,721.683,137.915,134.547,647.967,210.241,91.249,85.943
2018-08-19 20:00:00,575.533,680.864,128.309,125.154,595.748,191.115,87.41,77.573
2018-08-19 21:00:00,493.602,580.599,106.475,102.258,511.69,163.03,71.824,63.316
2018-08-19 22:00:00,404.636,465.847,88.739,83.003,408.3,127.575,57.58,51.99
2018-08-19 23:00:00,349.571,409.215,75.319,69.872,345.132,105.18,45.878,43.812
2018-08-20 00:00:00,318.933,391.461,67.261,64.985,320.873,94.356,41.085,39.996
2018-08-20 01:00:00,307.867,372.418,62.358,60.399,297.291,87.454,38.052,37.779
2018-08-20 02:00:00,298.546,372.478,59.793,56.379,286.904,86.242,37.003,38.588
2018-08-20 03:00:00,306.491,385.134,59.11,57.097,294.912,87.578,38.1,38.406
2018-08-20 04:00:00,344.979,425.588,64.466,63.083,323.06,98.185,45.481,40.407
2018-08-20 05:00:00,412.092,490.648,77.926,73.023,371.445,117.326,54.494,49.113
2018-08-20 06:00:00,478.416,577.909,95.367,87.425,442.175,139.805,63.741,58.562
2018-08-20 07:00:00,527.471,675.231,106.427,97.142,510.702,167.415,72.24,66.372
2018-08-20 08:00:00,579.797,766.793,117.946,109.162,586.165,179.411,77.405,75.003
2018-08-20 09:00:00,653.793,842.293,130.962,125.819,657.582,192.359,80.709,85.063
2018-08-20 10:00:00,717.733,918.496,140.666,138.538,718.856,217.749,91.635,92.979
2018-08-20 11:00:00,741.809,965.115,144.091,150.265,756.269,234.836,102.291,96.298
2018-08-20 12:00:00,751.163,997.891,147.719,152.885,760.171,242.978,106.009,101.552
2018-08-20 13:00:00,724.499,1008.56,151.663,157.819,781.987,247.833,108.316,101.2
2018-08-20 14:00:00,692.714,994.528,159.898,163.783,811.098,251.183,109.14,99.087
2018-08-20 15:00:00,726.594,1026.214,164.381,163.294,798.205,271.917,115.223,107.037
2018-08-20 16:00:00,791.276,1024.103,167.538,162.926,797.342,275.399,122.46,107.181
2018-08-20 17:00:00,766.131,974.209,165.78,157.65,779.853,258.725,115.312,105.255
2018-08-20 18:00:00,715.372,885.527,159.917,149.557,721.889,244.592,107.197,94.644
2018-08-20 19:00:00,684.652,830.192,148.949,137.004,663.659,231.969,105.647,91.614
2018-08-20 20:00:00,629.94,754.295,141.952,121.722,598.689,205.646,92.743,83.591
2018-08-20 21:00:00,539.032,630.217,121.537,100.513,503.03,167.813,77.387,68.918
2018-08-20 22:00:00,444.996,498.007,93.308,80.885,397.293,129.629,56.886,54.303
2018-08-20 23:00:00,371.146,416.937,78.523,74.084,329.215,107.803,45.931,44.311
2018-08-21 00:00:00,332.65,376.537,68.765,64.074,304.282,95.195,39.861,37.79
2018-08-21 01:00:00,316.473,358.077,63.378,57.441,286.47,85.133,36.114,36.532
2018-08-21 02:00:00,312.94,356.221,60.605,53.971,278.697,85.481,34.982,36.477
2018-08-21 03:00:00,315.075,366.909,59.094,55.013,282.066,87.081,35.242,37.873
2018-08-21 04:00:00,349.096,409.012,64.204,62.501,311.195,96.218,39.755,40.588
2018-08-21 05:00:00,413.898,468.931,77.888,68.225,363.365,114.341,49.666,48.207
2018-08-21 06:00:00,503.342,540.867,90.679,81.063,427.554,141.311,63.188,57.711
2018-08-21 07:00:00,570.32,607.922,100.152,96.853,491.202,158.677,72.932,65.621
2018-08-21 08:00:00,624.935,683.992,112.41,113.481,555.221,175.759,83.422,71.22
2018-08-21 09:00:00,679.452,766.474,123.469,124.441,623.774,196.286,91.17,80.021
2018-08-21 10:00:00,740.458,817.433,136.144,130.317,671.899,214.448,90.566,93.205
2018-08-21 11:00:00,784.821,870.061,151.186,142.241,724.717,228.794,100.255,100.218
2018-08-21 12:00:00,799.811,906.959,157.709,147.63,766.501,244.701,102.015,97.446
2018-08-21 13:00:00,815.431,959.996,160.926,162.139,803.037,254.171,109.83,101.299
2018-08-21 14:00:00,821.928,1005.19,168.671,169.167,834.961,267.972,115.677,106.784
2018-08-21 15:00:00,846.318,1022.991,178.526,174.727,856.165,277.874,122.031,112.907
2018-08-21 16:00:00,851.38,1016.087,182.43,173.345,844.176,284.938,123.003,112.038
2018-08-21 17:00:00,788.492,977.344,174.533,165.562,799.907,283.046,120.086,109.091
2018-08-21 18:00:00,731.455,882.343,161.715,149.383,730.957,261.642,115.397,101.844
2018-08-21 19:00:00,685.367,822.837,156.384,138.373,701.193,243.229,108.722,96.402
2018-08-21 20:00:00,647.117,746.124,141.722,131.153,643.631,216.51,101.226,85.641
2018-08-21 21:00:00,550.12,627.283,120.532,112.886,541.333,177.823,82.5,73.368
2018-08-21 22:00:00,456.143,518.555,90.807,89.874,435.146,138.273,63.154,58.996
2018-08-21 23:00:00,387.319,447.627,75.696,78.612,372.441,120.102,53.397,51.902
2018-08-22 00:00:00,347.31,415.942,69.077,68.66,338.352,106.182,50.777,43.287
2018-08-22 01:00:00,333.395,398.277,65.381,64.301,319.613,97.124,43.174,40.512
2018-08-22 02:00:00,327.76,396.463,62.87,61.216,307.917,93.314,40.158,39.785
2018-08-22 03:00:00,336.146,410.159,63.95,60.71,312.532,95.183,42.92,42.262
2018-08-22 04:00:00,381.111,450.049,70.949,67.698,344.592,106.12,46.743,45.289
2018-08-22 05:00:00,448.199,513.699,84.483,80.419,399.255,119.781,54.85,51.232
2018-08-22 06:00:00,559.546,593.618,103.684,90.162,472.071,146.38,64.564,63.997
2018-08-22 07:00:00,651.482,666.667,114.882,107.458,542.39,159.826,69.808,67.063
2018-08-22 08:00:00,740.02,716.105,126.81,122.645,621.011,176.832,77.263,73.323
2018-08-22 09:00:00,795.573,806.122,139.696,140.409,712.909,200.585,89.111,87.695
2018-08-22 10:00:00,854.166,913.559,147.546,162.712,799.302,232.93,103.952,97.298
2018-08-22 11:00:00,893.688,993.45,164.804,165.092,831.793,256.128,110.295,103.802
2018-08-22 12:00:00,888.856,1003.168,164.325,161.692,831.297,262.557,118.396,108.779
2018-08-22 13:00:00,903.675,971.861,170.237,176.415,870.569,279.974,119.405,110.893
2018-08-22 14:00:00,932.319,1028.941,180.739,189.391,928.402,284.349,120.707,111.562
2018-08-22 15:00:00,962.195,1105.569,197.265,194.875,948.277,278.395,123.449,114.585
2018-08-22 16:00:00,953.16,1140.377,202.893,200.937,951.984,304.736,131.837,117.198
2018-08-22 17:00:00,904.549,1063.84,198.965,191.336,909.727,302.811,134.2,113.201
2018-08-22 18:00:00,837.427,952.517,182.398,167.107,821.424,277.71,124.562,110.544
2018-08-22 19:00:00,776.014,861.053,174.615,151.83,761.214,251.029,108.944,96.95
2018-08-22 20:00:00,720.259,794.034,160.524,139.62,704.713,225.579,100.016,90.997
2018-08-22 21:00:00,602.954,679.711,125.149,119.789,591.495,184.584,83.209,78.513
2018-08-22 22:00:00,493.149,549.095,104.341,92.171,468.021,147.985,69.99,60.555
2018-08-22 23:00:00,416.926,465.53,83.43,77.7,401.417,120.683,54.88,49.996
2018-08-23 00:00:00,371.885,418.371,75.367,72.76,361.702,108.528,47.297,44.955
2018-08-23 01:00:00,344.235,398.702,68.929,66.898,334.348,98.189,43.158,42.49
2018-08-23 02:00:00,330.775,390.681,64.45,62.957,318.751,95.703,40.989,42.688
2018-08-23 03:00:00,332.675,400.098,63.172,61.613,318.483,94.814,41.871,39.83
2018-08-23 04:00:00,357.803,435.82,67.812,66.886,339.771,104.507,45.807,42.559
2018-08-23 05:00:00,409.235,495.943,79.119,78.865,382.662,122.249,54.601,50.84
2018-08-23 06:00:00,479.265,571.643,93.656,87.216,438.85,140.256,61.467,62.542
2018-08-23 07:00:00,540.783,623.192,102.266,90.847,470.719,151.055,64.787,66.084
2018-08-23 08:00:00,601.944,687.415,106.345,99.827,523.86,163.74,68.909,77.18
2018-08-23 09:00:00,647.109,787.622,114.571,117.786,594.7,171.149,76.104,81.911
2018-08-23 10:00:00,693.059,865.812,124.473,133.98,664.46,186.79,85.087,83.729
2018-08-23 11:00:00,726.953,933.713,133.541,143.973,731.213,211.838,91.476,90.248
2018-08-23 12:00:00,746.857,975.412,141.555,147.239,782.461,216.691,93.041,94.006
2018-08-23 13:00:00,744.456,975.656,145.182,159.916,781.701,228.537,101.702,101.914
2018-08-23 14:00:00,772.839,971.087,156.717,168.034,804.911,249.478,108.802,104.616
2018-08-23 15:00:00,789.085,1015.474,171.333,169.884,829.015,268.242,113.802,109.377
2018-08-23 16:00:00,810.329,1029.361,176.427,169.89,834.2,272.235,122.504,107.935
2018-08-23 17:00:00,790.687,964.128,166.365,164.929,801.376,266.515,116.41,106.173
2018-08-23 18:00:00,714.141,872.418,157.187,143.247,717.775,252.51,108.621,103.25
2018-08-23 19:00:00,652.272,793.084,151.506,126.892,646.746,225.927,101.688,93.785
2018-08-23 20:00:00,583.788,714.566,135.404,115.348,594.612,189.596,90.041,83.15
2018-08-23 21:00:00,486.043,598.326,105.474,101.348,479.987,150.866,70.955,65.338
2018-08-23 22:00:00,382.205,481.782,82.169,69.978,375.389,124.899,57.227,51.014
2018-08-23 23:00:00,325.275,407.05,69.733,58.502,311.934,103.23,46.487,41.581
2018-08-24 00:00:00,300.847,372.217,63.422,52.926,280.852,91.951,40.38,37.466
2018-08-24 01:00:00,284.135,352.303,57.098,49.18,266.781,84.368,36.031,36.138
2018-08-24 02:00:00,281.448,350.445,56.174,48.083,265.464,83.655,34.487,37.075
2018-08-24 03:00:00,291.187,366.257,59.051,49.718,274.572,85.928,35.725,36.08
2018-08-24 04:00:00,324.276,405.052,65.434,57.349,300.85,96.216,40.611,39.545
2018-08-24 05:00:00,391.139,475.106,79.751,64.213,349.294,111.962,48.722,46.624
2018-08-24 06:00:00,465.439,559.409,96.35,78.53,415.669,139.598,61.17,54.65
2018-08-24 07:00:00,513.035,652.434,102.728,92.541,467.347,153.667,67.817,61.057
2018-08-24 08:00:00,588.012,716.319,112.933,107.244,543.501,166.887,72.77,69.466
2018-08-24 09:00:00,689.875,825.528,129.641,121.724,639.815,187.084,80.511,83.417
2018-08-24 10:00:00,767.629,927.679,147.347,138.61,719.023,210.325,91.295,96.923
2018-08-24 11:00:00,815.796,997.634,162.017,157.906,797.915,233.252,100.325,101.447
2018-08-24 12:00:00,843.792,1061.387,169.237,174.77,846.223,251.9,107.472,107.079
2018-08-24 13:00:00,876.559,1125.271,174.429,184.264,878.337,266.874,119.096,111.42
2018-08-24 14:00:00,895.758,1158.784,185.532,182.052,883.194,280.613,121.052,116.752
2018-08-24 15:00:00,920.167,1185.897,194.332,184.501,919.471,297.541,124.268,118.025
2018-08-24 16:00:00,935.12,1170.92,200.505,189.583,922.972,311.599,132.015,119.739
2018-08-24 17:00:00,877.546,1084.493,197.408,182.71,868.373,295.059,129.119,112.639
2018-08-24 18:00:00,799.877,976.086,179.947,158.124,773.811,267.314,119.19,105.401
2018-08-24 19:00:00,735.221,906.357,161.405,144.988,705.908,239.141,111.58,96.245
2018-08-24 20:00:00,669.573,814.013,144.339,128.977,639.278,225.125,94.288,89.17
2018-08-24 21:00:00,557.882,690.219,128.365,106.507,517.65,178.891,78.217,76.995
2018-08-24 22:00:00,450.788,550.733,98.762,79.908,392.368,134.687,65.43,57.612
2018-08-24 23:00:00,369.952,465.118,78.554,67.374,329.514,110.927,51.336,49.329
2018-08-25 00:00:00,325.294,418.591,68.55,58.949,305.229,97.766,42.375,41.936
2018-08-25 01:00:00,303.293,394.217,63.809,54.317,286.037,90.604,39.071,40.822
2018-08-25 02:00:00,295.342,388.375,61.321,52.069,279.548,88.647,37.436,39.074
2018-08-25 03:00:00,291.495,377.814,60.65,51.577,277.013,90.404,36.631,40.754
2018-08-25 04:00:00,301.318,383.489,59.073,52.007,286.692,90.244,36.577,40.249
2018-08-25 05:00:00,324.069,395.675,64.979,54.688,295.835,98.156,38.938,40.278
2018-08-25 06:00:00,379.837,456.594,75.121,66.025,351.708,117.068,47.571,45.085
2018-08-25 07:00:00,462.762,564.647,95.992,85.544,430.832,140.953,62.737,56.165
2018-08-25 08:00:00,546.435,661.745,111.537,106.148,538.052,162.997,72.238,64.671
2018-08-25 09:00:00,625.16,772.25,127.901,124.176,627.613,191.461,84.411,78.685
2018-08-25 10:00:00,698.447,861.209,136.639,137.838,698.701,225.073,96.598,85.445
2018-08-25 11:00:00,748.141,942.218,150.602,149.486,740.705,240.381,107.033,91.02
2018-08-25 12:00:00,755.599,987.725,159.382,156.199,774.589,252.47,105.628,96.215
2018-08-25 13:00:00,770.353,996.624,163.574,159.516,778.119,262.543,115.17,101.132
2018-08-25 14:00:00,776.318,1008.862,163.052,163.048,786.992,275.407,119.791,108.565
2018-08-25 15:00:00,801.771,1028.258,169.744,160.07,803.533,280.727,120.508,113.366
2018-08-25 16:00:00,817.007,1018.15,171.537,166.398,827.108,281.363,124.981,107.822
2018-08-25 17:00:00,766.621,929.941,162.962,158.856,773.446,271.973,120.957,102.226
2018-08-25 18:00:00,710.562,865.768,153.978,143.235,708.501,240.92,114.177,97.459
2018-08-25 19:00:00,678.77,819.844,143.748,134.688,661.003,225.345,96.767,89.955
2018-08-25 20:00:00,631.567,747.034,128.419,121.784,611.362,209.909,89.54,81.64
2018-08-25 21:00:00,533.572,611.433,109.225,101.411,498.586,171.709,69.54,69.932
2018-08-25 22:00:00,426.589,492.32,91.486,78.817,395.089,131.619,56.581,56.778
2018-08-25 23:00:00,348.935,421.451,79.443,62.155,331.636,103.545,47.554,46.559
2018-08-26 00:00:00,307.088,377.957,64.539,56.399,284.663,91.777,39.154,38.069
2018-08-26 01:00:00,288.71,361.024,58.163,53.627,266.584,85.236,36.415,35.847
2018-08-26 02:00:00,280.853,345.86,56.155,51.296,261.194,85.382,36.022,35.127
2018-08-26 03:00:00,279.815,340.252,56.359,50.807,261.598,89.559,35.197,35.492
2018-08-26 04:00:00,293.295,348.098,58.712,52.613,275.003,93.137,37.694,38.035
2018-08-26 05:00:00,304.823,353.632,64.163,53.468,285.133,100.611,39.283,38.101
2018-08-26 06:00:00,346.964,396.899,71.713,61.937,317.248,117.258,47.084,44.393
2018-08-26 07:00:00,407.539,473.363,87.085,73.703,373.353,130.221,57.094,52.947
2018-08-26 08:00:00,490.635,544.302,104.071,89.424,445.649,148.371,68.543,57.653
2018-08-26 09:00:00,574.582,633.432,112.574,108.804,521.704,176.698,76.762,59.712
2018-08-26 10:00:00,640.059,724.262,128.684,125.779,598.176,199.97,89.708,72.943
2018-08-26 11:00:00,698.438,824.876,141.814,149.181,665.621,214.599,101.652,83.352
2018-08-26 12:00:00,735.209,905.184,150.799,162.555,721.779,237.771,104.731,91.868
2018-08-26 13:00:00,774.148,951.789,163.509,171.368,789.13,255.284,102.457,96.124
2018-08-26 14:00:00,820.708,961.997,178.964,176.851,827.438,266.42,112.545,106.419
2018-08-26 15:00:00,839.121,979.358,181.508,183.186,850.495,281.96,120.183,110.862
2018-08-26 16:00:00,825.97,980.478,176.452,176.421,843.783,287.823,123.637,110.199
2018-08-26 17:00:00,783.288,916.135,166.361,167.875,793.962,271.851,118.99,107.674
2018-08-26 18:00:00,744.014,860.292,162.835,154.355,740.543,257.282,110.667,100.836
2018-08-26 19:00:00,718.087,821.584,158.825,147.352,704.549,237.8,101.653,93.875
2018-08-26 20:00:00,670.693,776.904,142.24,136.059,675.85,214.267,98.619,90.537
2018-08-26 21:00:00,569.851,675.11,122.71,116.213,564.826,187.197,82.201,76.173
2018-08-26 22:00:00,462.176,570.031,99.609,93.147,458.93,151.743,63.367,59.942
2018-08-26 23:00:00,390.402,499.382,83.92,76.279,391.259,124.287,55.03,53.261
2018-08-27 00:00:00,362.529,459.757,75.555,69.467,352.232,111.336,49.644,47.033
2018-08-27 01:00:00,348.83,434.668,71.036,67.067,325.173,99.061,43.934,42.826
2018-08-27 02:00:00,338.364,430.157,70.333,63.489,309.236,94.841,41.422,41.18
2018-08-27 03:00:00,345.868,437.425,70.203,61.32,310.665,96.095,42.772,40.98
2018-08-27 04:00:00,379.871,471.438,73.984,64.2,337.333,104.019,46.745,43.919
2018-08-27 05:00:00,434.868,550.057,86.42,72.851,396.308,120.906,57.278,52.113
2018-08-27 06:00:00,532.2,671.113,100.643,92.893,471.533,147.19,66.936,70.808
2018-08-27 07:00:00,642.575,794.799,116.427,112.206,585.698,184.088,81.713,78.449
2018-08-27 08:00:00,755.923,925.547,139.854,137.637,706.19,223.168,92.748,94.605
2018-08-27 09:00:00,865.628,1077.792,161.18,168.716,840.555,265.255,111.642,105.497
2018-08-27 10:00:00,945.182,1196.866,183.018,191.131,955.114,294.772,125.664,114.231
2018-08-27 11:00:00,999.762,1267.104,201.794,199.481,1010.101,321.273,142.277,122.197
2018-08-27 12:00:00,1019.476,1276.363,208.276,208.15,1038.97,326.935,140.121,128.809
2018-08-27 13:00:00,1036.451,1302.048,212.787,214.674,1047.174,335.576,139.365,130.202
2018-08-27 14:00:00,1052.453,1297.775,215.714,220.144,1050.375,345.068,148.977,132.47
2018-08-27 15:00:00,1052.72,1285.574,223.93,222.077,1068.39,347.179,152.722,136.918
2018-08-27 16:00:00,1060.15,1253.787,230.402,220.789,1038.451,355.824,150.522,133.367
2018-08-27 17:00:00,973.984,1151.885,222.009,201.564,971.826,337.348,142.475,126.37
2018-08-27 18:00:00,886.918,1053.631,203.441,178.242,891.457,316.519,135.841,115.357
2018-08-27 19:00:00,842.688,1002.294,196.041,167.195,827.52,296.283,127.929,111.915
2018-08-27 20:00:00,783.935,936.995,176.004,158.987,776.54,264.639,116.882,107.226
2018-08-27 21:00:00,681.58,817.043,147.702,140.234,677.401,226.345,96.977,91.006
2018-08-27 22:00:00,572.905,673.948,122.907,116.316,561.206,181.375,78.934,75.423
2018-08-27 23:00:00,492.089,578.218,106.403,98.221,478.94,153.399,66.316,64.436
2018-08-28 00:00:00,431.716,535.673,95.292,88.291,427.575,134.984,59.006,57.179
2018-08-28 01:00:00,402.654,509.859,86.002,79.093,388.825,121.21,54.097,52.723
2018-08-28 02:00:00,390.355,502.712,82.097,73.848,366.866,114.363,50.256,52.661
2018-08-28 03:00:00,387.448,501.742,81.472,72.565,361.771,111.912,47.978,48.838
2018-08-28 04:00:00,424.944,537.874,86.215,75.13,386.215,119.23,51.913,53.844
2018-08-28 05:00:00,503.627,626.451,98.072,88.311,440.741,140.301,61.68,59.932
2018-08-28 06:00:00,613.181,760.075,117.487,106.287,534.413,174.33,76.508,74.434
2018-08-28 07:00:00,741.963,917.882,145.513,131.548,662.531,209.664,94.21,89.387
2018-08-28 08:00:00,892.929,1082.36,164.194,165.252,802.753,262.873,115.804,111.983
2018-08-28 09:00:00,1033.678,1285.258,196.249,196.12,955.968,321.838,135.152,133.103
2018-08-28 10:00:00,1133.508,1424.266,219.174,224.845,1077.262,368.678,156.285,146.762
2018-08-28 11:00:00,1180.644,1494.393,237.293,244.733,1166.113,388.248,162.917,151.111
2018-08-28 12:00:00,1191.583,1536.085,244.204,256.419,1215.416,399.842,168.281,158.398
2018-08-28 13:00:00,1183.877,1524.9,244.587,256.196,1210.058,403.109,168.011,155.858
2018-08-28 14:00:00,1186.947,1509.189,251.287,258.977,1203.882,406.145,170.235,155.026
2018-08-28 15:00:00,1181.998,1490.55,250.758,259.197,1219.981,415.175,172.409,158.194
2018-08-28 16:00:00,1172.688,1465.302,251.705,259.359,1206.55,415.0,177.097,154.609
2018-08-28 17:00:00,1106.421,1371.219,242.751,238.86,1122.399,387.328,167.449,144.928
2018-08-28 18:00:00,1032.328,1256.871,224.72,216.78,1059.547,369.176,156.739,138.973
2018-08-28 19:00:00,957.516,1180.561,217.86,207.213,962.086,338.14,145.096,126.689
2018-08-28 20:00:00,879.234,1093.736,201.177,187.497,874.13,302.28,134.202,118.561
2018-08-28 21:00:00,788.074,954.534,173.898,155.387,755.374,267.517,116.214,104.003
2018-08-28 22:00:00,682.684,823.113,149.508,126.963,626.283,222.011,98.388,89.714
2018-08-28 23:00:00,596.226,739.384,131.678,107.871,532.977,183.455,83.508,77.181
2018-08-29 00:00:00,524.777,672.411,121.481,98.688,466.928,160.317,70.894,67.693
2018-08-29 01:00:00,473.862,627.13,110.925,89.321,431.026,143.512,63.864,61.747
2018-08-29 02:00:00,456.388,597.932,105.36,83.152,409.184,133.035,60.286,57.491
2018-08-29 03:00:00,448.287,586.686,101.131,80.735,404.841,129.106,58.108,55.242
2018-08-29 04:00:00,481.031,629.669,105.796,85.507,424.027,136.028,61.769,57.992
2018-08-29 05:00:00,545.789,713.554,116.808,93.485,482.705,161.577,75.009,68.234
2018-08-29 06:00:00,680.407,850.19,148.326,115.976,598.953,193.81,93.012,82.299
2018-08-29 07:00:00,830.49,1013.834,165.522,143.604,735.685,242.622,103.671,98.257
2018-08-29 08:00:00,970.493,1169.635,189.938,185.464,918.258,287.639,126.906,117.231
2018-08-29 09:00:00,1078.583,1324.82,215.966,215.304,1054.556,342.129,147.333,135.963
2018-08-29 10:00:00,1154.793,1449.924,232.699,235.753,1144.386,384.851,162.437,149.963
2018-08-29 11:00:00,1181.174,1508.694,245.148,244.944,1200.28,399.997,172.372,153.019
2018-08-29 12:00:00,1187.836,1542.781,245.942,257.859,1237.8,408.244,180.962,158.96
2018-08-29 13:00:00,1195.784,1533.835,249.019,259.577,1233.077,412.084,174.879,157.834
2018-08-29 14:00:00,1196.691,1537.844,254.001,264.288,1225.621,411.231,175.437,156.133
2018-08-29 15:00:00,1180.509,1514.509,255.097,261.642,1223.375,413.478,178.545,158.936
2018-08-29 16:00:00,1164.87,1470.997,254.228,255.563,1196.722,411.316,181.178,156.639
2018-08-29 17:00:00,1079.783,1377.583,242.709,238.567,1129.547,385.957,170.362,147.994
2018-08-29 18:00:00,1002.705,1270.483,231.274,217.991,1052.791,363.601,159.652,141.98
2018-08-29 19:00:00,945.844,1173.105,214.478,202.32,955.085,336.579,149.075,129.51
2018-08-29 20:00:00,892.94,1084.061,200.847,184.772,882.602,310.38,138.131,119.891
2018-08-29 21:00:00,790.725,941.903,177.968,161.944,757.013,259.875,118.121,105.054
2018-08-29 22:00:00,681.306,810.04,151.409,135.91,617.186,218.049,97.338,92.029
2018-08-29 23:00:00,600.525,717.194,129.259,108.801,529.831,192.736,82.416,78.671
2018-08-30 00:00:00,549.282,644.929,115.798,97.749,470.117,164.552,75.162,69.318
2018-08-30 01:00:00,521.491,591.009,110.007,88.618,433.365,148.471,67.954,63.652
2018-08-30 02:00:00,496.091,567.698,104.095,83.974,407.771,140.897,63.517,60.869
2018-08-30 03:00:00,486.993,566.221,101.097,83.048,410.773,134.536,61.103,60.408
2018-08-30 04:00:00,512.927,597.843,105.096,88.807,441.251,142.76,64.923,60.414
2018-08-30 05:00:00,572.537,680.99,116.568,98.472,497.15,168.538,75.366,70.898
2018-08-30 06:00:00,703.02,811.352,132.723,118.844,617.768,207.682,90.147,85.29
2018-08-30 07:00:00,839.508,959.12,159.478,152.149,772.405,252.398,105.414,103.01
2018-08-30 08:00:00,945.418,1114.38,188.239,182.576,895.791,296.689,123.713,117.451
2018-08-30 09:00:00,1014.355,1249.361,208.404,209.12,1013.58,331.989,145.314,130.808
2018-08-30 10:00:00,1056.008,1306.792,219.697,222.828,1080.602,352.894,151.071,140.376
2018-08-30 11:00:00,1072.336,1326.187,224.444,229.728,1112.868,362.249,155.218,143.674
2018-08-30 12:00:00,1071.028,1346.59,227.639,230.951,1122.778,373.53,160.464,153.961
2018-08-30 13:00:00,1066.161,1349.308,222.844,231.132,1108.222,373.174,161.705,145.299
2018-08-30 14:00:00,1071.43,1334.845,225.705,237.15,1117.619,367.62,157.636,139.113
2018-08-30 15:00:00,1082.224,1337.148,227.269,235.426,1112.518,359.089,152.736,139.758
2018-08-30 16:00:00,1074.541,1300.593,236.294,230.022,1094.529,356.232,152.544,137.714
2018-08-30 17:00:00,1007.653,1197.496,221.152,215.891,1034.611,346.668,152.03,129.834
2018-08-30 18:00:00,936.799,1091.047,203.169,199.396,957.668,318.928,138.103,119.339
2018-08-30 19:00:00,851.71,971.192,187.187,175.363,851.158,293.685,126.557,115.187
2018-08-30 20:00:00,783.998,881.471,174.467,166.46,782.0,274.941,118.051,106.066
2018-08-30 21:00:00,665.18,741.009,144.391,138.799,679.841,230.101,97.421,91.569
2018-08-30 22:00:00,560.295,609.861,115.972,114.015,557.466,179.209,84.611,74.822
2018-08-30 23:00:00,482.11,489.474,99.503,90.723,451.458,149.787,68.352,63.751
2018-08-31 00:00:00,426.601,445.773,86.339,79.114,384.339,135.379,59.566,55.75
2018-08-31 01:00:00,392.246,413.686,77.487,70.232,349.35,117.929,53.594,50.605
2018-08-31 02:00:00,374.874,402.285,71.56,65.522,332.118,112.245,49.549,48.779
2018-08-31 03:00:00,370.819,406.764,69.277,63.919,326.764,110.173,51.388,47.661
2018-08-31 04:00:00,402.622,442.084,73.842,69.176,350.872,115.583,51.602,50.987
2018-08-31 05:00:00,456.753,511.822,83.619,81.281,408.14,134.533,61.514,59.421
2018-08-31 06:00:00,522.423,584.955,101.295,94.18,480.676,163.388,73.694,66.769
2018-08-31 07:00:00,567.746,644.983,106.801,103.279,530.991,182.396,83.539,78.794
2018-08-31 08:00:00,621.191,701.121,122.69,121.947,629.123,204.893,87.577,86.634
2018-08-31 09:00:00,665.429,764.292,133.63,137.098,716.25,217.403,90.721,95.698
2018-08-31 10:00:00,704.344,803.834,140.946,148.68,771.05,230.38,98.875,95.743
2018-08-31 11:00:00,718.85,871.828,148.341,151.819,794.071,238.811,104.298,96.354
2018-08-31 12:00:00,696.411,893.976,146.515,148.987,763.773,244.76,108.102,99.396
2018-08-31 13:00:00,676.447,885.31,144.957,146.622,737.472,239.778,106.378,101.566
2018-08-31 14:00:00,683.627,885.748,141.496,149.463,756.405,255.914,110.505,106.461
2018-08-31 15:00:00,674.543,884.104,140.899,143.032,743.077,271.993,119.959,111.178
2018-08-31 16:00:00,659.863,890.692,144.775,143.139,729.068,267.716,118.266,106.188
2018-08-31 17:00:00,634.639,829.101,145.628,138.813,686.782,249.142,110.288,100.697
2018-08-31 18:00:00,616.696,774.713,136.85,133.758,651.705,229.417,105.731,93.422
2018-08-31 19:00:00,609.932,741.611,138.638,130.714,637.578,219.656,97.523,89.641
2018-08-31 20:00:00,590.499,694.451,126.851,123.908,609.563,200.315,94.579,88.812
2018-08-31 21:00:00,500.2,580.075,108.578,104.135,518.619,167.083,77.588,69.866
2018-08-31 22:00:00,408.146,491.211,88.058,83.141,421.146,134.273,62.35,61.562
2018-08-31 23:00:00,357.368,421.464,74.203,68.015,351.296,107.094,50.347,51.927
2018-09-01 00:00:00,326.046,384.019,65.376,62.462,314.84,96.43,42.462,42.935
2018-09-01 01:00:00,310.583,363.242,62.241,58.18,296.644,92.647,37.777,39.018
2018-09-01 02:00:00,303.366,364.896,61.072,54.892,288.497,85.763,36.483,39.451
2018-09-01 03:00:00,300.592,363.603,59.101,52.912,284.313,87.121,34.965,39.025
2018-09-01 04:00:00,312.892,373.034,59.812,54.848,289.584,91.063,37.364,39.155
2018-09-01 05:00:00,339.466,398.665,66.174,58.244,311.939,99.29,42.195,42.327
2018-09-01 06:00:00,381.161,446.657,76.071,68.819,353.106,114.13,49.046,51.233
2018-09-01 07:00:00,449.769,519.41,92.041,82.016,430.159,139.866,62.381,60.072
2018-09-01 08:00:00,498.927,592.024,106.455,98.12,490.862,163.603,76.357,64.7
2018-09-01 09:00:00,528.892,684.191,120.476,119.757,560.72,181.83,85.054,73.634
2018-09-01 10:00:00,548.547,763.227,127.126,132.507,628.455,209.48,92.281,87.325
2018-09-01 11:00:00,603.348,826.853,141.714,143.182,697.407,229.298,97.192,95.114
2018-09-01 12:00:00,633.85,862.322,145.301,147.546,733.985,241.105,107.735,93.333
2018-09-01 13:00:00,670.636,897.56,151.795,150.097,765.916,253.668,112.392,98.101
2018-09-01 14:00:00,698.465,945.855,159.13,157.953,777.91,272.892,120.314,104.705
2018-09-01 15:00:00,728.508,997.899,164.248,160.036,779.96,290.013,121.551,109.408
2018-09-01 16:00:00,752.186,1012.444,169.614,162.802,788.417,281.426,118.119,112.767
2018-09-01 17:00:00,746.468,990.394,158.543,156.587,761.164,269.731,122.81,112.643
2018-09-01 18:00:00,718.366,934.533,151.983,148.474,720.128,253.088,112.233,103.267
2018-09-01 19:00:00,694.933,864.928,149.111,138.279,686.39,231.954,105.248,97.391
2018-09-01 20:00:00,640.062,793.521,138.285,126.904,617.396,212.676,90.363,86.135
2018-09-01 21:00:00,529.442,667.764,113.901,99.65,504.192,172.533,78.024,69.271
2018-09-01 22:00:00,424.259,533.568,89.791,77.66,403.057,135.823,58.701,55.176
2018-09-01 23:00:00,359.417,447.737,76.843,65.461,338.422,113.265,47.934,50.797
2018-09-02 00:00:00,314.299,393.346,65.553,56.807,294.739,97.335,41.963,43.178
2018-09-02 01:00:00,295.278,372.147,60.238,51.884,276.646,89.724,39.845,38.214
2018-09-02 02:00:00,284.34,359.517,57.679,50.077,264.674,89.927,37.481,38.444
2018-09-02 03:00:00,283.399,353.984,57.116,50.72,263.403,88.197,37.051,37.071
2018-09-02 04:00:00,293.458,361.169,59.69,52.531,274.817,91.329,37.162,37.435
2018-09-02 05:00:00,316.988,372.098,63.427,56.847,289.603,100.099,42.026,39.412
2018-09-02 06:00:00,346.336,418.784,76.851,66.77,325.149,115.401,47.15,46.999
2018-09-02 07:00:00,414.367,507.594,92.677,86.5,409.81,129.62,57.091,52.269
2018-09-02 08:00:00,486.505,611.156,101.047,98.304,487.837,153.28,70.278,62.292
2018-09-02 09:00:00,549.982,704.57,123.95,119.591,576.359,180.564,78.342,79.787
2018-09-02 10:00:00,606.014,788.397,136.824,135.438,654.778,211.905,94.77,82.563
2018-09-02 11:00:00,673.164,861.625,145.76,153.809,726.377,240.84,103.889,93.115
2018-09-02 12:00:00,692.889,923.223,155.068,158.83,763.527,260.226,110.546,106.755
2018-09-02 13:00:00,707.459,952.548,167.016,166.023,796.468,270.146,123.168,107.721
2018-09-02 14:00:00,730.847,980.673,166.142,174.542,829.705,283.235,119.9,106.546
2018-09-02 15:00:00,762.124,978.241,158.522,176.64,820.241,286.794,123.65,109.638
2018-09-02 16:00:00,786.792,962.463,163.042,168.14,796.836,242.537,109.527,96.475
2018-09-02 17:00:00,780.241,943.854,164.629,165.068,788.899,185.4,78.025,71.982
2018-09-02 18:00:00,747.579,897.261,166.261,153.488,748.59,241.589,99.898,102.304
2018-09-02 19:00:00,715.462,843.512,155.884,144.714,703.58,279.638,109.48,111.775
2018-09-02 20:00:00,653.728,792.771,144.913,135.169,650.089,297.386,107.626,107.925
2018-09-02 21:00:00,579.478,680.306,119.916,113.017,564.195,287.012,103.659,100.634
2018-09-02 22:00:00,473.928,576.655,97.97,93.014,453.45,277.446,99.412,101.004
2018-09-02 23:00:00,398.375,510.604,83.485,79.718,390.141,275.494,99.298,98.531
2018-09-03 00:00:00,367.897,477.469,77.893,67.701,344.009,268.141,97.296,98.254
2018-09-03 01:00:00,361.636,455.906,75.339,64.535,328.644,273.398,98.512,99.439
2018-09-03 02:00:00,364.509,451.025,70.139,65.489,324.78,279.051,101.65,101.452
2018-09-03 03:00:00,375.939,475.184,71.155,66.623,341.733,296.023,108.144,104.955
2018-09-03 04:00:00,419.104,530.562,78.868,76.132,375.371,312.636,119.792,113.837
2018-09-03 05:00:00,502.72,625.255,94.865,90.309,455.516,339.531,131.265,123.175
2018-09-03 06:00:00,606.08,738.236,112.972,109.027,557.964,370.684,139.583,132.084
2018-09-03 07:00:00,736.234,876.327,132.675,133.921,676.85,377.213,140.558,147.338
2018-09-03 08:00:00,855.099,1023.451,155.572,163.64,816.427,376.188,141.088,147.498
2018-09-03 09:00:00,968.208,1172.088,184.597,189.135,944.14,375.554,141.168,147.23
2018-09-03 10:00:00,1048.072,1271.378,207.584,211.69,1067.262,307.227,122.638,121.459
2018-09-03 11:00:00,1104.208,1377.973,223.871,234.269,1138.517,191.802,82.122,80.329
2018-09-03 12:00:00,1126.319,1446.27,237.925,241.21,1162.435,189.118,82.215,85.232
2018-09-03 13:00:00,1144.156,1459.61,243.018,248.27,1173.9,202.055,91.079,81.712
2018-09-03 14:00:00,1141.845,1480.722,241.599,252.419,1189.429,232.87,101.418,87.828
2018-09-03 15:00:00,1125.544,1490.084,252.221,250.156,1189.716,252.283,111.579,98.393
2018-09-03 16:00:00,1109.755,1427.732,242.998,252.447,1166.693,278.1,120.881,104.445
2018-09-03 17:00:00,1074.316,1349.695,233.519,237.433,1109.196,277.267,125.909,104.034
2018-09-03 18:00:00,1014.247,1236.261,223.112,217.692,1031.916,258.96,115.53,98.738
2018-09-03 19:00:00,935.176,1154.896,216.792,195.685,940.79,245.699,107.848,91.824
2018-09-03 20:00:00,857.216,1068.744,195.457,178.154,856.05,230.831,100.32,85.21
2018-09-03 21:00:00,738.135,916.344,162.248,158.254,734.628,191.999,82.795,76.875
2018-09-03 22:00:00,604.7,769.322,134.942,128.824,593.884,157.592,70.008,64.371
2018-09-03 23:00:00,521.028,658.386,112.055,103.528,511.357,128.282,58.688,54.753
2018-09-04 00:00:00,465.608,596.526,100.217,91.572,444.178,113.127,50.324,50.636
2018-09-04 01:00:00,427.739,566.502,93.89,83.334,411.05,103.228,44.945,47.829
2018-09-04 02:00:00,410.398,546.189,89.141,77.684,386.98,100.359,43.424,44.767
2018-09-04 03:00:00,408.355,549.571,86.201,77.428,389.993,98.796,43.868,45.283
2018-09-04 04:00:00,440.923,599.553,92.089,81.397,415.434,108.946,48.126,49.485
2018-09-04 05:00:00,505.974,681.196,102.513,97.223,483.416,135.421,61.137,55.261
2018-09-04 06:00:00,614.73,802.697,127.495,118.794,600.234,165.261,69.413,64.307
2018-09-04 07:00:00,764.692,960.921,151.341,149.22,742.511,204.328,87.254,82.29
2018-09-04 08:00:00,897.796,1096.744,171.664,175.712,884.349,252.891,105.855,99.74
2018-09-04 09:00:00,1027.1,1232.956,197.733,208.982,1023.065,291.193,122.316,119.483
2018-09-04 10:00:00,1099.307,1295.113,215.949,223.119,1094.288,310.375,136.413,131.188
2018-09-04 11:00:00,1142.081,1346.269,227.327,235.046,1131.637,334.768,145.344,130.878
2018-09-04 12:00:00,1123.71,1395.575,231.749,243.842,1169.716,346.668,147.846,132.584
2018-09-04 13:00:00,1137.654,1401.792,231.983,243.777,1154.153,340.313,147.419,132.304
2018-09-04 14:00:00,1139.761,1398.852,238.8,246.994,1185.527,353.107,153.003,134.732
2018-09-04 15:00:00,1131.865,1410.765,240.862,248.943,1175.851,359.735,155.602,140.197
2018-09-04 16:00:00,1098.969,1393.83,234.879,245.265,1155.159,364.103,157.913,141.306
2018-09-04 17:00:00,1062.131,1310.597,224.168,231.739,1100.205,346.047,152.175,131.887
2018-09-04 18:00:00,977.067,1176.975,212.32,202.852,994.192,321.465,139.564,120.854
2018-09-04 19:00:00,892.618,1053.74,200.467,186.641,886.614,291.004,125.484,110.362
2018-09-04 20:00:00,807.505,952.188,180.657,162.584,781.805,258.88,113.752,107.013
2018-09-04 21:00:00,677.066,809.642,147.894,131.423,652.504,219.964,95.626,88.291
2018-09-04 22:00:00,560.225,662.908,117.83,104.986,531.206,174.541,80.625,70.463
2018-09-04 23:00:00,476.475,561.43,97.899,89.067,446.438,139.285,63.672,59.603
2018-09-05 00:00:00,414.797,499.089,88.21,78.88,385.387,117.785,54.406,54.756
2018-09-05 01:00:00,383.053,467.824,82.374,70.963,358.561,111.815,49.833,48.427
2018-09-05 02:00:00,378.362,446.625,78.288,67.229,343.635,103.996,46.647,46.131
2018-09-05 03:00:00,385.44,446.317,78.771,69.332,350.008,101.457,46.144,45.206
2018-09-05 04:00:00,415.307,481.316,83.489,77.933,389.429,114.988,49.842,47.661
2018-09-05 05:00:00,490.127,560.178,97.752,91.506,462.833,134.275,63.91,55.885
2018-09-05 06:00:00,584.307,657.144,120.491,107.51,558.018,160.282,74.326,64.972
2018-09-05 07:00:00,686.1,779.729,134.32,132.958,649.001,173.044,75.406,72.17
2018-09-05 08:00:00,804.76,924.94,139.536,142.273,730.015,191.019,79.57,79.0
2018-09-05 09:00:00,892.94,1066.193,160.805,167.631,837.272,205.933,85.254,89.363
2018-09-05 10:00:00,983.619,1172.309,185.665,196.098,960.807,239.997,99.524,103.669
2018-09-05 11:00:00,1076.974,1268.678,210.521,219.408,1052.119,270.824,112.735,110.602
2018-09-05 12:00:00,1097.497,1349.217,227.707,231.532,1110.533,296.164,127.444,127.742
2018-09-05 13:00:00,1108.596,1381.723,228.805,237.572,1129.657,322.874,137.083,130.907
2018-09-05 14:00:00,1116.382,1392.561,235.273,237.777,1144.83,342.362,145.086,134.772
2018-09-05 15:00:00,1120.67,1408.886,243.419,235.857,1131.921,354.456,155.94,145.152
2018-09-05 16:00:00,1121.257,1399.005,249.151,231.888,1105.829,356.921,156.237,142.317
2018-09-05 17:00:00,1062.512,1310.498,231.818,219.238,1044.549,347.694,147.53,135.416
2018-09-05 18:00:00,988.887,1203.191,218.862,203.16,969.479,315.638,135.52,126.644
2018-09-05 19:00:00,916.377,1117.376,205.407,186.561,897.073,283.653,128.878,114.853
2018-09-05 20:00:00,828.673,1004.177,177.788,167.525,806.944,253.175,120.231,107.407
2018-09-05 21:00:00,711.097,843.105,145.551,139.273,673.264,212.597,94.767,91.9
2018-09-05 22:00:00,596.881,695.944,122.75,109.967,546.325,175.402,78.785,73.268
2018-09-05 23:00:00,511.844,607.603,103.453,96.06,465.591,145.325,64.293,62.017
2018-09-06 00:00:00,456.79,550.465,92.754,84.911,419.517,129.581,57.088,57.303
2018-09-06 01:00:00,434.082,522.69,85.994,80.03,397.293,117.916,53.631,55.16
2018-09-06 02:00:00,433.001,509.874,83.661,76.995,383.712,115.374,51.558,51.272
2018-09-06 03:00:00,434.011,522.258,83.655,78.33,391.017,120.237,51.22,51.103
2018-09-06 04:00:00,470.492,564.238,94.413,87.491,440.349,131.721,58.34,57.656
2018-09-06 05:00:00,572.061,657.363,107.914,104.293,515.063,160.499,70.476,64.983
2018-09-06 06:00:00,690.94,774.862,122.937,123.724,620.79,200.854,88.172,78.215
2018-09-06 07:00:00,816.091,927.338,140.417,152.595,744.453,238.742,98.778,91.802
2018-09-06 08:00:00,937.21,1097.203,171.977,179.134,887.655,270.575,111.563,112.382
2018-09-06 09:00:00,1047.141,1261.408,196.732,207.43,1031.852,309.053,134.584,129.209
2018-09-06 10:00:00,1116.365,1368.951,216.448,229.245,1128.645,346.937,150.246,143.343
2018-09-06 11:00:00,1159.014,1468.655,231.485,244.421,1191.1,368.033,155.769,148.318
2018-09-06 12:00:00,1172.823,1515.838,237.601,252.139,1223.67,385.499,160.807,148.604
2018-09-06 13:00:00,1172.755,1512.764,242.495,260.559,1239.69,385.639,161.946,154.495
2018-09-06 14:00:00,1172.931,1406.941,241.408,256.844,1214.528,390.604,165.419,151.724
2018-09-06 15:00:00,1130.485,1177.07,235.095,243.962,1138.05,350.683,150.311,135.353
2018-09-06 16:00:00,1006.333,1023.909,217.953,212.799,1013.8,300.082,125.181,117.212
2018-09-06 17:00:00,901.119,965.159,194.779,181.123,898.165,287.573,121.729,114.856
2018-09-06 18:00:00,855.143,917.276,187.028,174.067,853.942,276.888,119.0,107.827
2018-09-06 19:00:00,829.597,868.097,178.118,164.194,802.691,261.589,111.027,95.955
2018-09-06 20:00:00,772.698,809.024,163.615,145.259,733.856,239.124,100.827,91.788
2018-09-06 21:00:00,670.479,691.693,141.366,123.969,631.309,199.068,86.384,83.872
2018-09-06 22:00:00,538.142,575.383,114.624,104.872,510.642,158.56,75.589,68.003
2018-09-06 23:00:00,463.098,504.927,95.726,87.461,434.266,134.822,61.789,56.209
2018-09-07 00:00:00,416.349,468.336,86.233,79.979,389.111,118.911,52.388,51.614
2018-09-07 01:00:00,390.934,442.571,82.229,73.98,367.213,108.54,48.427,47.378
2018-09-07 02:00:00,377.501,438.522,79.102,71.234,358.122,106.289,46.89,46.684
2018-09-07 03:00:00,386.252,449.929,77.601,73.234,369.436,105.395,46.928,45.88
2018-09-07 04:00:00,423.797,481.568,83.189,79.312,395.68,113.476,50.373,49.432
2018-09-07 05:00:00,492.16,544.329,94.898,89.117,463.543,133.585,60.72,54.64
2018-09-07 06:00:00,564.501,607.773,104.022,104.265,537.149,159.178,72.774,64.459
2018-09-07 07:00:00,604.695,671.923,109.924,113.688,589.323,174.892,78.063,75.957
2018-09-07 08:00:00,635.425,707.616,116.149,126.183,607.153,183.102,82.26,80.105
2018-09-07 09:00:00,667.05,750.185,124.468,124.72,636.065,179.095,79.528,77.937
2018-09-07 10:00:00,669.514,760.904,123.897,117.499,623.901,182.574,84.523,80.049
2018-09-07 11:00:00,642.152,792.83,121.393,112.126,604.982,179.558,81.208,75.782
2018-09-07 12:00:00,612.297,788.771,115.992,108.778,572.151,166.217,76.472,76.856
2018-09-07 13:00:00,575.763,773.572,106.141,103.936,549.917,177.706,72.832,77.0
2018-09-07 14:00:00,553.233,786.146,107.972,106.648,531.341,181.973,79.535,74.949
2018-09-07 15:00:00,563.99,806.157,114.964,114.216,546.246,190.786,81.274,86.803
2018-09-07 16:00:00,591.086,835.862,121.211,110.363,563.521,210.142,90.059,85.432
2018-09-07 17:00:00,580.827,807.253,120.143,109.178,573.609,212.946,97.876,88.866
2018-09-07 18:00:00,597.057,770.351,122.522,116.627,591.447,216.719,96.16,85.751
2018-09-07 19:00:00,584.193,743.139,122.444,116.768,587.921,200.504,88.191,79.884
2018-09-07 20:00:00,562.581,680.387,117.76,110.733,545.381,190.187,84.989,80.508
2018-09-07 21:00:00,485.357,579.01,97.734,90.612,462.545,159.536,68.938,67.13
2018-09-07 22:00:00,394.212,484.647,80.527,73.759,371.004,126.319,56.334,51.991
2018-09-07 23:00:00,337.085,413.893,70.269,62.43,319.963,105.613,47.388,42.027
2018-09-08 00:00:00,307.125,382.638,63.065,57.333,295.618,95.515,39.348,40.577
2018-09-08 01:00:00,299.938,367.907,62.138,53.147,286.587,88.655,37.21,39.844
2018-09-08 02:00:00,295.787,368.423,59.656,51.947,281.805,87.228,35.933,39.184
2018-09-08 03:00:00,295.06,367.823,59.136,52.832,279.766,88.203,35.604,38.995
2018-09-08 04:00:00,303.533,372.22,60.97,54.584,284.082,90.201,36.467,39.977
2018-09-08 05:00:00,334.216,398.908,65.839,57.122,305.404,99.695,39.648,43.805
2018-09-08 06:00:00,380.728,437.407,77.351,68.522,348.361,112.846,47.731,49.559
2018-09-08 07:00:00,444.278,492.665,89.927,80.012,405.757,134.15,54.284,56.299
2018-09-08 08:00:00,505.541,547.412,99.213,92.299,462.79,148.788,62.73,62.124
2018-09-08 09:00:00,510.366,578.113,97.146,97.619,500.181,155.947,70.427,64.847
2018-09-08 10:00:00,533.226,602.953,97.591,101.405,501.012,161.157,72.523,67.322
2018-09-08 11:00:00,543.227,617.383,102.296,101.194,510.078,165.201,75.402,72.434
2018-09-08 12:00:00,523.8,633.749,109.138,99.295,516.017,166.874,70.752,70.528
2018-09-08 13:00:00,504.059,631.296,101.152,95.105,500.627,161.615,71.417,70.793
2018-09-08 14:00:00,482.877,627.027,94.607,99.786,488.111,160.292,77.34,67.947
2018-09-08 15:00:00,498.094,620.983,106.521,102.875,515.72,168.91,71.962,65.13
2018-09-08 16:00:00,529.595,629.83,112.338,102.266,519.044,176.461,73.004,67.777
2018-09-08 17:00:00,533.047,627.206,107.234,105.843,517.825,175.057,76.803,70.26
2018-09-08 18:00:00,566.518,642.779,109.189,107.899,542.612,179.874,81.012,69.674
2018-09-08 19:00:00,571.091,638.89,115.816,103.771,544.977,179.415,83.368,72.894
2018-09-08 20:00:00,528.715,615.742,117.145,101.359,528.757,169.316,76.048,69.926
2018-09-08 21:00:00,451.518,517.622,105.121,86.611,433.7,139.1,61.906,59.418
2018-09-08 22:00:00,378.077,414.221,79.582,69.179,353.103,111.769,52.542,49.312
2018-09-08 23:00:00,318.726,376.469,66.578,59.403,304.508,95.695,39.824,42.326
2018-09-09 00:00:00,291.058,346.704,60.53,51.146,271.795,90.032,36.226,37.35
2018-09-09 01:00:00,281.291,340.639,59.647,49.593,267.793,87.524,36.029,36.637
2018-09-09 02:00:00,275.826,338.441,60.234,48.805,259.069,86.792,35.993,36.035
2018-09-09 03:00:00,281.437,342.712,61.69,49.22,265.902,93.544,36.376,36.202
2018-09-09 04:00:00,295.976,363.721,63.185,53.134,285.422,101.473,39.268,37.657
2018-09-09 05:00:00,331.624,384.832,71.365,62.213,302.052,112.864,46.829,41.269
2018-09-09 06:00:00,348.085,411.205,78.499,70.062,326.973,126.668,49.92,48.439
2018-09-09 07:00:00,408.73,465.613,89.445,79.408,381.256,134.401,57.933,55.498
2018-09-09 08:00:00,441.487,492.695,95.481,83.412,424.756,150.145,62.821,56.275
2018-09-09 09:00:00,460.326,511.882,99.297,88.895,439.763,153.237,62.993,54.27
2018-09-09 10:00:00,456.187,504.896,105.191,85.822,420.326,152.14,64.861,56.165
2018-09-09 11:00:00,451.691,501.497,101.468,86.74,423.426,149.351,71.42,58.049
2018-09-09 12:00:00,437.353,494.319,105.923,84.017,421.657,143.439,65.004,56.302
2018-09-09 13:00:00,436.533,499.921,94.819,81.595,407.814,144.636,61.055,56.747
2018-09-09 14:00:00,436.119,493.913,95.863,87.253,418.869,144.45,65.575,51.589
2018-09-09 15:00:00,446.377,520.72,99.078,86.243,423.715,146.598,66.715,55.772
2018-09-09 16:00:00,472.632,528.156,103.298,89.446,437.725,159.325,66.572,62.909
2018-09-09 17:00:00,477.87,534.861,108.425,91.36,451.846,162.31,67.87,67.377
2018-09-09 18:00:00,495.909,571.711,108.182,99.042,479.341,177.83,73.244,68.531
2018-09-09 19:00:00,509.267,569.129,115.495,96.375,499.96,167.941,77.643,66.364
2018-09-09 20:00:00,487.16,551.653,115.614,91.855,482.297,163.806,73.226,60.852
2018-09-09 21:00:00,430.585,479.484,94.894,79.135,410.69,138.643,62.417,55.4
2018-09-09 22:00:00,363.757,416.689,76.087,63.234,328.676,115.974,51.902,46.418
2018-09-09 23:00:00,320.35,371.68,71.501,55.894,299.141,100.785,42.242,43.874
2018-09-10 00:00:00,301.565,358.717,66.661,52.629,282.63,93.606,38.276,39.89
2018-09-10 01:00:00,297.69,349.638,63.026,53.284,276.369,92.971,37.953,37.526
2018-09-10 02:00:00,298.193,355.444,63.049,52.045,278.977,90.238,39.221,37.541
2018-09-10 03:00:00,310.362,378.105,65.69,54.443,292.087,95.351,40.311,38.937
2018-09-10 04:00:00,344.779,419.156,73.362,61.911,321.56,104.994,46.507,42.924
2018-09-10 05:00:00,436.092,495.318,88.608,74.023,392.861,124.319,56.883,50.125
2018-09-10 06:00:00,500.763,559.243,98.816,83.078,445.202,144.25,68.849,61.046
2018-09-10 07:00:00,534.42,615.979,109.186,98.044,483.563,155.219,71.74,68.056
2018-09-10 08:00:00,547.664,644.269,111.923,97.898,513.453,161.746,73.529,68.799
2018-09-10 09:00:00,559.297,660.834,114.681,97.557,522.56,167.707,71.116,68.711
2018-09-10 10:00:00,563.304,670.969,115.052,99.234,524.886,169.299,71.186,70.005
2018-09-10 11:00:00,549.708,663.232,113.752,101.234,527.405,157.598,69.61,67.674
2018-09-10 12:00:00,523.277,635.764,113.182,101.455,512.04,158.512,65.715,70.762
2018-09-10 13:00:00,503.941,616.004,102.045,91.942,472.391,149.255,63.856,65.066
2018-09-10 14:00:00,501.343,603.93,102.762,92.633,464.338,151.99,64.49,61.516
2018-09-10 15:00:00,507.423,606.586,105.358,93.419,473.291,152.931,66.029,60.719
2018-09-10 16:00:00,518.568,624.615,108.318,91.197,478.716,164.848,71.616,63.357
2018-09-10 17:00:00,521.056,629.036,114.522,93.522,484.758,170.951,74.541,63.134
2018-09-10 18:00:00,535.25,633.812,121.428,95.569,510.003,173.681,81.956,68.642
2018-09-10 19:00:00,544.019,638.433,119.135,99.078,515.363,177.742,75.954,68.207
2018-09-10 20:00:00,514.676,601.534,109.996,98.687,485.161,168.553,76.52,66.228
2018-09-10 21:00:00,436.251,517.743,98.509,83.236,427.177,144.388,59.83,57.947
2018-09-10 22:00:00,358.546,425.675,76.805,66.826,352.635,116.37,49.603,49.809
2018-09-10 23:00:00,324.212,386.045,66.434,57.644,303.963,98.073,41.07,43.571
2018-09-11 00:00:00,300.29,362.511,62.361,52.562,281.336,90.275,37.854,37.422
2018-09-11 01:00:00,288.345,349.919,59.742,51.586,275.553,84.358,35.854,35.894
2018-09-11 02:00:00,286.185,353.484,60.738,51.544,270.922,83.678,35.272,35.928
2018-09-11 03:00:00,298.908,369.374,58.346,53.868,277.815,90.928,39.369,36.628
2018-09-11 04:00:00,328.398,411.305,65.552,58.68,306.403,100.871,44.474,39.535
2018-09-11 05:00:00,414.624,488.263,80.72,72.734,370.286,117.258,52.279,49.682
2018-09-11 06:00:00,473.122,558.351,92.317,77.931,424.851,137.653,62.51,58.26
2018-09-11 07:00:00,507.231,606.343,100.311,84.075,471.004,155.35,70.271,67.22
2018-09-11 08:00:00,532.3,639.555,104.535,93.458,500.441,161.623,66.42,67.087
2018-09-11 09:00:00,555.713,672.126,105.503,100.192,521.003,162.973,68.6,67.51
2018-09-11 10:00:00,573.036,700.521,106.729,104.55,551.398,175.473,72.282,71.103
2018-09-11 11:00:00,593.692,731.18,112.243,105.848,575.957,188.798,83.942,75.981
2018-09-11 12:00:00,602.776,765.567,119.6,110.764,587.632,211.79,87.134,86.707
2018-09-11 13:00:00,591.422,785.303,113.918,117.504,578.773,227.648,94.272,92.696
2018-09-11 14:00:00,602.969,806.19,116.784,109.915,564.467,236.965,102.565,97.949
2018-09-11 15:00:00,622.112,839.042,119.859,113.806,576.127,240.604,110.599,100.168
2018-09-11 16:00:00,649.763,860.442,132.96,118.326,621.509,243.228,107.064,103.687
2018-09-11 17:00:00,662.54,839.56,130.726,124.883,620.738,237.579,112.326,98.239
2018-09-11 18:00:00,661.239,799.494,138.964,125.527,626.392,236.649,110.479,94.741
2018-09-11 19:00:00,630.712,769.752,136.168,120.298,612.392,222.946,100.809,90.361
2018-09-11 20:00:00,604.602,707.514,127.214,114.788,588.602,210.232,95.156,85.343
2018-09-11 21:00:00,506.909,593.99,106.721,97.989,498.078,173.072,87.878,74.752
2018-09-11 22:00:00,414.552,496.352,84.64,78.061,400.658,142.511,66.019,60.75
2018-09-11 23:00:00,356.174,438.14,71.737,65.985,340.916,115.728,53.048,47.845
2018-09-12 00:00:00,325.45,400.294,64.562,63.313,303.82,101.676,47.093,43.221
2018-09-12 01:00:00,315.05,382.135,62.826,59.499,290.99,93.108,42.355,41.026
2018-09-12 02:00:00,313.625,385.515,62.025,57.741,291.12,91.735,39.859,39.324
2018-09-12 03:00:00,325.584,407.111,64.565,59.846,300.262,95.511,40.624,40.904
2018-09-12 04:00:00,364.281,445.922,74.061,64.781,332.726,108.345,45.675,43.109
2018-09-12 05:00:00,452.747,538.784,90.104,78.427,404.458,128.544,57.919,52.917
2018-09-12 06:00:00,511.091,610.41,102.921,89.066,476.229,150.369,68.041,62.797
2018-09-12 07:00:00,569.306,679.197,112.703,101.957,539.783,171.937,80.077,68.96
2018-09-12 08:00:00,614.779,717.278,114.936,112.874,584.959,188.506,77.674,86.334
2018-09-12 09:00:00,647.926,738.246,124.741,119.405,618.224,186.981,78.146,85.584
2018-09-12 10:00:00,670.1,737.353,133.133,122.365,636.924,190.423,84.531,86.037
2018-09-12 11:00:00,684.991,733.411,133.735,124.694,638.187,186.542,80.767,80.751
2018-09-12 12:00:00,695.602,728.857,129.547,124.065,633.157,186.009,78.065,77.746
2018-09-12 13:00:00,688.77,735.03,126.587,125.062,606.371,178.07,77.303,76.238
2018-09-12 14:00:00,689.627,743.266,123.049,124.471,600.234,175.107,78.812,70.162
2018-09-12 15:00:00,672.451,746.317,123.322,118.779,602.228,179.368,78.634,71.227
2018-09-12 16:00:00,665.135,765.126,131.509,125.894,604.839,191.684,80.82,77.767
2018-09-12 17:00:00,660.653,741.698,131.242,118.833,613.579,193.972,84.588,78.577
2018-09-12 18:00:00,655.465,727.455,136.455,121.528,615.879,200.107,81.053,77.738
2018-09-12 19:00:00,637.153,709.122,132.911,120.811,606.559,187.592,80.709,78.052
2018-09-12 20:00:00,600.994,670.304,129.78,115.414,574.963,176.786,81.7,71.453
2018-09-12 21:00:00,506.846,567.168,108.874,95.007,484.32,151.771,65.638,62.25
2018-09-12 22:00:00,423.114,465.557,83.675,74.153,387.107,121.431,52.243,49.783
2018-09-12 23:00:00,361.946,405.949,69.446,65.35,333.42,98.629,43.829,41.711
2018-09-13 00:00:00,329.207,377.496,63.758,58.297,295.95,89.585,39.311,37.539
2018-09-13 01:00:00,314.755,360.102,60.913,55.143,281.485,84.223,37.143,35.978
2018-09-13 02:00:00,309.498,361.718,59.488,54.207,276.958,84.2,35.42,36.02
2018-09-13 03:00:00,318.878,377.923,60.759,55.207,283.806,87.306,37.196,37.435
2018-09-13 04:00:00,351.909,417.298,69.376,61.131,314.655,96.83,42.902,41.681
2018-09-13 05:00:00,433.965,503.792,84.135,73.178,386.366,120.218,53.98,50.047
2018-09-13 06:00:00,509.446,586.819,99.052,85.075,455.858,140.328,65.852,62.354
2018-09-13 07:00:00,580.126,679.124,106.418,106.295,530.462,160.098,78.653,69.617
2018-09-13 08:00:00,644.738,722.789,109.89,112.904,575.454,181.605,81.978,78.966
2018-09-13 09:00:00,676.408,755.873,118.113,123.058,628.033,192.747,80.304,84.647
2018-09-13 10:00:00,707.249,784.423,123.014,129.448,640.062,202.927,82.049,86.459
2018-09-13 11:00:00,759.859,822.153,129.772,126.339,640.873,202.802,83.246,85.913
2018-09-13 12:00:00,752.408,830.313,132.414,125.19,645.705,198.341,88.223,89.018
2018-09-13 13:00:00,732.722,820.316,132.962,125.554,634.348,189.788,89.055,81.728
2018-09-13 14:00:00,728.202,813.025,130.898,122.631,626.295,190.219,88.438,78.506
2018-09-13 15:00:00,731.141,874.795,138.713,124.594,638.515,200.595,88.979,80.079
2018-09-13 16:00:00,725.11,903.5,142.51,131.266,666.316,215.763,97.157,85.569
2018-09-13 17:00:00,692.71,877.716,139.517,131.555,681.149,224.438,99.847,85.548
2018-09-13 18:00:00,683.481,831.226,143.741,129.327,668.952,219.337,99.824,87.734
2018-09-13 19:00:00,662.372,799.662,141.752,133.625,657.14,207.156,94.821,81.577
2018-09-13 20:00:00,637.294,741.611,132.164,123.181,623.64,196.709,85.929,75.704
2018-09-13 21:00:00,539.535,612.369,111.696,99.483,509.496,166.451,74.453,67.939
2018-09-13 22:00:00,436.277,505.061,90.676,81.401,413.621,128.464,58.574,54.003
2018-09-13 23:00:00,377.295,443.725,73.506,69.722,359.159,107.772,46.973,44.633
2018-09-14 00:00:00,337.383,409.744,66.318,63.407,319.271,92.764,41.775,39.226
2018-09-14 01:00:00,321.126,389.757,61.65,61.374,301.564,87.584,37.802,38.758
2018-09-14 02:00:00,315.315,385.862,59.935,58.129,295.115,86.968,37.381,38.095
2018-09-14 03:00:00,320.428,398.412,61.539,58.781,297.151,89.911,38.45,37.88
2018-09-14 04:00:00,362.06,439.32,66.893,65.651,323.528,97.533,42.266,43.622
2018-09-14 05:00:00,450.563,524.741,83.057,79.352,397.866,121.232,55.198,55.928
2018-09-14 06:00:00,505.252,606.029,95.382,93.406,466.743,143.228,68.058,62.503
2018-09-14 07:00:00,545.571,664.991,101.73,99.401,520.303,159.864,72.476,65.729
2018-09-14 08:00:00,584.115,712.256,112.663,105.635,539.924,180.556,81.248,75.812
2018-09-14 09:00:00,611.679,756.151,115.702,116.193,591.589,204.878,83.25,85.463
2018-09-14 10:00:00,645.146,805.99,117.389,128.114,661.797,211.75,90.515,93.637
2018-09-14 11:00:00,651.103,866.217,122.65,138.746,712.198,220.749,95.02,97.815
2018-09-14 12:00:00,664.184,871.426,124.314,136.043,697.057,222.942,92.895,94.905
2018-09-14 13:00:00,669.025,854.464,123.196,127.153,663.1,215.991,93.512,89.767
2018-09-14 14:00:00,675.022,840.746,123.0,128.918,652.611,211.437,97.083,88.443
2018-09-14 15:00:00,690.901,852.57,132.897,141.347,692.097,226.034,98.026,91.062
2018-09-14 16:00:00,705.274,882.514,143.796,153.604,748.516,243.776,111.952,96.218
2018-09-14 17:00:00,707.231,880.362,150.232,152.165,754.679,250.933,114.024,100.245
2018-09-14 18:00:00,663.877,832.188,149.436,137.147,696.415,234.83,103.94,93.983
2018-09-14 19:00:00,620.407,764.521,140.111,128.005,641.297,215.729,96.876,86.594
2018-09-14 20:00:00,582.401,712.969,126.753,122.921,584.663,200.764,88.98,80.221
2018-09-14 21:00:00,486.63,592.535,107.115,95.165,493.269,163.073,76.869,70.794
2018-09-14 22:00:00,398.369,480.495,85.992,74.617,392.881,131.029,57.443,55.289
2018-09-14 23:00:00,348.801,416.971,72.922,62.463,331.998,111.951,48.697,45.896
2018-09-15 00:00:00,307.363,383.29,63.61,57.306,304.604,96.044,40.291,43.012
2018-09-15 01:00:00,287.919,368.499,59.951,54.889,292.409,89.116,36.812,39.536
2018-09-15 02:00:00,287.398,372.607,59.671,56.261,290.562,86.16,36.932,39.695
2018-09-15 03:00:00,292.073,376.892,60.146,58.629,289.959,88.493,35.839,39.694
2018-09-15 04:00:00,302.922,383.133,61.351,56.706,290.157,91.652,36.627,39.526
2018-09-15 05:00:00,338.012,413.824,64.876,59.06,316.546,100.405,41.072,43.922
2018-09-15 06:00:00,377.243,447.057,75.205,73.203,359.663,116.575,46.935,50.519
2018-09-15 07:00:00,462.003,530.497,94.031,94.168,452.606,141.648,57.792,64.756
2018-09-15 08:00:00,547.001,606.381,118.567,116.839,586.01,161.093,71.852,69.8
2018-09-15 09:00:00,617.517,653.64,130.287,140.094,687.089,174.672,79.283,79.532
2018-09-15 10:00:00,700.124,744.281,144.581,162.483,783.345,197.474,84.996,82.864
2018-09-15 11:00:00,771.101,863.741,163.322,171.721,849.611,235.088,102.312,87.86
2018-09-15 12:00:00,849.137,957.795,175.443,178.78,867.044,254.248,108.416,101.187
2018-09-15 13:00:00,882.55,1013.985,174.079,190.581,901.394,262.686,116.649,109.28
2018-09-15 14:00:00,921.224,1086.045,188.363,198.905,934.552,277.38,129.105,115.245
2018-09-15 15:00:00,955.258,1116.225,197.552,204.491,964.317,301.017,135.692,122.039
2018-09-15 16:00:00,959.116,1138.963,193.009,198.027,932.014,305.934,132.865,121.573
2018-09-15 17:00:00,901.444,1069.321,187.3,181.073,856.566,297.019,126.223,113.598
2018-09-15 18:00:00,829.132,977.699,180.272,156.929,782.221,265.504,116.858,102.99
2018-09-15 19:00:00,760.43,903.778,165.527,142.692,724.141,235.24,107.539,95.81
2018-09-15 20:00:00,695.596,818.465,147.185,130.797,640.266,215.163,96.623,85.101
2018-09-15 21:00:00,568.869,674.947,124.035,103.091,516.977,186.142,83.327,72.473
2018-09-15 22:00:00,453.939,539.182,99.353,81.425,412.245,141.303,62.96,57.525
2018-09-15 23:00:00,384.791,461.147,79.206,67.073,344.38,110.044,49.362,47.31
2018-09-16 00:00:00,328.48,408.419,68.376,57.767,298.924,95.723,44.086,41.04
2018-09-16 01:00:00,301.221,376.054,61.863,53.813,279.462,88.782,39.004,36.179
2018-09-16 02:00:00,289.788,358.006,58.871,51.615,268.295,86.898,37.444,36.419
2018-09-16 03:00:00,291.324,351.737,58.369,50.815,264.637,86.989,36.378,35.606
2018-09-16 04:00:00,303.221,360.054,60.548,51.396,275.738,93.922,37.592,37.236
2018-09-16 05:00:00,326.428,382.204,66.216,56.97,291.344,100.223,41.767,39.455
2018-09-16 06:00:00,355.863,407.273,73.485,66.67,323.678,111.458,48.955,44.0
2018-09-16 07:00:00,428.665,492.495,88.046,82.274,411.579,134.53,63.266,53.973
2018-09-16 08:00:00,524.911,576.071,110.196,105.151,502.472,160.938,75.567,62.309
2018-09-16 09:00:00,597.913,642.248,128.484,123.703,607.547,188.794,83.223,72.563
2018-09-16 10:00:00,689.447,743.252,151.538,147.521,704.557,215.311,101.391,83.06
2018-09-16 11:00:00,780.341,868.177,165.485,164.382,802.578,248.676,112.19,99.25
2018-09-16 12:00:00,836.361,973.859,174.929,177.727,846.332,275.023,122.433,107.739
2018-09-16 13:00:00,867.158,1042.825,188.717,193.776,904.578,292.901,127.498,114.357
2018-09-16 14:00:00,906.413,1091.943,201.312,203.261,947.443,303.224,134.028,118.474
2018-09-16 15:00:00,941.321,1132.008,205.219,211.875,976.285,321.238,136.493,126.577
2018-09-16 16:00:00,917.323,1120.075,208.659,202.816,962.114,319.218,142.479,124.153
2018-09-16 17:00:00,875.04,1054.713,199.725,187.951,873.281,303.637,135.647,121.445
2018-09-16 18:00:00,813.287,975.883,181.243,158.631,781.343,278.76,120.488,110.059
2018-09-16 19:00:00,743.02,893.915,165.079,145.447,705.484,257.763,115.218,98.444
2018-09-16 20:00:00,686.382,807.499,152.905,131.273,639.049,230.327,102.244,88.531
2018-09-16 21:00:00,581.172,685.307,128.366,110.318,530.881,189.939,80.631,73.661
2018-09-16 22:00:00,449.85,576.687,102.949,88.029,428.945,150.173,67.079,59.86
2018-09-16 23:00:00,382.927,497.65,85.45,72.262,363.942,119.051,52.951,49.392
2018-09-17 00:00:00,341.236,452.202,74.142,62.915,320.306,104.747,45.376,44.182
2018-09-17 01:00:00,317.95,420.217,67.468,57.747,302.378,93.796,41.108,40.137
2018-09-17 02:00:00,308.213,408.59,63.511,56.159,290.661,91.472,39.494,39.035
2018-09-17 03:00:00,315.959,421.958,62.997,56.14,290.938,91.785,39.958,41.004
2018-09-17 04:00:00,348.601,457.644,70.647,62.838,322.711,100.951,44.012,43.228
2018-09-17 05:00:00,419.984,541.49,85.128,76.094,380.26,123.014,55.655,55.11
2018-09-17 06:00:00,486.89,621.254,103.785,85.744,444.82,146.209,69.585,61.073
2018-09-17 07:00:00,559.678,734.037,110.285,100.08,519.884,170.105,78.066,65.056
2018-09-17 08:00:00,633.143,866.226,119.406,117.715,626.693,201.909,91.342,89.876
2018-09-17 09:00:00,717.267,997.44,133.448,135.81,706.601,229.991,99.925,103.273
2018-09-17 10:00:00,780.104,1083.815,158.062,153.164,783.239,260.82,110.008,105.581
2018-09-17 11:00:00,807.42,1138.563,163.975,166.312,834.0,267.451,116.07,109.087
2018-09-17 12:00:00,831.693,1135.66,165.328,162.984,840.058,270.784,116.686,113.405
2018-09-17 13:00:00,837.193,1112.847,166.974,169.259,851.332,277.051,118.358,113.927
2018-09-17 14:00:00,828.123,1108.19,171.842,174.054,864.03,280.825,121.52,107.963
2018-09-17 15:00:00,805.553,1086.588,168.18,168.2,827.974,278.759,121.872,108.684
2018-09-17 16:00:00,784.578,1054.306,168.539,165.408,797.578,282.098,121.874,111.179
2018-09-17 17:00:00,757.025,993.331,164.187,156.851,770.294,266.669,119.294,101.977
2018-09-17 18:00:00,743.168,939.062,158.73,147.527,749.034,258.6,113.346,98.07
2018-09-17 19:00:00,704.889,879.253,148.138,137.747,707.577,238.289,105.396,97.856
2018-09-17 20:00:00,655.307,798.482,142.127,130.889,660.633,222.797,99.182,89.112
2018-09-17 21:00:00,556.748,682.514,122.497,112.997,563.873,184.961,80.495,74.429
2018-09-17 22:00:00,461.086,571.183,101.816,90.808,458.489,148.131,67.316,60.408
2018-09-17 23:00:00,400.138,500.02,81.8,78.26,394.558,125.354,58.489,50.196
2018-09-18 00:00:00,367.411,457.746,74.906,73.004,358.072,110.707,48.647,46.073
2018-09-18 01:00:00,350.398,434.027,71.575,71.531,345.658,101.399,44.692,43.58
2018-09-18 02:00:00,355.307,433.901,71.689,67.651,336.916,99.631,42.532,42.931
2018-09-18 03:00:00,377.031,450.041,73.584,67.4,342.762,100.854,43.975,44.213
2018-09-18 04:00:00,429.507,499.184,82.177,76.813,384.095,113.702,49.245,48.211
2018-09-18 05:00:00,523.04,608.843,103.141,95.218,481.7,141.457,65.887,57.95
2018-09-18 06:00:00,627.514,707.052,118.799,108.786,562.57,171.676,80.19,68.859
2018-09-18 07:00:00,701.635,796.4,130.923,123.146,623.695,192.23,85.598,79.708
2018-09-18 08:00:00,757.025,856.557,138.329,132.934,678.009,208.876,83.576,87.043
2018-09-18 09:00:00,810.21,892.28,145.245,138.985,726.96,222.906,89.552,90.553
2018-09-18 10:00:00,800.785,847.962,152.314,146.441,756.508,222.685,92.145,92.553
2018-09-18 11:00:00,730.129,822.937,151.253,145.903,753.248,224.799,92.498,96.811
2018-09-18 12:00:00,701.205,834.329,144.002,138.966,722.338,206.648,92.143,91.323
2018-09-18 13:00:00,698.251,867.319,138.031,134.913,697.662,200.541,89.184,87.521
2018-09-18 14:00:00,720.275,891.728,140.339,131.757,677.852,207.284,89.494,84.224
2018-09-18 15:00:00,743.827,929.29,145.141,139.244,685.444,208.802,99.201,85.623
2018-09-18 16:00:00,787.479,962.672,152.167,144.575,724.043,226.399,103.939,87.606
2018-09-18 17:00:00,780.363,934.083,155.136,145.344,731.204,231.336,102.66,88.942
2018-09-18 18:00:00,725.356,891.346,152.554,138.711,698.378,225.868,105.503,89.59
2018-09-18 19:00:00,671.406,825.505,146.711,129.774,650.319,214.655,98.324,83.002
2018-09-18 20:00:00,617.739,752.607,136.141,122.056,594.414,198.408,93.223,85.986
2018-09-18 21:00:00,509.753,639.998,112.417,96.555,488.403,169.164,76.542,69.519
2018-09-18 22:00:00,419.129,517.679,87.834,76.661,385.508,128.256,57.971,55.23
2018-09-18 23:00:00,363.195,429.724,71.009,65.451,328.601,107.981,47.171,44.26
2018-09-19 00:00:00,326.473,397.144,66.482,58.887,294.417,94.854,40.642,38.472
2018-09-19 01:00:00,311.608,379.7,62.786,55.037,280.906,87.19,37.787,37.19
2018-09-19 02:00:00,302.545,374.607,61.76,52.893,276.774,85.638,37.839,37.354
2018-09-19 03:00:00,313.902,392.456,62.029,55.415,282.54,88.311,37.572,37.843
2018-09-19 04:00:00,343.65,436.124,68.669,60.942,317.561,98.602,42.303,40.347
2018-09-19 05:00:00,417.929,521.69,85.863,76.27,386.743,124.426,54.929,52.197
2018-09-19 06:00:00,488.848,601.78,97.811,89.772,456.928,150.085,68.927,61.002
2018-09-19 07:00:00,591.686,703.469,113.507,106.122,539.902,157.502,73.005,69.623
2018-09-19 08:00:00,688.529,822.787,131.708,120.277,626.961,169.581,72.881,76.032
2018-09-19 09:00:00,778.271,911.445,152.049,135.187,700.848,177.481,80.195,77.234
2018-09-19 10:00:00,842.276,969.411,167.079,149.259,756.524,187.343,78.64,79.961
2018-09-19 11:00:00,883.418,1020.611,175.448,162.353,803.042,193.243,82.676,76.516
2018-09-19 12:00:00,874.811,1031.043,168.609,169.418,845.689,188.77,81.991,79.896
2018-09-19 13:00:00,874.762,1046.218,164.799,181.204,860.701,185.311,84.005,76.601
2018-09-19 14:00:00,897.403,1039.841,171.986,175.446,873.367,195.422,84.581,79.291
2018-09-19 15:00:00,916.047,1049.263,181.14,174.978,888.992,200.92,90.296,86.434
2018-09-19 16:00:00,890.128,1012.496,183.094,176.982,865.36,211.719,93.87,86.427
2018-09-19 17:00:00,830.836,931.726,182.116,165.039,799.047,202.849,93.123,81.702
2018-09-19 18:00:00,767.626,855.991,173.615,144.161,731.595,202.592,88.994,81.137
2018-09-19 19:00:00,694.325,770.202,152.517,130.851,665.848,192.304,87.635,78.936
2018-09-19 20:00:00,640.666,705.269,139.388,121.839,601.035,173.735,87.408,69.871
2018-09-19 21:00:00,539.962,590.904,112.566,98.327,498.409,151.588,71.819,61.729
2018-09-19 22:00:00,427.314,472.867,93.416,79.594,389.059,128.046,54.708,50.331
2018-09-19 23:00:00,360.043,406.402,73.958,65.403,330.525,102.901,45.705,42.546
2018-09-20 00:00:00,322.177,370.514,62.487,60.137,296.235,90.345,38.475,39.651
2018-09-20 01:00:00,304.164,355.141,59.036,54.338,277.637,83.671,36.222,36.388
2018-09-20 02:00:00,294.177,355.62,57.426,51.37,269.888,84.139,35.238,35.659
2018-09-20 03:00:00,301.061,371.884,58.238,51.329,275.051,86.139,37.968,37.844
2018-09-20 04:00:00,341.201,411.993,63.838,57.286,310.088,95.074,44.75,41.969
2018-09-20 05:00:00,409.462,496.911,78.281,69.755,375.588,116.008,52.744,53.325
2018-09-20 06:00:00,472.359,560.054,90.998,81.402,423.28,138.949,62.024,61.098
2018-09-20 07:00:00,521.451,611.775,97.14,90.365,473.854,161.119,66.341,63.995
2018-09-20 08:00:00,549.484,664.055,106.503,99.302,513.103,170.272,73.439,69.205
2018-09-20 09:00:00,574.409,685.587,116.693,103.783,541.642,174.391,79.825,75.835
2018-09-20 10:00:00,599.134,702.829,123.005,111.419,573.985,182.187,83.085,79.243
2018-09-20 11:00:00,632.095,745.304,125.476,118.323,633.399,196.192,87.109,82.691
2018-09-20 12:00:00,640.45,788.543,129.131,132.462,666.96,202.733,88.358,87.337
2018-09-20 13:00:00,644.665,811.238,130.437,140.941,693.577,203.694,91.083,85.923
2018-09-20 14:00:00,673.628,847.614,140.985,148.237,719.603,206.645,95.179,84.826
2018-09-20 15:00:00,672.399,876.101,151.352,155.335,752.308,206.3,95.933,86.617
2018-09-20 16:00:00,651.319,866.517,152.552,165.091,757.632,207.156,105.331,89.16
2018-09-20 17:00:00,619.746,811.165,153.244,151.111,701.664,206.902,99.007,81.327
2018-09-20 18:00:00,620.182,784.265,139.94,135.381,663.827,207.159,93.277,80.488
2018-09-20 19:00:00,593.708,747.801,130.245,124.188,629.861,191.427,89.42,80.687
2018-09-20 20:00:00,560.445,674.049,128.979,117.433,579.389,184.619,85.408,77.205
2018-09-20 21:00:00,469.678,549.36,108.784,94.373,476.917,151.116,67.123,61.519
2018-09-20 22:00:00,384.043,450.601,82.647,78.203,382.006,117.388,54.895,49.569
2018-09-20 23:00:00,333.585,393.807,68.29,68.038,317.811,99.304,44.958,41.81
2018-09-21 00:00:00,305.094,371.184,61.088,56.466,291.158,89.218,37.379,37.38
2018-09-21 01:00:00,293.251,352.726,56.31,55.185,278.259,84.349,35.614,35.995
2018-09-21 02:00:00,289.972,351.598,56.164,53.498,270.119,82.994,35.571,35.532
2018-09-21 03:00:00,298.911,366.397,58.19,53.253,276.952,86.161,37.602,36.618
2018-09-21 04:00:00,339.243,406.876,65.037,59.229,308.93,97.741,41.981,39.94
2018-09-21 05:00:00,420.152,484.893,81.411,72.039,377.84,123.292,54.575,49.282
2018-09-21 06:00:00,484.933,548.131,92.962,79.065,430.188,141.792,61.754,58.711
2018-09-21 07:00:00,522.966,609.199,101.803,89.575,472.794,152.764,66.715,63.282
2018-09-21 08:00:00,561.787,653.394,106.983,98.614,519.096,157.403,73.741,63.942
2018-09-21 09:00:00,572.925,677.049,111.131,106.034,550.605,164.817,76.017,70.061
2018-09-21 10:00:00,572.772,693.863,110.917,113.937,561.396,165.809,75.213,75.902
2018-09-21 11:00:00,590.443,697.309,116.057,108.948,570.702,174.991,73.872,73.389
2018-09-21 12:00:00,570.177,704.089,114.585,109.812,582.526,168.928,78.396,73.19
2018-09-21 13:00:00,561.742,700.516,110.479,111.301,572.671,161.625,75.781,68.294
2018-09-21 14:00:00,564.418,676.323,109.201,105.695,541.799,164.764,74.99,70.635
2018-09-21 15:00:00,562.755,663.566,108.162,107.387,536.17,167.004,74.665,73.435
2018-09-21 16:00:00,566.929,678.943,111.108,109.296,566.307,176.296,75.548,72.495
2018-09-21 17:00:00,594.183,673.864,116.173,112.519,572.402,176.969,81.23,72.505
2018-09-21 18:00:00,597.134,694.126,123.892,117.905,590.412,189.124,84.497,70.915
2018-09-21 19:00:00,598.421,690.288,119.442,115.618,588.674,187.733,83.3,72.797
2018-09-21 20:00:00,589.097,652.228,121.03,112.717,576.413,179.573,77.81,71.636
2018-09-21 21:00:00,494.691,563.547,101.604,99.126,487.279,151.155,67.535,61.61
2018-09-21 22:00:00,409.476,475.078,85.184,80.597,400.26,123.999,53.798,54.069
2018-09-21 23:00:00,360.831,426.438,71.541,69.228,351.285,109.101,43.94,45.613
2018-09-22 00:00:00,334.43,405.048,64.382,63.4,326.935,100.771,40.271,43.276
2018-09-22 01:00:00,321.502,391.71,61.427,61.864,322.022,92.739,37.491,40.661
2018-09-22 02:00:00,317.17,398.373,61.165,60.817,317.114,92.879,37.347,41.072
2018-09-22 03:00:00,318.187,391.629,60.964,60.755,312.389,94.222,38.446,40.879
2018-09-22 04:00:00,323.132,391.536,63.94,61.741,317.088,97.071,39.417,43.513
2018-09-22 05:00:00,357.214,416.315,70.875,65.527,340.279,104.567,42.579,45.53
2018-09-22 06:00:00,401.804,446.04,81.818,75.087,376.1,116.721,49.518,50.448
2018-09-22 07:00:00,471.544,515.612,92.779,89.762,461.408,143.392,63.667,60.515
2018-09-22 08:00:00,522.48,556.977,104.587,98.772,505.641,159.835,69.084,68.379
2018-09-22 09:00:00,557.824,604.708,107.092,101.658,513.429,162.416,70.465,68.848
2018-09-22 10:00:00,549.823,634.865,106.028,107.688,557.398,171.034,74.191,65.828
2018-09-22 11:00:00,563.865,680.507,114.113,125.205,595.161,184.531,76.414,70.305
2018-09-22 12:00:00,575.773,701.361,114.454,125.077,626.012,183.676,79.363,70.506
2018-09-22 13:00:00,561.386,718.857,110.814,132.757,619.22,183.193,80.99,75.549
2018-09-22 14:00:00,559.242,744.48,112.929,126.666,620.07,196.179,80.784,79.49
2018-09-22 15:00:00,571.951,731.238,116.576,122.075,608.173,196.92,81.312,78.11
2018-09-22 16:00:00,574.956,710.493,117.986,123.557,607.767,186.452,84.517,77.02
2018-09-22 17:00:00,571.05,668.878,115.927,117.403,599.28,178.301,80.641,73.118
2018-09-22 18:00:00,572.525,667.44,120.824,113.65,594.964,182.707,75.822,72.742
2018-09-22 19:00:00,559.808,651.54,120.499,110.843,568.015,184.708,77.349,74.355
2018-09-22 20:00:00,541.14,608.244,111.169,108.543,541.161,174.258,74.396,71.678
2018-09-22 21:00:00,462.9,523.216,95.256,93.885,454.355,150.311,60.512,63.26
2018-09-22 22:00:00,371.922,427.979,75.368,71.602,351.523,120.807,46.835,51.368
2018-09-22 23:00:00,317.206,369.365,64.811,56.758,301.5,99.817,38.476,43.038
2018-09-23 00:00:00,291.531,344.953,60.393,51.775,273.708,93.227,36.439,38.303
2018-09-23 01:00:00,279.599,340.292,58.384,49.041,264.868,89.13,37.352,36.401
2018-09-23 02:00:00,276.324,336.42,58.404,47.924,260.901,89.678,36.273,36.253
2018-09-23 03:00:00,282.889,343.129,59.45,49.386,266.707,98.478,39.976,37.292
2018-09-23 04:00:00,295.713,361.355,62.296,53.773,279.944,104.16,46.373,39.218
2018-09-23 05:00:00,335.98,391.316,69.734,59.538,305.458,119.585,47.067,44.871
2018-09-23 06:00:00,345.156,407.069,80.239,63.103,335.054,128.708,50.751,48.26
2018-09-23 07:00:00,402.437,455.197,87.328,76.819,387.328,140.079,61.935,57.449
2018-09-23 08:00:00,439.992,485.697,96.346,81.815,422.504,157.076,69.625,56.977
2018-09-23 09:00:00,454.324,499.352,96.983,87.194,420.206,159.377,69.086,57.846
2018-09-23 10:00:00,447.577,490.598,95.092,88.812,416.648,146.657,60.601,58.597
2018-09-23 11:00:00,454.02,504.474,103.85,83.207,427.574,145.508,64.734,60.187
2018-09-23 12:00:00,454.907,507.875,99.069,78.906,426.387,147.192,64.785,56.341
2018-09-23 13:00:00,457.407,509.111,88.506,87.527,437.963,146.333,60.392,55.337
2018-09-23 14:00:00,452.805,518.729,94.738,95.529,445.185,152.693,66.13,55.486
2018-09-23 15:00:00,473.903,524.045,103.065,93.25,454.001,155.505,66.204,62.1
2018-09-23 16:00:00,492.159,537.511,107.577,90.382,472.323,165.153,72.123,61.581
2018-09-23 17:00:00,488.271,556.316,107.334,92.422,475.503,163.874,71.611,62.898
2018-09-23 18:00:00,513.478,580.177,113.575,96.792,494.347,168.859,76.407,68.4
2018-09-23 19:00:00,519.245,578.515,116.354,96.076,489.555,172.262,78.997,74.068
2018-09-23 20:00:00,504.487,551.559,116.938,94.99,476.582,173.07,69.773,65.89
2018-09-23 21:00:00,438.353,481.675,101.863,85.115,409.76,146.301,59.266,57.52
2018-09-23 22:00:00,366.073,409.912,80.512,66.231,332.494,117.634,50.996,47.515
2018-09-23 23:00:00,312.85,374.853,67.592,58.006,300.512,102.065,44.825,42.832
2018-09-24 00:00:00,298.931,367.203,63.036,53.473,290.687,96.53,40.397,40.242
2018-09-24 01:00:00,293.888,360.31,60.942,53.684,288.835,95.575,39.533,39.536
2018-09-24 02:00:00,299.218,369.51,62.657,54.29,289.741,98.069,41.696,41.608
2018-09-24 03:00:00,313.981,395.49,66.238,57.122,300.5,105.361,45.29,41.77
2018-09-24 04:00:00,360.94,440.364,74.108,65.491,344.103,117.418,50.204,45.922
2018-09-24 05:00:00,439.317,523.493,88.819,80.216,410.13,138.635,62.883,53.507
2018-09-24 06:00:00,493.129,575.895,98.595,89.737,456.374,156.305,66.58,63.21
2018-09-24 07:00:00,520.918,621.328,103.661,94.378,489.668,169.227,71.482,67.712
2018-09-24 08:00:00,543.138,655.558,110.873,103.361,510.609,173.727,72.765,67.521
2018-09-24 09:00:00,545.895,675.708,112.325,100.43,522.574,171.511,75.784,73.144
2018-09-24 10:00:00,552.863,675.602,114.222,98.917,526.595,167.929,78.839,71.142
2018-09-24 11:00:00,550.017,664.85,116.103,96.439,517.075,161.921,74.796,69.344
2018-09-24 12:00:00,529.272,646.015,107.508,97.246,486.206,153.567,71.364,68.143
2018-09-24 13:00:00,508.043,626.177,99.235,92.435,468.286,152.487,68.972,63.262
2018-09-24 14:00:00,500.55,600.374,103.042,91.878,459.677,156.406,71.445,61.94
2018-09-24 15:00:00,512.567,609.045,104.623,92.459,467.151,162.134,68.125,61.281
2018-09-24 16:00:00,520.585,614.823,108.482,94.41,480.429,165.119,69.591,66.455
2018-09-24 17:00:00,524.444,611.895,111.182,100.391,494.914,174.838,75.457,69.097
2018-09-24 18:00:00,544.876,636.885,118.593,104.142,513.312,182.511,77.545,69.635
2018-09-24 19:00:00,538.489,634.934,119.337,99.268,509.162,180.252,79.092,71.496
2018-09-24 20:00:00,511.478,599.982,114.433,99.22,498.005,176.313,77.705,73.372
2018-09-24 21:00:00,445.112,514.404,97.637,81.811,421.306,152.586,65.401,61.687
2018-09-24 22:00:00,369.342,433.481,82.345,67.884,350.419,132.368,55.594,52.166
2018-09-24 23:00:00,330.316,395.233,74.856,58.264,314.52,114.68,47.031,46.14
2018-09-25 00:00:00,303.376,375.77,67.388,53.43,295.639,103.525,42.487,41.678
2018-09-25 01:00:00,300.868,370.256,67.075,53.564,286.737,101.38,41.63,40.188
2018-09-25 02:00:00,300.95,376.327,67.102,53.682,285.786,98.991,41.271,39.844
2018-09-25 03:00:00,314.345,396.461,70.036,56.268,300.851,103.618,43.242,41.325
2018-09-25 04:00:00,354.64,441.303,75.857,62.25,329.244,115.913,47.476,46.109
2018-09-25 05:00:00,440.671,517.933,91.928,82.473,402.953,132.763,60.924,57.434
2018-09-25 06:00:00,505.804,579.464,105.423,94.105,453.672,149.074,68.878,66.395
2018-09-25 07:00:00,540.506,633.129,114.025,95.644,500.281,163.845,72.577,70.283
2018-09-25 08:00:00,557.942,667.472,118.176,98.516,532.223,177.327,75.07,69.706
2018-09-25 09:00:00,573.387,675.166,123.676,105.697,540.144,174.51,75.068,73.595
2018-09-25 10:00:00,569.008,684.151,120.307,102.139,551.519,169.277,76.425,74.39
2018-09-25 11:00:00,557.303,686.696,115.474,100.047,533.579,170.274,72.514,72.433
2018-09-25 12:00:00,533.411,666.139,108.012,94.993,506.308,164.573,70.197,73.298
2018-09-25 13:00:00,509.094,646.254,100.938,94.433,479.376,165.349,66.941,62.668
2018-09-25 14:00:00,506.381,622.115,94.91,92.928,471.852,160.76,67.844,60.87
2018-09-25 15:00:00,512.426,622.99,102.214,91.903,471.981,159.721,70.942,64.09
2018-09-25 16:00:00,512.832,641.641,109.119,94.172,481.757,173.823,71.482,72.429
2018-09-25 17:00:00,518.122,627.854,115.985,100.429,503.186,183.978,74.333,70.068
2018-09-25 18:00:00,530.531,646.418,116.734,105.898,526.003,182.215,80.03,73.365
2018-09-25 19:00:00,525.726,641.384,118.926,105.12,513.473,179.674,86.883,74.461
2018-09-25 20:00:00,512.268,591.153,116.128,100.16,489.904,171.945,80.485,69.972
2018-09-25 21:00:00,440.305,515.277,92.819,82.172,415.151,141.92,64.47,60.914
2018-09-25 22:00:00,366.053,433.501,75.152,68.59,346.884,115.639,52.881,47.086
2018-09-25 23:00:00,314.829,382.794,67.538,58.829,298.695,99.661,41.952,39.883
2018-09-26 00:00:00,298.495,356.831,58.962,55.117,277.031,93.56,36.514,37.203
2018-09-26 01:00:00,288.564,349.312,56.605,51.007,267.672,83.668,35.248,35.664
2018-09-26 02:00:00,290.366,352.62,55.776,51.919,266.646,81.59,34.706,35.922
2018-09-26 03:00:00,299.139,371.673,57.992,53.129,276.22,85.495,36.793,36.376
2018-09-26 04:00:00,346.999,411.179,65.093,59.227,302.196,99.105,44.724,39.996
2018-09-26 05:00:00,437.454,497.837,79.729,73.829,379.544,124.679,58.013,51.354
2018-09-26 06:00:00,503.842,557.805,94.404,88.577,438.444,143.062,66.803,62.982
2018-09-26 07:00:00,564.685,619.531,108.08,94.096,504.865,164.547,73.712,65.871
2018-09-26 08:00:00,629.474,663.14,113.882,102.285,543.869,175.638,81.44,71.897
2018-09-26 09:00:00,691.884,726.682,117.867,108.88,591.809,188.4,80.442,81.093
2018-09-26 10:00:00,733.618,800.827,135.029,121.697,616.381,204.566,83.606,86.296
2018-09-26 11:00:00,738.467,835.891,138.091,123.432,656.007,213.709,88.644,86.55
2018-09-26 12:00:00,731.311,867.398,134.152,132.668,678.892,218.154,99.284,89.839
2018-09-26 13:00:00,739.189,872.093,133.266,143.995,706.145,212.232,94.204,85.491
2018-09-26 14:00:00,777.247,917.423,139.676,146.268,746.287,213.585,93.169,85.813
2018-09-26 15:00:00,835.629,965.37,152.83,157.382,787.991,219.25,99.074,90.112
2018-09-26 16:00:00,828.817,953.413,164.813,168.935,814.648,225.159,103.59,92.645
2018-09-26 17:00:00,789.344,908.655,160.126,154.552,767.528,235.13,105.069,92.935
2018-09-26 18:00:00,768.265,857.662,151.463,140.195,720.334,238.301,106.387,93.718
2018-09-26 19:00:00,727.25,808.843,145.229,137.874,684.198,222.291,102.956,85.392
2018-09-26 20:00:00,677.02,762.509,141.055,131.359,647.803,210.49,93.839,83.247
2018-09-26 21:00:00,564.725,632.819,121.59,113.242,543.229,181.492,78.444,73.703
2018-09-26 22:00:00,447.698,481.497,96.464,88.152,434.244,138.812,64.136,62.328
2018-09-26 23:00:00,359.69,400.996,72.062,70.16,355.257,113.544,50.742,47.039
2018-09-27 00:00:00,314.823,367.302,61.563,59.055,302.039,96.312,45.051,39.898
2018-09-27 01:00:00,294.897,350.401,57.547,53.637,275.68,87.347,38.224,36.47
2018-09-27 02:00:00,284.526,345.239,56.069,50.874,265.653,85.029,36.611,35.966
2018-09-27 03:00:00,294.025,357.969,58.775,51.883,272.414,86.825,37.11,35.597
2018-09-27 04:00:00,332.04,399.937,67.041,57.589,299.769,98.238,40.782,39.379
2018-09-27 05:00:00,408.599,492.038,82.155,73.027,371.759,117.265,52.932,51.977
2018-09-27 06:00:00,465.357,541.836,95.189,79.759,414.005,139.141,66.734,59.628
2018-09-27 07:00:00,512.094,600.817,102.454,90.141,464.569,153.109,70.102,63.852
2018-09-27 08:00:00,539.913,636.053,106.591,94.101,509.355,166.201,70.096,65.249
2018-09-27 09:00:00,584.975,685.921,111.735,104.146,547.305,180.074,77.418,75.953
2018-09-27 10:00:00,623.094,731.789,125.522,115.302,608.855,190.657,85.802,86.86
2018-09-27 11:00:00,664.707,789.105,128.052,127.696,656.758,199.229,89.742,89.525
2018-09-27 12:00:00,695.818,815.832,127.738,137.381,682.183,199.64,90.826,87.992
2018-09-27 13:00:00,712.906,847.963,130.97,143.543,706.459,198.654,91.849,86.349
2018-09-27 14:00:00,723.84,868.653,139.755,143.498,715.458,198.261,92.678,87.222
2018-09-27 15:00:00,717.392,887.682,147.646,143.14,705.649,200.87,95.393,91.623
2018-09-27 16:00:00,683.392,855.763,144.195,138.98,706.212,212.285,93.817,89.351
2018-09-27 17:00:00,646.58,799.623,138.232,135.69,657.953,213.253,90.478,84.983
2018-09-27 18:00:00,626.023,756.024,132.834,133.337,633.056,200.771,89.975,78.039
2018-09-27 19:00:00,587.581,703.247,126.941,125.166,601.736,187.317,82.976,75.037
2018-09-27 20:00:00,557.034,650.907,122.831,116.524,550.707,178.194,75.791,66.434
2018-09-27 21:00:00,467.721,547.014,104.294,96.1,468.653,142.62,64.595,56.449
2018-09-27 22:00:00,376.437,452.786,83.879,73.007,363.127,112.33,51.322,50.433
2018-09-27 23:00:00,326.831,383.656,67.419,59.642,308.549,97.913,41.816,41.257
2018-09-28 00:00:00,294.875,353.25,59.107,52.842,270.624,90.382,36.891,36.897
2018-09-28 01:00:00,285.909,340.146,55.783,49.791,262.867,84.153,35.873,40.498
2018-09-28 02:00:00,281.829,342.627,57.051,48.564,260.636,84.72,35.49,35.453
2018-09-28 03:00:00,293.129,361.283,60.934,51.669,270.335,89.389,37.166,36.96
2018-09-28 04:00:00,339.131,408.017,66.766,58.3,300.773,102.59,42.01,40.848
2018-09-28 05:00:00,419.651,499.939,84.945,72.771,378.433,123.883,54.663,53.056
2018-09-28 06:00:00,478.277,555.039,98.262,80.92,434.768,142.829,68.438,56.976
2018-09-28 07:00:00,512.826,624.02,106.416,93.924,470.988,157.564,69.493,67.173
2018-09-28 08:00:00,544.399,655.539,115.325,97.246,501.948,163.263,75.137,68.191
2018-09-28 09:00:00,564.41,681.684,117.436,103.951,517.432,175.267,72.326,73.612
2018-09-28 10:00:00,556.593,686.195,118.26,100.366,524.093,178.382,75.568,74.853
2018-09-28 11:00:00,546.027,682.301,118.968,97.763,525.903,169.637,75.934,70.608
2018-09-28 12:00:00,529.492,656.296,108.545,96.084,512.578,162.821,67.756,71.112
2018-09-28 13:00:00,504.698,626.839,100.098,92.954,478.092,161.771,66.913,65.866
2018-09-28 14:00:00,501.869,610.719,96.68,89.049,461.546,157.383,65.35,60.94
2018-09-28 15:00:00,501.614,614.581,106.748,92.34,468.315,153.422,69.62,66.498
2018-09-28 16:00:00,516.337,624.2,108.872,91.848,493.593,160.524,71.799,67.591
2018-09-28 17:00:00,542.021,632.417,108.595,94.879,491.915,173.399,78.559,67.756
2018-09-28 18:00:00,548.678,639.444,113.835,100.867,506.019,180.28,77.946,72.138
2018-09-28 19:00:00,540.826,634.035,115.424,103.275,520.916,179.459,74.29,72.683
2018-09-28 20:00:00,514.716,591.619,115.578,99.049,501.525,173.624,72.179,66.814
2018-09-28 21:00:00,443.98,513.133,95.795,80.131,422.472,146.799,62.121,60.207
2018-09-28 22:00:00,371.837,423.878,81.736,66.105,345.449,121.487,52.817,51.132
2018-09-28 23:00:00,328.222,382.992,68.052,58.199,299.445,103.569,45.084,42.799
2018-09-29 00:00:00,311.286,359.478,61.665,53.963,291.032,93.643,36.726,40.385
2018-09-29 01:00:00,300.515,354.119,60.327,50.985,286.264,92.263,37.043,40.022
2018-09-29 02:00:00,305.238,357.663,61.721,51.423,286.76,93.414,37.775,40.801
2018-09-29 03:00:00,310.471,363.454,62.813,53.09,293.396,98.856,37.885,41.379
2018-09-29 04:00:00,322.884,373.477,66.198,55.327,306.714,104.516,40.305,42.821
2018-09-29 05:00:00,364.207,415.943,76.148,62.819,340.527,118.05,45.932,47.656
2018-09-29 06:00:00,386.694,441.826,81.575,72.013,361.195,126.929,50.901,52.125
2018-09-29 07:00:00,436.413,490.957,89.708,80.465,411.174,136.943,57.896,57.135
2018-09-29 08:00:00,466.939,548.573,95.488,86.391,442.997,153.971,65.424,65.98
2018-09-29 09:00:00,503.25,591.171,98.834,93.817,488.429,166.249,67.448,72.136
2018-09-29 10:00:00,526.736,644.317,96.982,97.45,514.421,171.696,72.826,72.41
2018-09-29 11:00:00,556.973,704.971,103.677,113.601,567.372,178.619,84.808,72.197
2018-09-29 12:00:00,576.954,734.031,114.076,124.47,603.501,186.933,89.628,75.86
2018-09-29 13:00:00,581.85,745.212,116.642,124.814,625.084,196.777,87.094,83.674
2018-09-29 14:00:00,621.049,756.656,122.183,124.531,632.788,204.922,83.876,80.536
2018-09-29 15:00:00,645.265,774.352,123.738,124.124,643.965,197.973,89.535,78.48
2018-09-29 16:00:00,633.173,769.922,124.976,126.559,633.102,196.926,92.855,79.494
2018-09-29 17:00:00,613.264,717.82,128.988,121.594,614.376,197.453,85.738,78.652
2018-09-29 18:00:00,577.531,674.245,122.775,117.13,588.231,195.097,84.213,75.746
2018-09-29 19:00:00,561.872,635.034,114.506,115.373,559.904,186.515,78.824,75.045
2018-09-29 20:00:00,533.232,604.825,110.682,102.125,526.508,178.195,72.423,73.797
2018-09-29 21:00:00,441.634,507.338,93.966,85.736,431.276,144.264,61.423,59.8
2018-09-29 22:00:00,357.227,421.443,76.897,63.937,346.01,116.273,47.91,47.661
2018-09-29 23:00:00,322.636,374.995,67.778,57.306,306.277,103.356,39.147,43.343
2018-09-30 00:00:00,296.823,353.133,63.18,52.048,285.533,93.117,37.541,38.014
2018-09-30 01:00:00,287.314,354.159,61.258,52.473,278.899,91.741,36.815,36.683
2018-09-30 02:00:00,286.275,353.119,62.868,51.592,278.273,93.958,38.174,37.19
2018-09-30 03:00:00,295.839,360.745,64.538,53.508,287.331,103.397,40.36,38.879
2018-09-30 04:00:00,317.342,380.604,68.157,58.327,310.317,111.254,42.123,41.573
2018-09-30 05:00:00,362.488,424.256,76.197,69.174,347.205,131.886,51.43,47.728
2018-09-30 06:00:00,379.061,429.355,82.16,71.943,356.371,135.725,55.56,51.503
2018-09-30 07:00:00,414.557,470.398,91.11,77.237,386.822,145.43,62.087,55.484
2018-09-30 08:00:00,444.774,491.817,97.424,94.599,406.415,148.185,64.007,63.418
2018-09-30 09:00:00,459.94,502.441,102.113,91.908,420.721,154.009,62.557,60.953
2018-09-30 10:00:00,466.29,519.419,100.529,96.963,442.267,152.137,72.604,62.408
2018-09-30 11:00:00,475.777,557.19,95.404,100.098,480.258,156.076,74.528,66.344
2018-09-30 12:00:00,489.185,573.547,106.544,107.054,498.691,164.169,70.709,63.454
2018-09-30 13:00:00,497.727,579.134,102.426,114.881,529.157,170.314,71.981,68.141
2018-09-30 14:00:00,522.638,608.161,104.011,119.682,548.068,174.681,76.835,71.814
2018-09-30 15:00:00,535.67,650.556,108.916,118.44,568.187,179.262,81.298,71.857
2018-09-30 16:00:00,549.0,658.258,117.934,114.931,569.493,189.501,83.156,73.682
2018-09-30 17:00:00,534.336,629.767,119.486,113.245,548.151,185.044,82.116,69.25
2018-09-30 18:00:00,533.34,605.907,121.081,104.46,528.733,183.274,79.932,68.037
2018-09-30 19:00:00,516.79,590.657,114.161,96.274,496.223,175.267,77.494,71.461
2018-09-30 20:00:00,494.509,553.992,112.882,92.676,478.137,168.081,76.478,64.162
2018-09-30 21:00:00,427.628,484.7,100.728,75.616,400.07,141.725,64.277,57.085
2018-09-30 22:00:00,355.574,410.23,80.012,62.98,335.29,114.892,50.994,44.392
2018-09-30 23:00:00,317.088,361.323,66.575,54.456,293.388,100.481,43.937,39.888
2018-10-01 00:00:00,296.485,347.699,61.477,50.824,279.17,90.279,38.446,37.795
2018-10-01 01:00:00,286.215,341.352,58.188,50.072,271.393,88.639,35.905,36.815
2018-10-01 02:00:00,281.987,347.374,58.241,50.715,269.652,90.86,37.278,36.252
2018-10-01 03:00:00,293.686,368.337,59.24,52.747,281.72,96.247,37.888,38.191
2018-10-01 04:00:00,331.252,413.803,65.812,59.863,312.409,107.492,43.565,42.592
2018-10-01 05:00:00,424.39,499.283,85.447,80.065,385.567,128.305,63.736,52.052
2018-10-01 06:00:00,487.303,559.332,96.505,92.376,438.194,151.622,74.348,62.741
2018-10-01 07:00:00,527.311,623.484,105.152,99.258,485.563,166.292,74.938,72.819
2018-10-01 08:00:00,543.431,656.268,115.806,102.268,502.151,163.298,73.19,74.62
2018-10-01 09:00:00,567.062,676.42,116.605,101.458,526.978,170.938,71.179,71.259
2018-10-01 10:00:00,575.105,687.05,112.156,107.714,543.079,167.101,73.526,78.163
2018-10-01 11:00:00,573.33,691.016,111.272,105.693,561.642,167.149,72.715,72.653
2018-10-01 12:00:00,556.2,706.394,108.124,103.603,540.4,163.45,69.683,66.234
2018-10-01 13:00:00,552.231,704.681,111.274,97.103,518.438,160.644,67.304,63.674
2018-10-01 14:00:00,568.527,693.78,104.917,96.226,514.838,160.041,70.277,64.55
2018-10-01 15:00:00,597.981,688.896,117.07,101.694,539.858,162.62,71.023,65.567
2018-10-01 16:00:00,631.574,684.468,129.404,108.464,558.716,172.925,80.454,72.512
2018-10-01 17:00:00,636.542,674.835,137.086,118.218,576.294,185.431,84.614,75.754
2018-10-01 18:00:00,619.843,668.707,132.8,115.083,585.071,184.973,83.584,77.194
2018-10-01 19:00:00,612.343,641.355,126.331,108.336,563.077,179.236,84.247,71.268
2018-10-01 20:00:00,562.412,604.545,112.338,104.661,509.579,176.519,76.736,69.075
2018-10-01 21:00:00,468.747,510.425,90.765,86.134,425.24,148.142,61.583,56.371
2018-10-01 22:00:00,371.809,427.1,82.096,70.777,346.429,118.207,52.637,49.225
2018-10-01 23:00:00,317.582,373.539,66.424,57.148,293.263,105.018,41.546,42.687
2018-10-02 00:00:00,286.587,353.552,59.388,51.383,271.511,92.985,37.426,39.19
2018-10-02 01:00:00,278.428,340.489,57.047,49.702,261.901,88.279,36.246,36.43
2018-10-02 02:00:00,277.532,344.397,56.839,50.085,263.319,87.37,35.982,35.651
2018-10-02 03:00:00,294.875,364.509,58.239,52.609,272.897,93.019,38.45,37.8
2018-10-02 04:00:00,332.245,407.727,65.186,57.985,305.68,104.772,41.765,42.594
2018-10-02 05:00:00,420.156,494.785,86.563,75.127,381.024,125.479,53.417,52.128
2018-10-02 06:00:00,481.139,556.136,97.584,84.681,434.85,146.974,66.277,61.075
2018-10-02 07:00:00,528.512,618.259,106.425,88.923,487.148,163.144,72.055,67.748
2018-10-02 08:00:00,548.658,650.693,109.124,91.962,525.887,171.405,76.39,70.991
2018-10-02 09:00:00,571.442,676.805,110.408,103.549,524.097,177.038,75.949,71.739
2018-10-02 10:00:00,574.542,682.512,112.153,104.672,527.373,171.508,73.558,70.948
2018-10-02 11:00:00,589.934,678.748,114.922,104.469,546.351,169.661,75.118,71.896
2018-10-02 12:00:00,607.602,655.463,108.441,94.973,509.124,160.604,72.889,66.165
2018-10-02 13:00:00,600.588,631.028,103.724,96.164,497.586,152.53,66.951,62.769
2018-10-02 14:00:00,595.276,613.086,104.757,97.047,487.5,153.462,70.081,61.288
2018-10-02 15:00:00,596.525,622.286,112.832,98.352,495.847,169.12,80.704,63.547
2018-10-02 16:00:00,608.352,635.184,121.046,101.778,528.518,175.426,79.218,71.109
2018-10-02 17:00:00,611.655,661.738,125.154,111.281,563.716,194.367,84.225,76.162
2018-10-02 18:00:00,613.103,669.959,128.379,113.058,586.611,186.892,90.956,74.189
2018-10-02 19:00:00,597.873,659.148,127.068,112.734,563.943,185.177,85.683,75.682
2018-10-02 20:00:00,552.665,605.177,114.595,106.104,516.368,173.528,77.004,75.988
2018-10-02 21:00:00,465.793,504.12,98.355,88.224,426.074,144.614,67.714,68.924
2018-10-02 22:00:00,375.117,421.725,79.113,70.143,353.46,122.756,50.581,47.539
2018-10-02 23:00:00,319.751,376.751,64.52,58.249,302.642,100.609,40.259,41.484
2018-10-03 00:00:00,290.538,356.826,59.314,53.445,274.024,88.727,35.577,36.906
2018-10-03 01:00:00,282.026,346.691,55.998,51.997,261.576,82.035,34.536,35.351
2018-10-03 02:00:00,283.302,348.531,55.087,49.811,258.253,82.198,34.123,34.529
2018-10-03 03:00:00,289.149,364.25,56.938,50.485,268.427,85.469,36.267,36.279
2018-10-03 04:00:00,329.474,413.48,65.529,56.821,303.339,100.364,42.55,39.266
2018-10-03 05:00:00,419.962,503.853,82.251,73.09,372.301,122.338,54.329,50.162
2018-10-03 06:00:00,487.095,558.279,95.954,80.009,428.279,144.737,62.112,60.804
2018-10-03 07:00:00,543.711,617.486,105.057,91.939,485.865,161.474,67.55,66.498
2018-10-03 08:00:00,595.546,641.645,116.051,101.866,558.47,181.705,77.296,73.439
2018-10-03 09:00:00,642.637,686.136,121.512,113.699,613.267,188.774,83.481,80.676
2018-10-03 10:00:00,660.425,741.422,123.852,129.525,656.406,193.976,84.642,82.771
2018-10-03 11:00:00,660.717,772.442,125.492,132.895,699.897,192.259,90.306,81.08
2018-10-03 12:00:00,660.184,774.573,134.429,137.522,708.351,183.891,82.22,78.427
2018-10-03 13:00:00,665.965,807.462,137.505,138.406,704.219,180.55,81.481,74.091
2018-10-03 14:00:00,692.704,816.379,138.542,139.18,684.681,183.821,79.062,74.751
2018-10-03 15:00:00,722.796,803.445,139.851,128.468,674.995,182.097,83.425,78.534
2018-10-03 16:00:00,739.21,787.327,149.167,131.054,676.217,200.163,88.431,78.215
2018-10-03 17:00:00,724.377,773.436,147.225,137.967,661.921,207.966,89.195,80.163
2018-10-03 18:00:00,687.498,729.744,140.63,130.592,641.211,200.974,91.583,81.559
2018-10-03 19:00:00,636.493,699.355,129.293,120.07,585.482,193.138,86.064,74.38
2018-10-03 20:00:00,559.76,641.007,122.401,106.3,531.61,179.417,78.939,71.736
2018-10-03 21:00:00,468.289,536.539,100.815,84.767,437.704,146.994,65.333,61.309
2018-10-03 22:00:00,373.218,427.826,78.82,65.232,347.113,118.91,54.604,50.158
2018-10-03 23:00:00,316.603,372.523,64.475,55.303,295.109,95.696,44.211,44.309
2018-10-04 00:00:00,290.774,348.397,63.564,50.874,274.045,87.754,38.394,38.184
2018-10-04 01:00:00,278.7,339.52,56.582,49.884,261.681,82.854,35.853,35.275
2018-10-04 02:00:00,278.763,339.622,56.758,49.086,261.626,82.532,35.397,34.252
2018-10-04 03:00:00,293.523,356.816,59.294,51.679,271.606,87.355,37.772,35.671
2018-10-04 04:00:00,333.351,401.661,66.119,57.179,305.403,98.216,47.559,39.52
2018-10-04 05:00:00,420.753,496.627,81.682,71.671,373.185,120.178,55.202,50.703
2018-10-04 06:00:00,484.012,551.699,95.786,82.657,427.378,136.007,65.859,59.982
2018-10-04 07:00:00,535.337,618.32,108.257,89.41,491.425,154.39,70.067,62.978
2018-10-04 08:00:00,558.344,680.596,119.796,98.377,527.647,164.542,76.864,74.224
2018-10-04 09:00:00,573.325,738.269,120.696,115.509,596.246,176.313,79.636,79.03
2018-10-04 10:00:00,608.435,814.82,120.484,133.91,651.445,186.444,83.8,84.675
2018-10-04 11:00:00,632.72,864.901,123.967,132.585,670.672,202.443,89.229,85.994
2018-10-04 12:00:00,651.826,892.727,127.02,138.048,679.087,205.994,92.211,88.774
2018-10-04 13:00:00,661.278,868.053,129.036,135.439,682.769,205.909,92.267,84.648
2018-10-04 14:00:00,647.478,834.975,126.207,135.54,661.787,202.227,93.17,82.569
2018-10-04 15:00:00,634.902,807.908,124.107,128.134,640.334,202.241,90.959,82.79
2018-10-04 16:00:00,642.17,806.222,131.599,126.763,642.52,205.368,94.164,82.322
2018-10-04 17:00:00,659.201,817.744,135.528,132.035,663.478,214.103,96.041,89.023
2018-10-04 18:00:00,659.314,797.104,139.725,132.103,657.237,217.247,101.346,84.495
2018-10-04 19:00:00,637.007,767.993,140.136,123.247,631.355,210.652,100.386,82.723
2018-10-04 20:00:00,584.236,696.72,126.261,114.842,586.873,190.449,87.81,78.007
2018-10-04 21:00:00,472.098,574.83,103.85,90.442,473.694,157.102,70.908,64.154
2018-10-04 22:00:00,385.797,469.643,78.372,70.893,377.585,124.386,55.91,51.224
2018-10-04 23:00:00,328.168,403.856,65.781,63.587,314.294,99.469,49.295,41.506
2018-10-05 00:00:00,293.899,364.514,58.317,58.007,281.251,88.045,41.105,36.937
2018-10-05 01:00:00,280.621,347.054,56.111,51.554,264.433,83.407,35.349,35.507
2018-10-05 02:00:00,277.004,342.969,55.903,48.611,260.187,82.476,34.791,34.596
2018-10-05 03:00:00,287.251,358.81,57.433,49.768,268.497,86.021,36.19,36.456
2018-10-05 04:00:00,330.476,404.184,65.746,58.179,302.537,97.61,39.915,39.302
2018-10-05 05:00:00,412.574,497.0,85.783,72.145,380.555,121.346,55.447,49.623
2018-10-05 06:00:00,474.371,549.519,97.083,84.225,428.756,148.417,62.861,55.679
2018-10-05 07:00:00,526.792,606.873,103.85,93.162,477.385,165.851,68.463,63.719
2018-10-05 08:00:00,564.899,648.469,112.729,99.625,514.766,174.05,76.766,67.21
2018-10-05 09:00:00,578.603,674.474,119.673,104.819,543.129,166.349,79.149,74.003
2018-10-05 10:00:00,593.929,681.324,117.91,109.174,564.403,170.13,77.032,70.703
2018-10-05 11:00:00,618.235,703.972,117.147,108.705,580.834,171.934,82.82,75.209
2018-10-05 12:00:00,628.597,695.34,117.582,106.155,574.398,174.99,79.549,78.933
2018-10-05 13:00:00,647.763,702.03,116.156,115.739,578.181,178.552,81.336,76.704
2018-10-05 14:00:00,663.788,717.285,119.982,115.73,605.576,191.736,88.998,78.194
2018-10-05 15:00:00,668.722,738.89,132.108,122.826,624.204,210.408,94.78,82.271
2018-10-05 16:00:00,664.356,750.543,136.297,128.733,640.368,219.215,98.382,86.945
2018-10-05 17:00:00,668.562,725.014,138.514,127.272,633.705,209.791,98.763,81.842
2018-10-05 18:00:00,648.373,697.292,133.203,125.348,601.544,201.758,95.928,76.194
2018-10-05 19:00:00,609.508,659.201,127.542,123.659,571.196,191.102,92.394,75.645
2018-10-05 20:00:00,550.753,607.973,117.798,111.637,539.121,171.207,78.745,69.66
2018-10-05 21:00:00,466.495,501.872,100.19,85.208,435.209,144.815,64.512,60.158
2018-10-05 22:00:00,375.723,421.46,79.161,67.43,349.485,122.091,55.41,50.177
2018-10-05 23:00:00,318.568,370.253,67.939,55.594,297.751,101.183,42.198,42.386
2018-10-06 00:00:00,293.553,352.86,59.255,52.219,276.564,96.338,38.039,41.172
2018-10-06 01:00:00,279.365,348.129,59.257,50.487,270.974,93.752,36.272,40.134
2018-10-06 02:00:00,281.044,358.272,58.379,49.856,270.91,92.545,37.732,40.426
2018-10-06 03:00:00,281.687,364.5,60.478,57.619,274.881,97.498,38.351,40.47
2018-10-06 04:00:00,291.627,377.455,62.433,58.972,284.631,103.975,40.625,41.691
2018-10-06 05:00:00,337.717,419.584,72.289,62.555,323.775,118.661,47.934,46.083
2018-10-06 06:00:00,369.806,440.935,81.604,67.43,354.272,128.455,55.913,51.405
2018-10-06 07:00:00,435.828,508.502,90.215,81.031,412.117,146.911,62.399,54.755
2018-10-06 08:00:00,490.416,545.487,101.112,94.15,455.565,156.877,68.387,58.438
2018-10-06 09:00:00,502.124,563.744,108.206,99.859,480.496,161.685,70.165,61.77
2018-10-06 10:00:00,493.58,578.268,102.487,106.049,475.419,164.194,69.436,61.182
2018-10-06 11:00:00,500.447,572.697,99.463,95.12,472.601,161.282,72.423,61.934
2018-10-06 12:00:00,479.545,560.484,103.179,88.948,458.677,161.859,65.194,64.365
2018-10-06 13:00:00,475.348,556.09,101.047,91.3,448.466,151.342,67.021,61.834
2018-10-06 14:00:00,471.771,562.312,96.252,93.716,461.652,154.207,66.604,58.579
2018-10-06 15:00:00,505.536,582.942,102.639,93.352,481.189,154.353,66.191,61.019
2018-10-06 16:00:00,533.583,603.221,107.368,99.654,506.538,164.819,73.941,69.342
2018-10-06 17:00:00,567.59,638.273,118.805,105.333,541.354,176.694,80.244,69.708
2018-10-06 18:00:00,587.339,654.241,130.054,107.834,564.841,185.823,83.687,78.836
2018-10-06 19:00:00,572.942,646.221,125.842,109.503,559.197,191.267,80.722,73.842
2018-10-06 20:00:00,552.883,607.689,116.945,100.576,515.139,177.876,79.84,72.011
2018-10-06 21:00:00,454.922,508.908,95.54,84.385,424.805,144.621,62.98,62.498
2018-10-06 22:00:00,371.994,420.165,77.885,67.47,346.101,118.678,48.263,52.182
2018-10-06 23:00:00,318.957,375.754,68.913,55.829,298.747,101.513,39.109,46.491
2018-10-07 00:00:00,288.959,348.635,59.109,51.877,271.822,93.137,36.724,37.398
2018-10-07 01:00:00,277.569,339.702,55.497,49.164,259.401,86.052,35.406,34.851
2018-10-07 02:00:00,275.035,331.191,54.191,48.259,254.549,84.467,34.356,34.764
2018-10-07 03:00:00,275.771,330.193,55.174,48.81,259.678,86.709,35.426,36.488
2018-10-07 04:00:00,290.018,348.506,57.794,52.338,273.32,95.239,36.557,37.225
2018-10-07 05:00:00,323.609,378.306,67.193,61.929,300.584,109.505,41.957,40.954
2018-10-07 06:00:00,360.169,400.543,74.682,64.647,323.278,116.454,48.294,46.515
2018-10-07 07:00:00,418.483,471.692,91.111,76.433,388.195,135.042,57.203,56.988
2018-10-07 08:00:00,461.948,519.503,100.235,90.403,444.395,154.519,68.538,57.401
2018-10-07 09:00:00,504.42,567.857,107.314,97.204,488.153,167.254,70.468,59.592
2018-10-07 10:00:00,535.635,601.624,112.897,102.64,521.739,160.143,65.853,57.581
2018-10-07 11:00:00,574.089,672.489,118.907,115.897,563.812,157.571,70.571,63.017
2018-10-07 12:00:00,595.364,740.296,125.039,128.566,630.259,171.186,75.891,62.446
2018-10-07 13:00:00,620.545,786.979,132.493,144.098,676.019,192.051,80.925,72.618
2018-10-07 14:00:00,679.233,849.969,150.631,160.72,742.49,207.44,93.588,86.788
2018-10-07 15:00:00,739.656,882.336,169.507,160.633,791.879,224.62,99.788,92.336
2018-10-07 16:00:00,767.702,907.468,168.012,161.991,784.339,242.37,108.001,92.72
2018-10-07 17:00:00,763.784,863.161,169.145,155.694,761.058,239.142,105.213,90.3
2018-10-07 18:00:00,708.649,811.065,161.194,143.673,710.278,234.15,103.588,89.995
2018-10-07 19:00:00,670.158,742.982,152.384,131.473,663.684,221.093,102.64,84.253
2018-10-07 20:00:00,610.057,673.729,147.963,123.982,602.158,194.442,88.63,77.0
2018-10-07 21:00:00,507.589,558.107,121.226,105.012,510.766,155.026,67.409,58.746
2018-10-07 22:00:00,414.451,462.383,94.265,82.493,408.202,122.58,52.87,46.266
2018-10-07 23:00:00,346.508,394.38,74.802,65.801,332.281,98.402,43.821,40.019
2018-10-08 00:00:00,304.758,368.492,64.796,61.77,305.149,90.35,38.905,36.403
2018-10-08 01:00:00,298.831,351.564,59.162,56.838,284.559,87.563,35.845,34.076
2018-10-08 02:00:00,294.483,348.755,56.61,53.12,269.835,83.163,33.848,34.803
2018-10-08 03:00:00,302.754,365.76,57.567,52.699,276.402,85.471,36.896,37.312
2018-10-08 04:00:00,338.275,408.596,64.662,58.113,303.282,98.649,40.838,42.826
2018-10-08 05:00:00,431.627,503.009,83.404,71.589,380.107,120.122,54.816,51.631
2018-10-08 06:00:00,496.859,558.676,95.003,79.895,433.948,140.715,64.306,59.628
2018-10-08 07:00:00,532.464,612.851,107.191,89.972,476.427,162.678,69.095,58.734
2018-10-08 08:00:00,550.721,650.369,108.079,100.996,501.933,166.403,69.866,64.254
2018-10-08 09:00:00,562.588,669.615,112.438,100.433,518.722,172.857,76.052,68.923
2018-10-08 10:00:00,564.505,676.586,111.181,97.0,526.178,170.541,76.896,68.558
2018-10-08 11:00:00,551.889,676.929,115.934,98.192,547.642,168.558,72.788,68.664
2018-10-08 12:00:00,537.802,662.97,116.717,96.501,514.92,161.388,68.681,68.435
2018-10-08 13:00:00,515.752,636.319,106.671,94.919,476.634,159.722,66.178,62.082
2018-10-08 14:00:00,508.854,616.402,103.606,94.986,476.935,156.648,72.332,66.523
2018-10-08 15:00:00,511.377,618.718,109.936,94.232,479.616,162.593,70.843,64.764
2018-10-08 16:00:00,540.14,628.699,116.436,99.383,501.912,176.9,76.155,69.061
2018-10-08 17:00:00,562.176,653.809,124.973,106.226,549.196,183.248,84.823,72.664
2018-10-08 18:00:00,584.578,659.253,127.545,105.387,559.88,198.186,82.06,73.908
2018-10-08 19:00:00,581.938,650.368,124.533,105.369,546.838,194.753,81.901,70.799
2018-10-08 20:00:00,533.766,610.372,115.037,97.664,513.133,176.481,75.899,71.612
2018-10-08 21:00:00,452.847,511.396,92.978,84.331,427.135,145.523,62.945,60.711
2018-10-08 22:00:00,369.401,429.355,75.289,65.924,348.554,117.305,50.37,49.838
2018-10-08 23:00:00,318.626,374.065,64.437,56.392,299.562,101.343,42.436,42.55
2018-10-09 00:00:00,287.295,350.941,60.444,52.475,279.974,93.154,37.959,40.504
2018-10-09 01:00:00,279.344,341.832,56.494,50.739,264.918,88.669,36.018,37.842
2018-10-09 02:00:00,278.957,347.243,55.611,50.623,261.519,87.594,35.493,35.874
2018-10-09 03:00:00,288.713,369.453,57.746,52.564,270.904,93.431,37.633,37.378
2018-10-09 04:00:00,331.522,411.34,64.862,60.833,304.385,102.102,43.014,42.136
2018-10-09 05:00:00,415.307,499.042,82.048,76.952,373.119,125.148,57.462,52.272
2018-10-09 06:00:00,487.684,557.964,93.565,86.254,442.0,142.207,71.115,60.667
2018-10-09 07:00:00,534.08,623.333,96.177,94.867,488.994,152.344,68.895,66.256
2018-10-09 08:00:00,576.004,665.437,108.574,98.795,531.083,164.909,76.75,69.97
2018-10-09 09:00:00,604.215,692.875,113.207,104.32,555.932,174.347,73.426,70.38
2018-10-09 10:00:00,624.13,733.575,120.299,118.581,596.515,185.123,79.204,74.034
2018-10-09 11:00:00,645.704,773.284,123.398,123.355,642.461,191.428,84.914,83.285
2018-10-09 12:00:00,658.25,794.21,130.882,130.312,662.099,199.79,93.725,85.244
2018-10-09 13:00:00,667.383,848.537,136.495,140.253,698.051,200.39,88.73,82.565
2018-10-09 14:00:00,681.152,911.864,142.953,145.405,702.569,205.242,91.467,84.331
2018-10-09 15:00:00,730.682,967.037,151.347,149.083,717.688,223.129,100.639,89.631
2018-10-09 16:00:00,767.211,959.291,156.43,145.469,731.119,236.492,107.799,98.763
2018-10-09 17:00:00,738.25,899.416,153.537,145.208,712.669,239.106,107.122,95.187
2018-10-09 18:00:00,698.568,839.827,147.064,138.109,694.852,236.857,105.409,87.09
2018-10-09 19:00:00,662.671,789.608,144.116,130.767,668.886,211.597,94.451,80.941
2018-10-09 20:00:00,614.423,716.385,131.233,119.279,606.358,197.917,93.443,76.823
2018-10-09 21:00:00,518.902,600.25,106.145,96.242,498.334,164.223,75.76,69.894
2018-10-09 22:00:00,413.738,499.615,84.467,80.028,399.356,129.642,61.918,59.344
2018-10-09 23:00:00,345.643,432.232,72.792,65.601,328.637,107.9,47.582,43.319
2018-10-10 00:00:00,308.618,393.782,61.314,58.019,297.813,92.972,41.415,39.73
2018-10-10 01:00:00,300.592,370.823,58.376,53.505,279.241,86.684,37.199,38.161
2018-10-10 02:00:00,301.233,370.141,56.796,52.157,275.022,85.006,36.079,36.769
2018-10-10 03:00:00,311.477,387.647,58.407,53.234,282.903,86.707,38.31,36.928
2018-10-10 04:00:00,365.065,426.111,66.809,62.613,322.277,97.795,46.945,40.774
2018-10-10 05:00:00,452.887,526.863,87.865,78.714,400.432,125.763,60.061,53.083
2018-10-10 06:00:00,527.28,608.265,101.021,90.153,457.844,155.786,67.276,69.204
2018-10-10 07:00:00,580.258,688.206,110.902,99.69,518.223,177.467,75.876,73.009
2018-10-10 08:00:00,624.63,803.122,124.615,112.604,586.954,197.519,87.433,80.429
2018-10-10 09:00:00,689.534,955.249,143.219,133.708,695.041,224.784,94.012,98.203
2018-10-10 10:00:00,766.842,1075.746,152.821,154.711,784.765,243.385,108.769,103.562
2018-10-10 11:00:00,813.613,1149.773,167.08,169.43,850.455,262.916,122.487,110.736
2018-10-10 12:00:00,848.351,1149.065,175.443,180.208,889.431,274.132,121.217,116.258
2018-10-10 13:00:00,877.22,1136.763,175.429,181.204,886.912,283.569,129.11,114.076
2018-10-10 14:00:00,892.675,1156.87,185.011,186.854,904.867,293.281,127.574,115.857
2018-10-10 15:00:00,917.974,1147.1,192.035,190.889,919.638,295.729,132.175,117.326
2018-10-10 16:00:00,893.048,1099.761,188.092,182.47,890.964,299.23,133.912,114.696
2018-10-10 17:00:00,834.94,1030.69,174.774,171.236,838.872,282.741,127.763,111.481
2018-10-10 18:00:00,786.134,946.298,167.304,157.695,787.805,264.821,118.265,103.863
2018-10-10 19:00:00,733.744,869.07,156.159,147.709,733.308,241.914,108.534,94.931
2018-10-10 20:00:00,671.165,779.279,143.115,133.377,648.566,214.764,98.497,92.661
2018-10-10 21:00:00,578.642,658.898,114.049,105.703,537.682,176.959,81.852,74.62
2018-10-10 22:00:00,480.582,549.47,92.415,88.684,444.534,143.055,64.595,58.873
2018-10-10 23:00:00,404.141,472.525,79.85,76.94,374.306,114.995,52.3,49.037
2018-10-11 00:00:00,361.94,427.829,72.478,67.316,336.611,102.65,45.27,44.865
2018-10-11 01:00:00,346.128,401.713,67.144,62.585,316.767,94.186,41.835,41.196
2018-10-11 02:00:00,340.103,404.361,64.436,61.279,311.112,94.561,40.23,41.067
2018-10-11 03:00:00,349.83,422.989,66.105,62.896,316.613,97.17,42.2,42.292
2018-10-11 04:00:00,390.663,469.8,74.97,71.734,352.294,113.83,49.285,47.145
2018-10-11 05:00:00,494.784,581.55,91.392,94.099,436.397,138.054,62.187,57.705
2018-10-11 06:00:00,584.903,671.201,108.668,102.619,515.751,157.773,69.517,65.636
2018-10-11 07:00:00,630.465,744.69,120.042,111.62,569.461,173.229,77.094,73.602
2018-10-11 08:00:00,684.271,796.517,127.355,127.82,622.115,185.805,84.093,82.236
2018-10-11 09:00:00,713.245,856.254,133.309,132.346,681.229,207.399,92.278,90.049
2018-10-11 10:00:00,730.552,906.027,138.052,138.899,705.14,220.257,96.421,90.982
2018-10-11 11:00:00,718.482,901.713,140.216,136.535,695.069,219.117,94.698,89.762
2018-10-11 12:00:00,678.628,872.922,129.674,130.134,661.624,208.81,90.79,88.134
2018-10-11 13:00:00,643.861,813.815,123.598,119.366,612.336,199.735,84.793,82.128
2018-10-11 14:00:00,643.649,760.533,127.416,125.287,600.976,188.867,87.0,84.602
2018-10-11 15:00:00,636.823,738.876,122.951,124.977,644.307,198.342,89.236,85.075
2018-10-11 16:00:00,649.283,771.048,132.289,133.341,658.846,221.753,98.514,89.238
2018-10-11 17:00:00,665.112,797.336,143.555,136.338,672.317,225.278,104.107,87.842
2018-10-11 18:00:00,662.229,773.238,145.732,133.314,676.952,224.1,105.491,89.058
2018-10-11 19:00:00,637.558,746.907,138.807,130.824,657.053,218.054,101.175,87.68
2018-10-11 20:00:00,589.338,685.814,128.003,118.135,604.272,205.716,90.249,84.768
2018-10-11 21:00:00,508.715,579.111,104.138,102.017,501.478,161.762,73.076,69.311
2018-10-11 22:00:00,406.288,477.86,83.786,82.139,396.546,131.332,57.819,55.978
2018-10-11 23:00:00,345.84,425.215,66.752,67.709,329.805,110.184,48.43,47.923
2018-10-12 00:00:00,312.815,384.096,60.414,60.304,294.236,98.217,40.963,40.385
2018-10-12 01:00:00,292.912,351.16,55.684,55.989,277.937,88.336,37.42,37.665
2018-10-12 02:00:00,282.727,347.186,54.333,51.958,266.239,85.723,36.931,36.671
2018-10-12 03:00:00,287.592,359.727,56.346,52.324,270.619,85.853,38.475,37.056
2018-10-12 04:00:00,325.613,401.391,64.992,57.266,300.563,96.953,43.436,41.496
2018-10-12 05:00:00,412.218,492.425,85.097,72.895,370.416,119.385,54.067,52.358
2018-10-12 06:00:00,484.024,557.318,101.143,88.031,429.779,152.889,68.378,62.124
2018-10-12 07:00:00,526.496,615.671,109.147,95.48,473.346,161.972,69.977,70.947
2018-10-12 08:00:00,557.01,639.481,109.486,95.319,502.942,161.722,70.61,74.133
2018-10-12 09:00:00,562.279,661.299,116.899,102.805,520.362,163.131,71.978,72.815
2018-10-12 10:00:00,562.484,672.982,118.432,110.007,523.578,169.911,79.133,75.785
2018-10-12 11:00:00,552.969,672.871,117.236,109.12,528.13,169.138,80.4,70.816
2018-10-12 12:00:00,545.364,657.257,110.129,103.367,523.891,160.413,74.624,68.514
2018-10-12 13:00:00,535.901,651.781,103.395,104.014,516.463,162.603,71.14,64.158
2018-10-12 14:00:00,544.287,646.589,102.506,104.243,517.126,169.154,73.174,67.475
2018-10-12 15:00:00,543.163,642.104,110.51,102.321,525.534,181.918,77.379,69.187
2018-10-12 16:00:00,575.472,651.336,112.422,101.413,538.31,184.515,90.849,75.631
2018-10-12 17:00:00,574.694,664.613,116.646,109.046,564.729,185.144,86.845,74.127
2018-10-12 18:00:00,571.987,657.256,125.596,104.152,560.837,192.194,83.785,76.519
2018-10-12 19:00:00,566.148,642.159,127.152,108.049,548.643,187.223,88.505,73.767
2018-10-12 20:00:00,534.341,603.216,118.474,102.777,519.799,179.592,75.984,74.329
2018-10-12 21:00:00,455.584,523.244,100.337,90.114,443.09,148.078,67.055,63.551
2018-10-12 22:00:00,378.079,432.704,84.17,73.352,366.314,122.412,54.171,51.527
2018-10-12 23:00:00,335.442,391.23,73.689,58.059,328.129,110.008,45.541,45.278
2018-10-13 00:00:00,314.973,374.868,71.34,56.848,312.33,105.762,40.223,43.263
2018-10-13 01:00:00,310.422,372.118,68.671,56.187,309.206,100.122,39.654,43.808
2018-10-13 02:00:00,312.853,384.36,68.595,57.57,312.735,99.172,39.977,42.552
2018-10-13 03:00:00,319.896,395.02,70.587,59.642,319.291,105.736,40.736,44.541
2018-10-13 04:00:00,336.576,407.392,74.674,62.293,327.017,112.707,44.762,46.638
2018-10-13 05:00:00,386.031,451.34,84.581,70.719,371.639,130.166,53.99,52.446
2018-10-13 06:00:00,423.578,495.044,91.301,79.035,412.039,147.857,59.034,59.861
2018-10-13 07:00:00,487.132,546.669,107.228,92.948,462.994,167.731,67.293,66.376
2018-10-13 08:00:00,531.72,601.784,119.263,102.652,504.199,185.161,78.203,69.34
2018-10-13 09:00:00,541.517,614.754,124.016,106.028,524.09,193.004,78.23,75.108
2018-10-13 10:00:00,535.469,603.36,112.227,103.281,515.698,179.879,81.729,69.934
2018-10-13 11:00:00,532.54,601.797,113.492,99.012,506.698,177.527,81.653,74.163
2018-10-13 12:00:00,512.543,580.249,110.842,96.204,493.322,168.044,77.126,68.608
2018-10-13 13:00:00,490.05,569.409,104.895,96.499,467.236,161.418,70.413,66.783
2018-10-13 14:00:00,486.989,561.314,107.919,93.884,455.15,157.299,72.226,58.869
2018-10-13 15:00:00,501.101,585.832,112.482,97.536,467.144,163.469,72.336,62.812
2018-10-13 16:00:00,517.668,610.482,117.401,99.536,501.207,170.612,78.069,63.36
2018-10-13 17:00:00,558.816,644.733,120.906,103.679,544.811,186.158,84.714,69.084
2018-10-13 18:00:00,581.682,671.051,128.238,109.454,565.422,194.456,89.794,78.645
2018-10-13 19:00:00,594.877,670.317,136.645,114.076,579.201,202.604,91.298,82.277
2018-10-13 20:00:00,554.555,623.286,123.697,104.834,551.657,189.884,83.546,85.071
2018-10-13 21:00:00,491.749,545.713,110.48,92.007,475.734,160.342,68.342,68.99
2018-10-13 22:00:00,429.457,472.342,93.183,83.688,421.455,145.547,57.11,58.93
2018-10-13 23:00:00,395.885,440.112,82.477,74.104,398.125,134.05,51.044,59.256
2018-10-14 00:00:00,369.924,418.111,80.6,70.576,373.861,125.323,49.767,50.306
2018-10-14 01:00:00,360.83,418.382,81.533,71.883,372.586,118.271,48.068,47.883
2018-10-14 02:00:00,366.421,415.338,83.475,73.786,375.958,122.3,49.769,48.266
2018-10-14 03:00:00,379.151,419.575,84.689,77.266,392.695,139.143,53.963,50.517
2018-10-14 04:00:00,398.653,446.759,91.206,81.186,421.061,146.87,57.445,53.54
2018-10-14 05:00:00,460.955,486.825,101.723,96.98,456.999,167.289,67.635,62.03
2018-10-14 06:00:00,471.527,503.87,113.766,100.685,471.27,179.291,74.899,67.923
2018-10-14 07:00:00,496.984,549.641,122.735,108.565,505.696,189.497,80.419,77.115
2018-10-14 08:00:00,516.487,562.125,121.299,109.682,497.95,193.345,77.677,72.167
2018-10-14 09:00:00,497.985,540.854,115.234,100.897,464.365,178.663,76.26,70.815
2018-10-14 10:00:00,478.891,516.409,112.984,90.808,446.987,167.451,70.393,66.843
2018-10-14 11:00:00,486.079,512.167,103.636,92.745,439.072,159.609,70.591,66.268
2018-10-14 12:00:00,463.18,516.69,97.771,87.563,433.27,154.044,70.63,61.218
2018-10-14 13:00:00,444.509,511.999,96.433,85.968,417.911,154.153,62.4,55.408
2018-10-14 14:00:00,448.078,517.538,95.036,86.634,417.816,156.159,62.424,58.27
2018-10-14 15:00:00,457.324,539.752,99.795,90.5,446.006,158.796,65.037,59.463
2018-10-14 16:00:00,481.99,560.081,109.986,91.643,468.558,163.476,72.583,66.84
2018-10-14 17:00:00,524.965,583.875,112.217,94.398,504.506,173.604,81.647,69.235
2018-10-14 18:00:00,539.659,613.013,119.317,98.557,527.813,178.345,81.234,73.221
2018-10-14 19:00:00,571.379,612.245,124.501,104.489,533.682,185.305,85.393,76.429
2018-10-14 20:00:00,540.007,578.403,115.762,98.747,514.962,186.347,77.22,73.25
2018-10-14 21:00:00,471.058,504.247,100.74,88.283,449.762,163.255,66.083,64.341
2018-10-14 22:00:00,401.813,438.836,85.365,77.644,399.36,138.07,55.735,53.205
2018-10-14 23:00:00,363.505,406.485,78.961,68.315,370.211,129.736,50.212,49.945
2018-10-15 00:00:00,351.587,403.297,74.816,68.467,366.468,130.008,49.1,50.509
2018-10-15 01:00:00,350.821,409.121,73.327,70.587,364.724,126.674,49.161,50.135
2018-10-15 02:00:00,349.903,420.632,74.882,69.955,360.519,128.534,51.223,49.562
2018-10-15 03:00:00,355.788,444.009,76.989,71.311,363.389,132.544,54.657,50.292
2018-10-15 04:00:00,391.297,488.411,84.772,76.324,380.685,135.153,56.829,52.898
2018-10-15 05:00:00,486.455,568.217,103.656,94.142,451.419,159.016,69.58,63.179
2018-10-15 06:00:00,548.941,628.139,113.258,101.183,511.626,176.985,79.209,75.479
2018-10-15 07:00:00,571.903,680.131,123.281,103.465,558.176,191.174,81.919,79.592
2018-10-15 08:00:00,580.991,706.297,120.527,108.669,572.267,204.17,81.75,84.811
2018-10-15 09:00:00,593.288,704.247,123.242,113.218,576.879,203.188,84.329,86.329
2018-10-15 10:00:00,583.286,714.871,121.031,108.765,572.427,192.355,89.783,83.251
2018-10-15 11:00:00,571.912,716.263,115.941,106.241,563.951,184.926,87.06,81.446
2018-10-15 12:00:00,543.091,691.493,113.015,101.205,527.147,168.492,77.365,74.393
2018-10-15 13:00:00,521.06,661.378,107.261,95.659,502.151,163.242,76.249,67.329
2018-10-15 14:00:00,518.867,638.083,102.215,95.786,495.888,162.288,73.719,68.32
2018-10-15 15:00:00,513.972,633.953,104.795,97.599,492.705,164.216,75.99,68.427
2018-10-15 16:00:00,529.289,647.223,115.377,97.84,511.512,176.16,80.49,73.554
2018-10-15 17:00:00,570.658,670.645,122.821,105.208,538.104,190.735,81.678,73.853
2018-10-15 18:00:00,572.588,675.045,127.337,113.786,552.0,187.46,84.032,75.508
2018-10-15 19:00:00,558.147,649.106,128.17,110.237,542.454,192.057,82.441,74.266
2018-10-15 20:00:00,527.39,595.568,110.369,96.109,512.066,173.959,74.044,70.474
2018-10-15 21:00:00,444.3,514.646,95.42,83.034,421.317,146.603,64.844,61.531
2018-10-15 22:00:00,369.222,428.795,75.922,66.832,351.276,123.561,51.597,49.481
2018-10-15 23:00:00,317.949,378.742,63.838,57.953,297.79,103.077,41.859,42.191
2018-10-16 00:00:00,297.57,360.155,60.384,53.036,275.785,90.565,40.404,39.523
2018-10-16 01:00:00,290.32,357.231,59.494,53.944,276.344,89.284,38.863,37.733
2018-10-16 02:00:00,295.386,377.117,61.349,54.952,282.037,94.453,41.323,39.767
2018-10-16 03:00:00,321.938,416.977,65.675,60.232,306.439,106.351,45.766,42.985
2018-10-16 04:00:00,367.914,454.031,80.39,67.374,344.459,123.396,52.315,47.848
2018-10-16 05:00:00,465.008,554.861,96.189,84.41,430.971,150.025,66.946,58.261
2018-10-16 06:00:00,539.943,624.028,113.239,95.347,495.607,179.077,72.669,69.895
2018-10-16 07:00:00,570.931,659.405,119.272,99.783,515.962,182.162,74.881,71.28
2018-10-16 08:00:00,584.558,677.664,122.62,105.77,527.793,179.667,73.099,74.17
2018-10-16 09:00:00,582.383,683.297,125.54,107.57,546.166,183.311,78.757,80.319
2018-10-16 10:00:00,582.881,678.22,120.689,102.058,551.08,181.186,80.165,76.51
2018-10-16 11:00:00,571.915,678.358,121.098,100.18,541.711,176.116,76.542,70.599
2018-10-16 12:00:00,536.573,660.664,116.035,93.337,516.117,166.217,73.047,70.316
2018-10-16 13:00:00,519.574,649.155,107.32,95.437,490.308,162.265,74.678,67.203
2018-10-16 14:00:00,523.231,629.294,107.598,95.034,483.37,162.604,73.516,67.846
2018-10-16 15:00:00,514.351,643.421,108.26,92.949,491.139,168.907,74.562,68.959
2018-10-16 16:00:00,538.061,648.12,116.565,96.704,528.675,182.794,79.301,73.404
2018-10-16 17:00:00,569.163,668.261,121.625,102.643,544.744,190.096,79.658,73.182
2018-10-16 18:00:00,586.9,673.857,129.071,104.622,566.525,200.452,87.808,79.027
2018-10-16 19:00:00,584.281,651.509,130.679,108.227,554.989,199.223,89.558,76.462
2018-10-16 20:00:00,561.213,608.155,123.204,101.621,533.836,190.968,82.383,72.047
2018-10-16 21:00:00,478.424,531.235,109.495,87.551,482.806,164.836,68.733,64.225
2018-10-16 22:00:00,409.68,450.345,93.476,78.725,411.727,143.716,59.261,60.95
2018-10-16 23:00:00,368.002,415.342,79.883,73.283,376.415,132.196,53.707,55.158
2018-10-17 00:00:00,342.272,409.958,76.253,71.162,363.096,126.444,52.681,52.407
2018-10-17 01:00:00,344.677,409.822,77.224,73.553,370.319,121.679,50.525,48.529
2018-10-17 02:00:00,357.459,422.502,80.715,75.133,379.13,125.177,51.793,48.639
2018-10-17 03:00:00,382.305,452.353,83.303,80.517,400.595,132.095,54.15,50.89
2018-10-17 04:00:00,428.343,497.598,89.756,85.577,434.658,149.514,60.905,57.515
2018-10-17 05:00:00,535.265,584.307,106.987,111.905,525.604,169.487,74.125,68.417
2018-10-17 06:00:00,587.856,647.116,120.746,119.666,585.814,195.162,85.23,80.709
2018-10-17 07:00:00,601.397,674.421,119.28,117.451,593.369,193.548,88.397,77.7
2018-10-17 08:00:00,583.202,685.261,120.453,111.004,553.343,190.4,83.289,75.315
2018-10-17 09:00:00,587.671,684.123,122.005,106.836,545.485,184.464,84.976,81.494
2018-10-17 10:00:00,567.007,683.776,119.367,108.184,546.333,178.065,76.775,79.387
2018-10-17 11:00:00,560.132,688.598,113.464,104.084,535.093,166.487,74.859,71.469
2018-10-17 12:00:00,540.974,662.926,113.255,100.225,514.535,158.799,74.065,66.981
2018-10-17 13:00:00,516.431,644.607,102.803,93.435,488.77,155.777,73.367,63.886
2018-10-17 14:00:00,509.152,616.819,103.587,89.082,472.314,154.54,71.524,62.088
2018-10-17 15:00:00,517.397,613.342,106.179,94.135,474.996,162.118,79.412,63.655
2018-10-17 16:00:00,534.084,633.179,110.642,105.202,500.473,177.199,77.945,67.497
2018-10-17 17:00:00,569.711,692.665,121.166,113.806,547.918,198.353,87.031,76.618
2018-10-17 18:00:00,579.142,682.149,127.487,117.788,571.682,202.278,86.359,76.765
2018-10-17 19:00:00,578.243,664.851,128.166,115.02,566.192,199.05,84.795,83.883
2018-10-17 20:00:00,542.718,631.543,129.964,109.74,536.965,189.748,82.14,78.64
2018-10-17 21:00:00,494.75,545.728,108.42,91.098,469.312,162.551,69.776,66.194
2018-10-17 22:00:00,426.843,477.693,90.566,75.348,401.633,144.217,62.249,58.812
2018-10-17 23:00:00,370.386,443.873,79.04,67.201,363.954,133.319,53.835,55.605
2018-10-18 00:00:00,353.574,429.751,78.2,67.483,349.515,122.434,48.265,49.545
2018-10-18 01:00:00,355.555,423.977,80.168,69.355,354.272,120.027,49.999,47.816
2018-10-18 02:00:00,367.729,445.013,83.38,72.634,376.606,123.052,50.565,49.006
2018-10-18 03:00:00,392.11,474.31,87.789,76.97,394.988,135.515,54.464,51.853
2018-10-18 04:00:00,433.181,523.038,97.828,88.108,448.977,151.321,62.817,57.863
2018-10-18 05:00:00,524.664,618.968,115.593,108.423,531.619,184.417,79.404,73.808
2018-10-18 06:00:00,598.402,675.078,134.946,118.298,586.905,212.368,87.665,85.426
2018-10-18 07:00:00,610.398,717.023,141.664,120.169,601.479,214.164,90.406,84.439
2018-10-18 08:00:00,623.064,727.535,138.351,124.38,615.916,209.178,86.399,85.848
2018-10-18 09:00:00,622.583,723.182,136.914,125.908,624.141,212.098,88.634,95.539
2018-10-18 10:00:00,607.6,735.003,136.33,118.486,600.657,201.736,85.72,90.742
2018-10-18 11:00:00,615.055,697.605,133.483,114.519,586.926,197.892,87.245,80.661
2018-10-18 12:00:00,575.322,685.74,122.132,105.408,565.69,187.262,81.174,74.87
2018-10-18 13:00:00,536.183,647.323,116.108,99.194,519.197,178.327,74.79,68.268
2018-10-18 14:00:00,529.2,635.963,109.617,99.426,494.795,177.577,73.981,66.119
2018-10-18 15:00:00,526.321,638.577,113.611,98.691,497.885,175.884,75.656,66.581
2018-10-18 16:00:00,552.668,666.809,123.118,105.779,521.72,189.66,78.02,72.588
2018-10-18 17:00:00,588.088,702.131,132.171,113.846,569.936,211.381,89.683,82.28
2018-10-18 18:00:00,621.066,710.553,141.324,126.52,609.322,222.17,97.37,85.981
2018-10-18 19:00:00,617.757,706.501,142.088,127.731,622.081,230.162,102.227,88.747
2018-10-18 20:00:00,586.207,667.536,130.933,122.597,619.913,230.661,91.906,89.893
2018-10-18 21:00:00,508.846,590.389,117.406,108.318,555.726,205.22,80.925,80.548
2018-10-18 22:00:00,456.757,521.971,99.901,97.487,503.04,178.885,72.134,71.271
2018-10-18 23:00:00,440.045,490.634,94.273,92.11,477.488,160.175,65.695,65.181
2018-10-19 00:00:00,420.092,472.679,93.827,91.784,462.579,154.475,60.434,59.328
2018-10-19 01:00:00,415.226,477.18,95.96,94.539,465.349,152.82,59.982,59.646
2018-10-19 02:00:00,422.176,487.699,101.011,98.04,483.03,153.798,61.955,60.477
2018-10-19 03:00:00,438.27,508.618,108.896,100.13,498.89,166.544,65.982,64.464
2018-10-19 04:00:00,466.464,549.95,115.272,109.01,540.578,184.319,73.766,70.803
2018-10-19 05:00:00,585.986,647.271,137.035,136.999,624.831,211.471,88.258,85.589
2018-10-19 06:00:00,660.291,710.247,152.125,144.404,673.943,235.864,93.349,92.274
2018-10-19 07:00:00,646.22,738.834,151.259,139.119,664.509,230.636,92.936,94.528
2018-10-19 08:00:00,627.347,725.616,137.169,122.325,624.206,216.95,88.743,91.245
2018-10-19 09:00:00,608.488,702.581,130.05,112.605,593.216,203.774,86.223,86.745
2018-10-19 10:00:00,587.794,684.369,123.7,108.556,567.975,184.088,81.999,76.496
2018-10-19 11:00:00,574.458,678.641,117.412,104.274,551.534,174.621,78.955,71.025
2018-10-19 12:00:00,550.746,652.521,114.841,103.133,527.814,166.141,76.989,69.482
2018-10-19 13:00:00,518.785,634.695,106.943,95.471,497.39,160.522,71.811,63.681
2018-10-19 14:00:00,509.107,632.027,107.515,93.768,484.859,158.694,74.457,63.267
2018-10-19 15:00:00,507.484,636.232,109.281,97.989,492.154,165.702,76.299,64.434
2018-10-19 16:00:00,525.735,630.994,115.798,102.369,501.425,171.026,81.551,71.185
2018-10-19 17:00:00,570.629,656.927,122.029,107.781,535.423,193.94,86.172,81.495
2018-10-19 18:00:00,577.703,663.264,125.753,107.397,556.914,194.472,84.921,79.411
2018-10-19 19:00:00,568.089,660.149,128.336,107.766,565.225,189.763,82.404,83.786
2018-10-19 20:00:00,531.741,626.286,119.001,99.348,522.178,179.017,83.425,73.633
2018-10-19 21:00:00,452.049,532.286,98.081,79.702,432.753,156.576,69.592,66.525
2018-10-19 22:00:00,379.033,440.706,85.138,68.856,365.701,125.05,55.073,56.405
2018-10-19 23:00:00,332.531,393.922,73.45,61.092,321.307,112.031,47.047,49.44
2018-10-20 00:00:00,310.294,369.122,65.729,55.26,297.04,102.348,43.158,45.788
2018-10-20 01:00:00,299.926,365.608,64.961,54.185,293.403,99.375,38.76,42.778
2018-10-20 02:00:00,307.476,373.284,66.432,54.344,293.399,94.544,39.792,41.005
2018-10-20 03:00:00,319.967,378.545,68.345,54.073,303.435,100.108,40.67,42.78
2018-10-20 04:00:00,331.697,393.93,72.185,55.904,311.686,108.403,43.114,46.375
2018-10-20 05:00:00,375.716,436.924,80.003,65.29,350.768,120.126,51.375,49.468
2018-10-20 06:00:00,413.11,476.368,90.969,74.082,389.149,134.591,58.629,53.635
2018-10-20 07:00:00,462.215,520.49,99.872,83.951,435.736,148.937,64.871,59.676
2018-10-20 08:00:00,501.458,566.988,105.61,94.151,458.193,164.391,74.992,66.064
2018-10-20 09:00:00,518.148,576.266,116.682,97.016,473.627,160.512,71.363,66.419
2018-10-20 10:00:00,510.914,571.176,112.0,95.508,489.005,163.334,73.295,64.721
2018-10-20 11:00:00,498.931,569.143,104.507,95.729,484.253,161.501,70.565,62.192
2018-10-20 12:00:00,473.836,572.24,99.818,89.864,459.759,154.471,62.902,66.288
2018-10-20 13:00:00,470.092,563.774,97.184,84.414,449.755,148.695,62.418,60.112
2018-10-20 14:00:00,476.175,561.412,101.623,83.625,457.093,151.281,65.344,59.193
2018-10-20 15:00:00,495.801,573.04,103.29,91.23,479.563,150.8,69.942,66.989
2018-10-20 16:00:00,518.192,591.884,109.933,104.86,508.082,165.64,74.503,69.376
2018-10-20 17:00:00,574.29,638.146,120.191,110.982,534.791,182.298,86.563,74.504
2018-10-20 18:00:00,578.466,657.839,135.692,108.17,553.764,186.724,86.268,74.528
2018-10-20 19:00:00,583.593,666.624,129.867,105.373,568.977,194.599,87.585,80.592
2018-10-20 20:00:00,550.745,610.19,119.243,105.11,547.612,189.074,81.054,78.059
2018-10-20 21:00:00,472.33,527.288,101.455,91.497,460.804,158.27,69.974,64.663
2018-10-20 22:00:00,394.186,438.007,83.979,74.847,391.87,132.305,52.298,56.541
2018-10-20 23:00:00,350.94,406.178,74.401,64.532,359.039,124.138,48.199,50.077
2018-10-21 00:00:00,333.451,380.637,67.971,59.432,326.31,114.332,43.871,45.207
2018-10-21 01:00:00,329.674,375.859,68.519,59.57,318.919,110.546,44.046,43.817
2018-10-21 02:00:00,328.236,375.413,72.438,59.246,318.268,109.827,46.086,42.369
2018-10-21 03:00:00,331.54,391.379,73.387,61.304,319.58,115.459,44.798,44.045
2018-10-21 04:00:00,360.132,402.627,75.976,65.831,344.726,122.833,47.815,50.849
2018-10-21 05:00:00,407.931,442.792,87.87,79.054,381.01,142.372,58.74,54.456
2018-10-21 06:00:00,429.954,462.438,100.25,83.675,404.486,157.727,63.203,61.62
2018-10-21 07:00:00,477.068,517.643,109.769,97.874,470.318,177.36,70.53,68.709
2018-10-21 08:00:00,525.633,575.644,118.811,107.434,536.56,192.063,84.314,75.819
2018-10-21 09:00:00,538.399,606.946,125.976,106.517,535.376,196.281,85.101,74.964
2018-10-21 10:00:00,546.024,594.863,129.371,109.131,522.568,199.348,82.484,72.554
2018-10-21 11:00:00,519.594,593.065,128.201,108.312,538.392,188.42,78.822,71.667
2018-10-21 12:00:00,490.808,575.793,124.121,97.645,505.584,180.35,79.174,78.558
2018-10-21 13:00:00,494.278,575.865,116.512,89.858,471.616,188.485,78.341,77.094
2018-10-21 14:00:00,503.218,575.626,112.015,95.628,488.757,176.164,78.311,70.669
2018-10-21 15:00:00,531.497,578.93,116.054,100.218,497.772,175.742,75.399,67.308
2018-10-21 16:00:00,532.299,591.722,122.025,106.518,520.695,191.284,80.306,72.268
2018-10-21 17:00:00,582.835,652.16,137.587,120.103,579.188,204.473,84.586,79.383
2018-10-21 18:00:00,610.315,676.773,143.409,123.262,600.475,221.125,91.163,85.805
2018-10-21 19:00:00,621.422,694.085,137.556,122.1,604.449,222.133,94.439,86.333
2018-10-21 20:00:00,594.625,643.633,135.678,117.622,601.587,214.98,88.591,86.863
2018-10-21 21:00:00,527.884,573.066,118.379,112.736,549.706,186.8,77.811,74.649
2018-10-21 22:00:00,463.739,524.9,103.587,99.825,505.064,170.595,67.117,66.114
2018-10-21 23:00:00,436.194,502.006,99.116,97.831,482.91,161.661,64.642,63.445
2018-10-22 00:00:00,431.992,488.837,98.937,96.535,479.801,161.856,63.558,62.569
2018-10-22 01:00:00,437.341,500.94,104.597,100.941,495.835,166.14,63.905,64.244
2018-10-22 02:00:00,451.876,515.288,111.84,103.045,506.433,170.751,67.532,66.141
2018-10-22 03:00:00,473.456,538.553,116.849,105.811,520.214,184.616,70.526,67.606
2018-10-22 04:00:00,521.263,590.188,126.087,111.7,564.492,199.793,78.799,75.426
2018-10-22 05:00:00,633.543,678.8,142.503,137.97,644.468,232.897,97.251,89.005
2018-10-22 06:00:00,704.986,738.531,157.558,149.236,688.508,259.157,102.693,98.827
2018-10-22 07:00:00,711.332,761.602,160.464,150.145,707.264,256.615,104.035,101.818
2018-10-22 08:00:00,685.796,748.717,156.751,144.303,704.039,234.719,94.084,93.142
2018-10-22 09:00:00,671.355,735.038,148.216,137.01,672.356,215.108,90.599,89.715
2018-10-22 10:00:00,646.445,727.236,145.562,124.411,644.938,202.901,86.319,90.495
2018-10-22 11:00:00,622.529,709.638,134.2,118.57,612.508,198.402,90.285,84.119
2018-10-22 12:00:00,590.343,683.353,130.811,111.225,577.879,184.22,81.636,74.87
2018-10-22 13:00:00,565.162,660.406,128.616,103.435,540.082,178.141,74.499,71.563
2018-10-22 14:00:00,544.833,647.376,120.686,100.632,539.674,177.46,78.765,69.504
2018-10-22 15:00:00,564.579,650.388,125.687,102.497,539.138,187.403,86.491,72.529
2018-10-22 16:00:00,581.169,666.927,131.297,109.016,561.946,198.588,86.948,76.789
2018-10-22 17:00:00,616.281,717.088,145.225,120.198,610.49,216.664,88.758,83.107
2018-10-22 18:00:00,643.031,721.877,144.603,125.041,629.589,224.108,95.698,85.561
2018-10-22 19:00:00,640.474,713.396,142.189,122.537,628.213,227.532,96.851,89.818
2018-10-22 20:00:00,618.502,672.446,135.295,118.299,606.658,221.935,94.4,87.826
2018-10-22 21:00:00,540.051,595.273,119.029,106.426,549.825,197.55,86.002,83.103
2018-10-22 22:00:00,475.107,528.901,101.189,93.879,480.795,179.595,73.987,76.497
2018-10-22 23:00:00,428.449,487.145,91.352,83.796,432.187,162.272,65.896,65.139
2018-10-23 00:00:00,394.064,467.575,83.835,80.785,412.917,148.941,60.531,59.511
2018-10-23 01:00:00,386.882,465.343,80.951,79.639,410.497,152.376,60.083,59.647
2018-10-23 02:00:00,385.486,467.267,83.541,78.193,405.207,150.083,60.398,57.945
2018-10-23 03:00:00,399.515,485.331,89.092,79.12,410.343,157.663,61.565,60.499
2018-10-23 04:00:00,432.433,528.258,95.013,85.509,428.201,163.826,66.225,64.927
2018-10-23 05:00:00,523.458,613.32,111.197,104.068,500.459,189.135,81.994,75.48
2018-10-23 06:00:00,606.547,682.222,124.004,116.557,583.148,215.529,93.226,84.222
2018-10-23 07:00:00,629.446,716.566,127.525,120.851,608.071,223.14,95.541,89.686
2018-10-23 08:00:00,629.711,731.86,130.769,122.176,596.099,221.996,92.235,89.254
2018-10-23 09:00:00,606.605,722.478,129.195,113.165,585.831,214.143,95.759,85.592
2018-10-23 10:00:00,594.534,722.7,125.806,106.402,571.452,203.086,90.043,83.031
2018-10-23 11:00:00,568.6,697.882,116.466,101.803,551.824,191.273,84.941,87.637
2018-10-23 12:00:00,546.422,658.655,107.546,98.791,515.604,180.297,82.15,82.678
2018-10-23 13:00:00,530.957,630.462,105.936,92.661,487.648,169.009,75.851,66.707
2018-10-23 14:00:00,506.242,623.778,105.9,92.23,481.837,160.262,72.736,63.252
2018-10-23 15:00:00,514.044,617.772,108.216,96.562,498.986,165.023,76.834,65.493
2018-10-23 16:00:00,533.67,635.374,110.872,99.915,520.224,179.302,82.578,69.333
2018-10-23 17:00:00,565.94,693.79,124.008,105.324,546.372,193.094,88.361,71.819
2018-10-23 18:00:00,575.092,697.95,126.717,109.417,564.322,203.841,88.843,76.691
2018-10-23 19:00:00,582.134,663.864,126.68,110.327,546.32,193.039,88.625,77.989
2018-10-23 20:00:00,539.029,615.857,121.393,106.066,532.449,189.379,88.394,76.347
2018-10-23 21:00:00,461.599,544.821,104.345,88.713,459.936,162.526,69.742,65.199
2018-10-23 22:00:00,398.858,473.532,87.052,77.409,400.339,140.086,59.333,56.328
2018-10-23 23:00:00,373.321,434.226,79.23,70.265,376.193,131.127,54.906,53.331
2018-10-24 00:00:00,355.944,420.177,78.54,71.465,373.504,124.777,50.501,51.486
2018-10-24 01:00:00,346.867,419.498,81.929,75.062,381.851,125.181,50.876,50.754
2018-10-24 02:00:00,352.972,426.88,82.371,76.291,390.288,129.569,52.132,50.217
2018-10-24 03:00:00,370.921,446.109,83.659,76.468,395.624,137.747,54.882,52.84
2018-10-24 04:00:00,407.146,480.338,92.032,83.245,426.935,155.04,63.848,60.013
2018-10-24 05:00:00,507.513,570.989,109.54,109.156,513.335,176.023,80.328,70.765
2018-10-24 06:00:00,569.062,637.547,130.072,120.049,588.379,189.893,81.928,74.63
2018-10-24 07:00:00,597.451,671.992,132.022,123.698,629.01,198.525,88.139,78.631
2018-10-24 08:00:00,605.756,696.257,128.764,119.776,620.597,196.736,86.28,78.266
2018-10-24 09:00:00,603.885,718.6,127.872,117.744,599.393,203.335,86.994,84.561
2018-10-24 10:00:00,595.119,726.461,131.501,111.931,589.847,196.755,84.059,90.705
2018-10-24 11:00:00,594.503,726.835,135.822,109.284,594.011,195.524,86.457,82.181
2018-10-24 12:00:00,578.518,697.951,125.416,105.9,572.345,194.069,83.441,76.945
2018-10-24 13:00:00,543.929,650.912,118.949,100.825,540.402,192.215,78.361,73.134
2018-10-24 14:00:00,547.1,642.25,113.119,96.999,506.541,189.833,79.55,69.825
2018-10-24 15:00:00,548.329,639.401,123.494,100.729,510.771,186.157,78.554,69.989
2018-10-24 16:00:00,572.314,669.206,131.131,102.177,553.494,192.207,82.515,71.274
2018-10-24 17:00:00,608.297,721.99,138.791,112.301,616.912,208.126,87.548,79.129
2018-10-24 18:00:00,619.838,717.886,139.58,115.695,615.464,216.373,91.473,85.014
2018-10-24 19:00:00,635.925,709.486,142.936,122.414,604.179,219.711,97.313,85.694
2018-10-24 20:00:00,608.705,665.775,140.614,118.216,583.702,204.867,95.791,84.12
2018-10-24 21:00:00,540.907,592.219,126.42,108.082,533.82,184.99,77.997,75.255
2018-10-24 22:00:00,469.789,502.625,107.558,96.265,486.599,170.289,65.051,68.689
2018-10-24 23:00:00,425.568,459.635,96.757,86.093,446.16,161.378,62.205,66.096
2018-10-25 00:00:00,401.898,444.681,92.786,77.392,411.449,157.116,61.151,64.476
2018-10-25 01:00:00,396.589,440.15,91.568,79.337,407.989,159.387,61.079,61.987
2018-10-25 02:00:00,400.779,454.123,93.433,79.007,408.823,161.714,64.4,62.971
2018-10-25 03:00:00,421.346,474.984,98.77,83.388,424.684,173.738,67.315,66.86
2018-10-25 04:00:00,470.229,511.98,104.599,90.159,455.453,176.957,73.401,67.401
2018-10-25 05:00:00,588.129,611.428,126.181,109.552,523.748,195.907,85.436,78.056
2018-10-25 06:00:00,656.16,676.807,143.98,120.971,577.218,238.969,98.921,92.049
2018-10-25 07:00:00,658.803,716.803,144.258,119.408,582.373,233.982,93.429,91.02
2018-10-25 08:00:00,637.665,729.743,141.209,118.273,581.757,222.594,92.743,90.134
2018-10-25 09:00:00,621.429,722.647,134.281,123.538,598.981,219.913,93.72,86.83
2018-10-25 10:00:00,605.556,729.378,139.304,118.841,602.066,200.635,92.447,84.173
2018-10-25 11:00:00,589.516,717.488,132.593,113.267,585.001,197.237,86.802,80.201
2018-10-25 12:00:00,560.314,695.139,126.214,113.612,551.878,191.27,84.862,79.079
2018-10-25 13:00:00,528.929,660.016,117.137,100.06,511.189,187.334,84.964,74.508
2018-10-25 14:00:00,524.566,642.29,113.916,93.928,495.406,183.58,77.36,72.22
2018-10-25 15:00:00,535.712,658.788,117.189,101.714,509.542,191.027,83.788,74.317
2018-10-25 16:00:00,548.745,687.555,138.022,105.919,526.165,206.496,89.746,80.559
2018-10-25 17:00:00,603.581,749.52,143.339,121.568,594.065,224.278,95.12,91.165
2018-10-25 18:00:00,623.534,729.942,148.668,123.978,615.473,236.288,102.276,90.397
2018-10-25 19:00:00,613.26,719.135,147.176,123.137,617.564,237.165,97.061,92.584
2018-10-25 20:00:00,576.555,682.237,139.782,114.952,590.115,223.203,93.246,90.517
2018-10-25 21:00:00,514.575,607.982,123.608,98.371,521.912,197.59,81.368,83.987
2018-10-25 22:00:00,457.967,525.579,109.52,85.841,453.997,174.494,72.14,70.495
2018-10-25 23:00:00,426.341,494.574,101.32,80.644,432.193,166.101,66.874,65.853
2018-10-26 00:00:00,409.729,501.828,95.407,82.799,412.55,159.614,64.567,62.885
2018-10-26 01:00:00,412.187,508.181,95.876,89.368,439.238,157.028,63.126,61.421
2018-10-26 02:00:00,430.378,518.144,100.629,92.475,458.311,162.345,65.025,62.203
2018-10-26 03:00:00,451.713,545.129,104.79,97.388,484.335,174.756,67.331,66.688
2018-10-26 04:00:00,509.446,589.864,111.673,108.273,523.713,189.067,74.863,74.068
2018-10-26 05:00:00,604.638,685.84,131.508,128.483,589.844,218.931,91.642,89.071
2018-10-26 06:00:00,652.576,759.017,148.521,132.771,639.128,242.095,98.441,96.319
2018-10-26 07:00:00,670.006,789.816,152.572,129.45,661.443,252.129,100.047,103.978
2018-10-26 08:00:00,688.43,792.941,155.236,139.111,673.087,256.695,103.293,100.446
2018-10-26 09:00:00,682.031,787.789,154.457,135.233,674.15,251.476,103.528,103.497
2018-10-26 10:00:00,650.49,764.757,146.098,128.462,669.045,244.275,100.729,102.591
2018-10-26 11:00:00,614.954,736.596,134.327,117.482,632.97,220.186,99.249,88.867
2018-10-26 12:00:00,571.764,708.877,125.873,103.566,571.519,202.644,91.982,83.903
2018-10-26 13:00:00,541.86,666.759,116.266,98.984,526.68,194.199,82.123,75.288
2018-10-26 14:00:00,522.773,645.825,116.107,93.739,506.067,185.331,78.524,72.096
2018-10-26 15:00:00,537.781,648.725,122.303,94.387,513.834,184.748,80.798,74.379
2018-10-26 16:00:00,552.018,679.531,130.012,106.815,533.643,194.339,83.465,80.079
2018-10-26 17:00:00,597.355,722.19,134.968,118.418,591.325,229.067,93.119,87.745
2018-10-26 18:00:00,623.013,716.041,138.499,127.632,612.132,231.635,99.13,93.141
2018-10-26 19:00:00,619.766,719.782,139.825,119.097,613.974,233.898,94.92,93.8
2018-10-26 20:00:00,574.191,682.395,132.338,113.011,586.73,222.756,91.392,94.258
2018-10-26 21:00:00,491.013,610.324,117.14,93.361,507.706,198.723,79.019,82.482
2018-10-26 22:00:00,435.423,529.432,103.343,83.773,433.078,171.916,72.095,68.762
2018-10-26 23:00:00,392.462,480.752,92.154,75.982,395.354,161.629,66.082,62.109
2018-10-27 00:00:00,373.065,459.208,88.538,70.09,377.072,151.077,56.194,60.966
2018-10-27 01:00:00,371.977,453.184,88.465,71.085,374.808,137.915,53.982,57.724
2018-10-27 02:00:00,387.585,460.552,96.119,72.363,385.239,135.024,55.599,56.08
2018-10-27 03:00:00,403.198,473.663,99.632,75.38,394.832,146.907,57.062,58.94
2018-10-27 04:00:00,434.452,495.204,104.947,79.204,412.23,156.547,60.546,60.38
2018-10-27 05:00:00,494.388,548.938,120.969,95.26,469.901,179.551,70.099,67.983
2018-10-27 06:00:00,544.598,592.982,138.699,103.474,506.328,199.935,78.883,75.36
2018-10-27 07:00:00,598.357,645.024,157.788,110.469,556.538,210.083,87.288,80.35
2018-10-27 08:00:00,627.656,697.319,159.602,121.65,604.517,223.825,90.2,84.301
2018-10-27 09:00:00,651.668,710.009,160.453,125.771,614.187,230.575,101.048,90.136
2018-10-27 10:00:00,640.382,710.752,151.142,124.467,620.829,223.105,98.845,83.099
2018-10-27 11:00:00,643.798,726.142,150.933,118.831,605.503,228.384,96.493,87.136
2018-10-27 12:00:00,613.736,716.853,146.248,116.645,592.508,213.249,95.593,84.068
2018-10-27 13:00:00,600.47,688.486,133.865,110.945,569.372,205.431,83.801,80.02
2018-10-27 14:00:00,589.738,668.724,134.342,107.955,554.013,208.483,83.845,82.825
2018-10-27 15:00:00,587.298,674.607,134.618,111.971,551.574,212.202,93.816,80.155
2018-10-27 16:00:00,590.398,697.639,141.307,112.071,579.744,214.717,93.15,79.754
2018-10-27 17:00:00,623.596,750.901,150.609,117.304,618.968,233.983,97.562,87.78
2018-10-27 18:00:00,638.771,758.38,156.462,123.578,632.929,226.536,98.69,91.51
2018-10-27 19:00:00,640.76,736.839,154.38,121.813,626.852,219.888,99.575,89.463
2018-10-27 20:00:00,611.896,698.927,145.69,117.263,595.342,200.243,87.742,81.463
2018-10-27 21:00:00,519.563,617.897,122.076,101.472,510.298,170.206,70.048,67.734
2018-10-27 22:00:00,437.29,534.163,102.371,80.709,442.177,145.379,63.09,58.858
2018-10-27 23:00:00,379.328,484.754,94.835,76.035,404.762,133.098,56.031,57.088
2018-10-28 00:00:00,350.619,458.376,84.67,69.959,382.636,127.54,52.117,51.277
2018-10-28 01:00:00,344.914,443.264,84.599,72.14,373.996,127.262,51.542,50.42
2018-10-28 02:00:00,345.679,436.398,88.245,71.685,371.854,125.831,51.1,48.606
2018-10-28 03:00:00,354.125,440.964,86.12,73.034,374.423,133.842,51.381,51.446
2018-10-28 04:00:00,374.097,463.753,89.355,74.9,390.485,141.688,54.757,54.211
2018-10-28 05:00:00,421.767,500.709,99.111,85.923,428.103,158.183,62.817,59.418
2018-10-28 06:00:00,444.299,523.711,109.08,91.757,447.86,168.904,65.823,64.173
2018-10-28 07:00:00,491.644,555.093,117.932,97.813,477.882,177.892,73.901,75.538
2018-10-28 08:00:00,528.251,577.565,131.847,103.798,515.173,193.976,79.941,73.812
2018-10-28 09:00:00,544.283,598.715,132.159,107.094,531.633,193.188,81.378,73.529
2018-10-28 10:00:00,540.177,604.014,125.838,108.031,521.791,180.889,77.12,68.679
2018-10-28 11:00:00,532.607,590.641,124.234,108.422,508.589,176.601,75.539,73.075
2018-10-28 12:00:00,506.898,575.407,117.851,100.132,488.24,177.678,77.164,75.612
2018-10-28 13:00:00,493.617,566.376,113.88,95.218,473.15,169.182,77.737,67.169
2018-10-28 14:00:00,491.434,553.261,116.891,96.039,473.328,171.051,73.712,71.295
2018-10-28 15:00:00,500.839,555.61,116.134,101.797,484.762,167.344,80.163,67.268
2018-10-28 16:00:00,522.491,573.558,119.807,100.541,498.161,183.219,83.118,68.838
2018-10-28 17:00:00,559.784,637.452,128.317,111.331,546.476,205.022,88.829,82.739
2018-10-28 18:00:00,581.692,659.115,133.062,120.068,562.394,211.006,94.035,84.883
2018-10-28 19:00:00,589.583,661.848,127.708,115.035,569.987,212.359,96.846,86.337
2018-10-28 20:00:00,545.601,622.856,121.265,108.082,564.029,197.385,85.081,81.445
2018-10-28 21:00:00,465.891,563.167,102.023,100.312,486.497,170.281,72.6,73.303
2018-10-28 22:00:00,396.341,480.154,91.461,82.899,408.145,151.226,60.055,65.123
2018-10-28 23:00:00,358.563,435.954,82.478,70.154,369.926,134.667,53.871,55.601
2018-10-29 00:00:00,348.771,427.267,78.146,70.538,358.867,123.559,50.985,50.456
2018-10-29 01:00:00,338.576,427.832,75.751,67.134,355.902,118.231,47.6,48.767
2018-10-29 02:00:00,343.594,431.77,77.897,66.032,350.757,118.175,49.485,47.981
2018-10-29 03:00:00,357.549,441.955,81.59,67.141,361.508,125.819,51.109,49.182
2018-10-29 04:00:00,395.197,477.48,87.824,74.152,396.497,134.6,57.977,55.653
2018-10-29 05:00:00,490.514,566.613,105.514,94.3,455.089,162.013,73.772,66.099
2018-10-29 06:00:00,559.35,647.038,119.326,108.451,520.754,185.89,85.373,78.806
2018-10-29 07:00:00,588.558,689.147,122.65,106.355,553.888,191.471,86.032,82.68
2018-10-29 08:00:00,607.818,714.517,127.773,111.729,585.551,187.639,85.076,80.896
2018-10-29 09:00:00,625.829,717.404,134.726,106.436,573.799,186.615,86.42,81.917
2018-10-29 10:00:00,614.521,720.654,133.293,109.511,567.416,185.193,87.25,78.861
2018-10-29 11:00:00,592.282,714.937,131.801,105.345,568.404,183.626,82.934,78.281
2018-10-29 12:00:00,562.516,686.246,122.925,98.347,544.084,173.615,80.903,71.924
2018-10-29 13:00:00,538.287,661.398,121.997,96.095,514.729,170.763,74.358,72.434
2018-10-29 14:00:00,519.561,639.417,117.212,97.599,502.471,169.633,76.492,71.196
2018-10-29 15:00:00,527.247,634.818,120.229,94.541,500.843,173.355,77.636,67.645
2018-10-29 16:00:00,559.884,658.959,126.665,99.6,520.37,191.214,85.433,72.807
2018-10-29 17:00:00,601.24,704.091,137.081,108.981,572.488,206.091,89.955,81.989
2018-10-29 18:00:00,610.335,692.564,142.956,117.629,599.971,212.264,92.228,86.25
2018-10-29 19:00:00,618.876,690.57,141.947,123.092,598.349,217.202,88.675,83.489
2018-10-29 20:00:00,565.636,642.785,130.194,114.213,589.927,213.865,80.944,79.033
2018-10-29 21:00:00,490.795,566.123,116.252,101.014,527.063,187.672,73.506,80.091
2018-10-29 22:00:00,424.738,485.878,95.648,86.161,458.242,155.088,62.666,66.234
2018-10-29 23:00:00,380.782,448.747,87.475,75.826,405.018,136.321,56.303,57.828
2018-10-30 00:00:00,361.865,432.141,84.011,71.942,384.939,133.63,54.498,54.389
2018-10-30 01:00:00,367.103,429.901,83.421,78.931,402.32,136.12,55.341,54.718
2018-10-30 02:00:00,381.605,442.257,88.18,80.397,409.589,137.777,55.711,53.891
2018-10-30 03:00:00,399.669,475.305,91.433,82.185,413.956,141.412,55.88,53.139
2018-10-30 04:00:00,442.151,519.799,97.332,86.722,444.563,148.518,60.497,56.902
2018-10-30 05:00:00,556.229,591.957,114.742,108.939,535.723,174.051,75.497,71.314
2018-10-30 06:00:00,631.495,659.711,128.581,121.879,600.964,199.696,90.351,83.078
2018-10-30 07:00:00,647.738,688.331,137.842,125.324,633.291,209.086,86.635,82.745
2018-10-30 08:00:00,629.804,711.21,133.794,124.138,616.99,205.719,86.53,82.374
2018-10-30 09:00:00,622.451,745.014,131.281,114.405,581.81,209.82,88.964,84.915
2018-10-30 10:00:00,604.549,763.212,125.593,109.405,591.993,195.62,85.953,85.792
2018-10-30 11:00:00,593.894,757.848,126.43,109.007,578.666,199.173,87.894,86.255
2018-10-30 12:00:00,558.791,728.212,124.352,107.644,544.18,191.642,87.552,75.147
2018-10-30 13:00:00,531.283,675.679,114.856,96.734,507.552,187.74,81.464,69.528
2018-10-30 14:00:00,523.325,651.052,110.626,94.181,500.176,181.454,75.158,69.047
2018-10-30 15:00:00,531.139,643.044,118.544,94.092,514.307,185.112,79.666,68.749
2018-10-30 16:00:00,537.246,678.483,120.79,103.642,530.016,205.051,87.371,74.601
2018-10-30 17:00:00,586.671,715.148,132.696,115.274,575.447,232.917,96.036,83.206
2018-10-30 18:00:00,619.401,716.408,137.702,122.223,607.659,235.735,98.426,90.044
2018-10-30 19:00:00,629.783,724.358,138.956,125.693,624.551,227.389,97.325,95.586
2018-10-30 20:00:00,612.292,686.852,132.94,124.293,608.493,213.91,89.959,87.82
2018-10-30 21:00:00,546.928,617.362,117.833,107.811,559.808,206.635,81.685,83.375
2018-10-30 22:00:00,483.297,540.069,105.53,100.4,506.675,190.218,76.865,77.423
2018-10-30 23:00:00,448.754,506.378,101.307,97.091,485.288,167.164,68.749,71.645
2018-10-31 00:00:00,431.568,493.337,101.166,97.936,476.656,165.001,65.611,65.721
2018-10-31 01:00:00,436.009,501.682,100.555,96.891,478.802,169.936,66.749,66.037
2018-10-31 02:00:00,443.604,519.397,108.785,95.904,480.829,174.543,67.819,66.345
2018-10-31 03:00:00,469.379,557.196,112.019,102.591,499.776,187.493,72.455,69.93
2018-10-31 04:00:00,512.923,605.361,117.557,109.731,543.245,200.984,78.276,74.161
2018-10-31 05:00:00,621.578,696.133,135.174,132.504,617.465,227.339,92.424,85.474
2018-10-31 06:00:00,699.499,762.102,153.319,140.774,685.387,260.174,102.997,95.869
2018-10-31 07:00:00,719.938,794.733,156.85,138.528,684.259,248.461,101.395,99.441
2018-10-31 08:00:00,688.684,799.084,145.841,126.588,653.682,236.89,99.423,98.652
2018-10-31 09:00:00,647.277,784.965,132.358,121.662,631.069,225.641,102.51,92.498
2018-10-31 10:00:00,596.97,753.68,130.728,108.017,595.041,201.858,89.748,84.207
2018-10-31 11:00:00,567.462,715.62,120.981,103.946,580.355,189.852,86.611,77.854
2018-10-31 12:00:00,538.98,673.249,111.308,94.898,537.034,174.494,79.316,71.76
2018-10-31 13:00:00,510.601,644.837,102.533,91.711,507.311,166.562,71.475,69.873
2018-10-31 14:00:00,503.56,627.696,100.014,93.203,487.716,165.551,70.817,64.189
2018-10-31 15:00:00,513.798,631.502,104.927,93.358,491.566,164.559,74.308,65.911
2018-10-31 16:00:00,533.227,646.522,115.014,100.213,514.55,175.87,80.491,71.279
2018-10-31 17:00:00,569.344,668.427,125.658,107.856,547.815,194.876,83.59,75.519
2018-10-31 18:00:00,574.444,664.7,132.083,106.372,545.781,201.967,90.355,75.134
2018-10-31 19:00:00,561.982,659.257,127.868,104.105,551.812,202.485,86.721,75.581
2018-10-31 20:00:00,521.775,615.149,111.288,99.13,507.318,188.427,80.501,71.467
2018-10-31 21:00:00,447.656,532.689,93.905,88.222,429.619,153.743,66.361,66.391
2018-10-31 22:00:00,376.866,437.742,79.657,71.448,355.585,122.809,54.805,54.116
2018-10-31 23:00:00,322.156,384.744,69.629,60.225,310.972,107.317,47.525,45.592
2018-11-01 00:00:00,295.297,364.613,62.912,53.211,288.571,97.168,41.75,41.091
2018-11-01 01:00:00,293.144,361.929,62.147,53.898,283.721,94.132,39.084,40.085
2018-11-01 02:00:00,298.203,360.701,63.218,54.977,287.483,93.378,40.357,39.512
2018-11-01 03:00:00,312.945,383.526,66.106,58.406,297.23,104.114,42.184,41.406
2018-11-01 04:00:00,363.6,438.855,76.203,66.595,339.403,118.506,48.642,45.413
2018-11-01 05:00:00,454.303,522.042,96.241,85.552,425.09,141.005,64.38,57.956
2018-11-01 06:00:00,525.846,587.881,108.767,90.905,481.147,166.369,72.692,67.279
2018-11-01 07:00:00,558.261,633.205,113.575,92.585,506.947,175.87,77.136,75.353
2018-11-01 08:00:00,556.025,669.111,117.452,99.45,530.773,178.094,76.148,76.335
2018-11-01 09:00:00,570.512,684.69,114.707,106.009,546.49,176.006,75.296,73.256
2018-11-01 10:00:00,566.217,692.59,119.532,109.807,546.439,177.652,76.594,73.256
2018-11-01 11:00:00,561.691,680.727,114.3,103.4,548.568,176.877,73.543,74.806
2018-11-01 12:00:00,549.061,658.423,107.493,100.727,547.127,171.484,75.746,71.806
2018-11-01 13:00:00,551.41,643.247,104.519,100.731,538.473,170.733,74.353,66.89
2018-11-01 14:00:00,557.476,648.218,106.875,106.244,529.441,186.16,80.421,70.393
2018-11-01 15:00:00,575.782,649.605,118.658,107.147,548.492,183.505,81.381,72.814
2018-11-01 16:00:00,588.924,680.575,129.981,113.889,572.642,190.017,83.78,76.324
2018-11-01 17:00:00,614.92,710.414,134.5,116.98,601.981,197.31,89.886,79.336
2018-11-01 18:00:00,594.659,681.151,127.094,114.17,587.218,195.683,91.657,76.613
2018-11-01 19:00:00,550.242,641.612,117.648,108.23,525.607,184.825,76.783,68.335
2018-11-01 20:00:00,507.877,578.331,105.026,90.49,473.822,167.534,71.806,68.723
2018-11-01 21:00:00,427.441,509.379,89.425,76.985,412.387,144.756,59.171,57.866
2018-11-01 22:00:00,354.178,425.418,74.565,65.078,343.441,112.1,47.96,49.321
2018-11-01 23:00:00,307.699,385.452,65.441,56.558,296.352,95.807,43.211,44.958
2018-11-02 00:00:00,284.634,367.62,58.415,53.271,273.67,89.566,37.786,37.831
2018-11-02 01:00:00,278.214,359.258,56.193,51.321,267.274,86.351,36.612,37.034
2018-11-02 02:00:00,278.623,364.928,57.183,50.755,265.74,86.244,35.474,36.546
2018-11-02 03:00:00,293.891,390.235,60.705,54.107,278.375,93.429,37.591,38.332
2018-11-02 04:00:00,339.567,430.667,73.181,62.288,317.201,110.921,44.707,43.278
2018-11-02 05:00:00,428.455,513.81,87.672,76.062,394.392,129.182,58.722,55.885
2018-11-02 06:00:00,499.047,586.766,94.702,87.677,443.92,146.696,63.901,63.761
2018-11-02 07:00:00,525.817,633.61,108.363,92.857,475.95,155.695,67.835,66.083
2018-11-02 08:00:00,554.437,678.678,110.885,96.575,509.564,162.395,70.216,70.598
2018-11-02 09:00:00,567.237,699.728,115.44,104.996,531.685,176.907,74.516,83.581
2018-11-02 10:00:00,576.901,696.82,120.038,103.101,539.389,173.207,75.403,86.521
2018-11-02 11:00:00,569.62,694.592,114.698,102.713,546.9,163.705,73.665,76.195
2018-11-02 12:00:00,548.578,669.167,109.3,103.418,522.927,162.813,69.864,72.741
2018-11-02 13:00:00,529.419,653.398,106.691,98.692,498.386,163.584,71.646,71.743
2018-11-02 14:00:00,534.4,644.067,108.423,95.295,491.823,166.174,73.33,68.079
2018-11-02 15:00:00,553.281,670.408,112.244,99.624,515.359,172.468,73.048,69.861
2018-11-02 16:00:00,579.004,701.475,120.977,113.118,552.658,184.539,86.102,78.981
2018-11-02 17:00:00,608.54,725.923,127.312,112.07,585.847,207.796,91.299,78.833
2018-11-02 18:00:00,598.469,693.174,128.33,107.454,568.845,201.027,88.781,77.157
2018-11-02 19:00:00,560.901,639.965,121.142,103.2,529.502,182.984,84.168,70.522
2018-11-02 20:00:00,515.47,587.778,105.978,95.658,473.711,162.88,74.848,67.546
2018-11-02 21:00:00,437.704,502.389,90.454,82.195,409.909,139.673,63.798,61.654
2018-11-02 22:00:00,358.851,421.809,73.455,66.385,338.114,113.362,50.865,49.634
2018-11-02 23:00:00,307.867,369.494,64.092,54.553,287.062,95.4,41.888,41.856
2018-11-03 00:00:00,286.016,352.026,59.591,50.582,271.277,89.218,36.476,39.111
2018-11-03 01:00:00,281.395,345.572,59.592,48.522,265.149,86.395,33.852,38.202
2018-11-03 02:00:00,284.822,355.762,60.763,49.742,268.476,84.525,34.775,37.369
2018-11-03 03:00:00,288.771,366.874,62.518,51.597,277.131,87.942,36.395,39.061
2018-11-03 04:00:00,304.783,380.253,68.48,53.617,287.431,96.891,39.663,40.994
2018-11-03 05:00:00,361.519,430.897,78.664,64.103,335.073,120.604,47.427,44.781
2018-11-03 06:00:00,418.252,479.163,86.496,73.963,377.136,137.145,64.667,51.693
2018-11-03 07:00:00,461.251,515.313,99.984,81.574,425.772,149.864,68.004,58.92
2018-11-03 08:00:00,521.462,562.532,114.438,94.663,472.664,160.232,69.085,65.868
2018-11-03 09:00:00,525.676,572.484,113.613,102.216,479.095,163.762,73.669,62.783
2018-11-03 10:00:00,521.973,582.412,110.081,97.611,479.415,172.771,74.606,61.86
2018-11-03 11:00:00,522.54,589.164,105.903,93.463,488.009,158.794,73.287,64.689
2018-11-03 12:00:00,509.833,583.946,102.423,92.891,460.709,156.116,72.75,65.906
2018-11-03 13:00:00,522.59,575.588,105.179,90.649,460.622,157.4,71.99,64.911
2018-11-03 14:00:00,520.474,591.019,109.541,94.933,471.586,159.916,71.826,73.038
2018-11-03 15:00:00,550.631,614.229,114.844,102.514,509.372,175.6,78.663,73.078
2018-11-03 16:00:00,592.934,664.559,129.195,110.41,553.057,193.812,91.568,75.879
2018-11-03 17:00:00,619.313,721.171,137.496,115.103,589.121,208.751,92.624,88.34
2018-11-03 18:00:00,615.899,725.509,135.391,113.27,576.489,202.731,91.091,81.885
2018-11-03 19:00:00,595.146,686.254,135.179,106.713,553.605,203.314,89.067,78.355
2018-11-03 20:00:00,540.618,637.224,120.802,102.487,512.983,188.723,76.622,73.652
2018-11-03 21:00:00,475.639,562.48,101.591,86.13,454.753,164.416,66.243,68.617
2018-11-03 22:00:00,414.446,473.877,87.548,75.822,399.75,151.401,58.163,60.836
2018-11-03 23:00:00,362.482,425.359,80.003,71.619,385.393,131.899,50.968,55.664
2018-11-04 00:00:00,335.4,411.75,76.212,72.396,382.415,121.79,47.96,49.372
2018-11-04 01:00:00,334.519,407.014,76.396,76.365,390.909,123.269,48.844,48.358
2018-11-04 02:00:00,338.693,405.904,79.832,79.758,400.759,130.684,52.871,50.972
2018-11-04 03:00:00,353.616,426.238,83.777,83.71,418.843,147.51,56.553,54.644
2018-11-04 04:00:00,388.005,467.606,89.725,89.021,450.222,163.431,62.625,62.426
2018-11-04 05:00:00,461.666,525.835,103.453,108.703,501.978,181.867,71.395,68.84
2018-11-04 06:00:00,516.169,572.523,116.031,121.063,548.866,185.583,71.578,73.941
2018-11-04 07:00:00,537.623,576.396,121.612,125.231,572.01,192.021,76.192,73.075
2018-11-04 08:00:00,518.869,582.295,122.117,116.49,554.002,191.412,77.918,68.215
2018-11-04 09:00:00,499.186,564.451,117.46,102.649,503.093,188.202,78.569,73.111
2018-11-04 10:00:00,495.535,557.736,112.642,96.037,487.694,169.229,82.377,71.753
2018-11-04 11:00:00,493.405,544.962,116.551,105.492,481.148,169.966,75.628,66.215
2018-11-04 12:00:00,476.05,529.141,106.011,91.642,456.782,163.203,71.194,63.107
2018-11-04 13:00:00,469.321,519.945,100.303,90.259,444.737,157.815,64.452,67.946
2018-11-04 14:00:00,487.429,537.811,104.96,97.17,455.775,164.069,72.521,66.088
2018-11-04 15:00:00,515.537,557.411,110.525,97.558,478.72,177.427,76.559,66.426
2018-11-04 16:00:00,544.055,602.753,121.055,105.625,518.079,188.112,81.441,74.565
2018-11-04 17:00:00,579.509,639.018,131.203,112.005,561.409,199.981,86.865,77.051
2018-11-04 18:00:00,586.02,640.911,137.65,121.113,570.105,194.964,90.303,77.272
2018-11-04 19:00:00,578.064,621.782,135.525,116.01,547.13,192.042,88.45,82.263
2018-11-04 20:00:00,529.898,581.393,120.14,102.74,519.045,184.388,79.917,76.559
2018-11-04 21:00:00,494.761,543.423,104.554,97.125,480.726,174.301,70.602,72.198
2018-11-04 22:00:00,444.473,500.451,89.265,86.117,435.557,163.217,62.93,63.451
2018-11-04 23:00:00,395.299,453.648,84.084,74.967,399.206,151.577,57.768,59.53
2018-11-05 00:00:00,391.904,452.144,84.984,75.97,403.968,150.507,59.951,59.152
2018-11-05 01:00:00,388.434,450.929,86.07,75.709,389.619,144.47,56.077,55.092
2018-11-05 02:00:00,385.437,449.653,85.333,74.062,379.478,138.346,53.945,53.794
2018-11-05 03:00:00,394.554,456.214,88.093,73.088,378.782,138.312,55.871,53.908
2018-11-05 04:00:00,412.231,481.308,93.521,75.632,394.02,150.529,58.874,56.914
2018-11-05 05:00:00,463.587,534.817,102.745,85.756,434.049,165.949,66.85,62.673
2018-11-05 06:00:00,549.86,606.362,127.148,104.269,511.365,186.851,80.287,78.85
2018-11-05 07:00:00,601.902,666.62,132.591,116.025,561.911,206.076,87.086,85.021
2018-11-05 08:00:00,635.709,734.226,139.604,123.027,622.26,216.815,90.213,88.274
2018-11-05 09:00:00,659.67,762.533,145.981,127.637,648.925,216.966,91.112,88.204
2018-11-05 10:00:00,670.534,778.954,146.729,131.481,663.764,221.912,98.136,90.503
2018-11-05 11:00:00,666.929,773.446,147.186,133.707,655.507,220.274,98.043,91.317
2018-11-05 12:00:00,660.739,757.401,137.658,125.18,644.88,218.986,91.941,87.315
2018-11-05 13:00:00,617.257,739.672,135.994,115.963,604.333,205.436,88.247,81.735
2018-11-05 14:00:00,604.922,716.759,130.824,109.49,575.816,196.351,82.69,75.771
2018-11-05 15:00:00,596.066,710.344,128.589,113.77,569.186,204.129,82.991,75.912
2018-11-05 16:00:00,616.066,728.055,141.91,120.859,597.146,210.75,87.169,84.004
2018-11-05 17:00:00,662.725,779.043,153.359,127.136,650.829,237.535,97.606,92.373
2018-11-05 18:00:00,670.002,783.664,158.879,137.578,654.898,239.962,98.904,92.195
2018-11-05 19:00:00,657.538,764.787,151.58,131.099,638.462,231.505,100.407,88.555
2018-11-05 20:00:00,615.875,735.277,145.858,122.786,598.139,217.521,93.28,84.231
2018-11-05 21:00:00,566.978,669.723,126.616,108.319,557.281,202.322,84.692,82.523
2018-11-05 22:00:00,485.922,574.443,108.107,94.349,493.342,173.084,79.208,69.613
2018-11-05 23:00:00,426.182,493.079,96.361,79.912,427.353,147.021,63.031,63.453
2018-11-06 00:00:00,370.715,444.718,86.112,71.295,383.975,129.893,54.02,53.666
2018-11-06 01:00:00,344.059,425.844,82.331,67.979,361.098,118.324,48.732,48.4
2018-11-06 02:00:00,342.52,419.226,81.62,69.715,354.909,115.561,46.354,46.646
2018-11-06 03:00:00,349.609,425.679,82.08,66.863,353.131,114.37,48.004,46.61
2018-11-06 04:00:00,359.47,445.778,84.825,69.067,360.156,121.981,51.466,50.611
2018-11-06 05:00:00,407.867,489.904,91.565,80.436,401.183,139.269,57.464,55.159
2018-11-06 06:00:00,495.005,579.658,105.148,101.299,477.452,161.757,73.714,62.13
2018-11-06 07:00:00,547.911,637.808,114.773,106.071,516.225,179.25,81.352,69.836
2018-11-06 08:00:00,581.853,685.62,126.682,112.769,562.4,194.194,86.608,76.853
2018-11-06 09:00:00,602.194,708.925,130.815,121.259,584.954,200.643,88.343,83.371
2018-11-06 10:00:00,611.939,725.973,135.968,122.242,605.132,208.113,86.89,85.293
2018-11-06 11:00:00,616.642,739.068,133.131,119.037,614.681,208.854,86.761,84.677
2018-11-06 12:00:00,594.326,736.451,127.25,115.255,603.219,193.816,86.87,81.811
2018-11-06 13:00:00,570.007,719.583,125.21,108.594,579.525,182.857,84.461,76.49
2018-11-06 14:00:00,556.923,702.584,121.169,106.828,538.386,175.165,79.944,72.376
2018-11-06 15:00:00,546.286,683.0,121.882,107.989,536.562,178.017,81.132,75.14
2018-11-06 16:00:00,571.577,704.731,127.136,108.729,552.643,195.517,83.695,80.325
2018-11-06 17:00:00,613.952,748.018,134.481,113.988,594.163,218.221,91.541,83.913
2018-11-06 18:00:00,620.706,748.42,139.549,117.857,600.463,213.0,92.271,82.531
2018-11-06 19:00:00,614.212,709.526,131.731,123.525,577.535,204.887,94.868,85.582
2018-11-06 20:00:00,583.729,657.912,131.209,109.204,550.723,189.708,86.162,80.952
2018-11-06 21:00:00,523.262,600.075,113.834,101.407,504.674,176.437,73.732,72.86
2018-11-06 22:00:00,449.363,530.615,96.474,86.355,424.337,153.037,66.811,65.09
2018-11-06 23:00:00,377.102,448.595,81.403,69.771,357.306,130.923,55.055,60.048
2018-11-07 00:00:00,331.799,405.107,71.803,59.83,324.37,112.887,46.935,51.996
2018-11-07 01:00:00,313.794,391.48,67.413,57.151,313.308,103.539,43.842,45.113
2018-11-07 02:00:00,311.757,387.616,66.514,59.17,314.782,100.547,42.098,43.367
2018-11-07 03:00:00,315.656,399.172,69.917,60.764,322.629,100.617,43.074,41.862
2018-11-07 04:00:00,333.893,425.252,71.011,65.412,340.481,108.713,45.378,43.738
2018-11-07 05:00:00,389.672,477.646,80.235,75.126,375.541,122.949,53.374,51.342
2018-11-07 06:00:00,490.081,567.462,98.109,99.915,469.89,158.832,72.034,61.688
2018-11-07 07:00:00,530.25,612.659,108.331,103.599,514.618,175.138,75.101,70.804
2018-11-07 08:00:00,546.532,650.742,112.476,98.387,516.215,169.697,73.805,71.786
2018-11-07 09:00:00,565.67,669.036,110.887,97.252,526.947,177.766,71.559,71.649
2018-11-07 10:00:00,566.909,682.477,115.277,102.671,540.726,174.216,76.663,73.455
2018-11-07 11:00:00,567.802,693.291,113.145,104.086,549.948,177.05,75.919,78.717
2018-11-07 12:00:00,566.097,688.221,117.313,113.653,546.778,168.213,74.873,67.975
2018-11-07 13:00:00,549.943,676.131,111.077,109.366,526.59,162.892,71.666,69.683
2018-11-07 14:00:00,535.875,659.789,106.267,106.242,518.708,163.168,79.952,65.294
2018-11-07 15:00:00,529.242,653.674,110.692,106.167,513.604,165.334,74.332,65.67
2018-11-07 16:00:00,547.685,668.282,117.516,106.702,525.51,173.388,79.681,70.494
2018-11-07 17:00:00,601.662,701.076,125.953,105.377,559.888,187.879,88.543,75.894
2018-11-07 18:00:00,599.837,706.392,128.809,111.375,580.1,203.585,90.813,83.887
2018-11-07 19:00:00,579.758,673.904,127.95,112.678,561.071,192.722,88.057,79.143
2018-11-07 20:00:00,555.408,633.3,120.483,103.736,529.017,182.444,81.348,73.397
2018-11-07 21:00:00,506.712,573.097,111.232,90.956,475.023,163.283,73.325,67.533
2018-11-07 22:00:00,441.198,509.875,98.153,85.115,412.855,145.312,67.894,66.805
2018-11-07 23:00:00,366.833,450.447,84.901,69.498,339.973,124.167,60.449,57.742
2018-11-08 00:00:00,327.967,405.471,70.017,60.806,309.705,115.113,46.964,50.021
2018-11-08 01:00:00,307.343,398.03,66.493,56.343,303.68,106.441,42.66,44.482
2018-11-08 02:00:00,308.472,390.525,67.684,58.989,311.84,106.11,41.578,45.484
2018-11-08 03:00:00,326.839,399.0,70.688,63.241,331.907,112.354,46.032,46.287
2018-11-08 04:00:00,361.339,439.206,76.688,71.298,364.039,130.251,52.37,51.232
2018-11-08 05:00:00,431.149,504.65,89.895,84.312,412.859,149.734,63.666,59.093
2018-11-08 06:00:00,531.093,603.877,111.365,110.737,512.012,183.041,83.323,73.885
2018-11-08 07:00:00,599.531,648.059,123.279,121.074,559.995,206.837,88.741,81.259
2018-11-08 08:00:00,597.477,672.232,129.543,117.709,566.644,206.7,85.925,80.058
2018-11-08 09:00:00,582.958,681.497,125.351,111.232,565.259,194.675,80.688,86.023
2018-11-08 10:00:00,598.442,690.898,129.298,104.332,558.932,200.589,84.053,85.807
2018-11-08 11:00:00,573.207,695.601,129.411,106.976,564.077,182.033,81.845,83.74
2018-11-08 12:00:00,570.322,682.517,121.716,103.836,545.223,171.874,74.58,75.033
2018-11-08 13:00:00,536.998,658.4,118.826,98.202,521.029,169.178,73.102,74.412
2018-11-08 14:00:00,519.394,642.61,109.458,94.472,497.804,163.921,73.523,71.208
2018-11-08 15:00:00,527.117,645.859,112.565,97.423,495.281,168.903,78.015,67.457
2018-11-08 16:00:00,552.013,667.33,123.894,99.421,530.4,179.81,83.537,72.48
2018-11-08 17:00:00,597.27,728.162,138.65,112.377,579.939,208.965,86.493,80.526
2018-11-08 18:00:00,643.074,746.344,144.565,119.675,620.948,219.302,93.992,90.124
2018-11-08 19:00:00,646.107,739.981,145.495,123.003,632.419,223.437,95.506,85.504
2018-11-08 20:00:00,606.132,701.333,138.672,118.004,596.392,224.616,93.936,86.691
2018-11-08 21:00:00,562.312,652.649,128.232,109.578,550.885,217.149,86.217,86.403
2018-11-08 22:00:00,508.619,583.677,120.198,97.479,502.226,190.941,79.923,75.827
2018-11-08 23:00:00,464.067,525.999,103.488,90.801,463.953,165.613,70.172,66.584
2018-11-09 00:00:00,444.432,482.494,93.417,88.866,449.734,166.925,67.72,66.358
2018-11-09 01:00:00,424.39,465.768,92.56,85.092,440.224,151.087,59.691,59.072
2018-11-09 02:00:00,433.593,476.94,94.079,90.896,450.927,152.842,59.75,58.996
2018-11-09 03:00:00,444.121,508.455,100.307,93.108,464.618,160.172,63.212,60.82
2018-11-09 04:00:00,461.749,534.805,105.24,98.303,489.837,175.333,68.063,64.601
2018-11-09 05:00:00,523.633,603.974,115.899,105.495,537.102,196.13,77.736,73.769
2018-11-09 06:00:00,616.419,691.439,132.536,127.318,606.022,227.045,96.843,88.898
2018-11-09 07:00:00,644.487,727.331,142.219,132.531,628.915,232.175,98.992,92.818
2018-11-09 08:00:00,688.152,749.079,144.867,123.656,623.251,227.896,94.884,88.711
2018-11-09 09:00:00,680.324,752.194,143.776,126.601,627.714,210.618,89.385,87.653
2018-11-09 10:00:00,683.338,753.179,144.15,124.34,618.972,207.241,91.243,88.724
2018-11-09 11:00:00,668.28,760.332,141.594,118.893,630.404,203.089,93.385,89.277
2018-11-09 12:00:00,642.761,752.268,140.159,117.725,632.623,203.065,90.374,83.587
2018-11-09 13:00:00,627.114,729.743,142.152,115.465,607.226,187.875,86.679,80.891
2018-11-09 14:00:00,614.132,714.401,135.256,113.194,573.758,187.306,85.358,72.434
2018-11-09 15:00:00,614.18,725.313,131.159,114.698,572.475,191.237,84.305,76.985
2018-11-09 16:00:00,639.741,742.525,141.528,117.326,612.965,202.31,89.896,85.603
2018-11-09 17:00:00,687.811,797.511,157.797,129.312,669.0,232.913,98.316,90.312
2018-11-09 18:00:00,708.434,804.859,163.863,130.843,684.814,234.386,98.741,93.392
2018-11-09 19:00:00,684.787,792.85,162.098,130.742,656.637,242.792,110.007,92.182
2018-11-09 20:00:00,642.712,737.626,149.955,127.334,611.578,235.864,96.838,89.333
2018-11-09 21:00:00,595.127,661.741,136.315,114.006,574.406,209.32,82.766,81.656
2018-11-09 22:00:00,520.029,586.169,122.925,97.151,507.42,184.242,76.847,73.341
2018-11-09 23:00:00,441.089,523.648,104.307,84.509,435.451,153.427,65.991,63.704
2018-11-10 00:00:00,385.57,482.192,93.032,75.185,400.244,137.724,57.427,58.417
2018-11-10 01:00:00,360.056,450.78,84.171,69.675,377.913,124.662,50.958,52.479
2018-11-10 02:00:00,353.205,448.692,83.575,69.357,372.919,121.025,48.586,50.595
2018-11-10 03:00:00,365.187,449.094,87.255,70.618,376.813,119.321,49.233,50.065
2018-11-10 04:00:00,373.368,449.141,87.937,71.243,380.935,125.67,48.773,50.761
2018-11-10 05:00:00,391.461,460.535,92.033,74.145,388.949,134.253,51.366,54.679
2018-11-10 06:00:00,450.824,499.835,98.985,84.312,425.805,149.996,62.185,66.088
2018-11-10 07:00:00,491.733,528.348,107.271,90.509,463.645,166.604,72.199,74.469
2018-11-10 08:00:00,552.884,588.972,116.044,108.283,512.069,177.059,77.043,72.819
2018-11-10 09:00:00,575.94,651.375,123.975,110.555,541.204,187.056,80.572,73.792
2018-11-10 10:00:00,582.547,651.762,127.9,111.356,556.246,192.861,80.095,78.61
2018-11-10 11:00:00,568.448,670.231,123.212,112.395,547.968,196.686,83.271,76.897
2018-11-10 12:00:00,585.39,720.608,126.833,108.496,543.521,204.751,87.665,79.635
2018-11-10 13:00:00,582.154,702.698,121.536,109.123,556.058,206.149,85.563,83.63
2018-11-10 14:00:00,558.993,684.022,126.236,105.115,531.843,200.568,83.6,81.473
2018-11-10 15:00:00,576.922,685.281,131.414,109.281,551.648,198.511,88.434,76.99
2018-11-10 16:00:00,627.064,722.776,139.551,129.392,623.585,224.923,98.64,84.974
2018-11-10 17:00:00,695.27,793.429,160.224,138.897,687.905,253.539,107.076,96.885
2018-11-10 18:00:00,715.075,810.166,160.752,139.021,708.419,259.493,107.933,100.212
2018-11-10 19:00:00,732.442,809.927,158.698,141.811,700.223,251.314,102.175,99.809
2018-11-10 20:00:00,713.146,788.454,159.498,139.367,692.982,250.558,102.295,96.522
2018-11-10 21:00:00,646.132,730.846,152.03,127.468,659.083,238.677,95.99,92.251
2018-11-10 22:00:00,575.198,652.302,137.109,115.016,586.386,212.682,84.977,88.537
2018-11-10 23:00:00,514.404,572.182,120.892,102.623,527.868,191.259,73.232,83.291
2018-11-11 00:00:00,457.751,520.299,110.165,96.09,486.073,177.362,68.555,73.615
2018-11-11 01:00:00,440.685,493.356,105.131,92.919,472.596,168.393,64.545,66.328
2018-11-11 02:00:00,438.759,490.709,107.153,97.432,485.877,167.399,64.07,64.076
2018-11-11 03:00:00,443.901,492.734,112.566,103.346,506.28,173.301,66.503,65.196
2018-11-11 04:00:00,452.943,497.367,116.885,107.384,522.112,183.642,68.913,67.902
2018-11-11 05:00:00,482.855,530.593,119.832,113.612,560.322,196.067,74.913,71.842
2018-11-11 06:00:00,552.801,562.604,133.273,132.561,619.529,225.696,88.803,80.895
2018-11-11 07:00:00,572.977,583.959,141.25,131.722,619.239,231.019,89.251,88.452
2018-11-11 08:00:00,573.567,614.92,136.181,123.676,589.375,230.984,95.983,88.617
2018-11-11 09:00:00,574.695,639.306,139.188,115.916,571.893,224.159,91.792,84.532
2018-11-11 10:00:00,568.772,648.875,134.84,117.171,550.773,223.328,95.142,83.126
2018-11-11 11:00:00,552.868,602.666,131.191,112.448,546.49,207.721,95.518,80.685
2018-11-11 12:00:00,537.293,588.534,126.926,108.934,536.571,200.701,87.297,79.826
2018-11-11 13:00:00,510.98,590.866,115.274,101.532,496.099,183.409,78.012,78.12
2018-11-11 14:00:00,491.326,586.259,113.42,101.5,484.12,184.973,82.355,78.507
2018-11-11 15:00:00,521.399,592.197,112.932,97.175,488.639,186.424,83.552,78.404
2018-11-11 16:00:00,561.478,622.583,123.137,104.677,521.154,198.197,88.199,87.602
2018-11-11 17:00:00,617.744,710.43,141.11,123.643,609.052,228.427,97.698,95.891
2018-11-11 18:00:00,661.902,748.525,151.564,130.379,644.811,238.71,100.944,95.482
2018-11-11 19:00:00,680.711,739.151,158.318,132.753,655.329,240.304,107.973,93.657
2018-11-11 20:00:00,681.642,706.615,157.881,134.418,647.172,230.164,105.851,92.588
2018-11-11 21:00:00,631.089,663.931,144.724,126.144,623.583,226.429,96.566,96.803
2018-11-11 22:00:00,589.467,617.068,133.994,119.306,583.119,218.734,88.074,88.449
2018-11-11 23:00:00,541.725,580.992,121.162,108.161,535.023,205.963,79.188,81.849
2018-11-12 00:00:00,516.363,559.104,115.302,103.064,532.128,198.281,78.809,77.98
2018-11-12 01:00:00,499.77,536.428,114.712,103.043,521.301,191.117,75.108,72.617
2018-11-12 02:00:00,508.446,544.246,117.287,109.461,538.435,190.057,73.218,72.806
2018-11-12 03:00:00,519.368,561.45,123.551,111.772,552.977,194.246,74.779,74.287
2018-11-12 04:00:00,552.742,588.525,130.212,115.917,568.573,206.933,80.366,77.749
2018-11-12 05:00:00,598.748,644.527,137.922,123.575,613.559,224.172,89.4,86.041
2018-11-12 06:00:00,708.626,735.375,157.415,151.42,700.69,256.62,103.182,98.682
2018-11-12 07:00:00,751.945,770.252,167.052,154.145,716.671,272.873,111.315,106.14
2018-11-12 08:00:00,729.141,780.72,157.589,144.731,701.007,256.019,109.274,104.184
2018-11-12 09:00:00,687.213,759.535,140.067,136.156,666.42,236.024,100.089,97.7
2018-11-12 10:00:00,650.853,745.161,134.55,131.963,622.382,219.289,100.498,92.96
2018-11-12 11:00:00,625.626,727.228,131.454,117.422,601.443,204.756,93.554,90.054
2018-11-12 12:00:00,598.769,696.235,125.768,110.348,584.302,190.768,88.918,81.492
2018-11-12 13:00:00,565.249,683.288,122.624,109.093,557.271,185.809,83.827,79.974
2018-11-12 14:00:00,549.214,665.454,120.644,104.228,529.473,178.702,78.821,71.469
2018-11-12 15:00:00,559.903,661.969,118.088,103.899,535.613,183.666,81.781,71.27
2018-11-12 16:00:00,590.088,704.075,129.504,110.935,576.533,202.789,91.981,78.884
2018-11-12 17:00:00,652.229,761.778,144.157,123.304,645.141,229.137,104.361,87.562
2018-11-12 18:00:00,695.601,780.527,154.197,137.004,681.75,252.637,108.754,95.094
2018-11-12 19:00:00,682.98,765.058,157.662,135.395,673.373,255.559,104.779,92.711
2018-11-12 20:00:00,650.379,723.67,147.546,127.203,644.897,248.611,99.07,94.593
2018-11-12 21:00:00,598.558,652.544,125.797,114.282,585.134,221.26,89.088,90.406
2018-11-12 22:00:00,528.823,582.384,109.646,102.326,514.855,195.453,82.917,81.061
2018-11-12 23:00:00,459.574,506.85,97.391,88.112,448.716,177.782,75.298,70.01
2018-11-13 00:00:00,422.102,460.104,90.898,78.408,422.561,162.759,64.41,65.53
2018-11-13 01:00:00,402.611,450.967,90.43,76.316,403.693,151.446,58.916,60.731
2018-11-13 02:00:00,394.341,457.436,89.862,77.223,400.787,145.693,58.894,58.195
2018-11-13 03:00:00,396.819,465.016,90.261,78.296,403.47,145.603,58.629,58.005
2018-11-13 04:00:00,412.402,493.516,92.945,79.441,410.776,151.538,59.805,57.703
2018-11-13 05:00:00,457.587,544.232,97.594,87.228,444.614,160.423,66.01,61.228
2018-11-13 06:00:00,548.879,631.447,114.157,108.511,523.445,183.639,79.19,73.931
2018-11-13 07:00:00,594.698,682.005,130.805,118.506,575.895,201.684,85.563,79.131
2018-11-13 08:00:00,622.095,746.378,133.691,122.258,613.751,204.045,85.456,83.014
2018-11-13 09:00:00,636.015,782.501,137.333,130.197,637.758,205.183,88.26,83.499
2018-11-13 10:00:00,655.345,808.829,143.81,135.084,654.775,209.077,94.863,85.517
2018-11-13 11:00:00,655.981,817.552,137.844,133.743,661.089,213.809,98.866,88.925
2018-11-13 12:00:00,633.63,806.296,132.711,126.108,650.225,197.428,89.872,79.417
2018-11-13 13:00:00,620.051,759.375,137.764,116.717,617.033,194.719,86.651,81.222
2018-11-13 14:00:00,606.737,722.909,132.609,118.324,605.282,206.726,87.32,78.655
2018-11-13 15:00:00,622.382,713.481,139.984,125.522,619.924,219.481,88.6,81.188
2018-11-13 16:00:00,656.086,751.515,154.335,129.217,662.606,223.289,94.73,85.076
2018-11-13 17:00:00,711.249,807.787,168.144,135.345,691.175,247.713,100.999,92.117
2018-11-13 18:00:00,715.736,817.946,165.119,138.996,712.983,255.435,103.947,93.085
2018-11-13 19:00:00,696.024,782.849,166.48,140.934,708.525,247.54,101.064,93.87
2018-11-13 20:00:00,656.477,756.774,154.721,136.028,656.937,237.618,100.5,96.337
2018-11-13 21:00:00,607.966,726.388,138.695,123.074,603.331,214.33,90.039,88.903
2018-11-13 22:00:00,548.198,656.306,122.77,103.299,536.495,189.578,79.412,79.393
2018-11-13 23:00:00,486.592,584.622,109.646,91.678,477.32,178.442,74.086,72.928
2018-11-14 00:00:00,449.115,553.887,103.082,88.373,458.439,171.158,70.424,68.711
2018-11-14 01:00:00,426.896,525.393,103.401,83.963,446.632,160.392,64.577,65.17
2018-11-14 02:00:00,433.44,515.276,102.915,86.67,443.17,167.798,66.567,67.21
2018-11-14 03:00:00,447.94,521.989,107.386,91.29,449.057,170.652,68.427,66.781
2018-11-14 04:00:00,464.019,541.185,112.492,93.57,471.277,181.463,70.966,69.677
2018-11-14 05:00:00,515.703,603.938,119.748,108.151,534.076,198.052,77.501,76.203
2018-11-14 06:00:00,617.919,706.88,140.163,137.217,616.855,219.859,90.94,89.106
2018-11-14 07:00:00,695.352,776.432,153.244,139.108,649.35,245.884,96.26,93.742
2018-11-14 08:00:00,736.834,850.898,160.069,140.205,679.409,253.891,100.377,98.945
2018-11-14 09:00:00,749.863,873.653,166.357,157.284,730.807,267.443,106.45,104.196
2018-11-14 10:00:00,751.275,880.582,174.456,163.434,770.392,282.105,116.671,109.103
2018-11-14 11:00:00,757.186,919.611,173.26,147.631,755.992,271.306,113.305,109.668
2018-11-14 12:00:00,728.652,916.06,166.776,147.041,769.423,272.453,112.92,105.125
2018-11-14 13:00:00,721.39,867.704,167.571,142.755,745.557,267.166,109.327,100.728
2018-11-14 14:00:00,707.801,863.754,162.018,144.256,734.488,253.825,101.203,95.35
2018-11-14 15:00:00,715.35,872.773,166.484,150.808,743.527,261.501,102.417,103.223
2018-11-14 16:00:00,743.764,881.081,181.858,163.112,783.516,289.504,115.147,109.348
2018-11-14 17:00:00,789.813,915.947,198.224,163.221,820.657,306.817,122.108,109.842
2018-11-14 18:00:00,817.113,903.717,197.65,164.481,809.509,309.4,124.056,113.215
2018-11-14 19:00:00,802.895,878.432,200.954,169.446,796.903,295.696,119.428,108.5
2018-11-14 20:00:00,777.912,841.345,194.606,161.323,765.008,287.739,118.481,113.943
2018-11-14 21:00:00,721.758,785.381,178.402,146.481,731.842,270.999,109.108,110.113
2018-11-14 22:00:00,653.61,726.415,162.988,130.854,680.371,243.479,102.693,100.898
2018-11-14 23:00:00,589.516,649.62,146.525,119.047,606.855,229.701,90.869,89.126
2018-11-15 00:00:00,535.549,606.849,134.923,109.795,561.509,211.955,84.214,81.995
2018-11-15 01:00:00,510.932,593.034,130.229,106.524,542.761,200.537,77.687,78.187
2018-11-15 02:00:00,512.055,589.647,130.865,113.006,554.874,204.324,78.827,78.852
2018-11-15 03:00:00,523.374,599.905,137.214,115.155,558.721,206.233,81.291,79.012
2018-11-15 04:00:00,541.026,625.478,143.175,117.77,572.138,217.269,84.096,80.368
2018-11-15 05:00:00,596.592,687.497,150.695,123.784,609.773,236.682,94.472,90.581
2018-11-15 06:00:00,707.344,773.685,174.426,144.999,669.763,267.496,109.656,106.121
2018-11-15 07:00:00,761.975,838.539,190.443,156.856,733.083,295.061,118.969,109.292
2018-11-15 08:00:00,799.23,868.637,191.572,166.852,794.827,305.205,120.468,115.872
2018-11-15 09:00:00,805.464,887.275,191.244,171.211,807.567,297.413,124.436,119.785
2018-11-15 10:00:00,813.275,894.203,195.603,169.339,805.251,299.29,126.439,117.077
2018-11-15 11:00:00,792.884,881.737,191.759,162.171,797.078,287.651,120.842,113.463
2018-11-15 12:00:00,792.584,864.325,185.54,165.965,790.551,276.594,116.92,106.842
2018-11-15 13:00:00,785.369,849.136,180.493,160.177,777.596,277.785,115.836,106.083
2018-11-15 14:00:00,771.283,837.623,179.602,149.821,762.537,279.62,108.777,101.194
2018-11-15 15:00:00,765.93,838.99,186.212,157.013,769.549,282.599,108.474,101.788
2018-11-15 16:00:00,822.169,866.953,200.948,162.436,817.149,299.209,115.328,110.104
2018-11-15 17:00:00,879.601,903.115,220.201,172.344,856.541,321.34,126.595,115.788
2018-11-15 18:00:00,892.658,923.385,221.827,178.356,882.353,320.68,128.878,120.134
2018-11-15 19:00:00,866.461,932.773,218.505,175.458,854.013,318.201,128.109,121.281
2018-11-15 20:00:00,830.833,897.315,211.059,169.411,819.672,298.837,125.867,119.219
2018-11-15 21:00:00,755.073,839.571,196.191,156.75,767.946,276.558,111.831,112.767
2018-11-15 22:00:00,676.145,769.733,182.192,142.157,692.005,254.98,106.807,100.98
2018-11-15 23:00:00,615.773,704.695,160.667,123.454,615.305,235.431,93.892,89.646
2018-11-16 00:00:00,581.098,655.14,150.602,111.494,564.034,215.483,85.123,82.016
2018-11-16 01:00:00,532.63,620.145,142.407,105.766,531.34,202.005,79.128,76.163
2018-11-16 02:00:00,502.311,596.005,137.279,102.974,520.831,197.676,76.387,75.238
2018-11-16 03:00:00,500.664,582.248,136.592,99.684,498.857,185.744,73.682,69.8
2018-11-16 04:00:00,517.092,597.29,136.027,101.821,508.931,184.897,74.252,68.588
2018-11-16 05:00:00,561.387,642.43,143.643,112.969,555.021,197.678,80.326,73.852
2018-11-16 06:00:00,662.626,735.333,162.939,136.788,636.089,220.51,96.56,87.122
2018-11-16 07:00:00,710.499,785.367,173.947,138.837,685.649,238.181,101.367,97.897
2018-11-16 08:00:00,774.448,832.045,177.852,143.804,722.186,240.31,107.465,100.668
2018-11-16 09:00:00,783.79,876.144,181.438,151.568,746.696,244.263,105.91,99.34
2018-11-16 10:00:00,741.48,875.03,179.576,153.186,748.868,262.638,109.726,104.603
2018-11-16 11:00:00,702.815,855.399,162.285,142.294,724.248,271.134,111.514,107.13
2018-11-16 12:00:00,675.588,808.647,147.038,133.866,691.374,257.429,104.342,102.094
2018-11-16 13:00:00,642.223,755.73,145.649,123.119,634.651,237.803,100.793,95.936
2018-11-16 14:00:00,599.51,730.039,141.984,114.052,594.696,233.807,93.409,91.652
2018-11-16 15:00:00,605.184,736.13,137.36,115.998,591.358,228.823,96.949,83.129
2018-11-16 16:00:00,667.936,746.563,147.335,128.308,627.518,238.711,107.17,89.06
2018-11-16 17:00:00,704.832,814.692,160.846,129.969,683.313,259.282,111.258,100.342
2018-11-16 18:00:00,721.064,830.314,170.64,136.975,702.321,270.027,110.269,98.374
2018-11-16 19:00:00,704.706,806.503,167.627,141.125,686.431,267.655,108.72,100.782
2018-11-16 20:00:00,669.939,760.229,163.056,129.641,656.147,255.171,110.623,100.762
2018-11-16 21:00:00,628.101,701.174,145.695,121.538,616.911,233.145,100.469,92.17
2018-11-16 22:00:00,559.131,639.472,129.468,108.488,559.887,208.55,89.727,84.232
2018-11-16 23:00:00,500.705,560.203,118.448,94.644,493.313,180.762,75.74,76.309
2018-11-17 00:00:00,452.286,511.988,107.344,86.478,448.122,165.791,66.088,68.886
2018-11-17 01:00:00,415.958,491.748,102.307,82.23,429.981,156.487,61.379,64.71
2018-11-17 02:00:00,410.464,489.436,102.539,83.856,437.226,152.14,58.895,62.569
2018-11-17 03:00:00,419.048,496.114,104.024,86.105,449.969,150.146,60.226,61.978
2018-11-17 04:00:00,423.648,504.646,104.305,97.049,495.075,162.697,61.738,69.555
2018-11-17 05:00:00,440.93,519.818,107.524,103.616,529.032,175.684,67.265,70.929
2018-11-17 06:00:00,501.598,583.206,123.614,117.572,576.384,202.879,80.189,77.368
2018-11-17 07:00:00,530.927,607.471,128.387,122.632,576.826,213.82,85.171,83.03
2018-11-17 08:00:00,571.546,648.549,135.05,124.217,579.555,212.455,90.426,81.754
2018-11-17 09:00:00,563.741,663.391,129.97,121.341,567.92,209.578,87.585,79.509
2018-11-17 10:00:00,560.835,660.928,128.772,115.695,558.304,205.059,86.554,81.897
2018-11-17 11:00:00,568.714,664.396,128.249,108.902,560.973,199.588,90.205,75.812
2018-11-17 12:00:00,564.176,668.039,127.7,117.098,557.484,195.021,89.451,76.338
2018-11-17 13:00:00,545.81,637.829,125.015,107.963,528.754,186.026,80.025,77.876
2018-11-17 14:00:00,539.326,618.112,111.362,99.575,519.662,177.789,78.049,69.557
2018-11-17 15:00:00,548.766,637.711,121.845,100.342,517.022,184.029,79.724,68.838
2018-11-17 16:00:00,598.988,696.061,132.301,114.52,570.251,200.278,84.368,75.88
2018-11-17 17:00:00,655.2,763.665,144.601,127.981,636.417,224.658,93.495,90.526
2018-11-17 18:00:00,685.935,772.718,155.258,130.104,670.853,235.295,99.343,93.081
2018-11-17 19:00:00,680.849,761.666,159.065,133.849,668.998,229.229,96.012,91.557
2018-11-17 20:00:00,654.119,729.581,154.053,126.004,650.647,220.281,96.083,88.195
2018-11-17 21:00:00,603.777,673.619,132.581,121.421,601.947,211.412,88.308,84.825
2018-11-17 22:00:00,533.354,608.297,122.448,109.325,556.772,197.923,76.886,77.243
2018-11-17 23:00:00,466.404,537.321,107.858,98.158,497.104,170.023,67.252,71.977
2018-11-18 00:00:00,419.244,481.149,95.587,86.157,444.946,155.137,61.178,66.877
2018-11-18 01:00:00,400.54,470.264,91.877,86.581,437.853,149.83,57.439,58.435
2018-11-18 02:00:00,403.219,478.888,94.374,91.414,453.022,149.089,58.199,58.377
2018-11-18 03:00:00,422.355,478.049,99.541,92.269,457.196,151.325,59.791,58.024
2018-11-18 04:00:00,439.117,490.187,102.819,91.865,462.395,162.829,60.57,61.322
2018-11-18 05:00:00,468.565,522.408,109.382,97.067,492.137,177.471,67.865,65.246
2018-11-18 06:00:00,545.506,573.415,124.134,111.988,524.435,202.467,80.121,74.186
2018-11-18 07:00:00,574.305,606.814,133.898,108.721,536.301,214.82,84.908,81.645
2018-11-18 08:00:00,606.461,648.851,142.925,117.149,561.272,217.825,93.837,84.081
2018-11-18 09:00:00,617.692,648.487,141.926,126.999,585.897,214.553,94.153,87.609
2018-11-18 10:00:00,608.207,633.022,144.916,122.318,587.39,216.706,92.084,87.219
2018-11-18 11:00:00,580.808,618.305,134.495,117.11,571.503,217.069,93.431,82.53
2018-11-18 12:00:00,571.359,619.414,133.413,118.336,561.13,216.453,90.727,83.66
2018-11-18 13:00:00,556.483,599.326,125.558,107.747,536.58,202.565,84.122,80.815
2018-11-18 14:00:00,555.447,583.905,120.82,112.761,529.34,196.199,86.644,73.752
2018-11-18 15:00:00,561.763,606.284,122.456,113.214,540.593,198.89,91.273,79.166
2018-11-18 16:00:00,603.825,675.949,137.515,128.587,599.164,216.581,97.786,85.916
2018-11-18 17:00:00,654.169,730.47,154.551,138.705,655.938,243.448,102.782,94.021
2018-11-18 18:00:00,680.204,750.98,161.571,138.167,680.021,257.737,102.174,99.011
2018-11-18 19:00:00,668.618,745.067,162.809,141.322,671.605,250.178,102.56,101.976
2018-11-18 20:00:00,650.192,701.038,162.853,134.823,645.318,239.684,97.21,100.067
2018-11-18 21:00:00,609.721,651.524,143.08,124.55,608.701,224.653,91.52,91.008
2018-11-18 22:00:00,541.655,592.35,123.894,104.103,553.291,202.059,83.5,81.765
2018-11-18 23:00:00,478.378,538.196,109.143,97.73,498.097,182.2,71.405,71.218
2018-11-19 00:00:00,449.001,517.79,103.432,89.451,471.058,171.574,67.377,68.812
2018-11-19 01:00:00,420.737,507.157,98.718,86.271,452.835,162.147,63.167,63.657
2018-11-19 02:00:00,418.821,510.792,101.538,87.031,445.646,158.648,62.229,60.972
2018-11-19 03:00:00,423.58,520.657,107.607,86.686,445.235,158.787,64.19,62.29
2018-11-19 04:00:00,443.932,540.915,107.39,87.531,454.556,168.839,66.215,62.679
2018-11-19 05:00:00,488.524,592.987,114.485,99.772,490.19,185.365,74.633,67.987
2018-11-19 06:00:00,592.682,684.401,131.99,121.798,579.679,208.581,88.403,80.387
2018-11-19 07:00:00,644.146,726.601,140.157,131.869,628.272,232.069,95.28,87.534
2018-11-19 08:00:00,670.989,780.527,146.081,135.304,662.315,242.055,101.058,93.813
2018-11-19 09:00:00,682.244,808.077,143.216,141.999,678.65,242.285,97.083,101.049
2018-11-19 10:00:00,675.615,809.656,150.155,141.043,686.745,243.404,100.603,103.045
2018-11-19 11:00:00,650.873,798.16,145.429,135.622,699.241,228.863,100.446,101.253
2018-11-19 12:00:00,624.723,785.314,135.686,128.571,680.429,226.413,102.316,93.392
2018-11-19 13:00:00,589.317,759.934,132.717,122.619,629.357,213.897,93.936,87.289
2018-11-19 14:00:00,561.192,727.989,129.407,116.313,597.697,207.66,85.901,78.734
2018-11-19 15:00:00,574.249,723.16,126.835,113.671,597.378,213.04,91.008,76.52
2018-11-19 16:00:00,609.483,776.306,141.906,121.521,634.603,224.622,100.087,83.31
2018-11-19 17:00:00,654.132,811.428,157.837,131.289,672.467,248.096,108.761,92.563
2018-11-19 18:00:00,682.262,811.979,162.354,131.963,697.649,253.89,108.963,91.904
2018-11-19 19:00:00,669.869,788.139,155.267,139.38,687.05,255.754,107.367,95.455
2018-11-19 20:00:00,636.352,759.949,149.566,133.637,653.536,240.889,104.692,91.702
2018-11-19 21:00:00,587.937,702.881,138.646,125.469,612.817,222.183,91.526,86.628
2018-11-19 22:00:00,525.482,624.886,118.59,110.673,562.017,198.533,86.269,78.722
2018-11-19 23:00:00,452.256,557.26,108.562,97.902,489.024,181.256,76.905,69.626
2018-11-20 00:00:00,416.939,515.676,103.236,86.577,443.735,162.075,66.632,65.143
2018-11-20 01:00:00,397.161,495.729,98.174,80.961,422.542,149.763,60.572,60.539
2018-11-20 02:00:00,395.586,491.324,98.835,82.7,426.495,149.17,58.136,59.043
2018-11-20 03:00:00,398.655,501.229,102.668,83.547,431.102,149.716,60.928,59.751
2018-11-20 04:00:00,416.74,526.733,109.498,86.027,441.468,159.113,64.689,61.494
2018-11-20 05:00:00,468.541,582.42,114.251,97.433,480.68,173.637,72.409,68.713
2018-11-20 06:00:00,573.978,680.531,133.673,120.358,563.766,202.362,88.677,81.196
2018-11-20 07:00:00,638.162,722.304,147.221,131.118,618.24,224.383,92.594,91.382
2018-11-20 08:00:00,673.572,770.477,152.741,142.032,666.316,234.202,97.529,93.653
2018-11-20 09:00:00,692.322,798.334,162.343,143.667,684.764,237.054,99.869,97.664
2018-11-20 10:00:00,697.222,807.045,161.578,149.44,688.495,245.962,106.339,102.172
2018-11-20 11:00:00,691.382,807.872,160.757,144.501,711.144,245.599,106.438,100.788
2018-11-20 12:00:00,686.42,803.729,156.661,139.56,702.885,242.733,106.27,103.857
2018-11-20 13:00:00,659.674,770.957,148.355,136.531,682.018,233.366,100.732,93.238
2018-11-20 14:00:00,642.555,754.311,143.539,125.8,655.012,228.781,96.417,87.628
2018-11-20 15:00:00,650.49,749.854,142.395,121.53,644.045,240.156,94.562,88.421
2018-11-20 16:00:00,695.238,766.952,161.609,135.604,681.99,255.173,100.094,96.292
2018-11-20 17:00:00,740.737,812.93,167.398,142.515,726.599,277.803,108.188,102.128
2018-11-20 18:00:00,768.885,840.558,171.293,150.39,747.112,277.17,109.55,102.307
2018-11-20 19:00:00,746.581,816.776,174.46,157.763,752.83,265.76,108.473,100.858
2018-11-20 20:00:00,713.174,786.647,169.449,153.168,742.574,259.677,111.95,101.883
2018-11-20 21:00:00,641.916,737.137,155.995,139.131,704.593,262.155,100.62,101.669
2018-11-20 22:00:00,564.952,679.304,141.044,127.235,640.988,242.384,94.048,93.463
2018-11-20 23:00:00,509.695,592.712,120.939,115.227,565.975,206.637,86.644,80.265
2018-11-21 00:00:00,472.722,564.041,112.85,102.521,519.941,187.103,76.199,74.754
2018-11-21 01:00:00,462.322,557.709,109.801,96.082,499.199,176.462,70.911,71.274
2018-11-21 02:00:00,464.039,534.904,113.434,102.807,512.077,175.665,69.378,69.422
2018-11-21 03:00:00,464.735,545.092,120.188,109.346,535.728,178.075,71.067,71.75
2018-11-21 04:00:00,484.74,576.781,122.215,112.897,547.395,190.571,74.599,74.034
2018-11-21 05:00:00,524.153,624.602,127.598,120.749,590.237,208.955,81.585,77.834
2018-11-21 06:00:00,634.641,714.286,150.311,142.431,676.484,239.598,97.682,91.931
2018-11-21 07:00:00,705.249,746.605,163.941,146.306,705.016,259.793,105.158,99.85
2018-11-21 08:00:00,734.383,780.702,162.228,145.131,721.746,264.491,104.109,100.333
2018-11-21 09:00:00,757.679,800.847,159.294,151.953,734.444,260.597,102.14,103.405
2018-11-21 10:00:00,756.49,819.319,162.514,150.936,734.955,267.498,109.083,110.26
2018-11-21 11:00:00,722.243,821.518,158.376,141.069,725.996,260.281,111.595,105.558
2018-11-21 12:00:00,699.323,807.54,154.766,142.63,717.811,248.058,107.294,99.221
2018-11-21 13:00:00,673.737,765.919,149.698,134.664,684.148,231.856,99.424,95.529
2018-11-21 14:00:00,647.763,742.649,143.283,127.131,644.239,217.863,96.916,87.325
2018-11-21 15:00:00,650.239,743.452,145.756,122.984,620.878,222.103,99.487,85.019
2018-11-21 16:00:00,702.458,813.822,162.501,135.034,660.275,239.051,101.235,92.49
2018-11-21 17:00:00,747.15,902.606,176.219,146.507,719.181,271.362,111.961,100.983
2018-11-21 18:00:00,789.991,891.137,182.849,155.444,766.54,302.949,125.253,114.218
2018-11-21 19:00:00,813.958,904.848,182.472,159.239,774.621,303.012,126.864,113.949
2018-11-21 20:00:00,779.466,931.73,184.136,159.82,772.97,301.549,122.776,112.305
2018-11-21 21:00:00,721.916,859.916,183.366,157.367,792.769,291.242,114.615,112.427
2018-11-21 22:00:00,668.288,796.217,172.257,152.683,764.875,276.167,113.848,106.572
2018-11-21 23:00:00,619.003,773.191,156.396,144.337,712.28,245.686,101.014,94.909
2018-11-22 00:00:00,596.39,733.527,149.232,132.74,652.099,241.94,96.097,94.279
2018-11-22 01:00:00,569.231,725.181,148.394,125.595,614.211,232.307,90.054,89.658
2018-11-22 02:00:00,577.889,764.176,158.076,138.472,661.513,240.127,90.611,91.112
2018-11-22 03:00:00,605.001,724.31,168.255,150.465,717.933,260.431,100.371,97.878
2018-11-22 04:00:00,629.132,762.476,171.685,161.276,750.488,274.05,102.755,100.228
2018-11-22 05:00:00,693.628,827.269,184.701,167.96,780.209,292.799,113.132,109.409
2018-11-22 06:00:00,824.775,906.537,213.434,202.131,893.7,327.064,131.796,124.517
2018-11-22 07:00:00,868.039,954.808,230.933,205.636,904.75,352.57,137.225,133.551
2018-11-22 08:00:00,884.463,1005.281,224.563,202.512,904.54,340.026,136.122,134.372
2018-11-22 09:00:00,885.439,1008.563,218.238,203.247,935.114,339.274,135.765,133.652
2018-11-22 10:00:00,868.517,1006.155,212.631,203.807,923.634,347.521,140.355,139.462
2018-11-22 11:00:00,829.601,994.367,204.753,184.535,881.827,346.297,140.92,133.488
2018-11-22 12:00:00,830.659,991.21,198.625,180.661,891.868,326.321,137.263,121.48
2018-11-22 13:00:00,796.085,963.41,201.605,184.867,901.057,308.889,127.507,114.511
2018-11-22 14:00:00,759.411,938.447,199.633,181.599,843.986,312.041,121.335,112.098
2018-11-22 15:00:00,777.811,948.582,206.998,183.329,877.438,314.266,126.475,114.773
2018-11-22 16:00:00,863.599,998.537,225.268,191.685,922.169,348.751,138.383,127.061
2018-11-22 17:00:00,925.731,1035.561,239.688,201.614,976.497,377.327,141.48,132.963
2018-11-22 18:00:00,942.385,1049.846,240.391,206.132,984.207,383.422,144.925,141.274
2018-11-22 19:00:00,928.787,1034.237,238.441,209.71,968.983,380.835,147.996,138.252
2018-11-22 20:00:00,900.907,985.785,233.968,202.55,933.421,353.633,145.867,138.354
2018-11-22 21:00:00,842.797,934.205,227.65,187.784,906.289,340.726,135.89,131.966
2018-11-22 22:00:00,783.482,858.069,214.142,171.429,843.249,318.464,123.375,121.961
2018-11-22 23:00:00,727.741,792.004,193.667,162.477,798.077,296.22,119.022,116.055
2018-11-23 00:00:00,703.759,783.159,187.763,159.355,780.955,287.077,115.943,113.865
2018-11-23 01:00:00,675.562,783.461,182.578,158.644,757.198,277.113,105.253,106.243
2018-11-23 02:00:00,679.184,768.269,184.748,163.766,772.916,282.416,104.212,107.251
2018-11-23 03:00:00,681.112,764.979,191.729,166.573,785.981,290.633,109.398,110.593
2018-11-23 04:00:00,725.722,785.89,199.238,169.417,785.875,306.57,114.847,115.42
2018-11-23 05:00:00,805.939,844.683,209.014,176.356,830.607,324.672,124.064,121.638
2018-11-23 06:00:00,934.621,953.094,225.73,207.993,940.953,354.899,142.419,134.56
2018-11-23 07:00:00,978.872,988.662,237.586,209.88,945.492,375.682,148.393,135.628
2018-11-23 08:00:00,941.573,997.228,229.3,199.117,899.243,358.312,140.51,138.514
2018-11-23 09:00:00,882.427,947.105,212.7,187.36,861.58,332.193,127.832,133.432
2018-11-23 10:00:00,839.733,916.042,202.055,176.847,816.111,310.648,124.989,127.765
2018-11-23 11:00:00,786.417,891.044,183.28,167.885,788.049,289.103,122.427,117.103
2018-11-23 12:00:00,751.822,845.841,174.508,154.923,748.826,275.768,112.718,107.458
2018-11-23 13:00:00,718.367,792.739,173.999,140.779,711.329,254.679,109.127,102.414
2018-11-23 14:00:00,681.502,775.441,163.382,140.934,698.2,245.348,102.716,95.533
2018-11-23 15:00:00,693.415,786.856,161.471,146.376,706.038,255.763,99.117,93.58
2018-11-23 16:00:00,750.341,827.73,183.082,158.218,754.224,282.026,112.39,99.457
2018-11-23 17:00:00,801.117,893.781,196.148,167.0,819.045,315.136,121.362,111.735
2018-11-23 18:00:00,832.558,907.789,198.073,180.838,854.104,324.119,124.559,117.393
2018-11-23 19:00:00,826.917,905.755,198.806,176.583,852.285,322.998,124.917,121.344
2018-11-23 20:00:00,803.228,867.783,194.592,175.319,821.114,304.765,121.788,116.742
2018-11-23 21:00:00,738.72,806.683,184.535,163.622,776.901,288.807,116.786,111.903
2018-11-23 22:00:00,690.752,742.347,166.909,142.147,695.411,270.77,111.357,107.995
2018-11-23 23:00:00,634.245,686.828,149.978,133.878,657.897,259.154,105.759,100.26
2018-11-24 00:00:00,593.651,637.953,140.16,125.809,620.144,254.307,100.506,100.938
2018-11-24 01:00:00,568.74,620.229,134.138,116.92,584.332,241.081,92.691,97.772
2018-11-24 02:00:00,574.55,616.862,135.538,121.753,607.027,238.518,89.488,94.516
2018-11-24 03:00:00,589.654,620.51,141.031,124.839,621.667,238.333,90.455,95.566
2018-11-24 04:00:00,608.59,634.346,141.769,127.896,635.295,250.019,92.857,97.568
2018-11-24 05:00:00,638.473,664.166,148.777,134.407,668.869,262.937,97.095,100.832
2018-11-24 06:00:00,708.694,713.226,160.274,154.92,727.766,294.448,107.037,109.814
2018-11-24 07:00:00,731.483,723.763,169.226,162.223,739.963,302.161,110.326,117.784
2018-11-24 08:00:00,768.517,740.802,175.04,162.848,742.475,299.127,115.885,117.233
2018-11-24 09:00:00,759.839,720.999,167.86,151.14,725.731,283.532,114.316,108.489
2018-11-24 10:00:00,698.011,713.09,164.168,143.413,683.738,253.623,110.176,99.997
2018-11-24 11:00:00,676.101,721.203,149.85,131.506,643.071,239.986,105.055,92.681
2018-11-24 12:00:00,658.779,700.92,151.793,129.831,627.542,224.926,96.759,87.996
2018-11-24 13:00:00,635.051,691.289,149.022,124.235,588.886,210.184,98.5,82.811
2018-11-24 14:00:00,623.145,681.293,141.477,123.497,573.291,204.742,89.753,82.031
2018-11-24 15:00:00,647.618,685.213,147.916,118.465,579.334,209.486,92.649,84.787
2018-11-24 16:00:00,676.174,738.327,159.729,125.391,635.98,228.713,105.577,91.217
2018-11-24 17:00:00,720.595,798.273,168.341,135.118,683.547,254.847,114.376,101.918
2018-11-24 18:00:00,733.112,817.588,168.267,140.905,706.671,264.582,111.572,101.385
2018-11-24 19:00:00,707.723,801.613,169.094,143.263,708.931,272.088,109.268,102.54
2018-11-24 20:00:00,681.082,764.039,163.216,136.971,687.855,252.939,105.587,105.593
2018-11-24 21:00:00,640.662,711.798,148.489,128.287,627.772,224.549,94.1,97.092
2018-11-24 22:00:00,563.603,630.65,133.804,115.871,571.161,195.049,84.834,78.972
2018-11-24 23:00:00,483.865,567.093,116.976,100.712,511.326,171.955,69.555,69.769
2018-11-25 00:00:00,428.846,521.432,99.636,91.728,464.424,157.06,63.251,62.967
2018-11-25 01:00:00,392.251,512.904,97.315,87.335,459.376,146.526,57.855,57.8
2018-11-25 02:00:00,378.325,496.848,96.315,85.299,448.888,143.19,57.58,57.488
2018-11-25 03:00:00,373.719,482.631,98.022,81.239,421.213,143.281,58.047,56.478
2018-11-25 04:00:00,382.405,490.823,98.282,80.535,413.977,148.58,56.849,55.839
2018-11-25 05:00:00,409.519,510.13,102.261,83.007,432.287,155.548,61.29,58.403
2018-11-25 06:00:00,458.61,549.49,114.028,97.045,473.963,175.317,73.285,63.808
2018-11-25 07:00:00,462.288,554.815,114.021,99.885,486.072,191.216,72.303,65.901
2018-11-25 08:00:00,499.082,586.213,118.317,105.72,521.539,201.634,80.863,76.457
2018-11-25 09:00:00,523.023,606.132,121.486,112.292,547.998,209.208,89.32,79.962
2018-11-25 10:00:00,539.41,593.62,125.975,111.982,537.947,199.554,88.675,76.446
2018-11-25 11:00:00,518.144,574.297,122.915,103.795,537.497,189.739,87.978,74.907
2018-11-25 12:00:00,509.297,574.239,122.556,99.971,527.722,188.63,86.932,75.934
2018-11-25 13:00:00,499.038,554.938,118.151,95.108,495.922,190.357,84.021,76.056
2018-11-25 14:00:00,483.764,543.354,112.049,91.925,478.426,184.702,82.187,72.421
2018-11-25 15:00:00,485.839,562.519,113.109,96.962,481.737,183.649,78.996,72.365
2018-11-25 16:00:00,539.693,618.096,122.502,106.862,520.339,203.696,88.018,79.228
2018-11-25 17:00:00,600.51,678.423,130.087,119.292,572.91,229.629,96.399,84.109
2018-11-25 18:00:00,618.155,703.126,138.185,123.001,615.114,231.824,99.014,87.164
2018-11-25 19:00:00,612.255,689.207,139.925,121.971,615.89,226.292,95.505,88.051
2018-11-25 20:00:00,594.743,650.87,134.016,118.131,588.209,220.827,98.44,91.205
2018-11-25 21:00:00,541.324,599.82,122.749,114.589,560.016,207.216,88.059,87.628
2018-11-25 22:00:00,486.349,551.712,107.614,98.521,498.836,186.773,79.612,76.199
2018-11-25 23:00:00,439.595,491.348,92.744,88.912,457.347,170.552,71.771,66.682
2018-11-26 00:00:00,415.988,463.653,86.83,80.366,427.607,155.703,62.3,63.157
2018-11-26 01:00:00,408.87,447.318,81.863,76.667,409.425,145.361,56.274,57.751
2018-11-26 02:00:00,417.12,453.762,82.564,79.945,408.475,144.505,56.829,56.972
2018-11-26 03:00:00,417.251,471.399,89.428,80.116,412.747,148.517,58.64,57.887
2018-11-26 04:00:00,446.102,493.321,95.257,83.727,426.022,155.981,63.732,59.514
2018-11-26 05:00:00,484.771,545.406,104.383,93.682,465.03,170.156,70.1,67.138
2018-11-26 06:00:00,585.498,646.895,117.542,119.01,547.919,201.457,89.154,82.713
2018-11-26 07:00:00,619.764,698.162,133.552,122.161,606.673,224.23,93.186,92.109
2018-11-26 08:00:00,644.175,746.02,143.267,125.226,647.204,239.959,97.356,95.513
2018-11-26 09:00:00,670.517,773.207,148.048,125.304,645.91,240.576,102.014,96.754
2018-11-26 10:00:00,669.514,781.147,151.155,123.774,637.51,233.156,102.933,103.249
2018-11-26 11:00:00,661.624,784.049,149.226,125.431,651.309,228.534,98.216,96.604
2018-11-26 12:00:00,659.915,769.096,150.789,123.165,649.974,219.166,93.994,90.252
2018-11-26 13:00:00,644.945,746.088,142.72,118.49,627.905,216.159,91.877,87.233
2018-11-26 14:00:00,617.205,722.338,138.756,113.822,599.625,216.471,90.736,82.351
2018-11-26 15:00:00,617.512,723.434,137.254,118.031,595.432,216.29,88.579,84.006
2018-11-26 16:00:00,643.11,750.762,147.935,125.11,637.101,231.177,99.509,89.915
2018-11-26 17:00:00,695.317,804.984,159.505,130.245,673.955,256.327,105.089,101.264
2018-11-26 18:00:00,701.298,811.968,161.375,135.179,679.387,260.673,108.172,103.594
2018-11-26 19:00:00,686.297,797.76,163.086,134.516,675.724,248.045,106.638,98.816
2018-11-26 20:00:00,680.352,768.954,158.737,125.834,647.494,239.27,104.011,97.441
2018-11-26 21:00:00,630.984,703.255,155.381,118.675,593.496,229.165,92.584,88.854
2018-11-26 22:00:00,555.042,653.739,139.213,106.861,530.258,197.368,85.428,78.469
2018-11-26 23:00:00,485.553,570.619,120.971,93.317,472.866,179.2,75.021,71.412
2018-11-27 00:00:00,439.396,526.611,110.815,82.384,431.807,164.103,69.128,66.364
2018-11-27 01:00:00,419.245,523.826,105.017,77.934,410.511,152.882,62.45,61.883
2018-11-27 02:00:00,407.037,509.691,104.963,81.694,422.038,148.631,59.276,59.719
2018-11-27 03:00:00,399.552,507.807,108.249,81.939,425.082,144.783,58.382,56.358
2018-11-27 04:00:00,421.492,528.456,107.823,83.85,433.184,146.853,58.393,58.039
2018-11-27 05:00:00,483.884,586.649,114.951,95.483,480.375,163.564,67.845,64.558
2018-11-27 06:00:00,585.843,677.223,136.294,119.978,562.098,194.776,85.268,78.439
2018-11-27 07:00:00,638.341,713.471,144.017,125.13,601.834,221.839,91.837,89.973
2018-11-27 08:00:00,675.025,765.367,154.123,130.307,647.153,241.648,97.796,106.313
2018-11-27 09:00:00,705.264,771.694,157.959,140.246,662.104,242.755,98.642,102.289
2018-11-27 10:00:00,706.516,783.989,158.604,141.014,674.538,255.082,105.103,101.259
2018-11-27 11:00:00,669.217,790.064,156.984,138.116,669.379,240.482,101.401,95.776
2018-11-27 12:00:00,674.895,766.185,148.383,127.965,656.865,227.446,96.354,91.724
2018-11-27 13:00:00,632.455,743.892,146.197,126.092,634.105,218.492,92.255,91.053
2018-11-27 14:00:00,613.76,718.468,143.401,125.756,616.249,219.079,89.871,88.579
2018-11-27 15:00:00,641.227,714.982,146.919,120.699,612.898,225.713,94.137,89.131
2018-11-27 16:00:00,676.632,747.445,156.404,127.129,667.945,237.387,99.468,95.681
2018-11-27 17:00:00,727.33,806.107,172.6,139.709,703.326,259.543,106.924,102.609
2018-11-27 18:00:00,731.379,823.094,172.658,145.285,700.617,268.692,109.903,98.775
2018-11-27 19:00:00,722.353,811.317,167.031,146.651,689.287,265.739,107.728,97.72
2018-11-27 20:00:00,695.714,774.944,160.736,141.654,672.408,252.803,101.133,95.751
2018-11-27 21:00:00,649.369,718.895,150.166,135.699,632.031,235.294,95.531,92.613
2018-11-27 22:00:00,587.653,655.474,132.233,113.011,577.425,212.278,90.426,86.553
2018-11-27 23:00:00,516.386,568.725,117.623,99.723,522.61,189.007,77.134,77.893
2018-11-28 00:00:00,470.993,520.826,110.83,91.392,483.343,177.309,71.378,74.268
2018-11-28 01:00:00,451.038,494.391,105.583,86.992,452.392,164.029,65.885,65.636
2018-11-28 02:00:00,447.957,503.3,106.831,87.712,450.522,161.506,63.494,62.284
2018-11-28 03:00:00,455.768,520.162,113.093,88.826,458.089,161.438,64.416,62.769
2018-11-28 04:00:00,477.34,536.564,118.169,93.392,468.859,174.717,68.156,64.693
2018-11-28 05:00:00,526.027,588.668,127.11,100.636,516.133,186.869,76.207,70.953
2018-11-28 06:00:00,635.124,676.057,145.631,127.545,602.196,213.017,92.52,84.862
2018-11-28 07:00:00,684.677,732.983,155.327,137.387,652.172,235.008,98.006,91.892
2018-11-28 08:00:00,716.626,793.972,163.86,141.497,703.392,245.59,102.32,98.072
2018-11-28 09:00:00,725.86,835.09,163.002,151.997,736.128,252.776,107.196,99.893
2018-11-28 10:00:00,742.752,859.387,168.418,152.329,736.682,258.732,108.334,100.258
2018-11-28 11:00:00,730.702,883.414,169.558,149.244,737.958,247.895,111.727,103.784
2018-11-28 12:00:00,704.241,846.121,171.605,146.313,738.042,240.615,104.15,93.81
2018-11-28 13:00:00,690.601,781.985,163.73,140.691,717.248,235.623,103.995,94.344
2018-11-28 14:00:00,682.471,783.436,160.876,129.045,680.693,233.187,95.902,87.77
2018-11-28 15:00:00,677.44,804.414,157.089,126.597,660.317,236.868,93.992,87.109
2018-11-28 16:00:00,719.825,840.992,167.23,133.761,690.389,257.686,110.18,96.706
2018-11-28 17:00:00,759.841,873.749,175.213,144.772,746.374,277.431,119.148,104.325
2018-11-28 18:00:00,757.835,874.919,176.619,149.583,760.64,287.008,119.755,112.961
2018-11-28 19:00:00,740.259,860.51,171.943,148.756,752.13,277.301,118.351,110.054
2018-11-28 20:00:00,696.534,822.675,167.183,142.682,717.303,259.694,110.292,103.109
2018-11-28 21:00:00,644.435,760.857,152.979,129.784,661.402,241.848,103.767,97.013
2018-11-28 22:00:00,580.308,659.892,137.243,115.733,592.048,215.104,92.491,91.428
2018-11-28 23:00:00,503.035,590.623,120.4,102.069,519.443,194.771,78.414,82.875
2018-11-29 00:00:00,462.077,563.925,109.315,92.712,489.137,181.926,74.132,73.358
2018-11-29 01:00:00,438.652,575.481,105.726,91.691,480.023,170.74,67.652,66.115
2018-11-29 02:00:00,435.933,543.267,107.78,92.824,471.089,162.828,63.789,63.144
2018-11-29 03:00:00,439.159,525.012,111.855,88.786,448.779,161.995,64.753,62.656
2018-11-29 04:00:00,455.148,534.206,114.693,94.815,458.753,167.839,67.119,62.904
2018-11-29 05:00:00,499.116,581.498,120.488,103.23,502.944,179.399,74.694,69.752
2018-11-29 06:00:00,601.323,674.592,143.81,124.675,596.716,211.517,90.971,85.305
2018-11-29 07:00:00,661.969,713.005,157.49,134.946,637.302,234.612,96.439,92.647
2018-11-29 08:00:00,670.636,746.667,154.682,130.162,635.593,233.495,101.826,94.383
2018-11-29 09:00:00,679.318,777.657,154.411,134.364,645.769,228.99,93.732,94.113
2018-11-29 10:00:00,671.765,791.508,161.1,137.696,682.121,236.146,102.196,97.716
2018-11-29 11:00:00,658.909,801.212,158.123,131.152,688.032,227.789,100.768,95.525
2018-11-29 12:00:00,641.629,796.986,151.627,126.413,665.614,228.235,98.846,88.526
2018-11-29 13:00:00,627.508,794.079,145.174,118.787,622.64,221.366,96.562,84.321
2018-11-29 14:00:00,597.987,759.467,138.772,114.85,586.474,217.939,88.815,84.955
2018-11-29 15:00:00,591.26,760.81,142.469,116.926,586.136,233.933,97.078,89.805
2018-11-29 16:00:00,638.572,778.898,154.81,126.169,637.206,242.64,107.29,93.053
2018-11-29 17:00:00,681.38,828.815,171.691,133.7,681.744,261.59,116.395,101.973
2018-11-29 18:00:00,712.709,834.241,176.667,142.903,708.049,273.931,118.574,106.427
2018-11-29 19:00:00,710.433,819.619,171.875,141.854,715.429,273.066,114.381,103.891
2018-11-29 20:00:00,689.357,787.602,159.477,143.169,691.318,263.074,109.249,103.624
2018-11-29 21:00:00,623.366,734.388,145.852,135.75,674.64,239.356,99.31,95.728
2018-11-29 22:00:00,565.85,673.594,136.437,127.331,635.496,224.464,93.121,88.033
2018-11-29 23:00:00,522.337,598.078,119.161,115.685,580.365,197.633,80.003,81.752
2018-11-30 00:00:00,499.825,562.468,111.031,110.5,564.988,190.411,75.475,74.502
2018-11-30 01:00:00,476.298,553.516,105.669,109.368,555.038,184.304,72.512,71.698
2018-11-30 02:00:00,488.346,540.995,107.841,112.338,558.496,179.154,71.354,69.358
2018-11-30 03:00:00,506.031,554.907,113.78,114.903,567.558,184.947,73.459,70.722
2018-11-30 04:00:00,524.863,601.205,120.045,119.905,591.44,198.123,76.859,75.105
2018-11-30 05:00:00,573.798,654.255,128.184,130.255,639.727,221.063,86.508,86.525
2018-11-30 06:00:00,681.395,741.617,149.557,157.128,733.834,255.62,106.809,98.312
2018-11-30 07:00:00,729.038,783.823,165.281,162.98,771.923,271.561,108.783,107.344
2018-11-30 08:00:00,759.002,800.986,169.141,159.038,761.432,268.637,109.211,109.538
2018-11-30 09:00:00,762.313,816.947,170.394,155.732,754.089,254.315,105.862,100.725
2018-11-30 10:00:00,740.132,828.175,175.063,152.718,748.199,246.075,104.617,99.035
2018-11-30 11:00:00,720.754,830.356,171.064,147.51,735.84,239.402,111.443,98.536
2018-11-30 12:00:00,724.078,813.792,164.343,142.557,726.093,246.08,103.059,96.445
2018-11-30 13:00:00,703.428,783.288,157.178,139.195,689.293,239.466,103.072,97.117
2018-11-30 14:00:00,677.992,770.959,157.334,129.225,665.637,235.538,103.16,92.068
2018-11-30 15:00:00,678.421,780.461,158.838,134.423,658.073,248.513,101.729,94.146
2018-11-30 16:00:00,718.211,811.453,167.257,143.748,701.692,272.745,110.935,104.053
2018-11-30 17:00:00,775.069,848.652,176.328,150.532,748.944,289.815,117.834,108.945
2018-11-30 18:00:00,771.046,858.218,175.403,155.847,754.955,290.962,117.679,111.097
2018-11-30 19:00:00,753.499,825.892,174.128,156.205,740.382,281.87,116.761,108.934
2018-11-30 20:00:00,715.514,781.237,169.682,150.701,704.04,269.416,105.818,106.41
2018-11-30 21:00:00,657.336,724.321,154.533,139.028,667.12,247.018,99.532,101.259
2018-11-30 22:00:00,570.804,645.015,142.907,118.621,606.3,223.181,94.216,94.853
2018-11-30 23:00:00,510.75,593.896,123.485,104.682,535.824,200.217,81.243,86.356
2018-12-01 00:00:00,473.034,574.9,118.772,100.284,516.333,192.218,74.683,79.243
2018-12-01 01:00:00,456.491,560.31,117.86,100.609,511.196,183.11,69.599,74.291
2018-12-01 02:00:00,454.446,558.713,116.309,102.007,518.657,185.653,69.82,74.483
2018-12-01 03:00:00,473.761,570.131,122.432,105.243,534.245,185.523,72.798,76.81
2018-12-01 04:00:00,500.073,589.676,125.57,109.625,549.579,187.784,70.295,72.287
2018-12-01 05:00:00,523.799,614.947,129.579,113.586,578.674,204.264,75.186,77.505
2018-12-01 06:00:00,604.963,663.016,144.077,135.848,629.276,237.096,90.051,89.733
2018-12-01 07:00:00,656.143,692.892,151.437,140.357,653.993,258.801,96.673,94.35
2018-12-01 08:00:00,693.352,710.208,157.324,140.819,653.071,256.142,101.803,102.47
2018-12-01 09:00:00,685.702,703.15,148.152,131.807,638.337,244.103,102.268,105.44
2018-12-01 10:00:00,658.221,691.415,143.112,135.329,610.636,231.249,105.77,96.295
2018-12-01 11:00:00,650.643,694.813,139.33,126.601,603.056,211.812,102.295,85.802
2018-12-01 12:00:00,611.908,679.719,135.935,120.412,587.37,208.831,93.991,82.709
2018-12-01 13:00:00,587.255,662.801,131.45,118.165,562.089,200.026,90.048,78.465
2018-12-01 14:00:00,566.229,640.536,127.6,106.773,532.381,188.133,84.874,78.819
2018-12-01 15:00:00,579.489,652.334,126.187,105.546,542.06,200.94,89.68,81.373
2018-12-01 16:00:00,621.08,720.12,138.251,117.839,616.602,221.87,103.921,86.813
2018-12-01 17:00:00,702.158,785.169,153.582,133.223,691.223,262.457,113.588,97.913
2018-12-01 18:00:00,723.53,824.236,165.965,143.579,726.729,266.018,115.095,104.244
2018-12-01 19:00:00,710.048,823.216,165.662,144.28,732.04,255.764,112.291,105.042
2018-12-01 20:00:00,685.087,778.77,159.947,138.319,694.38,243.709,109.454,103.569
2018-12-01 21:00:00,640.164,721.84,152.274,127.543,646.186,238.977,104.115,96.971
2018-12-01 22:00:00,575.222,643.7,132.988,116.343,587.505,215.451,87.892,89.762
2018-12-01 23:00:00,495.699,567.758,119.102,104.486,518.789,186.872,78.565,78.107
2018-12-02 00:00:00,437.285,514.288,105.541,90.799,456.357,171.268,68.918,69.16
2018-12-02 01:00:00,412.291,490.76,100.111,81.399,427.043,159.065,63.055,63.61
2018-12-02 02:00:00,406.889,487.158,99.516,82.042,423.316,157.838,61.115,62.199
2018-12-02 03:00:00,396.05,491.385,100.089,83.241,422.231,157.23,60.621,60.311
2018-12-02 04:00:00,398.913,504.815,99.984,82.712,425.756,167.016,62.204,60.897
2018-12-02 05:00:00,420.004,529.752,104.333,86.683,448.023,172.738,63.953,63.07
2018-12-02 06:00:00,472.051,577.061,118.203,102.845,486.287,191.626,76.712,69.36
2018-12-02 07:00:00,482.622,600.01,127.719,108.872,513.774,201.571,85.793,71.562
2018-12-02 08:00:00,548.178,660.172,143.994,120.974,579.908,214.367,88.65,77.698
2018-12-02 09:00:00,602.608,704.303,154.302,134.376,625.823,222.962,94.88,84.498
2018-12-02 10:00:00,597.36,725.808,151.886,133.157,633.076,223.074,100.359,87.221
2018-12-02 11:00:00,587.867,715.418,147.117,127.737,623.187,217.61,95.423,87.912
2018-12-02 12:00:00,592.262,695.886,148.952,131.941,621.244,216.741,96.09,90.895
2018-12-02 13:00:00,593.744,686.341,143.964,126.146,608.922,211.786,89.976,82.812
2018-12-02 14:00:00,570.621,674.814,133.874,121.378,578.417,203.845,84.64,81.496
2018-12-02 15:00:00,554.105,662.333,128.4,119.559,580.835,216.322,88.306,81.782
2018-12-02 16:00:00,590.423,693.63,143.313,124.097,613.383,224.314,93.14,87.02
2018-12-02 17:00:00,643.021,737.787,156.147,142.008,671.314,232.77,101.091,92.326
2018-12-02 18:00:00,664.491,754.637,159.244,142.284,693.535,234.699,103.734,90.501
2018-12-02 19:00:00,659.833,738.257,155.111,136.796,672.299,226.572,98.385,90.421
2018-12-02 20:00:00,620.054,691.967,145.938,127.201,634.606,221.641,93.922,84.416
2018-12-02 21:00:00,558.352,645.975,130.973,117.282,590.38,204.404,85.69,79.99
2018-12-02 22:00:00,507.8,593.094,117.301,105.23,534.877,188.512,76.996,72.308
2018-12-02 23:00:00,433.092,530.464,103.086,89.134,471.333,165.595,66.71,63.637
2018-12-03 00:00:00,389.043,494.468,90.216,79.489,431.767,146.5,58.129,59.433
2018-12-03 01:00:00,360.92,474.869,87.64,74.487,400.728,133.226,54.714,54.361
2018-12-03 02:00:00,354.28,461.882,84.704,73.338,387.975,129.953,53.301,52.13
2018-12-03 03:00:00,347.427,451.367,84.188,73.64,383.995,130.444,53.866,51.416
2018-12-03 04:00:00,355.062,474.345,88.632,73.673,389.225,136.878,55.847,53.543
2018-12-03 05:00:00,393.228,522.151,92.317,80.171,418.859,145.8,58.029,58.244
2018-12-03 06:00:00,493.118,622.733,108.582,99.747,495.733,167.754,73.343,71.072
2018-12-03 07:00:00,566.206,687.896,117.566,115.451,566.605,188.758,84.687,79.846
2018-12-03 08:00:00,603.471,720.782,127.551,118.043,580.752,196.014,90.148,78.351
2018-12-03 09:00:00,621.011,716.677,130.746,116.769,582.951,196.326,85.404,81.033
2018-12-03 10:00:00,628.143,722.368,129.797,115.294,589.95,192.14,83.857,97.821
2018-12-03 11:00:00,616.67,719.919,131.02,113.238,589.371,189.609,84.019,84.949
2018-12-03 12:00:00,626.69,727.122,125.642,109.243,592.393,185.399,85.484,84.166
2018-12-03 13:00:00,609.519,710.311,123.309,104.01,552.212,180.814,82.188,74.029
2018-12-03 14:00:00,585.648,681.729,127.137,99.152,525.818,184.574,78.47,77.044
2018-12-03 15:00:00,583.217,687.959,128.1,102.579,522.08,189.534,78.715,80.405
2018-12-03 16:00:00,611.948,715.853,135.053,114.63,558.702,198.97,88.214,81.911
2018-12-03 17:00:00,673.959,769.443,150.939,126.629,627.378,224.769,97.893,87.556
2018-12-03 18:00:00,700.733,798.607,157.945,131.136,650.97,237.32,104.728,91.019
2018-12-03 19:00:00,674.65,766.746,156.235,131.266,653.103,232.784,102.086,88.436
2018-12-03 20:00:00,638.808,724.036,146.018,120.222,624.217,226.903,100.117,87.482
2018-12-03 21:00:00,589.894,674.705,141.122,116.528,582.809,207.295,88.677,81.92
2018-12-03 22:00:00,522.019,636.9,124.383,98.633,499.473,184.791,80.022,76.947
2018-12-03 23:00:00,452.376,551.029,105.406,87.247,443.746,165.895,68.987,70.874
2018-12-04 00:00:00,418.958,530.191,93.528,81.597,425.394,150.962,61.267,63.473
2018-12-04 01:00:00,419.653,521.613,95.564,75.934,404.541,150.231,59.337,60.612
2018-12-04 02:00:00,435.365,505.978,101.033,85.409,429.485,147.472,58.61,58.027
2018-12-04 03:00:00,454.161,501.28,106.947,86.822,436.107,149.514,60.345,58.489
2018-12-04 04:00:00,471.55,517.538,111.86,89.964,455.626,163.857,67.125,60.829
2018-12-04 05:00:00,515.328,562.801,117.913,105.181,503.136,176.847,72.245,66.822
2018-12-04 06:00:00,620.678,662.282,139.763,121.69,580.542,212.691,89.204,81.773
2018-12-04 07:00:00,706.528,730.266,164.711,132.686,644.193,239.762,98.063,94.903
2018-12-04 08:00:00,761.606,787.427,172.439,141.252,707.063,250.504,101.685,98.052
2018-12-04 09:00:00,780.6,828.378,176.317,155.511,732.502,247.052,103.186,100.792
2018-12-04 10:00:00,767.2,852.695,171.327,150.526,719.504,245.14,106.124,100.75
2018-12-04 11:00:00,733.692,832.313,168.698,143.416,714.959,231.127,102.995,95.478
2018-12-04 12:00:00,715.05,803.305,158.918,130.936,691.129,229.664,99.548,93.896
2018-12-04 13:00:00,675.217,784.171,155.563,126.671,650.731,215.4,96.171,91.207
2018-12-04 14:00:00,644.062,773.817,151.789,122.036,619.633,217.786,90.833,90.441
2018-12-04 15:00:00,644.452,777.596,146.696,127.405,637.791,228.027,91.356,87.368
2018-12-04 16:00:00,707.418,828.798,165.682,137.575,707.037,258.834,103.277,98.056
2018-12-04 17:00:00,792.777,895.653,192.151,161.171,797.715,288.093,119.412,108.145
2018-12-04 18:00:00,818.108,898.158,196.471,162.443,820.317,302.829,122.231,113.086
2018-12-04 19:00:00,823.138,885.116,192.882,166.668,807.451,298.724,118.636,108.703
2018-12-04 20:00:00,778.423,845.042,188.896,162.931,768.144,290.811,117.174,113.367
2018-12-04 21:00:00,723.099,803.99,173.886,152.324,745.1,285.184,107.403,111.553
2018-12-04 22:00:00,667.206,737.496,159.127,137.012,695.037,260.501,103.875,100.671
2018-12-04 23:00:00,595.6,664.825,142.556,128.906,635.808,236.358,91.526,91.75
2018-12-05 00:00:00,554.079,621.445,137.242,123.007,614.501,226.646,86.849,87.407
2018-12-05 01:00:00,538.795,610.818,136.843,120.132,602.081,218.999,82.964,83.542
2018-12-05 02:00:00,541.819,612.214,139.018,123.995,605.497,224.587,84.746,85.298
2018-12-05 03:00:00,541.721,628.605,146.177,124.288,604.17,226.875,86.874,85.423
2018-12-05 04:00:00,573.085,658.049,151.228,129.163,619.427,241.473,90.473,87.101
2018-12-05 05:00:00,641.454,711.038,154.98,140.058,676.721,259.822,100.494,96.009
2018-12-05 06:00:00,767.83,808.334,177.392,170.539,770.904,287.247,119.854,114.103
2018-12-05 07:00:00,840.428,869.982,196.8,180.807,827.928,323.484,128.001,124.048
2018-12-05 08:00:00,847.732,882.676,190.369,171.173,824.573,321.912,125.933,123.957
2018-12-05 09:00:00,809.083,863.518,182.095,173.519,784.821,294.581,118.641,121.02
2018-12-05 10:00:00,791.563,852.189,176.191,168.285,770.868,284.175,117.958,112.924
2018-12-05 11:00:00,764.326,834.35,171.634,147.235,759.205,264.761,110.293,106.159
2018-12-05 12:00:00,743.492,808.434,162.352,145.876,740.02,248.022,108.893,99.125
2018-12-05 13:00:00,703.668,789.911,149.921,138.287,678.797,229.01,107.939,96.907
2018-12-05 14:00:00,674.726,764.897,143.448,136.15,646.632,224.186,95.076,89.667
2018-12-05 15:00:00,669.956,757.519,152.702,136.048,657.085,232.548,95.407,91.467
2018-12-05 16:00:00,719.573,822.579,163.139,143.667,713.476,265.368,108.519,97.22
2018-12-05 17:00:00,776.575,892.122,181.114,157.245,794.492,295.414,123.515,107.965
2018-12-05 18:00:00,803.03,889.593,189.601,165.373,819.346,298.655,123.942,111.237
2018-12-05 19:00:00,815.283,886.285,188.786,171.133,813.083,299.326,125.505,115.007
2018-12-05 20:00:00,797.293,852.138,180.159,171.599,789.662,293.55,122.483,113.985
2018-12-05 21:00:00,758.133,801.689,169.869,154.745,773.424,279.085,114.721,106.476
2018-12-05 22:00:00,706.13,748.931,164.038,149.532,705.805,262.427,112.117,103.337
2018-12-05 23:00:00,628.571,670.958,142.573,138.612,665.334,241.444,100.058,94.135
2018-12-06 00:00:00,587.89,625.837,130.627,127.264,624.606,226.126,89.703,91.943
2018-12-06 01:00:00,571.255,626.574,127.202,122.865,609.437,214.308,85.012,83.199
2018-12-06 02:00:00,567.398,609.052,130.847,128.205,620.313,219.249,83.67,84.005
2018-12-06 03:00:00,585.776,613.026,135.494,129.455,628.593,227.465,86.575,85.647
2018-12-06 04:00:00,628.641,645.599,137.99,135.78,640.344,241.029,91.615,88.76
2018-12-06 05:00:00,667.518,677.567,143.526,148.468,697.378,261.76,100.634,96.15
2018-12-06 06:00:00,779.096,790.394,166.39,179.719,804.027,294.348,119.895,113.58
2018-12-06 07:00:00,849.797,864.314,185.935,185.971,839.146,327.631,129.442,124.039
2018-12-06 08:00:00,839.56,877.599,189.877,180.808,844.311,309.167,123.826,122.58
2018-12-06 09:00:00,798.494,846.399,185.84,173.539,794.786,282.068,115.021,116.955
2018-12-06 10:00:00,771.239,848.782,180.2,156.368,756.428,264.246,119.083,110.606
2018-12-06 11:00:00,744.536,834.177,172.682,146.715,732.197,250.826,114.285,108.178
2018-12-06 12:00:00,726.045,826.743,160.297,146.187,720.551,248.204,107.51,103.144
2018-12-06 13:00:00,670.938,797.02,154.319,141.014,679.566,235.745,103.755,92.756
2018-12-06 14:00:00,642.576,768.453,151.017,126.947,636.97,225.862,92.821,85.176
2018-12-06 15:00:00,642.171,760.961,149.895,128.861,621.177,233.379,94.565,84.195
2018-12-06 16:00:00,681.637,812.12,163.496,142.385,680.531,256.091,103.349,95.604
2018-12-06 17:00:00,763.395,885.395,182.547,154.076,775.751,286.439,115.992,106.927
2018-12-06 18:00:00,790.505,901.156,191.663,160.915,798.978,295.158,126.037,110.292
2018-12-06 19:00:00,778.728,868.053,183.29,157.019,764.327,301.244,122.059,111.7
2018-12-06 20:00:00,729.08,828.344,169.771,145.952,731.829,278.209,118.974,110.611
2018-12-06 21:00:00,678.434,762.764,156.776,135.601,685.944,248.296,106.286,101.446
2018-12-06 22:00:00,612.288,681.875,142.738,127.565,634.78,229.509,100.695,96.72
2018-12-06 23:00:00,535.115,614.249,132.085,112.338,569.418,214.693,96.786,86.068
2018-12-07 00:00:00,492.344,575.752,122.856,101.673,520.663,197.178,79.27,79.581
2018-12-07 01:00:00,469.634,551.938,114.278,96.459,495.624,181.381,72.126,72.987
2018-12-07 02:00:00,466.519,540.89,113.29,99.7,496.778,179.756,68.819,69.237
2018-12-07 03:00:00,481.021,545.1,117.63,100.771,502.639,174.023,67.722,66.321
2018-12-07 04:00:00,507.234,580.615,121.378,103.639,514.127,186.212,70.966,68.565
2018-12-07 05:00:00,534.742,650.507,128.415,113.517,559.743,200.661,78.425,73.476
2018-12-07 06:00:00,644.96,746.589,152.274,136.241,630.245,232.197,97.536,89.567
2018-12-07 07:00:00,712.156,805.913,166.557,140.502,686.702,257.757,108.283,100.414
2018-12-07 08:00:00,738.861,843.316,166.78,140.675,705.125,259.882,113.064,102.224
2018-12-07 09:00:00,732.591,863.069,167.214,149.942,728.666,254.378,108.008,102.711
2018-12-07 10:00:00,734.397,848.086,173.313,146.951,723.748,261.377,117.393,109.218
2018-12-07 11:00:00,728.879,831.745,166.333,139.425,717.226,252.385,114.551,105.873
2018-12-07 12:00:00,716.624,819.305,163.709,134.566,712.331,253.545,110.188,102.515
2018-12-07 13:00:00,684.494,805.79,156.588,131.365,686.304,241.554,105.092,94.338
2018-12-07 14:00:00,670.98,788.301,149.882,126.182,639.084,236.059,97.308,90.916
2018-12-07 15:00:00,676.331,792.115,155.023,131.701,658.773,239.541,94.759,88.048
2018-12-07 16:00:00,727.303,883.559,176.172,144.061,719.59,268.585,116.82,101.641
2018-12-07 17:00:00,793.594,953.876,197.012,158.538,786.612,306.395,126.737,115.153
2018-12-07 18:00:00,832.121,961.777,208.657,170.118,825.949,326.225,132.232,123.863
2018-12-07 19:00:00,827.395,958.033,216.077,177.262,842.325,322.871,130.059,122.872
2018-12-07 20:00:00,790.456,920.632,204.375,168.317,806.512,311.43,130.019,120.255
2018-12-07 21:00:00,735.678,854.009,179.245,158.241,774.425,294.696,118.643,112.042
2018-12-07 22:00:00,676.043,783.349,170.189,150.023,725.392,267.194,109.261,104.365
2018-12-07 23:00:00,629.54,733.162,157.874,133.782,679.221,253.519,103.785,99.347
2018-12-08 00:00:00,599.218,689.569,149.664,129.464,645.587,243.554,98.812,96.783
2018-12-08 01:00:00,576.757,662.7,145.622,130.091,636.56,230.906,90.072,92.548
2018-12-08 02:00:00,598.714,667.8,147.155,133.795,651.429,226.642,87.409,89.978
2018-12-08 03:00:00,606.922,680.843,153.75,135.959,666.92,228.432,87.256,90.329
2018-12-08 04:00:00,641.363,686.25,155.447,144.352,703.071,251.073,91.835,97.094
2018-12-08 05:00:00,683.572,706.166,162.046,153.566,745.949,280.042,102.832,106.028
2018-12-08 06:00:00,752.773,773.541,178.801,172.187,803.293,312.127,114.603,114.987
2018-12-08 07:00:00,792.33,809.997,190.702,179.698,827.565,325.893,117.991,118.681
2018-12-08 08:00:00,813.687,827.909,195.327,184.976,821.686,322.704,128.579,124.402
2018-12-08 09:00:00,791.25,817.086,195.223,176.31,775.495,303.359,120.391,117.91
2018-12-08 10:00:00,762.431,809.582,181.988,161.096,766.487,301.622,121.798,122.594
2018-12-08 11:00:00,743.663,786.483,181.604,152.094,742.808,288.399,127.702,113.76
2018-12-08 12:00:00,730.849,778.8,183.355,148.321,723.437,278.763,128.537,105.529
2018-12-08 13:00:00,692.444,749.49,172.587,141.788,701.645,265.597,116.804,101.314
2018-12-08 14:00:00,688.199,741.923,165.061,137.361,674.839,252.989,109.977,99.701
2018-12-08 15:00:00,708.453,768.75,167.078,142.726,701.936,256.467,108.927,104.145
2018-12-08 16:00:00,751.313,847.958,183.379,162.959,753.68,282.758,115.412,113.069
2018-12-08 17:00:00,810.571,921.989,193.402,174.046,809.128,312.554,132.014,120.789
2018-12-08 18:00:00,843.83,946.242,196.641,187.654,866.635,321.334,134.061,124.623
2018-12-08 19:00:00,855.794,930.493,199.711,189.134,879.176,322.104,132.162,131.071
2018-12-08 20:00:00,853.503,892.754,205.223,184.297,858.145,323.652,128.684,132.594
2018-12-08 21:00:00,807.782,824.71,193.864,165.603,811.383,307.941,127.6,126.284
2018-12-08 22:00:00,726.261,756.167,176.69,151.523,755.759,300.363,117.156,118.434
2018-12-08 23:00:00,663.403,700.522,155.166,141.474,706.392,283.0,107.445,112.512
2018-12-09 00:00:00,624.209,650.307,149.394,135.354,670.044,271.595,102.074,103.405
2018-12-09 01:00:00,619.869,640.716,145.363,134.604,657.507,261.035,99.016,99.643
2018-12-09 02:00:00,624.808,633.515,152.436,137.096,659.3,267.72,98.786,101.891
2018-12-09 03:00:00,627.571,622.851,161.355,145.088,680.454,269.233,99.831,102.016
2018-12-09 04:00:00,642.407,637.144,162.913,147.775,697.986,284.919,101.682,102.574
2018-12-09 05:00:00,671.38,682.815,167.997,149.891,719.428,294.262,107.297,108.252
2018-12-09 06:00:00,729.637,733.349,179.101,169.711,776.102,323.27,119.661,116.388
2018-12-09 07:00:00,760.774,757.442,188.461,174.699,796.021,335.585,123.86,122.247
2018-12-09 08:00:00,789.5,803.226,195.806,178.998,818.017,331.284,127.119,125.872
2018-12-09 09:00:00,781.485,820.186,194.672,178.205,803.124,323.084,127.087,117.98
2018-12-09 10:00:00,733.525,778.329,190.913,166.923,757.982,306.876,125.369,110.748
2018-12-09 11:00:00,710.26,747.791,187.342,154.818,711.778,276.038,121.952,100.831
2018-12-09 12:00:00,691.345,721.683,171.98,146.482,691.411,264.334,110.436,98.83
2018-12-09 13:00:00,669.053,700.119,162.621,140.267,673.168,250.734,103.536,92.622
2018-12-09 14:00:00,669.798,692.74,154.544,136.315,655.749,242.35,98.637,93.838
2018-12-09 15:00:00,680.247,715.066,158.932,142.534,656.162,247.863,103.848,92.871
2018-12-09 16:00:00,722.505,788.738,174.62,156.537,718.616,274.6,116.508,106.973
2018-12-09 17:00:00,781.13,848.967,189.678,168.774,785.372,301.064,125.257,111.368
2018-12-09 18:00:00,810.843,865.482,195.263,170.529,805.852,305.705,128.436,118.383
2018-12-09 19:00:00,802.25,856.166,195.265,170.437,785.482,297.137,125.254,115.596
2018-12-09 20:00:00,769.268,828.652,187.539,160.438,761.974,296.915,124.513,117.666
2018-12-09 21:00:00,722.345,770.064,171.971,151.813,730.498,284.83,113.89,116.275
2018-12-09 22:00:00,663.045,724.315,164.715,147.102,690.08,270.924,108.504,107.191
2018-12-09 23:00:00,619.069,679.937,153.226,134.717,637.97,256.284,99.915,95.704
2018-12-10 00:00:00,602.418,652.842,146.181,126.1,619.467,246.784,95.53,96.31
2018-12-10 01:00:00,592.521,647.705,142.408,124.436,618.24,236.568,90.182,91.513
2018-12-10 02:00:00,604.254,651.235,147.324,131.662,634.262,235.115,87.817,89.429
2018-12-10 03:00:00,603.752,653.55,151.407,133.516,644.703,239.734,91.199,90.739
2018-12-10 04:00:00,592.491,673.714,150.765,136.159,647.412,257.598,96.958,95.806
2018-12-10 05:00:00,614.401,732.271,157.518,142.762,686.608,278.289,105.3,103.636
2018-12-10 06:00:00,745.891,841.153,176.757,175.881,806.838,313.06,125.44,117.412
2018-12-10 07:00:00,838.229,898.406,192.48,191.053,865.705,344.47,137.169,130.655
2018-12-10 08:00:00,838.554,906.64,189.039,185.535,839.303,339.359,134.454,131.999
2018-12-10 09:00:00,789.049,873.074,176.928,171.346,784.215,311.428,119.218,121.982
2018-12-10 10:00:00,764.339,853.919,172.163,163.214,751.856,281.699,116.397,118.344
2018-12-10 11:00:00,732.384,828.375,169.414,151.513,741.973,275.557,122.663,115.891
2018-12-10 12:00:00,706.135,809.634,163.688,135.88,726.488,260.913,114.702,105.609
2018-12-10 13:00:00,674.897,772.023,153.445,125.948,677.655,237.47,105.241,93.82
2018-12-10 14:00:00,654.499,746.384,146.178,122.037,630.614,228.484,96.194,88.242
2018-12-10 15:00:00,644.271,739.666,145.669,121.91,624.342,230.639,97.129,87.744
2018-12-10 16:00:00,703.896,812.997,163.254,133.531,685.832,257.907,109.725,95.101
2018-12-10 17:00:00,778.382,885.648,179.783,148.441,765.635,301.977,125.513,108.821
2018-12-10 18:00:00,817.647,913.303,188.579,158.348,799.267,323.525,136.349,120.001
2018-12-10 19:00:00,799.47,903.06,193.248,166.045,796.076,321.986,129.66,118.835
2018-12-10 20:00:00,807.175,857.734,190.039,168.684,791.888,318.486,128.784,121.134
2018-12-10 21:00:00,768.555,822.559,176.893,155.784,773.563,303.134,121.778,117.527
2018-12-10 22:00:00,704.067,766.132,160.873,148.584,735.515,299.942,118.149,115.213
2018-12-10 23:00:00,631.773,695.328,148.614,135.79,679.545,275.647,109.216,107.129
2018-12-11 00:00:00,602.535,668.506,145.011,130.316,644.419,260.916,108.371,103.436
2018-12-11 01:00:00,602.166,661.171,136.043,128.45,630.185,253.369,99.636,99.578
2018-12-11 02:00:00,602.981,659.792,138.685,134.081,646.329,248.023,95.564,96.526
2018-12-11 03:00:00,613.155,663.223,147.643,136.566,654.254,253.391,97.884,96.2
2018-12-11 04:00:00,643.189,690.24,151.736,141.605,663.384,272.597,105.174,100.48
2018-12-11 05:00:00,693.875,755.908,159.28,153.719,719.303,291.184,114.386,107.843
2018-12-11 06:00:00,820.457,869.545,187.081,180.047,818.616,325.912,131.561,128.219
2018-12-11 07:00:00,904.126,933.197,206.406,196.195,882.03,361.963,143.608,139.983
2018-12-11 08:00:00,892.798,940.285,206.553,192.226,879.483,357.667,142.07,142.953
2018-12-11 09:00:00,839.608,916.908,184.306,175.033,839.926,326.069,133.562,136.377
2018-12-11 10:00:00,794.567,894.091,171.898,160.774,778.162,302.548,123.107,126.21
2018-12-11 11:00:00,731.727,856.104,167.491,148.085,745.348,273.879,118.341,114.353
2018-12-11 12:00:00,719.308,819.827,157.176,142.156,712.681,259.602,116.634,108.039
2018-12-11 13:00:00,685.644,778.205,150.086,127.559,656.887,238.249,105.984,97.783
2018-12-11 14:00:00,640.355,755.936,139.8,125.823,618.323,225.534,96.02,89.761
2018-12-11 15:00:00,642.4,754.874,137.556,130.994,621.112,231.411,98.885,86.105
2018-12-11 16:00:00,700.259,817.315,159.181,141.645,691.441,260.056,108.735,97.766
2018-12-11 17:00:00,794.765,891.604,177.981,158.801,784.74,306.419,124.739,114.527
2018-12-11 18:00:00,824.964,921.353,186.796,169.699,828.03,310.627,126.062,112.704
2018-12-11 19:00:00,828.432,909.435,191.13,172.568,827.527,299.056,123.4,112.849
2018-12-11 20:00:00,797.255,856.707,183.089,163.795,796.671,295.059,115.891,110.519
2018-12-11 21:00:00,735.673,794.823,168.864,151.393,740.129,277.173,109.087,107.892
2018-12-11 22:00:00,647.984,717.163,153.027,132.917,661.531,253.71,111.319,104.026
2018-12-11 23:00:00,574.086,637.144,133.555,119.698,577.401,227.602,98.554,93.003
2018-12-12 00:00:00,527.791,599.04,124.53,109.391,547.029,206.621,88.432,84.649
2018-12-12 01:00:00,506.815,589.881,123.048,106.003,538.481,196.162,77.697,79.218
2018-12-12 02:00:00,505.451,579.662,124.628,110.855,547.456,199.553,75.772,76.929
2018-12-12 03:00:00,510.769,584.779,127.554,110.271,545.199,203.476,77.901,76.566
2018-12-12 04:00:00,527.4,602.791,130.466,111.963,543.117,212.166,81.35,79.118
2018-12-12 05:00:00,576.853,655.299,134.632,117.808,569.843,226.044,88.154,86.627
2018-12-12 06:00:00,705.887,756.611,157.948,145.812,665.243,254.661,104.352,98.081
2018-12-12 07:00:00,806.005,822.789,173.292,155.584,739.187,283.492,112.301,106.407
2018-12-12 08:00:00,812.313,853.616,171.289,159.787,754.333,291.73,116.537,112.901
2018-12-12 09:00:00,770.853,844.505,168.971,160.309,753.887,279.727,108.125,114.046
2018-12-12 10:00:00,743.614,834.274,169.822,157.335,738.341,269.089,105.907,106.716
2018-12-12 11:00:00,709.621,804.952,163.439,148.439,732.968,245.629,116.151,107.081
2018-12-12 12:00:00,684.085,802.083,159.907,140.467,706.424,243.434,117.508,100.851
2018-12-12 13:00:00,672.926,786.892,155.926,127.288,667.451,240.749,106.419,99.134
2018-12-12 14:00:00,654.003,751.932,146.995,119.536,630.994,227.169,93.812,89.785
2018-12-12 15:00:00,650.975,746.191,151.579,124.45,619.754,231.005,94.306,86.652
2018-12-12 16:00:00,680.846,816.364,167.3,135.478,684.61,261.932,107.652,100.507
2018-12-12 17:00:00,756.207,907.377,185.825,155.286,766.257,298.787,122.199,116.097
2018-12-12 18:00:00,799.534,915.464,196.719,163.339,816.355,310.319,125.736,115.609
2018-12-12 19:00:00,810.496,907.252,193.536,168.042,806.94,308.172,124.074,119.369
2018-12-12 20:00:00,791.53,883.17,181.687,153.017,755.642,307.448,120.879,118.194
2018-12-12 21:00:00,746.179,834.287,171.134,143.362,721.677,291.147,115.59,118.378
2018-12-12 22:00:00,692.372,764.135,158.218,135.566,684.839,271.378,112.518,108.932
2018-12-12 23:00:00,614.955,687.092,143.565,123.683,626.505,255.573,104.242,99.911
2018-12-13 00:00:00,561.939,654.669,139.589,115.107,579.375,241.375,95.945,94.1
2018-12-13 01:00:00,522.443,631.391,135.107,110.683,557.267,222.968,86.958,87.988
2018-12-13 02:00:00,522.724,624.007,132.058,114.27,561.09,219.162,84.426,83.252
2018-12-13 03:00:00,533.296,627.167,139.475,114.618,565.558,223.36,85.358,83.699
2018-12-13 04:00:00,556.847,649.475,146.609,118.868,580.769,235.77,91.865,88.042
2018-12-13 05:00:00,613.787,703.479,154.785,129.057,629.167,250.544,96.876,91.734
2018-12-13 06:00:00,731.999,808.152,179.511,158.716,713.096,277.376,115.824,104.303
2018-12-13 07:00:00,807.019,875.114,194.427,169.703,794.551,307.579,123.119,114.905
2018-12-13 08:00:00,839.119,923.193,207.536,175.447,837.798,319.082,123.633,122.049
2018-12-13 09:00:00,863.187,942.251,208.651,176.708,838.757,305.004,117.985,119.558
2018-12-13 10:00:00,857.29,955.265,209.544,174.243,839.557,301.14,119.611,125.509
2018-12-13 11:00:00,827.106,950.517,202.642,177.168,850.783,290.476,124.451,126.143
2018-12-13 12:00:00,819.322,945.437,202.107,179.947,863.41,280.208,125.242,111.4
2018-12-13 13:00:00,793.618,918.627,198.661,168.559,821.823,272.492,117.645,106.058
2018-12-13 14:00:00,778.334,895.786,189.181,164.151,791.008,273.283,107.953,101.904
2018-12-13 15:00:00,774.594,889.945,192.657,168.821,796.046,275.193,107.397,102.457
2018-12-13 16:00:00,814.909,949.592,206.57,177.015,842.897,291.568,113.973,110.416
2018-12-13 17:00:00,858.994,984.808,211.784,180.73,876.074,317.166,123.255,113.147
2018-12-13 18:00:00,863.385,987.102,215.377,185.366,898.195,317.151,126.504,116.833
2018-12-13 19:00:00,840.205,968.226,210.197,185.154,874.897,310.631,123.893,114.316
2018-12-13 20:00:00,796.351,909.564,194.326,175.096,835.491,285.513,116.731,118.56
2018-12-13 21:00:00,723.669,836.923,179.421,163.81,780.053,263.82,107.983,110.636
2018-12-13 22:00:00,660.833,765.68,163.554,142.351,707.881,241.99,101.006,102.21
2018-12-13 23:00:00,576.676,678.797,145.037,123.579,630.628,219.017,89.959,87.665
2018-12-14 00:00:00,524.75,623.044,137.075,113.732,568.987,203.945,84.522,84.81
2018-12-14 01:00:00,494.582,595.412,128.062,107.001,547.089,187.132,77.375,79.489
2018-12-14 02:00:00,483.768,585.898,126.126,108.724,545.705,184.586,71.412,71.345
2018-12-14 03:00:00,485.004,580.922,129.11,107.275,537.554,186.365,72.73,71.219
2018-12-14 04:00:00,493.337,597.78,128.578,109.341,537.979,200.842,78.066,74.308
2018-12-14 05:00:00,538.219,643.765,131.552,121.626,588.927,222.921,89.083,85.814
2018-12-14 06:00:00,650.472,736.271,156.852,153.479,698.114,264.917,107.674,104.7
2018-12-14 07:00:00,724.714,802.505,176.893,166.807,761.72,286.059,115.925,111.183
2018-12-14 08:00:00,754.289,825.239,173.391,165.001,776.491,281.047,113.547,113.983
2018-12-14 09:00:00,743.508,839.657,168.692,163.471,766.206,259.545,112.019,112.767
2018-12-14 10:00:00,732.248,837.201,162.846,159.868,761.109,248.312,112.695,106.929
2018-12-14 11:00:00,723.785,831.791,160.123,149.895,748.513,233.133,106.01,101.708
2018-12-14 12:00:00,710.887,810.457,157.177,138.193,724.86,220.029,99.789,94.587
2018-12-14 13:00:00,676.273,785.063,151.261,126.224,666.778,209.339,98.035,84.738
2018-12-14 14:00:00,659.043,758.986,144.521,121.574,634.15,202.424,88.499,82.642
2018-12-14 15:00:00,651.182,756.344,140.16,127.201,640.234,211.789,93.603,80.788
2018-12-14 16:00:00,679.381,791.124,151.788,133.147,674.249,229.486,97.397,87.921
2018-12-14 17:00:00,730.191,842.544,161.66,143.574,729.436,251.486,104.9,98.169
2018-12-14 18:00:00,743.529,855.552,171.676,148.21,756.69,271.008,110.35,103.793
2018-12-14 19:00:00,727.11,818.689,171.282,147.109,733.992,263.656,109.548,101.832
2018-12-14 20:00:00,687.775,775.875,157.452,143.009,693.287,252.54,107.218,100.061
2018-12-14 21:00:00,623.351,709.593,141.031,139.291,648.347,237.673,95.55,92.594
2018-12-14 22:00:00,543.633,627.476,127.327,117.927,579.01,207.085,88.593,82.578
2018-12-14 23:00:00,465.901,553.496,107.071,99.001,499.286,184.232,78.068,75.256
2018-12-15 00:00:00,422.44,501.205,96.043,84.111,453.259,169.109,67.105,72.213
2018-12-15 01:00:00,385.736,470.208,88.513,79.726,433.084,153.298,62.484,62.133
2018-12-15 02:00:00,385.43,456.294,85.136,81.918,426.581,145.099,58.061,60.513
2018-12-15 03:00:00,394.574,452.977,89.85,78.998,422.507,141.589,58.387,58.064
2018-12-15 04:00:00,400.457,464.67,92.689,78.604,424.372,147.884,57.329,60.631
2018-12-15 05:00:00,415.306,479.739,96.09,82.464,430.112,149.821,57.637,64.553
2018-12-15 06:00:00,472.909,527.672,106.855,93.909,476.208,170.321,67.264,65.857
2018-12-15 07:00:00,526.31,570.4,117.852,104.081,523.404,193.269,77.166,73.568
2018-12-15 08:00:00,588.877,623.927,128.69,118.502,575.423,204.867,87.046,83.14
2018-12-15 09:00:00,631.519,662.525,139.773,129.803,614.852,217.458,91.539,84.603
2018-12-15 10:00:00,628.428,669.612,143.069,127.772,597.535,223.689,95.457,87.442
2018-12-15 11:00:00,611.02,655.058,136.702,121.322,585.961,215.23,87.812,84.618
2018-12-15 12:00:00,614.714,634.712,134.816,120.962,586.793,205.605,88.908,81.691
2018-12-15 13:00:00,609.837,630.211,137.233,112.653,569.734,195.357,85.666,80.648
2018-12-15 14:00:00,590.06,625.461,129.226,107.974,550.253,191.321,81.279,81.954
2018-12-15 15:00:00,602.694,663.18,126.727,117.69,558.655,193.907,83.317,82.23
2018-12-15 16:00:00,643.83,713.42,137.62,130.241,610.461,219.311,99.478,87.858
2018-12-15 17:00:00,705.093,772.258,153.241,139.45,673.577,248.894,110.857,96.871
2018-12-15 18:00:00,718.732,788.847,161.87,140.37,693.91,245.7,113.698,100.146
2018-12-15 19:00:00,695.254,779.572,159.68,139.026,682.899,242.061,110.344,103.576
2018-12-15 20:00:00,655.883,750.958,157.195,129.032,645.07,235.185,103.036,95.963
2018-12-15 21:00:00,617.195,708.703,145.768,118.514,601.004,221.934,93.929,87.193
2018-12-15 22:00:00,548.092,631.936,127.97,105.596,548.475,205.78,81.5,85.247
2018-12-15 23:00:00,482.156,559.695,113.522,90.5,482.235,187.776,70.948,74.807
2018-12-16 00:00:00,433.323,516.406,102.122,85.416,434.7,167.091,64.07,69.134
2018-12-16 01:00:00,418.086,499.509,99.442,79.393,419.07,156.822,60.348,64.471
2018-12-16 02:00:00,411.549,503.678,101.904,80.44,417.203,153.853,59.597,62.593
2018-12-16 03:00:00,410.097,507.191,104.848,80.835,414.486,155.46,60.639,69.159
2018-12-16 04:00:00,424.524,500.901,104.973,84.653,432.993,166.034,62.853,63.738
2018-12-16 05:00:00,452.937,519.169,109.334,89.025,460.918,172.724,65.503,63.442
2018-12-16 06:00:00,515.857,567.54,126.867,105.438,506.224,192.317,75.62,70.542
2018-12-16 07:00:00,557.041,612.425,140.458,112.172,548.476,207.889,80.967,74.768
2018-12-16 08:00:00,625.119,661.26,155.365,129.425,617.68,225.891,93.125,85.271
2018-12-16 09:00:00,664.908,713.339,166.726,138.913,663.098,237.657,100.218,92.701
2018-12-16 10:00:00,677.775,723.324,171.385,146.227,674.618,253.497,101.815,102.575
2018-12-16 11:00:00,680.769,705.379,168.446,148.19,673.46,254.7,108.605,101.168
2018-12-16 12:00:00,685.274,714.05,169.172,144.768,672.721,249.647,108.462,97.325
2018-12-16 13:00:00,678.11,710.686,158.675,134.408,654.056,245.476,99.293,89.112
2018-12-16 14:00:00,657.573,704.749,154.505,130.891,636.21,242.104,96.32,89.686
2018-12-16 15:00:00,669.201,702.323,157.323,131.17,635.919,235.209,104.886,89.719
2018-12-16 16:00:00,697.436,770.414,174.018,143.766,690.588,256.221,109.161,93.121
2018-12-16 17:00:00,733.21,811.627,187.175,154.362,742.429,267.266,115.343,103.914
2018-12-16 18:00:00,754.645,841.574,193.491,160.992,772.578,276.075,118.564,105.635
2018-12-16 19:00:00,737.908,833.158,193.921,159.039,771.322,272.155,120.141,107.103
2018-12-16 20:00:00,707.29,796.785,183.632,150.606,709.429,257.982,111.214,101.605
2018-12-16 21:00:00,647.014,748.274,169.636,134.497,664.695,236.152,100.175,97.741
2018-12-16 22:00:00,578.425,688.553,148.238,122.779,623.576,215.522,89.332,90.532
2018-12-16 23:00:00,522.656,617.573,131.102,115.307,588.955,196.837,79.458,80.717
2018-12-17 00:00:00,477.561,578.233,119.107,101.413,527.588,181.451,75.313,71.844
2018-12-17 01:00:00,450.033,554.17,114.058,93.741,482.882,165.007,66.471,65.648
2018-12-17 02:00:00,444.114,546.076,114.71,93.119,476.123,161.824,64.311,63.724
2018-12-17 03:00:00,446.317,547.224,115.979,91.701,469.409,163.537,65.207,62.802
2018-12-17 04:00:00,456.895,551.686,114.194,92.352,470.437,172.075,68.203,64.587
2018-12-17 05:00:00,502.168,588.306,117.096,99.844,498.955,183.389,73.994,70.595
2018-12-17 06:00:00,614.32,677.3,138.267,122.985,584.486,219.261,90.381,84.129
2018-12-17 07:00:00,699.684,758.207,161.488,138.284,656.627,245.154,99.595,94.37
2018-12-17 08:00:00,732.635,787.033,162.183,136.908,677.521,254.771,109.806,110.21
2018-12-17 09:00:00,748.592,789.955,157.892,135.648,669.89,257.734,108.985,102.808
2018-12-17 10:00:00,752.803,823.071,159.802,144.458,694.608,263.796,114.865,104.489
2018-12-17 11:00:00,720.711,830.767,161.145,145.348,723.49,261.972,120.819,108.616
2018-12-17 12:00:00,718.285,832.456,156.269,142.446,719.783,254.797,113.215,100.996
2018-12-17 13:00:00,692.093,822.176,158.747,136.714,686.589,243.141,108.027,100.424
2018-12-17 14:00:00,647.981,787.755,153.947,127.049,658.17,238.799,100.923,95.291
2018-12-17 15:00:00,644.959,799.792,155.422,126.535,645.781,241.712,100.023,94.42
2018-12-17 16:00:00,697.233,844.804,173.651,135.223,701.488,264.118,111.199,102.561
2018-12-17 17:00:00,754.312,894.378,183.033,143.042,759.943,287.401,121.254,108.824
2018-12-17 18:00:00,779.947,891.92,182.997,156.313,782.358,290.329,120.294,110.855
2018-12-17 19:00:00,770.586,840.596,175.053,151.589,767.018,279.854,118.276,107.495
2018-12-17 20:00:00,726.49,800.536,167.182,144.541,722.089,264.837,107.159,104.593
2018-12-17 21:00:00,659.011,745.233,155.544,132.13,670.199,243.413,102.363,97.539
2018-12-17 22:00:00,607.536,687.524,144.569,121.475,605.945,218.998,95.867,91.461
2018-12-17 23:00:00,543.671,653.008,128.125,105.521,545.098,207.073,90.289,85.894
2018-12-18 00:00:00,491.556,631.788,120.884,99.696,511.283,199.999,82.976,80.476
2018-12-18 01:00:00,471.788,592.764,123.136,99.489,517.466,181.046,75.285,71.227
2018-12-18 02:00:00,480.781,613.445,126.463,111.358,556.927,191.706,78.148,73.45
2018-12-18 03:00:00,509.48,655.294,141.955,120.801,600.138,204.746,86.673,78.231
2018-12-18 04:00:00,540.687,697.132,155.455,136.95,657.755,222.057,92.32,82.036
2018-12-18 05:00:00,602.567,731.993,162.439,136.912,664.492,254.873,99.144,95.408
2018-12-18 06:00:00,740.737,816.613,189.179,170.87,768.944,297.836,122.247,109.858
2018-12-18 07:00:00,816.889,925.945,213.341,186.722,856.294,330.221,133.581,124.577
2018-12-18 08:00:00,833.612,945.172,210.712,185.708,886.521,318.842,129.786,125.483
2018-12-18 09:00:00,860.656,946.817,208.744,195.364,904.217,318.514,125.339,129.393
2018-12-18 10:00:00,853.135,915.464,207.927,189.384,870.758,335.164,137.812,129.433
2018-12-18 11:00:00,787.821,921.381,194.381,187.79,893.074,296.815,125.597,120.024
2018-12-18 12:00:00,773.738,902.968,194.828,169.525,828.578,283.182,122.671,119.049
2018-12-18 13:00:00,731.977,841.625,181.48,152.588,740.671,271.554,116.203,111.266
2018-12-18 14:00:00,682.523,815.914,179.033,139.861,703.705,262.424,105.191,99.09
2018-12-18 15:00:00,684.87,812.776,172.673,145.747,720.713,260.948,105.241,98.011
2018-12-18 16:00:00,734.065,880.733,184.131,160.488,781.603,289.476,116.788,110.107
2018-12-18 17:00:00,812.495,954.749,199.881,173.51,818.492,324.872,128.425,115.957
2018-12-18 18:00:00,843.93,1008.404,205.864,182.021,856.14,343.464,136.723,125.211
2018-12-18 19:00:00,834.311,1023.297,206.667,182.276,862.573,339.011,137.562,127.256
2018-12-18 20:00:00,800.228,943.491,199.205,179.879,837.289,327.293,129.917,123.852
2018-12-18 21:00:00,752.568,867.074,190.614,168.411,813.31,303.784,128.263,116.952
2018-12-18 22:00:00,710.455,796.435,173.58,149.692,745.018,279.414,117.532,108.661
2018-12-18 23:00:00,638.538,718.511,161.609,137.664,683.515,265.063,105.28,101.96
2018-12-19 00:00:00,605.888,670.985,155.884,130.266,647.675,253.676,99.378,96.693
2018-12-19 01:00:00,586.553,636.315,147.899,129.105,627.581,232.387,90.474,87.303
2018-12-19 02:00:00,584.299,633.731,148.211,133.081,637.739,235.44,89.355,89.751
2018-12-19 03:00:00,590.626,647.73,154.355,140.566,660.421,235.951,89.928,88.245
2018-12-19 04:00:00,603.203,681.65,158.0,144.216,675.554,243.125,94.377,88.83
2018-12-19 05:00:00,666.608,730.834,164.083,155.523,733.146,259.406,105.1,96.168
2018-12-19 06:00:00,812.413,816.433,186.251,181.539,817.644,304.093,121.421,112.262
2018-12-19 07:00:00,877.834,899.977,204.535,194.734,894.542,335.483,129.987,128.152
2018-12-19 08:00:00,868.234,908.966,202.558,192.41,883.595,318.45,130.869,129.271
2018-12-19 09:00:00,831.931,884.38,192.881,175.706,822.406,295.364,128.019,122.027
2018-12-19 10:00:00,804.106,858.263,183.734,161.93,784.768,280.839,116.627,115.368
2018-12-19 11:00:00,750.943,838.477,181.572,149.367,747.215,256.6,113.607,108.485
2018-12-19 12:00:00,722.191,807.318,169.675,141.843,709.979,243.782,109.148,103.25
2018-12-19 13:00:00,685.615,772.24,159.207,129.71,652.737,226.293,103.991,98.923
2018-12-19 14:00:00,641.583,736.634,147.394,120.797,618.763,214.763,94.285,89.401
2018-12-19 15:00:00,634.57,733.921,146.895,123.587,635.289,210.074,93.182,88.301
2018-12-19 16:00:00,706.472,781.586,160.235,137.17,694.533,245.217,104.469,95.026
2018-12-19 17:00:00,781.937,863.29,179.809,152.758,782.914,293.026,117.887,113.516
2018-12-19 18:00:00,821.247,879.868,187.303,164.258,824.689,310.005,124.256,118.379
2018-12-19 19:00:00,814.16,871.843,184.91,167.377,812.749,311.673,127.773,114.315
2018-12-19 20:00:00,797.733,845.353,178.984,169.278,786.218,299.771,125.331,119.428
2018-12-19 21:00:00,758.915,796.001,163.494,158.123,793.524,283.135,114.402,108.211
2018-12-19 22:00:00,687.941,739.123,151.442,143.611,733.225,257.748,113.249,106.129
2018-12-19 23:00:00,625.459,653.489,137.139,135.61,666.586,244.851,101.838,105.378
2018-12-20 00:00:00,589.783,598.725,124.931,127.037,624.944,233.653,97.724,99.965
2018-12-20 01:00:00,562.938,590.159,117.592,121.729,603.392,218.324,86.213,88.01
2018-12-20 02:00:00,564.769,577.388,118.971,123.426,599.298,218.779,83.086,87.15
2018-12-20 03:00:00,567.337,587.123,120.76,125.813,604.526,224.352,86.401,86.874
2018-12-20 04:00:00,588.599,614.452,122.149,128.077,610.103,239.003,90.641,89.287
2018-12-20 05:00:00,632.843,666.21,129.221,138.355,657.617,257.903,99.886,95.502
2018-12-20 06:00:00,748.058,778.452,153.625,170.547,748.202,293.427,116.638,110.789
2018-12-20 07:00:00,829.152,839.232,177.46,184.778,820.367,323.134,126.326,120.637
2018-12-20 08:00:00,825.704,866.843,177.397,175.288,820.013,314.577,122.786,126.558
2018-12-20 09:00:00,787.972,838.749,161.754,155.11,759.168,293.797,117.509,119.745
2018-12-20 10:00:00,737.927,814.087,156.352,142.511,711.818,268.968,115.819,110.896
2018-12-20 11:00:00,686.211,793.137,148.798,132.584,676.464,238.052,115.404,97.816
2018-12-20 12:00:00,652.374,763.461,141.233,127.817,660.606,220.796,100.728,89.348
2018-12-20 13:00:00,625.9,735.522,139.647,115.394,621.435,209.805,92.635,83.961
2018-12-20 14:00:00,613.913,714.777,131.325,110.552,595.739,204.081,86.304,80.306
2018-12-20 15:00:00,616.03,715.932,137.663,115.738,595.299,208.875,86.586,81.913
2018-12-20 16:00:00,666.4,742.543,153.026,129.616,649.781,231.751,96.062,89.667
2018-12-20 17:00:00,722.515,803.396,173.907,139.312,715.836,266.065,113.378,99.597
2018-12-20 18:00:00,737.794,825.601,175.148,148.157,743.789,276.514,116.617,100.591
2018-12-20 19:00:00,719.512,808.484,168.041,145.857,727.038,264.426,112.208,99.14
2018-12-20 20:00:00,686.296,762.328,157.361,136.982,681.829,252.657,108.8,100.577
2018-12-20 21:00:00,638.956,710.609,143.371,123.716,641.484,232.704,101.913,96.791
2018-12-20 22:00:00,555.814,658.595,124.513,109.339,574.91,206.97,95.676,89.402
2018-12-20 23:00:00,486.379,586.22,105.793,93.613,492.67,179.533,81.399,76.94
2018-12-21 00:00:00,433.576,531.016,95.119,83.479,447.205,165.814,71.032,66.36
2018-12-21 01:00:00,389.935,498.112,87.738,79.312,427.483,153.915,63.271,61.019
2018-12-21 02:00:00,360.02,486.059,85.984,82.796,434.024,144.975,58.346,57.837
2018-12-21 03:00:00,353.276,487.029,85.069,82.267,420.576,136.32,55.091,52.706
2018-12-21 04:00:00,358.617,504.365,88.036,81.014,410.871,132.906,54.601,51.017
2018-12-21 05:00:00,385.466,544.048,91.311,83.307,419.178,146.13,57.253,56.635
2018-12-21 06:00:00,483.006,638.436,105.824,98.097,479.61,169.814,70.676,62.349
2018-12-21 07:00:00,554.754,694.74,120.574,108.515,540.242,180.713,83.851,69.588
2018-12-21 08:00:00,573.967,723.689,126.342,114.97,559.774,189.576,87.768,78.482
2018-12-21 09:00:00,595.485,740.303,127.996,118.978,575.007,190.924,84.116,80.477
2018-12-21 10:00:00,606.638,751.073,133.018,115.256,593.228,196.115,87.089,84.339
2018-12-21 11:00:00,603.946,750.027,135.661,112.906,583.143,196.131,88.39,87.858
2018-12-21 12:00:00,602.769,739.791,127.125,111.579,586.809,189.476,85.747,82.254
2018-12-21 13:00:00,584.068,704.556,119.02,102.549,565.122,182.789,84.402,77.41
2018-12-21 14:00:00,549.794,688.518,116.929,103.778,533.569,179.906,82.467,75.183
2018-12-21 15:00:00,547.807,679.658,117.078,106.969,532.841,187.419,78.091,71.671
2018-12-21 16:00:00,585.377,706.978,126.19,113.609,562.389,190.903,84.643,73.912
2018-12-21 17:00:00,639.797,748.411,140.31,116.292,618.051,215.652,97.27,81.121
2018-12-21 18:00:00,661.676,765.094,149.612,131.677,644.809,230.915,101.423,90.83
2018-12-21 19:00:00,637.105,732.346,147.95,120.619,629.003,216.812,100.305,87.369
2018-12-21 20:00:00,597.792,687.794,129.148,114.455,590.47,196.455,94.395,83.193
2018-12-21 21:00:00,552.773,630.474,117.108,101.837,532.732,183.952,85.91,75.402
2018-12-21 22:00:00,490.474,551.03,104.966,88.257,466.403,159.612,71.85,68.563
2018-12-21 23:00:00,416.223,473.299,92.177,72.765,390.02,140.335,57.815,58.597
2018-12-22 00:00:00,362.699,412.261,79.352,65.115,352.192,120.036,48.393,52.452
2018-12-22 01:00:00,329.552,387.916,71.461,58.679,331.076,111.462,43.135,47.116
2018-12-22 02:00:00,320.964,382.292,70.761,57.553,317.809,106.118,41.933,45.125
2018-12-22 03:00:00,319.401,388.417,72.136,57.949,320.385,106.916,42.855,44.523
2018-12-22 04:00:00,325.13,392.136,72.583,58.6,328.542,113.668,44.17,46.218
2018-12-22 05:00:00,341.936,405.146,77.333,62.698,341.742,119.235,47.614,47.731
2018-12-22 06:00:00,396.013,457.208,86.54,79.885,398.722,136.42,55.11,52.765
2018-12-22 07:00:00,463.735,513.854,98.653,88.187,448.896,160.381,64.4,65.394
2018-12-22 08:00:00,550.411,591.494,114.551,92.676,505.529,179.646,72.295,66.681
2018-12-22 09:00:00,608.026,667.281,135.911,109.555,567.487,199.945,83.025,81.456
2018-12-22 10:00:00,629.282,709.589,142.288,122.698,609.868,227.909,91.085,92.165
2018-12-22 11:00:00,625.101,712.3,144.887,122.057,626.594,238.414,94.818,93.612
2018-12-22 12:00:00,636.747,708.188,147.127,130.287,613.625,234.479,95.343,89.435
2018-12-22 13:00:00,627.382,741.317,145.436,125.968,615.4,235.319,93.925,89.296
2018-12-22 14:00:00,613.641,741.084,136.954,116.235,601.003,232.978,102.523,92.239
2018-12-22 15:00:00,616.174,754.985,143.702,125.346,628.991,238.639,104.408,95.188
2018-12-22 16:00:00,675.118,787.692,153.768,141.439,680.452,250.545,107.879,99.159
2018-12-22 17:00:00,756.8,869.432,177.217,146.805,726.561,269.849,121.843,108.822
2018-12-22 18:00:00,769.42,877.235,181.386,152.384,753.707,283.579,117.983,111.567
2018-12-22 19:00:00,764.346,862.459,181.407,154.939,754.82,276.844,114.83,112.776
2018-12-22 20:00:00,728.535,817.073,173.1,146.278,704.637,267.497,113.375,105.43
2018-12-22 21:00:00,671.944,757.685,160.914,131.638,665.718,251.991,99.728,99.3
2018-12-22 22:00:00,598.187,704.502,143.79,116.443,606.387,215.279,87.008,90.543
2018-12-22 23:00:00,522.149,631.772,126.005,104.58,531.359,192.723,80.324,81.558
2018-12-23 00:00:00,458.474,565.943,114.923,92.536,482.007,177.007,71.203,69.588
2018-12-23 01:00:00,432.855,514.438,111.436,89.313,461.311,172.767,67.095,64.64
2018-12-23 02:00:00,435.287,509.521,110.863,93.361,473.943,164.529,63.276,62.776
2018-12-23 03:00:00,438.172,500.588,114.087,101.571,498.502,163.196,65.07,62.342
2018-12-23 04:00:00,454.317,509.344,117.807,103.035,510.438,174.414,66.917,66.225
2018-12-23 05:00:00,478.484,542.458,121.947,103.733,524.493,185.144,70.402,67.557
2018-12-23 06:00:00,538.979,607.468,135.078,120.089,556.228,213.289,82.106,77.655
2018-12-23 07:00:00,584.733,672.987,146.208,132.667,601.293,241.83,92.566,90.119
2018-12-23 08:00:00,628.358,702.169,157.127,139.847,632.565,248.856,106.902,93.317
2018-12-23 09:00:00,622.985,720.462,159.336,142.866,638.089,243.808,107.358,97.014
2018-12-23 10:00:00,637.639,722.861,156.915,135.705,626.517,245.89,110.547,91.896
2018-12-23 11:00:00,617.062,705.561,151.054,137.325,647.171,240.127,111.197,94.162
2018-12-23 12:00:00,609.142,675.056,143.112,133.427,615.311,242.364,103.407,87.755
2018-12-23 13:00:00,577.937,641.906,139.631,128.044,578.836,216.597,95.169,81.936
2018-12-23 14:00:00,559.836,627.766,129.717,113.925,532.217,204.586,91.614,76.818
2018-12-23 15:00:00,560.168,643.22,133.967,111.488,545.267,209.754,94.981,77.371
2018-12-23 16:00:00,619.592,713.545,139.658,124.768,618.347,233.955,105.924,87.378
2018-12-23 17:00:00,711.845,796.474,158.749,146.058,719.824,269.276,117.604,98.541
2018-12-23 18:00:00,757.342,840.126,171.232,154.958,740.18,289.096,126.245,106.16
2018-12-23 19:00:00,751.951,817.312,170.923,156.876,736.742,285.91,124.524,111.526
2018-12-23 20:00:00,719.94,784.651,172.989,158.034,711.883,281.815,111.958,108.12
2018-12-23 21:00:00,656.69,740.174,165.995,144.41,671.04,267.449,105.712,98.718
2018-12-23 22:00:00,596.956,694.477,146.276,127.961,612.892,244.598,94.726,93.892
2018-12-23 23:00:00,539.083,621.193,132.813,115.442,556.198,223.365,85.443,84.324
2018-12-24 00:00:00,502.462,574.389,122.984,102.203,534.214,202.759,78.61,76.778
2018-12-24 01:00:00,473.653,545.267,116.662,97.003,500.857,188.077,72.143,71.761
2018-12-24 02:00:00,466.584,536.264,116.692,99.722,499.331,178.903,68.432,69.172
2018-12-24 03:00:00,472.334,538.498,121.203,99.617,496.056,179.076,69.091,68.363
2018-12-24 04:00:00,490.435,567.978,125.107,103.505,511.949,187.373,72.071,69.071
2018-12-24 05:00:00,535.432,619.662,129.586,113.188,549.121,201.165,79.803,73.95
2018-12-24 06:00:00,649.567,716.076,149.616,140.603,636.551,240.144,99.371,90.91
2018-12-24 07:00:00,733.343,795.755,169.016,157.746,716.037,264.042,107.605,101.719
2018-12-24 08:00:00,762.011,839.736,174.853,158.768,759.799,274.627,110.38,109.51
2018-12-24 09:00:00,781.137,861.421,177.861,160.519,778.98,280.378,113.141,115.506
2018-12-24 10:00:00,794.674,892.069,184.439,167.119,797.058,289.665,121.149,116.137
2018-12-24 11:00:00,764.508,900.858,178.108,159.838,806.807,288.285,127.129,117.19
2018-12-24 12:00:00,715.577,866.791,169.347,160.986,791.509,282.748,118.914,114.427
2018-12-24 13:00:00,677.729,814.691,161.777,144.45,723.147,261.746,111.618,106.835
2018-12-24 14:00:00,636.929,777.049,147.687,130.892,655.577,249.269,102.212,94.451
2018-12-24 15:00:00,656.174,754.128,143.534,126.55,641.823,254.763,100.78,90.376
2018-12-24 16:00:00,703.901,792.36,158.301,135.285,675.321,259.714,103.458,95.873
2018-12-24 17:00:00,764.698,852.243,174.644,147.417,740.19,271.073,114.435,102.498
2018-12-24 18:00:00,785.824,868.062,180.348,155.092,773.11,288.121,120.681,109.854
2018-12-24 19:00:00,758.534,845.946,180.041,152.981,765.019,298.189,120.554,112.06
2018-12-24 20:00:00,713.397,802.893,173.153,146.593,726.892,287.672,117.704,113.241
2018-12-24 21:00:00,675.046,766.547,158.68,134.366,683.728,261.264,109.621,107.023
2018-12-24 22:00:00,617.922,709.748,142.961,123.623,622.341,229.989,100.094,96.458
2018-12-24 23:00:00,539.271,622.15,133.951,110.803,564.798,214.71,89.124,84.297
2018-12-25 00:00:00,499.648,565.633,123.061,101.363,519.012,194.747,78.629,76.264
2018-12-25 01:00:00,468.324,543.876,111.123,98.791,506.744,181.814,72.613,72.594
2018-12-25 02:00:00,470.348,529.319,111.871,106.165,523.497,176.909,71.861,71.366
2018-12-25 03:00:00,483.093,524.436,114.845,108.087,532.588,177.642,71.125,69.952
2018-12-25 04:00:00,492.771,543.194,119.079,110.948,540.64,192.519,75.402,71.341
2018-12-25 05:00:00,530.6,600.38,123.603,115.255,579.544,205.674,81.536,78.8
2018-12-25 06:00:00,628.408,717.368,143.933,142.682,661.907,235.691,98.249,91.937
2018-12-25 07:00:00,717.611,793.801,163.393,157.107,734.546,272.686,111.962,102.093
2018-12-25 08:00:00,728.725,810.89,170.324,152.885,734.86,273.755,109.506,103.501
2018-12-25 09:00:00,721.922,825.215,166.488,150.065,733.578,260.989,106.119,107.374
2018-12-25 10:00:00,722.861,838.853,154.465,150.527,728.847,265.671,115.201,110.058
2018-12-25 11:00:00,711.993,823.297,154.78,144.003,705.566,256.54,112.333,101.987
2018-12-25 12:00:00,714.962,815.145,157.41,139.775,704.69,246.848,103.957,98.163
2018-12-25 13:00:00,671.57,782.731,152.791,133.461,674.731,237.79,105.077,95.156
2018-12-25 14:00:00,633.615,756.232,141.974,124.996,640.952,219.085,95.28,90.18
2018-12-25 15:00:00,629.244,746.66,144.393,125.969,631.237,222.148,94.637,86.618
2018-12-25 16:00:00,676.715,815.762,158.927,144.376,691.233,255.365,105.16,98.694
2018-12-25 17:00:00,745.621,887.099,174.889,155.182,749.835,291.787,120.84,112.49
2018-12-25 18:00:00,768.956,905.435,189.244,167.711,812.945,301.433,123.758,111.431
2018-12-25 19:00:00,759.01,887.624,186.396,168.738,806.458,292.567,120.852,112.719
2018-12-25 20:00:00,740.354,859.827,183.415,167.24,778.105,282.848,114.952,111.57
2018-12-25 21:00:00,703.853,792.45,168.902,153.252,755.876,267.155,108.433,108.54
2018-12-25 22:00:00,651.213,737.101,155.378,141.5,699.117,250.697,99.698,97.55
2018-12-25 23:00:00,582.691,657.641,141.945,130.433,632.921,228.958,94.866,87.077
2018-12-26 00:00:00,542.834,599.55,136.74,122.795,608.787,219.435,86.713,85.135
2018-12-26 01:00:00,514.671,591.064,130.085,119.437,594.46,205.598,80.578,79.053
2018-12-26 02:00:00,513.768,596.891,132.336,123.707,600.689,206.262,80.719,79.644
2018-12-26 03:00:00,525.952,616.545,137.945,127.842,618.952,210.898,82.07,80.357
2018-12-26 04:00:00,559.026,640.132,140.167,130.615,624.825,219.706,85.236,81.357
2018-12-26 05:00:00,610.383,700.67,143.058,137.929,659.534,230.817,90.827,85.33
2018-12-26 06:00:00,713.018,804.7,168.929,166.978,761.736,266.321,113.681,99.97
2018-12-26 07:00:00,787.243,877.885,194.842,178.548,833.432,303.458,121.556,114.623
2018-12-26 08:00:00,814.901,888.181,199.785,177.094,840.335,296.391,124.194,117.47
2018-12-26 09:00:00,836.933,877.553,185.209,175.368,824.442,271.067,115.744,118.969
2018-12-26 10:00:00,823.304,855.287,181.891,171.889,793.205,272.891,119.736,109.924
2018-12-26 11:00:00,775.121,841.453,171.064,156.579,773.043,255.779,117.988,109.157
2018-12-26 12:00:00,728.208,818.718,166.254,145.149,754.283,248.463,112.743,103.113
2018-12-26 13:00:00,713.004,783.829,159.799,132.777,683.451,239.98,104.937,99.981
2018-12-26 14:00:00,693.792,762.481,148.274,132.074,654.472,233.899,98.914,88.388
2018-12-26 15:00:00,697.115,772.497,153.381,133.315,664.901,237.271,98.265,85.167
2018-12-26 16:00:00,726.571,808.304,165.517,142.132,711.871,259.398,113.75,97.127
2018-12-26 17:00:00,803.435,865.865,184.237,156.185,780.719,281.684,123.279,106.347
2018-12-26 18:00:00,838.626,879.178,193.161,169.044,819.447,297.077,124.13,114.354
2018-12-26 19:00:00,812.255,864.79,181.733,166.305,795.856,301.345,122.396,112.257
2018-12-26 20:00:00,797.724,836.849,178.484,161.109,780.876,294.138,117.194,113.061
2018-12-26 21:00:00,746.56,772.528,170.916,150.681,751.874,278.149,107.18,105.834
2018-12-26 22:00:00,668.252,689.868,159.87,136.475,679.354,254.471,101.64,102.709
2018-12-26 23:00:00,575.494,606.033,136.723,124.127,612.713,222.944,91.982,86.152
2018-12-27 00:00:00,512.754,562.289,124.272,110.678,557.945,201.059,82.317,81.268
2018-12-27 01:00:00,478.022,534.059,115.857,106.289,529.319,185.871,73.428,74.893
2018-12-27 02:00:00,466.36,525.653,117.663,106.675,524.878,181.321,71.759,70.538
2018-12-27 03:00:00,466.566,538.745,121.608,106.056,526.381,181.655,71.398,69.357
2018-12-27 04:00:00,489.538,558.363,124.254,111.335,535.27,190.552,73.579,70.268
2018-12-27 05:00:00,531.478,592.053,128.234,121.395,588.534,194.023,77.984,72.593
2018-12-27 06:00:00,659.078,702.185,153.007,152.76,687.789,223.163,95.363,87.188
2018-12-27 07:00:00,757.308,801.77,173.006,168.736,751.472,254.102,106.079,97.303
2018-12-27 08:00:00,769.426,803.286,174.507,158.931,736.84,256.132,107.422,103.109
2018-12-27 09:00:00,752.618,822.859,173.876,157.468,722.709,252.672,106.733,106.834
2018-12-27 10:00:00,746.816,834.253,168.271,150.045,697.878,250.891,112.392,105.451
2018-12-27 11:00:00,714.121,807.975,160.367,144.187,695.754,242.471,109.969,99.459
2018-12-27 12:00:00,667.673,792.854,155.899,136.733,688.104,231.657,110.995,95.367
2018-12-27 13:00:00,647.521,763.928,149.158,130.37,643.192,216.389,97.021,89.328
2018-12-27 14:00:00,625.394,732.106,140.717,117.862,607.941,211.453,90.943,83.462
2018-12-27 15:00:00,630.6,750.702,140.331,122.039,606.724,219.956,88.754,85.997
2018-12-27 16:00:00,674.655,803.836,152.404,129.527,665.03,238.36,97.832,92.614
2018-12-27 17:00:00,749.568,870.288,174.502,148.616,729.886,278.031,113.177,99.527
2018-12-27 18:00:00,788.293,872.11,181.794,161.168,774.354,292.953,122.563,110.018
2018-12-27 19:00:00,768.67,876.599,179.971,157.359,774.857,290.353,119.356,109.13
2018-12-27 20:00:00,734.853,836.174,174.47,152.24,745.957,268.981,113.23,107.899
2018-12-27 21:00:00,675.637,766.211,162.07,142.19,714.228,251.413,101.727,101.771
2018-12-27 22:00:00,604.038,696.729,148.762,129.048,639.046,228.206,99.652,95.579
2018-12-27 23:00:00,518.488,613.154,124.487,110.226,544.298,204.531,91.561,82.059
2018-12-28 00:00:00,473.208,559.037,113.614,98.772,500.284,187.243,78.04,76.12
2018-12-28 01:00:00,438.749,537.201,106.973,90.533,471.551,172.122,69.809,72.362
2018-12-28 02:00:00,425.262,523.96,108.022,89.559,458.493,165.114,66.351,67.557
2018-12-28 03:00:00,418.038,528.151,109.601,85.027,443.221,163.701,65.023,64.985
2018-12-28 04:00:00,436.636,552.199,113.015,87.233,445.284,167.616,68.541,65.072
2018-12-28 05:00:00,477.571,597.762,118.375,93.508,477.13,175.622,71.115,67.529
2018-12-28 06:00:00,576.701,696.3,136.545,117.184,559.032,202.674,88.788,88.509
2018-12-28 07:00:00,649.092,772.545,154.972,125.986,628.5,231.652,99.226,97.486
2018-12-28 08:00:00,677.087,820.681,154.806,136.594,656.634,238.55,107.625,94.108
2018-12-28 09:00:00,681.361,848.689,158.066,137.337,674.579,236.154,101.725,95.38
2018-12-28 10:00:00,684.591,856.069,160.622,144.041,689.038,242.936,104.486,100.908
2018-12-28 11:00:00,673.577,840.639,162.26,136.008,699.631,239.392,102.596,98.246
2018-12-28 12:00:00,657.175,821.754,150.665,130.503,690.995,225.686,107.412,93.056
2018-12-28 13:00:00,623.826,838.218,149.926,123.775,642.927,213.381,100.44,90.561
2018-12-28 14:00:00,600.849,794.936,136.337,114.737,599.306,204.093,87.054,86.104
2018-12-28 15:00:00,593.963,773.859,133.312,113.922,590.617,206.864,85.926,85.941
2018-12-28 16:00:00,613.935,782.23,136.886,121.338,614.335,218.294,90.498,86.52
2018-12-28 17:00:00,662.871,817.101,146.535,128.746,666.852,232.449,98.828,90.62
2018-12-28 18:00:00,682.437,796.96,154.077,129.837,679.684,233.333,99.919,92.207
2018-12-28 19:00:00,661.083,778.495,151.684,122.349,646.737,223.557,95.618,86.842
2018-12-28 20:00:00,607.095,722.514,138.462,118.168,601.812,209.905,93.539,83.317
2018-12-28 21:00:00,552.376,652.646,123.874,104.951,546.577,191.388,83.459,79.477
2018-12-28 22:00:00,481.299,579.728,113.435,96.9,482.414,170.365,75.81,70.149
2018-12-28 23:00:00,401.01,494.914,95.947,80.887,410.835,141.512,60.885,58.272
2018-12-29 00:00:00,360.849,432.091,82.034,70.406,371.929,125.937,54.272,54.375
2018-12-29 01:00:00,329.023,407.54,75.354,66.88,350.0,114.874,46.793,49.262
2018-12-29 02:00:00,321.315,401.189,71.543,68.75,341.84,108.624,45.219,47.276
2018-12-29 03:00:00,324.154,412.123,76.446,66.124,341.27,109.047,44.461,46.085
2018-12-29 04:00:00,336.014,416.945,73.742,63.215,344.583,116.444,43.904,46.06
2018-12-29 05:00:00,362.906,435.261,77.082,64.503,350.732,120.65,46.957,48.509
2018-12-29 06:00:00,410.909,483.799,89.902,73.024,384.432,138.848,57.37,52.429
2018-12-29 07:00:00,463.759,543.039,99.3,82.299,438.803,166.705,67.501,59.525
2018-12-29 08:00:00,515.443,592.973,112.698,97.469,484.154,190.455,78.732,72.907
2018-12-29 09:00:00,566.831,629.351,127.882,107.445,535.594,196.661,85.653,78.75
2018-12-29 10:00:00,576.998,660.808,124.716,109.37,556.78,200.737,91.59,79.223
2018-12-29 11:00:00,574.717,679.554,127.88,113.321,567.755,196.806,87.745,77.937
2018-12-29 12:00:00,588.146,697.05,132.546,116.983,585.235,194.76,86.087,76.529
2018-12-29 13:00:00,583.221,688.277,131.936,117.051,582.527,205.514,89.043,81.141
2018-12-29 14:00:00,599.104,653.538,127.691,114.504,566.292,193.282,85.576,76.256
2018-12-29 15:00:00,607.203,688.156,132.915,111.961,577.719,194.658,85.759,79.095
2018-12-29 16:00:00,663.818,771.048,143.117,126.222,629.463,216.951,93.376,90.553
2018-12-29 17:00:00,714.283,832.15,163.394,141.185,698.059,250.59,107.47,105.352
2018-12-29 18:00:00,748.324,834.431,168.809,145.216,724.766,264.272,112.725,104.834
2018-12-29 19:00:00,742.835,818.26,159.587,143.891,720.485,263.887,110.858,102.475
2018-12-29 20:00:00,714.764,800.534,164.05,138.48,700.801,253.735,104.72,101.766
2018-12-29 21:00:00,651.127,749.726,152.983,128.593,664.379,242.646,95.824,99.719
2018-12-29 22:00:00,576.337,688.375,141.152,119.437,611.398,241.202,86.666,97.729
2018-12-29 23:00:00,512.889,622.063,125.999,110.338,554.014,208.409,81.782,90.673
2018-12-30 00:00:00,471.193,573.463,116.171,103.211,514.431,190.487,77.992,78.53
2018-12-30 01:00:00,464.87,548.24,113.596,96.923,495.075,182.151,70.555,71.738
2018-12-30 02:00:00,465.4,556.652,116.821,98.686,503.384,183.316,69.627,70.0
2018-12-30 03:00:00,471.513,560.516,120.402,99.502,495.15,182.871,69.614,68.704
2018-12-30 04:00:00,480.633,574.478,126.45,102.502,512.38,194.02,71.605,71.881
2018-12-30 05:00:00,509.861,583.045,136.067,108.728,541.635,204.031,75.976,74.472
2018-12-30 06:00:00,576.688,631.05,146.386,124.828,587.444,231.721,88.062,83.906
2018-12-30 07:00:00,611.471,672.497,155.333,133.828,634.177,247.505,96.166,94.013
2018-12-30 08:00:00,679.952,706.529,168.145,145.423,678.786,258.518,116.329,99.462
2018-12-30 09:00:00,718.319,731.612,177.139,154.19,707.852,266.539,117.692,107.63
2018-12-30 10:00:00,717.387,715.256,177.987,157.47,713.886,256.43,113.098,100.05
2018-12-30 11:00:00,698.704,695.368,175.614,153.157,712.592,247.537,108.524,103.786
2018-12-30 12:00:00,714.654,681.207,173.494,149.495,701.48,238.559,104.218,96.173
2018-12-30 13:00:00,692.348,659.398,165.299,150.095,686.013,228.157,100.893,94.012
2018-12-30 14:00:00,670.196,647.834,160.843,142.684,668.564,217.911,90.501,84.127
2018-12-30 15:00:00,684.504,669.184,162.007,138.568,653.525,218.735,89.488,84.017
2018-12-30 16:00:00,721.708,730.269,172.481,156.88,699.603,236.424,105.038,92.258
2018-12-30 17:00:00,768.403,800.075,185.675,162.384,768.806,267.709,118.565,103.628
2018-12-30 18:00:00,777.685,814.584,185.761,165.473,778.774,280.949,118.092,111.001
2018-12-30 19:00:00,760.044,811.497,184.444,166.769,775.837,286.851,121.284,116.924
2018-12-30 20:00:00,729.451,783.027,172.698,156.913,756.629,283.682,116.374,115.275
2018-12-30 21:00:00,683.988,730.261,163.959,144.132,734.494,277.102,107.568,109.432
2018-12-30 22:00:00,623.622,692.472,152.657,132.304,655.644,253.361,99.442,100.719
2018-12-30 23:00:00,563.24,641.388,131.127,123.84,598.768,232.654,90.334,87.928
2018-12-31 00:00:00,530.353,591.369,126.077,107.89,562.165,220.626,87.215,84.789
2018-12-31 01:00:00,506.128,563.354,122.764,104.347,539.046,198.335,79.334,77.441
2018-12-31 02:00:00,513.337,548.616,125.779,108.746,547.522,186.791,72.347,72.475
2018-12-31 03:00:00,513.875,556.284,135.248,110.385,542.299,198.751,77.548,76.635
2018-12-31 04:00:00,529.129,585.351,133.387,115.321,564.848,211.917,81.693,78.612
2018-12-31 05:00:00,576.456,637.84,135.384,122.513,595.76,227.513,91.522,85.961
2018-12-31 06:00:00,686.027,737.757,154.769,147.086,680.758,253.443,107.075,97.643
2018-12-31 07:00:00,772.744,810.862,173.945,156.419,750.894,281.242,111.317,105.386
2018-12-31 08:00:00,818.837,843.68,175.098,164.367,793.148,296.739,111.576,115.515
2018-12-31 09:00:00,816.798,852.52,174.754,158.65,781.698,291.148,117.5,116.06
2018-12-31 10:00:00,802.179,853.988,171.479,151.794,744.992,283.562,123.57,113.603
2018-12-31 11:00:00,762.047,848.561,173.413,149.167,723.505,254.011,113.419,111.66
2018-12-31 12:00:00,732.251,841.016,165.791,141.595,726.044,253.681,115.685,106.528
2018-12-31 13:00:00,697.97,809.905,161.495,134.744,703.462,246.889,110.099,99.424
2018-12-31 14:00:00,667.114,789.786,155.77,131.106,669.215,239.862,97.968,91.557
2018-12-31 15:00:00,672.063,779.988,153.567,132.186,674.504,247.993,98.105,90.785
2018-12-31 16:00:00,721.278,811.654,162.701,138.524,699.172,258.43,106.635,94.597
2018-12-31 17:00:00,772.588,857.225,179.887,146.57,741.164,279.302,113.287,102.704
2018-12-31 18:00:00,780.668,875.096,184.586,152.757,765.558,290.235,113.718,106.264
2018-12-31 19:00:00,755.238,859.134,179.648,151.486,741.17,283.019,114.703,107.281
2018-12-31 20:00:00,710.357,815.88,181.404,141.798,699.715,268.495,113.76,104.195
2018-12-31 21:00:00,650.751,754.421,162.292,130.406,647.567,248.897,101.304,94.72
2018-12-31 22:00:00,570.229,678.577,143.035,112.133,590.994,217.315,91.027,85.978
2018-12-31 23:00:00,496.192,572.423,124.064,99.428,505.082,188.815,81.948,75.504
