timestamp,drmm3b,drmj54,drmk1g,drmn5n,drm5d0
2018-01-01 00:00:00,25.945,103.362,52.057,350.188,99.223
2018-01-01 01:00:00,34.751,140.05,74.292,470.262,140.788
2018-01-01 02:00:00,36.644,137.281,75.659,462.551,142.771
2018-01-01 03:00:00,36.991,134.863,75.001,461.361,143.646
2018-01-01 04:00:00,38.952,139.296,75.801,471.889,141.987
2018-01-01 05:00:00,42.61,152.945,80.107,501.609,158.549
2018-01-01 06:00:00,50.928,173.633,87.094,558.908,178.803
2018-01-01 07:00:00,57.825,191.414,94.868,608.877,188.119
2018-01-01 08:00:00,60.89,196.497,97.793,624.452,190.308
2018-01-01 09:00:00,51.384,201.452,101.748,625.198,183.488
2018-01-01 10:00:00,51.185,190.795,97.291,621.44,175.23
2018-01-01 11:00:00,49.289,183.307,96.542,609.116,168.522
2018-01-01 12:00:00,45.693,178.401,87.831,587.545,174.16
2018-01-01 13:00:00,43.046,174.026,81.971,559.449,167.661
2018-01-01 14:00:00,44.473,169.633,79.448,540.714,158.388
2018-01-01 15:00:00,45.688,165.676,78.622,541.043,158.909
2018-01-01 16:00:00,46.851,182.275,85.661,589.722,176.972
2018-01-01 17:00:00,56.671,190.83,96.556,638.056,183.351
2018-01-01 18:00:00,57.038,198.15,101.597,654.97,192.435
2018-01-01 19:00:00,57.95,198.858,101.528,661.698,190.62
2018-01-01 20:00:00,56.175,188.292,97.321,637.672,187.753
2018-01-01 21:00:00,54.69,178.683,92.609,608.329,170.599
2018-01-01 22:00:00,44.738,167.672,85.907,574.288,155.45
2018-01-01 23:00:00,41.829,149.983,76.514,526.201,143.075
2018-01-02 00:00:00,40.553,138.878,69.589,500.026,127.291
2018-01-02 01:00:00,35.679,134.588,67.885,474.632,122.192
2018-01-02 02:00:00,35.71,130.795,66.141,463.631,125.954
2018-01-02 03:00:00,35.504,128.508,67.322,451.772,123.124
2018-01-02 04:00:00,35.06,129.511,69.164,448.943,122.293
2018-01-02 05:00:00,38.103,144.304,71.682,477.402,134.517
2018-01-02 06:00:00,44.681,163.594,80.514,530.971,160.39
2018-01-02 07:00:00,50.491,175.52,93.261,573.29,181.115
2018-01-02 08:00:00,52.169,176.353,94.85,584.287,182.576
2018-01-02 09:00:00,42.233,179.462,89.245,588.189,173.836
2018-01-02 10:00:00,42.398,172.107,85.413,581.118,161.888
2018-01-02 11:00:00,41.475,169.459,84.141,560.857,160.061
2018-01-02 12:00:00,40.865,163.701,83.881,541.878,153.8
2018-01-02 13:00:00,40.92,157.744,82.57,525.01,143.141
2018-01-02 14:00:00,38.933,160.294,77.996,502.039,139.69
2018-01-02 15:00:00,40.335,157.892,76.574,504.657,138.534
2018-01-02 16:00:00,42.125,163.487,81.066,536.929,152.416
2018-01-02 17:00:00,49.863,180.729,87.357,580.831,168.921
2018-01-02 18:00:00,51.822,188.481,85.47,617.114,165.714
2018-01-02 19:00:00,50.364,186.011,86.41,613.922,165.302
2018-01-02 20:00:00,47.546,176.689,84.228,589.809,159.554
2018-01-02 21:00:00,44.855,159.709,80.351,544.856,149.111
2018-01-02 22:00:00,37.304,146.019,72.933,501.095,136.004
2018-01-02 23:00:00,32.446,127.908,64.005,446.338,125.271
2018-01-03 00:00:00,31.879,118.587,60.976,418.392,113.179
2018-01-03 01:00:00,26.666,112.198,59.301,389.203,107.822
2018-01-03 02:00:00,27.56,109.671,59.528,387.097,109.054
2018-01-03 03:00:00,29.065,109.47,59.811,386.802,108.164
2018-01-03 04:00:00,30.819,115.296,61.435,395.374,106.455
2018-01-03 05:00:00,35.186,131.423,65.116,421.619,114.697
2018-01-03 06:00:00,39.615,146.734,72.602,477.456,135.422
2018-01-03 07:00:00,46.686,158.217,78.523,525.743,144.508
2018-01-03 08:00:00,46.925,161.232,81.029,539.163,141.281
2018-01-03 09:00:00,38.717,158.947,78.833,523.67,133.799
2018-01-03 10:00:00,36.51,147.938,76.235,496.984,132.985
2018-01-03 11:00:00,34.048,144.624,73.612,474.589,128.904
2018-01-03 12:00:00,33.063,150.004,72.072,469.741,126.34
2018-01-03 13:00:00,29.568,140.743,61.726,452.876,126.849
2018-01-03 14:00:00,30.948,134.572,60.259,436.413,112.992
2018-01-03 15:00:00,31.436,137.828,62.533,430.343,113.295
2018-01-03 16:00:00,33.741,147.72,65.724,472.96,122.763
2018-01-03 17:00:00,45.683,164.106,74.632,523.687,146.517
2018-01-03 18:00:00,50.299,177.252,83.383,569.003,154.351
2018-01-03 19:00:00,49.256,180.11,84.912,567.607,152.998
2018-01-03 20:00:00,45.111,171.091,84.348,546.665,141.817
2018-01-03 21:00:00,41.694,159.604,76.519,521.012,128.814
2018-01-03 22:00:00,33.679,137.827,69.404,481.607,120.101
2018-01-03 23:00:00,29.123,116.887,60.488,423.718,100.559
2018-01-04 00:00:00,28.693,107.496,54.747,380.114,86.564
2018-01-04 01:00:00,25.256,103.372,52.407,353.846,83.93
2018-01-04 02:00:00,24.897,100.252,50.09,349.81,89.335
2018-01-04 03:00:00,27.114,100.927,52.982,353.509,89.608
2018-01-04 04:00:00,27.773,103.117,56.132,369.837,93.737
2018-01-04 05:00:00,29.997,117.987,59.423,395.148,108.747
2018-01-04 06:00:00,35.206,133.714,65.637,456.746,127.928
2018-01-04 07:00:00,47.349,150.797,74.312,505.946,145.158
2018-01-04 08:00:00,48.413,169.006,75.502,538.782,151.64
2018-01-04 09:00:00,40.501,174.691,82.785,558.405,161.088
2018-01-04 10:00:00,40.794,179.222,85.668,580.497,165.659
2018-01-04 11:00:00,42.244,183.452,86.27,575.643,173.666
2018-01-04 12:00:00,44.326,178.149,82.527,563.113,175.032
2018-01-04 13:00:00,45.169,180.981,80.341,555.28,171.363
2018-01-04 14:00:00,43.119,172.21,78.723,531.346,164.871
2018-01-04 15:00:00,45.227,164.61,78.291,525.597,148.643
2018-01-04 16:00:00,44.37,169.996,82.954,546.087,158.32
2018-01-04 17:00:00,52.954,181.233,92.619,580.527,168.342
2018-01-04 18:00:00,49.95,191.138,93.673,611.501,173.229
2018-01-04 19:00:00,50.94,187.31,90.762,604.211,173.754
2018-01-04 20:00:00,48.759,177.513,86.342,579.223,172.424
2018-01-04 21:00:00,46.021,169.154,84.63,548.737,163.511
2018-01-04 22:00:00,35.279,144.08,75.48,492.186,151.429
2018-01-04 23:00:00,30.117,121.008,66.522,438.672,134.227
2018-01-05 00:00:00,29.96,114.487,60.796,402.614,123.82
2018-01-05 01:00:00,28.453,106.678,59.871,386.594,114.519
2018-01-05 02:00:00,28.653,107.515,59.16,373.841,117.027
2018-01-05 03:00:00,27.632,105.57,59.694,372.443,121.105
2018-01-05 04:00:00,29.37,110.912,61.099,386.853,118.962
2018-01-05 05:00:00,34.871,133.132,65.766,433.983,136.001
2018-01-05 06:00:00,41.613,157.243,75.491,515.834,157.683
2018-01-05 07:00:00,53.179,174.528,89.307,566.317,178.141
2018-01-05 08:00:00,54.789,177.634,89.203,596.643,174.869
2018-01-05 09:00:00,46.289,183.109,90.831,608.962,174.321
2018-01-05 10:00:00,46.859,184.82,91.58,607.705,175.283
2018-01-05 11:00:00,48.591,183.397,92.632,597.74,174.164
2018-01-05 12:00:00,47.52,185.843,90.403,601.643,176.595
2018-01-05 13:00:00,48.784,183.89,86.195,599.729,171.687
2018-01-05 14:00:00,46.004,176.396,82.761,576.021,165.299
2018-01-05 15:00:00,44.772,172.774,83.209,579.776,162.963
2018-01-05 16:00:00,48.221,186.085,85.968,621.883,189.529
2018-01-05 17:00:00,58.879,206.535,97.592,669.386,205.06
2018-01-05 18:00:00,66.614,222.736,101.138,688.975,208.919
2018-01-05 19:00:00,65.298,222.699,105.25,698.45,206.196
2018-01-05 20:00:00,63.228,215.702,101.561,683.886,207.994
2018-01-05 21:00:00,58.044,198.977,96.145,654.638,200.926
2018-01-05 22:00:00,47.636,179.182,89.524,615.015,181.854
2018-01-05 23:00:00,44.524,157.476,80.768,554.252,171.488
2018-01-06 00:00:00,42.002,145.491,73.554,517.106,154.698
2018-01-06 01:00:00,37.801,139.366,69.705,494.777,146.607
2018-01-06 02:00:00,37.555,131.385,68.364,488.738,148.289
2018-01-06 03:00:00,38.134,131.814,69.548,477.975,149.705
2018-01-06 04:00:00,38.302,133.842,71.375,475.793,145.731
2018-01-06 05:00:00,40.953,143.708,72.186,487.528,153.843
2018-01-06 06:00:00,43.884,153.63,76.693,508.255,164.715
2018-01-06 07:00:00,53.604,166.518,82.201,543.109,173.09
2018-01-06 08:00:00,57.25,181.545,85.78,584.706,196.343
2018-01-06 09:00:00,56.697,196.288,90.212,603.809,198.994
2018-01-06 10:00:00,57.286,192.945,92.161,592.675,185.474
2018-01-06 11:00:00,56.973,189.367,93.273,582.736,170.157
2018-01-06 12:00:00,53.438,189.72,89.714,583.962,168.745
2018-01-06 13:00:00,51.671,187.798,85.301,578.381,163.572
2018-01-06 14:00:00,53.231,181.331,80.958,573.847,155.34
2018-01-06 15:00:00,55.883,185.127,86.386,582.319,151.469
2018-01-06 16:00:00,55.603,202.135,93.009,619.028,168.62
2018-01-06 17:00:00,58.089,211.23,98.808,673.031,185.432
2018-01-06 18:00:00,57.029,211.903,103.125,687.953,194.855
2018-01-06 19:00:00,56.698,217.667,105.886,687.102,197.83
2018-01-06 20:00:00,54.993,202.911,108.635,663.108,192.851
2018-01-06 21:00:00,52.19,191.425,102.92,626.578,187.725
2018-01-06 22:00:00,42.598,170.428,92.487,578.098,180.728
2018-01-06 23:00:00,41.218,154.385,84.609,529.11,161.24
2018-01-07 00:00:00,40.243,144.658,80.34,486.768,153.851
2018-01-07 01:00:00,40.128,143.304,78.15,473.822,152.329
2018-01-07 02:00:00,41.831,144.038,79.738,480.156,154.818
2018-01-07 03:00:00,41.499,145.098,81.679,483.405,156.351
2018-01-07 04:00:00,42.778,148.44,82.724,493.981,163.332
2018-01-07 05:00:00,46.138,160.294,83.888,511.847,169.152
2018-01-07 06:00:00,47.833,169.623,86.342,540.847,175.993
2018-01-07 07:00:00,56.637,177.564,89.998,568.189,177.58
2018-01-07 08:00:00,58.376,185.215,93.357,587.883,183.99
2018-01-07 09:00:00,58.221,182.94,96.223,583.837,177.271
2018-01-07 10:00:00,52.691,181.391,94.643,563.786,166.63
2018-01-07 11:00:00,50.125,172.631,93.237,532.258,159.527
2018-01-07 12:00:00,48.157,173.507,87.221,511.087,148.944
2018-01-07 13:00:00,44.835,163.061,84.02,479.316,141.709
2018-01-07 14:00:00,44.928,160.281,80.856,468.135,143.371
2018-01-07 15:00:00,49.374,161.694,84.729,475.247,139.286
2018-01-07 16:00:00,49.121,166.249,87.26,512.577,153.746
2018-01-07 17:00:00,49.297,185.317,89.513,567.223,171.888
2018-01-07 18:00:00,52.299,196.929,91.72,595.219,173.893
2018-01-07 19:00:00,53.201,197.608,96.874,603.551,168.89
2018-01-07 20:00:00,50.487,177.494,89.527,595.773,164.94
2018-01-07 21:00:00,48.066,167.114,85.423,561.996,155.773
2018-01-07 22:00:00,39.896,161.247,78.852,514.411,141.029
2018-01-07 23:00:00,36.062,135.686,66.912,454.795,130.85
2018-01-08 00:00:00,33.144,120.985,60.107,414.993,124.321
2018-01-08 01:00:00,30.684,116.912,56.98,384.314,119.934
2018-01-08 02:00:00,29.095,111.664,56.07,371.708,123.605
2018-01-08 03:00:00,28.094,106.902,55.665,361.561,119.462
2018-01-08 04:00:00,28.377,108.035,56.103,360.216,112.753
2018-01-08 05:00:00,30.285,120.493,59.378,379.922,123.14
2018-01-08 06:00:00,34.192,133.869,63.029,434.582,137.4
2018-01-08 07:00:00,45.791,149.314,69.003,490.151,149.262
2018-01-08 08:00:00,46.081,159.186,72.381,505.544,144.561
2018-01-08 09:00:00,36.354,156.889,72.583,509.289,138.141
2018-01-08 10:00:00,33.465,151.257,68.534,509.042,128.222
2018-01-08 11:00:00,34.56,152.546,69.881,487.359,124.79
2018-01-08 12:00:00,34.192,150.867,70.539,470.115,128.364
2018-01-08 13:00:00,33.29,142.12,68.145,458.837,127.305
2018-01-08 14:00:00,31.899,137.858,61.719,443.942,121.379
2018-01-08 15:00:00,34.081,139.105,60.972,428.608,122.837
2018-01-08 16:00:00,34.447,153.6,63.567,461.716,129.788
2018-01-08 17:00:00,44.145,167.846,68.297,505.839,135.854
2018-01-08 18:00:00,44.53,167.499,71.798,539.788,143.856
2018-01-08 19:00:00,42.455,164.097,73.785,529.996,139.024
2018-01-08 20:00:00,40.795,153.059,74.931,500.31,135.357
2018-01-08 21:00:00,35.978,145.457,70.147,470.038,125.88
2018-01-08 22:00:00,30.533,128.591,62.114,414.596,113.101
2018-01-08 23:00:00,27.647,109.903,52.864,350.231,106.487
2018-01-09 00:00:00,24.54,95.848,49.541,318.826,100.095
2018-01-09 01:00:00,20.318,88.261,47.1,301.42,89.752
2018-01-09 02:00:00,20.1,85.639,46.884,296.358,88.818
2018-01-09 03:00:00,21.122,86.048,47.293,299.389,86.183
2018-01-09 04:00:00,22.113,90.093,47.882,311.766,85.649
2018-01-09 05:00:00,25.37,102.905,51.512,336.671,97.187
2018-01-09 06:00:00,28.031,119.08,59.056,390.955,112.394
2018-01-09 07:00:00,38.244,133.354,63.649,433.659,119.476
2018-01-09 08:00:00,39.547,142.071,69.056,453.421,120.967
2018-01-09 09:00:00,32.384,138.972,64.858,464.069,119.812
2018-01-09 10:00:00,28.737,139.312,63.449,457.441,114.993
2018-01-09 11:00:00,29.298,136.653,62.56,447.662,113.317
2018-01-09 12:00:00,28.595,135.805,62.173,447.034,117.812
2018-01-09 13:00:00,26.898,128.407,62.235,434.395,112.238
2018-01-09 14:00:00,24.874,121.883,57.291,414.751,102.717
2018-01-09 15:00:00,27.252,128.86,57.768,413.592,101.345
2018-01-09 16:00:00,31.073,134.25,61.68,448.715,112.032
2018-01-09 17:00:00,41.332,153.985,67.809,487.756,127.506
2018-01-09 18:00:00,43.849,160.064,72.05,512.351,132.679
2018-01-09 19:00:00,42.076,164.499,72.999,522.41,143.262
2018-01-09 20:00:00,39.395,155.844,72.336,505.994,138.441
2018-01-09 21:00:00,37.144,139.581,68.147,458.927,130.322
2018-01-09 22:00:00,30.508,121.81,61.87,412.523,110.947
2018-01-09 23:00:00,25.635,107.062,54.767,371.074,98.029
2018-01-10 00:00:00,24.631,96.999,51.504,338.317,89.164
2018-01-10 01:00:00,21.427,92.822,48.339,321.662,84.042
2018-01-10 02:00:00,20.943,88.874,48.545,314.558,86.225
2018-01-10 03:00:00,22.317,89.089,50.429,316.77,83.063
2018-01-10 04:00:00,25.163,93.179,53.662,331.142,81.568
2018-01-10 05:00:00,28.901,110.587,57.585,362.455,92.805
2018-01-10 06:00:00,31.217,125.532,65.683,426.275,109.657
2018-01-10 07:00:00,42.648,139.263,73.17,476.862,124.873
2018-01-10 08:00:00,42.659,150.126,72.814,496.527,123.14
2018-01-10 09:00:00,35.023,148.593,66.708,489.346,115.03
2018-01-10 10:00:00,33.972,141.053,64.495,467.123,111.035
2018-01-10 11:00:00,32.876,140.801,66.822,463.393,108.773
2018-01-10 12:00:00,31.749,139.967,64.322,453.356,106.4
2018-01-10 13:00:00,30.358,132.74,62.503,426.409,106.025
2018-01-10 14:00:00,31.087,123.698,55.867,404.369,102.546
2018-01-10 15:00:00,28.585,126.533,56.404,407.991,98.757
2018-01-10 16:00:00,32.488,133.872,62.508,445.147,110.981
2018-01-10 17:00:00,43.07,155.578,67.353,479.384,125.544
2018-01-10 18:00:00,42.474,156.968,72.609,513.46,132.934
2018-01-10 19:00:00,40.733,154.742,71.807,508.358,133.029
2018-01-10 20:00:00,42.031,155.028,70.745,488.545,126.036
2018-01-10 21:00:00,40.667,142.007,71.623,456.204,111.529
2018-01-10 22:00:00,31.842,122.558,65.572,406.266,97.364
2018-01-10 23:00:00,25.603,104.882,52.112,344.508,82.01
2018-01-11 00:00:00,22.789,92.627,45.088,312.573,73.885
2018-01-11 01:00:00,20.967,89.533,43.576,292.512,68.85
2018-01-11 02:00:00,19.712,87.63,40.458,280.15,69.423
2018-01-11 03:00:00,20.716,84.588,39.455,275.014,65.096
2018-01-11 04:00:00,20.472,84.059,39.723,279.429,64.0
2018-01-11 05:00:00,22.963,98.39,41.62,304.254,70.008
2018-01-11 06:00:00,26.048,109.579,51.885,353.912,85.135
2018-01-11 07:00:00,39.821,127.367,58.376,396.974,98.515
2018-01-11 08:00:00,39.328,137.134,62.22,427.389,99.625
2018-01-11 09:00:00,33.208,134.776,59.23,438.454,105.477
2018-01-11 10:00:00,30.64,136.592,60.123,443.8,103.879
2018-01-11 11:00:00,31.341,128.979,68.668,434.483,97.129
2018-01-11 12:00:00,28.367,129.671,55.837,419.808,103.816
2018-01-11 13:00:00,24.748,122.53,52.79,407.559,104.599
2018-01-11 14:00:00,23.953,118.221,53.923,396.282,94.715
2018-01-11 15:00:00,24.006,118.614,54.626,383.926,90.847
2018-01-11 16:00:00,27.892,129.437,57.764,404.812,100.059
2018-01-11 17:00:00,33.523,143.827,63.156,450.19,109.299
2018-01-11 18:00:00,34.959,146.602,67.016,471.168,114.47
2018-01-11 19:00:00,32.592,143.115,68.556,470.122,116.311
2018-01-11 20:00:00,31.927,136.475,63.577,449.83,113.471
2018-01-11 21:00:00,34.363,127.553,59.949,404.62,99.276
2018-01-11 22:00:00,27.329,109.672,55.747,343.671,82.895
2018-01-11 23:00:00,22.61,89.316,49.783,294.475,71.174
2018-01-12 00:00:00,19.372,77.459,39.964,261.418,62.023
2018-01-12 01:00:00,16.276,73.102,37.078,238.132,60.779
2018-01-12 02:00:00,14.891,69.13,34.926,228.611,59.169
2018-01-12 03:00:00,14.888,66.701,35.204,226.079,56.677
2018-01-12 04:00:00,15.748,68.661,35.752,231.42,54.416
2018-01-12 05:00:00,19.79,82.073,39.389,253.458,62.695
2018-01-12 06:00:00,21.671,95.265,43.593,308.541,77.274
2018-01-12 07:00:00,29.291,107.556,54.856,350.886,85.127
2018-01-12 08:00:00,31.559,116.096,57.826,372.506,92.137
2018-01-12 09:00:00,29.071,123.503,58.888,401.905,97.356
2018-01-12 10:00:00,26.352,128.157,59.916,409.047,94.032
2018-01-12 11:00:00,26.469,123.397,61.726,403.436,95.044
2018-01-12 12:00:00,26.104,121.992,57.743,391.858,102.068
2018-01-12 13:00:00,23.508,117.72,55.609,388.267,90.41
2018-01-12 14:00:00,22.4,114.653,53.305,380.7,92.775
2018-01-12 15:00:00,22.106,115.182,53.796,372.263,89.6
2018-01-12 16:00:00,24.638,121.825,56.364,392.028,96.472
2018-01-12 17:00:00,31.324,132.285,59.285,423.45,108.502
2018-01-12 18:00:00,32.954,136.324,63.787,457.052,112.032
2018-01-12 19:00:00,30.868,132.229,74.215,442.892,111.659
2018-01-12 20:00:00,28.897,127.624,78.187,422.126,105.655
2018-01-12 21:00:00,28.331,116.221,70.521,383.526,95.153
2018-01-12 22:00:00,23.867,99.806,65.549,326.364,80.714
2018-01-12 23:00:00,17.293,83.176,52.843,266.525,67.068
2018-01-13 00:00:00,15.437,69.668,37.499,224.903,60.142
2018-01-13 01:00:00,14.863,64.408,33.273,210.808,53.221
2018-01-13 02:00:00,14.052,61.834,30.745,201.684,53.81
2018-01-13 03:00:00,13.352,60.438,28.969,198.137,52.576
2018-01-13 04:00:00,13.109,61.014,30.097,200.918,53.934
2018-01-13 05:00:00,14.288,65.868,33.061,212.287,55.369
2018-01-13 06:00:00,15.921,73.033,34.978,234.784,63.733
2018-01-13 07:00:00,21.822,81.881,40.515,263.041,71.363
2018-01-13 08:00:00,23.736,98.609,48.421,307.844,84.357
2018-01-13 09:00:00,28.646,108.341,57.339,346.301,96.329
2018-01-13 10:00:00,27.91,113.564,62.341,371.974,98.766
2018-01-13 11:00:00,29.293,123.594,58.18,386.787,99.992
2018-01-13 12:00:00,29.988,124.354,63.257,408.578,99.701
2018-01-13 13:00:00,31.439,122.733,59.981,410.032,102.251
2018-01-13 14:00:00,32.16,118.823,57.125,392.118,99.526
2018-01-13 15:00:00,29.899,123.871,59.933,404.291,102.859
2018-01-13 16:00:00,37.81,135.549,63.542,438.952,109.972
2018-01-13 17:00:00,38.321,159.049,70.102,493.668,119.072
2018-01-13 18:00:00,43.349,166.265,75.564,525.739,129.166
2018-01-13 19:00:00,42.319,168.452,78.968,545.676,135.835
2018-01-13 20:00:00,41.867,159.17,78.573,534.061,133.55
2018-01-13 21:00:00,42.806,147.898,74.688,509.368,126.206
2018-01-13 22:00:00,34.608,132.25,73.942,463.223,121.574
2018-01-13 23:00:00,30.414,115.16,66.058,406.035,110.861
2018-01-14 00:00:00,27.339,103.518,59.643,372.964,102.26
2018-01-14 01:00:00,25.042,101.646,58.471,360.107,95.973
2018-01-14 02:00:00,26.148,102.238,57.671,364.389,100.911
2018-01-14 03:00:00,28.742,106.029,59.094,363.22,103.859
2018-01-14 04:00:00,31.019,110.402,60.79,368.251,106.945
2018-01-14 05:00:00,32.125,123.691,62.434,392.212,114.425
2018-01-14 06:00:00,34.868,131.853,66.8,428.45,128.001
2018-01-14 07:00:00,47.615,141.494,73.185,454.769,133.53
2018-01-14 08:00:00,49.63,153.87,81.03,476.331,143.503
2018-01-14 09:00:00,49.008,157.347,80.982,489.556,144.96
2018-01-14 10:00:00,46.721,158.103,78.996,473.836,135.168
2018-01-14 11:00:00,45.152,151.626,76.942,465.965,138.897
2018-01-14 12:00:00,43.254,150.144,75.009,475.965,134.444
2018-01-14 13:00:00,42.067,146.399,73.508,468.741,120.39
2018-01-14 14:00:00,43.456,141.336,75.534,453.739,118.959
2018-01-14 15:00:00,37.677,139.735,72.326,463.819,118.736
2018-01-14 16:00:00,39.464,150.369,73.821,475.681,127.893
2018-01-14 17:00:00,40.845,171.143,83.835,530.373,140.684
2018-01-14 18:00:00,43.527,178.201,85.265,569.887,145.768
2018-01-14 19:00:00,45.0,176.476,84.555,568.456,151.234
2018-01-14 20:00:00,44.302,167.449,83.898,542.599,149.64
2018-01-14 21:00:00,43.574,161.546,79.421,519.663,142.054
2018-01-14 22:00:00,37.788,149.431,72.96,493.956,130.278
2018-01-14 23:00:00,32.745,130.339,66.863,439.766,119.776
2018-01-15 00:00:00,31.46,120.47,63.645,406.392,115.078
2018-01-15 01:00:00,29.987,118.834,61.362,388.579,110.632
2018-01-15 02:00:00,30.166,116.128,62.165,377.22,111.619
2018-01-15 03:00:00,30.932,114.649,62.151,370.932,108.949
2018-01-15 04:00:00,31.756,117.964,62.603,378.216,110.49
2018-01-15 05:00:00,34.778,129.741,65.059,400.925,123.507
2018-01-15 06:00:00,40.644,149.13,72.965,455.656,135.262
2018-01-15 07:00:00,50.622,160.39,79.498,501.268,151.672
2018-01-15 08:00:00,52.066,167.306,81.878,532.12,157.94
2018-01-15 09:00:00,42.742,175.785,84.156,553.056,158.348
2018-01-15 10:00:00,45.269,181.628,83.7,568.841,156.329
2018-01-15 11:00:00,46.456,185.81,86.962,572.122,157.008
2018-01-15 12:00:00,45.34,186.519,89.85,570.919,164.394
2018-01-15 13:00:00,45.26,182.153,83.501,565.368,160.32
2018-01-15 14:00:00,45.518,176.093,81.594,541.27,157.868
2018-01-15 15:00:00,43.65,170.688,79.31,533.878,155.804
2018-01-15 16:00:00,47.458,184.016,84.962,552.707,161.992
2018-01-15 17:00:00,55.141,192.536,92.213,585.376,176.345
2018-01-15 18:00:00,56.211,198.17,96.713,608.902,179.969
2018-01-15 19:00:00,55.119,199.831,91.994,593.409,175.753
2018-01-15 20:00:00,50.752,181.896,90.361,563.998,158.511
2018-01-15 21:00:00,46.048,166.904,87.481,529.681,150.159
2018-01-15 22:00:00,38.08,147.879,77.355,467.797,140.284
2018-01-15 23:00:00,32.765,130.356,70.591,406.194,121.224
2018-01-16 00:00:00,28.198,113.396,65.077,368.28,106.968
2018-01-16 01:00:00,25.365,106.222,59.937,349.124,100.286
2018-01-16 02:00:00,26.056,103.65,55.131,336.946,98.966
2018-01-16 03:00:00,26.273,100.927,55.01,331.626,94.748
2018-01-16 04:00:00,26.636,102.206,56.681,336.25,93.27
2018-01-16 05:00:00,28.759,116.837,59.459,358.863,102.851
2018-01-16 06:00:00,33.179,132.982,66.922,408.437,117.21
2018-01-16 07:00:00,42.586,148.066,70.646,456.116,128.706
2018-01-16 08:00:00,42.212,153.427,72.816,471.893,127.937
2018-01-16 09:00:00,33.42,154.445,73.128,487.033,125.428
2018-01-16 10:00:00,32.38,152.217,70.171,484.18,119.636
2018-01-16 11:00:00,33.312,149.955,68.857,469.279,117.376
2018-01-16 12:00:00,33.619,147.528,64.186,455.538,113.666
2018-01-16 13:00:00,32.701,143.321,62.578,445.7,109.134
2018-01-16 14:00:00,31.326,133.51,60.487,432.253,107.469
2018-01-16 15:00:00,30.173,134.682,58.407,432.102,104.774
2018-01-16 16:00:00,33.007,144.686,62.636,468.297,114.494
2018-01-16 17:00:00,43.42,163.254,73.482,503.469,123.089
2018-01-16 18:00:00,45.261,167.127,79.056,513.481,128.572
2018-01-16 19:00:00,46.741,168.101,83.152,521.432,126.621
2018-01-16 20:00:00,39.892,154.649,78.772,497.357,122.711
2018-01-16 21:00:00,34.579,141.926,72.328,448.995,111.719
2018-01-16 22:00:00,27.953,124.519,62.982,392.423,98.507
2018-01-16 23:00:00,24.691,108.269,54.431,344.102,88.273
2018-01-17 00:00:00,21.914,92.68,47.493,308.567,79.827
2018-01-17 01:00:00,19.007,87.217,45.756,289.673,78.047
2018-01-17 02:00:00,19.186,83.889,43.497,279.932,82.443
2018-01-17 03:00:00,19.723,82.613,44.349,277.09,79.665
2018-01-17 04:00:00,20.821,82.722,46.454,281.997,78.75
2018-01-17 05:00:00,22.43,97.107,51.832,309.533,85.637
2018-01-17 06:00:00,25.529,111.3,59.782,365.502,101.689
2018-01-17 07:00:00,36.954,125.947,62.095,413.376,113.834
2018-01-17 08:00:00,38.65,137.391,64.597,437.385,123.722
2018-01-17 09:00:00,32.911,146.105,69.697,473.961,126.013
2018-01-17 10:00:00,32.944,150.056,70.922,497.826,118.955
2018-01-17 11:00:00,31.663,145.042,70.105,482.834,119.802
2018-01-17 12:00:00,31.401,142.43,65.167,469.515,122.727
2018-01-17 13:00:00,31.93,137.767,65.376,457.739,117.215
2018-01-17 14:00:00,28.409,137.695,64.102,439.862,114.062
2018-01-17 15:00:00,29.738,135.886,64.275,445.028,113.998
2018-01-17 16:00:00,30.842,140.155,64.032,469.501,117.741
2018-01-17 17:00:00,41.56,157.475,69.467,504.943,130.676
2018-01-17 18:00:00,43.849,162.073,73.132,517.86,135.31
2018-01-17 19:00:00,39.961,161.624,76.357,507.556,138.939
2018-01-17 20:00:00,38.694,151.793,73.589,487.903,131.372
2018-01-17 21:00:00,37.153,141.034,68.441,450.395,117.326
2018-01-17 22:00:00,29.418,123.479,60.77,399.338,103.623
2018-01-17 23:00:00,26.347,103.965,55.566,344.904,94.218
2018-01-18 00:00:00,23.943,93.711,50.101,308.872,87.585
2018-01-18 01:00:00,21.238,89.839,48.292,294.387,90.925
2018-01-18 02:00:00,22.028,89.211,48.118,294.43,92.341
2018-01-18 03:00:00,22.479,90.398,49.855,302.486,91.754
2018-01-18 04:00:00,25.02,96.262,52.59,317.55,92.658
2018-01-18 05:00:00,27.433,112.467,55.468,349.882,105.256
2018-01-18 06:00:00,30.497,129.281,64.305,411.132,128.964
2018-01-18 07:00:00,44.8,142.074,73.271,465.544,142.265
2018-01-18 08:00:00,47.369,151.707,75.512,483.594,142.507
2018-01-18 09:00:00,38.033,148.013,73.385,478.035,130.27
2018-01-18 10:00:00,33.255,144.928,73.02,471.91,128.27
2018-01-18 11:00:00,33.423,144.651,69.912,462.345,124.55
2018-01-18 12:00:00,33.373,141.702,69.281,450.239,117.795
2018-01-18 13:00:00,31.373,137.142,63.323,440.583,110.699
2018-01-18 14:00:00,30.18,130.563,58.784,422.229,103.412
2018-01-18 15:00:00,30.477,128.529,58.34,420.858,103.892
2018-01-18 16:00:00,32.441,135.705,63.943,456.429,114.791
2018-01-18 17:00:00,45.223,156.932,72.051,498.157,130.405
2018-01-18 18:00:00,48.971,173.11,75.802,523.258,139.627
2018-01-18 19:00:00,47.134,167.142,79.413,525.045,148.773
2018-01-18 20:00:00,44.951,158.825,77.579,502.985,143.763
2018-01-18 21:00:00,41.101,142.453,74.572,476.029,131.542
2018-01-18 22:00:00,36.568,129.163,72.319,428.773,119.871
2018-01-18 23:00:00,28.915,115.026,65.191,383.52,111.036
2018-01-19 00:00:00,26.385,108.587,56.547,356.882,99.085
2018-01-19 01:00:00,25.056,104.167,53.848,339.628,98.017
2018-01-19 02:00:00,24.622,103.601,52.566,334.57,99.801
2018-01-19 03:00:00,25.865,99.614,53.155,330.737,99.348
2018-01-19 04:00:00,27.679,101.556,55.81,338.973,99.372
2018-01-19 05:00:00,29.509,118.255,57.715,363.751,108.758
2018-01-19 06:00:00,34.933,132.813,64.764,412.079,126.286
2018-01-19 07:00:00,45.269,146.459,72.61,460.357,135.759
2018-01-19 08:00:00,46.598,159.72,75.6,477.475,139.526
2018-01-19 09:00:00,39.608,158.54,74.241,481.642,137.354
2018-01-19 10:00:00,35.341,152.066,70.775,477.799,129.325
2018-01-19 11:00:00,37.411,147.333,72.412,464.003,123.331
2018-01-19 12:00:00,32.71,143.618,67.221,451.283,126.797
2018-01-19 13:00:00,27.803,134.922,57.162,427.951,127.434
2018-01-19 14:00:00,28.104,128.515,54.418,410.349,115.232
2018-01-19 15:00:00,28.791,125.478,55.973,406.688,118.399
2018-01-19 16:00:00,33.159,133.226,59.491,435.173,126.574
2018-01-19 17:00:00,40.574,146.501,67.947,488.737,135.66
2018-01-19 18:00:00,42.367,160.258,74.415,512.165,141.319
2018-01-19 19:00:00,43.344,161.381,74.542,506.891,139.08
2018-01-19 20:00:00,41.144,152.959,71.206,491.871,137.263
2018-01-19 21:00:00,36.979,141.203,68.075,454.887,122.322
2018-01-19 22:00:00,30.271,121.876,60.597,401.138,108.232
2018-01-19 23:00:00,24.164,106.42,55.449,351.047,95.634
2018-01-20 00:00:00,22.297,95.458,50.083,319.298,82.649
2018-01-20 01:00:00,20.27,89.134,46.996,301.428,77.415
2018-01-20 02:00:00,20.567,85.811,42.461,291.0,78.972
2018-01-20 03:00:00,20.239,83.101,40.932,281.85,77.874
2018-01-20 04:00:00,19.671,82.375,41.064,276.679,79.523
2018-01-20 05:00:00,22.312,93.521,42.504,289.784,85.105
2018-01-20 06:00:00,27.33,102.302,45.356,315.391,92.479
2018-01-20 07:00:00,33.525,112.071,52.157,333.7,103.038
2018-01-20 08:00:00,35.545,124.47,57.296,366.434,114.91
2018-01-20 09:00:00,33.893,126.667,56.938,386.439,114.272
2018-01-20 10:00:00,33.926,122.639,56.801,382.69,112.654
2018-01-20 11:00:00,32.293,121.15,56.825,375.832,102.877
2018-01-20 12:00:00,28.552,120.511,54.909,373.65,99.237
2018-01-20 13:00:00,29.202,118.54,50.883,377.171,94.519
2018-01-20 14:00:00,29.688,123.239,50.416,360.608,91.605
2018-01-20 15:00:00,30.371,117.712,51.314,360.13,94.07
2018-01-20 16:00:00,35.87,129.474,53.267,391.968,100.429
2018-01-20 17:00:00,37.206,150.358,62.658,450.611,111.714
2018-01-20 18:00:00,36.83,159.83,68.078,470.83,118.333
2018-01-20 19:00:00,35.961,146.149,68.349,459.819,116.807
2018-01-20 20:00:00,32.99,139.049,64.916,443.769,116.444
2018-01-20 21:00:00,32.884,124.773,60.364,419.646,106.56
2018-01-20 22:00:00,28.838,110.916,54.628,364.827,93.717
2018-01-20 23:00:00,22.871,93.273,45.397,324.599,81.492
2018-01-21 00:00:00,20.035,85.341,41.51,287.157,71.96
2018-01-21 01:00:00,18.771,83.171,41.455,275.531,67.344
2018-01-21 02:00:00,19.183,83.021,39.952,275.728,68.377
2018-01-21 03:00:00,19.214,80.961,40.676,266.913,65.552
2018-01-21 04:00:00,17.911,77.682,39.907,260.257,66.45
2018-01-21 05:00:00,19.681,87.465,43.502,270.827,71.607
2018-01-21 06:00:00,24.264,95.675,49.859,297.951,80.05
2018-01-21 07:00:00,31.656,110.54,54.804,319.437,87.505
2018-01-21 08:00:00,33.876,120.914,56.245,349.017,91.978
2018-01-21 09:00:00,31.008,123.562,57.568,371.897,94.351
2018-01-21 10:00:00,31.472,117.401,59.314,371.056,95.526
2018-01-21 11:00:00,29.527,118.163,55.057,354.968,93.315
2018-01-21 12:00:00,28.102,112.08,56.226,365.285,82.932
2018-01-21 13:00:00,26.371,113.785,51.171,344.787,80.234
2018-01-21 14:00:00,24.928,113.275,52.192,326.018,79.381
2018-01-21 15:00:00,25.93,112.882,56.726,330.72,82.678
2018-01-21 16:00:00,25.525,116.69,58.754,348.837,88.698
2018-01-21 17:00:00,31.698,133.433,65.335,399.449,102.109
2018-01-21 18:00:00,35.535,139.999,67.104,446.229,114.259
2018-01-21 19:00:00,35.182,141.425,66.972,441.918,115.727
2018-01-21 20:00:00,32.388,132.8,63.012,429.21,113.407
2018-01-21 21:00:00,32.484,125.895,62.229,405.988,109.454
2018-01-21 22:00:00,26.527,114.847,57.604,363.114,100.064
2018-01-21 23:00:00,21.786,97.564,47.422,319.301,91.739
2018-01-22 00:00:00,21.563,86.571,42.55,295.013,77.379
2018-01-22 01:00:00,18.142,81.967,42.487,276.807,72.51
2018-01-22 02:00:00,17.771,79.316,40.227,269.308,71.612
2018-01-22 03:00:00,17.576,76.471,40.016,262.962,68.18
2018-01-22 04:00:00,18.163,77.714,43.069,269.722,66.305
2018-01-22 05:00:00,20.47,90.636,47.024,298.546,73.302
2018-01-22 06:00:00,25.808,109.449,53.455,349.57,90.222
2018-01-22 07:00:00,33.9,122.909,57.195,390.014,100.818
2018-01-22 08:00:00,35.473,135.654,61.323,419.515,105.74
2018-01-22 09:00:00,29.442,139.41,64.38,453.213,110.698
2018-01-22 10:00:00,31.666,147.361,67.139,457.455,107.658
2018-01-22 11:00:00,32.636,152.208,69.736,463.883,110.348
2018-01-22 12:00:00,31.749,143.158,66.345,468.559,117.565
2018-01-22 13:00:00,28.637,135.739,64.678,450.177,116.284
2018-01-22 14:00:00,27.59,133.501,62.594,428.525,110.123
2018-01-22 15:00:00,28.104,134.839,59.382,432.627,108.825
2018-01-22 16:00:00,30.975,143.265,62.439,460.503,116.84
2018-01-22 17:00:00,41.569,151.975,67.695,486.252,126.171
2018-01-22 18:00:00,41.038,157.061,73.644,495.927,128.555
2018-01-22 19:00:00,41.596,153.42,73.237,490.556,126.657
2018-01-22 20:00:00,38.95,145.788,66.601,468.415,116.757
2018-01-22 21:00:00,34.365,128.183,67.099,436.155,104.123
2018-01-22 22:00:00,29.777,112.471,56.599,374.197,95.228
2018-01-22 23:00:00,22.107,97.375,51.749,323.117,79.086
2018-01-23 00:00:00,20.355,88.186,43.781,291.038,66.843
2018-01-23 01:00:00,18.984,80.613,40.91,272.502,61.991
2018-01-23 02:00:00,17.458,77.362,37.778,266.128,61.142
2018-01-23 03:00:00,17.685,76.264,37.676,259.7,59.184
2018-01-23 04:00:00,18.214,78.973,40.298,265.48,58.14
2018-01-23 05:00:00,20.589,89.222,41.698,287.779,65.376
2018-01-23 06:00:00,22.756,103.822,49.233,338.3,80.652
2018-01-23 07:00:00,32.921,114.376,54.939,373.732,89.885
2018-01-23 08:00:00,37.304,130.442,59.332,409.168,96.927
2018-01-23 09:00:00,33.84,134.749,62.409,449.187,106.117
2018-01-23 10:00:00,31.605,137.112,62.288,444.478,104.878
2018-01-23 11:00:00,31.087,133.246,61.792,432.543,107.039
2018-01-23 12:00:00,29.652,130.712,61.155,424.499,105.452
2018-01-23 13:00:00,29.372,125.552,59.127,413.13,97.88
2018-01-23 14:00:00,27.897,123.48,56.559,392.028,91.109
2018-01-23 15:00:00,27.231,121.297,53.7,386.712,93.322
2018-01-23 16:00:00,31.051,124.97,61.107,404.491,96.082
2018-01-23 17:00:00,39.753,136.525,66.762,445.764,107.795
2018-01-23 18:00:00,36.348,147.566,65.528,468.985,116.745
2018-01-23 19:00:00,34.374,147.495,62.637,464.368,119.881
2018-01-23 20:00:00,29.997,137.509,60.138,434.54,110.223
2018-01-23 21:00:00,30.761,122.866,57.952,393.502,97.67
2018-01-23 22:00:00,26.513,103.568,52.808,354.705,87.846
2018-01-23 23:00:00,20.857,84.508,46.144,294.816,77.528
2018-01-24 00:00:00,18.293,77.481,40.022,262.188,70.681
2018-01-24 01:00:00,16.438,73.127,38.251,250.497,67.791
2018-01-24 02:00:00,16.097,72.384,37.086,247.517,71.036
2018-01-24 03:00:00,16.727,73.442,38.033,249.18,73.159
2018-01-24 04:00:00,17.609,76.46,39.52,256.98,71.889
2018-01-24 05:00:00,19.425,88.157,42.892,284.23,82.594
2018-01-24 06:00:00,24.393,105.494,49.53,340.657,95.256
2018-01-24 07:00:00,36.951,117.407,56.436,384.693,105.201
2018-01-24 08:00:00,38.289,128.44,59.953,411.878,108.785
2018-01-24 09:00:00,33.66,133.67,61.021,438.158,106.671
2018-01-24 10:00:00,35.97,135.745,61.98,457.399,107.272
2018-01-24 11:00:00,33.232,139.338,63.654,461.251,105.413
2018-01-24 12:00:00,30.494,141.802,64.579,462.835,108.329
2018-01-24 13:00:00,30.133,130.021,61.946,431.793,103.304
2018-01-24 14:00:00,27.459,126.702,57.883,409.824,98.153
2018-01-24 15:00:00,26.492,125.745,54.356,423.452,97.356
2018-01-24 16:00:00,34.099,131.748,61.072,447.074,104.447
2018-01-24 17:00:00,43.53,151.959,71.336,502.98,120.858
2018-01-24 18:00:00,43.445,158.421,76.578,529.42,126.288
2018-01-24 19:00:00,43.668,159.97,79.167,534.877,132.137
2018-01-24 20:00:00,40.567,153.87,73.291,520.537,132.365
2018-01-24 21:00:00,39.005,140.734,74.467,481.524,123.822
2018-01-24 22:00:00,31.306,130.881,70.388,433.186,114.112
2018-01-24 23:00:00,27.343,112.955,65.256,383.34,106.011
2018-01-25 00:00:00,26.564,100.198,61.268,354.014,95.822
2018-01-25 01:00:00,23.372,96.602,52.73,337.483,95.336
2018-01-25 02:00:00,23.494,95.186,52.872,333.829,97.757
2018-01-25 03:00:00,24.702,95.872,52.239,337.126,99.139
2018-01-25 04:00:00,25.261,99.966,55.101,351.513,101.073
2018-01-25 05:00:00,29.153,119.003,60.603,377.598,113.478
2018-01-25 06:00:00,32.794,135.155,66.949,436.222,131.637
2018-01-25 07:00:00,45.068,142.759,75.844,475.853,146.384
2018-01-25 08:00:00,46.603,156.496,85.395,510.071,146.158
2018-01-25 09:00:00,38.236,155.807,83.473,516.767,135.825
2018-01-25 10:00:00,36.645,150.995,73.984,518.526,133.492
2018-01-25 11:00:00,34.873,146.999,73.654,500.237,127.157
2018-01-25 12:00:00,37.327,145.106,71.553,493.553,128.265
2018-01-25 13:00:00,32.664,141.746,67.688,470.651,132.31
2018-01-25 14:00:00,30.408,138.529,61.891,452.698,115.151
2018-01-25 15:00:00,29.453,132.695,63.373,455.27,117.166
2018-01-25 16:00:00,31.905,135.683,66.285,464.409,124.003
2018-01-25 17:00:00,44.328,156.653,71.773,516.149,145.236
2018-01-25 18:00:00,45.687,167.78,76.831,546.222,149.595
2018-01-25 19:00:00,46.194,165.228,79.191,549.924,154.252
2018-01-25 20:00:00,41.567,157.645,77.612,534.56,153.421
2018-01-25 21:00:00,41.095,146.309,76.771,502.874,141.732
2018-01-25 22:00:00,34.726,137.394,77.257,451.244,128.156
2018-01-25 23:00:00,29.186,121.446,64.915,407.456,119.581
2018-01-26 00:00:00,28.727,110.49,62.43,374.305,108.143
2018-01-26 01:00:00,27.414,108.226,57.143,360.901,103.359
2018-01-26 02:00:00,27.063,103.675,55.538,358.541,102.812
2018-01-26 03:00:00,27.56,102.652,58.324,355.93,102.023
2018-01-26 04:00:00,28.416,105.262,59.993,368.26,102.228
2018-01-26 05:00:00,33.738,120.942,61.822,393.969,114.085
2018-01-26 06:00:00,36.199,136.166,70.327,447.176,134.165
2018-01-26 07:00:00,47.279,150.687,74.98,493.424,144.79
2018-01-26 08:00:00,44.036,153.149,74.803,511.537,147.225
2018-01-26 09:00:00,33.836,148.962,71.626,514.805,139.71
2018-01-26 10:00:00,37.258,145.874,70.141,514.616,125.058
2018-01-26 11:00:00,38.452,141.637,69.097,497.589,124.58
2018-01-26 12:00:00,31.907,140.521,69.051,476.104,123.984
2018-01-26 13:00:00,31.706,134.356,62.253,455.772,116.076
2018-01-26 14:00:00,26.038,126.433,59.771,427.463,108.703
2018-01-26 15:00:00,26.985,122.548,59.448,418.729,108.144
2018-01-26 16:00:00,32.418,129.548,63.137,436.679,116.373
2018-01-26 17:00:00,42.056,149.723,68.684,486.975,133.438
2018-01-26 18:00:00,43.834,156.009,73.257,526.4,139.202
2018-01-26 19:00:00,44.607,159.631,80.304,511.252,137.973
2018-01-26 20:00:00,43.706,150.079,79.661,497.68,130.436
2018-01-26 21:00:00,44.512,135.473,72.432,463.495,117.179
2018-01-26 22:00:00,34.035,131.298,63.546,417.345,107.195
2018-01-26 23:00:00,29.083,114.387,54.156,378.44,93.943
2018-01-27 00:00:00,25.905,102.984,49.631,346.319,85.0
2018-01-27 01:00:00,24.061,94.762,46.368,324.833,78.48
2018-01-27 02:00:00,22.914,92.836,45.788,313.927,78.803
2018-01-27 03:00:00,23.403,90.647,44.089,312.435,76.132
2018-01-27 04:00:00,24.099,93.553,43.043,314.622,74.652
2018-01-27 05:00:00,26.211,104.703,44.008,324.327,76.031
2018-01-27 06:00:00,28.49,114.472,46.371,351.919,83.095
2018-01-27 07:00:00,35.674,120.722,50.135,362.508,90.356
2018-01-27 08:00:00,36.441,126.921,56.614,387.725,97.732
2018-01-27 09:00:00,35.24,126.929,55.456,394.524,100.91
2018-01-27 10:00:00,37.958,118.891,55.35,393.057,99.572
2018-01-27 11:00:00,33.817,115.043,56.581,386.077,97.977
2018-01-27 12:00:00,29.96,123.132,54.082,384.672,98.594
2018-01-27 13:00:00,29.993,125.156,55.769,373.124,94.622
2018-01-27 14:00:00,29.307,121.756,56.905,363.432,87.983
2018-01-27 15:00:00,27.175,123.564,53.068,362.537,95.624
2018-01-27 16:00:00,27.168,131.991,56.74,388.688,100.645
2018-01-27 17:00:00,33.873,144.666,63.397,433.478,107.454
2018-01-27 18:00:00,39.445,145.283,64.98,451.657,115.765
2018-01-27 19:00:00,36.021,146.703,69.656,452.496,112.775
2018-01-27 20:00:00,35.061,136.405,66.803,426.903,107.259
2018-01-27 21:00:00,28.708,119.873,59.109,397.339,99.96
2018-01-27 22:00:00,23.488,105.337,53.836,345.349,89.247
2018-01-27 23:00:00,20.026,85.831,46.679,284.237,75.802
2018-01-28 00:00:00,17.422,71.794,39.821,242.179,67.472
2018-01-28 01:00:00,15.02,67.565,36.272,221.543,63.306
2018-01-28 02:00:00,14.578,65.467,35.493,216.885,64.975
2018-01-28 03:00:00,14.165,64.075,34.209,215.811,63.442
2018-01-28 04:00:00,14.537,65.978,34.761,218.567,63.805
2018-01-28 05:00:00,15.391,73.806,37.055,230.945,65.429
2018-01-28 06:00:00,17.303,82.776,40.634,255.394,74.491
2018-01-28 07:00:00,26.027,92.284,43.989,285.833,82.808
2018-01-28 08:00:00,30.372,103.639,49.677,320.254,91.839
2018-01-28 09:00:00,30.518,116.786,57.472,353.537,97.33
2018-01-28 10:00:00,31.34,118.061,61.382,357.0,98.738
2018-01-28 11:00:00,26.702,111.021,61.836,360.188,100.169
2018-01-28 12:00:00,26.636,114.642,61.171,366.743,94.516
2018-01-28 13:00:00,27.42,117.056,56.888,361.88,94.066
2018-01-28 14:00:00,25.999,111.21,55.261,355.537,94.82
2018-01-28 15:00:00,24.917,113.107,56.13,368.376,91.251
2018-01-28 16:00:00,28.618,123.95,59.541,391.896,95.681
2018-01-28 17:00:00,31.207,136.617,64.812,431.098,111.46
2018-01-28 18:00:00,32.297,147.14,64.811,455.002,113.867
2018-01-28 19:00:00,32.947,140.499,62.502,451.397,111.756
2018-01-28 20:00:00,30.71,135.66,62.273,437.812,104.926
2018-01-28 21:00:00,26.831,127.374,60.768,401.452,102.074
2018-01-28 22:00:00,23.276,114.366,55.93,360.124,88.102
2018-01-28 23:00:00,21.598,91.245,47.9,310.989,76.01
2018-01-29 00:00:00,19.199,80.504,41.567,283.363,68.36
2018-01-29 01:00:00,17.481,76.297,40.545,271.846,65.54
2018-01-29 02:00:00,16.801,75.184,39.474,267.584,69.525
2018-01-29 03:00:00,17.5,75.026,40.688,267.766,67.859
2018-01-29 04:00:00,18.371,78.389,42.541,275.658,70.277
2018-01-29 05:00:00,19.977,90.523,46.329,298.457,79.741
2018-01-29 06:00:00,26.065,106.573,52.266,364.752,93.163
2018-01-29 07:00:00,35.217,118.739,57.907,411.039,107.036
2018-01-29 08:00:00,34.558,133.022,62.215,446.935,113.311
2018-01-29 09:00:00,31.571,141.611,63.133,464.322,116.647
2018-01-29 10:00:00,31.832,137.997,65.185,469.503,113.311
2018-01-29 11:00:00,33.697,139.364,70.528,462.366,111.031
2018-01-29 12:00:00,32.457,143.426,65.993,468.965,115.578
2018-01-29 13:00:00,29.382,145.156,66.753,461.985,110.143
2018-01-29 14:00:00,29.325,137.3,63.737,450.876,107.681
2018-01-29 15:00:00,32.141,139.072,64.569,458.776,107.207
2018-01-29 16:00:00,35.183,144.641,67.839,484.276,122.638
2018-01-29 17:00:00,48.032,162.078,77.461,534.8,141.765
2018-01-29 18:00:00,49.031,170.75,81.282,556.087,152.072
2018-01-29 19:00:00,45.086,177.534,82.976,548.331,151.56
2018-01-29 20:00:00,43.9,168.657,78.684,518.826,144.157
2018-01-29 21:00:00,41.576,149.688,77.432,485.192,137.191
2018-01-29 22:00:00,33.739,135.178,71.623,438.478,120.696
2018-01-29 23:00:00,28.992,123.047,60.156,392.526,107.37
2018-01-30 00:00:00,28.028,108.43,55.136,368.885,99.399
2018-01-30 01:00:00,26.155,103.251,53.698,358.004,97.922
2018-01-30 02:00:00,25.614,100.854,51.144,348.758,99.004
2018-01-30 03:00:00,26.687,102.053,52.665,355.366,101.222
2018-01-30 04:00:00,27.807,105.863,55.889,364.503,104.978
2018-01-30 05:00:00,30.498,120.886,59.344,388.937,119.66
2018-01-30 06:00:00,34.001,134.76,67.998,438.903,134.861
2018-01-30 07:00:00,45.818,151.439,77.196,475.396,147.2
2018-01-30 08:00:00,49.276,162.664,81.34,519.496,154.371
2018-01-30 09:00:00,40.589,170.574,80.077,550.959,159.176
2018-01-30 10:00:00,40.145,170.941,80.846,564.641,156.986
2018-01-30 11:00:00,40.358,168.53,84.743,560.63,154.888
2018-01-30 12:00:00,41.322,170.891,83.655,551.071,150.301
2018-01-30 13:00:00,39.596,154.979,79.268,524.207,141.061
2018-01-30 14:00:00,35.315,145.927,75.774,479.551,129.863
2018-01-30 15:00:00,33.263,140.391,73.493,470.889,124.06
2018-01-30 16:00:00,35.466,147.638,70.002,488.775,129.87
2018-01-30 17:00:00,45.996,161.833,77.038,533.654,136.683
2018-01-30 18:00:00,47.283,166.17,76.868,545.559,139.626
2018-01-30 19:00:00,45.2,166.61,79.411,545.66,137.842
2018-01-30 20:00:00,42.375,155.474,82.025,523.332,133.514
2018-01-30 21:00:00,38.437,147.358,77.056,483.923,127.134
2018-01-30 22:00:00,32.135,129.22,71.492,443.702,124.752
2018-01-30 23:00:00,28.175,119.582,61.851,406.379,115.401
2018-01-31 00:00:00,28.966,113.108,59.667,379.291,113.181
2018-01-31 01:00:00,28.679,106.023,58.625,371.64,109.074
2018-01-31 02:00:00,27.622,103.094,58.776,369.339,106.231
2018-01-31 03:00:00,28.348,102.753,61.803,369.794,105.133
2018-01-31 04:00:00,28.435,107.567,62.861,378.801,105.823
2018-01-31 05:00:00,30.928,124.976,64.715,405.194,117.533
2018-01-31 06:00:00,35.414,138.869,69.077,465.116,137.33
2018-01-31 07:00:00,45.344,151.662,76.023,506.654,149.603
2018-01-31 08:00:00,47.025,159.405,80.879,526.99,142.468
2018-01-31 09:00:00,36.765,160.662,78.468,533.401,133.27
2018-01-31 10:00:00,35.371,154.455,76.833,521.18,125.704
2018-01-31 11:00:00,35.406,149.433,73.874,485.16,122.138
2018-01-31 12:00:00,32.089,146.792,72.216,468.318,123.269
2018-01-31 13:00:00,29.497,140.287,65.752,449.533,121.393
2018-01-31 14:00:00,28.553,135.274,60.795,421.844,112.898
2018-01-31 15:00:00,28.496,134.851,60.984,418.452,112.778
2018-01-31 16:00:00,32.453,136.849,68.672,448.275,123.254
2018-01-31 17:00:00,45.946,157.009,74.109,503.278,150.669
2018-01-31 18:00:00,47.542,169.196,78.495,527.337,150.971
2018-01-31 19:00:00,44.949,172.326,79.382,534.8,144.608
2018-01-31 20:00:00,42.672,160.879,72.68,513.389,143.687
2018-01-31 21:00:00,37.919,143.285,68.715,475.895,131.989
2018-01-31 22:00:00,30.969,125.152,64.105,423.992,122.814
2018-01-31 23:00:00,25.012,111.091,54.863,374.728,107.261
2018-02-01 00:00:00,22.227,96.834,46.98,330.392,95.972
2018-02-01 01:00:00,19.901,90.064,44.569,309.32,88.174
2018-02-01 02:00:00,20.29,87.831,42.926,301.052,85.434
2018-02-01 03:00:00,20.725,84.519,43.63,296.356,80.368
2018-02-01 04:00:00,22.044,84.809,44.426,304.695,79.951
2018-02-01 05:00:00,26.335,99.777,48.408,333.297,86.689
2018-02-01 06:00:00,32.608,115.906,56.023,388.652,99.6
2018-02-01 07:00:00,39.851,134.063,62.452,422.858,110.463
2018-02-01 08:00:00,38.448,138.591,64.442,443.3,115.62
2018-02-01 09:00:00,32.011,143.866,62.309,462.085,112.741
2018-02-01 10:00:00,31.428,138.962,65.448,454.767,113.431
2018-02-01 11:00:00,31.443,135.286,64.323,443.966,113.018
2018-02-01 12:00:00,27.803,130.825,61.241,428.636,108.497
2018-02-01 13:00:00,25.315,128.365,56.965,405.867,101.958
2018-02-01 14:00:00,24.693,124.321,54.851,382.92,93.388
2018-02-01 15:00:00,28.95,122.54,53.267,380.658,95.674
2018-02-01 16:00:00,30.857,126.807,56.18,400.921,104.041
2018-02-01 17:00:00,37.566,140.152,62.707,455.772,115.034
2018-02-01 18:00:00,37.487,148.958,66.745,477.389,119.068
2018-02-01 19:00:00,37.942,155.926,68.07,483.438,121.885
2018-02-01 20:00:00,38.233,147.376,68.318,472.871,119.645
2018-02-01 21:00:00,35.145,133.117,65.09,442.162,107.43
2018-02-01 22:00:00,27.479,112.173,57.044,382.462,88.225
2018-02-01 23:00:00,21.032,93.418,46.885,324.309,76.254
2018-02-02 00:00:00,18.695,83.559,46.586,291.263,70.185
2018-02-02 01:00:00,16.782,78.468,41.038,271.343,65.222
2018-02-02 02:00:00,16.751,77.587,40.228,265.859,67.598
2018-02-02 03:00:00,17.33,76.495,41.087,264.528,66.993
2018-02-02 04:00:00,18.723,80.865,42.447,277.411,70.047
2018-02-02 05:00:00,21.368,97.027,47.215,306.66,85.435
2018-02-02 06:00:00,26.727,116.828,54.641,372.376,104.036
2018-02-02 07:00:00,38.729,135.962,65.071,420.407,120.618
2018-02-02 08:00:00,40.201,144.986,71.378,461.299,131.139
2018-02-02 09:00:00,35.072,154.85,72.565,503.592,139.038
2018-02-02 10:00:00,36.514,161.898,76.625,527.057,142.811
2018-02-02 11:00:00,37.115,163.757,79.537,524.712,143.439
2018-02-02 12:00:00,35.058,158.125,77.669,529.114,135.169
2018-02-02 13:00:00,31.84,148.277,77.368,507.202,131.093
2018-02-02 14:00:00,34.078,146.029,74.37,481.893,128.175
2018-02-02 15:00:00,35.584,149.806,72.195,487.542,122.632
2018-02-02 16:00:00,38.898,159.51,75.295,525.808,134.247
2018-02-02 17:00:00,53.382,179.922,85.866,581.414,165.343
2018-02-02 18:00:00,56.152,192.693,93.438,604.857,173.69
2018-02-02 19:00:00,53.872,194.095,94.732,624.649,179.466
2018-02-02 20:00:00,55.408,190.777,94.238,617.827,185.309
2018-02-02 21:00:00,52.545,180.224,89.589,588.488,173.002
2018-02-02 22:00:00,41.545,158.618,84.614,527.29,157.076
2018-02-02 23:00:00,36.144,138.247,77.534,468.861,145.155
2018-02-03 00:00:00,33.815,124.811,72.865,437.3,137.291
2018-02-03 01:00:00,31.749,118.869,68.757,415.508,129.258
2018-02-03 02:00:00,32.411,117.17,65.571,413.061,128.578
2018-02-03 03:00:00,32.713,117.067,64.927,413.901,132.452
2018-02-03 04:00:00,33.924,120.109,64.565,425.848,129.834
2018-02-03 05:00:00,37.37,134.514,66.477,440.624,136.816
2018-02-03 06:00:00,40.459,147.011,72.359,469.842,145.707
2018-02-03 07:00:00,49.17,153.937,78.321,487.407,143.428
2018-02-03 08:00:00,51.928,160.749,80.408,505.926,145.223
2018-02-03 09:00:00,48.274,158.118,78.81,506.385,145.921
2018-02-03 10:00:00,43.379,154.28,73.179,490.83,141.951
2018-02-03 11:00:00,40.734,146.408,70.842,474.754,138.855
2018-02-03 12:00:00,38.18,146.659,69.752,459.564,138.597
2018-02-03 13:00:00,34.861,149.233,66.548,440.104,132.879
2018-02-03 14:00:00,35.28,140.951,67.068,421.856,130.02
2018-02-03 15:00:00,35.205,146.384,64.343,415.835,126.958
2018-02-03 16:00:00,36.815,147.41,68.742,439.659,130.33
2018-02-03 17:00:00,40.626,162.431,74.559,503.528,144.922
2018-02-03 18:00:00,42.526,174.498,79.83,536.245,152.008
2018-02-03 19:00:00,45.89,172.36,86.12,555.598,146.159
2018-02-03 20:00:00,46.441,159.997,81.047,548.128,144.045
2018-02-03 21:00:00,43.273,151.482,75.367,514.403,134.039
2018-02-03 22:00:00,35.729,133.213,65.032,456.26,119.567
2018-02-03 23:00:00,28.712,111.395,58.172,401.858,111.755
2018-02-04 00:00:00,23.963,97.178,53.374,352.411,97.005
2018-02-04 01:00:00,22.325,92.481,48.33,330.043,91.378
2018-02-04 02:00:00,22.271,91.308,46.178,319.295,92.662
2018-02-04 03:00:00,22.502,89.445,45.991,312.59,86.147
2018-02-04 04:00:00,22.725,91.047,45.779,315.477,83.254
2018-02-04 05:00:00,23.777,103.582,46.998,326.907,85.681
2018-02-04 06:00:00,26.197,110.767,50.249,350.413,92.461
2018-02-04 07:00:00,36.747,114.093,53.21,373.104,98.862
2018-02-04 08:00:00,37.007,123.594,56.742,395.209,104.638
2018-02-04 09:00:00,36.053,127.252,60.0,406.702,104.878
2018-02-04 10:00:00,34.981,128.734,61.096,402.335,108.808
2018-02-04 11:00:00,33.89,124.198,62.288,400.384,113.593
2018-02-04 12:00:00,33.958,132.567,62.661,399.739,103.993
2018-02-04 13:00:00,30.785,126.391,59.957,383.297,97.673
2018-02-04 14:00:00,30.895,121.289,59.746,382.237,99.356
2018-02-04 15:00:00,31.286,122.682,65.348,371.78,98.275
2018-02-04 16:00:00,31.036,128.443,62.447,388.873,104.57
2018-02-04 17:00:00,33.601,138.362,66.809,434.343,112.12
2018-02-04 18:00:00,33.739,143.901,71.52,446.51,119.188
2018-02-04 19:00:00,35.547,141.634,73.867,446.677,113.833
2018-02-04 20:00:00,31.652,136.472,69.087,442.338,107.201
2018-02-04 21:00:00,31.077,125.288,60.615,400.081,99.515
2018-02-04 22:00:00,26.073,107.695,53.024,349.238,88.148
2018-02-04 23:00:00,20.779,91.661,45.755,296.795,77.152
2018-02-05 00:00:00,17.141,78.145,41.851,267.349,65.686
2018-02-05 01:00:00,15.828,73.548,37.556,254.613,61.014
2018-02-05 02:00:00,15.358,70.808,35.218,246.225,64.782
2018-02-05 03:00:00,15.816,68.805,35.742,244.868,62.545
2018-02-05 04:00:00,16.074,71.303,37.14,257.012,61.516
2018-02-05 05:00:00,20.941,86.615,40.669,289.481,73.2
2018-02-05 06:00:00,28.223,102.236,48.871,352.673,93.636
2018-02-05 07:00:00,35.069,113.9,58.202,391.804,102.597
2018-02-05 08:00:00,33.276,123.348,61.684,413.57,111.137
2018-02-05 09:00:00,30.302,129.56,62.97,437.23,107.199
2018-02-05 10:00:00,29.359,134.916,62.738,461.228,107.223
2018-02-05 11:00:00,27.45,132.141,62.506,467.855,107.371
2018-02-05 12:00:00,28.882,134.905,62.608,461.49,109.397
2018-02-05 13:00:00,29.506,135.687,61.2,443.285,109.238
2018-02-05 14:00:00,30.622,125.809,59.084,428.425,106.129
2018-02-05 15:00:00,29.344,127.286,57.199,416.658,101.57
2018-02-05 16:00:00,29.701,128.349,58.864,442.904,105.839
2018-02-05 17:00:00,37.277,146.278,70.732,494.994,120.568
2018-02-05 18:00:00,41.157,157.706,71.801,516.322,130.974
2018-02-05 19:00:00,43.899,159.462,73.481,526.988,143.059
2018-02-05 20:00:00,43.156,159.854,74.452,515.436,139.168
2018-02-05 21:00:00,41.241,146.136,73.977,494.46,131.441
2018-02-05 22:00:00,33.432,129.058,66.784,446.998,117.759
2018-02-05 23:00:00,27.948,112.943,57.366,395.409,106.811
2018-02-06 00:00:00,25.851,102.553,54.16,366.844,97.114
2018-02-06 01:00:00,23.064,96.292,54.335,352.842,93.892
2018-02-06 02:00:00,24.113,96.451,52.271,345.725,95.512
2018-02-06 03:00:00,24.603,96.454,52.106,341.56,91.874
2018-02-06 04:00:00,25.362,98.235,53.713,349.058,89.569
2018-02-06 05:00:00,28.186,115.192,58.714,372.33,100.9
2018-02-06 06:00:00,32.781,128.634,65.778,431.166,116.31
2018-02-06 07:00:00,41.573,136.411,74.261,469.623,123.079
2018-02-06 08:00:00,43.999,146.965,80.056,500.097,126.688
2018-02-06 09:00:00,36.289,154.347,78.276,516.595,127.943
2018-02-06 10:00:00,36.062,153.114,72.537,522.601,124.14
2018-02-06 11:00:00,36.064,152.466,72.89,506.388,122.049
2018-02-06 12:00:00,36.404,151.34,71.815,500.157,128.569
2018-02-06 13:00:00,34.925,146.146,66.454,468.188,125.126
2018-02-06 14:00:00,32.029,140.019,63.851,449.938,118.698
2018-02-06 15:00:00,29.904,134.481,63.483,447.934,112.934
2018-02-06 16:00:00,33.241,142.335,66.517,460.301,120.126
2018-02-06 17:00:00,40.723,152.749,73.845,497.881,130.749
2018-02-06 18:00:00,42.942,162.716,76.335,522.041,136.693
2018-02-06 19:00:00,41.712,160.461,79.251,527.602,130.781
2018-02-06 20:00:00,42.52,151.316,76.966,511.019,131.399
2018-02-06 21:00:00,39.071,143.472,74.141,484.7,120.309
2018-02-06 22:00:00,30.921,132.84,65.803,435.017,109.678
2018-02-06 23:00:00,27.58,112.948,56.067,378.952,101.174
2018-02-07 00:00:00,24.387,99.067,52.839,345.026,87.703
2018-02-07 01:00:00,22.655,93.647,49.93,335.218,85.326
2018-02-07 02:00:00,22.747,92.211,48.789,334.741,89.944
2018-02-07 03:00:00,23.57,93.125,51.309,337.368,90.092
2018-02-07 04:00:00,24.604,96.812,53.986,346.589,90.513
2018-02-07 05:00:00,27.767,116.207,57.618,374.814,100.168
2018-02-07 06:00:00,32.213,130.014,64.12,429.144,114.625
2018-02-07 07:00:00,43.001,135.926,68.849,454.662,121.794
2018-02-07 08:00:00,42.916,149.525,70.529,482.741,130.209
2018-02-07 09:00:00,35.368,160.244,70.266,510.382,129.935
2018-02-07 10:00:00,33.623,158.101,74.261,511.014,132.565
2018-02-07 11:00:00,35.842,157.788,74.626,512.14,129.92
2018-02-07 12:00:00,37.08,159.612,71.566,511.642,135.419
2018-02-07 13:00:00,36.242,152.623,68.322,498.935,121.861
2018-02-07 14:00:00,36.929,145.014,66.184,478.462,118.492
2018-02-07 15:00:00,37.802,143.052,61.895,464.305,113.003
2018-02-07 16:00:00,38.241,147.835,66.767,487.989,115.451
2018-02-07 17:00:00,45.082,159.393,73.573,511.337,118.337
2018-02-07 18:00:00,44.863,168.026,72.808,530.048,123.338
2018-02-07 19:00:00,41.568,163.648,71.619,518.316,122.223
2018-02-07 20:00:00,38.456,148.868,68.445,484.684,117.007
2018-02-07 21:00:00,35.045,133.922,64.058,444.072,108.442
2018-02-07 22:00:00,28.934,119.233,54.453,391.149,93.442
2018-02-07 23:00:00,25.374,98.733,47.004,348.171,83.893
2018-02-08 00:00:00,22.742,90.946,46.524,314.33,79.462
2018-02-08 01:00:00,22.289,91.853,47.721,308.145,81.493
2018-02-08 02:00:00,21.709,88.841,47.134,309.615,89.251
2018-02-08 03:00:00,21.57,86.738,47.306,309.853,86.828
2018-02-08 04:00:00,22.344,89.237,49.51,319.892,89.426
2018-02-08 05:00:00,26.607,104.324,58.363,352.939,103.221
2018-02-08 06:00:00,29.913,122.314,62.525,418.791,116.914
2018-02-08 07:00:00,39.402,132.864,68.182,450.545,124.957
2018-02-08 08:00:00,42.439,141.869,70.317,472.498,131.443
2018-02-08 09:00:00,36.049,142.697,72.151,499.839,131.632
2018-02-08 10:00:00,36.396,146.995,73.139,496.834,135.439
2018-02-08 11:00:00,33.36,142.643,70.387,486.148,120.765
2018-02-08 12:00:00,31.812,141.143,69.726,470.79,119.519
2018-02-08 13:00:00,29.15,137.195,63.106,452.298,112.042
2018-02-08 14:00:00,31.474,125.122,62.343,440.69,109.689
2018-02-08 15:00:00,28.043,123.346,62.781,434.203,110.723
2018-02-08 16:00:00,30.847,126.656,61.275,454.572,117.18
2018-02-08 17:00:00,41.757,146.783,66.629,504.47,125.538
2018-02-08 18:00:00,43.525,162.225,73.286,528.405,135.712
2018-02-08 19:00:00,43.712,164.937,74.883,544.026,139.955
2018-02-08 20:00:00,43.572,160.606,75.014,535.755,135.463
2018-02-08 21:00:00,40.12,151.337,76.643,496.174,125.84
2018-02-08 22:00:00,32.069,132.153,70.854,435.45,116.507
2018-02-08 23:00:00,27.055,114.102,58.532,388.356,100.916
2018-02-09 00:00:00,26.703,101.711,53.243,361.527,92.84
2018-02-09 01:00:00,23.337,97.761,51.425,345.317,91.933
2018-02-09 02:00:00,23.866,97.371,50.619,342.656,94.188
2018-02-09 03:00:00,24.88,98.399,51.226,345.542,94.686
2018-02-09 04:00:00,26.589,102.242,53.216,361.444,93.438
2018-02-09 05:00:00,31.435,118.498,59.905,401.647,102.387
2018-02-09 06:00:00,34.648,135.496,69.313,466.319,117.687
2018-02-09 07:00:00,42.916,148.264,71.648,492.559,125.53
2018-02-09 08:00:00,44.154,151.229,75.513,498.638,124.773
2018-02-09 09:00:00,32.964,147.014,71.926,504.715,123.988
2018-02-09 10:00:00,31.171,144.635,68.5,496.601,124.337
2018-02-09 11:00:00,30.476,145.051,74.43,483.444,128.549
2018-02-09 12:00:00,31.249,144.114,69.743,480.715,127.937
2018-02-09 13:00:00,30.219,137.625,67.725,455.915,126.579
2018-02-09 14:00:00,30.904,136.019,62.712,435.024,124.094
2018-02-09 15:00:00,30.429,139.152,65.925,436.16,119.379
2018-02-09 16:00:00,34.151,147.298,67.569,465.58,124.138
2018-02-09 17:00:00,43.967,156.154,72.519,500.693,138.593
2018-02-09 18:00:00,44.394,166.311,77.741,526.636,135.425
2018-02-09 19:00:00,42.368,168.971,80.105,537.085,134.928
2018-02-09 20:00:00,40.705,158.991,77.299,520.694,130.665
2018-02-09 21:00:00,38.234,147.414,69.051,474.986,118.661
2018-02-09 22:00:00,30.201,128.27,61.005,423.368,106.968
2018-02-09 23:00:00,25.499,106.495,54.022,367.223,93.269
2018-02-10 00:00:00,23.898,93.693,48.042,330.382,81.537
2018-02-10 01:00:00,20.999,90.051,44.347,309.576,74.393
2018-02-10 02:00:00,20.894,84.703,41.162,299.285,71.09
2018-02-10 03:00:00,19.859,82.354,40.374,291.056,66.835
2018-02-10 04:00:00,19.641,81.55,41.683,288.687,68.496
2018-02-10 05:00:00,21.68,91.327,42.322,290.689,68.77
2018-02-10 06:00:00,24.01,100.691,46.924,320.126,76.425
2018-02-10 07:00:00,32.263,105.618,49.639,335.83,82.186
2018-02-10 08:00:00,32.657,118.398,55.216,382.462,96.812
2018-02-10 09:00:00,30.649,120.53,59.197,406.168,102.487
2018-02-10 10:00:00,31.084,123.688,56.575,400.498,99.806
2018-02-10 11:00:00,30.817,116.012,59.799,393.455,98.791
2018-02-10 12:00:00,28.881,118.804,60.575,383.882,96.386
2018-02-10 13:00:00,27.322,112.385,60.238,376.042,95.688
2018-02-10 14:00:00,28.91,108.611,56.843,364.498,94.737
2018-02-10 15:00:00,29.623,116.269,66.761,367.805,96.569
2018-02-10 16:00:00,35.673,122.084,62.701,385.699,96.996
2018-02-10 17:00:00,32.919,134.968,66.417,427.191,107.325
2018-02-10 18:00:00,34.242,145.185,66.8,450.107,112.975
2018-02-10 19:00:00,34.029,147.977,63.866,450.245,112.506
2018-02-10 20:00:00,33.133,135.842,64.393,442.191,109.581
2018-02-10 21:00:00,31.292,124.443,61.996,406.677,100.39
2018-02-10 22:00:00,27.491,111.969,54.603,342.124,83.275
2018-02-10 23:00:00,20.367,91.606,46.059,284.551,70.205
2018-02-11 00:00:00,17.867,74.994,38.566,245.844,60.383
2018-02-11 01:00:00,15.243,72.192,34.221,226.346,55.377
2018-02-11 02:00:00,14.283,67.716,32.964,224.155,59.425
2018-02-11 03:00:00,14.547,65.972,32.028,222.318,58.68
2018-02-11 04:00:00,14.676,67.505,33.283,223.608,60.554
2018-02-11 05:00:00,15.714,74.048,36.148,236.524,64.319
2018-02-11 06:00:00,16.9,85.706,42.014,261.021,70.23
2018-02-11 07:00:00,24.903,91.79,47.996,284.291,77.403
2018-02-11 08:00:00,27.939,110.423,52.323,322.903,86.668
2018-02-11 09:00:00,27.335,117.476,60.045,360.523,93.708
2018-02-11 10:00:00,28.465,119.474,57.293,372.242,89.891
2018-02-11 11:00:00,29.313,118.051,62.259,378.126,93.445
2018-02-11 12:00:00,30.372,120.291,67.329,396.557,94.356
2018-02-11 13:00:00,28.914,120.251,55.451,386.647,92.282
2018-02-11 14:00:00,29.625,122.72,54.8,382.887,87.14
2018-02-11 15:00:00,30.426,121.559,57.67,378.545,93.566
2018-02-11 16:00:00,33.594,127.072,59.107,389.895,98.987
2018-02-11 17:00:00,34.571,138.805,67.677,426.853,112.384
2018-02-11 18:00:00,35.591,143.503,65.373,463.739,112.753
2018-02-11 19:00:00,33.259,143.311,66.843,464.834,105.581
2018-02-11 20:00:00,32.056,137.516,60.496,443.679,104.855
2018-02-11 21:00:00,28.603,123.607,56.143,408.353,97.269
2018-02-11 22:00:00,24.641,101.24,47.973,357.689,86.503
2018-02-11 23:00:00,19.274,83.172,41.411,283.704,75.216
2018-02-12 00:00:00,15.899,70.865,35.061,248.684,63.58
2018-02-12 01:00:00,14.222,66.36,32.193,226.434,63.017
2018-02-12 02:00:00,13.039,63.795,31.603,217.798,66.125
2018-02-12 03:00:00,13.036,61.262,30.6,215.038,66.502
2018-02-12 04:00:00,15.535,64.473,33.941,217.613,63.404
2018-02-12 05:00:00,18.583,70.63,37.342,251.091,69.425
2018-02-12 06:00:00,24.507,87.286,45.092,318.396,86.19
2018-02-12 07:00:00,31.621,98.509,53.113,363.295,101.913
2018-02-12 08:00:00,27.582,113.62,57.729,408.686,105.438
2018-02-12 09:00:00,26.808,127.014,62.701,431.456,110.187
2018-02-12 10:00:00,28.307,131.565,63.079,448.281,108.149
2018-02-12 11:00:00,29.092,133.018,65.654,457.899,106.458
2018-02-12 12:00:00,29.821,129.552,63.788,452.12,114.638
2018-02-12 13:00:00,26.085,124.236,60.078,437.902,113.653
2018-02-12 14:00:00,25.871,126.223,60.527,420.15,107.25
2018-02-12 15:00:00,25.802,125.49,55.795,411.16,102.467
2018-02-12 16:00:00,25.916,125.129,58.322,416.846,101.179
2018-02-12 17:00:00,36.529,135.543,65.142,456.907,113.969
2018-02-12 18:00:00,37.461,144.629,70.845,488.389,125.189
2018-02-12 19:00:00,45.762,155.638,75.075,505.914,121.549
2018-02-12 20:00:00,41.087,149.278,74.856,491.96,125.254
2018-02-12 21:00:00,35.233,142.195,70.621,465.649,113.655
2018-02-12 22:00:00,28.62,121.174,66.544,413.371,104.164
2018-02-12 23:00:00,24.219,101.852,55.585,349.942,93.794
2018-02-13 00:00:00,21.758,91.443,50.234,323.668,89.509
2018-02-13 01:00:00,20.406,88.428,49.822,309.324,84.746
2018-02-13 02:00:00,21.313,88.834,48.944,308.974,91.756
2018-02-13 03:00:00,22.688,89.61,49.872,314.049,92.105
2018-02-13 04:00:00,23.95,92.945,52.914,328.292,92.369
2018-02-13 05:00:00,27.907,111.897,57.059,358.557,102.884
2018-02-13 06:00:00,31.548,134.042,64.488,425.641,119.044
2018-02-13 07:00:00,42.077,133.298,68.78,453.088,128.841
2018-02-13 08:00:00,40.203,146.477,66.891,481.642,130.39
2018-02-13 09:00:00,33.274,145.646,66.936,492.006,125.329
2018-02-13 10:00:00,31.638,143.743,68.206,488.417,119.782
2018-02-13 11:00:00,32.374,138.888,65.832,477.427,118.92
2018-02-13 12:00:00,31.221,137.61,66.326,471.036,118.527
2018-02-13 13:00:00,27.615,132.667,64.241,436.265,108.003
2018-02-13 14:00:00,27.341,122.186,61.153,412.728,107.148
2018-02-13 15:00:00,30.298,123.496,58.402,406.707,105.926
2018-02-13 16:00:00,29.318,133.028,60.675,430.427,113.104
2018-02-13 17:00:00,43.077,144.185,67.455,469.978,124.875
2018-02-13 18:00:00,41.609,162.184,70.943,506.943,132.469
2018-02-13 19:00:00,41.384,159.878,74.289,509.416,135.065
2018-02-13 20:00:00,41.442,154.336,76.563,499.099,136.127
2018-02-13 21:00:00,39.871,140.647,72.268,471.971,121.078
2018-02-13 22:00:00,33.999,124.703,67.336,417.503,109.225
2018-02-13 23:00:00,26.041,104.98,54.907,358.636,88.502
2018-02-14 00:00:00,22.318,94.805,48.469,324.886,78.013
2018-02-14 01:00:00,20.599,89.528,45.755,310.711,73.538
2018-02-14 02:00:00,22.057,87.291,43.491,307.875,75.431
2018-02-14 03:00:00,21.458,85.325,44.638,305.186,74.821
2018-02-14 04:00:00,22.489,87.837,45.023,309.376,74.011
2018-02-14 05:00:00,25.398,103.803,50.578,337.506,85.045
2018-02-14 06:00:00,28.859,117.572,57.272,388.787,97.616
2018-02-14 07:00:00,36.525,125.731,61.489,415.054,108.125
2018-02-14 08:00:00,38.652,135.873,65.569,435.913,117.298
2018-02-14 09:00:00,30.089,137.537,70.266,452.996,114.092
2018-02-14 10:00:00,30.884,138.899,68.125,462.437,108.034
2018-02-14 11:00:00,30.898,137.595,64.981,451.811,106.402
2018-02-14 12:00:00,31.281,135.715,64.822,443.086,111.892
2018-02-14 13:00:00,26.939,123.805,58.879,425.594,109.302
2018-02-14 14:00:00,23.756,121.23,55.811,396.287,100.008
2018-02-14 15:00:00,23.275,114.82,54.885,388.36,98.117
2018-02-14 16:00:00,25.596,118.469,54.995,394.155,108.577
2018-02-14 17:00:00,32.404,127.738,63.234,429.732,124.73
2018-02-14 18:00:00,35.035,140.232,65.783,459.134,127.906
2018-02-14 19:00:00,37.058,148.043,66.975,468.963,124.274
2018-02-14 20:00:00,37.92,146.628,64.133,460.559,123.708
2018-02-14 21:00:00,34.758,134.32,64.784,419.155,115.253
2018-02-14 22:00:00,27.167,114.093,59.287,372.302,101.177
2018-02-14 23:00:00,23.417,94.013,49.518,315.01,86.963
2018-02-15 00:00:00,21.48,84.963,44.248,279.877,73.39
2018-02-15 01:00:00,19.084,80.047,40.857,263.709,71.3
2018-02-15 02:00:00,18.45,76.599,39.525,259.867,72.33
2018-02-15 03:00:00,17.716,75.196,39.376,256.255,68.972
2018-02-15 04:00:00,18.314,74.695,41.028,263.857,68.648
2018-02-15 05:00:00,20.322,88.0,44.96,290.008,78.499
2018-02-15 06:00:00,23.386,101.575,53.09,346.126,96.511
2018-02-15 07:00:00,32.526,116.564,55.958,381.285,106.058
2018-02-15 08:00:00,34.2,123.192,58.927,422.746,107.012
2018-02-15 09:00:00,30.287,127.026,59.892,431.942,109.276
2018-02-15 10:00:00,30.354,127.639,62.792,440.74,110.758
2018-02-15 11:00:00,28.654,126.224,62.126,434.586,105.527
2018-02-15 12:00:00,28.449,125.882,60.702,432.186,111.559
2018-02-15 13:00:00,24.137,122.458,58.287,414.886,107.524
2018-02-15 14:00:00,24.762,114.876,53.646,395.538,98.407
2018-02-15 15:00:00,24.752,113.013,54.712,397.084,97.354
2018-02-15 16:00:00,24.663,120.504,57.655,408.192,103.488
2018-02-15 17:00:00,32.405,131.417,62.431,443.211,114.403
2018-02-15 18:00:00,31.543,141.609,63.897,456.654,117.916
2018-02-15 19:00:00,32.866,141.955,65.911,462.212,122.674
2018-02-15 20:00:00,33.727,139.722,66.395,443.222,118.894
2018-02-15 21:00:00,31.874,126.39,65.716,412.958,108.015
2018-02-15 22:00:00,23.613,111.742,55.884,349.727,92.403
2018-02-15 23:00:00,22.156,91.537,46.174,286.796,77.341
2018-02-16 00:00:00,20.311,79.662,41.378,257.639,65.08
2018-02-16 01:00:00,17.469,73.744,38.734,240.41,60.771
2018-02-16 02:00:00,15.349,71.796,36.66,236.28,64.878
2018-02-16 03:00:00,15.251,69.031,37.182,235.271,61.875
2018-02-16 04:00:00,16.744,69.673,38.41,240.158,63.077
2018-02-16 05:00:00,18.814,81.275,41.006,268.507,66.806
2018-02-16 06:00:00,22.906,99.039,47.666,318.502,78.488
2018-02-16 07:00:00,30.986,110.306,51.822,353.893,93.061
2018-02-16 08:00:00,31.634,118.887,52.452,395.009,98.929
2018-02-16 09:00:00,28.438,127.232,58.156,403.104,99.083
2018-02-16 10:00:00,27.422,133.683,57.927,411.436,99.468
2018-02-16 11:00:00,27.569,130.021,58.644,411.377,100.479
2018-02-16 12:00:00,24.459,122.223,56.96,420.537,101.727
2018-02-16 13:00:00,23.808,117.58,52.878,405.361,97.817
2018-02-16 14:00:00,24.683,116.379,53.669,388.847,91.986
2018-02-16 15:00:00,25.763,113.542,55.108,387.813,88.542
2018-02-16 16:00:00,29.798,122.404,59.492,407.482,95.715
2018-02-16 17:00:00,39.064,134.709,67.145,455.267,106.32
2018-02-16 18:00:00,37.441,146.224,69.482,482.598,116.073
2018-02-16 19:00:00,39.915,145.67,66.615,485.422,118.706
2018-02-16 20:00:00,37.321,142.191,64.899,474.439,118.681
2018-02-16 21:00:00,35.389,129.905,61.838,435.971,107.613
2018-02-16 22:00:00,28.3,110.9,58.789,373.638,100.336
2018-02-16 23:00:00,23.682,97.368,51.992,328.401,86.418
2018-02-17 00:00:00,21.077,84.659,44.96,297.579,78.993
2018-02-17 01:00:00,17.742,80.768,44.263,289.648,73.386
2018-02-17 02:00:00,17.928,82.572,43.319,288.654,78.146
2018-02-17 03:00:00,19.489,81.964,42.832,292.132,78.313
2018-02-17 04:00:00,20.953,84.878,44.299,303.908,79.853
2018-02-17 05:00:00,24.381,98.204,46.384,325.881,85.463
2018-02-17 06:00:00,26.673,105.536,51.898,353.713,95.456
2018-02-17 07:00:00,36.838,114.614,57.119,378.662,101.728
2018-02-17 08:00:00,41.462,128.76,63.298,415.329,105.773
2018-02-17 09:00:00,39.748,131.209,64.39,429.428,106.627
2018-02-17 10:00:00,36.362,121.93,62.883,411.462,103.864
2018-02-17 11:00:00,34.918,122.668,62.323,416.249,102.966
2018-02-17 12:00:00,33.202,124.576,58.991,401.25,108.984
2018-02-17 13:00:00,29.692,120.545,57.361,381.507,102.419
2018-02-17 14:00:00,30.548,120.63,57.199,377.15,97.29
2018-02-17 15:00:00,34.099,129.986,60.1,378.885,100.229
2018-02-17 16:00:00,35.196,143.129,63.843,412.043,111.298
2018-02-17 17:00:00,37.441,150.629,70.644,461.654,117.374
2018-02-17 18:00:00,41.01,156.425,75.279,495.617,121.287
2018-02-17 19:00:00,39.985,158.49,76.195,499.264,119.011
2018-02-17 20:00:00,35.376,148.58,73.416,496.685,121.758
2018-02-17 21:00:00,35.628,141.595,67.784,455.807,122.132
2018-02-17 22:00:00,29.173,124.377,61.073,397.918,109.563
2018-02-17 23:00:00,23.238,101.429,53.73,345.272,91.352
2018-02-18 00:00:00,21.46,89.311,47.722,304.342,76.756
2018-02-18 01:00:00,19.229,85.508,43.905,290.188,67.96
2018-02-18 02:00:00,19.404,82.773,42.218,286.983,70.551
2018-02-18 03:00:00,19.995,80.342,43.417,282.534,72.716
2018-02-18 04:00:00,21.105,82.73,44.172,287.057,73.19
2018-02-18 05:00:00,21.705,95.021,46.451,303.367,83.851
2018-02-18 06:00:00,25.545,103.838,52.012,329.402,95.154
2018-02-18 07:00:00,33.134,107.768,55.938,340.522,97.603
2018-02-18 08:00:00,34.021,125.313,61.084,369.484,107.017
2018-02-18 09:00:00,37.869,126.739,64.164,397.625,107.658
2018-02-18 10:00:00,33.732,123.8,61.712,396.103,105.728
2018-02-18 11:00:00,37.382,119.893,59.797,387.997,100.475
2018-02-18 12:00:00,34.542,125.399,62.869,396.162,91.972
2018-02-18 13:00:00,29.847,122.02,56.8,370.756,87.152
2018-02-18 14:00:00,26.871,112.711,53.157,358.036,85.255
2018-02-18 15:00:00,27.055,117.283,53.322,354.309,84.925
2018-02-18 16:00:00,26.874,113.159,55.385,357.427,91.042
2018-02-18 17:00:00,30.591,128.824,60.205,406.151,103.012
2018-02-18 18:00:00,33.87,140.464,63.769,440.621,114.402
2018-02-18 19:00:00,33.74,150.4,65.027,456.282,112.27
2018-02-18 20:00:00,33.73,142.76,68.65,450.111,111.399
2018-02-18 21:00:00,34.003,132.144,66.094,430.059,104.263
2018-02-18 22:00:00,28.644,117.855,59.994,382.994,96.512
2018-02-18 23:00:00,23.456,99.481,53.571,336.662,86.156
2018-02-19 00:00:00,21.764,87.932,47.836,312.037,77.372
2018-02-19 01:00:00,19.352,86.306,45.976,299.927,75.946
2018-02-19 02:00:00,19.589,85.095,45.015,297.439,79.052
2018-02-19 03:00:00,21.705,86.141,46.846,303.029,77.783
2018-02-19 04:00:00,23.845,89.099,49.854,318.771,77.745
2018-02-19 05:00:00,28.849,106.62,54.3,355.865,85.906
2018-02-19 06:00:00,32.451,120.858,62.131,411.035,96.696
2018-02-19 07:00:00,40.543,132.726,64.969,436.258,105.21
2018-02-19 08:00:00,36.51,134.869,61.596,438.221,105.195
2018-02-19 09:00:00,31.072,132.555,57.757,448.695,103.872
2018-02-19 10:00:00,29.988,132.504,60.042,442.406,95.125
2018-02-19 11:00:00,28.939,131.593,56.513,425.704,93.134
2018-02-19 12:00:00,28.048,126.136,53.038,425.205,93.085
2018-02-19 13:00:00,26.459,122.605,50.164,408.672,92.014
2018-02-19 14:00:00,24.595,115.597,51.561,387.073,85.34
2018-02-19 15:00:00,25.581,112.82,50.356,383.399,85.104
2018-02-19 16:00:00,28.043,117.485,54.368,403.595,90.955
2018-02-19 17:00:00,34.174,129.762,58.695,433.288,108.75
2018-02-19 18:00:00,36.868,142.173,66.847,462.219,107.311
2018-02-19 19:00:00,36.638,146.019,70.392,460.777,112.1
2018-02-19 20:00:00,35.413,140.069,65.852,446.525,107.678
2018-02-19 21:00:00,32.012,126.389,60.576,413.717,99.961
2018-02-19 22:00:00,25.848,104.892,53.639,355.17,84.599
2018-02-19 23:00:00,19.463,84.544,43.207,285.9,68.067
2018-02-20 00:00:00,17.79,73.788,38.309,250.467,59.595
2018-02-20 01:00:00,15.315,67.763,35.629,231.726,56.634
2018-02-20 02:00:00,13.921,65.875,34.37,226.997,59.609
2018-02-20 03:00:00,13.624,64.827,34.833,223.38,59.588
2018-02-20 04:00:00,14.969,66.176,36.274,231.331,61.021
2018-02-20 05:00:00,18.74,75.167,41.047,256.397,69.449
2018-02-20 06:00:00,21.756,92.348,46.536,303.584,84.135
2018-02-20 07:00:00,27.031,103.973,51.727,346.346,92.772
2018-02-20 08:00:00,27.308,108.246,56.761,373.386,98.814
2018-02-20 09:00:00,24.189,118.119,55.84,393.716,106.774
2018-02-20 10:00:00,24.658,118.918,58.327,393.221,103.812
2018-02-20 11:00:00,24.41,117.257,58.579,393.541,102.815
2018-02-20 12:00:00,24.552,116.16,56.811,401.27,105.873
2018-02-20 13:00:00,23.674,111.814,53.356,395.82,105.924
2018-02-20 14:00:00,23.557,112.043,50.123,375.428,102.855
2018-02-20 15:00:00,24.102,113.298,52.716,384.79,97.797
2018-02-20 16:00:00,23.218,116.437,50.298,407.551,102.377
2018-02-20 17:00:00,25.798,132.677,56.6,425.824,114.459
2018-02-20 18:00:00,28.871,131.447,60.686,439.312,119.464
2018-02-20 19:00:00,30.227,136.075,65.875,431.4,117.393
2018-02-20 20:00:00,29.474,129.75,64.814,411.496,112.661
2018-02-20 21:00:00,26.893,118.884,61.305,381.475,102.513
2018-02-20 22:00:00,22.592,100.942,51.255,325.131,90.856
2018-02-20 23:00:00,17.06,81.904,43.054,256.463,77.035
2018-02-21 00:00:00,15.537,68.631,38.582,219.854,67.117
2018-02-21 01:00:00,14.102,63.387,38.6,204.171,60.574
2018-02-21 02:00:00,13.131,62.165,33.943,197.737,60.056
2018-02-21 03:00:00,12.589,61.389,33.345,196.867,60.816
2018-02-21 04:00:00,13.119,62.122,35.577,207.513,63.416
2018-02-21 05:00:00,14.996,69.167,38.181,233.821,68.662
2018-02-21 06:00:00,20.809,85.472,43.016,286.724,80.165
2018-02-21 07:00:00,24.011,93.74,51.481,321.029,89.13
2018-02-21 08:00:00,24.628,105.101,52.503,355.079,96.286
2018-02-21 09:00:00,24.135,117.557,55.327,387.415,96.774
2018-02-21 10:00:00,27.54,119.181,57.459,394.158,104.799
2018-02-21 11:00:00,25.957,117.085,56.653,399.086,104.255
2018-02-21 12:00:00,22.518,115.905,51.393,405.096,110.336
2018-02-21 13:00:00,24.161,113.299,48.449,403.216,100.02
2018-02-21 14:00:00,22.556,111.408,47.537,403.573,95.629
2018-02-21 15:00:00,26.258,112.898,49.3,405.824,98.116
2018-02-21 16:00:00,25.712,118.053,50.847,427.664,102.612
2018-02-21 17:00:00,27.614,128.794,52.228,445.737,112.649
2018-02-21 18:00:00,28.514,136.317,58.181,471.638,117.416
2018-02-21 19:00:00,29.893,137.036,60.851,461.13,120.724
2018-02-21 20:00:00,28.759,129.085,61.359,436.327,112.277
2018-02-21 21:00:00,25.414,119.192,59.192,394.183,98.315
2018-02-21 22:00:00,20.765,99.425,49.908,327.914,75.96
2018-02-21 23:00:00,15.72,77.945,41.123,260.901,65.985
2018-02-22 00:00:00,13.762,67.406,33.545,222.542,55.022
2018-02-22 01:00:00,12.629,62.947,31.603,207.549,50.826
2018-02-22 02:00:00,12.764,60.668,31.498,201.808,52.948
2018-02-22 03:00:00,12.817,61.298,33.507,208.759,52.802
2018-02-22 04:00:00,14.076,63.86,33.761,222.602,53.316
2018-02-22 05:00:00,17.339,72.959,38.111,250.949,63.431
2018-02-22 06:00:00,22.112,87.451,49.052,309.947,79.863
2018-02-22 07:00:00,26.803,101.619,55.847,351.725,95.686
2018-02-22 08:00:00,28.84,115.726,58.403,389.294,102.639
2018-02-22 09:00:00,27.214,120.769,61.622,423.447,108.173
2018-02-22 10:00:00,29.173,125.57,63.7,445.377,113.264
2018-02-22 11:00:00,31.612,126.346,60.446,440.601,108.291
2018-02-22 12:00:00,29.804,128.526,60.315,443.426,110.589
2018-02-22 13:00:00,25.743,128.631,57.95,432.141,105.855
2018-02-22 14:00:00,26.182,121.634,56.233,427.25,106.189
2018-02-22 15:00:00,27.776,121.661,60.091,426.363,110.452
2018-02-22 16:00:00,31.781,133.556,62.472,455.093,116.822
2018-02-22 17:00:00,39.781,145.199,67.892,489.474,126.766
2018-02-22 18:00:00,42.543,157.359,72.257,512.544,136.887
2018-02-22 19:00:00,42.475,157.527,74.911,514.052,136.587
2018-02-22 20:00:00,39.294,151.86,78.256,502.284,130.286
2018-02-22 21:00:00,39.424,137.9,70.661,463.097,121.464
2018-02-22 22:00:00,31.285,120.943,61.332,408.336,106.209
2018-02-22 23:00:00,23.6,102.545,54.458,346.12,90.563
2018-02-23 00:00:00,20.405,90.822,47.214,310.986,82.739
2018-02-23 01:00:00,17.97,83.321,45.684,292.983,78.792
2018-02-23 02:00:00,17.868,80.611,44.05,283.779,80.222
2018-02-23 03:00:00,18.993,79.6,43.683,285.943,78.261
2018-02-23 04:00:00,20.19,82.409,45.636,304.694,77.919
2018-02-23 05:00:00,22.394,96.09,52.381,331.992,87.823
2018-02-23 06:00:00,26.516,113.999,58.997,392.045,101.155
2018-02-23 07:00:00,34.647,118.839,63.164,417.343,109.161
2018-02-23 08:00:00,33.357,126.877,67.326,436.898,110.05
2018-02-23 09:00:00,29.107,130.683,67.047,461.157,112.525
2018-02-23 10:00:00,29.057,132.35,61.992,451.016,110.274
2018-02-23 11:00:00,30.045,133.688,64.29,448.644,110.701
2018-02-23 12:00:00,27.132,134.2,62.382,449.207,116.022
2018-02-23 13:00:00,27.956,128.883,61.365,447.938,113.252
2018-02-23 14:00:00,27.401,126.266,63.792,431.404,111.574
2018-02-23 15:00:00,28.025,125.014,65.386,429.895,114.79
2018-02-23 16:00:00,31.696,130.127,64.987,446.656,116.551
2018-02-23 17:00:00,43.773,145.378,68.428,479.277,125.853
2018-02-23 18:00:00,40.844,158.79,71.31,502.032,129.274
2018-02-23 19:00:00,38.8,161.721,73.307,505.996,119.794
2018-02-23 20:00:00,38.305,153.155,70.895,487.436,117.677
2018-02-23 21:00:00,34.015,134.506,65.062,443.214,105.137
2018-02-23 22:00:00,27.35,111.654,58.954,383.361,94.037
2018-02-23 23:00:00,21.532,96.332,50.205,330.161,82.135
2018-02-24 00:00:00,18.645,83.809,43.958,292.357,75.119
2018-02-24 01:00:00,17.351,77.942,40.641,271.79,73.324
2018-02-24 02:00:00,17.726,74.659,38.299,265.81,76.965
2018-02-24 03:00:00,16.825,72.837,38.104,263.001,75.802
2018-02-24 04:00:00,16.515,74.29,37.981,264.526,73.268
2018-02-24 05:00:00,18.137,84.452,41.559,270.774,75.361
2018-02-24 06:00:00,21.751,94.527,45.603,290.336,80.91
2018-02-24 07:00:00,29.196,102.564,50.792,308.288,84.699
2018-02-24 08:00:00,28.205,111.172,54.071,338.861,92.436
2018-02-24 09:00:00,29.689,112.075,55.016,370.173,97.377
2018-02-24 10:00:00,28.965,116.144,54.427,371.338,94.031
2018-02-24 11:00:00,24.452,110.778,53.877,367.664,91.501
2018-02-24 12:00:00,24.701,113.916,52.02,366.973,86.018
2018-02-24 13:00:00,23.166,107.576,51.645,353.984,90.191
2018-02-24 14:00:00,24.177,107.557,49.873,346.731,91.76
2018-02-24 15:00:00,24.153,114.805,54.601,352.825,87.39
2018-02-24 16:00:00,26.199,122.799,55.114,378.605,95.854
2018-02-24 17:00:00,29.829,131.43,58.368,413.694,103.565
2018-02-24 18:00:00,33.406,137.803,62.349,441.023,107.676
2018-02-24 19:00:00,35.979,144.315,63.802,451.092,110.927
2018-02-24 20:00:00,33.785,134.66,62.777,441.733,111.753
2018-02-24 21:00:00,30.723,125.196,58.314,410.297,104.509
2018-02-24 22:00:00,25.503,115.263,53.37,359.078,88.548
2018-02-24 23:00:00,20.616,91.204,47.546,303.198,75.227
2018-02-25 00:00:00,18.397,74.952,42.423,267.524,65.69
2018-02-25 01:00:00,16.799,71.374,38.462,254.057,62.578
2018-02-25 02:00:00,15.399,70.417,36.703,251.063,66.305
2018-02-25 03:00:00,16.669,73.076,37.485,252.416,67.752
2018-02-25 04:00:00,17.306,74.234,38.471,257.47,71.744
2018-02-25 05:00:00,18.28,83.104,40.547,272.116,75.511
2018-02-25 06:00:00,21.543,92.777,44.932,299.557,82.386
2018-02-25 07:00:00,28.613,102.582,49.277,335.921,89.901
2018-02-25 08:00:00,30.231,123.783,58.075,367.119,103.71
2018-02-25 09:00:00,32.793,134.135,62.319,407.257,107.7
2018-02-25 10:00:00,33.57,129.18,65.426,415.541,113.334
2018-02-25 11:00:00,37.357,131.347,66.922,414.097,117.601
2018-02-25 12:00:00,36.321,134.346,66.526,422.154,123.923
2018-02-25 13:00:00,34.378,133.946,65.383,418.834,114.341
2018-02-25 14:00:00,33.77,131.71,62.858,408.473,111.589
2018-02-25 15:00:00,33.708,132.707,62.953,402.811,110.142
2018-02-25 16:00:00,32.336,133.648,65.086,417.737,105.027
2018-02-25 17:00:00,35.25,140.213,68.802,447.991,110.237
2018-02-25 18:00:00,34.638,148.914,74.468,479.135,116.99
2018-02-25 19:00:00,36.101,153.171,72.525,479.686,116.046
2018-02-25 20:00:00,34.848,148.713,70.148,456.502,116.555
2018-02-25 21:00:00,33.224,130.551,69.989,411.498,107.484
2018-02-25 22:00:00,27.996,113.881,57.827,366.256,94.391
2018-02-25 23:00:00,22.345,90.918,47.354,313.272,80.528
2018-02-26 00:00:00,18.591,81.053,44.454,288.859,71.395
2018-02-26 01:00:00,17.765,76.074,41.744,271.643,67.242
2018-02-26 02:00:00,16.241,74.312,40.323,266.51,70.295
2018-02-26 03:00:00,16.725,73.123,41.124,262.686,69.461
2018-02-26 04:00:00,16.784,74.295,41.798,270.134,69.323
2018-02-26 05:00:00,19.126,88.249,45.179,300.983,77.072
2018-02-26 06:00:00,24.307,104.833,52.526,356.098,90.864
2018-02-26 07:00:00,35.735,115.008,57.936,384.624,97.234
2018-02-26 08:00:00,36.047,128.195,63.098,412.544,99.043
2018-02-26 09:00:00,32.883,129.988,67.715,443.578,104.695
2018-02-26 10:00:00,31.576,133.398,66.199,451.926,105.951
2018-02-26 11:00:00,34.58,136.252,61.353,440.727,106.414
2018-02-26 12:00:00,29.015,127.716,56.387,437.213,109.09
2018-02-26 13:00:00,25.018,119.909,55.135,421.55,100.576
2018-02-26 14:00:00,24.861,117.036,55.663,393.635,95.607
2018-02-26 15:00:00,24.744,114.82,52.92,386.487,91.071
2018-02-26 16:00:00,26.418,123.287,55.634,407.31,99.134
2018-02-26 17:00:00,32.661,135.17,63.063,442.922,110.245
2018-02-26 18:00:00,36.193,142.738,65.591,468.005,118.876
2018-02-26 19:00:00,35.572,144.017,66.54,460.92,120.628
2018-02-26 20:00:00,32.95,138.882,65.469,439.239,117.978
2018-02-26 21:00:00,33.364,126.821,63.483,417.234,102.917
2018-02-26 22:00:00,26.295,107.243,54.734,367.428,98.014
2018-02-26 23:00:00,20.575,88.697,46.583,307.937,81.377
2018-02-27 00:00:00,18.237,79.167,42.013,274.65,70.045
2018-02-27 01:00:00,16.086,77.075,39.73,263.757,67.014
2018-02-27 02:00:00,16.231,74.783,39.451,262.87,69.727
2018-02-27 03:00:00,16.647,75.224,40.724,261.938,68.527
2018-02-27 04:00:00,18.084,77.374,42.756,271.679,70.197
2018-02-27 05:00:00,21.887,89.748,46.341,312.434,80.425
2018-02-27 06:00:00,26.048,104.435,53.668,369.461,95.041
2018-02-27 07:00:00,35.696,117.697,59.068,398.837,95.435
2018-02-27 08:00:00,34.177,123.973,64.235,421.086,97.166
2018-02-27 09:00:00,26.609,123.7,60.075,429.386,99.326
2018-02-27 10:00:00,29.166,122.124,58.4,421.11,94.066
2018-02-27 11:00:00,24.387,120.923,52.673,410.079,91.644
2018-02-27 12:00:00,24.452,115.889,52.787,399.247,91.566
2018-02-27 13:00:00,22.049,113.893,52.175,386.675,88.333
2018-02-27 14:00:00,22.608,110.328,49.457,376.886,82.569
2018-02-27 15:00:00,22.671,112.426,49.519,371.183,82.663
2018-02-27 16:00:00,24.541,112.027,53.67,395.892,90.501
2018-02-27 17:00:00,28.628,125.469,58.985,415.679,101.737
2018-02-27 18:00:00,31.544,136.751,66.313,440.75,111.192
2018-02-27 19:00:00,32.642,138.992,64.724,452.334,117.14
2018-02-27 20:00:00,34.211,135.062,61.105,438.647,115.82
2018-02-27 21:00:00,29.268,124.029,57.26,409.602,110.792
2018-02-27 22:00:00,23.896,105.63,55.953,356.626,96.43
2018-02-27 23:00:00,19.535,88.137,46.216,301.204,79.667
2018-02-28 00:00:00,17.148,79.194,41.629,276.244,71.372
2018-02-28 01:00:00,16.151,76.555,38.563,268.001,70.459
2018-02-28 02:00:00,16.021,73.869,36.832,260.173,74.864
2018-02-28 03:00:00,15.908,71.756,38.036,253.625,72.826
2018-02-28 04:00:00,17.055,75.751,39.644,259.158,72.02
2018-02-28 05:00:00,19.116,85.265,45.062,292.909,82.935
2018-02-28 06:00:00,21.444,98.726,49.526,335.96,97.437
2018-02-28 07:00:00,30.864,113.338,52.541,367.985,99.105
2018-02-28 08:00:00,30.852,115.315,53.426,392.023,96.951
2018-02-28 09:00:00,25.581,118.215,57.832,399.603,95.556
2018-02-28 10:00:00,26.991,120.745,56.552,406.152,101.519
2018-02-28 11:00:00,23.867,120.514,57.549,411.191,100.067
2018-02-28 12:00:00,22.646,118.967,60.121,398.47,99.329
2018-02-28 13:00:00,26.84,113.077,58.156,377.745,91.824
2018-02-28 14:00:00,23.504,108.109,48.774,371.542,84.637
2018-02-28 15:00:00,24.397,113.188,49.882,368.986,86.345
2018-02-28 16:00:00,25.689,119.576,58.174,385.297,91.66
2018-02-28 17:00:00,29.902,124.825,57.95,425.856,97.572
2018-02-28 18:00:00,31.906,130.863,62.959,446.747,110.266
2018-02-28 19:00:00,33.248,135.182,63.207,442.108,109.682
2018-02-28 20:00:00,34.298,128.773,63.501,427.478,109.712
2018-02-28 21:00:00,31.139,118.899,56.803,397.701,99.747
2018-02-28 22:00:00,25.114,99.744,50.295,338.883,87.959
2018-02-28 23:00:00,19.753,82.995,42.203,278.412,75.768
2018-03-01 00:00:00,16.936,75.285,38.869,250.397,66.028
2018-03-01 01:00:00,15.39,70.931,37.383,235.172,61.22
2018-03-01 02:00:00,15.342,69.855,36.337,230.887,65.526
2018-03-01 03:00:00,15.995,68.858,35.767,232.013,62.374
2018-03-01 04:00:00,16.873,74.371,38.365,242.25,62.471
2018-03-01 05:00:00,17.15,81.042,40.205,278.001,70.37
2018-03-01 06:00:00,20.536,90.638,44.897,313.625,81.947
2018-03-01 07:00:00,28.743,102.993,49.121,348.565,88.929
2018-03-01 08:00:00,28.676,106.903,50.136,372.371,89.074
2018-03-01 09:00:00,24.13,116.066,54.92,381.323,89.118
2018-03-01 10:00:00,24.902,114.617,57.391,391.903,83.481
2018-03-01 11:00:00,25.604,113.588,53.508,396.313,84.614
2018-03-01 12:00:00,25.53,115.127,50.756,392.12,86.444
2018-03-01 13:00:00,22.942,111.787,51.13,386.661,81.955
2018-03-01 14:00:00,23.457,107.229,51.823,372.534,77.587
2018-03-01 15:00:00,21.246,107.128,48.638,357.921,77.094
2018-03-01 16:00:00,20.774,106.885,49.692,369.471,80.116
2018-03-01 17:00:00,23.798,117.238,51.049,390.745,90.283
2018-03-01 18:00:00,27.829,126.647,54.863,420.331,102.426
2018-03-01 19:00:00,29.326,132.11,56.665,423.362,103.44
2018-03-01 20:00:00,28.873,134.644,58.66,416.332,102.402
2018-03-01 21:00:00,27.53,122.096,58.195,399.902,95.021
2018-03-01 22:00:00,21.813,105.186,52.309,345.971,85.745
2018-03-01 23:00:00,18.396,91.242,47.298,301.64,76.61
2018-03-02 00:00:00,18.277,85.548,40.364,280.692,75.212
2018-03-02 01:00:00,16.349,78.312,40.755,272.254,76.205
2018-03-02 02:00:00,17.091,77.585,40.687,277.31,75.415
2018-03-02 03:00:00,18.161,77.468,41.351,282.596,71.831
2018-03-02 04:00:00,19.034,79.065,43.349,294.415,75.154
2018-03-02 05:00:00,22.092,92.031,46.41,327.717,87.914
2018-03-02 06:00:00,24.528,106.262,51.306,362.508,101.829
2018-03-02 07:00:00,35.234,121.284,57.171,412.194,121.992
2018-03-02 08:00:00,39.165,135.743,60.691,451.302,131.411
2018-03-02 09:00:00,35.407,140.019,67.506,481.169,131.859
2018-03-02 10:00:00,37.246,146.279,69.009,501.269,133.818
2018-03-02 11:00:00,35.143,148.604,67.878,502.369,130.634
2018-03-02 12:00:00,34.657,146.282,70.564,502.21,124.371
2018-03-02 13:00:00,34.233,144.322,67.906,492.343,127.099
2018-03-02 14:00:00,33.879,145.307,63.719,480.75,117.956
2018-03-02 15:00:00,33.287,145.955,64.106,477.196,125.588
2018-03-02 16:00:00,36.364,148.729,70.401,500.446,127.835
2018-03-02 17:00:00,44.362,157.128,72.455,522.672,139.591
2018-03-02 18:00:00,47.73,171.004,78.492,544.747,148.01
2018-03-02 19:00:00,46.908,177.608,82.527,558.754,156.152
2018-03-02 20:00:00,43.076,166.674,81.326,531.187,154.787
2018-03-02 21:00:00,39.206,150.5,75.761,503.321,137.338
2018-03-02 22:00:00,31.29,129.582,69.089,439.467,120.287
2018-03-02 23:00:00,26.841,114.75,59.929,384.598,107.868
2018-03-03 00:00:00,24.744,101.071,56.668,346.105,98.284
2018-03-03 01:00:00,21.829,90.763,50.818,311.74,91.033
2018-03-03 02:00:00,22.152,87.319,46.918,301.939,87.994
2018-03-03 03:00:00,22.876,87.236,45.928,302.802,79.073
2018-03-03 04:00:00,22.381,88.387,49.807,303.294,78.365
2018-03-03 05:00:00,22.936,98.139,51.918,304.694,90.434
2018-03-03 06:00:00,25.311,103.082,52.278,323.232,95.633
2018-03-03 07:00:00,35.169,113.187,57.784,352.075,105.942
2018-03-03 08:00:00,38.753,126.935,62.511,398.804,116.133
2018-03-03 09:00:00,36.156,132.408,64.183,421.288,114.869
2018-03-03 10:00:00,36.086,131.474,68.524,422.427,117.674
2018-03-03 11:00:00,36.84,132.209,65.515,426.573,113.34
2018-03-03 12:00:00,35.874,136.099,68.948,428.843,112.851
2018-03-03 13:00:00,34.962,137.089,66.604,424.647,117.791
2018-03-03 14:00:00,33.747,135.908,62.802,421.749,112.287
2018-03-03 15:00:00,33.352,137.032,61.341,436.36,109.063
2018-03-03 16:00:00,36.848,134.717,66.273,439.66,111.884
2018-03-03 17:00:00,41.863,146.718,74.777,458.795,112.818
2018-03-03 18:00:00,42.186,164.865,73.507,503.074,122.506
2018-03-03 19:00:00,40.765,162.721,72.095,509.477,129.37
2018-03-03 20:00:00,38.593,151.047,72.643,491.183,122.411
2018-03-03 21:00:00,36.878,133.008,64.877,434.382,107.261
2018-03-03 22:00:00,29.404,112.694,58.184,372.074,95.842
2018-03-03 23:00:00,22.45,96.535,53.537,329.528,84.408
2018-03-04 00:00:00,20.871,83.752,47.982,291.453,77.361
2018-03-04 01:00:00,19.521,81.592,47.925,276.869,73.358
2018-03-04 02:00:00,18.578,79.168,44.082,267.346,78.135
2018-03-04 03:00:00,18.327,76.792,43.073,261.872,80.577
2018-03-04 04:00:00,19.192,80.065,43.444,270.975,76.955
2018-03-04 05:00:00,20.51,91.442,45.399,285.8,77.164
2018-03-04 06:00:00,21.819,95.3,47.912,293.633,86.996
2018-03-04 07:00:00,31.335,103.571,56.195,317.864,95.005
2018-03-04 08:00:00,34.37,121.714,59.73,356.032,103.726
2018-03-04 09:00:00,33.836,130.252,61.141,385.327,104.216
2018-03-04 10:00:00,33.638,126.69,63.505,398.145,104.012
2018-03-04 11:00:00,32.278,122.717,63.125,398.941,96.756
2018-03-04 12:00:00,31.717,125.323,63.692,379.396,93.497
2018-03-04 13:00:00,33.122,119.178,58.356,372.96,92.201
2018-03-04 14:00:00,29.521,117.811,55.41,377.007,91.681
2018-03-04 15:00:00,29.075,116.982,59.14,386.852,86.909
2018-03-04 16:00:00,27.634,117.658,56.59,397.895,90.939
2018-03-04 17:00:00,31.791,127.373,60.225,420.761,99.503
2018-03-04 18:00:00,34.705,138.111,68.907,449.351,103.83
2018-03-04 19:00:00,33.212,141.973,71.461,460.84,105.749
2018-03-04 20:00:00,34.723,140.856,72.299,449.948,113.028
2018-03-04 21:00:00,30.935,128.837,64.827,428.041,109.587
2018-03-04 22:00:00,26.097,113.298,57.275,398.815,99.409
2018-03-04 23:00:00,21.734,101.523,51.785,353.651,90.621
2018-03-05 00:00:00,21.541,89.644,49.168,321.501,85.27
2018-03-05 01:00:00,19.644,85.996,47.079,302.695,81.249
2018-03-05 02:00:00,18.988,84.017,46.234,296.563,82.833
2018-03-05 03:00:00,21.417,83.318,47.236,299.637,80.495
2018-03-05 04:00:00,21.744,88.394,49.154,316.448,82.29
2018-03-05 05:00:00,25.092,101.722,54.15,343.161,96.402
2018-03-05 06:00:00,28.891,112.664,60.612,388.074,108.212
2018-03-05 07:00:00,40.064,128.215,63.701,435.685,121.057
2018-03-05 08:00:00,41.109,141.57,66.424,467.595,126.743
2018-03-05 09:00:00,34.495,147.292,72.709,492.128,122.072
2018-03-05 10:00:00,33.469,145.496,74.811,498.345,120.632
2018-03-05 11:00:00,33.095,142.973,74.737,493.086,123.766
2018-03-05 12:00:00,32.825,144.017,67.312,484.407,122.374
2018-03-05 13:00:00,30.554,138.452,65.957,454.406,116.941
2018-03-05 14:00:00,28.579,125.592,60.952,424.96,110.941
2018-03-05 15:00:00,26.274,121.727,62.991,419.887,104.272
2018-03-05 16:00:00,28.828,125.153,65.641,412.489,103.884
2018-03-05 17:00:00,35.927,129.196,65.594,436.922,110.113
2018-03-05 18:00:00,39.664,138.622,67.587,463.876,122.405
2018-03-05 19:00:00,40.871,147.022,69.645,474.319,122.059
2018-03-05 20:00:00,36.179,141.626,67.492,466.346,119.858
2018-03-05 21:00:00,35.534,129.827,65.877,439.407,106.006
2018-03-05 22:00:00,27.594,114.319,57.902,387.761,93.233
2018-03-05 23:00:00,22.95,100.592,52.047,342.875,85.945
2018-03-06 00:00:00,22.804,88.317,47.867,314.667,79.283
2018-03-06 01:00:00,18.461,83.747,44.026,296.89,78.715
2018-03-06 02:00:00,18.571,82.395,43.306,294.921,79.697
2018-03-06 03:00:00,19.489,82.177,43.67,296.626,77.5
2018-03-06 04:00:00,20.803,82.537,44.991,305.588,74.721
2018-03-06 05:00:00,22.335,96.391,49.272,327.794,83.327
2018-03-06 06:00:00,24.668,106.714,55.726,368.829,97.067
2018-03-06 07:00:00,35.005,119.343,59.318,408.296,109.141
2018-03-06 08:00:00,33.241,124.406,61.61,422.283,109.615
2018-03-06 09:00:00,26.865,129.485,64.585,442.093,103.931
2018-03-06 10:00:00,27.312,125.338,70.583,450.789,102.408
2018-03-06 11:00:00,27.266,124.184,72.144,443.592,104.564
2018-03-06 12:00:00,26.299,132.811,64.243,432.871,104.051
2018-03-06 13:00:00,25.052,128.485,59.301,422.116,95.514
2018-03-06 14:00:00,24.463,119.512,59.926,396.646,92.521
2018-03-06 15:00:00,24.696,111.809,52.667,399.679,91.428
2018-03-06 16:00:00,26.005,117.459,56.917,410.566,100.36
2018-03-06 17:00:00,35.985,127.91,59.948,444.925,109.269
2018-03-06 18:00:00,38.028,145.706,66.9,479.356,115.99
2018-03-06 19:00:00,35.949,147.482,68.601,484.027,118.0
2018-03-06 20:00:00,38.874,144.597,68.657,471.39,120.954
2018-03-06 21:00:00,34.286,134.825,68.208,444.538,113.951
2018-03-06 22:00:00,28.137,115.805,59.066,399.833,102.448
2018-03-06 23:00:00,24.406,103.203,53.105,354.676,85.81
2018-03-07 00:00:00,22.412,91.885,47.258,316.566,78.726
2018-03-07 01:00:00,19.783,84.861,44.512,301.191,72.774
2018-03-07 02:00:00,19.418,82.069,43.752,290.763,75.853
2018-03-07 03:00:00,19.276,80.599,44.82,288.383,73.195
2018-03-07 04:00:00,19.633,81.815,46.296,299.789,73.165
2018-03-07 05:00:00,22.1,96.525,50.026,326.521,83.604
2018-03-07 06:00:00,25.951,109.451,56.663,363.064,97.673
2018-03-07 07:00:00,36.448,122.182,62.257,388.896,110.003
2018-03-07 08:00:00,38.617,133.511,66.973,434.344,113.863
2018-03-07 09:00:00,32.811,139.499,66.533,465.512,117.03
2018-03-07 10:00:00,29.584,146.332,64.086,483.131,115.143
2018-03-07 11:00:00,30.04,139.282,63.195,483.144,121.273
2018-03-07 12:00:00,31.324,138.208,63.741,471.737,123.094
2018-03-07 13:00:00,29.804,141.033,63.687,464.783,122.138
2018-03-07 14:00:00,30.638,137.951,63.021,450.653,122.662
2018-03-07 15:00:00,30.574,135.972,65.534,451.625,125.686
2018-03-07 16:00:00,32.43,140.682,69.27,465.574,132.356
2018-03-07 17:00:00,40.913,148.4,75.388,495.396,138.659
2018-03-07 18:00:00,42.657,161.1,76.905,519.424,141.068
2018-03-07 19:00:00,40.436,161.291,76.221,525.29,146.342
2018-03-07 20:00:00,40.869,155.577,73.983,516.045,148.505
2018-03-07 21:00:00,41.226,147.453,70.053,496.59,134.922
2018-03-07 22:00:00,34.048,131.117,62.988,443.933,118.931
2018-03-07 23:00:00,30.452,115.794,57.593,395.512,105.351
2018-03-08 00:00:00,25.588,103.442,53.979,346.624,100.487
2018-03-08 01:00:00,24.56,97.022,50.25,331.355,97.173
2018-03-08 02:00:00,24.085,94.504,49.619,327.069,90.615
2018-03-08 03:00:00,23.416,91.47,51.148,322.776,84.605
2018-03-08 04:00:00,22.107,88.267,53.271,315.118,81.03
2018-03-08 05:00:00,24.758,101.472,53.589,341.155,90.782
2018-03-08 06:00:00,29.707,111.683,56.3,390.722,104.016
2018-03-08 07:00:00,37.866,125.895,64.972,427.272,112.08
2018-03-08 08:00:00,37.867,138.126,69.62,451.682,115.69
2018-03-08 09:00:00,29.608,138.235,68.432,468.764,115.24
2018-03-08 10:00:00,30.826,140.568,71.077,467.902,107.71
2018-03-08 11:00:00,28.701,136.139,66.762,462.92,107.002
2018-03-08 12:00:00,28.18,133.095,64.107,456.884,105.65
2018-03-08 13:00:00,26.62,128.775,60.44,437.168,100.439
2018-03-08 14:00:00,25.823,127.291,54.501,415.81,97.495
2018-03-08 15:00:00,27.026,123.388,56.294,414.947,93.197
2018-03-08 16:00:00,28.467,128.782,56.333,436.578,99.939
2018-03-08 17:00:00,43.606,142.59,60.037,455.05,104.444
2018-03-08 18:00:00,39.572,155.053,65.391,490.24,115.081
2018-03-08 19:00:00,36.835,147.533,68.915,483.887,123.37
2018-03-08 20:00:00,35.855,145.58,67.828,479.623,122.111
2018-03-08 21:00:00,34.057,135.153,63.157,450.5,110.923
2018-03-08 22:00:00,28.659,118.255,56.107,396.267,95.766
2018-03-08 23:00:00,25.238,98.422,51.092,349.798,86.58
2018-03-09 00:00:00,21.199,88.383,50.274,315.564,77.63
2018-03-09 01:00:00,19.952,86.19,49.116,305.326,75.031
2018-03-09 02:00:00,19.725,85.669,45.842,296.777,77.227
2018-03-09 03:00:00,20.505,84.591,46.197,299.063,76.362
2018-03-09 04:00:00,21.667,86.25,47.774,315.137,77.132
2018-03-09 05:00:00,23.737,100.771,52.274,338.642,89.539
2018-03-09 06:00:00,27.861,116.844,56.082,377.323,106.936
2018-03-09 07:00:00,36.285,122.635,59.975,416.811,120.737
2018-03-09 08:00:00,36.062,133.154,59.668,452.534,118.318
2018-03-09 09:00:00,31.87,133.643,60.038,459.43,114.895
2018-03-09 10:00:00,30.273,131.849,60.007,475.503,116.647
2018-03-09 11:00:00,32.419,131.891,61.555,472.804,114.088
2018-03-09 12:00:00,29.621,134.445,58.465,458.229,114.927
2018-03-09 13:00:00,28.198,129.988,58.18,445.186,105.806
2018-03-09 14:00:00,27.773,125.282,53.463,420.902,105.379
2018-03-09 15:00:00,26.834,121.11,53.144,416.405,102.603
2018-03-09 16:00:00,32.166,126.08,54.694,435.294,106.563
2018-03-09 17:00:00,41.401,140.405,60.043,466.496,112.667
2018-03-09 18:00:00,40.402,145.964,68.504,481.095,118.815
2018-03-09 19:00:00,40.111,145.733,71.625,494.368,129.453
2018-03-09 20:00:00,38.953,144.114,69.504,481.237,122.589
2018-03-09 21:00:00,36.629,140.626,66.134,461.279,113.941
2018-03-09 22:00:00,31.702,119.744,57.432,402.397,103.034
2018-03-09 23:00:00,26.683,101.042,52.844,349.581,96.187
2018-03-10 00:00:00,23.952,90.987,47.938,323.147,91.714
2018-03-10 01:00:00,19.202,85.401,43.857,307.633,83.933
2018-03-10 02:00:00,19.68,83.421,42.804,303.569,83.552
2018-03-10 03:00:00,21.003,85.318,42.767,304.942,82.635
2018-03-10 04:00:00,21.712,87.851,46.581,316.493,81.111
2018-03-10 05:00:00,22.912,99.636,47.201,318.354,87.841
2018-03-10 06:00:00,23.924,101.42,48.197,325.454,90.357
2018-03-10 07:00:00,33.678,107.936,52.429,351.524,95.003
2018-03-10 08:00:00,34.676,119.52,57.929,388.417,105.959
2018-03-10 09:00:00,33.14,126.401,59.891,422.233,106.046
2018-03-10 10:00:00,30.786,119.98,56.292,411.282,100.747
2018-03-10 11:00:00,32.373,119.965,53.851,409.778,102.966
2018-03-10 12:00:00,32.163,126.736,57.4,410.686,98.608
2018-03-10 13:00:00,35.099,123.491,55.544,405.04,100.79
2018-03-10 14:00:00,32.909,119.827,54.206,399.071,96.373
2018-03-10 15:00:00,31.121,120.457,56.386,398.19,98.777
2018-03-10 16:00:00,32.382,130.184,59.717,416.806,98.484
2018-03-10 17:00:00,35.505,139.614,65.586,454.191,102.243
2018-03-10 18:00:00,37.771,146.81,70.653,470.875,113.305
2018-03-10 19:00:00,35.384,145.513,71.289,483.969,114.318
2018-03-10 20:00:00,34.969,143.04,72.635,484.469,117.949
2018-03-10 21:00:00,33.809,136.202,69.244,465.903,112.218
2018-03-10 22:00:00,27.513,120.507,64.326,410.034,97.288
2018-03-10 23:00:00,24.754,100.734,54.054,359.08,84.711
2018-03-11 00:00:00,20.306,86.404,47.5,302.327,73.296
2018-03-11 01:00:00,18.99,84.901,44.691,296.936,78.88
2018-03-11 02:00:00,19.662,81.961,44.459,294.561,78.912
2018-03-11 03:00:00,20.284,84.147,46.084,298.595,79.07
2018-03-11 04:00:00,22.202,97.941,47.326,311.773,85.432
2018-03-11 05:00:00,24.741,105.076,52.014,334.683,97.061
2018-03-11 06:00:00,32.52,109.967,56.31,352.333,98.222
2018-03-11 07:00:00,33.709,120.086,58.527,377.865,100.023
2018-03-11 08:00:00,34.131,125.507,61.334,391.108,100.691
2018-03-11 09:00:00,32.22,123.12,57.483,389.634,100.252
2018-03-11 10:00:00,30.416,121.547,57.123,386.896,94.613
2018-03-11 11:00:00,29.254,116.634,53.589,381.818,92.119
2018-03-11 12:00:00,25.049,112.021,51.637,360.3,89.141
2018-03-11 13:00:00,25.323,108.06,52.577,339.69,86.262
2018-03-11 14:00:00,25.07,105.516,49.285,340.517,87.57
2018-03-11 15:00:00,24.92,111.938,49.646,356.815,86.067
2018-03-11 16:00:00,27.533,115.557,52.819,366.545,95.017
2018-03-11 17:00:00,26.738,121.042,55.315,391.283,104.204
2018-03-11 18:00:00,29.034,130.535,63.348,422.647,109.643
2018-03-11 19:00:00,30.447,124.93,60.618,422.294,105.662
2018-03-11 20:00:00,28.931,117.63,55.32,404.762,100.993
2018-03-11 21:00:00,26.264,108.151,50.363,360.712,89.266
2018-03-11 22:00:00,22.816,94.26,46.449,314.737,80.513
2018-03-11 23:00:00,21.143,81.18,43.612,289.28,73.711
2018-03-12 00:00:00,18.757,81.198,42.971,283.26,72.271
2018-03-12 01:00:00,18.672,82.438,43.086,284.694,77.457
2018-03-12 02:00:00,19.367,83.747,44.669,285.899,74.783
2018-03-12 03:00:00,20.649,84.974,45.777,301.291,74.531
2018-03-12 04:00:00,22.399,97.846,47.393,333.036,83.101
2018-03-12 05:00:00,27.294,111.838,60.362,390.355,100.683
2018-03-12 06:00:00,37.572,126.967,62.339,427.879,112.438
2018-03-12 07:00:00,36.133,132.987,62.661,449.526,106.953
2018-03-12 08:00:00,31.122,134.772,61.805,467.043,106.31
2018-03-12 09:00:00,30.248,131.79,61.527,465.313,105.247
2018-03-12 10:00:00,27.54,130.921,58.711,445.863,100.437
2018-03-12 11:00:00,26.942,126.825,57.452,428.236,97.831
2018-03-12 12:00:00,24.48,120.09,55.101,420.751,92.308
2018-03-12 13:00:00,22.741,117.32,54.968,403.154,89.711
2018-03-12 14:00:00,26.198,119.291,53.365,389.418,90.269
2018-03-12 15:00:00,27.621,125.565,57.968,404.62,101.317
2018-03-12 16:00:00,33.788,123.978,63.879,431.178,106.677
2018-03-12 17:00:00,34.568,135.768,65.529,452.837,108.9
2018-03-12 18:00:00,36.483,148.648,69.944,482.476,118.418
2018-03-12 19:00:00,36.592,147.262,69.97,485.469,120.812
2018-03-12 20:00:00,33.712,139.417,67.398,454.296,111.659
2018-03-12 21:00:00,29.207,122.457,60.736,405.265,102.491
2018-03-12 22:00:00,24.618,103.55,50.864,352.068,92.38
2018-03-12 23:00:00,21.987,92.801,48.676,317.54,85.628
2018-03-13 00:00:00,19.713,84.276,46.678,301.512,86.763
2018-03-13 01:00:00,19.949,85.041,45.611,296.977,92.442
2018-03-13 02:00:00,21.865,87.009,47.009,302.08,92.782
2018-03-13 03:00:00,23.297,92.117,50.425,317.582,89.473
2018-03-13 04:00:00,27.163,106.034,53.085,342.981,100.012
2018-03-13 05:00:00,29.539,122.362,59.928,396.866,119.776
2018-03-13 06:00:00,39.731,136.66,72.305,443.576,133.939
2018-03-13 07:00:00,42.237,145.058,79.847,485.477,139.887
2018-03-13 08:00:00,39.45,155.379,78.379,521.6,146.595
2018-03-13 09:00:00,41.187,159.031,78.073,540.928,155.908
2018-03-13 10:00:00,41.639,170.947,82.438,551.638,150.355
2018-03-13 11:00:00,43.457,168.198,79.569,548.726,152.659
2018-03-13 12:00:00,40.434,160.911,79.103,512.135,147.396
2018-03-13 13:00:00,35.999,156.27,75.953,482.176,138.24
2018-03-13 14:00:00,36.145,151.373,75.503,461.095,132.765
2018-03-13 15:00:00,34.819,155.715,78.193,473.052,135.077
2018-03-13 16:00:00,42.776,156.763,76.733,489.088,137.825
2018-03-13 17:00:00,47.284,161.472,76.803,505.037,136.702
2018-03-13 18:00:00,46.246,163.096,83.459,517.626,144.216
2018-03-13 19:00:00,43.921,154.032,86.065,496.026,136.101
2018-03-13 20:00:00,39.386,140.956,83.574,482.613,123.76
2018-03-13 21:00:00,30.651,127.776,67.937,430.365,112.218
2018-03-13 22:00:00,26.028,110.295,59.854,368.44,99.644
2018-03-13 23:00:00,24.284,100.511,52.781,333.522,94.96
2018-03-14 00:00:00,22.425,94.762,49.016,321.753,94.018
2018-03-14 01:00:00,22.316,91.165,47.145,318.649,92.313
2018-03-14 02:00:00,22.571,89.228,47.701,315.68,92.828
2018-03-14 03:00:00,23.781,91.569,48.843,324.971,92.016
2018-03-14 04:00:00,26.467,106.494,52.835,356.15,98.596
2018-03-14 05:00:00,29.969,119.26,58.651,406.347,126.182
2018-03-14 06:00:00,40.933,133.181,63.638,450.187,138.776
2018-03-14 07:00:00,41.533,140.066,64.696,468.913,138.38
2018-03-14 08:00:00,31.988,146.083,64.639,472.515,134.256
2018-03-14 09:00:00,32.099,142.668,60.876,475.423,128.588
2018-03-14 10:00:00,31.079,140.39,60.993,475.633,120.224
2018-03-14 11:00:00,29.986,137.76,60.197,474.33,121.496
2018-03-14 12:00:00,30.425,129.757,58.086,450.404,115.444
2018-03-14 13:00:00,27.145,123.082,56.32,413.556,109.958
2018-03-14 14:00:00,27.198,123.116,52.479,408.791,106.27
2018-03-14 15:00:00,31.727,123.728,52.995,414.675,104.178
2018-03-14 16:00:00,38.921,123.073,56.411,436.153,105.463
2018-03-14 17:00:00,36.948,131.304,62.457,446.733,114.178
2018-03-14 18:00:00,36.165,147.078,63.868,474.718,126.684
2018-03-14 19:00:00,35.275,151.18,64.888,486.342,127.302
2018-03-14 20:00:00,34.189,136.511,63.273,451.233,117.14
2018-03-14 21:00:00,27.6,118.754,56.526,399.564,108.198
2018-03-14 22:00:00,22.444,102.672,49.474,347.146,98.153
2018-03-14 23:00:00,21.12,92.432,46.239,315.958,94.39
2018-03-15 00:00:00,19.501,88.211,43.809,305.471,92.687
2018-03-15 01:00:00,19.591,84.896,43.455,298.927,91.644
2018-03-15 02:00:00,20.467,83.147,44.295,296.875,84.59
2018-03-15 03:00:00,21.232,85.782,45.902,308.518,88.022
2018-03-15 04:00:00,23.723,101.163,48.183,332.376,94.564
2018-03-15 05:00:00,27.441,113.528,59.156,387.88,112.692
2018-03-15 06:00:00,37.743,124.627,65.7,425.601,124.711
2018-03-15 07:00:00,40.917,134.746,67.31,449.97,124.583
2018-03-15 08:00:00,33.982,137.504,67.282,470.175,124.083
2018-03-15 09:00:00,31.559,138.859,65.675,467.565,119.086
2018-03-15 10:00:00,31.629,134.666,59.743,463.041,112.36
2018-03-15 11:00:00,31.528,130.933,57.483,450.912,109.684
2018-03-15 12:00:00,26.92,123.93,56.783,426.978,108.727
2018-03-15 13:00:00,24.712,119.353,53.86,400.738,101.933
2018-03-15 14:00:00,26.987,120.208,51.066,399.216,101.408
2018-03-15 15:00:00,27.92,116.309,50.898,416.894,104.762
2018-03-15 16:00:00,35.818,121.688,54.154,420.827,105.733
2018-03-15 17:00:00,33.081,128.877,55.568,431.19,101.748
2018-03-15 18:00:00,35.238,142.817,60.067,458.467,107.627
2018-03-15 19:00:00,39.339,140.766,60.076,456.244,108.94
2018-03-15 20:00:00,36.914,126.071,62.783,430.794,108.914
2018-03-15 21:00:00,26.919,110.783,55.769,372.558,88.053
2018-03-15 22:00:00,24.253,94.749,48.715,328.685,82.181
2018-03-15 23:00:00,21.645,86.627,48.399,304.902,73.316
2018-03-16 00:00:00,18.979,82.155,44.07,290.48,71.917
2018-03-16 01:00:00,18.61,81.555,42.569,289.409,75.168
2018-03-16 02:00:00,19.41,81.475,43.319,293.646,75.988
2018-03-16 03:00:00,20.847,83.495,45.024,306.309,79.352
2018-03-16 04:00:00,24.519,98.147,47.771,337.057,86.452
2018-03-16 05:00:00,28.978,113.204,52.996,383.645,99.95
2018-03-16 06:00:00,37.68,122.282,65.887,422.363,119.027
2018-03-16 07:00:00,36.768,130.679,65.392,441.623,127.227
2018-03-16 08:00:00,32.304,137.469,65.335,463.267,118.915
2018-03-16 09:00:00,32.235,135.582,66.637,474.767,113.521
2018-03-16 10:00:00,30.995,138.774,69.936,470.158,111.865
2018-03-16 11:00:00,28.882,137.102,65.678,460.688,113.634
2018-03-16 12:00:00,29.497,128.72,60.815,447.485,106.82
2018-03-16 13:00:00,27.034,125.542,58.636,424.864,102.877
2018-03-16 14:00:00,25.671,123.162,57.975,423.497,99.482
2018-03-16 15:00:00,27.765,131.302,59.126,433.316,102.845
2018-03-16 16:00:00,34.989,133.828,65.453,454.551,111.95
2018-03-16 17:00:00,37.254,141.753,68.968,477.079,113.853
2018-03-16 18:00:00,41.325,151.113,71.114,514.871,127.284
2018-03-16 19:00:00,42.26,152.53,71.038,514.064,132.293
2018-03-16 20:00:00,39.181,150.763,66.981,489.305,127.728
2018-03-16 21:00:00,33.666,133.003,67.873,443.158,116.665
2018-03-16 22:00:00,28.176,109.807,62.964,393.446,109.458
2018-03-16 23:00:00,25.772,96.818,57.416,350.531,100.427
2018-03-17 00:00:00,22.211,90.966,51.097,326.18,92.606
2018-03-17 01:00:00,22.015,88.819,47.215,325.304,89.559
2018-03-17 02:00:00,22.948,90.002,47.381,320.096,91.399
2018-03-17 03:00:00,23.0,89.91,48.111,322.932,87.6
2018-03-17 04:00:00,24.664,101.873,49.26,336.494,92.278
2018-03-17 05:00:00,28.244,111.813,52.624,365.882,103.66
2018-03-17 06:00:00,37.357,120.642,55.732,388.486,107.92
2018-03-17 07:00:00,39.84,129.475,59.111,427.306,113.952
2018-03-17 08:00:00,39.758,135.947,63.305,446.914,116.672
2018-03-17 09:00:00,37.687,138.004,63.033,454.977,123.657
2018-03-17 10:00:00,37.814,133.809,56.945,441.274,120.185
2018-03-17 11:00:00,33.899,129.605,59.609,429.718,112.83
2018-03-17 12:00:00,33.093,124.899,56.933,416.559,112.174
2018-03-17 13:00:00,34.205,126.038,58.342,395.827,101.333
2018-03-17 14:00:00,31.093,122.099,57.79,379.524,97.408
2018-03-17 15:00:00,33.103,121.281,61.941,386.244,100.135
2018-03-17 16:00:00,29.985,125.026,61.392,399.073,94.825
2018-03-17 17:00:00,32.637,131.709,66.82,428.283,91.409
2018-03-17 18:00:00,36.864,146.581,70.034,475.989,101.397
2018-03-17 19:00:00,37.119,139.275,68.151,481.646,109.497
2018-03-17 20:00:00,37.692,138.284,73.265,469.289,108.696
2018-03-17 21:00:00,30.851,130.134,65.116,424.95,98.207
2018-03-17 22:00:00,24.975,107.498,53.347,364.153,92.815
2018-03-17 23:00:00,22.726,93.934,52.048,344.201,85.639
2018-03-18 00:00:00,22.563,92.259,50.116,336.975,82.098
2018-03-18 01:00:00,24.103,94.173,48.882,350.866,87.085
2018-03-18 02:00:00,24.646,94.717,51.183,347.913,90.067
2018-03-18 03:00:00,25.849,99.659,54.569,356.732,91.507
2018-03-18 04:00:00,29.012,114.619,56.612,376.554,98.812
2018-03-18 05:00:00,33.086,127.505,61.199,413.524,110.448
2018-03-18 06:00:00,41.833,132.364,67.511,430.763,116.847
2018-03-18 07:00:00,42.506,141.402,73.074,456.269,126.46
2018-03-18 08:00:00,41.681,142.807,77.659,472.156,126.078
2018-03-18 09:00:00,41.134,139.454,73.747,468.232,118.304
2018-03-18 10:00:00,39.471,139.251,70.393,453.835,115.281
2018-03-18 11:00:00,39.866,137.782,68.724,444.177,111.154
2018-03-18 12:00:00,32.779,127.819,64.388,426.544,105.57
2018-03-18 13:00:00,31.971,126.268,61.568,414.77,98.671
2018-03-18 14:00:00,30.377,124.258,58.978,402.461,94.954
2018-03-18 15:00:00,32.242,123.723,61.546,412.195,92.221
2018-03-18 16:00:00,35.133,127.665,62.405,429.116,100.324
2018-03-18 17:00:00,34.041,128.834,64.361,433.409,108.045
2018-03-18 18:00:00,34.885,139.083,68.141,460.047,118.219
2018-03-18 19:00:00,35.203,145.148,65.993,467.888,111.675
2018-03-18 20:00:00,36.148,134.012,63.467,446.292,108.28
2018-03-18 21:00:00,30.183,123.197,57.688,398.501,100.676
2018-03-18 22:00:00,25.154,102.858,54.475,357.504,88.824
2018-03-18 23:00:00,23.987,91.98,51.25,336.35,81.966
2018-03-19 00:00:00,21.354,92.527,48.956,332.227,80.538
2018-03-19 01:00:00,21.85,91.473,48.289,336.052,82.203
2018-03-19 02:00:00,22.885,92.175,48.926,335.053,80.674
2018-03-19 03:00:00,23.338,93.481,51.727,342.78,83.577
2018-03-19 04:00:00,27.105,109.243,55.055,372.44,94.99
2018-03-19 05:00:00,31.983,124.352,61.218,433.035,111.362
2018-03-19 06:00:00,40.669,133.6,68.779,474.05,122.827
2018-03-19 07:00:00,39.261,143.475,72.296,494.086,122.757
2018-03-19 08:00:00,32.489,146.838,74.967,502.551,120.632
2018-03-19 09:00:00,30.235,142.247,69.044,496.42,114.115
2018-03-19 10:00:00,31.837,140.109,69.243,499.289,108.653
2018-03-19 11:00:00,29.65,135.191,67.113,478.358,111.622
2018-03-19 12:00:00,27.569,130.571,62.145,458.109,100.531
2018-03-19 13:00:00,25.708,125.891,58.95,433.014,94.67
2018-03-19 14:00:00,24.482,121.811,58.089,410.586,90.224
2018-03-19 15:00:00,24.27,119.74,53.794,415.051,94.066
2018-03-19 16:00:00,34.032,128.93,57.921,430.903,97.761
2018-03-19 17:00:00,35.362,133.572,61.067,443.979,100.704
2018-03-19 18:00:00,34.644,138.927,63.492,468.157,115.42
2018-03-19 19:00:00,35.478,140.247,65.148,467.502,113.071
2018-03-19 20:00:00,33.081,128.08,64.95,457.447,112.056
2018-03-19 21:00:00,27.341,116.56,57.864,396.352,95.735
2018-03-19 22:00:00,23.469,99.593,52.766,347.818,88.557
2018-03-19 23:00:00,20.807,90.464,48.539,320.439,77.843
2018-03-20 00:00:00,19.215,87.744,45.988,304.542,76.571
2018-03-20 01:00:00,20.395,86.769,45.382,304.448,79.887
2018-03-20 02:00:00,21.78,86.759,47.105,305.274,82.799
2018-03-20 03:00:00,22.854,91.245,48.856,319.089,83.489
2018-03-20 04:00:00,25.427,106.393,53.388,352.075,92.705
2018-03-20 05:00:00,30.833,122.109,61.664,408.835,112.215
2018-03-20 06:00:00,38.984,128.987,68.213,447.245,119.588
2018-03-20 07:00:00,39.721,139.833,72.16,477.075,119.663
2018-03-20 08:00:00,31.834,148.177,71.735,485.401,120.273
2018-03-20 09:00:00,33.409,142.289,71.27,481.952,120.751
2018-03-20 10:00:00,32.548,133.41,66.939,463.545,111.291
2018-03-20 11:00:00,32.025,125.661,60.502,448.915,111.528
2018-03-20 12:00:00,27.664,118.754,54.84,421.057,105.285
2018-03-20 13:00:00,25.534,116.616,51.365,391.018,103.249
2018-03-20 14:00:00,25.644,113.634,54.934,384.951,103.95
2018-03-20 15:00:00,25.554,120.846,54.629,410.298,115.021
2018-03-20 16:00:00,33.132,125.02,59.156,423.334,121.719
2018-03-20 17:00:00,33.941,131.333,62.387,438.722,125.272
2018-03-20 18:00:00,32.604,142.535,67.694,461.385,133.485
2018-03-20 19:00:00,36.012,143.748,71.505,455.63,121.471
2018-03-20 20:00:00,33.777,133.239,65.738,439.8,117.496
2018-03-20 21:00:00,26.408,116.622,61.4,389.763,107.39
2018-03-20 22:00:00,22.403,98.934,53.712,345.264,94.874
2018-03-20 23:00:00,21.686,91.751,49.163,317.649,85.798
2018-03-21 00:00:00,19.76,86.189,45.911,306.156,79.153
2018-03-21 01:00:00,20.034,85.046,43.913,306.897,80.494
2018-03-21 02:00:00,20.605,83.273,44.172,303.551,80.655
2018-03-21 03:00:00,21.333,83.926,46.02,306.879,80.088
2018-03-21 04:00:00,22.941,95.89,47.617,332.587,87.73
2018-03-21 05:00:00,25.858,109.163,56.306,384.825,101.214
2018-03-21 06:00:00,37.205,125.837,64.049,434.716,112.361
2018-03-21 07:00:00,39.394,134.257,66.254,465.714,119.803
2018-03-21 08:00:00,32.203,140.926,72.788,490.161,124.75
2018-03-21 09:00:00,33.744,148.135,73.31,509.099,130.132
2018-03-21 10:00:00,35.892,146.154,72.098,496.628,131.633
2018-03-21 11:00:00,36.027,147.478,75.104,501.221,133.719
2018-03-21 12:00:00,35.13,141.671,67.366,487.917,129.757
2018-03-21 13:00:00,30.024,135.471,65.582,454.506,123.661
2018-03-21 14:00:00,31.13,135.279,70.102,436.139,123.035
2018-03-21 15:00:00,36.658,142.364,71.607,445.8,131.71
2018-03-21 16:00:00,45.311,144.665,71.93,465.167,141.663
2018-03-21 17:00:00,42.294,152.702,76.329,485.981,147.675
2018-03-21 18:00:00,41.563,162.935,81.607,520.365,154.621
2018-03-21 19:00:00,43.605,159.216,80.419,519.056,147.579
2018-03-21 20:00:00,39.553,147.922,74.225,476.058,140.439
2018-03-21 21:00:00,32.013,128.198,64.126,405.119,121.12
2018-03-21 22:00:00,25.492,111.767,55.921,372.509,107.781
2018-03-21 23:00:00,24.911,101.47,54.896,342.837,92.525
2018-03-22 00:00:00,22.088,94.104,50.391,319.67,89.055
2018-03-22 01:00:00,23.086,92.379,48.68,318.797,90.567
2018-03-22 02:00:00,22.52,89.545,49.573,311.287,88.8
2018-03-22 03:00:00,22.569,89.719,51.417,315.813,89.767
2018-03-22 04:00:00,26.099,105.858,53.059,350.921,101.61
2018-03-22 05:00:00,29.763,115.801,58.273,387.642,115.488
2018-03-22 06:00:00,38.028,124.536,64.012,428.13,116.754
2018-03-22 07:00:00,41.004,142.507,70.771,455.954,124.818
2018-03-22 08:00:00,33.432,142.558,70.661,467.098,124.615
2018-03-22 09:00:00,32.843,141.649,69.071,472.927,119.906
2018-03-22 10:00:00,32.936,141.409,69.832,466.987,113.399
2018-03-22 11:00:00,31.64,133.819,68.524,461.737,111.733
2018-03-22 12:00:00,29.049,129.045,63.479,434.37,106.402
2018-03-22 13:00:00,25.982,126.531,59.622,401.259,99.551
2018-03-22 14:00:00,25.356,119.161,56.849,393.871,98.08
2018-03-22 15:00:00,27.769,117.982,56.74,396.85,103.49
2018-03-22 16:00:00,33.231,122.167,61.408,406.642,111.57
2018-03-22 17:00:00,34.613,130.363,63.745,414.964,111.018
2018-03-22 18:00:00,37.132,141.141,70.952,453.425,114.239
2018-03-22 19:00:00,36.072,141.647,67.573,452.694,119.287
2018-03-22 20:00:00,34.461,133.514,64.187,420.294,109.656
2018-03-22 21:00:00,27.835,111.285,58.144,372.546,93.153
2018-03-22 22:00:00,22.11,94.507,50.343,322.638,82.018
2018-03-22 23:00:00,20.989,85.663,46.133,289.672,75.025
2018-03-23 00:00:00,18.855,80.595,44.004,274.599,73.861
2018-03-23 01:00:00,17.637,78.87,42.929,272.758,77.351
2018-03-23 02:00:00,17.987,78.468,43.429,275.188,74.943
2018-03-23 03:00:00,18.96,81.563,45.751,281.957,75.724
2018-03-23 04:00:00,21.856,94.793,50.2,311.014,84.989
2018-03-23 05:00:00,25.268,108.187,56.878,369.919,100.027
2018-03-23 06:00:00,35.144,118.123,60.2,405.284,108.356
2018-03-23 07:00:00,34.428,125.865,64.529,418.065,109.322
2018-03-23 08:00:00,29.548,130.321,64.315,430.081,101.782
2018-03-23 09:00:00,28.073,130.101,57.538,440.42,101.312
2018-03-23 10:00:00,26.19,128.161,55.87,432.679,95.475
2018-03-23 11:00:00,24.732,124.469,55.001,430.096,95.991
2018-03-23 12:00:00,24.792,118.424,51.245,405.231,91.439
2018-03-23 13:00:00,22.069,110.907,50.142,389.953,88.278
2018-03-23 14:00:00,23.173,114.272,49.488,383.784,80.457
2018-03-23 15:00:00,23.391,113.681,56.19,389.501,85.278
2018-03-23 16:00:00,28.118,115.542,56.605,406.183,93.474
2018-03-23 17:00:00,29.763,126.243,58.035,418.072,99.723
2018-03-23 18:00:00,33.028,136.365,61.902,449.755,100.943
2018-03-23 19:00:00,30.694,133.762,63.754,438.225,107.018
2018-03-23 20:00:00,31.184,124.013,62.877,403.344,99.031
2018-03-23 21:00:00,25.072,108.524,53.785,348.637,85.875
2018-03-23 22:00:00,19.855,89.68,47.831,308.373,78.933
2018-03-23 23:00:00,19.653,81.023,45.75,280.967,70.794
2018-03-24 00:00:00,15.51,75.14,42.122,269.294,66.326
2018-03-24 01:00:00,16.091,72.429,39.511,266.247,68.871
2018-03-24 02:00:00,16.762,73.334,39.7,264.809,69.103
2018-03-24 03:00:00,17.726,75.261,39.822,269.165,69.468
2018-03-24 04:00:00,19.001,84.22,42.335,279.755,72.401
2018-03-24 05:00:00,21.259,93.226,46.448,308.291,80.259
2018-03-24 06:00:00,35.413,100.739,51.866,334.156,90.72
2018-03-24 07:00:00,35.435,120.772,54.826,374.345,100.23
2018-03-24 08:00:00,35.436,122.387,64.547,398.591,103.753
2018-03-24 09:00:00,34.916,119.081,60.549,400.74,96.141
2018-03-24 10:00:00,30.632,118.272,56.362,388.548,93.337
2018-03-24 11:00:00,29.21,118.158,53.17,377.751,84.434
2018-03-24 12:00:00,27.091,113.785,52.303,363.598,78.76
2018-03-24 13:00:00,25.156,111.724,51.386,349.064,76.322
2018-03-24 14:00:00,24.437,112.649,50.2,350.846,74.521
2018-03-24 15:00:00,28.218,114.259,54.241,371.429,76.354
2018-03-24 16:00:00,30.474,119.095,55.661,394.356,84.389
2018-03-24 17:00:00,29.287,124.387,60.655,406.841,91.637
2018-03-24 18:00:00,31.124,132.97,64.972,443.553,96.929
2018-03-24 19:00:00,31.333,132.112,65.063,445.078,103.663
2018-03-24 20:00:00,31.153,121.414,62.119,414.229,102.33
2018-03-24 21:00:00,25.252,103.971,54.896,368.784,92.842
2018-03-24 22:00:00,20.015,88.555,49.56,319.902,78.47
2018-03-24 23:00:00,19.531,79.77,45.228,285.436,73.007
2018-03-25 00:00:00,17.525,77.437,41.998,275.318,67.174
2018-03-25 01:00:00,17.334,76.394,41.713,271.4,69.716
2018-03-25 02:00:00,18.07,77.317,42.401,272.128,69.914
2018-03-25 03:00:00,18.892,79.841,43.865,277.077,70.853
2018-03-25 04:00:00,21.127,90.255,45.952,291.182,78.243
2018-03-25 05:00:00,23.187,99.152,51.115,318.778,85.605
2018-03-25 06:00:00,33.187,104.347,52.844,342.866,88.137
2018-03-25 07:00:00,39.398,121.95,59.096,377.357,103.062
2018-03-25 08:00:00,39.947,125.863,65.07,398.827,105.768
2018-03-25 09:00:00,37.712,126.876,67.765,404.57,106.71
2018-03-25 10:00:00,39.369,130.213,68.662,414.979,106.885
2018-03-25 11:00:00,38.173,137.706,65.4,409.732,101.283
2018-03-25 12:00:00,36.542,132.354,68.361,407.202,104.883
2018-03-25 13:00:00,38.01,127.759,68.56,394.4,105.671
2018-03-25 14:00:00,34.773,129.069,69.264,393.052,103.436
2018-03-25 15:00:00,31.847,129.429,64.152,406.338,102.986
2018-03-25 16:00:00,33.217,128.428,65.123,417.309,109.878
2018-03-25 17:00:00,36.189,135.344,68.436,443.05,110.206
2018-03-25 18:00:00,38.978,141.562,69.895,466.524,121.089
2018-03-25 19:00:00,35.075,139.362,70.443,450.508,119.887
2018-03-25 20:00:00,36.282,129.511,73.529,443.741,115.127
2018-03-25 21:00:00,31.036,117.569,58.847,397.806,100.272
2018-03-25 22:00:00,25.299,100.816,53.653,352.028,89.903
2018-03-25 23:00:00,22.215,89.041,48.962,326.589,79.779
2018-03-26 00:00:00,20.082,88.116,47.119,316.259,77.259
2018-03-26 01:00:00,19.357,88.001,46.159,310.208,81.135
2018-03-26 02:00:00,20.446,86.098,46.247,307.266,81.262
2018-03-26 03:00:00,21.599,88.311,48.653,313.569,80.803
2018-03-26 04:00:00,24.148,102.749,52.582,338.531,89.466
2018-03-26 05:00:00,27.904,115.748,58.96,386.117,108.447
2018-03-26 06:00:00,38.586,123.582,59.75,425.194,112.637
2018-03-26 07:00:00,36.945,135.862,61.096,441.267,109.99
2018-03-26 08:00:00,30.37,135.473,60.087,455.715,106.825
2018-03-26 09:00:00,31.857,130.181,61.947,457.535,104.997
2018-03-26 10:00:00,30.495,129.792,60.75,454.617,103.576
2018-03-26 11:00:00,28.573,124.296,64.05,442.114,101.834
2018-03-26 12:00:00,26.122,118.305,58.622,430.034,95.379
2018-03-26 13:00:00,25.296,120.79,54.475,420.947,92.234
2018-03-26 14:00:00,24.788,115.846,54.449,404.637,88.191
2018-03-26 15:00:00,24.296,114.518,53.475,405.316,92.759
2018-03-26 16:00:00,31.001,122.851,53.406,420.748,95.765
2018-03-26 17:00:00,32.968,128.194,59.401,437.33,104.543
2018-03-26 18:00:00,36.025,139.544,68.789,460.94,110.119
2018-03-26 19:00:00,35.92,137.383,68.52,456.435,108.746
2018-03-26 20:00:00,33.508,133.822,71.803,441.445,108.932
2018-03-26 21:00:00,27.897,119.179,67.074,396.146,98.983
2018-03-26 22:00:00,24.037,100.209,53.245,355.92,89.724
2018-03-26 23:00:00,22.065,92.107,48.322,325.131,83.312
2018-03-27 00:00:00,20.026,88.621,47.433,306.644,75.906
2018-03-27 01:00:00,20.768,87.104,46.851,305.609,79.225
2018-03-27 02:00:00,21.186,85.611,48.229,306.811,77.382
2018-03-27 03:00:00,21.66,88.524,50.447,316.489,76.739
2018-03-27 04:00:00,24.477,103.697,52.731,347.676,85.977
2018-03-27 05:00:00,27.614,116.638,57.809,396.839,99.867
2018-03-27 06:00:00,39.336,128.93,64.447,430.877,109.766
2018-03-27 07:00:00,40.436,137.255,62.445,453.533,113.029
2018-03-27 08:00:00,32.008,140.893,61.237,447.454,110.46
2018-03-27 09:00:00,28.282,129.611,62.11,451.432,108.512
2018-03-27 10:00:00,29.624,125.913,60.999,441.343,105.691
2018-03-27 11:00:00,25.201,122.354,56.334,423.345,100.693
2018-03-27 12:00:00,24.344,116.31,51.947,398.299,93.742
2018-03-27 13:00:00,23.028,105.484,48.151,377.932,86.423
2018-03-27 14:00:00,21.949,113.796,48.407,369.205,83.868
2018-03-27 15:00:00,23.856,115.945,51.175,379.305,86.588
2018-03-27 16:00:00,29.534,118.45,52.93,391.145,92.768
2018-03-27 17:00:00,29.164,121.04,56.816,406.757,96.912
2018-03-27 18:00:00,34.75,128.41,62.134,429.57,106.111
2018-03-27 19:00:00,37.618,131.666,60.405,432.755,107.827
2018-03-27 20:00:00,30.927,123.427,59.219,411.264,98.537
2018-03-27 21:00:00,23.506,103.94,50.309,353.448,88.028
2018-03-27 22:00:00,19.604,90.231,45.116,304.212,76.623
2018-03-27 23:00:00,18.97,80.084,43.083,278.324,66.307
2018-03-28 00:00:00,16.486,75.158,39.517,267.612,63.581
2018-03-28 01:00:00,15.982,72.9,38.788,257.775,66.691
2018-03-28 02:00:00,15.542,70.62,39.676,257.886,66.065
2018-03-28 03:00:00,15.939,71.895,40.146,264.404,65.196
2018-03-28 04:00:00,17.369,82.856,41.893,285.644,73.632
2018-03-28 05:00:00,21.119,95.317,47.701,337.023,87.484
2018-03-28 06:00:00,29.726,109.415,56.425,381.749,99.122
2018-03-28 07:00:00,31.257,123.486,56.169,412.986,105.853
2018-03-28 08:00:00,29.337,125.869,55.973,426.778,107.006
2018-03-28 09:00:00,29.057,127.657,56.42,432.509,104.445
2018-03-28 10:00:00,27.026,122.414,59.255,421.107,101.795
2018-03-28 11:00:00,27.391,117.46,56.739,411.315,97.622
2018-03-28 12:00:00,24.172,111.622,55.026,395.238,90.721
2018-03-28 13:00:00,24.802,111.278,49.345,366.564,89.554
2018-03-28 14:00:00,22.27,106.06,47.102,357.554,89.441
2018-03-28 15:00:00,24.498,106.938,50.484,365.455,92.711
2018-03-28 16:00:00,30.996,114.966,55.56,387.616,101.305
2018-03-28 17:00:00,29.18,122.414,56.353,406.007,104.87
2018-03-28 18:00:00,30.476,130.689,61.171,418.658,110.427
2018-03-28 19:00:00,29.785,128.325,61.692,418.628,111.231
2018-03-28 20:00:00,29.335,119.597,57.229,394.894,103.922
2018-03-28 21:00:00,25.967,101.853,51.563,339.032,87.295
2018-03-28 22:00:00,20.723,86.654,46.348,289.058,76.728
2018-03-28 23:00:00,18.072,76.935,41.957,260.422,68.304
2018-03-29 00:00:00,16.146,72.099,38.6,249.444,62.971
2018-03-29 01:00:00,14.971,69.7,37.473,241.522,64.668
2018-03-29 02:00:00,15.625,68.733,37.706,237.908,63.463
2018-03-29 03:00:00,16.602,70.832,39.257,245.408,64.081
2018-03-29 04:00:00,17.587,80.37,44.546,270.676,70.793
2018-03-29 05:00:00,20.614,95.061,47.059,320.374,81.078
2018-03-29 06:00:00,29.736,104.721,56.733,356.378,92.843
2018-03-29 07:00:00,29.961,111.49,55.902,389.411,96.031
2018-03-29 08:00:00,25.464,116.13,53.185,396.565,95.804
2018-03-29 09:00:00,26.059,115.951,50.397,400.629,97.894
2018-03-29 10:00:00,24.455,115.362,50.28,398.841,91.032
2018-03-29 11:00:00,23.322,111.814,51.815,389.611,96.316
2018-03-29 12:00:00,23.043,111.437,51.315,375.933,90.209
2018-03-29 13:00:00,22.051,116.042,49.839,362.16,85.99
2018-03-29 14:00:00,21.897,107.403,46.138,364.186,84.381
2018-03-29 15:00:00,23.532,110.702,52.718,369.781,91.947
2018-03-29 16:00:00,30.197,118.056,54.96,388.063,96.201
2018-03-29 17:00:00,30.913,123.209,59.086,404.745,100.803
2018-03-29 18:00:00,30.984,135.216,61.811,420.344,101.095
2018-03-29 19:00:00,33.889,135.033,60.8,410.612,101.924
2018-03-29 20:00:00,30.662,124.434,58.9,391.275,92.132
2018-03-29 21:00:00,25.011,100.677,50.734,330.806,81.525
2018-03-29 22:00:00,20.336,85.377,45.642,275.561,71.467
2018-03-29 23:00:00,17.751,75.357,42.055,249.189,60.262
2018-03-30 00:00:00,14.752,70.998,36.831,239.998,58.697
2018-03-30 01:00:00,14.648,68.422,36.124,228.423,63.096
2018-03-30 02:00:00,14.464,66.059,35.392,226.633,61.068
2018-03-30 03:00:00,15.054,67.166,35.749,231.225,59.61
2018-03-30 04:00:00,17.294,74.908,37.554,252.932,64.59
2018-03-30 05:00:00,21.326,87.298,43.653,295.999,77.151
2018-03-30 06:00:00,26.213,97.951,51.961,336.601,87.908
2018-03-30 07:00:00,26.203,111.132,55.694,360.028,96.347
2018-03-30 08:00:00,23.305,115.512,54.574,382.881,102.029
2018-03-30 09:00:00,22.753,121.891,57.9,388.611,103.182
2018-03-30 10:00:00,24.047,112.787,55.829,399.471,98.859
2018-03-30 11:00:00,25.455,110.502,55.89,392.568,103.632
2018-03-30 12:00:00,24.057,109.738,53.122,381.943,104.372
2018-03-30 13:00:00,20.301,105.368,54.594,366.789,95.398
2018-03-30 14:00:00,20.327,102.529,48.213,349.206,90.409
2018-03-30 15:00:00,23.795,106.4,48.811,366.287,95.151
2018-03-30 16:00:00,27.093,114.114,51.547,383.593,91.584
2018-03-30 17:00:00,31.851,122.518,55.541,406.85,93.964
2018-03-30 18:00:00,31.162,123.315,63.041,423.572,100.626
2018-03-30 19:00:00,30.934,129.262,61.111,419.459,98.512
2018-03-30 20:00:00,31.095,121.581,58.127,392.612,91.726
2018-03-30 21:00:00,23.717,101.418,53.228,333.944,78.697
2018-03-30 22:00:00,21.207,84.67,41.878,288.016,68.181
2018-03-30 23:00:00,17.995,75.225,39.894,260.43,60.007
2018-03-31 00:00:00,15.55,72.185,37.797,249.714,56.271
2018-03-31 01:00:00,15.459,70.638,34.967,247.486,61.497
2018-03-31 02:00:00,15.427,69.096,35.574,249.872,63.942
2018-03-31 03:00:00,15.708,69.403,36.603,252.246,63.541
2018-03-31 04:00:00,17.327,77.754,39.001,267.734,66.65
2018-03-31 05:00:00,18.904,85.251,43.537,294.27,74.196
2018-03-31 06:00:00,26.42,90.361,46.386,316.551,76.605
2018-03-31 07:00:00,30.246,108.445,51.488,348.631,82.677
2018-03-31 08:00:00,31.6,109.171,54.41,366.492,87.317
2018-03-31 09:00:00,29.802,112.521,56.976,370.415,87.043
2018-03-31 10:00:00,27.476,110.232,50.744,355.874,86.47
2018-03-31 11:00:00,25.677,107.134,52.089,355.876,82.761
2018-03-31 12:00:00,24.868,109.709,49.882,353.46,77.215
2018-03-31 13:00:00,24.508,107.779,49.023,350.068,81.948
2018-03-31 14:00:00,28.148,106.986,50.399,343.491,81.471
2018-03-31 15:00:00,25.93,115.608,49.986,359.909,77.984
2018-03-31 16:00:00,27.475,122.057,56.249,386.331,85.836
2018-03-31 17:00:00,28.064,127.503,58.413,390.301,92.038
2018-03-31 18:00:00,31.554,131.845,60.802,415.135,101.499
2018-03-31 19:00:00,35.127,128.949,64.496,428.34,108.957
2018-03-31 20:00:00,32.492,121.087,62.596,404.187,102.715
2018-03-31 21:00:00,27.357,107.522,52.689,355.333,89.607
2018-03-31 22:00:00,21.641,91.831,44.807,302.303,77.852
2018-03-31 23:00:00,18.535,78.463,41.59,270.655,70.069
2018-04-01 00:00:00,16.223,74.148,39.35,253.065,64.356
2018-04-01 01:00:00,15.969,72.063,37.464,248.48,66.387
2018-04-01 02:00:00,16.699,71.667,36.903,247.651,66.505
2018-04-01 03:00:00,17.541,72.737,37.281,249.58,66.435
2018-04-01 04:00:00,18.16,79.864,38.335,255.377,65.947
2018-04-01 05:00:00,19.121,86.405,42.92,280.606,72.654
2018-04-01 06:00:00,27.109,92.36,47.836,293.3,80.255
2018-04-01 07:00:00,31.68,106.588,51.404,331.327,87.885
2018-04-01 08:00:00,29.872,112.147,55.4,336.821,89.991
2018-04-01 09:00:00,25.884,105.486,52.606,327.905,94.934
2018-04-01 10:00:00,24.67,102.655,51.453,321.155,90.525
2018-04-01 11:00:00,24.698,105.931,49.002,325.651,90.144
2018-04-01 12:00:00,24.728,103.861,50.927,320.434,89.359
2018-04-01 13:00:00,21.499,100.486,50.422,313.952,84.276
2018-04-01 14:00:00,25.494,103.46,50.996,312.94,80.675
2018-04-01 15:00:00,24.557,102.859,50.884,319.778,80.148
2018-04-01 16:00:00,23.981,105.435,53.481,335.757,82.886
2018-04-01 17:00:00,24.172,109.096,54.338,342.632,84.163
2018-04-01 18:00:00,25.061,112.473,54.153,368.284,86.346
2018-04-01 19:00:00,27.024,117.199,56.027,390.502,89.313
2018-04-01 20:00:00,26.439,113.938,56.007,393.346,91.991
2018-04-01 21:00:00,22.992,102.564,52.395,354.548,81.304
2018-04-01 22:00:00,19.729,89.51,46.122,310.356,72.955
2018-04-01 23:00:00,19.164,76.21,41.442,273.775,66.212
2018-04-02 00:00:00,16.488,74.36,40.137,268.772,62.784
2018-04-02 01:00:00,16.837,75.896,39.916,274.144,69.123
2018-04-02 02:00:00,17.84,74.953,41.411,273.819,69.859
2018-04-02 03:00:00,17.553,76.588,42.987,282.65,71.063
2018-04-02 04:00:00,20.091,87.859,46.003,304.432,77.418
2018-04-02 05:00:00,25.808,99.104,55.952,352.269,93.479
2018-04-02 06:00:00,35.387,113.658,58.326,392.05,109.881
2018-04-02 07:00:00,34.949,129.849,63.358,428.084,120.675
2018-04-02 08:00:00,32.771,136.385,64.445,447.515,119.147
2018-04-02 09:00:00,32.773,141.557,69.368,473.805,121.036
2018-04-02 10:00:00,34.342,141.453,67.694,460.207,120.995
2018-04-02 11:00:00,31.687,131.944,64.971,439.651,116.687
2018-04-02 12:00:00,28.638,125.768,64.683,422.58,108.217
2018-04-02 13:00:00,25.455,119.015,56.005,402.071,95.376
2018-04-02 14:00:00,25.945,112.31,53.733,401.7,88.012
2018-04-02 15:00:00,27.147,116.148,53.4,413.267,91.159
2018-04-02 16:00:00,33.15,120.243,59.036,420.247,96.597
2018-04-02 17:00:00,33.496,122.279,59.061,410.38,100.912
2018-04-02 18:00:00,30.612,129.509,63.556,430.854,101.913
2018-04-02 19:00:00,32.881,133.711,67.229,438.459,108.681
2018-04-02 20:00:00,33.837,127.812,67.546,437.544,103.382
2018-04-02 21:00:00,26.642,114.102,59.971,394.038,91.144
2018-04-02 22:00:00,23.058,97.539,49.684,336.6,81.19
2018-04-02 23:00:00,20.696,85.064,45.555,309.351,78.512
2018-04-03 00:00:00,18.515,82.528,44.579,294.49,77.635
2018-04-03 01:00:00,18.887,81.643,44.554,290.494,80.637
2018-04-03 02:00:00,19.884,82.116,46.177,294.601,81.089
2018-04-03 03:00:00,21.053,84.265,49.9,302.402,83.174
2018-04-03 04:00:00,23.638,100.332,51.517,334.572,91.52
2018-04-03 05:00:00,27.294,113.417,56.987,387.358,101.9
2018-04-03 06:00:00,36.039,120.876,59.995,407.05,110.055
2018-04-03 07:00:00,33.874,123.609,60.325,416.375,106.1
2018-04-03 08:00:00,29.372,123.061,61.023,415.8,102.665
2018-04-03 09:00:00,28.591,124.989,59.217,417.518,102.371
2018-04-03 10:00:00,26.44,123.009,61.794,428.153,102.985
2018-04-03 11:00:00,27.741,128.217,60.548,424.505,105.573
2018-04-03 12:00:00,26.541,120.063,58.019,412.512,103.499
2018-04-03 13:00:00,25.62,116.841,54.704,396.01,96.647
2018-04-03 14:00:00,26.044,123.895,57.662,390.281,102.194
2018-04-03 15:00:00,28.48,127.374,61.553,398.59,110.725
2018-04-03 16:00:00,34.958,128.188,62.736,408.272,115.915
2018-04-03 17:00:00,35.174,131.128,63.136,413.691,122.095
2018-04-03 18:00:00,32.971,135.573,68.004,430.744,117.282
2018-04-03 19:00:00,35.667,142.533,65.558,441.288,112.332
2018-04-03 20:00:00,35.649,130.792,63.124,427.264,109.08
2018-04-03 21:00:00,26.222,110.858,57.134,371.336,91.967
2018-04-03 22:00:00,20.762,92.144,47.231,316.479,79.117
2018-04-03 23:00:00,18.676,82.055,42.608,285.974,69.191
2018-04-04 00:00:00,17.009,77.666,40.443,267.641,65.126
2018-04-04 01:00:00,17.525,75.409,40.366,262.025,68.231
2018-04-04 02:00:00,17.239,74.848,40.687,257.282,67.421
2018-04-04 03:00:00,17.23,75.611,41.456,262.03,68.062
2018-04-04 04:00:00,19.081,89.594,44.834,288.965,75.142
2018-04-04 05:00:00,23.185,99.998,48.085,334.904,89.702
2018-04-04 06:00:00,35.265,108.327,54.926,375.649,97.821
2018-04-04 07:00:00,31.607,116.318,55.565,412.384,102.954
2018-04-04 08:00:00,24.444,121.73,58.633,414.239,98.62
2018-04-04 09:00:00,25.719,126.718,59.202,426.4,99.243
2018-04-04 10:00:00,25.762,121.512,57.6,426.899,97.452
2018-04-04 11:00:00,25.34,124.547,56.094,409.016,100.784
2018-04-04 12:00:00,22.366,114.865,54.034,387.779,97.998
2018-04-04 13:00:00,21.332,109.387,51.662,379.207,93.454
2018-04-04 14:00:00,22.667,103.505,49.702,371.859,92.877
2018-04-04 15:00:00,25.513,108.39,51.834,379.408,96.42
2018-04-04 16:00:00,27.536,110.419,54.781,385.113,99.151
2018-04-04 17:00:00,26.304,116.394,55.887,387.643,100.495
2018-04-04 18:00:00,30.159,124.737,56.239,411.095,102.723
2018-04-04 19:00:00,32.521,122.838,59.517,416.216,103.674
2018-04-04 20:00:00,32.217,122.313,59.726,406.507,101.98
2018-04-04 21:00:00,25.277,106.605,54.015,361.219,90.764
2018-04-04 22:00:00,20.179,88.931,45.713,312.448,81.188
2018-04-04 23:00:00,21.233,85.957,43.019,301.854,72.752
2018-04-05 00:00:00,18.805,82.344,39.461,288.659,68.564
2018-04-05 01:00:00,18.158,79.961,40.586,286.453,72.939
2018-04-05 02:00:00,19.309,81.78,42.846,294.863,73.452
2018-04-05 03:00:00,22.832,89.686,45.353,324.799,73.682
2018-04-05 04:00:00,26.014,103.628,50.235,353.276,84.561
2018-04-05 05:00:00,30.07,113.652,55.868,392.108,98.017
2018-04-05 06:00:00,39.335,124.277,61.231,427.829,105.954
2018-04-05 07:00:00,37.528,131.401,64.942,440.379,111.61
2018-04-05 08:00:00,32.589,139.859,65.622,462.866,111.287
2018-04-05 09:00:00,29.833,131.481,67.113,464.827,106.842
2018-04-05 10:00:00,30.426,130.062,63.038,453.162,101.833
2018-04-05 11:00:00,28.441,130.561,62.742,437.896,105.007
2018-04-05 12:00:00,26.2,125.689,53.833,416.28,101.986
2018-04-05 13:00:00,24.763,116.209,54.73,406.293,99.915
2018-04-05 14:00:00,24.448,114.553,52.196,401.289,96.733
2018-04-05 15:00:00,28.681,123.962,51.121,404.104,99.986
2018-04-05 16:00:00,33.241,121.223,57.21,417.257,97.026
2018-04-05 17:00:00,32.744,125.519,58.289,435.902,99.083
2018-04-05 18:00:00,32.171,129.896,60.795,440.038,104.033
2018-04-05 19:00:00,33.181,135.418,63.895,450.48,105.697
2018-04-05 20:00:00,33.444,133.547,63.125,437.483,99.431
2018-04-05 21:00:00,26.881,115.851,57.354,384.603,88.427
2018-04-05 22:00:00,21.355,96.213,50.147,336.218,78.64
2018-04-05 23:00:00,20.265,87.8,45.937,303.35,73.944
2018-04-06 00:00:00,19.137,86.082,44.721,293.167,71.029
2018-04-06 01:00:00,19.169,83.473,44.232,292.013,75.517
2018-04-06 02:00:00,20.354,82.968,44.594,295.342,76.93
2018-04-06 03:00:00,22.446,85.573,46.728,309.353,79.903
2018-04-06 04:00:00,25.134,102.879,51.577,338.8,89.347
2018-04-06 05:00:00,29.04,112.741,57.798,382.511,101.774
2018-04-06 06:00:00,38.703,123.722,63.687,416.864,106.27
2018-04-06 07:00:00,41.33,128.546,61.639,433.54,105.969
2018-04-06 08:00:00,32.279,128.521,62.283,440.06,108.868
2018-04-06 09:00:00,30.194,128.193,66.579,443.705,109.793
2018-04-06 10:00:00,30.431,127.342,67.493,439.569,115.078
2018-04-06 11:00:00,28.242,127.476,65.57,448.444,122.582
2018-04-06 12:00:00,29.847,127.508,64.352,439.418,117.539
2018-04-06 13:00:00,30.675,132.083,61.216,427.32,110.001
2018-04-06 14:00:00,29.554,133.499,59.79,424.557,101.908
2018-04-06 15:00:00,32.386,131.521,61.013,435.347,102.671
2018-04-06 16:00:00,36.579,129.726,57.568,427.711,110.215
2018-04-06 17:00:00,33.582,121.121,56.969,419.632,105.232
2018-04-06 18:00:00,32.33,126.253,60.718,431.011,110.785
2018-04-06 19:00:00,33.575,129.278,59.844,433.611,107.898
2018-04-06 20:00:00,29.379,123.969,61.812,412.399,97.436
2018-04-06 21:00:00,24.351,106.419,53.644,349.993,82.91
2018-04-06 22:00:00,19.913,87.771,45.507,299.432,69.946
2018-04-06 23:00:00,16.998,77.013,39.673,277.162,61.952
2018-04-07 00:00:00,15.811,71.448,35.871,261.231,61.834
2018-04-07 01:00:00,14.957,70.349,35.208,257.357,59.462
2018-04-07 02:00:00,15.64,69.859,35.169,256.645,60.835
2018-04-07 03:00:00,16.028,71.975,36.148,258.27,62.063
2018-04-07 04:00:00,18.121,80.165,38.708,273.242,65.868
2018-04-07 05:00:00,19.822,88.08,43.337,301.377,75.205
2018-04-07 06:00:00,29.409,99.973,49.413,333.053,86.012
2018-04-07 07:00:00,31.312,116.257,56.307,368.44,101.212
2018-04-07 08:00:00,33.522,124.159,64.299,395.359,105.045
2018-04-07 09:00:00,35.189,129.206,60.374,407.108,103.071
2018-04-07 10:00:00,33.09,132.086,62.325,397.946,104.186
2018-04-07 11:00:00,31.397,121.232,64.054,385.615,98.162
2018-04-07 12:00:00,31.107,111.969,58.872,366.322,95.658
2018-04-07 13:00:00,26.751,109.941,54.648,350.922,90.327
2018-04-07 14:00:00,24.552,107.911,48.954,347.349,86.402
2018-04-07 15:00:00,22.973,112.693,48.904,357.207,95.18
2018-04-07 16:00:00,27.428,111.337,52.059,374.533,93.895
2018-04-07 17:00:00,29.853,118.891,54.42,382.955,99.426
2018-04-07 18:00:00,27.509,121.471,53.965,404.187,102.335
2018-04-07 19:00:00,29.852,124.026,57.953,422.959,103.638
2018-04-07 20:00:00,31.696,119.089,58.12,419.771,103.278
2018-04-07 21:00:00,31.218,103.547,52.985,370.471,87.696
2018-04-07 22:00:00,21.373,88.978,48.068,312.859,74.354
2018-04-07 23:00:00,20.633,80.04,43.403,292.341,71.287
2018-04-08 00:00:00,17.546,78.063,41.302,278.368,67.471
2018-04-08 01:00:00,17.221,77.009,40.622,276.978,72.71
2018-04-08 02:00:00,18.552,78.26,42.211,278.92,75.836
2018-04-08 03:00:00,19.633,82.222,43.665,290.091,79.107
2018-04-08 04:00:00,22.074,94.374,47.011,310.826,83.609
2018-04-08 05:00:00,24.263,104.373,51.001,330.119,91.61
2018-04-08 06:00:00,33.685,113.442,55.268,355.143,98.528
2018-04-08 07:00:00,32.972,123.439,60.678,377.052,105.095
2018-04-08 08:00:00,32.578,120.637,62.902,389.412,105.87
2018-04-08 09:00:00,35.147,124.749,56.889,388.592,106.101
2018-04-08 10:00:00,32.667,114.904,53.877,381.714,93.302
2018-04-08 11:00:00,31.525,113.251,54.547,371.22,89.505
2018-04-08 12:00:00,31.117,109.752,51.151,373.092,86.393
2018-04-08 13:00:00,27.545,108.23,49.732,361.983,85.075
2018-04-08 14:00:00,26.846,106.664,53.043,351.632,80.71
2018-04-08 15:00:00,27.13,108.87,56.034,363.316,82.531
2018-04-08 16:00:00,27.874,108.811,54.374,369.391,86.441
2018-04-08 17:00:00,29.918,118.914,54.545,384.118,91.11
2018-04-08 18:00:00,30.065,131.218,57.707,410.636,98.55
2018-04-08 19:00:00,32.065,138.316,66.706,424.489,107.759
2018-04-08 20:00:00,33.531,130.338,62.526,415.394,107.765
2018-04-08 21:00:00,27.227,117.384,56.851,376.571,97.272
2018-04-08 22:00:00,23.14,98.436,50.218,334.649,88.633
2018-04-08 23:00:00,21.332,85.836,46.78,304.7,82.135
2018-04-09 00:00:00,19.284,84.894,46.021,301.735,82.005
2018-04-09 01:00:00,19.294,84.358,46.183,300.732,87.801
2018-04-09 02:00:00,20.456,84.855,47.529,305.412,85.626
2018-04-09 03:00:00,23.381,88.252,49.313,318.078,85.246
2018-04-09 04:00:00,24.788,101.958,53.721,344.074,91.063
2018-04-09 05:00:00,29.624,114.211,57.017,387.496,102.174
2018-04-09 06:00:00,38.788,124.89,61.968,423.249,109.832
2018-04-09 07:00:00,36.558,132.581,61.499,439.928,110.952
2018-04-09 08:00:00,29.683,133.903,61.845,446.384,111.197
2018-04-09 09:00:00,29.649,132.919,63.422,446.986,117.482
2018-04-09 10:00:00,28.948,131.135,59.267,441.242,112.801
2018-04-09 11:00:00,26.61,125.388,57.656,420.989,106.495
2018-04-09 12:00:00,23.451,116.183,54.295,399.757,101.49
2018-04-09 13:00:00,21.03,109.252,50.514,381.806,97.568
2018-04-09 14:00:00,21.836,105.604,48.631,369.266,89.957
2018-04-09 15:00:00,24.121,108.727,50.48,371.91,89.649
2018-04-09 16:00:00,27.083,109.4,56.134,380.664,93.568
2018-04-09 17:00:00,28.972,111.54,55.707,389.677,96.962
2018-04-09 18:00:00,30.544,124.372,58.779,402.813,103.611
2018-04-09 19:00:00,33.285,126.188,60.811,424.468,108.679
2018-04-09 20:00:00,33.14,120.837,58.226,422.231,104.131
2018-04-09 21:00:00,26.954,110.5,52.797,361.583,89.895
2018-04-09 22:00:00,20.735,87.96,46.646,305.569,76.898
2018-04-09 23:00:00,17.517,79.889,42.276,273.226,67.844
2018-04-10 00:00:00,16.468,76.109,39.535,260.833,64.63
2018-04-10 01:00:00,16.221,74.433,39.055,260.855,67.622
2018-04-10 02:00:00,16.278,74.296,39.225,262.804,65.797
2018-04-10 03:00:00,17.984,75.748,41.993,271.508,66.357
2018-04-10 04:00:00,20.613,87.9,46.357,298.858,73.691
2018-04-10 05:00:00,24.212,102.004,51.067,345.865,86.916
2018-04-10 06:00:00,33.586,112.171,55.134,380.909,99.67
2018-04-10 07:00:00,33.611,125.425,58.585,409.326,102.158
2018-04-10 08:00:00,26.653,131.061,60.206,435.698,107.942
2018-04-10 09:00:00,29.944,129.788,60.34,442.858,114.597
2018-04-10 10:00:00,29.081,130.205,61.236,452.411,112.887
2018-04-10 11:00:00,27.696,128.863,60.978,449.203,116.371
2018-04-10 12:00:00,25.99,125.599,57.112,437.092,110.484
2018-04-10 13:00:00,25.859,124.003,53.826,415.072,102.69
2018-04-10 14:00:00,25.994,118.691,52.749,407.765,99.855
2018-04-10 15:00:00,28.329,120.459,53.761,417.103,97.459
2018-04-10 16:00:00,32.283,126.531,54.394,435.651,102.002
2018-04-10 17:00:00,31.925,128.707,56.228,439.551,103.043
2018-04-10 18:00:00,32.074,136.305,60.902,452.09,105.545
2018-04-10 19:00:00,32.915,136.267,64.518,463.838,113.596
2018-04-10 20:00:00,32.011,131.372,62.522,456.37,106.006
2018-04-10 21:00:00,26.185,109.422,56.549,402.585,96.415
2018-04-10 22:00:00,21.678,94.475,50.717,347.107,86.294
2018-04-10 23:00:00,20.48,89.004,46.97,317.634,79.98
2018-04-11 00:00:00,18.518,85.994,45.227,304.782,74.493
2018-04-11 01:00:00,18.826,84.096,44.731,296.963,77.056
2018-04-11 02:00:00,20.724,85.678,45.919,297.278,75.965
2018-04-11 03:00:00,23.693,88.626,48.756,305.189,76.377
2018-04-11 04:00:00,24.033,102.694,51.187,335.061,87.233
2018-04-11 05:00:00,26.795,114.738,56.661,381.148,99.656
2018-04-11 06:00:00,34.974,121.775,60.177,418.535,105.527
2018-04-11 07:00:00,32.831,127.492,58.956,422.331,101.058
2018-04-11 08:00:00,26.08,128.2,58.417,426.567,94.125
2018-04-11 09:00:00,27.014,121.3,56.014,431.841,99.022
2018-04-11 10:00:00,27.99,113.046,55.243,417.746,91.9
2018-04-11 11:00:00,24.702,113.392,53.329,395.167,97.727
2018-04-11 12:00:00,22.308,112.085,52.073,389.628,92.262
2018-04-11 13:00:00,23.955,113.974,50.081,376.307,83.92
2018-04-11 14:00:00,24.632,114.571,50.385,381.669,81.628
2018-04-11 15:00:00,24.276,116.043,50.603,387.224,90.071
2018-04-11 16:00:00,26.999,115.046,51.537,396.59,93.731
2018-04-11 17:00:00,28.205,119.129,54.592,397.091,91.354
2018-04-11 18:00:00,31.327,122.502,55.957,422.532,95.792
2018-04-11 19:00:00,31.057,130.081,59.005,430.171,104.896
2018-04-11 20:00:00,31.861,129.923,61.345,418.632,105.338
2018-04-11 21:00:00,26.71,109.777,52.518,357.355,91.469
2018-04-11 22:00:00,20.603,91.91,45.632,306.341,75.603
2018-04-11 23:00:00,18.25,81.424,41.225,279.45,65.209
2018-04-12 00:00:00,16.815,78.601,38.36,268.577,62.864
2018-04-12 01:00:00,16.459,75.676,38.376,266.617,66.159
2018-04-12 02:00:00,16.724,74.003,38.255,265.161,64.597
2018-04-12 03:00:00,17.8,76.625,40.0,268.514,63.865
2018-04-12 04:00:00,18.961,89.011,42.92,300.227,74.044
2018-04-12 05:00:00,23.041,101.317,46.455,350.481,85.103
2018-04-12 06:00:00,32.489,111.068,54.409,382.944,91.222
2018-04-12 07:00:00,31.065,116.336,52.259,397.887,92.792
2018-04-12 08:00:00,23.991,114.382,50.163,404.758,92.17
2018-04-12 09:00:00,24.82,116.579,52.532,400.148,91.621
2018-04-12 10:00:00,27.804,117.296,51.964,400.399,88.118
2018-04-12 11:00:00,23.212,116.208,50.871,386.03,88.509
2018-04-12 12:00:00,21.119,108.773,50.609,374.179,81.93
2018-04-12 13:00:00,21.734,107.871,48.623,357.927,83.102
2018-04-12 14:00:00,25.295,103.675,47.529,349.023,84.914
2018-04-12 15:00:00,24.283,105.152,49.797,365.168,84.13
2018-04-12 16:00:00,26.25,110.271,50.894,370.622,91.342
2018-04-12 17:00:00,27.321,114.279,50.902,383.269,100.113
2018-04-12 18:00:00,26.467,121.768,56.611,395.141,97.157
2018-04-12 19:00:00,27.894,123.235,62.804,399.542,102.348
2018-04-12 20:00:00,29.563,121.982,61.173,398.617,95.01
2018-04-12 21:00:00,24.885,102.726,51.465,348.842,84.045
2018-04-12 22:00:00,18.625,85.625,43.152,277.923,75.012
2018-04-12 23:00:00,16.611,74.823,38.149,250.34,67.825
2018-04-13 00:00:00,15.236,71.077,37.298,241.028,62.317
2018-04-13 01:00:00,14.264,67.506,34.839,232.184,61.83
2018-04-13 02:00:00,14.185,65.469,34.056,228.315,59.757
2018-04-13 03:00:00,13.997,65.252,35.736,229.766,61.014
2018-04-13 04:00:00,15.76,74.574,38.368,258.035,67.339
2018-04-13 05:00:00,19.906,83.144,44.655,291.865,81.28
2018-04-13 06:00:00,23.606,93.799,46.951,330.606,91.691
2018-04-13 07:00:00,24.996,104.421,52.139,348.783,101.526
2018-04-13 08:00:00,21.584,107.155,53.142,373.634,99.554
2018-04-13 09:00:00,21.148,111.487,53.209,387.072,97.566
2018-04-13 10:00:00,21.971,110.636,55.2,380.573,100.841
2018-04-13 11:00:00,24.018,114.951,54.977,379.605,100.182
2018-04-13 12:00:00,20.111,106.98,52.929,369.013,90.485
2018-04-13 13:00:00,22.201,104.322,51.455,363.28,87.191
2018-04-13 14:00:00,22.06,101.63,49.166,358.209,83.804
2018-04-13 15:00:00,24.325,107.963,48.082,362.049,81.148
2018-04-13 16:00:00,23.381,112.402,53.166,373.361,85.415
2018-04-13 17:00:00,25.278,113.479,54.855,386.566,86.529
2018-04-13 18:00:00,27.712,117.374,56.515,386.997,93.411
2018-04-13 19:00:00,27.297,120.5,62.426,386.482,99.286
2018-04-13 20:00:00,27.638,118.114,56.905,380.601,93.181
2018-04-13 21:00:00,23.891,98.269,48.741,323.462,79.397
2018-04-13 22:00:00,17.914,79.635,40.835,262.317,67.15
2018-04-13 23:00:00,15.71,72.492,35.564,235.804,61.644
2018-04-14 00:00:00,14.75,66.342,33.119,231.255,52.577
2018-04-14 01:00:00,14.394,65.48,31.574,226.433,53.717
2018-04-14 02:00:00,14.852,66.127,31.986,224.639,57.207
2018-04-14 03:00:00,16.054,69.009,32.363,231.219,57.968
2018-04-14 04:00:00,17.269,75.624,34.389,249.504,61.532
2018-04-14 05:00:00,19.513,80.629,40.551,259.573,67.828
2018-04-14 06:00:00,26.121,87.523,42.724,283.558,73.31
2018-04-14 07:00:00,30.373,97.051,42.402,318.869,76.812
2018-04-14 08:00:00,29.728,104.238,50.128,348.472,75.311
2018-04-14 09:00:00,24.474,103.47,53.082,334.447,77.004
2018-04-14 10:00:00,22.333,104.662,51.611,338.359,76.76
2018-04-14 11:00:00,23.857,106.389,51.41,331.318,79.59
2018-04-14 12:00:00,27.362,106.108,51.724,338.591,76.922
2018-04-14 13:00:00,22.192,103.86,53.935,336.255,79.887
2018-04-14 14:00:00,24.398,110.701,48.025,330.423,75.886
2018-04-14 15:00:00,24.322,109.821,49.472,345.237,77.149
2018-04-14 16:00:00,27.353,111.606,52.291,362.948,87.087
2018-04-14 17:00:00,31.385,111.403,53.433,374.607,91.112
2018-04-14 18:00:00,29.439,120.915,55.031,405.848,92.891
2018-04-14 19:00:00,34.614,126.553,61.53,419.956,104.429
2018-04-14 20:00:00,31.383,125.188,59.628,408.746,104.044
2018-04-14 21:00:00,23.742,105.423,50.541,360.29,91.181
2018-04-14 22:00:00,20.66,89.353,42.395,303.616,78.628
2018-04-14 23:00:00,19.213,77.903,39.15,279.578,69.955
2018-04-15 00:00:00,17.362,75.83,38.535,266.873,66.826
2018-04-15 01:00:00,16.489,72.391,38.054,256.821,73.076
2018-04-15 02:00:00,17.12,73.575,38.908,259.106,73.815
2018-04-15 03:00:00,18.167,76.796,40.869,269.266,74.925
2018-04-15 04:00:00,19.517,86.736,44.111,287.011,80.934
2018-04-15 05:00:00,21.711,94.038,49.521,308.699,86.295
2018-04-15 06:00:00,32.313,106.893,54.068,348.612,92.284
2018-04-15 07:00:00,34.517,119.174,57.913,394.444,106.116
2018-04-15 08:00:00,35.822,125.833,64.181,409.035,106.369
2018-04-15 09:00:00,34.45,132.458,64.539,418.082,110.738
2018-04-15 10:00:00,34.773,126.151,67.383,418.742,115.246
2018-04-15 11:00:00,35.313,128.548,72.811,433.08,106.264
2018-04-15 12:00:00,35.14,130.194,69.785,439.985,104.59
2018-04-15 13:00:00,34.657,131.641,65.294,420.134,104.881
2018-04-15 14:00:00,34.52,128.126,60.859,412.785,110.641
2018-04-15 15:00:00,38.007,135.821,62.705,429.622,115.699
2018-04-15 16:00:00,38.337,141.959,67.41,445.714,119.091
2018-04-15 17:00:00,35.067,142.916,64.138,442.383,123.013
2018-04-15 18:00:00,34.88,144.956,65.344,448.695,124.046
2018-04-15 19:00:00,35.538,140.018,70.267,463.031,128.215
2018-04-15 20:00:00,35.871,132.475,69.045,449.168,124.045
2018-04-15 21:00:00,30.963,119.96,60.653,402.518,111.551
2018-04-15 22:00:00,24.639,101.403,52.736,349.854,97.82
2018-04-15 23:00:00,22.801,87.348,48.217,314.903,87.802
2018-04-16 00:00:00,19.314,83.379,45.797,298.876,85.771
2018-04-16 01:00:00,18.957,81.989,42.525,295.294,81.913
2018-04-16 02:00:00,19.458,81.607,45.177,296.737,78.517
2018-04-16 03:00:00,19.901,82.875,46.674,306.43,80.173
2018-04-16 04:00:00,21.967,94.491,48.774,330.431,87.49
2018-04-16 05:00:00,25.377,106.083,47.807,362.722,97.388
2018-04-16 06:00:00,34.754,123.974,55.332,403.14,107.163
2018-04-16 07:00:00,34.515,130.548,59.252,433.112,107.604
2018-04-16 08:00:00,29.092,132.447,60.131,451.335,110.075
2018-04-16 09:00:00,31.827,133.707,59.645,460.341,110.433
2018-04-16 10:00:00,30.095,134.735,63.068,448.35,110.435
2018-04-16 11:00:00,29.528,133.426,61.557,445.8,107.462
2018-04-16 12:00:00,27.913,128.622,55.686,426.667,99.451
2018-04-16 13:00:00,24.501,122.541,54.69,407.324,92.671
2018-04-16 14:00:00,24.384,122.062,56.419,394.788,89.368
2018-04-16 15:00:00,25.237,121.924,56.657,403.201,87.669
2018-04-16 16:00:00,29.639,122.539,58.007,396.618,88.677
2018-04-16 17:00:00,29.084,124.65,55.394,395.241,90.241
2018-04-16 18:00:00,27.727,124.579,55.984,400.421,96.052
2018-04-16 19:00:00,28.304,126.863,57.281,405.683,105.055
2018-04-16 20:00:00,27.495,127.894,61.184,395.776,104.426
2018-04-16 21:00:00,22.794,104.268,55.162,332.441,85.775
2018-04-16 22:00:00,19.116,84.243,43.615,279.973,71.77
2018-04-16 23:00:00,16.999,74.521,38.597,249.673,65.926
2018-04-17 00:00:00,14.83,70.584,37.308,240.226,64.081
2018-04-17 01:00:00,14.656,68.623,35.891,234.666,66.252
2018-04-17 02:00:00,15.005,67.578,36.932,237.776,63.725
2018-04-17 03:00:00,16.11,70.44,36.981,248.059,62.008
2018-04-17 04:00:00,19.298,81.415,42.276,286.383,72.401
2018-04-17 05:00:00,23.576,93.284,46.965,325.866,84.873
2018-04-17 06:00:00,32.824,105.758,50.959,365.796,89.528
2018-04-17 07:00:00,28.564,115.793,55.07,395.784,94.613
2018-04-17 08:00:00,24.273,115.599,53.208,416.63,94.294
2018-04-17 09:00:00,25.684,115.822,58.153,415.722,94.395
2018-04-17 10:00:00,25.561,117.867,55.12,409.214,91.18
2018-04-17 11:00:00,25.467,122.105,53.662,409.782,94.234
2018-04-17 12:00:00,23.508,114.626,52.647,394.982,85.772
2018-04-17 13:00:00,21.971,107.541,47.788,376.755,81.988
2018-04-17 14:00:00,22.337,110.75,46.891,363.788,84.421
2018-04-17 15:00:00,24.382,112.708,48.844,383.29,88.685
2018-04-17 16:00:00,28.263,119.102,52.762,392.613,96.841
2018-04-17 17:00:00,30.31,121.228,53.911,404.704,97.826
2018-04-17 18:00:00,29.795,129.203,58.171,430.074,106.842
2018-04-17 19:00:00,33.088,127.855,63.32,431.941,103.337
2018-04-17 20:00:00,34.213,126.387,62.644,427.559,103.14
2018-04-17 21:00:00,24.509,108.315,56.281,368.849,93.039
2018-04-17 22:00:00,21.474,91.285,46.235,308.422,80.532
2018-04-17 23:00:00,19.064,82.661,43.765,287.988,73.478
2018-04-18 00:00:00,16.957,80.762,39.756,281.347,72.362
2018-04-18 01:00:00,17.321,76.595,39.004,268.873,75.971
2018-04-18 02:00:00,17.64,76.247,41.259,273.114,73.411
2018-04-18 03:00:00,18.495,79.732,42.261,288.942,75.503
2018-04-18 04:00:00,20.584,92.484,48.601,315.163,86.477
2018-04-18 05:00:00,22.784,106.415,56.168,357.772,95.659
2018-04-18 06:00:00,32.093,114.07,56.43,395.497,101.744
2018-04-18 07:00:00,31.881,122.102,58.956,413.215,106.94
2018-04-18 08:00:00,28.799,129.179,67.384,434.649,101.7
2018-04-18 09:00:00,31.56,132.483,62.471,448.902,98.593
2018-04-18 10:00:00,27.353,124.672,62.959,440.962,92.849
2018-04-18 11:00:00,24.772,121.639,58.672,430.943,98.191
2018-04-18 12:00:00,24.288,117.396,53.425,408.896,94.09
2018-04-18 13:00:00,23.338,108.622,49.774,381.984,89.426
2018-04-18 14:00:00,22.314,105.181,45.489,376.285,87.887
2018-04-18 15:00:00,23.312,106.998,48.237,373.082,86.479
2018-04-18 16:00:00,26.72,109.89,51.323,373.865,90.047
2018-04-18 17:00:00,28.168,113.856,52.877,393.029,91.71
2018-04-18 18:00:00,28.243,122.574,57.043,403.215,97.511
2018-04-18 19:00:00,28.703,130.412,57.465,406.536,99.592
2018-04-18 20:00:00,27.086,121.97,56.572,399.656,92.75
2018-04-18 21:00:00,22.102,99.714,49.677,339.488,83.339
2018-04-18 22:00:00,18.028,83.636,42.634,284.927,71.096
2018-04-18 23:00:00,16.477,74.335,39.67,262.068,62.413
2018-04-19 00:00:00,15.406,70.847,36.873,255.469,59.89
2018-04-19 01:00:00,15.112,70.227,35.475,255.489,60.738
2018-04-19 02:00:00,15.912,70.233,36.556,254.252,58.662
2018-04-19 03:00:00,16.296,70.98,37.348,258.911,60.414
2018-04-19 04:00:00,18.018,81.339,40.554,282.552,66.902
2018-04-19 05:00:00,21.361,92.12,44.087,329.407,77.223
2018-04-19 06:00:00,29.882,103.69,52.628,375.489,89.61
2018-04-19 07:00:00,31.162,121.835,57.202,402.607,95.713
2018-04-19 08:00:00,26.44,129.928,57.786,433.316,100.027
2018-04-19 09:00:00,32.294,133.526,61.972,451.84,111.551
2018-04-19 10:00:00,28.267,131.055,64.281,456.067,107.653
2018-04-19 11:00:00,26.123,131.803,61.973,439.941,106.807
2018-04-19 12:00:00,26.053,124.895,58.245,422.157,105.417
2018-04-19 13:00:00,24.284,120.008,55.519,406.173,98.808
2018-04-19 14:00:00,25.794,117.979,56.043,401.684,98.717
2018-04-19 15:00:00,26.306,124.481,57.046,414.82,102.234
2018-04-19 16:00:00,32.653,123.352,58.739,416.177,103.926
2018-04-19 17:00:00,31.937,125.408,59.519,416.841,104.977
2018-04-19 18:00:00,33.208,130.285,59.105,426.796,106.381
2018-04-19 19:00:00,35.66,135.263,64.781,449.357,111.709
2018-04-19 20:00:00,32.327,128.813,62.62,434.1,103.057
2018-04-19 21:00:00,27.776,114.65,57.094,375.153,92.46
2018-04-19 22:00:00,22.719,90.314,49.582,317.03,80.91
2018-04-19 23:00:00,20.585,82.95,43.723,291.433,72.112
2018-04-20 00:00:00,18.793,79.616,42.554,281.98,69.252
2018-04-20 01:00:00,17.558,78.276,41.619,275.291,74.084
2018-04-20 02:00:00,17.927,77.208,42.0,275.03,74.827
2018-04-20 03:00:00,18.871,79.656,44.29,287.212,75.887
2018-04-20 04:00:00,22.62,93.33,48.974,313.092,85.775
2018-04-20 05:00:00,27.0,104.86,52.612,356.653,101.222
2018-04-20 06:00:00,34.474,115.06,58.892,392.04,104.051
2018-04-20 07:00:00,36.08,122.246,63.719,410.857,103.798
2018-04-20 08:00:00,29.855,127.581,57.686,427.331,96.321
2018-04-20 09:00:00,27.017,122.895,56.218,431.943,93.542
2018-04-20 10:00:00,25.734,120.508,53.631,422.672,93.832
2018-04-20 11:00:00,25.411,120.059,52.659,409.081,94.103
2018-04-20 12:00:00,22.82,112.083,49.673,395.785,89.936
2018-04-20 13:00:00,23.645,107.133,50.328,376.312,83.642
2018-04-20 14:00:00,23.533,105.639,51.325,363.932,76.161
2018-04-20 15:00:00,27.35,105.311,49.832,365.044,80.09
2018-04-20 16:00:00,27.036,113.671,49.114,382.755,83.227
2018-04-20 17:00:00,27.505,112.082,49.377,386.32,83.865
2018-04-20 18:00:00,27.43,121.058,54.139,398.632,87.553
2018-04-20 19:00:00,32.608,129.32,59.604,420.586,94.724
2018-04-20 20:00:00,30.531,121.827,61.814,405.796,93.087
2018-04-20 21:00:00,23.924,106.21,52.078,347.114,81.67
2018-04-20 22:00:00,19.582,86.041,43.951,300.201,70.626
2018-04-20 23:00:00,17.836,76.269,39.196,265.636,59.93
2018-04-21 00:00:00,16.217,71.295,36.428,252.866,56.352
2018-04-21 01:00:00,16.278,70.111,35.959,253.638,61.372
2018-04-21 02:00:00,16.542,70.826,37.019,255.628,62.469
2018-04-21 03:00:00,17.055,72.325,38.835,266.988,64.638
2018-04-21 04:00:00,18.302,80.501,39.681,281.008,68.129
2018-04-21 05:00:00,23.546,85.807,44.393,303.526,73.192
2018-04-21 06:00:00,30.706,97.428,48.921,322.851,81.573
2018-04-21 07:00:00,30.497,109.916,50.218,348.15,88.498
2018-04-21 08:00:00,27.785,107.694,51.015,356.28,91.282
2018-04-21 09:00:00,27.375,107.391,53.766,355.493,86.864
2018-04-21 10:00:00,26.899,108.533,57.844,357.835,87.301
2018-04-21 11:00:00,25.344,107.611,55.113,353.587,83.504
2018-04-21 12:00:00,27.085,102.112,48.998,334.413,80.904
2018-04-21 13:00:00,27.59,105.099,52.238,322.329,73.614
2018-04-21 14:00:00,23.515,108.546,51.026,325.022,76.921
2018-04-21 15:00:00,23.146,112.084,53.295,354.935,79.958
2018-04-21 16:00:00,25.33,124.117,54.178,376.923,81.444
2018-04-21 17:00:00,25.657,123.022,57.065,383.146,83.145
2018-04-21 18:00:00,25.403,119.797,55.491,382.574,93.04
2018-04-21 19:00:00,27.961,123.203,54.242,386.156,93.616
2018-04-21 20:00:00,24.886,116.08,55.998,385.422,89.119
2018-04-21 21:00:00,21.62,97.719,46.134,327.846,78.59
2018-04-21 22:00:00,16.253,80.718,37.562,265.559,65.403
2018-04-21 23:00:00,14.522,69.286,34.891,237.612,57.927
2018-04-22 00:00:00,13.125,64.385,32.997,227.109,53.129
2018-04-22 01:00:00,13.371,64.115,34.055,226.408,56.206
2018-04-22 02:00:00,14.472,65.269,34.452,227.199,56.372
2018-04-22 03:00:00,15.535,69.184,35.623,233.572,59.817
2018-04-22 04:00:00,17.826,77.407,39.966,254.757,61.963
2018-04-22 05:00:00,19.18,82.897,42.38,271.827,66.175
2018-04-22 06:00:00,27.319,86.4,44.957,284.487,67.064
2018-04-22 07:00:00,29.343,91.83,47.884,305.011,70.823
2018-04-22 08:00:00,23.732,100.246,50.165,319.751,72.617
2018-04-22 09:00:00,24.421,101.586,51.571,308.522,73.167
2018-04-22 10:00:00,24.119,101.758,48.86,311.324,71.41
2018-04-22 11:00:00,22.847,99.751,51.521,325.568,71.24
2018-04-22 12:00:00,23.202,101.534,51.106,321.475,76.197
2018-04-22 13:00:00,21.86,109.863,51.594,319.654,78.21
2018-04-22 14:00:00,23.21,115.105,49.229,332.525,74.214
2018-04-22 15:00:00,25.662,118.176,50.61,347.522,82.08
2018-04-22 16:00:00,25.08,121.986,51.01,372.118,84.826
2018-04-22 17:00:00,25.444,122.718,51.87,377.04,78.766
2018-04-22 18:00:00,25.857,124.155,51.573,373.457,83.943
2018-04-22 19:00:00,26.045,119.265,54.926,368.914,89.236
2018-04-22 20:00:00,25.393,110.151,53.04,362.536,85.717
2018-04-22 21:00:00,20.787,95.163,46.47,301.965,74.151
2018-04-22 22:00:00,17.029,80.139,40.401,252.975,61.169
2018-04-22 23:00:00,15.234,69.675,38.872,226.389,55.886
2018-04-23 00:00:00,14.42,67.75,36.549,221.09,53.189
2018-04-23 01:00:00,14.49,68.092,34.877,219.514,58.095
2018-04-23 02:00:00,15.86,68.568,36.351,224.897,56.117
2018-04-23 03:00:00,17.243,71.304,38.74,240.81,58.514
2018-04-23 04:00:00,17.522,80.352,42.176,267.377,64.077
2018-04-23 05:00:00,21.125,90.05,45.879,304.905,72.957
2018-04-23 06:00:00,26.536,100.341,50.173,350.304,79.178
2018-04-23 07:00:00,24.394,103.998,51.476,351.853,81.081
2018-04-23 08:00:00,22.651,110.98,52.248,372.535,85.268
2018-04-23 09:00:00,22.745,112.259,55.099,376.875,84.695
2018-04-23 10:00:00,25.353,114.299,53.266,389.58,80.606
2018-04-23 11:00:00,24.567,114.674,52.707,396.592,84.247
2018-04-23 12:00:00,20.608,114.359,51.276,392.886,78.342
2018-04-23 13:00:00,21.3,112.987,49.631,382.639,78.643
2018-04-23 14:00:00,22.338,112.525,48.773,382.869,79.64
2018-04-23 15:00:00,24.866,110.658,48.551,386.909,77.749
2018-04-23 16:00:00,23.863,119.243,51.08,397.375,79.843
2018-04-23 17:00:00,26.263,114.563,55.642,391.094,79.566
2018-04-23 18:00:00,27.934,114.806,59.259,384.1,81.732
2018-04-23 19:00:00,28.213,115.683,60.499,387.282,89.527
2018-04-23 20:00:00,25.503,114.238,56.035,375.66,84.782
2018-04-23 21:00:00,22.712,96.605,46.882,323.198,77.784
2018-04-23 22:00:00,17.277,79.393,40.768,263.193,63.923
2018-04-23 23:00:00,16.244,73.044,36.8,238.883,57.195
2018-04-24 00:00:00,14.494,67.414,35.456,226.748,54.536
2018-04-24 01:00:00,14.108,67.085,34.902,229.047,57.253
2018-04-24 02:00:00,14.707,67.569,37.558,234.559,57.08
2018-04-24 03:00:00,15.988,72.111,40.446,248.697,56.742
2018-04-24 04:00:00,20.966,81.098,43.931,282.489,63.99
2018-04-24 05:00:00,22.124,88.587,48.777,318.947,73.083
2018-04-24 06:00:00,29.468,97.316,49.103,361.498,79.065
2018-04-24 07:00:00,29.63,102.598,51.412,377.18,84.794
2018-04-24 08:00:00,26.986,112.821,52.795,389.062,83.52
2018-04-24 09:00:00,25.987,114.409,52.242,390.546,83.06
2018-04-24 10:00:00,24.117,115.143,52.851,400.157,80.729
2018-04-24 11:00:00,22.572,112.514,48.538,396.159,82.705
2018-04-24 12:00:00,23.505,106.001,48.395,391.092,76.569
2018-04-24 13:00:00,21.871,104.314,46.675,382.233,76.504
2018-04-24 14:00:00,21.78,109.333,45.715,381.888,77.155
2018-04-24 15:00:00,25.198,116.232,51.107,387.748,79.34
2018-04-24 16:00:00,26.498,115.111,54.307,401.699,80.159
2018-04-24 17:00:00,28.005,112.64,54.757,392.428,81.015
2018-04-24 18:00:00,27.833,118.453,55.856,379.403,81.901
2018-04-24 19:00:00,29.042,120.354,55.815,391.275,86.373
2018-04-24 20:00:00,27.17,115.518,52.918,372.492,81.909
2018-04-24 21:00:00,21.17,91.136,45.521,322.417,70.026
2018-04-24 22:00:00,16.475,78.335,39.765,257.283,59.16
2018-04-24 23:00:00,14.673,67.405,34.955,224.222,53.117
2018-04-25 00:00:00,12.663,62.914,34.262,212.511,51.138
2018-04-25 01:00:00,12.862,63.728,31.701,211.08,52.697
2018-04-25 02:00:00,12.692,61.957,32.18,216.034,52.795
2018-04-25 03:00:00,13.82,62.601,33.844,224.559,55.312
2018-04-25 04:00:00,15.429,70.274,37.447,249.688,60.467
2018-04-25 05:00:00,17.925,81.202,41.729,276.131,72.555
2018-04-25 06:00:00,22.465,96.649,48.176,322.602,84.527
2018-04-25 07:00:00,25.425,106.224,50.44,362.452,91.044
2018-04-25 08:00:00,24.795,116.016,57.207,385.262,91.528
2018-04-25 09:00:00,26.972,119.14,56.053,398.347,91.757
2018-04-25 10:00:00,26.82,119.811,54.193,397.699,90.189
2018-04-25 11:00:00,22.768,116.106,53.014,388.323,96.983
2018-04-25 12:00:00,24.109,111.101,51.945,381.518,87.363
2018-04-25 13:00:00,26.178,108.663,48.562,368.731,83.791
2018-04-25 14:00:00,23.535,111.564,48.815,359.52,85.796
2018-04-25 15:00:00,24.345,112.041,52.77,372.555,86.683
2018-04-25 16:00:00,27.836,114.65,55.018,377.333,92.551
2018-04-25 17:00:00,27.85,121.908,54.178,374.772,99.739
2018-04-25 18:00:00,26.684,123.371,58.052,376.661,94.296
2018-04-25 19:00:00,26.166,124.315,60.371,394.097,94.692
2018-04-25 20:00:00,25.553,120.77,55.424,382.168,89.592
2018-04-25 21:00:00,20.399,100.411,46.136,327.922,73.599
2018-04-25 22:00:00,15.897,83.572,39.647,269.176,58.684
2018-04-25 23:00:00,14.205,71.801,36.394,229.151,51.862
2018-04-26 00:00:00,13.622,65.625,33.194,215.205,49.109
2018-04-26 01:00:00,13.811,66.161,31.639,210.43,49.902
2018-04-26 02:00:00,14.713,62.719,31.092,210.646,49.077
2018-04-26 03:00:00,14.636,63.729,31.602,215.727,48.693
2018-04-26 04:00:00,15.004,71.142,35.5,248.122,56.328
2018-04-26 05:00:00,18.28,78.138,42.582,285.307,69.301
2018-04-26 06:00:00,26.583,93.247,49.399,326.828,80.38
2018-04-26 07:00:00,26.76,106.523,49.989,357.427,86.435
2018-04-26 08:00:00,22.203,108.783,54.898,380.691,84.323
2018-04-26 09:00:00,21.928,110.264,58.215,383.886,81.972
2018-04-26 10:00:00,23.746,116.996,52.863,379.855,81.963
2018-04-26 11:00:00,24.731,116.4,50.89,375.882,80.981
2018-04-26 12:00:00,21.578,116.746,49.481,370.221,77.694
2018-04-26 13:00:00,21.442,118.091,48.547,372.461,75.176
2018-04-26 14:00:00,21.891,121.669,51.85,378.917,72.9
2018-04-26 15:00:00,25.102,129.089,56.108,398.894,78.647
2018-04-26 16:00:00,27.745,132.23,56.279,413.527,79.454
2018-04-26 17:00:00,29.685,135.433,57.312,408.833,85.044
2018-04-26 18:00:00,27.492,134.397,55.193,401.761,80.508
2018-04-26 19:00:00,25.963,126.467,57.167,392.646,83.138
2018-04-26 20:00:00,25.189,116.351,55.588,374.276,78.534
2018-04-26 21:00:00,20.274,95.648,44.865,315.469,65.88
2018-04-26 22:00:00,16.053,77.964,37.844,259.771,56.812
2018-04-26 23:00:00,15.417,65.372,32.465,223.895,50.708
2018-04-27 00:00:00,14.593,61.781,29.721,209.146,50.777
2018-04-27 01:00:00,13.061,60.707,28.746,207.072,51.303
2018-04-27 02:00:00,12.552,60.093,30.189,209.954,48.964
2018-04-27 03:00:00,13.063,62.063,32.167,218.961,48.72
2018-04-27 04:00:00,14.911,68.785,34.935,245.83,56.936
2018-04-27 05:00:00,19.679,77.25,43.429,275.132,72.261
2018-04-27 06:00:00,24.392,88.616,46.829,321.466,73.963
2018-04-27 07:00:00,25.036,97.785,52.163,355.476,76.931
2018-04-27 08:00:00,21.741,104.218,51.805,381.022,80.208
2018-04-27 09:00:00,21.674,109.028,51.852,382.945,83.11
2018-04-27 10:00:00,24.53,114.847,51.685,380.566,82.432
2018-04-27 11:00:00,20.337,110.244,49.072,379.192,85.641
2018-04-27 12:00:00,21.655,107.619,47.721,365.431,81.936
2018-04-27 13:00:00,21.383,109.297,44.916,364.37,82.433
2018-04-27 14:00:00,20.994,111.335,47.512,356.795,83.785
2018-04-27 15:00:00,23.011,110.769,49.366,363.833,85.746
2018-04-27 16:00:00,24.235,114.441,51.199,372.764,90.947
2018-04-27 17:00:00,24.796,111.465,53.039,375.22,89.661
2018-04-27 18:00:00,24.768,118.757,59.049,375.878,89.018
2018-04-27 19:00:00,26.71,127.556,59.601,386.765,92.74
2018-04-27 20:00:00,27.325,118.807,55.679,377.241,88.975
2018-04-27 21:00:00,21.229,98.327,48.747,321.98,73.111
2018-04-27 22:00:00,17.085,80.61,40.02,265.633,62.527
2018-04-27 23:00:00,15.84,70.295,34.263,233.566,54.091
2018-04-28 00:00:00,13.515,64.417,32.158,221.76,49.133
2018-04-28 01:00:00,13.287,61.933,30.451,216.388,52.347
2018-04-28 02:00:00,13.475,61.915,29.366,214.068,52.377
2018-04-28 03:00:00,14.118,63.536,29.648,216.312,52.862
2018-04-28 04:00:00,15.143,67.891,32.066,228.381,56.382
2018-04-28 05:00:00,18.019,70.824,34.314,235.56,59.489
2018-04-28 06:00:00,23.22,80.368,41.076,267.264,67.299
2018-04-28 07:00:00,22.822,88.975,47.296,300.731,75.706
2018-04-28 08:00:00,21.696,101.677,48.889,320.927,75.278
2018-04-28 09:00:00,22.895,98.28,49.949,337.914,82.777
2018-04-28 10:00:00,23.371,105.865,50.554,354.928,85.202
2018-04-28 11:00:00,23.269,114.697,52.728,370.285,75.581
2018-04-28 12:00:00,23.133,115.486,51.048,373.038,76.779
2018-04-28 13:00:00,24.055,117.621,50.733,393.479,77.249
2018-04-28 14:00:00,27.103,125.053,51.568,430.276,71.76
2018-04-28 15:00:00,32.36,131.584,50.709,455.877,74.842
2018-04-28 16:00:00,29.774,128.587,56.518,473.214,86.498
2018-04-28 17:00:00,28.738,123.43,54.714,465.183,84.029
2018-04-28 18:00:00,26.375,117.287,54.031,441.42,82.861
2018-04-28 19:00:00,26.573,114.997,57.665,408.781,83.2
2018-04-28 20:00:00,26.123,111.783,56.306,377.599,80.945
2018-04-28 21:00:00,21.408,92.326,47.563,312.48,74.097
2018-04-28 22:00:00,16.506,75.022,39.352,249.874,60.935
2018-04-28 23:00:00,14.497,67.395,33.089,219.392,49.936
2018-04-29 00:00:00,12.805,62.802,33.851,201.908,46.157
2018-04-29 01:00:00,13.3,62.061,31.475,198.002,50.032
2018-04-29 02:00:00,14.578,62.39,31.727,196.342,50.422
2018-04-29 03:00:00,13.619,62.998,31.718,200.595,49.933
2018-04-29 04:00:00,14.714,68.238,35.387,211.211,54.207
2018-04-29 05:00:00,15.596,69.529,37.174,217.919,57.305
2018-04-29 06:00:00,20.154,77.821,43.691,258.456,65.576
2018-04-29 07:00:00,23.72,91.143,46.394,284.622,73.187
2018-04-29 08:00:00,23.563,96.827,54.165,311.448,73.623
2018-04-29 09:00:00,23.054,96.865,48.272,327.798,77.333
2018-04-29 10:00:00,24.436,100.721,50.858,338.169,78.787
2018-04-29 11:00:00,27.001,103.407,49.876,325.718,80.722
2018-04-29 12:00:00,22.569,97.673,48.663,317.731,74.853
2018-04-29 13:00:00,21.205,95.524,49.459,319.461,74.415
2018-04-29 14:00:00,23.615,94.361,48.467,319.692,72.974
2018-04-29 15:00:00,23.822,98.785,48.572,312.522,72.581
2018-04-29 16:00:00,23.386,110.16,52.969,329.977,70.91
2018-04-29 17:00:00,24.602,112.869,53.21,341.777,78.878
2018-04-29 18:00:00,25.13,116.506,55.011,347.393,79.908
2018-04-29 19:00:00,29.555,117.625,52.76,373.053,86.537
2018-04-29 20:00:00,27.751,113.182,52.735,364.684,87.043
2018-04-29 21:00:00,20.931,95.708,49.617,330.103,76.384
2018-04-29 22:00:00,16.919,80.495,40.907,283.095,64.26
2018-04-29 23:00:00,15.49,71.541,36.428,251.832,59.915
2018-04-30 00:00:00,15.054,69.285,34.714,245.962,54.758
2018-04-30 01:00:00,15.012,69.209,34.924,246.954,58.351
2018-04-30 02:00:00,15.05,69.673,35.438,247.681,57.235
2018-04-30 03:00:00,16.046,71.363,37.193,256.617,59.697
2018-04-30 04:00:00,17.317,80.897,42.03,286.464,71.422
2018-04-30 05:00:00,20.732,90.401,44.314,321.719,78.447
2018-04-30 06:00:00,28.936,100.136,50.114,366.484,87.144
2018-04-30 07:00:00,29.783,109.283,49.951,388.952,89.097
2018-04-30 08:00:00,25.876,114.513,55.244,401.819,91.491
2018-04-30 09:00:00,28.235,122.903,55.213,422.412,85.316
2018-04-30 10:00:00,25.936,116.95,56.396,416.699,87.434
2018-04-30 11:00:00,24.114,114.454,53.607,410.434,89.599
2018-04-30 12:00:00,22.765,112.735,50.141,397.471,84.436
2018-04-30 13:00:00,22.15,108.654,52.346,373.964,79.642
2018-04-30 14:00:00,21.508,108.6,49.415,367.333,78.042
2018-04-30 15:00:00,24.251,107.544,48.173,384.87,86.947
2018-04-30 16:00:00,28.992,111.93,52.645,395.114,89.862
2018-04-30 17:00:00,27.034,116.786,52.256,403.991,90.414
2018-04-30 18:00:00,26.283,116.872,56.563,404.274,87.726
2018-04-30 19:00:00,27.52,123.85,54.694,410.052,91.603
2018-04-30 20:00:00,27.752,123.249,55.595,401.969,88.623
2018-04-30 21:00:00,22.475,101.57,49.102,340.361,77.975
2018-04-30 22:00:00,17.245,82.178,39.748,281.825,65.853
2018-04-30 23:00:00,15.215,72.59,36.593,258.453,57.523
2018-05-01 00:00:00,15.159,68.711,34.697,240.508,56.263
2018-05-01 01:00:00,14.143,67.18,34.035,239.035,59.027
2018-05-01 02:00:00,14.099,66.135,34.327,240.234,57.655
2018-05-01 03:00:00,15.03,67.165,35.042,243.884,57.355
2018-05-01 04:00:00,17.28,77.861,37.642,271.353,64.937
2018-05-01 05:00:00,23.211,85.716,43.294,305.736,73.838
2018-05-01 06:00:00,26.88,95.217,50.523,341.435,83.379
2018-05-01 07:00:00,25.899,102.691,50.295,373.705,83.957
2018-05-01 08:00:00,22.397,107.302,50.566,387.127,82.517
2018-05-01 09:00:00,26.967,111.254,50.668,382.003,84.282
2018-05-01 10:00:00,24.636,111.715,49.969,384.51,80.664
2018-05-01 11:00:00,25.151,112.948,49.514,386.414,80.378
2018-05-01 12:00:00,23.419,107.445,45.637,372.987,76.361
2018-05-01 13:00:00,20.379,106.944,48.292,352.43,75.906
2018-05-01 14:00:00,22.239,110.402,49.081,358.023,74.121
2018-05-01 15:00:00,26.021,123.253,49.197,380.443,75.531
2018-05-01 16:00:00,27.655,128.216,51.014,404.053,78.552
2018-05-01 17:00:00,31.798,124.734,53.27,417.292,80.586
2018-05-01 18:00:00,24.556,119.604,53.037,409.065,80.117
2018-05-01 19:00:00,26.672,120.836,53.576,393.561,82.887
2018-05-01 20:00:00,26.335,114.69,52.846,369.435,82.189
2018-05-01 21:00:00,22.444,99.724,45.679,322.39,72.267
2018-05-01 22:00:00,18.08,79.949,37.897,262.227,62.901
2018-05-01 23:00:00,14.341,71.048,36.571,223.262,51.482
2018-05-02 00:00:00,12.597,63.386,30.779,209.725,47.0
2018-05-02 01:00:00,11.807,60.85,28.758,199.449,49.72
2018-05-02 02:00:00,12.156,58.784,28.302,195.054,48.645
2018-05-02 03:00:00,12.874,60.747,30.091,198.704,48.159
2018-05-02 04:00:00,14.565,65.66,33.27,223.592,55.652
2018-05-02 05:00:00,16.224,74.035,36.16,254.296,64.028
2018-05-02 06:00:00,22.156,88.252,41.311,301.001,72.167
2018-05-02 07:00:00,23.036,111.301,47.565,355.477,71.95
2018-05-02 08:00:00,27.998,128.234,50.706,419.94,79.288
2018-05-02 09:00:00,30.802,156.307,58.434,491.23,82.285
2018-05-02 10:00:00,34.873,173.654,61.819,544.743,83.134
2018-05-02 11:00:00,37.402,191.352,67.659,586.524,86.045
2018-05-02 12:00:00,40.135,198.855,68.071,624.991,79.517
2018-05-02 13:00:00,42.932,212.709,70.358,649.789,78.433
2018-05-02 14:00:00,47.249,212.77,68.045,672.455,74.967
2018-05-02 15:00:00,46.832,212.696,67.044,689.808,78.91
2018-05-02 16:00:00,47.753,208.321,67.405,677.737,80.465
2018-05-02 17:00:00,43.768,191.771,64.17,638.786,82.018
2018-05-02 18:00:00,39.503,174.926,61.496,585.847,80.083
2018-05-02 19:00:00,35.806,161.306,58.081,530.66,86.342
2018-05-02 20:00:00,32.848,140.834,53.107,480.369,86.407
2018-05-02 21:00:00,28.839,112.148,46.389,394.582,66.628
2018-05-02 22:00:00,21.521,84.561,38.177,309.628,55.744
2018-05-02 23:00:00,17.391,73.424,33.419,269.953,49.464
2018-05-03 00:00:00,15.019,68.497,29.192,245.044,44.978
2018-05-03 01:00:00,14.419,67.477,27.435,226.631,47.257
2018-05-03 02:00:00,14.73,63.591,27.75,215.054,45.256
2018-05-03 03:00:00,14.022,60.566,29.628,213.07,46.242
2018-05-03 04:00:00,14.153,66.734,32.106,238.018,52.275
2018-05-03 05:00:00,17.466,77.149,35.585,274.204,58.646
2018-05-03 06:00:00,20.517,94.366,45.124,325.229,71.649
2018-05-03 07:00:00,22.004,106.985,51.252,377.802,75.866
2018-05-03 08:00:00,23.047,114.163,51.304,454.079,74.2
2018-05-03 09:00:00,25.105,131.869,58.284,553.582,80.4
2018-05-03 10:00:00,27.216,142.581,57.529,634.059,81.632
2018-05-03 11:00:00,31.277,166.369,59.376,705.126,85.308
2018-05-03 12:00:00,44.189,212.103,59.634,742.154,78.767
2018-05-03 13:00:00,49.107,228.242,55.461,746.815,77.664
2018-05-03 14:00:00,49.983,226.87,60.626,739.037,80.881
2018-05-03 15:00:00,50.695,224.834,70.793,702.432,83.999
2018-05-03 16:00:00,50.828,217.629,71.706,642.532,85.05
2018-05-03 17:00:00,48.535,203.028,59.139,594.047,86.666
2018-05-03 18:00:00,40.14,181.003,57.285,579.886,81.942
2018-05-03 19:00:00,34.545,158.669,55.704,555.33,81.562
2018-05-03 20:00:00,33.831,147.562,59.067,520.29,77.566
2018-05-03 21:00:00,27.438,120.204,49.84,427.707,66.362
2018-05-03 22:00:00,22.166,97.238,39.679,342.595,54.31
2018-05-03 23:00:00,20.667,83.774,33.501,291.806,48.515
2018-05-04 00:00:00,19.294,78.241,31.378,265.222,44.621
2018-05-04 01:00:00,17.466,75.128,27.841,242.418,46.816
2018-05-04 02:00:00,15.806,72.566,27.545,234.818,45.975
2018-05-04 03:00:00,16.159,68.775,29.199,234.196,46.095
2018-05-04 04:00:00,15.226,69.255,32.205,257.646,51.975
2018-05-04 05:00:00,18.131,78.635,34.631,302.272,65.522
2018-05-04 06:00:00,21.498,96.294,40.738,355.892,74.937
2018-05-04 07:00:00,22.088,106.09,46.089,392.285,80.526
2018-05-04 08:00:00,22.707,112.12,47.832,433.487,81.6
2018-05-04 09:00:00,25.586,119.36,49.322,476.964,84.912
2018-05-04 10:00:00,25.538,127.331,56.927,514.984,79.985
2018-05-04 11:00:00,24.942,135.465,58.473,527.71,81.45
2018-05-04 12:00:00,27.316,137.715,50.779,553.058,77.037
2018-05-04 13:00:00,28.983,149.123,50.423,587.282,75.731
2018-05-04 14:00:00,34.063,167.337,55.006,609.999,75.13
2018-05-04 15:00:00,39.975,183.237,57.86,624.859,77.664
2018-05-04 16:00:00,41.31,186.513,55.897,615.794,80.625
2018-05-04 17:00:00,39.464,174.03,55.796,606.066,82.052
2018-05-04 18:00:00,35.226,155.002,52.925,555.576,85.028
2018-05-04 19:00:00,32.455,149.756,56.583,507.453,87.406
2018-05-04 20:00:00,30.335,133.688,58.175,461.298,81.909
2018-05-04 21:00:00,22.855,102.807,47.546,384.822,73.518
2018-05-04 22:00:00,18.391,81.323,39.053,301.859,60.494
2018-05-04 23:00:00,16.18,70.677,31.279,260.032,53.33
2018-05-05 00:00:00,15.365,66.752,28.56,240.902,48.388
2018-05-05 01:00:00,14.696,66.913,26.153,228.154,48.901
2018-05-05 02:00:00,14.665,66.776,25.787,216.986,44.139
2018-05-05 03:00:00,14.768,62.957,26.465,205.181,41.76
2018-05-05 04:00:00,14.907,61.714,28.3,210.643,43.885
2018-05-05 05:00:00,16.321,65.219,30.62,215.084,47.79
2018-05-05 06:00:00,21.499,79.705,37.219,258.586,53.368
2018-05-05 07:00:00,22.133,96.157,43.323,300.05,65.235
2018-05-05 08:00:00,24.476,109.572,46.989,331.479,76.43
2018-05-05 09:00:00,26.578,112.009,52.414,344.876,74.472
2018-05-05 10:00:00,27.511,121.165,56.383,362.894,77.278
2018-05-05 11:00:00,29.77,131.951,56.77,397.819,82.765
2018-05-05 12:00:00,31.064,141.844,59.605,398.964,83.919
2018-05-05 13:00:00,31.877,144.87,58.281,427.397,80.643
2018-05-05 14:00:00,31.939,156.343,58.98,453.012,84.226
2018-05-05 15:00:00,35.103,166.805,62.335,490.731,86.687
2018-05-05 16:00:00,36.817,167.445,61.376,505.117,82.518
2018-05-05 17:00:00,34.381,149.746,58.461,489.794,80.694
2018-05-05 18:00:00,30.512,137.422,55.893,466.424,82.958
2018-05-05 19:00:00,31.658,135.314,57.774,440.008,82.808
2018-05-05 20:00:00,28.976,133.772,59.827,411.165,80.925
2018-05-05 21:00:00,23.997,103.791,46.824,339.544,70.305
2018-05-05 22:00:00,18.36,81.807,39.726,259.15,51.909
2018-05-05 23:00:00,14.9,65.966,30.95,220.697,43.077
2018-05-06 00:00:00,12.883,60.293,29.96,199.928,39.947
2018-05-06 01:00:00,12.451,58.954,26.976,192.31,42.339
2018-05-06 02:00:00,12.319,59.426,25.905,189.903,41.542
2018-05-06 03:00:00,12.346,57.911,27.305,190.958,39.549
2018-05-06 04:00:00,12.539,60.886,29.023,195.953,41.609
2018-05-06 05:00:00,13.908,64.223,32.115,205.607,46.58
2018-05-06 06:00:00,15.991,80.704,39.179,241.807,53.226
2018-05-06 07:00:00,19.951,85.88,50.052,276.544,64.804
2018-05-06 08:00:00,22.036,100.714,51.111,295.543,73.007
2018-05-06 09:00:00,24.689,103.756,53.684,309.925,72.326
2018-05-06 10:00:00,25.314,91.884,50.167,322.504,76.928
2018-05-06 11:00:00,23.087,96.967,51.26,329.023,70.37
2018-05-06 12:00:00,21.732,99.283,47.567,329.541,69.308
2018-05-06 13:00:00,21.699,104.553,47.643,324.833,65.893
2018-05-06 14:00:00,20.86,103.373,48.12,331.959,69.169
2018-05-06 15:00:00,24.183,104.831,50.467,328.132,70.84
2018-05-06 16:00:00,23.462,103.328,52.987,339.605,76.575
2018-05-06 17:00:00,22.928,106.494,51.379,336.913,73.915
2018-05-06 18:00:00,21.574,104.784,53.002,334.453,71.632
2018-05-06 19:00:00,28.774,107.193,55.131,359.021,76.651
2018-05-06 20:00:00,25.701,106.814,53.483,350.486,77.319
2018-05-06 21:00:00,22.505,93.633,48.459,309.584,65.956
2018-05-06 22:00:00,17.58,77.25,39.416,245.826,56.824
2018-05-06 23:00:00,14.502,65.253,34.981,214.269,48.28
2018-05-07 00:00:00,12.897,64.509,31.763,207.764,44.114
2018-05-07 01:00:00,12.499,62.509,30.984,204.305,46.217
2018-05-07 02:00:00,12.665,60.747,31.002,202.594,44.081
2018-05-07 03:00:00,13.328,62.075,31.839,211.16,43.264
2018-05-07 04:00:00,14.213,65.528,34.461,229.618,50.549
2018-05-07 05:00:00,17.977,74.698,38.167,268.212,61.429
2018-05-07 06:00:00,21.192,90.109,46.048,314.364,73.949
2018-05-07 07:00:00,24.12,102.415,53.287,352.731,77.801
2018-05-07 08:00:00,22.406,106.89,51.224,368.369,82.571
2018-05-07 09:00:00,22.97,112.724,56.78,383.218,79.536
2018-05-07 10:00:00,24.103,117.443,55.031,401.058,77.844
2018-05-07 11:00:00,23.018,118.429,51.771,398.416,82.877
2018-05-07 12:00:00,23.983,120.023,49.143,400.092,81.1
2018-05-07 13:00:00,25.416,122.636,54.998,392.999,82.987
2018-05-07 14:00:00,27.116,123.792,56.408,402.152,81.664
2018-05-07 15:00:00,26.405,126.505,54.358,420.816,83.063
2018-05-07 16:00:00,29.698,130.812,57.263,440.278,88.651
2018-05-07 17:00:00,29.293,132.686,58.013,466.657,85.776
2018-05-07 18:00:00,30.681,128.701,57.78,428.468,86.745
2018-05-07 19:00:00,28.224,130.158,56.366,405.307,84.584
2018-05-07 20:00:00,26.497,117.459,54.011,382.118,78.226
2018-05-07 21:00:00,21.772,101.731,46.567,319.585,66.14
2018-05-07 22:00:00,17.598,81.166,36.915,262.219,52.621
2018-05-07 23:00:00,14.931,66.734,32.65,222.33,49.054
2018-05-08 00:00:00,13.619,60.259,30.796,210.276,46.97
2018-05-08 01:00:00,12.042,60.552,30.586,204.957,49.734
2018-05-08 02:00:00,12.005,61.408,31.529,206.525,49.478
2018-05-08 03:00:00,12.804,62.307,33.587,213.353,50.653
2018-05-08 04:00:00,15.372,64.623,37.797,233.704,55.582
2018-05-08 05:00:00,18.74,74.985,39.856,270.13,64.776
2018-05-08 06:00:00,21.055,89.043,46.287,315.189,76.33
2018-05-08 07:00:00,23.48,102.522,47.802,342.378,81.383
2018-05-08 08:00:00,22.644,111.253,50.845,368.857,85.047
2018-05-08 09:00:00,25.091,115.538,52.249,408.849,82.662
2018-05-08 10:00:00,23.925,122.69,52.793,434.221,79.955
2018-05-08 11:00:00,24.954,133.621,54.285,455.389,83.222
2018-05-08 12:00:00,26.209,129.331,51.344,458.145,83.32
2018-05-08 13:00:00,27.376,127.145,48.935,461.738,77.225
2018-05-08 14:00:00,27.556,132.72,50.265,473.552,72.021
2018-05-08 15:00:00,27.705,137.544,51.702,489.212,82.924
2018-05-08 16:00:00,29.847,138.618,55.065,504.246,89.236
2018-05-08 17:00:00,31.301,137.94,54.547,484.655,88.17
2018-05-08 18:00:00,29.415,136.72,56.315,454.076,87.341
2018-05-08 19:00:00,28.398,132.246,57.5,427.094,92.303
2018-05-08 20:00:00,25.594,117.175,56.132,401.092,81.179
2018-05-08 21:00:00,22.187,95.37,47.563,326.639,69.359
2018-05-08 22:00:00,16.671,79.891,39.194,260.621,58.434
2018-05-08 23:00:00,13.766,67.543,34.567,226.341,52.084
2018-05-09 00:00:00,12.392,65.331,32.662,209.344,47.823
2018-05-09 01:00:00,12.328,63.422,33.723,206.641,50.92
2018-05-09 02:00:00,12.333,60.504,31.358,205.672,49.258
2018-05-09 03:00:00,13.747,62.25,32.264,216.928,51.81
2018-05-09 04:00:00,14.944,67.023,36.068,242.104,55.729
2018-05-09 05:00:00,19.082,75.39,38.702,275.164,68.555
2018-05-09 06:00:00,24.023,92.563,46.654,316.53,75.895
2018-05-09 07:00:00,23.575,104.57,50.133,342.531,78.241
2018-05-09 08:00:00,21.168,108.564,50.346,372.424,81.059
2018-05-09 09:00:00,23.484,114.885,51.953,419.231,80.982
2018-05-09 10:00:00,24.53,121.484,51.424,448.814,82.453
2018-05-09 11:00:00,26.956,128.944,50.193,470.306,83.967
2018-05-09 12:00:00,25.205,122.363,48.352,477.817,79.03
2018-05-09 13:00:00,23.511,124.058,47.927,493.482,76.347
2018-05-09 14:00:00,24.214,129.144,50.547,513.661,77.155
2018-05-09 15:00:00,27.352,133.911,54.503,526.426,84.799
2018-05-09 16:00:00,30.236,131.591,56.474,514.209,85.289
2018-05-09 17:00:00,28.678,134.601,58.83,474.004,85.411
2018-05-09 18:00:00,27.284,134.978,55.498,438.432,83.911
2018-05-09 19:00:00,27.246,132.295,54.744,411.966,81.447
2018-05-09 20:00:00,25.93,120.395,53.122,380.09,84.019
2018-05-09 21:00:00,22.428,95.904,47.724,327.093,71.635
2018-05-09 22:00:00,18.309,81.632,36.767,267.279,55.133
2018-05-09 23:00:00,14.724,69.579,31.183,224.086,46.314
2018-05-10 00:00:00,13.498,63.242,29.377,206.002,44.649
2018-05-10 01:00:00,12.242,60.419,28.039,201.483,45.717
2018-05-10 02:00:00,12.584,60.254,28.102,198.953,43.484
2018-05-10 03:00:00,12.506,59.747,29.318,205.441,44.167
2018-05-10 04:00:00,13.231,64.757,31.614,224.751,49.55
2018-05-10 05:00:00,16.879,78.329,35.451,257.871,58.269
2018-05-10 06:00:00,20.191,93.349,41.402,310.145,68.64
2018-05-10 07:00:00,21.095,101.032,46.993,345.444,73.49
2018-05-10 08:00:00,20.867,104.412,49.956,374.879,76.977
2018-05-10 09:00:00,21.07,113.257,54.758,384.222,80.354
2018-05-10 10:00:00,22.175,114.078,51.777,381.417,78.419
2018-05-10 11:00:00,23.51,120.438,51.25,396.5,79.992
2018-05-10 12:00:00,24.731,122.107,49.139,415.576,77.763
2018-05-10 13:00:00,24.434,129.352,47.48,414.431,74.703
2018-05-10 14:00:00,24.021,132.103,48.623,418.103,74.483
2018-05-10 15:00:00,24.994,121.97,45.192,409.56,76.18
2018-05-10 16:00:00,24.967,122.468,47.47,409.737,79.72
2018-05-10 17:00:00,27.356,125.497,51.322,411.418,79.033
2018-05-10 18:00:00,25.384,123.145,57.472,394.771,81.059
2018-05-10 19:00:00,27.97,125.87,56.678,402.617,84.16
2018-05-10 20:00:00,26.18,116.436,51.755,382.28,80.695
2018-05-10 21:00:00,19.403,95.409,46.666,316.576,73.222
2018-05-10 22:00:00,15.188,76.244,37.394,259.018,59.369
2018-05-10 23:00:00,13.737,66.835,31.97,223.797,52.592
2018-05-11 00:00:00,12.504,61.94,29.858,205.738,48.051
2018-05-11 01:00:00,11.737,59.577,28.388,201.108,47.676
2018-05-11 02:00:00,11.779,59.03,28.448,197.314,44.874
2018-05-11 03:00:00,12.446,61.545,31.38,202.443,46.064
2018-05-11 04:00:00,13.408,64.012,32.976,220.509,50.196
2018-05-11 05:00:00,16.672,72.104,38.542,257.091,59.294
2018-05-11 06:00:00,22.163,88.129,43.134,318.783,71.565
2018-05-11 07:00:00,19.714,106.787,46.106,354.644,77.267
2018-05-11 08:00:00,22.487,113.634,50.145,381.875,78.796
2018-05-11 09:00:00,24.804,122.254,54.947,403.378,82.815
2018-05-11 10:00:00,23.702,127.855,54.955,420.183,84.46
2018-05-11 11:00:00,25.864,135.874,56.139,426.861,87.429
2018-05-11 12:00:00,26.745,141.422,59.889,421.054,86.204
2018-05-11 13:00:00,29.079,140.484,64.148,416.241,83.867
2018-05-11 14:00:00,29.219,145.168,59.113,428.373,84.403
2018-05-11 15:00:00,33.533,150.105,58.84,447.917,87.609
2018-05-11 16:00:00,32.667,142.902,57.853,466.129,90.203
2018-05-11 17:00:00,26.632,130.823,56.19,458.134,90.83
2018-05-11 18:00:00,26.947,121.89,54.903,418.727,83.08
2018-05-11 19:00:00,25.915,123.723,55.395,394.949,83.34
2018-05-11 20:00:00,25.121,114.133,55.637,373.137,81.538
2018-05-11 21:00:00,20.365,93.178,51.93,308.738,68.249
2018-05-11 22:00:00,16.158,75.239,39.371,254.382,54.547
2018-05-11 23:00:00,13.286,66.338,33.52,224.088,47.192
2018-05-12 00:00:00,12.091,60.334,29.903,212.794,42.947
2018-05-12 01:00:00,12.279,58.871,28.059,209.348,44.974
2018-05-12 02:00:00,12.842,60.13,27.517,211.38,43.51
2018-05-12 03:00:00,12.927,60.899,28.782,214.468,45.588
2018-05-12 04:00:00,13.524,61.918,30.916,219.166,46.659
2018-05-12 05:00:00,16.163,68.454,33.757,232.057,53.772
2018-05-12 06:00:00,19.756,79.216,43.949,273.042,59.459
2018-05-12 07:00:00,22.864,92.143,52.383,308.519,67.179
2018-05-12 08:00:00,26.027,105.139,50.381,338.16,74.165
2018-05-12 09:00:00,27.572,100.832,47.387,342.113,75.495
2018-05-12 10:00:00,25.255,100.662,50.996,341.096,74.858
2018-05-12 11:00:00,25.849,107.179,49.335,350.828,74.041
2018-05-12 12:00:00,25.445,102.291,52.911,347.178,73.65
2018-05-12 13:00:00,23.178,103.15,52.761,333.485,76.569
2018-05-12 14:00:00,25.127,104.767,54.394,343.912,70.936
2018-05-12 15:00:00,22.25,104.013,48.65,345.272,71.772
2018-05-12 16:00:00,22.446,107.376,47.624,356.887,82.999
2018-05-12 17:00:00,24.507,113.32,51.712,362.806,83.16
2018-05-12 18:00:00,27.845,115.348,53.223,363.309,86.805
2018-05-12 19:00:00,28.954,117.603,57.606,386.468,88.467
2018-05-12 20:00:00,25.655,113.809,54.968,381.645,85.427
2018-05-12 21:00:00,20.633,98.959,46.102,331.196,79.195
2018-05-12 22:00:00,16.028,78.814,38.867,270.362,59.327
2018-05-12 23:00:00,14.537,65.366,34.116,235.287,50.555
2018-05-13 00:00:00,13.08,63.352,30.899,219.947,46.28
2018-05-13 01:00:00,13.265,62.714,29.563,215.924,49.023
2018-05-13 02:00:00,13.611,61.915,30.242,212.372,46.214
2018-05-13 03:00:00,13.539,64.176,31.14,213.999,46.554
2018-05-13 04:00:00,14.254,68.536,32.747,223.516,49.73
2018-05-13 05:00:00,15.99,71.368,35.693,234.232,53.772
2018-05-13 06:00:00,20.888,81.493,41.437,272.374,58.348
2018-05-13 07:00:00,22.283,93.924,48.15,305.037,71.55
2018-05-13 08:00:00,23.574,100.27,49.758,324.886,78.582
2018-05-13 09:00:00,24.218,97.556,50.897,321.895,75.196
2018-05-13 10:00:00,23.048,98.531,47.331,323.584,72.992
2018-05-13 11:00:00,25.031,97.157,47.894,311.613,74.447
2018-05-13 12:00:00,22.4,97.774,49.131,314.906,71.332
2018-05-13 13:00:00,21.433,95.564,46.442,320.19,69.563
2018-05-13 14:00:00,19.593,95.271,45.364,306.193,71.648
2018-05-13 15:00:00,23.739,98.074,45.962,316.599,70.448
2018-05-13 16:00:00,25.674,106.895,50.086,333.083,72.861
2018-05-13 17:00:00,26.527,109.244,51.593,338.859,80.575
2018-05-13 18:00:00,23.991,109.189,52.188,337.098,79.029
2018-05-13 19:00:00,25.697,113.646,55.606,361.585,77.712
2018-05-13 20:00:00,27.958,108.925,53.538,353.73,83.358
2018-05-13 21:00:00,21.702,98.724,44.392,307.259,69.244
2018-05-13 22:00:00,17.696,77.985,36.487,255.117,57.926
2018-05-13 23:00:00,14.608,68.659,33.294,227.279,50.823
2018-05-14 00:00:00,13.196,63.347,32.027,219.901,47.734
2018-05-14 01:00:00,12.925,62.578,31.454,214.744,50.181
2018-05-14 02:00:00,12.77,61.193,32.004,211.673,48.081
2018-05-14 03:00:00,13.246,62.088,31.765,217.138,46.952
2018-05-14 04:00:00,14.626,68.261,36.656,237.556,53.745
2018-05-14 05:00:00,17.621,76.219,39.002,269.485,63.488
2018-05-14 06:00:00,21.413,91.271,42.833,311.649,79.863
2018-05-14 07:00:00,22.678,99.377,48.297,352.35,83.08
2018-05-14 08:00:00,22.783,106.335,50.249,369.738,84.637
2018-05-14 09:00:00,23.746,105.908,50.044,375.519,82.265
2018-05-14 10:00:00,21.533,104.269,53.227,377.67,80.711
2018-05-14 11:00:00,19.985,107.852,54.946,379.569,81.212
2018-05-14 12:00:00,20.512,106.478,50.081,378.739,78.545
2018-05-14 13:00:00,21.027,104.311,47.324,380.461,75.777
2018-05-14 14:00:00,20.46,106.371,47.354,406.821,73.894
2018-05-14 15:00:00,23.321,113.202,51.4,423.367,77.799
2018-05-14 16:00:00,26.096,123.506,54.44,434.442,81.94
2018-05-14 17:00:00,28.455,123.575,58.595,433.53,83.668
2018-05-14 18:00:00,30.784,127.328,60.727,416.51,82.75
2018-05-14 19:00:00,29.925,131.099,60.936,410.631,87.434
2018-05-14 20:00:00,25.593,119.233,56.182,385.121,84.134
2018-05-14 21:00:00,21.024,99.233,52.744,322.353,71.525
2018-05-14 22:00:00,16.53,76.958,36.111,253.933,55.688
2018-05-14 23:00:00,15.311,68.83,32.077,222.268,48.551
2018-05-15 00:00:00,13.065,64.153,29.94,207.207,46.645
2018-05-15 01:00:00,11.88,60.386,28.515,197.231,48.783
2018-05-15 02:00:00,12.079,59.069,28.729,196.31,46.775
2018-05-15 03:00:00,12.969,59.209,31.298,203.009,46.213
2018-05-15 04:00:00,13.502,62.798,36.202,221.694,51.924
2018-05-15 05:00:00,15.62,73.974,38.686,263.198,64.512
2018-05-15 06:00:00,19.962,91.333,45.54,308.368,78.151
2018-05-15 07:00:00,26.187,99.178,51.834,345.916,84.498
2018-05-15 08:00:00,21.618,108.212,52.871,379.574,87.32
2018-05-15 09:00:00,22.084,114.683,56.263,401.577,82.319
2018-05-15 10:00:00,24.251,124.706,53.537,423.317,81.149
2018-05-15 11:00:00,26.371,139.508,51.729,459.967,85.035
2018-05-15 12:00:00,30.439,144.654,49.731,457.098,77.893
2018-05-15 13:00:00,35.411,169.165,50.592,451.828,75.791
2018-05-15 14:00:00,37.845,170.555,53.45,456.664,75.592
2018-05-15 15:00:00,35.914,159.796,53.035,463.152,78.953
2018-05-15 16:00:00,33.196,151.342,53.987,470.148,78.745
2018-05-15 17:00:00,31.7,151.667,55.13,469.914,80.41
2018-05-15 18:00:00,31.13,134.696,56.101,414.21,79.771
2018-05-15 19:00:00,29.783,135.807,54.932,413.791,81.567
2018-05-15 20:00:00,28.252,120.024,55.209,392.922,78.667
2018-05-15 21:00:00,21.473,101.18,47.332,320.328,62.173
2018-05-15 22:00:00,17.648,80.719,36.741,259.628,50.124
2018-05-15 23:00:00,15.236,68.162,31.43,223.025,43.177
2018-05-16 00:00:00,13.256,61.018,28.325,205.845,41.293
2018-05-16 01:00:00,12.139,59.66,27.319,197.762,43.615
2018-05-16 02:00:00,11.808,59.401,27.082,195.304,41.877
2018-05-16 03:00:00,11.644,59.79,28.557,199.528,43.272
2018-05-16 04:00:00,13.247,62.329,32.605,221.262,48.566
2018-05-16 05:00:00,18.499,73.372,36.077,260.826,58.96
2018-05-16 06:00:00,20.515,89.987,43.477,303.523,72.374
2018-05-16 07:00:00,22.294,104.626,48.58,339.66,75.931
2018-05-16 08:00:00,23.569,112.03,47.757,368.307,76.063
2018-05-16 09:00:00,25.323,113.58,51.887,394.635,77.55
2018-05-16 10:00:00,29.588,122.119,54.339,402.448,79.964
2018-05-16 11:00:00,25.797,122.723,53.157,395.002,79.787
2018-05-16 12:00:00,23.733,119.505,49.242,389.648,76.265
2018-05-16 13:00:00,22.65,118.665,48.949,385.274,75.249
2018-05-16 14:00:00,23.66,114.817,51.107,379.16,75.069
2018-05-16 15:00:00,22.191,115.008,49.999,387.573,73.396
2018-05-16 16:00:00,21.8,116.891,48.828,387.311,77.893
2018-05-16 17:00:00,23.637,117.407,50.204,385.361,80.499
2018-05-16 18:00:00,23.865,110.496,51.667,370.222,80.392
2018-05-16 19:00:00,24.448,112.392,56.503,383.084,87.7
2018-05-16 20:00:00,26.216,119.033,53.603,374.532,84.082
2018-05-16 21:00:00,20.159,96.15,43.924,313.965,72.361
2018-05-16 22:00:00,15.656,79.947,37.583,256.268,59.961
2018-05-16 23:00:00,13.676,68.906,31.883,220.347,51.649
2018-05-17 00:00:00,12.746,60.937,29.456,205.802,48.999
2018-05-17 01:00:00,11.802,59.513,27.932,201.543,49.735
2018-05-17 02:00:00,12.645,59.349,28.908,200.592,45.937
2018-05-17 03:00:00,12.283,59.532,30.104,208.396,45.873
2018-05-17 04:00:00,13.223,61.883,31.934,220.185,50.353
2018-05-17 05:00:00,17.06,73.02,37.514,259.319,61.33
2018-05-17 06:00:00,21.009,90.328,44.816,308.839,71.485
2018-05-17 07:00:00,22.009,102.694,50.557,342.344,79.842
2018-05-17 08:00:00,22.157,103.617,49.489,359.242,82.784
2018-05-17 09:00:00,21.149,104.586,50.547,373.424,82.493
2018-05-17 10:00:00,22.057,106.407,53.851,381.728,80.418
2018-05-17 11:00:00,21.969,112.735,53.905,401.64,79.772
2018-05-17 12:00:00,22.313,111.185,50.408,397.292,75.88
2018-05-17 13:00:00,23.104,108.746,48.777,418.575,70.948
2018-05-17 14:00:00,23.671,115.935,48.056,445.642,68.442
2018-05-17 15:00:00,25.662,120.3,51.184,476.009,70.873
2018-05-17 16:00:00,26.666,128.404,54.449,480.41,75.679
2018-05-17 17:00:00,27.804,125.028,55.217,479.358,79.411
2018-05-17 18:00:00,26.114,125.327,54.027,462.369,80.326
2018-05-17 19:00:00,26.323,125.858,54.029,450.157,82.103
2018-05-17 20:00:00,27.201,118.117,54.433,424.416,77.048
2018-05-17 21:00:00,27.063,96.027,45.048,340.853,63.829
2018-05-17 22:00:00,17.859,79.533,37.881,269.531,52.175
2018-05-17 23:00:00,14.204,67.249,31.668,225.812,45.685
2018-05-18 00:00:00,12.76,60.676,27.944,206.774,42.784
2018-05-18 01:00:00,12.346,59.327,27.373,200.822,44.179
2018-05-18 02:00:00,12.324,58.925,27.732,194.567,42.544
2018-05-18 03:00:00,12.651,60.881,29.089,200.519,42.222
2018-05-18 04:00:00,13.554,63.73,30.905,217.229,48.56
2018-05-18 05:00:00,17.092,73.89,37.363,250.96,59.053
2018-05-18 06:00:00,21.513,90.766,47.044,307.947,73.295
2018-05-18 07:00:00,26.256,100.225,43.658,343.684,81.304
2018-05-18 08:00:00,27.022,105.976,47.165,368.208,82.484
2018-05-18 09:00:00,24.1,108.032,53.077,374.122,80.249
2018-05-18 10:00:00,21.925,112.367,53.956,377.516,84.932
2018-05-18 11:00:00,21.643,113.086,50.432,375.643,80.427
2018-05-18 12:00:00,21.559,104.621,51.319,368.621,82.355
2018-05-18 13:00:00,19.235,104.523,46.112,356.842,79.384
2018-05-18 14:00:00,20.128,104.155,46.738,356.117,75.011
2018-05-18 15:00:00,22.252,106.186,44.544,364.28,76.559
2018-05-18 16:00:00,25.573,112.78,45.869,372.853,81.538
2018-05-18 17:00:00,26.152,112.423,47.117,371.281,84.444
2018-05-18 18:00:00,25.171,112.519,50.491,368.434,85.556
2018-05-18 19:00:00,29.134,118.496,54.146,377.481,88.974
2018-05-18 20:00:00,26.708,118.282,54.557,368.643,81.829
2018-05-18 21:00:00,22.902,94.45,46.427,324.469,70.153
2018-05-18 22:00:00,18.004,78.944,38.705,272.79,59.393
2018-05-18 23:00:00,15.67,71.156,35.388,244.672,53.736
2018-05-19 00:00:00,14.339,67.539,31.257,232.83,49.011
2018-05-19 01:00:00,14.407,64.298,30.989,231.285,51.263
2018-05-19 02:00:00,14.308,64.684,30.754,231.137,49.583
2018-05-19 03:00:00,14.7,65.998,30.959,239.067,49.913
2018-05-19 04:00:00,14.849,68.63,32.526,239.219,54.063
2018-05-19 05:00:00,16.365,73.574,36.643,255.606,59.371
2018-05-19 06:00:00,21.373,83.465,40.127,281.169,64.143
2018-05-19 07:00:00,26.69,96.499,43.0,310.865,77.122
2018-05-19 08:00:00,23.519,105.886,46.965,331.874,81.6
2018-05-19 09:00:00,22.319,106.571,49.546,326.853,78.587
2018-05-19 10:00:00,21.776,104.259,48.567,320.13,78.243
2018-05-19 11:00:00,23.172,105.158,48.611,329.811,81.102
2018-05-19 12:00:00,21.536,107.096,47.848,328.668,78.231
2018-05-19 13:00:00,20.043,105.552,48.635,327.05,77.391
2018-05-19 14:00:00,21.954,105.339,49.854,325.461,73.203
2018-05-19 15:00:00,22.376,105.115,53.337,341.025,74.558
2018-05-19 16:00:00,25.809,106.086,54.97,344.868,80.541
2018-05-19 17:00:00,27.229,110.728,55.069,350.605,84.914
2018-05-19 18:00:00,25.539,112.638,57.817,360.517,85.679
2018-05-19 19:00:00,27.737,117.324,56.377,379.534,84.549
2018-05-19 20:00:00,32.086,110.65,59.539,374.187,79.16
2018-05-19 21:00:00,22.655,93.96,48.279,312.954,69.205
2018-05-19 22:00:00,16.875,80.119,37.747,255.962,57.58
2018-05-19 23:00:00,14.29,65.626,31.378,221.854,50.176
2018-05-20 00:00:00,12.821,60.934,29.43,203.773,46.903
2018-05-20 01:00:00,12.453,60.069,28.072,195.786,48.746
2018-05-20 02:00:00,12.118,59.432,27.145,192.207,45.564
2018-05-20 03:00:00,12.678,60.309,27.87,195.364,44.535
2018-05-20 04:00:00,13.467,61.359,28.987,198.807,46.924
2018-05-20 05:00:00,14.57,66.081,33.443,211.348,52.359
2018-05-20 06:00:00,15.799,77.073,35.868,249.08,61.593
2018-05-20 07:00:00,19.45,90.893,44.527,292.581,65.143
2018-05-20 08:00:00,20.799,97.579,47.215,311.496,70.448
2018-05-20 09:00:00,21.651,105.251,49.858,322.269,78.301
2018-05-20 10:00:00,22.697,109.215,47.677,324.796,83.283
2018-05-20 11:00:00,22.988,116.329,52.658,351.697,79.441
2018-05-20 12:00:00,26.079,124.494,50.103,376.579,76.318
2018-05-20 13:00:00,29.999,136.992,49.227,392.747,69.328
2018-05-20 14:00:00,32.947,150.647,48.973,419.689,69.867
2018-05-20 15:00:00,31.609,145.431,52.16,438.94,70.683
2018-05-20 16:00:00,29.271,144.129,54.658,444.49,73.783
2018-05-20 17:00:00,31.954,144.653,55.043,429.574,73.133
2018-05-20 18:00:00,30.324,136.207,54.252,408.716,76.186
2018-05-20 19:00:00,31.123,132.974,57.438,410.611,77.108
2018-05-20 20:00:00,26.51,129.572,59.17,387.372,75.074
2018-05-20 21:00:00,21.983,109.058,46.13,315.884,65.82
2018-05-20 22:00:00,17.132,86.44,37.927,255.383,53.544
2018-05-20 23:00:00,15.841,72.019,31.768,220.84,45.458
2018-05-21 00:00:00,13.276,63.719,29.425,206.024,42.057
2018-05-21 01:00:00,12.361,62.163,27.299,198.272,43.335
2018-05-21 02:00:00,12.154,59.439,26.835,195.246,40.504
2018-05-21 03:00:00,12.144,58.426,27.773,202.328,41.341
2018-05-21 04:00:00,13.258,60.955,30.534,216.858,45.404
2018-05-21 05:00:00,16.969,73.381,35.088,257.349,57.926
2018-05-21 06:00:00,20.947,92.006,42.089,311.824,66.625
2018-05-21 07:00:00,23.906,108.519,44.729,345.23,73.627
2018-05-21 08:00:00,23.925,113.305,49.497,384.711,82.271
2018-05-21 09:00:00,26.634,126.083,52.958,412.784,87.795
2018-05-21 10:00:00,31.274,138.832,56.582,441.379,92.988
2018-05-21 11:00:00,32.68,151.851,58.725,474.508,98.923
2018-05-21 12:00:00,32.607,149.357,59.357,489.579,98.157
2018-05-21 13:00:00,29.991,151.415,57.555,506.735,91.183
2018-05-21 14:00:00,30.884,150.468,58.568,521.202,97.611
2018-05-21 15:00:00,31.225,146.124,62.037,551.231,98.43
2018-05-21 16:00:00,33.309,155.158,62.586,555.326,103.229
2018-05-21 17:00:00,33.489,153.88,60.22,523.625,102.368
2018-05-21 18:00:00,28.259,139.592,61.867,471.682,97.388
2018-05-21 19:00:00,31.717,137.94,59.675,449.657,90.991
2018-05-21 20:00:00,27.382,125.642,57.152,403.609,86.13
2018-05-21 21:00:00,21.293,101.03,48.648,332.757,70.656
2018-05-21 22:00:00,17.265,78.728,36.29,258.948,55.258
2018-05-21 23:00:00,14.593,67.239,32.301,226.877,47.102
2018-05-22 00:00:00,13.401,60.853,30.806,210.759,42.295
2018-05-22 01:00:00,11.871,59.61,27.84,198.326,43.083
2018-05-22 02:00:00,11.711,58.578,27.851,199.095,41.278
2018-05-22 03:00:00,12.239,59.558,29.978,204.409,42.57
2018-05-22 04:00:00,13.124,61.949,32.76,220.004,48.984
2018-05-22 05:00:00,16.067,73.391,37.367,264.211,59.389
2018-05-22 06:00:00,20.795,91.165,44.186,307.113,69.619
2018-05-22 07:00:00,21.639,97.838,49.602,348.132,76.41
2018-05-22 08:00:00,24.708,111.11,49.537,377.883,76.959
2018-05-22 09:00:00,23.316,120.374,52.171,396.851,84.806
2018-05-22 10:00:00,24.407,123.697,53.482,419.753,88.534
2018-05-22 11:00:00,25.748,122.944,52.024,428.37,91.899
2018-05-22 12:00:00,24.193,115.552,51.036,415.01,89.885
2018-05-22 13:00:00,21.834,111.296,47.295,392.453,83.063
2018-05-22 14:00:00,21.717,111.633,49.299,387.559,74.663
2018-05-22 15:00:00,23.246,109.25,49.107,377.07,77.14
2018-05-22 16:00:00,25.522,108.555,47.203,377.835,79.787
2018-05-22 17:00:00,23.021,109.206,51.052,373.216,79.013
2018-05-22 18:00:00,24.201,109.197,48.886,364.122,77.63
2018-05-22 19:00:00,24.218,113.165,53.072,364.092,83.477
2018-05-22 20:00:00,24.25,112.052,52.615,369.779,84.126
2018-05-22 21:00:00,20.097,97.482,48.552,318.633,67.08
2018-05-22 22:00:00,16.068,79.36,41.911,259.067,55.468
2018-05-22 23:00:00,13.517,66.953,34.071,225.785,46.874
2018-05-23 00:00:00,12.9,61.605,29.761,210.841,42.811
2018-05-23 01:00:00,11.827,60.504,28.815,204.603,44.781
2018-05-23 02:00:00,11.94,59.867,28.87,204.129,42.452
2018-05-23 03:00:00,12.184,60.824,31.045,209.357,43.044
2018-05-23 04:00:00,13.856,63.45,32.455,222.119,47.168
2018-05-23 05:00:00,16.337,75.689,36.545,259.018,57.326
2018-05-23 06:00:00,19.424,91.914,46.695,310.427,71.582
2018-05-23 07:00:00,19.554,100.219,47.977,347.261,72.316
2018-05-23 08:00:00,20.952,109.298,49.026,379.057,75.948
2018-05-23 09:00:00,22.106,127.139,54.549,419.747,78.629
2018-05-23 10:00:00,24.122,132.677,56.96,445.922,77.281
2018-05-23 11:00:00,27.664,142.943,56.441,478.571,82.304
2018-05-23 12:00:00,29.825,154.268,58.262,504.568,78.03
2018-05-23 13:00:00,31.732,164.002,60.27,523.291,80.467
2018-05-23 14:00:00,33.646,168.406,66.123,561.398,84.453
2018-05-23 15:00:00,36.198,176.005,68.762,604.268,95.763
2018-05-23 16:00:00,39.098,181.168,68.862,623.488,101.222
2018-05-23 17:00:00,37.442,182.525,72.886,615.418,101.921
2018-05-23 18:00:00,37.948,173.082,67.953,570.346,100.777
2018-05-23 19:00:00,36.273,159.535,64.176,532.96,94.011
2018-05-23 20:00:00,32.098,147.007,61.324,473.327,82.673
2018-05-23 21:00:00,27.328,122.46,51.479,388.091,70.37
2018-05-23 22:00:00,19.299,93.175,39.57,296.232,58.033
2018-05-23 23:00:00,17.066,77.239,33.53,243.965,48.528
2018-05-24 00:00:00,14.84,66.061,30.047,215.657,42.435
2018-05-24 01:00:00,13.501,61.314,27.816,199.796,42.959
2018-05-24 02:00:00,12.953,59.756,27.439,194.77,40.458
2018-05-24 03:00:00,13.192,58.355,28.268,195.695,40.676
2018-05-24 04:00:00,14.468,60.015,30.014,211.567,44.589
2018-05-24 05:00:00,22.589,73.407,35.195,259.009,56.631
2018-05-24 06:00:00,20.926,94.925,42.792,304.796,72.689
2018-05-24 07:00:00,24.32,107.644,45.77,346.687,77.522
2018-05-24 08:00:00,26.583,117.964,51.973,387.993,82.817
2018-05-24 09:00:00,27.259,135.192,55.249,429.364,86.567
2018-05-24 10:00:00,28.956,140.6,59.026,456.515,85.981
2018-05-24 11:00:00,30.907,150.458,58.54,472.293,85.744
2018-05-24 12:00:00,29.189,154.543,54.479,480.791,88.557
2018-05-24 13:00:00,27.924,144.069,51.252,501.994,83.21
2018-05-24 14:00:00,25.716,133.608,52.381,508.956,78.802
2018-05-24 15:00:00,25.129,127.979,53.006,495.33,83.463
2018-05-24 16:00:00,27.021,127.865,54.158,470.631,86.863
2018-05-24 17:00:00,29.766,132.694,55.357,452.691,84.736
2018-05-24 18:00:00,28.616,128.023,55.132,428.662,79.966
2018-05-24 19:00:00,26.592,126.514,53.0,407.121,85.183
2018-05-24 20:00:00,24.698,114.069,52.733,385.223,82.497
2018-05-24 21:00:00,25.778,99.133,46.376,318.887,66.731
2018-05-24 22:00:00,15.888,78.104,36.21,254.163,55.555
2018-05-24 23:00:00,13.53,65.979,32.682,223.773,49.15
2018-05-25 00:00:00,12.664,62.172,30.838,209.695,44.658
2018-05-25 01:00:00,12.518,61.192,29.976,202.436,46.31
2018-05-25 02:00:00,12.163,59.938,28.951,202.934,44.012
2018-05-25 03:00:00,12.55,62.094,30.109,206.59,43.265
2018-05-25 04:00:00,13.102,63.974,31.162,223.727,47.162
2018-05-25 05:00:00,15.663,75.954,35.737,259.252,57.621
2018-05-25 06:00:00,18.99,90.813,49.351,305.638,68.279
2018-05-25 07:00:00,21.381,101.341,51.659,345.951,73.012
2018-05-25 08:00:00,28.284,117.793,53.535,401.28,79.205
2018-05-25 09:00:00,28.27,140.363,58.32,473.216,80.65
2018-05-25 10:00:00,31.765,159.545,68.263,519.749,81.727
2018-05-25 11:00:00,34.808,177.845,67.663,571.06,86.765
2018-05-25 12:00:00,39.36,193.292,67.672,602.321,84.605
2018-05-25 13:00:00,43.455,210.798,69.732,634.72,80.611
2018-05-25 14:00:00,47.729,214.066,69.806,650.37,78.238
2018-05-25 15:00:00,50.393,215.887,72.428,679.897,81.894
2018-05-25 16:00:00,47.879,216.984,73.874,681.625,84.38
2018-05-25 17:00:00,48.501,205.943,71.166,658.233,88.896
2018-05-25 18:00:00,41.203,184.158,67.474,612.917,90.441
2018-05-25 19:00:00,37.292,169.335,66.665,569.388,87.515
2018-05-25 20:00:00,33.613,148.111,63.649,507.987,86.216
2018-05-25 21:00:00,27.073,124.94,53.947,418.221,66.759
2018-05-25 22:00:00,21.246,95.293,43.918,328.867,53.715
2018-05-25 23:00:00,18.899,79.357,36.088,286.614,47.436
2018-05-26 00:00:00,17.087,70.688,29.88,247.402,41.688
2018-05-26 01:00:00,15.638,68.991,27.796,223.448,41.819
2018-05-26 02:00:00,15.424,68.123,26.706,215.051,41.388
2018-05-26 03:00:00,15.421,67.026,27.844,215.417,40.901
2018-05-26 04:00:00,15.217,66.901,29.066,220.24,42.824
2018-05-26 05:00:00,16.616,76.086,31.092,245.23,47.909
2018-05-26 06:00:00,21.585,99.741,39.522,311.068,55.787
2018-05-26 07:00:00,28.184,128.182,52.641,400.463,68.015
2018-05-26 08:00:00,34.699,155.229,67.51,499.661,78.278
2018-05-26 09:00:00,44.551,191.272,78.41,563.746,81.474
2018-05-26 10:00:00,49.631,213.084,80.864,605.429,84.841
2018-05-26 11:00:00,51.709,223.822,83.098,664.177,90.869
2018-05-26 12:00:00,49.503,227.203,87.812,683.797,91.363
2018-05-26 13:00:00,51.324,224.579,87.104,692.91,91.385
2018-05-26 14:00:00,52.301,234.104,89.038,714.961,93.652
2018-05-26 15:00:00,56.532,249.751,88.99,720.732,91.638
2018-05-26 16:00:00,55.663,246.968,86.609,724.996,91.778
2018-05-26 17:00:00,51.671,224.653,82.705,698.217,95.209
2018-05-26 18:00:00,48.89,208.446,73.882,655.936,86.156
2018-05-26 19:00:00,46.658,200.013,72.7,616.536,87.377
2018-05-26 20:00:00,40.072,178.483,68.107,540.482,85.263
2018-05-26 21:00:00,32.018,138.179,58.314,429.629,73.527
2018-05-26 22:00:00,25.657,107.606,44.602,335.302,54.906
2018-05-26 23:00:00,21.201,82.448,36.526,272.903,45.591
2018-05-27 00:00:00,17.693,71.665,32.227,237.428,41.345
2018-05-27 01:00:00,14.867,67.832,29.843,215.25,42.323
2018-05-27 02:00:00,14.838,65.951,28.641,210.64,40.212
2018-05-27 03:00:00,14.34,62.688,27.959,202.979,39.404
2018-05-27 04:00:00,13.697,64.342,28.186,197.702,42.616
2018-05-27 05:00:00,13.567,62.993,31.03,209.381,47.642
2018-05-27 06:00:00,16.847,73.994,38.205,236.99,56.397
2018-05-27 07:00:00,21.62,87.826,44.463,278.471,65.747
2018-05-27 08:00:00,20.801,93.086,47.684,305.275,67.877
2018-05-27 09:00:00,19.356,99.765,46.157,311.377,74.342
2018-05-27 10:00:00,19.636,101.875,48.284,317.005,78.427
2018-05-27 11:00:00,19.513,99.314,51.918,325.746,74.407
2018-05-27 12:00:00,19.836,96.271,51.191,322.65,73.104
2018-05-27 13:00:00,24.396,97.438,49.808,315.635,78.559
2018-05-27 14:00:00,20.901,99.863,46.252,319.31,77.624
2018-05-27 15:00:00,20.619,109.637,50.714,331.03,76.279
2018-05-27 16:00:00,22.189,110.621,51.383,345.275,75.419
2018-05-27 17:00:00,23.97,111.279,50.246,353.103,79.265
2018-05-27 18:00:00,21.357,109.267,55.402,353.723,82.162
2018-05-27 19:00:00,23.25,116.123,53.572,368.195,85.109
2018-05-27 20:00:00,24.927,115.17,53.082,354.147,80.793
2018-05-27 21:00:00,20.219,95.177,44.506,311.972,72.3
2018-05-27 22:00:00,16.594,80.248,36.357,260.816,62.091
2018-05-27 23:00:00,14.719,67.941,33.776,231.763,52.834
2018-05-28 00:00:00,13.555,66.108,33.267,224.695,49.222
2018-05-28 01:00:00,13.093,68.682,30.591,220.283,49.017
2018-05-28 02:00:00,12.963,62.65,30.269,218.1,46.594
2018-05-28 03:00:00,13.852,64.486,31.245,222.992,48.06
2018-05-28 04:00:00,15.706,69.209,33.679,233.944,54.762
2018-05-28 05:00:00,18.513,78.517,40.942,277.318,66.253
2018-05-28 06:00:00,22.376,91.671,44.951,324.71,79.617
2018-05-28 07:00:00,23.826,104.086,47.49,356.09,80.624
2018-05-28 08:00:00,24.681,107.545,48.996,377.121,80.362
2018-05-28 09:00:00,22.202,105.965,52.609,379.991,80.515
2018-05-28 10:00:00,22.431,115.406,50.591,376.958,81.301
2018-05-28 11:00:00,22.062,114.17,51.86,376.337,83.808
2018-05-28 12:00:00,21.357,106.81,49.356,363.489,77.491
2018-05-28 13:00:00,21.451,107.735,45.739,351.282,75.853
2018-05-28 14:00:00,21.682,112.567,47.96,360.991,74.193
2018-05-28 15:00:00,22.639,115.272,51.667,379.63,83.841
2018-05-28 16:00:00,25.398,126.731,59.623,402.359,92.81
2018-05-28 17:00:00,26.447,127.088,63.22,401.75,96.357
2018-05-28 18:00:00,30.133,121.973,59.8,391.903,93.882
2018-05-28 19:00:00,28.303,120.656,55.281,391.048,87.893
2018-05-28 20:00:00,27.778,111.992,54.556,375.387,81.345
2018-05-28 21:00:00,21.036,95.058,47.182,320.224,69.048
2018-05-28 22:00:00,16.479,77.955,38.984,254.966,57.31
2018-05-28 23:00:00,14.809,65.899,32.56,221.043,47.138
2018-05-29 00:00:00,12.913,60.562,29.535,204.991,41.881
2018-05-29 01:00:00,11.947,59.694,28.493,196.84,43.929
2018-05-29 02:00:00,12.595,59.978,27.548,195.798,43.078
2018-05-29 03:00:00,12.18,60.35,29.686,204.136,44.245
2018-05-29 04:00:00,13.132,60.825,32.23,221.58,48.184
2018-05-29 05:00:00,15.454,71.381,38.743,261.948,57.418
2018-05-29 06:00:00,19.017,90.221,46.463,312.649,68.575
2018-05-29 07:00:00,19.289,107.323,52.201,369.692,72.363
2018-05-29 08:00:00,25.37,124.02,50.363,422.637,75.451
2018-05-29 09:00:00,29.029,148.192,60.973,487.824,79.086
2018-05-29 10:00:00,32.61,169.121,69.962,543.614,85.222
2018-05-29 11:00:00,33.833,183.306,73.24,599.841,87.854
2018-05-29 12:00:00,37.074,196.831,80.178,637.889,91.414
2018-05-29 13:00:00,40.78,205.296,86.683,658.551,93.92
2018-05-29 14:00:00,43.349,212.281,83.868,691.828,96.182
2018-05-29 15:00:00,45.364,208.255,80.423,710.489,100.277
2018-05-29 16:00:00,45.408,196.889,83.689,685.122,108.664
2018-05-29 17:00:00,42.762,187.614,82.636,655.882,104.445
2018-05-29 18:00:00,39.511,176.649,76.658,602.137,97.309
2018-05-29 19:00:00,35.945,169.122,67.954,557.662,94.744
2018-05-29 20:00:00,34.372,154.728,59.749,510.428,87.628
2018-05-29 21:00:00,26.042,115.63,52.384,405.046,68.892
2018-05-29 22:00:00,18.936,89.458,43.264,312.675,51.105
2018-05-29 23:00:00,16.18,74.82,33.757,254.048,45.563
2018-05-30 00:00:00,14.531,65.301,29.274,228.613,41.996
2018-05-30 01:00:00,13.753,63.035,27.429,209.729,43.42
2018-05-30 02:00:00,13.872,61.121,27.171,201.667,40.45
2018-05-30 03:00:00,13.757,61.355,28.116,203.476,39.504
2018-05-30 04:00:00,13.782,63.933,30.073,222.486,46.287
2018-05-30 05:00:00,17.083,77.296,38.189,271.75,57.126
2018-05-30 06:00:00,23.399,98.886,45.498,333.956,67.142
2018-05-30 07:00:00,25.505,121.056,51.81,400.581,75.426
2018-05-30 08:00:00,28.098,138.565,57.135,463.744,83.701
2018-05-30 09:00:00,30.822,158.022,63.597,529.91,86.711
2018-05-30 10:00:00,32.404,173.95,79.788,573.975,89.797
2018-05-30 11:00:00,37.58,177.083,77.435,604.096,95.947
2018-05-30 12:00:00,37.365,180.975,72.02,625.618,89.5
2018-05-30 13:00:00,39.158,187.359,66.757,625.09,88.098
2018-05-30 14:00:00,38.403,176.443,65.797,619.155,89.971
2018-05-30 15:00:00,35.197,170.014,68.566,622.851,102.216
2018-05-30 16:00:00,34.441,168.608,69.211,625.187,109.328
2018-05-30 17:00:00,34.29,159.647,72.747,611.543,105.181
2018-05-30 18:00:00,33.009,149.407,67.015,556.497,103.383
2018-05-30 19:00:00,37.229,149.924,61.393,504.405,103.582
2018-05-30 20:00:00,30.832,135.23,54.791,452.618,86.846
2018-05-30 21:00:00,23.782,109.282,47.788,366.122,70.049
2018-05-30 22:00:00,17.803,81.323,37.956,281.16,56.142
2018-05-30 23:00:00,15.434,69.09,31.034,232.129,50.408
2018-05-31 00:00:00,13.533,62.523,29.273,206.834,42.307
2018-05-31 01:00:00,12.134,60.543,28.389,198.806,43.062
2018-05-31 02:00:00,11.869,58.87,27.674,196.863,42.08
2018-05-31 03:00:00,12.275,59.383,28.285,202.124,42.086
2018-05-31 04:00:00,13.894,61.549,31.477,215.95,46.559
2018-05-31 05:00:00,16.356,72.788,38.07,251.636,57.243
2018-05-31 06:00:00,21.653,87.962,47.574,309.636,68.31
2018-05-31 07:00:00,21.306,102.041,50.499,360.504,76.324
2018-05-31 08:00:00,22.146,112.813,50.29,412.248,77.65
2018-05-31 09:00:00,23.294,121.058,52.138,473.32,83.878
2018-05-31 10:00:00,25.862,139.232,55.461,503.526,93.325
2018-05-31 11:00:00,26.809,149.552,57.973,528.72,98.019
2018-05-31 12:00:00,28.526,150.902,62.377,543.652,95.805
2018-05-31 13:00:00,30.981,151.608,60.215,569.198,93.622
2018-05-31 14:00:00,31.904,156.482,60.697,569.271,100.998
2018-05-31 15:00:00,33.37,157.883,61.784,578.362,102.368
2018-05-31 16:00:00,35.383,161.585,64.123,602.948,101.718
2018-05-31 17:00:00,34.297,156.053,64.481,594.845,107.044
2018-05-31 18:00:00,33.788,155.105,64.536,554.746,101.401
2018-05-31 19:00:00,30.433,146.789,64.003,522.751,96.412
2018-05-31 20:00:00,29.599,139.807,60.228,474.343,86.822
2018-05-31 21:00:00,23.26,110.995,52.486,381.782,70.66
2018-05-31 22:00:00,18.068,86.05,44.967,307.723,56.437
2018-05-31 23:00:00,16.699,74.399,35.084,260.277,46.402
2018-06-01 00:00:00,14.375,65.459,30.65,233.704,42.094
2018-06-01 01:00:00,13.685,63.188,29.083,217.358,46.63
2018-06-01 02:00:00,12.811,62.467,28.072,209.511,42.153
2018-06-01 03:00:00,12.783,62.733,28.66,210.984,39.706
2018-06-01 04:00:00,13.035,62.055,31.666,221.231,44.925
2018-06-01 05:00:00,17.814,72.244,36.945,262.145,53.103
2018-06-01 06:00:00,21.159,90.211,42.55,317.366,67.279
2018-06-01 07:00:00,21.441,102.44,46.586,357.844,74.003
2018-06-01 08:00:00,20.58,108.761,49.574,394.713,76.578
2018-06-01 09:00:00,21.319,113.125,51.436,439.913,80.416
2018-06-01 10:00:00,23.514,124.531,52.12,481.312,81.583
2018-06-01 11:00:00,25.419,138.822,54.565,513.858,82.865
2018-06-01 12:00:00,26.049,135.233,53.043,517.766,76.985
2018-06-01 13:00:00,23.936,125.394,51.375,510.829,75.871
2018-06-01 14:00:00,26.751,122.793,48.229,507.588,74.252
2018-06-01 15:00:00,26.229,133.099,52.429,533.975,77.231
2018-06-01 16:00:00,28.14,141.398,55.06,561.29,78.642
2018-06-01 17:00:00,30.338,143.554,53.979,548.117,84.649
2018-06-01 18:00:00,29.314,137.199,53.955,520.62,84.625
2018-06-01 19:00:00,31.022,132.503,54.691,493.221,86.978
2018-06-01 20:00:00,28.466,122.606,51.075,455.3,76.922
2018-06-01 21:00:00,22.277,104.343,47.474,389.708,69.257
2018-06-01 22:00:00,19.449,83.288,40.948,319.185,52.503
2018-06-01 23:00:00,15.779,71.789,33.637,267.257,43.411
2018-06-02 00:00:00,14.884,65.502,30.728,244.233,39.824
2018-06-02 01:00:00,13.963,64.769,28.217,232.677,41.084
2018-06-02 02:00:00,13.952,65.18,27.284,227.168,39.465
2018-06-02 03:00:00,14.05,64.407,26.334,225.395,38.524
2018-06-02 04:00:00,13.718,62.58,27.362,230.357,39.259
2018-06-02 05:00:00,14.486,69.395,29.949,246.291,43.377
2018-06-02 06:00:00,19.49,87.326,37.718,288.665,54.727
2018-06-02 07:00:00,23.947,116.627,47.106,370.083,66.645
2018-06-02 08:00:00,35.52,153.121,59.692,463.958,77.388
2018-06-02 09:00:00,41.699,180.619,72.101,533.795,96.839
2018-06-02 10:00:00,45.215,190.989,86.282,568.977,112.365
2018-06-02 11:00:00,47.212,199.03,93.171,575.488,118.772
2018-06-02 12:00:00,43.864,201.939,91.69,587.826,119.532
2018-06-02 13:00:00,47.173,197.029,92.453,632.542,109.313
2018-06-02 14:00:00,47.868,202.098,91.706,636.837,109.871
2018-06-02 15:00:00,47.241,201.754,95.032,643.193,101.406
2018-06-02 16:00:00,47.369,197.563,88.308,634.701,99.539
2018-06-02 17:00:00,43.657,186.61,82.68,589.599,96.235
2018-06-02 18:00:00,39.313,169.158,79.619,545.985,92.36
2018-06-02 19:00:00,36.027,161.687,74.588,509.457,91.808
2018-06-02 20:00:00,31.439,143.7,68.191,470.223,85.54
2018-06-02 21:00:00,25.709,114.636,55.777,371.609,67.786
2018-06-02 22:00:00,21.123,87.872,43.663,284.435,53.475
2018-06-02 23:00:00,17.131,70.093,34.086,234.323,46.153
2018-06-03 00:00:00,13.496,61.228,29.613,207.365,43.49
2018-06-03 01:00:00,12.895,59.797,27.596,195.031,41.842
2018-06-03 02:00:00,14.098,58.695,26.522,190.033,39.548
2018-06-03 03:00:00,12.049,58.4,27.045,190.106,39.792
2018-06-03 04:00:00,11.836,60.162,28.629,191.084,41.785
2018-06-03 05:00:00,12.691,62.434,30.572,200.954,44.076
2018-06-03 06:00:00,16.285,71.902,35.149,236.847,49.271
2018-06-03 07:00:00,20.058,88.269,44.859,268.398,58.485
2018-06-03 08:00:00,20.174,91.734,49.348,307.45,66.889
2018-06-03 09:00:00,21.083,102.195,53.834,308.843,67.792
2018-06-03 10:00:00,24.137,106.503,55.894,327.025,68.364
2018-06-03 11:00:00,27.848,112.312,58.225,331.957,68.469
2018-06-03 12:00:00,23.868,107.061,53.294,341.224,70.826
2018-06-03 13:00:00,22.693,113.368,59.156,350.497,71.008
2018-06-03 14:00:00,25.923,118.69,59.1,367.588,74.67
2018-06-03 15:00:00,26.094,125.031,57.71,379.525,74.47
2018-06-03 16:00:00,28.515,130.242,61.592,392.972,77.185
2018-06-03 17:00:00,26.633,122.531,55.979,391.489,76.192
2018-06-03 18:00:00,24.198,115.095,54.491,364.262,76.741
2018-06-03 19:00:00,28.65,110.359,52.21,357.579,82.953
2018-06-03 20:00:00,25.593,101.738,48.39,336.939,77.198
2018-06-03 21:00:00,23.026,90.273,43.7,290.171,68.591
2018-06-03 22:00:00,16.415,76.486,35.935,248.059,58.423
2018-06-03 23:00:00,13.935,65.239,31.67,222.48,50.776
2018-06-04 00:00:00,12.106,64.798,30.439,214.271,51.23
2018-06-04 01:00:00,12.258,62.029,29.444,211.239,52.492
2018-06-04 02:00:00,12.712,61.21,29.114,213.181,49.123
2018-06-04 03:00:00,12.755,62.905,30.429,219.142,46.494
2018-06-04 04:00:00,14.285,64.499,31.766,230.84,52.939
2018-06-04 05:00:00,18.197,73.269,36.444,264.001,63.617
2018-06-04 06:00:00,23.653,87.452,43.176,308.533,74.295
2018-06-04 07:00:00,21.095,100.632,47.02,346.339,84.741
2018-06-04 08:00:00,24.35,106.47,52.343,381.24,85.792
2018-06-04 09:00:00,26.289,110.227,52.214,383.92,84.029
2018-06-04 10:00:00,22.24,107.552,51.415,378.251,86.293
2018-06-04 11:00:00,21.158,110.06,51.847,382.386,82.319
2018-06-04 12:00:00,20.167,105.333,50.395,372.676,77.756
2018-06-04 13:00:00,21.281,100.705,45.56,357.347,78.419
2018-06-04 14:00:00,20.874,97.335,47.047,340.47,72.132
2018-06-04 15:00:00,20.768,103.111,47.34,347.927,73.222
2018-06-04 16:00:00,21.614,107.796,48.918,356.042,77.169
2018-06-04 17:00:00,21.893,106.497,49.903,355.816,80.469
2018-06-04 18:00:00,25.165,108.005,50.323,356.686,75.574
2018-06-04 19:00:00,24.551,108.906,49.637,365.79,79.69
2018-06-04 20:00:00,23.125,105.685,49.75,359.763,75.406
2018-06-04 21:00:00,20.194,91.546,45.317,318.793,61.545
2018-06-04 22:00:00,18.186,81.231,37.521,262.698,55.351
2018-06-04 23:00:00,17.375,70.447,33.278,241.527,49.376
2018-06-05 00:00:00,15.597,64.501,31.446,219.995,46.25
2018-06-05 01:00:00,13.775,63.814,30.104,215.59,46.741
2018-06-05 02:00:00,13.254,62.472,31.163,213.32,44.936
2018-06-05 03:00:00,13.191,62.605,31.213,216.55,45.124
2018-06-05 04:00:00,13.947,64.452,31.805,228.318,49.214
2018-06-05 05:00:00,18.486,72.328,34.73,264.937,56.047
2018-06-05 06:00:00,22.14,85.808,43.018,306.091,68.513
2018-06-05 07:00:00,21.54,94.779,48.763,338.638,70.712
2018-06-05 08:00:00,23.085,103.673,48.396,355.326,74.425
2018-06-05 09:00:00,23.243,111.138,48.444,376.36,73.512
2018-06-05 10:00:00,24.786,120.283,50.959,386.991,77.864
2018-06-05 11:00:00,24.318,122.978,52.885,392.554,89.53
2018-06-05 12:00:00,25.878,122.131,54.473,380.722,77.808
2018-06-05 13:00:00,22.83,116.198,49.986,365.701,75.089
2018-06-05 14:00:00,23.458,117.783,48.174,363.255,73.178
2018-06-05 15:00:00,24.51,118.688,47.001,367.413,74.925
2018-06-05 16:00:00,22.326,110.711,53.038,365.09,80.001
2018-06-05 17:00:00,23.506,117.271,54.541,372.088,80.019
2018-06-05 18:00:00,25.095,111.137,51.013,363.402,76.619
2018-06-05 19:00:00,25.118,111.877,51.684,359.371,78.821
2018-06-05 20:00:00,23.743,107.687,48.996,348.54,77.182
2018-06-05 21:00:00,20.879,91.152,43.819,299.615,62.835
2018-06-05 22:00:00,16.57,75.128,37.461,253.106,53.017
2018-06-05 23:00:00,13.724,65.455,31.616,223.9,46.392
2018-06-06 00:00:00,13.027,61.787,28.545,208.177,41.51
2018-06-06 01:00:00,12.19,60.31,27.555,201.26,43.564
2018-06-06 02:00:00,12.383,59.415,28.321,200.273,42.78
2018-06-06 03:00:00,12.44,60.117,29.065,206.316,43.439
2018-06-06 04:00:00,14.117,62.234,31.209,217.766,47.217
2018-06-06 05:00:00,17.242,71.367,35.039,254.414,55.602
2018-06-06 06:00:00,21.298,90.245,44.191,297.613,65.808
2018-06-06 07:00:00,21.725,101.207,48.139,333.97,71.305
2018-06-06 08:00:00,21.75,103.809,48.836,355.438,74.393
2018-06-06 09:00:00,22.083,105.152,47.458,372.755,77.162
2018-06-06 10:00:00,20.422,106.559,50.999,372.093,77.711
2018-06-06 11:00:00,21.198,109.415,50.437,372.251,79.547
2018-06-06 12:00:00,19.058,106.091,50.912,365.951,77.165
2018-06-06 13:00:00,18.754,112.296,50.505,361.59,79.128
2018-06-06 14:00:00,20.625,110.241,51.709,378.673,78.037
2018-06-06 15:00:00,24.021,114.305,49.649,398.994,81.816
2018-06-06 16:00:00,25.172,118.893,54.864,401.24,88.99
2018-06-06 17:00:00,28.319,119.087,56.704,382.136,89.988
2018-06-06 18:00:00,28.538,114.747,52.467,380.81,82.826
2018-06-06 19:00:00,25.764,117.076,49.567,384.539,75.162
2018-06-06 20:00:00,23.966,107.272,49.628,358.782,77.511
2018-06-06 21:00:00,20.273,91.954,42.363,308.088,67.887
2018-06-06 22:00:00,16.808,75.637,35.367,246.636,52.9
2018-06-06 23:00:00,15.28,65.33,36.152,218.362,46.423
2018-06-07 00:00:00,12.981,60.816,30.4,206.082,42.552
2018-06-07 01:00:00,12.124,60.088,29.036,201.078,45.944
2018-06-07 02:00:00,12.046,59.301,29.397,198.408,41.499
2018-06-07 03:00:00,12.571,59.591,31.183,206.345,42.51
2018-06-07 04:00:00,13.525,62.672,31.324,215.022,47.443
2018-06-07 05:00:00,16.166,71.928,35.368,254.31,55.741
2018-06-07 06:00:00,20.951,86.477,42.332,296.515,64.835
2018-06-07 07:00:00,23.712,100.877,47.395,341.855,69.805
2018-06-07 08:00:00,21.5,102.54,51.891,365.766,72.82
2018-06-07 09:00:00,22.374,110.341,49.277,385.35,76.834
2018-06-07 10:00:00,21.847,119.4,51.643,403.767,77.594
2018-06-07 11:00:00,22.453,117.824,47.675,409.411,83.565
2018-06-07 12:00:00,23.6,115.357,47.322,416.241,76.905
2018-06-07 13:00:00,23.35,114.425,47.799,388.672,77.183
2018-06-07 14:00:00,24.327,113.956,51.88,383.991,82.591
2018-06-07 15:00:00,25.084,119.953,52.921,419.606,82.124
2018-06-07 16:00:00,26.955,126.134,52.444,432.23,84.575
2018-06-07 17:00:00,29.67,126.792,50.728,433.894,93.213
2018-06-07 18:00:00,29.004,117.889,50.934,407.451,92.053
2018-06-07 19:00:00,27.339,114.263,48.938,380.694,89.205
2018-06-07 20:00:00,24.885,116.392,50.035,362.559,75.143
2018-06-07 21:00:00,24.823,94.854,45.385,311.303,64.143
2018-06-07 22:00:00,17.408,74.359,37.696,257.392,48.837
2018-06-07 23:00:00,15.261,67.227,31.351,224.277,43.371
2018-06-08 00:00:00,13.541,63.019,29.252,206.115,41.248
2018-06-08 01:00:00,11.632,60.363,27.898,201.578,43.591
2018-06-08 02:00:00,12.688,59.069,28.272,198.953,41.485
2018-06-08 03:00:00,12.779,60.332,29.109,202.036,41.287
2018-06-08 04:00:00,13.933,61.309,30.956,214.888,45.108
2018-06-08 05:00:00,16.642,71.026,33.481,249.769,55.204
2018-06-08 06:00:00,19.315,87.631,41.222,298.293,68.481
2018-06-08 07:00:00,22.661,99.309,48.368,337.345,73.09
2018-06-08 08:00:00,23.632,111.13,47.538,373.517,75.433
2018-06-08 09:00:00,24.563,124.383,51.879,404.081,77.912
2018-06-08 10:00:00,25.675,139.003,57.226,451.308,84.552
2018-06-08 11:00:00,26.958,142.156,58.638,488.475,90.14
2018-06-08 12:00:00,29.556,146.795,58.93,525.219,85.946
2018-06-08 13:00:00,30.388,151.289,60.96,538.858,83.64
2018-06-08 14:00:00,34.437,161.932,64.045,563.561,83.801
2018-06-08 15:00:00,40.535,175.768,70.818,572.532,88.989
2018-06-08 16:00:00,42.257,185.223,71.549,580.515,93.231
2018-06-08 17:00:00,40.354,177.281,72.139,560.321,97.018
2018-06-08 18:00:00,35.355,165.234,66.374,505.795,87.365
2018-06-08 19:00:00,33.25,155.443,63.089,474.895,82.416
2018-06-08 20:00:00,35.33,144.169,60.744,436.937,80.414
2018-06-08 21:00:00,26.57,117.979,52.254,380.768,69.668
2018-06-08 22:00:00,21.438,93.75,39.394,301.125,56.311
2018-06-08 23:00:00,17.313,74.401,32.834,244.146,47.372
2018-06-09 00:00:00,15.956,65.184,29.382,213.929,41.17
2018-06-09 01:00:00,14.582,62.288,26.77,202.951,41.917
2018-06-09 02:00:00,13.789,60.948,25.365,199.987,40.007
2018-06-09 03:00:00,13.317,59.471,27.366,200.085,39.919
2018-06-09 04:00:00,13.423,57.54,27.23,198.995,40.278
2018-06-09 05:00:00,14.177,64.005,29.893,211.118,43.864
2018-06-09 06:00:00,18.348,80.465,35.521,251.631,50.129
2018-06-09 07:00:00,22.585,104.434,46.212,301.374,65.393
2018-06-09 08:00:00,27.521,126.845,55.893,370.335,80.764
2018-06-09 09:00:00,30.626,147.754,64.601,429.218,86.908
2018-06-09 10:00:00,33.416,159.444,74.381,465.269,93.358
2018-06-09 11:00:00,38.634,169.883,79.398,499.308,101.123
2018-06-09 12:00:00,39.366,179.485,75.893,521.777,103.364
2018-06-09 13:00:00,41.828,184.513,71.835,529.076,106.958
2018-06-09 14:00:00,43.223,187.712,72.089,547.381,109.238
2018-06-09 15:00:00,47.55,192.478,76.42,573.651,110.637
2018-06-09 16:00:00,44.823,192.325,79.371,566.011,115.163
2018-06-09 17:00:00,37.902,176.43,79.669,544.965,106.191
2018-06-09 18:00:00,34.322,162.715,68.92,506.272,95.018
2018-06-09 19:00:00,31.224,152.769,62.253,470.865,88.515
2018-06-09 20:00:00,30.9,140.533,60.255,427.93,84.264
2018-06-09 21:00:00,25.482,112.979,48.656,363.953,70.03
2018-06-09 22:00:00,19.342,87.129,41.072,279.914,56.739
2018-06-09 23:00:00,16.084,71.067,32.784,240.593,47.195
2018-06-10 00:00:00,14.612,64.729,29.079,211.043,42.541
2018-06-10 01:00:00,14.237,62.977,28.019,196.333,42.319
2018-06-10 02:00:00,13.992,61.786,26.5,189.903,38.923
2018-06-10 03:00:00,13.925,60.123,26.19,188.142,37.602
2018-06-10 04:00:00,12.524,59.288,27.258,187.073,38.601
2018-06-10 05:00:00,13.006,62.731,28.5,195.918,42.183
2018-06-10 06:00:00,16.178,73.288,33.803,235.972,50.198
2018-06-10 07:00:00,20.678,86.503,40.521,272.843,58.453
2018-06-10 08:00:00,25.001,102.327,47.95,307.608,71.721
2018-06-10 09:00:00,25.632,116.329,52.509,333.121,78.107
2018-06-10 10:00:00,26.338,121.039,59.468,355.783,81.853
2018-06-10 11:00:00,28.564,131.312,60.487,380.792,84.192
2018-06-10 12:00:00,29.448,139.299,62.918,399.905,87.903
2018-06-10 13:00:00,29.975,139.376,59.054,405.741,92.825
2018-06-10 14:00:00,30.755,137.472,61.333,424.125,94.486
2018-06-10 15:00:00,29.74,140.599,61.452,430.84,90.3
2018-06-10 16:00:00,30.67,141.257,60.685,429.329,86.894
2018-06-10 17:00:00,26.721,140.544,57.091,413.743,84.246
2018-06-10 18:00:00,25.382,126.6,53.547,393.324,76.769
2018-06-10 19:00:00,24.565,121.407,54.696,379.429,77.509
2018-06-10 20:00:00,24.048,113.385,51.409,346.186,77.722
2018-06-10 21:00:00,19.877,101.676,44.056,301.364,73.13
2018-06-10 22:00:00,19.291,76.151,36.017,250.453,58.565
2018-06-10 23:00:00,14.143,62.744,31.82,214.468,46.402
2018-06-11 00:00:00,12.085,60.143,28.797,203.476,42.624
2018-06-11 01:00:00,11.709,59.685,28.49,198.006,42.582
2018-06-11 02:00:00,11.75,59.063,27.501,195.26,39.96
2018-06-11 03:00:00,11.88,59.012,28.191,200.08,39.626
2018-06-11 04:00:00,12.952,61.583,29.888,212.616,45.033
2018-06-11 05:00:00,15.497,72.086,34.0,251.196,55.457
2018-06-11 06:00:00,19.327,86.771,44.46,301.341,66.738
2018-06-11 07:00:00,19.946,96.485,50.325,332.013,68.934
2018-06-11 08:00:00,20.986,101.874,48.703,354.731,73.72
2018-06-11 09:00:00,22.445,106.406,48.911,379.881,77.941
2018-06-11 10:00:00,22.613,113.933,49.567,405.966,76.026
2018-06-11 11:00:00,24.354,126.415,49.829,418.089,79.118
2018-06-11 12:00:00,25.75,123.477,51.039,423.916,76.468
2018-06-11 13:00:00,24.833,120.768,48.924,420.235,72.634
2018-06-11 14:00:00,24.287,116.726,51.615,429.996,72.709
2018-06-11 15:00:00,25.772,120.344,59.495,456.369,75.184
2018-06-11 16:00:00,25.935,124.785,53.047,465.198,78.644
2018-06-11 17:00:00,26.985,126.724,55.849,444.993,84.636
2018-06-11 18:00:00,25.411,117.499,54.003,422.528,77.963
2018-06-11 19:00:00,26.306,116.119,51.552,395.177,78.85
2018-06-11 20:00:00,25.598,114.942,51.447,377.47,75.513
2018-06-11 21:00:00,21.155,98.935,44.372,320.055,66.102
2018-06-11 22:00:00,15.711,78.272,35.965,261.905,52.927
2018-06-11 23:00:00,13.953,66.959,30.155,223.036,45.699
2018-06-12 00:00:00,12.087,63.605,28.602,212.768,41.665
2018-06-12 01:00:00,12.089,61.723,27.719,204.441,43.415
2018-06-12 02:00:00,12.365,60.803,27.371,201.319,41.361
2018-06-12 03:00:00,12.452,61.138,28.963,210.981,41.86
2018-06-12 04:00:00,13.511,62.111,30.607,222.642,48.246
2018-06-12 05:00:00,16.378,69.545,38.249,256.823,56.719
2018-06-12 06:00:00,20.717,85.818,44.436,300.36,68.34
2018-06-12 07:00:00,20.54,105.8,45.783,340.833,81.177
2018-06-12 08:00:00,21.099,113.339,47.956,373.742,81.851
2018-06-12 09:00:00,22.401,121.399,55.009,398.141,80.885
2018-06-12 10:00:00,27.013,126.56,54.371,424.029,83.037
2018-06-12 11:00:00,28.371,134.685,55.468,454.764,86.358
2018-06-12 12:00:00,28.759,147.958,53.333,480.26,81.348
2018-06-12 13:00:00,28.299,147.357,57.94,483.72,82.772
2018-06-12 14:00:00,30.537,151.67,54.412,491.624,85.524
2018-06-12 15:00:00,31.836,154.645,59.109,510.736,94.303
2018-06-12 16:00:00,36.255,155.827,60.079,528.726,92.95
2018-06-12 17:00:00,34.721,150.846,61.867,515.422,92.04
2018-06-12 18:00:00,32.578,141.464,60.666,473.145,90.251
2018-06-12 19:00:00,30.584,133.693,56.574,430.962,84.236
2018-06-12 20:00:00,26.335,121.277,52.613,391.961,79.167
2018-06-12 21:00:00,19.937,101.846,45.92,329.964,65.385
2018-06-12 22:00:00,16.443,79.069,40.208,259.898,53.511
2018-06-12 23:00:00,15.192,69.07,33.124,219.68,44.842
2018-06-13 00:00:00,13.433,61.57,29.457,203.691,43.144
2018-06-13 01:00:00,11.745,59.333,27.8,197.65,42.264
2018-06-13 02:00:00,11.817,58.395,27.691,194.179,40.377
2018-06-13 03:00:00,12.755,59.464,29.007,198.562,39.786
2018-06-13 04:00:00,12.882,59.481,31.28,217.328,44.821
2018-06-13 05:00:00,16.505,68.544,35.156,257.171,54.129
2018-06-13 06:00:00,20.054,87.709,43.816,311.08,67.636
2018-06-13 07:00:00,21.77,107.132,47.107,347.0,71.802
2018-06-13 08:00:00,23.753,111.981,48.824,381.082,78.519
2018-06-13 09:00:00,23.098,122.79,48.63,407.517,74.942
2018-06-13 10:00:00,24.811,126.586,50.942,424.05,76.541
2018-06-13 11:00:00,26.559,137.212,50.049,452.564,80.497
2018-06-13 12:00:00,26.169,131.661,49.087,462.375,71.516
2018-06-13 13:00:00,26.001,121.706,48.738,440.405,69.294
2018-06-13 14:00:00,23.131,123.862,48.3,418.475,69.529
2018-06-13 15:00:00,23.198,126.8,54.057,417.557,72.157
2018-06-13 16:00:00,26.536,133.826,53.235,445.627,74.872
2018-06-13 17:00:00,29.026,133.115,53.494,448.992,76.667
2018-06-13 18:00:00,28.86,130.504,51.704,427.811,75.032
2018-06-13 19:00:00,28.54,131.575,55.858,415.798,79.562
2018-06-13 20:00:00,28.037,124.151,54.762,407.874,72.291
2018-06-13 21:00:00,23.892,105.19,47.215,352.14,59.673
2018-06-13 22:00:00,18.79,87.342,40.244,285.477,52.506
2018-06-13 23:00:00,16.589,74.057,32.449,245.465,46.32
2018-06-14 00:00:00,14.93,68.988,31.196,228.678,42.341
2018-06-14 01:00:00,14.449,67.431,28.727,220.885,44.131
2018-06-14 02:00:00,14.447,67.774,28.866,215.293,40.388
2018-06-14 03:00:00,14.204,65.787,29.053,214.393,39.034
2018-06-14 04:00:00,16.13,67.628,29.951,225.601,42.851
2018-06-14 05:00:00,22.023,84.718,36.298,267.48,55.182
2018-06-14 06:00:00,26.682,115.223,45.309,340.14,70.817
2018-06-14 07:00:00,29.999,134.008,54.781,404.723,79.713
2018-06-14 08:00:00,36.203,151.706,61.104,463.984,91.0
2018-06-14 09:00:00,33.726,175.338,67.943,510.59,94.881
2018-06-14 10:00:00,38.146,186.251,73.683,546.187,102.629
2018-06-14 11:00:00,38.478,195.207,77.713,570.825,113.529
2018-06-14 12:00:00,40.316,194.32,82.775,585.839,106.109
2018-06-14 13:00:00,40.237,197.527,85.281,581.682,107.716
2018-06-14 14:00:00,42.117,192.697,85.08,568.6,107.855
2018-06-14 15:00:00,39.668,180.876,87.071,562.162,117.612
2018-06-14 16:00:00,39.596,173.444,82.933,550.016,114.322
2018-06-14 17:00:00,36.242,166.496,75.611,505.28,103.818
2018-06-14 18:00:00,33.428,155.655,69.618,463.431,100.497
2018-06-14 19:00:00,30.81,149.71,63.293,433.878,92.801
2018-06-14 20:00:00,30.63,136.546,60.613,418.61,84.348
2018-06-14 21:00:00,25.875,113.26,54.428,348.548,74.58
2018-06-14 22:00:00,21.12,87.974,44.021,283.258,55.37
2018-06-14 23:00:00,16.693,71.438,34.775,236.348,46.731
2018-06-15 00:00:00,14.868,62.89,30.102,216.874,42.314
2018-06-15 01:00:00,13.042,62.062,28.195,203.612,43.148
2018-06-15 02:00:00,12.456,60.457,28.315,197.766,39.891
2018-06-15 03:00:00,12.639,59.706,29.954,202.353,39.811
2018-06-15 04:00:00,13.115,59.6,31.749,213.09,44.119
2018-06-15 05:00:00,15.408,69.536,36.11,249.649,54.22
2018-06-15 06:00:00,18.566,86.402,41.79,297.45,66.253
2018-06-15 07:00:00,20.388,94.081,46.99,334.346,69.997
2018-06-15 08:00:00,19.423,103.674,46.939,354.015,75.239
2018-06-15 09:00:00,20.299,105.403,46.794,364.957,76.424
2018-06-15 10:00:00,20.19,103.387,50.96,375.462,78.415
2018-06-15 11:00:00,20.035,111.852,48.208,382.622,79.924
2018-06-15 12:00:00,21.45,115.877,50.196,373.577,74.24
2018-06-15 13:00:00,22.528,109.166,48.136,353.861,73.878
2018-06-15 14:00:00,21.96,111.566,46.759,362.347,73.841
2018-06-15 15:00:00,25.094,119.933,47.981,380.018,77.239
2018-06-15 16:00:00,25.609,116.936,50.523,378.579,80.489
2018-06-15 17:00:00,24.944,116.721,53.975,394.209,78.789
2018-06-15 18:00:00,26.522,118.128,54.158,394.944,77.85
2018-06-15 19:00:00,24.831,114.976,53.206,381.724,78.229
2018-06-15 20:00:00,26.488,112.274,50.115,363.245,73.616
2018-06-15 21:00:00,24.083,94.861,51.362,303.321,66.682
2018-06-15 22:00:00,15.822,78.009,38.659,249.459,55.453
2018-06-15 23:00:00,14.318,70.347,30.889,215.666,45.908
2018-06-16 00:00:00,12.614,59.334,27.922,205.531,40.722
2018-06-16 01:00:00,11.804,58.584,28.069,198.645,42.733
2018-06-16 02:00:00,12.143,58.143,25.808,198.571,41.116
2018-06-16 03:00:00,12.732,59.549,26.774,201.7,42.675
2018-06-16 04:00:00,12.706,58.196,26.636,200.995,41.577
2018-06-16 05:00:00,13.925,62.013,29.26,212.021,44.288
2018-06-16 06:00:00,16.24,73.278,35.752,245.529,51.331
2018-06-16 07:00:00,20.315,93.711,43.33,297.984,62.7
2018-06-16 08:00:00,26.74,115.808,55.538,357.213,73.142
2018-06-16 09:00:00,31.426,137.344,64.084,410.103,84.241
2018-06-16 10:00:00,34.578,157.234,69.527,469.748,91.892
2018-06-16 11:00:00,36.143,171.316,77.812,496.192,96.536
2018-06-16 12:00:00,39.09,175.472,76.971,514.963,99.525
2018-06-16 13:00:00,39.915,183.318,85.62,551.426,103.257
2018-06-16 14:00:00,47.245,201.097,89.179,564.111,115.416
2018-06-16 15:00:00,50.412,207.294,95.375,582.481,117.094
2018-06-16 16:00:00,48.912,213.333,86.704,588.569,117.499
2018-06-16 17:00:00,44.536,201.14,83.271,572.897,110.381
2018-06-16 18:00:00,39.427,187.4,80.244,569.263,99.668
2018-06-16 19:00:00,37.532,175.472,74.235,535.31,95.895
2018-06-16 20:00:00,33.912,155.928,68.964,477.152,89.076
2018-06-16 21:00:00,27.539,124.867,56.973,382.364,68.778
2018-06-16 22:00:00,22.393,95.936,42.626,298.361,55.846
2018-06-16 23:00:00,17.772,75.673,33.648,244.643,47.081
2018-06-17 00:00:00,15.153,66.685,29.566,211.721,42.985
2018-06-17 01:00:00,13.935,63.924,29.493,197.56,42.31
2018-06-17 02:00:00,13.558,63.314,27.493,190.999,39.203
2018-06-17 03:00:00,13.255,60.688,27.06,190.594,37.933
2018-06-17 04:00:00,13.134,61.478,28.512,188.781,38.944
2018-06-17 05:00:00,15.644,66.341,30.539,200.706,44.222
2018-06-17 06:00:00,20.004,80.656,39.698,248.039,52.562
2018-06-17 07:00:00,23.553,106.521,52.725,316.786,74.337
2018-06-17 08:00:00,29.806,133.188,65.49,388.207,94.409
2018-06-17 09:00:00,34.963,160.694,76.312,459.084,108.796
2018-06-17 10:00:00,38.189,175.646,83.897,505.573,117.198
2018-06-17 11:00:00,40.624,186.745,85.323,551.087,127.071
2018-06-17 12:00:00,43.365,199.514,90.352,586.313,125.116
2018-06-17 13:00:00,45.66,201.795,90.556,607.422,119.108
2018-06-17 14:00:00,47.065,202.318,84.915,623.609,122.931
2018-06-17 15:00:00,47.821,206.714,85.886,645.227,125.034
2018-06-17 16:00:00,46.958,206.774,87.643,651.765,123.118
2018-06-17 17:00:00,47.574,207.754,84.156,630.769,121.803
2018-06-17 18:00:00,41.555,191.613,76.619,603.899,118.776
2018-06-17 19:00:00,37.744,168.954,69.074,548.557,106.863
2018-06-17 20:00:00,35.051,152.393,63.186,502.367,98.731
2018-06-17 21:00:00,30.189,122.799,51.568,422.361,86.376
2018-06-17 22:00:00,22.162,97.793,42.046,332.377,63.796
2018-06-17 23:00:00,18.091,76.893,35.76,269.715,52.463
2018-06-18 00:00:00,15.329,66.687,31.479,242.783,47.219
2018-06-18 01:00:00,14.083,64.089,30.29,221.923,44.268
2018-06-18 02:00:00,13.801,62.186,29.026,211.523,40.666
2018-06-18 03:00:00,13.042,62.621,29.565,212.478,40.603
2018-06-18 04:00:00,13.695,64.722,31.613,228.794,44.272
2018-06-18 05:00:00,17.343,78.75,36.959,274.882,54.271
2018-06-18 06:00:00,21.289,102.326,45.852,341.37,69.779
2018-06-18 07:00:00,27.65,126.661,48.554,406.507,80.372
2018-06-18 08:00:00,29.345,152.207,56.72,483.249,87.239
2018-06-18 09:00:00,35.004,177.36,61.386,555.312,97.796
2018-06-18 10:00:00,41.911,196.574,66.068,622.34,102.244
2018-06-18 11:00:00,42.879,204.52,69.494,646.638,114.244
2018-06-18 12:00:00,45.672,218.572,74.178,674.217,111.069
2018-06-18 13:00:00,48.985,229.255,75.065,696.706,106.826
2018-06-18 14:00:00,49.83,224.036,74.085,706.058,105.596
2018-06-18 15:00:00,48.916,219.85,72.644,712.974,108.021
2018-06-18 16:00:00,51.443,215.705,75.459,714.726,109.196
2018-06-18 17:00:00,47.481,203.194,76.376,659.118,105.169
2018-06-18 18:00:00,41.79,186.36,69.01,601.935,96.175
2018-06-18 19:00:00,40.913,171.054,66.687,553.05,89.896
2018-06-18 20:00:00,39.098,152.517,59.864,508.051,85.395
2018-06-18 21:00:00,28.835,124.155,54.691,424.435,71.193
2018-06-18 22:00:00,23.847,98.523,44.482,336.697,55.49
2018-06-18 23:00:00,22.524,84.281,39.05,290.591,48.475
2018-06-19 00:00:00,20.16,77.114,35.003,262.127,43.204
2018-06-19 01:00:00,18.098,73.459,32.279,247.473,42.873
2018-06-19 02:00:00,15.994,72.831,29.404,239.748,40.705
2018-06-19 03:00:00,15.929,72.033,29.583,239.445,40.663
2018-06-19 04:00:00,16.915,77.147,31.587,264.892,45.622
2018-06-19 05:00:00,21.239,94.337,37.844,316.48,58.429
2018-06-19 06:00:00,26.832,125.24,49.296,387.594,72.672
2018-06-19 07:00:00,32.447,149.83,63.597,460.943,88.177
2018-06-19 08:00:00,35.336,177.382,67.604,526.575,103.764
2018-06-19 09:00:00,38.605,195.131,78.188,592.918,112.174
2018-06-19 10:00:00,44.552,205.018,85.234,636.001,125.803
2018-06-19 11:00:00,45.117,212.224,90.198,658.242,133.785
2018-06-19 12:00:00,45.423,211.713,89.955,662.714,129.227
2018-06-19 13:00:00,49.22,211.333,93.721,651.056,136.888
2018-06-19 14:00:00,50.698,217.13,95.813,649.299,136.956
2018-06-19 15:00:00,52.889,219.145,99.598,662.12,143.816
2018-06-19 16:00:00,51.07,219.685,101.498,671.549,153.162
2018-06-19 17:00:00,49.377,215.221,102.235,662.836,146.26
2018-06-19 18:00:00,45.122,204.046,91.583,626.862,138.027
2018-06-19 19:00:00,46.689,189.094,83.156,564.924,128.543
2018-06-19 20:00:00,41.895,172.445,76.303,488.543,110.845
2018-06-19 21:00:00,34.916,139.353,62.268,408.907,91.382
2018-06-19 22:00:00,26.925,110.602,51.885,324.785,71.815
2018-06-19 23:00:00,20.634,84.278,40.985,256.537,56.347
2018-06-20 00:00:00,17.042,70.96,35.778,224.347,47.435
2018-06-20 01:00:00,14.562,66.567,31.409,203.287,46.643
2018-06-20 02:00:00,13.941,64.015,29.95,199.029,42.357
2018-06-20 03:00:00,13.244,61.426,29.138,201.184,41.558
2018-06-20 04:00:00,13.58,61.284,30.192,214.377,45.042
2018-06-20 05:00:00,17.069,75.187,36.251,253.314,56.151
2018-06-20 06:00:00,21.447,96.762,47.292,309.187,66.326
2018-06-20 07:00:00,25.918,113.306,52.875,367.082,73.793
2018-06-20 08:00:00,28.149,132.917,59.441,425.58,81.629
2018-06-20 09:00:00,30.011,150.445,65.794,477.587,90.84
2018-06-20 10:00:00,35.467,168.019,72.788,528.928,98.108
2018-06-20 11:00:00,36.565,181.317,74.551,561.422,111.671
2018-06-20 12:00:00,36.665,186.088,75.575,575.6,109.863
2018-06-20 13:00:00,37.843,185.711,74.518,582.258,109.724
2018-06-20 14:00:00,41.541,194.468,77.451,601.236,110.885
2018-06-20 15:00:00,48.772,205.862,83.17,625.339,118.989
2018-06-20 16:00:00,47.923,204.681,78.97,624.219,120.698
2018-06-20 17:00:00,46.937,186.857,73.157,586.63,116.109
2018-06-20 18:00:00,36.178,170.858,70.173,532.923,112.958
2018-06-20 19:00:00,38.209,161.454,65.507,485.2,100.223
2018-06-20 20:00:00,36.043,154.821,59.285,456.74,87.869
2018-06-20 21:00:00,34.381,127.632,52.0,388.327,75.203
2018-06-20 22:00:00,25.479,99.756,43.423,315.378,61.627
2018-06-20 23:00:00,20.557,83.734,35.345,264.947,52.929
2018-06-21 00:00:00,18.556,74.732,32.273,235.656,47.315
2018-06-21 01:00:00,16.682,70.81,30.479,217.393,47.26
2018-06-21 02:00:00,15.643,69.111,29.885,210.646,41.531
2018-06-21 03:00:00,15.796,67.081,29.947,211.978,41.317
2018-06-21 04:00:00,16.544,68.317,31.641,227.404,46.307
2018-06-21 05:00:00,18.951,78.509,38.38,273.475,57.084
2018-06-21 06:00:00,24.994,99.458,46.731,339.964,69.094
2018-06-21 07:00:00,31.711,120.048,49.586,417.738,71.188
2018-06-21 08:00:00,29.472,137.637,50.631,489.492,74.912
2018-06-21 09:00:00,29.407,149.936,54.534,546.106,76.467
2018-06-21 10:00:00,33.544,162.54,59.548,588.001,82.79
2018-06-21 11:00:00,35.415,174.861,67.211,612.741,91.917
2018-06-21 12:00:00,37.096,178.623,67.579,633.087,96.307
2018-06-21 13:00:00,39.621,188.511,68.867,638.696,100.836
2018-06-21 14:00:00,44.739,196.431,71.711,651.985,106.805
2018-06-21 15:00:00,45.667,197.124,73.455,642.684,107.935
2018-06-21 16:00:00,40.611,186.765,77.998,612.517,113.519
2018-06-21 17:00:00,38.97,173.246,76.752,560.069,110.051
2018-06-21 18:00:00,36.722,163.882,70.915,518.714,100.599
2018-06-21 19:00:00,35.667,153.867,68.602,488.855,99.286
2018-06-21 20:00:00,32.479,146.915,60.515,446.584,91.818
2018-06-21 21:00:00,26.036,118.468,48.171,363.7,76.592
2018-06-21 22:00:00,20.744,92.298,41.7,280.769,58.157
2018-06-21 23:00:00,17.106,74.735,35.884,234.463,49.516
2018-06-22 00:00:00,15.762,66.992,31.942,211.657,43.237
2018-06-22 01:00:00,13.649,64.816,29.952,201.557,43.619
2018-06-22 02:00:00,13.042,61.95,28.093,196.904,40.677
2018-06-22 03:00:00,12.907,60.599,28.609,198.568,40.43
2018-06-22 04:00:00,13.507,65.96,30.504,208.653,44.667
2018-06-22 05:00:00,17.422,75.116,36.245,250.286,57.259
2018-06-22 06:00:00,21.507,93.277,46.373,305.106,69.697
2018-06-22 07:00:00,23.27,108.539,50.76,357.774,80.226
2018-06-22 08:00:00,25.78,121.739,55.52,420.367,81.114
2018-06-22 09:00:00,28.887,141.947,62.796,450.181,89.142
2018-06-22 10:00:00,31.647,154.144,73.109,497.492,91.372
2018-06-22 11:00:00,32.72,173.034,74.406,532.879,95.581
2018-06-22 12:00:00,35.425,177.844,70.548,562.815,95.928
2018-06-22 13:00:00,36.581,174.997,66.491,587.017,92.987
2018-06-22 14:00:00,35.633,165.097,63.622,577.97,95.559
2018-06-22 15:00:00,34.398,156.802,62.995,566.919,97.306
2018-06-22 16:00:00,28.864,140.494,61.335,526.733,94.045
2018-06-22 17:00:00,28.983,131.814,56.121,498.943,94.738
2018-06-22 18:00:00,29.078,130.459,54.275,435.045,91.712
2018-06-22 19:00:00,29.2,127.189,53.59,409.542,87.78
2018-06-22 20:00:00,27.816,117.061,55.015,392.815,81.171
2018-06-22 21:00:00,24.397,99.761,47.305,318.792,64.322
2018-06-22 22:00:00,18.399,79.618,39.189,256.677,53.814
2018-06-22 23:00:00,14.938,67.109,33.749,225.366,47.787
2018-06-23 00:00:00,13.581,61.481,29.766,211.466,42.628
2018-06-23 01:00:00,12.892,60.484,26.282,200.781,41.504
2018-06-23 02:00:00,13.018,59.521,25.543,196.424,39.258
2018-06-23 03:00:00,13.248,58.491,26.49,196.896,39.825
2018-06-23 04:00:00,12.036,56.766,29.095,196.844,40.152
2018-06-23 05:00:00,13.985,60.839,30.612,209.655,42.643
2018-06-23 06:00:00,16.52,74.86,34.688,239.868,54.108
2018-06-23 07:00:00,20.194,90.083,41.025,276.758,64.248
2018-06-23 08:00:00,24.494,94.73,45.031,314.375,72.714
2018-06-23 09:00:00,22.101,97.83,54.84,338.825,73.638
2018-06-23 10:00:00,21.479,99.066,51.473,328.087,67.785
2018-06-23 11:00:00,23.94,102.21,46.725,340.345,73.427
2018-06-23 12:00:00,25.407,103.395,46.686,332.224,70.55
2018-06-23 13:00:00,22.691,102.345,44.685,315.012,74.545
2018-06-23 14:00:00,22.956,106.631,50.494,322.558,73.007
2018-06-23 15:00:00,24.448,102.758,50.232,329.598,78.104
2018-06-23 16:00:00,25.545,107.793,48.8,342.336,75.955
2018-06-23 17:00:00,21.768,109.462,50.131,340.71,73.886
2018-06-23 18:00:00,21.341,110.396,49.46,343.445,75.533
2018-06-23 19:00:00,22.745,109.12,51.156,358.439,83.493
2018-06-23 20:00:00,23.463,110.305,50.089,353.929,82.635
2018-06-23 21:00:00,20.063,96.246,42.831,308.306,67.591
2018-06-23 22:00:00,16.698,75.716,36.426,259.468,54.696
2018-06-23 23:00:00,15.692,63.99,30.435,226.307,48.137
2018-06-24 00:00:00,12.671,59.736,29.261,202.693,44.115
2018-06-24 01:00:00,11.974,59.496,28.357,195.675,42.599
2018-06-24 02:00:00,12.324,58.946,27.41,190.769,39.491
2018-06-24 03:00:00,12.332,60.449,27.827,191.562,38.973
2018-06-24 04:00:00,12.396,61.147,28.286,192.328,40.499
2018-06-24 05:00:00,13.586,62.161,29.89,201.243,43.814
2018-06-24 06:00:00,17.998,74.916,34.784,235.873,50.135
2018-06-24 07:00:00,19.827,89.997,42.067,265.331,58.754
2018-06-24 08:00:00,20.972,95.82,47.573,295.168,67.156
2018-06-24 09:00:00,24.853,110.056,52.566,324.415,68.153
2018-06-24 10:00:00,27.217,122.551,54.454,362.45,76.221
2018-06-24 11:00:00,31.008,132.692,55.784,390.668,81.941
2018-06-24 12:00:00,34.05,139.634,59.819,439.729,81.873
2018-06-24 13:00:00,35.668,153.33,57.26,459.891,83.917
2018-06-24 14:00:00,38.006,161.369,57.042,486.442,85.424
2018-06-24 15:00:00,34.085,161.51,63.451,524.879,84.819
2018-06-24 16:00:00,35.454,165.99,69.829,518.796,85.918
2018-06-24 17:00:00,34.66,160.02,63.418,507.427,85.765
2018-06-24 18:00:00,32.813,144.424,59.567,483.502,84.716
2018-06-24 19:00:00,31.859,136.301,60.19,448.915,82.597
2018-06-24 20:00:00,28.572,132.048,57.267,423.053,84.598
2018-06-24 21:00:00,25.315,114.726,49.406,368.228,74.215
2018-06-24 22:00:00,20.257,91.54,38.696,311.233,60.37
2018-06-24 23:00:00,16.566,72.931,35.78,257.441,49.604
2018-06-25 00:00:00,14.839,67.5,31.544,234.354,46.648
2018-06-25 01:00:00,14.169,66.148,29.536,217.819,44.064
2018-06-25 02:00:00,14.238,66.583,29.115,211.812,40.951
2018-06-25 03:00:00,14.815,64.992,29.621,211.232,41.919
2018-06-25 04:00:00,14.067,65.468,31.352,222.287,48.736
2018-06-25 05:00:00,16.604,79.841,42.284,273.721,56.616
2018-06-25 06:00:00,23.15,100.388,50.154,334.52,70.513
2018-06-25 07:00:00,25.583,122.533,53.22,397.133,84.481
2018-06-25 08:00:00,28.183,134.804,60.677,432.493,97.264
2018-06-25 09:00:00,28.849,145.132,63.918,474.327,106.035
2018-06-25 10:00:00,31.712,158.163,66.739,496.996,112.985
2018-06-25 11:00:00,37.909,173.975,72.798,523.218,115.897
2018-06-25 12:00:00,39.603,180.103,70.618,538.754,113.905
2018-06-25 13:00:00,38.201,176.332,67.852,540.042,118.498
2018-06-25 14:00:00,37.047,175.705,71.128,542.886,115.329
2018-06-25 15:00:00,39.109,185.486,79.704,552.9,110.885
2018-06-25 16:00:00,40.556,184.892,79.369,555.689,113.396
2018-06-25 17:00:00,41.341,176.238,79.001,530.537,114.996
2018-06-25 18:00:00,33.712,157.802,73.225,508.552,108.612
2018-06-25 19:00:00,31.047,148.611,69.073,462.234,99.092
2018-06-25 20:00:00,29.994,134.394,62.775,420.356,91.99
2018-06-25 21:00:00,22.648,107.079,51.325,332.786,75.582
2018-06-25 22:00:00,17.988,85.646,37.115,260.394,57.135
2018-06-25 23:00:00,16.066,70.452,30.643,221.296,47.808
2018-06-26 00:00:00,13.648,63.382,28.817,202.943,42.281
2018-06-26 01:00:00,12.142,61.003,27.844,196.739,41.97
2018-06-26 02:00:00,12.412,58.395,27.591,196.376,38.991
2018-06-26 03:00:00,12.045,59.127,28.349,203.264,42.907
2018-06-26 04:00:00,12.668,59.358,30.868,210.992,44.908
2018-06-26 05:00:00,15.012,70.226,35.728,248.528,55.735
2018-06-26 06:00:00,20.572,88.849,45.153,296.311,71.131
2018-06-26 07:00:00,22.574,111.415,55.805,343.992,80.245
2018-06-26 08:00:00,29.178,126.343,59.044,394.707,83.043
2018-06-26 09:00:00,29.147,139.962,63.004,447.935,92.595
2018-06-26 10:00:00,29.184,152.281,66.097,476.369,103.683
2018-06-26 11:00:00,31.553,161.02,64.688,504.182,105.58
2018-06-26 12:00:00,34.424,165.045,66.437,521.669,103.834
2018-06-26 13:00:00,36.553,176.467,71.353,522.162,106.585
2018-06-26 14:00:00,38.752,176.152,71.809,541.224,110.133
2018-06-26 15:00:00,38.577,180.074,75.525,569.159,111.836
2018-06-26 16:00:00,40.835,184.224,78.298,586.188,114.562
2018-06-26 17:00:00,38.668,174.131,76.92,571.848,118.314
2018-06-26 18:00:00,38.114,161.977,71.198,545.22,107.932
2018-06-26 19:00:00,34.036,147.605,63.558,490.465,98.449
2018-06-26 20:00:00,30.652,137.425,57.177,449.408,90.924
2018-06-26 21:00:00,27.832,111.662,53.205,363.319,75.576
2018-06-26 22:00:00,20.303,83.34,42.394,282.791,59.219
2018-06-26 23:00:00,18.042,71.281,35.829,234.783,47.891
2018-06-27 00:00:00,14.84,64.813,32.241,212.569,44.404
2018-06-27 01:00:00,12.794,63.035,30.745,199.455,43.175
2018-06-27 02:00:00,12.952,60.853,30.033,198.837,40.081
2018-06-27 03:00:00,13.061,60.118,29.335,197.234,40.892
2018-06-27 04:00:00,13.198,60.705,31.778,214.409,46.345
2018-06-27 05:00:00,16.941,71.627,35.545,253.028,55.216
2018-06-27 06:00:00,20.414,89.944,41.589,302.758,64.269
2018-06-27 07:00:00,24.46,102.835,49.317,346.102,71.019
2018-06-27 08:00:00,23.255,113.878,51.866,394.446,82.58
2018-06-27 09:00:00,26.306,137.005,56.178,432.754,88.05
2018-06-27 10:00:00,28.961,149.803,60.544,480.972,91.689
2018-06-27 11:00:00,31.754,161.99,64.719,508.878,99.318
2018-06-27 12:00:00,32.107,165.04,64.222,530.019,103.678
2018-06-27 13:00:00,33.619,164.553,65.33,542.583,103.362
2018-06-27 14:00:00,33.875,165.847,72.205,528.002,107.802
2018-06-27 15:00:00,34.474,158.351,71.827,516.653,112.47
2018-06-27 16:00:00,36.519,155.494,68.963,498.006,111.176
2018-06-27 17:00:00,33.288,149.391,67.912,476.123,106.081
2018-06-27 18:00:00,29.492,137.213,62.629,451.106,100.781
2018-06-27 19:00:00,29.127,132.152,62.644,436.013,96.453
2018-06-27 20:00:00,30.01,131.714,60.748,414.58,89.165
2018-06-27 21:00:00,26.123,110.014,52.246,351.309,72.173
2018-06-27 22:00:00,20.576,88.797,42.421,281.407,59.516
2018-06-27 23:00:00,17.385,75.334,37.387,241.814,49.111
2018-06-28 00:00:00,15.304,68.001,33.079,221.635,46.64
2018-06-28 01:00:00,15.005,66.826,29.945,212.279,45.43
2018-06-28 02:00:00,14.187,67.242,29.58,210.764,42.388
2018-06-28 03:00:00,15.819,65.915,29.839,213.258,43.431
2018-06-28 04:00:00,16.254,69.944,31.657,230.325,48.396
2018-06-28 05:00:00,20.112,79.18,37.262,272.824,57.64
2018-06-28 06:00:00,21.654,95.246,45.115,324.204,70.111
2018-06-28 07:00:00,23.845,105.923,50.054,368.676,81.035
2018-06-28 08:00:00,26.405,119.249,53.775,394.027,85.974
2018-06-28 09:00:00,25.031,123.563,56.682,421.91,85.985
2018-06-28 10:00:00,28.85,129.211,55.821,444.085,92.14
2018-06-28 11:00:00,28.175,130.436,54.484,446.588,97.442
2018-06-28 12:00:00,25.833,120.996,53.274,444.318,91.541
2018-06-28 13:00:00,24.161,120.771,51.401,438.821,92.903
2018-06-28 14:00:00,23.224,127.507,52.099,447.981,94.894
2018-06-28 15:00:00,24.373,126.668,54.479,484.563,98.635
2018-06-28 16:00:00,26.25,136.449,57.938,501.932,99.175
2018-06-28 17:00:00,28.542,135.197,57.331,485.967,99.689
2018-06-28 18:00:00,26.842,135.591,59.42,461.191,99.881
2018-06-28 19:00:00,32.022,136.94,61.36,455.049,96.203
2018-06-28 20:00:00,31.324,136.741,57.876,441.47,92.537
2018-06-28 21:00:00,25.026,112.704,49.995,379.167,76.117
2018-06-28 22:00:00,21.118,89.011,45.426,312.71,62.734
2018-06-28 23:00:00,17.813,78.289,40.387,268.9,50.276
2018-06-29 00:00:00,16.399,72.116,33.867,240.259,47.168
2018-06-29 01:00:00,15.162,69.496,30.911,225.325,45.722
2018-06-29 02:00:00,14.886,68.984,30.524,218.741,43.701
2018-06-29 03:00:00,15.21,67.804,31.215,219.691,43.984
2018-06-29 04:00:00,15.213,69.985,33.081,233.264,47.697
2018-06-29 05:00:00,19.692,88.135,38.858,286.001,60.139
2018-06-29 06:00:00,28.069,117.829,51.585,366.297,77.15
2018-06-29 07:00:00,30.869,151.094,61.678,463.614,92.414
2018-06-29 08:00:00,35.142,183.335,75.531,541.234,106.177
2018-06-29 09:00:00,42.017,212.114,86.43,609.726,117.07
2018-06-29 10:00:00,50.082,222.796,93.324,659.02,129.71
2018-06-29 11:00:00,49.563,225.811,100.542,692.34,138.721
2018-06-29 12:00:00,51.02,224.072,100.793,718.475,141.984
2018-06-29 13:00:00,49.873,222.289,98.322,715.204,149.249
2018-06-29 14:00:00,52.4,232.722,96.534,715.867,147.772
2018-06-29 15:00:00,57.661,248.715,102.086,734.001,148.129
2018-06-29 16:00:00,60.116,251.405,104.996,735.473,149.658
2018-06-29 17:00:00,58.648,243.667,105.131,717.979,146.965
2018-06-29 18:00:00,55.438,233.615,103.972,684.498,138.741
2018-06-29 19:00:00,50.582,220.717,96.234,636.89,130.744
2018-06-29 20:00:00,45.286,193.803,84.681,559.728,113.366
2018-06-29 21:00:00,35.578,156.539,72.81,462.43,94.603
2018-06-29 22:00:00,30.713,125.418,57.237,371.946,77.96
2018-06-29 23:00:00,25.073,102.39,46.051,328.195,64.641
2018-06-30 00:00:00,22.677,90.478,40.155,295.885,54.569
2018-06-30 01:00:00,20.356,85.635,35.732,279.615,51.625
2018-06-30 02:00:00,20.334,85.015,31.859,262.802,48.786
2018-06-30 03:00:00,19.595,81.262,31.137,252.386,47.331
2018-06-30 04:00:00,17.985,77.6,30.986,242.545,47.47
2018-06-30 05:00:00,19.183,84.338,35.702,262.733,53.709
2018-06-30 06:00:00,26.097,111.635,49.395,325.243,71.573
2018-06-30 07:00:00,33.608,144.786,59.159,426.805,98.675
2018-06-30 08:00:00,39.995,175.517,75.234,523.014,119.049
2018-06-30 09:00:00,44.946,201.68,89.544,600.743,132.398
2018-06-30 10:00:00,50.069,215.803,94.281,652.648,138.276
2018-06-30 11:00:00,52.909,224.959,98.283,687.96,143.147
2018-06-30 12:00:00,56.015,226.949,101.44,708.587,149.424
2018-06-30 13:00:00,53.06,238.097,100.538,718.029,150.484
2018-06-30 14:00:00,53.694,241.594,99.854,723.721,155.063
2018-06-30 15:00:00,54.971,242.456,101.901,757.926,159.145
2018-06-30 16:00:00,55.663,247.688,101.293,767.678,153.18
2018-06-30 17:00:00,54.649,237.204,99.325,750.624,150.356
2018-06-30 18:00:00,53.127,232.238,93.107,713.334,145.17
2018-06-30 19:00:00,50.531,218.015,87.397,672.856,137.832
2018-06-30 20:00:00,46.656,195.114,81.67,618.254,124.629
2018-06-30 21:00:00,37.296,157.984,71.417,523.761,104.423
2018-06-30 22:00:00,30.547,126.311,55.31,423.487,85.858
2018-06-30 23:00:00,24.8,102.114,44.969,354.448,70.735
2018-07-01 00:00:00,21.16,89.601,40.136,308.346,60.381
2018-07-01 01:00:00,19.548,85.376,37.768,282.011,56.041
2018-07-01 02:00:00,19.006,80.304,35.652,264.684,52.494
2018-07-01 03:00:00,18.46,77.932,34.764,256.117,50.763
2018-07-01 04:00:00,18.447,79.051,34.98,253.134,50.017
2018-07-01 05:00:00,21.236,89.146,37.858,270.708,57.57
2018-07-01 06:00:00,28.628,110.035,47.625,323.892,76.679
2018-07-01 07:00:00,30.989,132.229,63.216,393.089,100.377
2018-07-01 08:00:00,34.944,159.661,75.766,479.777,110.129
2018-07-01 09:00:00,40.464,192.76,86.293,572.282,119.802
2018-07-01 10:00:00,48.804,214.672,98.611,650.772,131.654
2018-07-01 11:00:00,54.995,236.033,108.941,714.09,139.996
2018-07-01 12:00:00,58.181,243.284,112.005,751.169,145.12
2018-07-01 13:00:00,59.226,252.3,115.285,774.538,151.983
2018-07-01 14:00:00,63.862,259.454,117.822,782.928,161.714
2018-07-01 15:00:00,66.043,271.546,113.147,798.858,164.46
2018-07-01 16:00:00,61.654,258.773,108.794,784.916,154.031
2018-07-01 17:00:00,57.828,241.46,103.988,738.055,147.41
2018-07-01 18:00:00,54.946,229.735,100.917,704.242,143.045
2018-07-01 19:00:00,49.841,223.645,98.537,656.873,138.517
2018-07-01 20:00:00,47.775,203.837,92.796,617.366,120.999
2018-07-01 21:00:00,40.165,167.923,73.974,542.674,105.462
2018-07-01 22:00:00,33.179,138.307,64.605,453.272,85.661
2018-07-01 23:00:00,28.117,112.765,50.677,386.507,69.306
2018-07-02 00:00:00,23.994,100.37,44.905,342.321,61.759
2018-07-02 01:00:00,21.48,92.924,40.876,314.224,58.062
2018-07-02 02:00:00,21.056,88.342,38.172,287.704,53.836
2018-07-02 03:00:00,20.308,84.112,37.216,272.942,54.333
2018-07-02 04:00:00,20.067,84.272,39.157,280.779,56.254
2018-07-02 05:00:00,25.429,102.395,45.073,336.629,70.861
2018-07-02 06:00:00,30.451,128.938,59.151,423.935,91.854
2018-07-02 07:00:00,34.24,158.807,68.367,521.569,105.187
2018-07-02 08:00:00,40.658,184.278,79.863,604.712,119.136
2018-07-02 09:00:00,42.919,209.338,89.817,672.063,122.155
2018-07-02 10:00:00,46.985,220.133,93.64,719.545,133.757
2018-07-02 11:00:00,48.858,230.545,95.701,751.694,134.95
2018-07-02 12:00:00,48.766,232.099,95.515,769.033,131.906
2018-07-02 13:00:00,49.817,232.692,93.912,769.786,135.13
2018-07-02 14:00:00,52.319,239.129,96.176,781.933,139.58
2018-07-02 15:00:00,53.643,242.09,97.787,795.311,147.936
2018-07-02 16:00:00,54.303,237.558,96.885,785.15,147.099
2018-07-02 17:00:00,51.346,217.562,91.898,740.936,141.399
2018-07-02 18:00:00,46.924,205.923,96.322,690.45,132.044
2018-07-02 19:00:00,51.438,193.625,89.225,647.425,124.028
2018-07-02 20:00:00,42.197,172.991,78.746,590.123,115.702
2018-07-02 21:00:00,35.161,144.519,63.945,488.643,99.566
2018-07-02 22:00:00,28.524,114.857,55.777,393.195,77.764
2018-07-02 23:00:00,24.477,96.078,45.857,335.29,65.81
2018-07-03 00:00:00,20.805,85.597,40.612,299.69,58.973
2018-07-03 01:00:00,19.17,81.713,38.469,275.5,55.769
2018-07-03 02:00:00,18.741,80.435,35.783,266.472,52.726
2018-07-03 03:00:00,18.187,78.064,36.089,263.997,52.297
2018-07-03 04:00:00,18.441,81.708,37.846,279.354,56.004
2018-07-03 05:00:00,23.158,94.579,44.004,338.451,71.95
2018-07-03 06:00:00,28.124,123.607,54.985,420.47,86.509
2018-07-03 07:00:00,33.179,156.037,65.708,511.729,97.707
2018-07-03 08:00:00,40.267,185.538,70.267,611.599,108.131
2018-07-03 09:00:00,44.471,216.184,81.935,695.439,116.765
2018-07-03 10:00:00,48.492,232.541,90.545,753.293,122.795
2018-07-03 11:00:00,51.297,243.964,95.207,797.851,133.647
2018-07-03 12:00:00,53.914,244.204,101.464,827.923,133.567
2018-07-03 13:00:00,55.56,245.765,103.15,829.197,138.307
2018-07-03 14:00:00,56.079,250.302,101.417,823.461,138.148
2018-07-03 15:00:00,57.978,256.843,103.432,826.813,146.744
2018-07-03 16:00:00,59.471,253.704,104.768,832.478,143.049
2018-07-03 17:00:00,53.464,237.966,98.58,791.037,139.807
2018-07-03 18:00:00,51.267,230.527,90.681,723.559,132.09
2018-07-03 19:00:00,49.845,216.375,84.833,684.598,127.82
2018-07-03 20:00:00,45.564,203.259,83.156,635.538,119.727
2018-07-03 21:00:00,39.802,171.577,69.097,553.892,102.344
2018-07-03 22:00:00,32.881,140.245,56.641,462.34,84.717
2018-07-03 23:00:00,29.851,119.3,52.702,395.909,72.187
2018-07-04 00:00:00,27.303,102.808,44.209,355.093,65.953
2018-07-04 01:00:00,23.682,97.096,43.884,324.156,64.058
2018-07-04 02:00:00,22.268,93.57,38.785,305.061,58.959
2018-07-04 03:00:00,21.861,88.975,40.42,300.0,58.729
2018-07-04 04:00:00,21.668,89.121,41.301,315.788,64.082
2018-07-04 05:00:00,27.614,110.191,49.48,369.241,74.121
2018-07-04 06:00:00,34.122,151.288,62.739,461.104,87.879
2018-07-04 07:00:00,42.235,188.295,71.926,571.552,101.083
2018-07-04 08:00:00,45.569,217.319,86.968,656.412,115.22
2018-07-04 09:00:00,51.639,240.105,99.371,722.212,130.08
2018-07-04 10:00:00,58.342,254.461,108.125,774.58,143.267
2018-07-04 11:00:00,56.254,256.31,110.438,791.581,148.986
2018-07-04 12:00:00,55.099,256.396,112.707,802.993,146.144
2018-07-04 13:00:00,56.595,255.85,115.948,804.551,148.824
2018-07-04 14:00:00,57.945,259.624,110.085,804.218,150.122
2018-07-04 15:00:00,62.73,268.117,109.536,820.161,151.096
2018-07-04 16:00:00,61.646,261.362,110.153,819.004,149.765
2018-07-04 17:00:00,60.059,251.502,105.667,789.971,147.915
2018-07-04 18:00:00,55.4,242.328,100.729,736.11,147.202
2018-07-04 19:00:00,54.89,231.933,96.322,685.299,134.137
2018-07-04 20:00:00,53.499,213.208,89.127,645.549,123.999
2018-07-04 21:00:00,42.039,177.854,77.673,550.73,112.297
2018-07-04 22:00:00,35.205,145.101,66.688,461.025,88.291
2018-07-04 23:00:00,31.012,123.539,55.509,399.722,76.463
2018-07-05 00:00:00,26.993,109.12,48.95,350.191,69.644
2018-07-05 01:00:00,23.517,99.848,44.446,312.228,64.512
2018-07-05 02:00:00,22.556,100.011,41.665,289.99,61.159
2018-07-05 03:00:00,22.12,89.859,40.066,278.962,61.0
2018-07-05 04:00:00,21.445,90.261,40.362,293.283,65.76
2018-07-05 05:00:00,26.309,108.807,49.143,352.854,79.239
2018-07-05 06:00:00,34.431,144.251,59.989,446.617,102.163
2018-07-05 07:00:00,38.068,177.142,70.441,539.501,118.172
2018-07-05 08:00:00,46.064,200.348,84.284,633.285,135.421
2018-07-05 09:00:00,50.204,226.609,96.24,695.047,145.616
2018-07-05 10:00:00,51.564,236.67,102.893,736.047,158.792
2018-07-05 11:00:00,55.86,249.018,103.163,769.548,162.05
2018-07-05 12:00:00,58.313,255.687,100.993,772.334,162.417
2018-07-05 13:00:00,57.623,253.725,98.967,771.497,164.206
2018-07-05 14:00:00,58.386,259.644,102.586,774.864,159.255
2018-07-05 15:00:00,62.715,261.633,102.382,790.393,162.244
2018-07-05 16:00:00,59.611,255.4,105.895,795.183,164.066
2018-07-05 17:00:00,57.152,247.202,103.99,750.539,155.311
2018-07-05 18:00:00,57.218,233.257,101.267,708.198,152.015
2018-07-05 19:00:00,53.501,217.058,90.853,661.79,145.746
2018-07-05 20:00:00,48.084,200.232,85.715,608.888,138.51
2018-07-05 21:00:00,40.154,173.058,78.496,528.687,122.425
2018-07-05 22:00:00,34.186,142.008,67.357,442.596,100.698
2018-07-05 23:00:00,30.823,125.598,56.102,384.4,86.617
2018-07-06 00:00:00,28.07,114.14,50.367,346.617,76.966
2018-07-06 01:00:00,26.782,108.997,44.791,326.617,71.472
2018-07-06 02:00:00,26.425,107.623,42.376,312.882,69.171
2018-07-06 03:00:00,26.841,103.935,41.434,310.914,69.887
2018-07-06 04:00:00,26.867,111.773,41.678,325.224,73.413
2018-07-06 05:00:00,30.746,127.895,49.604,383.604,83.898
2018-07-06 06:00:00,34.311,158.533,58.304,464.929,103.514
2018-07-06 07:00:00,38.114,174.058,64.522,534.633,115.667
2018-07-06 08:00:00,37.624,191.283,66.52,577.213,122.448
2018-07-06 09:00:00,39.873,207.332,71.675,616.473,134.705
2018-07-06 10:00:00,44.514,211.001,74.616,626.839,136.725
2018-07-06 11:00:00,44.704,210.197,72.349,581.967,132.726
2018-07-06 12:00:00,39.085,195.9,70.328,556.151,122.253
2018-07-06 13:00:00,41.154,193.179,71.202,578.72,114.834
2018-07-06 14:00:00,41.392,198.824,75.155,605.403,117.755
2018-07-06 15:00:00,43.86,211.326,82.744,638.611,122.506
2018-07-06 16:00:00,49.575,212.362,86.624,657.36,123.555
2018-07-06 17:00:00,44.899,204.725,83.57,630.543,118.879
2018-07-06 18:00:00,41.743,195.21,82.969,588.108,116.147
2018-07-06 19:00:00,41.405,182.412,81.507,553.165,114.65
2018-07-06 20:00:00,38.671,167.522,75.015,490.091,110.965
2018-07-06 21:00:00,31.165,135.038,62.773,393.136,92.996
2018-07-06 22:00:00,22.905,99.622,49.277,301.273,75.622
2018-07-06 23:00:00,18.56,82.501,40.194,247.984,62.292
2018-07-07 00:00:00,16.703,68.281,33.411,222.896,52.138
2018-07-07 01:00:00,15.596,65.495,29.054,207.215,46.28
2018-07-07 02:00:00,14.156,63.234,27.633,200.915,43.264
2018-07-07 03:00:00,13.505,62.01,27.374,202.103,41.09
2018-07-07 04:00:00,12.416,59.437,28.192,201.37,41.14
2018-07-07 05:00:00,13.737,65.546,30.084,213.374,44.213
2018-07-07 06:00:00,17.378,82.672,41.003,260.164,58.088
2018-07-07 07:00:00,24.374,102.442,47.96,310.347,79.379
2018-07-07 08:00:00,27.765,124.49,59.193,370.84,97.13
2018-07-07 09:00:00,29.482,136.323,63.837,409.34,111.662
2018-07-07 10:00:00,32.377,142.968,66.236,438.447,113.807
2018-07-07 11:00:00,34.774,150.439,72.332,465.148,119.963
2018-07-07 12:00:00,33.736,158.796,72.398,487.995,116.896
2018-07-07 13:00:00,38.204,172.527,71.266,499.397,117.576
2018-07-07 14:00:00,42.619,182.47,73.828,530.448,123.598
2018-07-07 15:00:00,41.193,187.378,73.937,563.26,125.086
2018-07-07 16:00:00,43.955,187.541,75.891,593.628,123.065
2018-07-07 17:00:00,42.055,181.939,74.472,592.056,123.537
2018-07-07 18:00:00,39.928,169.169,70.388,554.701,119.02
2018-07-07 19:00:00,37.804,153.237,67.249,503.578,109.693
2018-07-07 20:00:00,33.733,145.038,62.688,449.619,101.072
2018-07-07 21:00:00,27.939,111.166,52.534,365.142,78.745
2018-07-07 22:00:00,19.266,84.238,39.28,277.923,59.057
2018-07-07 23:00:00,16.096,68.509,32.37,230.81,47.305
2018-07-08 00:00:00,14.012,62.539,28.637,207.494,41.986
2018-07-08 01:00:00,12.967,60.818,27.863,195.351,40.953
2018-07-08 02:00:00,12.812,59.519,28.459,191.451,38.763
2018-07-08 03:00:00,12.589,59.364,29.325,191.632,38.379
2018-07-08 04:00:00,12.359,59.63,29.115,194.337,40.415
2018-07-08 05:00:00,12.877,61.529,31.195,204.989,43.676
2018-07-08 06:00:00,16.674,77.78,39.546,250.681,53.819
2018-07-08 07:00:00,20.477,94.708,48.654,307.597,69.706
2018-07-08 08:00:00,24.944,118.228,58.47,366.638,83.766
2018-07-08 09:00:00,27.421,137.163,67.242,417.821,93.227
2018-07-08 10:00:00,30.854,154.491,70.908,463.761,103.084
2018-07-08 11:00:00,39.044,169.856,70.086,498.531,109.997
2018-07-08 12:00:00,40.679,174.482,71.893,522.146,118.313
2018-07-08 13:00:00,40.349,184.442,75.441,553.884,123.59
2018-07-08 14:00:00,41.8,189.11,79.486,581.154,122.012
2018-07-08 15:00:00,42.805,192.52,79.341,604.178,128.4
2018-07-08 16:00:00,43.109,189.565,78.571,618.801,128.094
2018-07-08 17:00:00,42.696,181.355,76.108,594.273,122.733
2018-07-08 18:00:00,40.106,167.427,72.623,548.684,118.486
2018-07-08 19:00:00,36.225,151.516,66.346,508.111,110.343
2018-07-08 20:00:00,33.288,141.127,66.824,463.417,103.616
2018-07-08 21:00:00,25.133,113.691,55.564,380.368,89.575
2018-07-08 22:00:00,22.068,91.389,39.343,302.055,64.744
2018-07-08 23:00:00,18.379,73.571,34.182,245.978,50.204
2018-07-09 00:00:00,15.199,66.165,31.091,224.212,43.992
2018-07-09 01:00:00,14.139,63.84,29.379,206.214,43.609
2018-07-09 02:00:00,13.588,61.653,29.181,199.188,39.684
2018-07-09 03:00:00,13.67,59.937,28.818,199.162,39.553
2018-07-09 04:00:00,14.568,62.344,31.06,214.851,44.002
2018-07-09 05:00:00,18.27,74.931,35.548,259.712,52.963
2018-07-09 06:00:00,22.364,93.613,47.446,314.425,68.826
2018-07-09 07:00:00,25.801,113.716,53.737,377.574,80.247
2018-07-09 08:00:00,26.778,137.898,58.842,448.666,90.419
2018-07-09 09:00:00,33.743,163.86,66.628,525.128,94.244
2018-07-09 10:00:00,38.601,187.017,72.799,586.883,102.602
2018-07-09 11:00:00,40.121,202.464,77.795,624.261,108.143
2018-07-09 12:00:00,44.079,204.506,77.451,650.629,110.172
2018-07-09 13:00:00,46.599,222.319,79.624,661.667,110.997
2018-07-09 14:00:00,49.812,223.412,82.721,683.423,119.486
2018-07-09 15:00:00,52.095,234.362,82.658,703.135,115.386
2018-07-09 16:00:00,53.704,232.655,82.164,714.518,116.653
2018-07-09 17:00:00,51.63,218.433,76.942,702.144,119.359
2018-07-09 18:00:00,47.887,202.178,75.98,658.147,106.507
2018-07-09 19:00:00,42.095,185.428,72.138,599.385,109.15
2018-07-09 20:00:00,35.001,162.757,64.049,537.696,102.877
2018-07-09 21:00:00,27.419,130.447,53.66,456.79,86.433
2018-07-09 22:00:00,23.594,108.26,44.132,358.783,67.318
2018-07-09 23:00:00,19.607,83.619,36.544,293.718,54.083
2018-07-10 00:00:00,17.135,75.266,34.053,257.851,47.651
2018-07-10 01:00:00,15.173,70.1,31.989,235.771,45.822
2018-07-10 02:00:00,14.859,67.228,32.063,227.86,43.371
2018-07-10 03:00:00,14.534,65.406,31.085,222.925,42.868
2018-07-10 04:00:00,14.959,66.919,32.006,231.585,47.38
2018-07-10 05:00:00,19.401,81.722,38.804,280.192,61.346
2018-07-10 06:00:00,26.947,106.147,49.391,353.031,87.255
2018-07-10 07:00:00,31.026,134.472,59.214,439.446,98.661
2018-07-10 08:00:00,37.172,168.073,71.553,532.8,108.058
2018-07-10 09:00:00,43.605,203.32,79.592,617.096,115.276
2018-07-10 10:00:00,49.5,228.829,88.651,671.328,125.352
2018-07-10 11:00:00,54.284,243.377,92.932,707.509,132.382
2018-07-10 12:00:00,55.956,246.283,101.221,729.933,131.211
2018-07-10 13:00:00,57.213,247.144,99.034,741.899,131.907
2018-07-10 14:00:00,57.818,252.059,98.56,747.988,129.63
2018-07-10 15:00:00,61.084,257.984,101.044,755.56,138.662
2018-07-10 16:00:00,60.452,257.048,100.414,750.259,136.321
2018-07-10 17:00:00,57.166,243.486,98.767,723.138,134.945
2018-07-10 18:00:00,54.094,225.726,97.794,680.461,131.441
2018-07-10 19:00:00,52.572,212.255,89.781,643.818,121.328
2018-07-10 20:00:00,49.488,197.261,79.348,588.393,114.026
2018-07-10 21:00:00,41.516,164.594,69.44,500.532,94.883
2018-07-10 22:00:00,32.249,130.354,54.964,401.897,76.392
2018-07-10 23:00:00,26.501,111.303,44.649,345.201,63.39
2018-07-11 00:00:00,22.744,95.947,39.076,306.827,54.364
2018-07-11 01:00:00,21.367,91.845,34.82,272.864,51.703
2018-07-11 02:00:00,20.326,87.208,33.594,254.392,47.982
2018-07-11 03:00:00,19.517,80.796,34.195,247.715,47.804
2018-07-11 04:00:00,18.49,78.959,37.053,253.635,49.65
2018-07-11 05:00:00,20.527,90.312,43.422,288.002,61.434
2018-07-11 06:00:00,24.662,111.323,50.719,347.646,79.451
2018-07-11 07:00:00,27.662,126.069,57.329,404.611,85.215
2018-07-11 08:00:00,31.342,140.668,58.563,475.618,95.967
2018-07-11 09:00:00,31.523,157.288,63.267,541.015,102.92
2018-07-11 10:00:00,37.579,182.476,71.409,574.715,108.296
2018-07-11 11:00:00,39.191,189.03,75.342,593.975,115.375
2018-07-11 12:00:00,42.474,191.664,79.683,594.52,116.349
2018-07-11 13:00:00,43.719,195.701,82.54,592.15,119.271
2018-07-11 14:00:00,45.241,201.302,90.793,609.443,119.405
2018-07-11 15:00:00,46.747,204.849,88.674,636.699,120.948
2018-07-11 16:00:00,47.03,205.595,92.276,647.26,128.669
2018-07-11 17:00:00,44.425,202.325,91.232,613.741,124.138
2018-07-11 18:00:00,40.891,193.348,83.02,573.233,117.596
2018-07-11 19:00:00,39.644,175.237,74.839,523.489,110.254
2018-07-11 20:00:00,39.601,156.778,69.104,459.799,101.236
2018-07-11 21:00:00,29.364,115.2,59.262,383.015,88.645
2018-07-11 22:00:00,24.117,93.885,47.907,302.665,68.613
2018-07-11 23:00:00,19.226,79.903,37.148,247.763,56.155
2018-07-12 00:00:00,16.562,69.727,32.806,218.674,49.711
2018-07-12 01:00:00,15.383,66.614,29.85,204.477,47.673
2018-07-12 02:00:00,14.482,64.036,28.76,201.109,42.701
2018-07-12 03:00:00,13.524,61.916,29.435,204.21,41.657
2018-07-12 04:00:00,13.407,61.611,30.438,215.371,44.225
2018-07-12 05:00:00,18.065,75.243,34.888,259.225,56.312
2018-07-12 06:00:00,22.68,98.954,41.874,318.148,68.153
2018-07-12 07:00:00,25.175,118.874,48.537,377.198,84.271
2018-07-12 08:00:00,28.827,137.905,57.858,443.78,95.03
2018-07-12 09:00:00,32.0,161.007,67.593,496.443,106.348
2018-07-12 10:00:00,34.887,173.731,75.8,543.383,115.078
2018-07-12 11:00:00,38.675,182.629,79.06,564.461,118.456
2018-07-12 12:00:00,39.205,184.448,81.568,579.827,120.365
2018-07-12 13:00:00,40.438,184.539,85.505,582.678,120.929
2018-07-12 14:00:00,43.579,195.294,88.15,604.021,132.653
2018-07-12 15:00:00,46.091,203.138,88.494,629.749,136.13
2018-07-12 16:00:00,46.191,197.331,89.908,653.675,137.647
2018-07-12 17:00:00,42.978,191.414,87.365,639.228,137.667
2018-07-12 18:00:00,44.841,181.023,80.829,600.975,130.124
2018-07-12 19:00:00,40.79,168.967,78.585,560.715,123.746
2018-07-12 20:00:00,36.188,152.627,68.817,502.404,108.954
2018-07-12 21:00:00,30.788,127.717,55.822,402.844,90.719
2018-07-12 22:00:00,26.358,98.503,43.826,305.44,70.529
2018-07-12 23:00:00,20.235,83.388,37.34,252.736,55.684
2018-07-13 00:00:00,16.547,69.745,33.11,223.541,47.949
2018-07-13 01:00:00,14.588,66.65,30.029,207.414,46.07
2018-07-13 02:00:00,13.997,62.966,28.608,201.309,42.89
2018-07-13 03:00:00,13.373,60.722,29.777,202.443,41.215
2018-07-13 04:00:00,14.408,61.378,30.035,214.646,45.128
2018-07-13 05:00:00,17.445,72.857,35.598,252.52,57.543
2018-07-13 06:00:00,22.664,90.738,49.572,302.476,74.449
2018-07-13 07:00:00,23.535,107.454,53.405,350.712,91.398
2018-07-13 08:00:00,26.3,125.909,53.834,405.072,100.18
2018-07-13 09:00:00,29.421,147.576,59.152,479.869,109.545
2018-07-13 10:00:00,34.356,159.397,68.779,540.384,113.031
2018-07-13 11:00:00,34.832,175.345,70.5,584.73,117.95
2018-07-13 12:00:00,37.017,179.36,72.616,612.525,116.187
2018-07-13 13:00:00,38.316,179.192,73.383,620.781,121.768
2018-07-13 14:00:00,39.496,182.053,73.881,624.712,120.068
2018-07-13 15:00:00,38.33,183.048,76.476,638.466,122.778
2018-07-13 16:00:00,37.705,173.046,77.463,630.546,121.625
2018-07-13 17:00:00,38.861,167.286,72.858,580.24,121.969
2018-07-13 18:00:00,35.38,162.517,71.015,533.475,114.658
2018-07-13 19:00:00,33.21,145.183,66.226,493.193,113.385
2018-07-13 20:00:00,32.858,132.692,63.324,440.778,101.347
2018-07-13 21:00:00,27.821,115.778,51.823,381.121,82.35
2018-07-13 22:00:00,22.702,93.758,44.143,303.082,65.871
2018-07-13 23:00:00,18.184,79.169,36.638,253.276,52.865
2018-07-14 00:00:00,15.831,69.665,31.742,225.739,47.277
2018-07-14 01:00:00,14.445,66.109,29.023,212.081,47.737
2018-07-14 02:00:00,14.348,65.588,27.776,204.409,43.899
2018-07-14 03:00:00,14.261,62.859,26.683,203.461,42.611
2018-07-14 04:00:00,14.006,61.8,27.341,205.589,43.053
2018-07-14 05:00:00,16.077,68.828,32.168,221.71,47.192
2018-07-14 06:00:00,18.922,87.404,40.895,263.892,61.871
2018-07-14 07:00:00,23.252,112.705,51.461,329.949,80.277
2018-07-14 08:00:00,27.203,131.19,60.111,399.594,97.96
2018-07-14 09:00:00,30.28,148.308,65.29,460.549,106.995
2018-07-14 10:00:00,31.59,156.715,75.714,507.129,117.025
2018-07-14 11:00:00,34.41,169.443,76.702,535.615,115.776
2018-07-14 12:00:00,39.029,175.614,77.997,543.408,121.929
2018-07-14 13:00:00,38.329,180.018,74.267,569.787,121.628
2018-07-14 14:00:00,41.442,182.438,78.381,562.2,121.618
2018-07-14 15:00:00,43.011,192.38,82.975,575.216,119.446
2018-07-14 16:00:00,42.994,187.755,75.196,573.209,114.989
2018-07-14 17:00:00,37.536,166.997,72.293,529.4,108.49
2018-07-14 18:00:00,34.97,156.618,69.379,496.634,104.692
2018-07-14 19:00:00,33.918,151.08,67.75,483.509,102.044
2018-07-14 20:00:00,32.768,140.386,60.975,447.396,99.217
2018-07-14 21:00:00,27.111,121.74,56.548,378.328,84.827
2018-07-14 22:00:00,23.14,98.171,43.342,300.118,67.122
2018-07-14 23:00:00,19.644,81.16,36.843,257.038,57.425
2018-07-15 00:00:00,16.873,74.038,33.561,233.01,52.384
2018-07-15 01:00:00,15.938,71.65,32.207,219.057,49.981
2018-07-15 02:00:00,15.888,71.115,31.733,214.206,47.995
2018-07-15 03:00:00,15.923,69.662,30.574,211.786,47.175
2018-07-15 04:00:00,16.441,70.434,30.878,213.399,48.166
2018-07-15 05:00:00,16.958,73.282,32.439,222.988,49.528
2018-07-15 06:00:00,19.504,88.416,38.801,259.878,59.039
2018-07-15 07:00:00,23.437,103.634,46.269,305.44,78.453
2018-07-15 08:00:00,29.328,123.617,55.251,367.409,93.146
2018-07-15 09:00:00,31.193,142.359,65.28,446.498,100.613
2018-07-15 10:00:00,38.179,169.035,83.79,516.218,111.526
2018-07-15 11:00:00,47.234,195.005,92.133,576.198,120.29
2018-07-15 12:00:00,47.494,204.931,92.925,627.048,126.932
2018-07-15 13:00:00,48.279,212.792,95.304,642.602,131.699
2018-07-15 14:00:00,47.451,203.945,88.977,662.702,130.127
2018-07-15 15:00:00,44.013,190.842,90.799,657.983,131.157
2018-07-15 16:00:00,44.316,197.451,98.973,643.879,126.624
2018-07-15 17:00:00,44.866,193.19,97.109,635.185,127.143
2018-07-15 18:00:00,41.916,184.895,94.287,611.779,118.411
2018-07-15 19:00:00,38.831,178.777,82.391,573.289,112.486
2018-07-15 20:00:00,35.415,163.492,74.884,534.497,104.222
2018-07-15 21:00:00,30.188,135.065,62.261,450.75,87.093
2018-07-15 22:00:00,26.549,109.499,51.661,370.156,69.918
2018-07-15 23:00:00,23.845,92.722,43.261,316.359,60.327
2018-07-16 00:00:00,19.625,82.794,38.07,287.892,55.188
2018-07-16 01:00:00,17.958,79.868,35.573,265.614,51.567
2018-07-16 02:00:00,17.201,76.691,33.984,250.622,47.952
2018-07-16 03:00:00,16.738,73.831,33.309,242.752,47.932
2018-07-16 04:00:00,17.399,76.566,34.193,255.635,53.199
2018-07-16 05:00:00,22.72,91.983,41.349,305.732,67.867
2018-07-16 06:00:00,28.904,124.383,53.596,386.338,86.202
2018-07-16 07:00:00,33.256,152.802,67.964,475.895,103.241
2018-07-16 08:00:00,37.78,184.07,81.518,573.1,119.828
2018-07-16 09:00:00,43.886,212.541,92.717,662.867,137.695
2018-07-16 10:00:00,48.087,229.963,103.847,721.301,145.745
2018-07-16 11:00:00,50.169,239.192,106.854,764.765,147.805
2018-07-16 12:00:00,52.696,241.623,104.886,773.734,147.357
2018-07-16 13:00:00,55.125,242.518,100.694,771.399,143.019
2018-07-16 14:00:00,55.668,244.71,101.345,783.039,148.297
2018-07-16 15:00:00,56.347,249.044,103.589,789.869,149.218
2018-07-16 16:00:00,57.954,243.011,103.011,778.153,148.175
2018-07-16 17:00:00,54.125,226.493,98.437,729.45,146.944
2018-07-16 18:00:00,50.069,215.784,90.297,669.498,136.94
2018-07-16 19:00:00,48.883,206.486,88.195,641.417,130.045
2018-07-16 20:00:00,43.377,185.479,77.489,589.68,119.842
2018-07-16 21:00:00,35.054,152.149,67.534,505.222,101.927
2018-07-16 22:00:00,30.129,122.509,56.888,405.6,80.644
2018-07-16 23:00:00,26.422,103.638,47.25,350.943,69.522
2018-07-17 00:00:00,23.62,94.104,42.545,312.499,66.49
2018-07-17 01:00:00,21.431,90.47,40.765,288.038,63.095
2018-07-17 02:00:00,20.64,87.958,39.15,273.92,58.939
2018-07-17 03:00:00,20.34,85.507,38.21,269.814,59.387
2018-07-17 04:00:00,20.483,85.581,40.049,290.162,62.879
2018-07-17 05:00:00,23.745,100.97,48.471,345.346,75.593
2018-07-17 06:00:00,32.722,130.464,58.813,428.224,95.256
2018-07-17 07:00:00,36.911,159.423,66.731,520.063,111.674
2018-07-17 08:00:00,39.784,190.857,70.322,614.361,124.439
2018-07-17 09:00:00,43.421,215.106,77.271,687.034,136.442
2018-07-17 10:00:00,51.675,233.065,82.254,722.968,144.848
2018-07-17 11:00:00,56.039,246.859,83.274,751.677,145.782
2018-07-17 12:00:00,55.103,248.096,90.056,756.295,144.91
2018-07-17 13:00:00,55.847,244.841,89.936,751.794,141.453
2018-07-17 14:00:00,56.003,237.46,93.983,733.721,140.317
2018-07-17 15:00:00,53.042,228.662,94.82,698.263,148.065
2018-07-17 16:00:00,48.606,216.838,93.446,641.085,146.075
2018-07-17 17:00:00,41.995,185.439,86.984,562.881,133.913
2018-07-17 18:00:00,36.35,165.61,78.996,520.554,124.442
2018-07-17 19:00:00,36.495,160.12,73.629,508.591,116.375
2018-07-17 20:00:00,36.467,150.632,72.312,477.605,106.22
2018-07-17 21:00:00,29.936,127.293,59.983,403.911,91.914
2018-07-17 22:00:00,24.938,101.515,50.879,322.483,72.676
2018-07-17 23:00:00,22.098,87.465,40.938,286.178,63.006
2018-07-18 00:00:00,19.129,80.873,37.335,269.56,57.053
2018-07-18 01:00:00,17.898,77.369,35.342,248.196,53.203
2018-07-18 02:00:00,17.554,76.225,33.259,238.552,49.264
2018-07-18 03:00:00,17.035,74.825,34.299,235.777,49.716
2018-07-18 04:00:00,17.441,78.298,35.444,257.207,54.136
2018-07-18 05:00:00,20.114,91.706,41.229,297.737,65.561
2018-07-18 06:00:00,24.544,114.513,49.943,370.754,83.821
2018-07-18 07:00:00,31.253,140.84,60.593,433.548,101.536
2018-07-18 08:00:00,32.794,168.519,67.771,496.515,116.599
2018-07-18 09:00:00,40.257,188.646,78.037,558.025,125.79
2018-07-18 10:00:00,42.497,197.531,87.421,594.048,132.101
2018-07-18 11:00:00,43.702,207.392,90.641,621.074,141.935
2018-07-18 12:00:00,46.698,207.935,95.171,628.686,135.879
2018-07-18 13:00:00,49.722,212.182,96.562,633.623,138.239
2018-07-18 14:00:00,49.884,220.936,97.014,649.675,141.319
2018-07-18 15:00:00,48.679,223.414,102.028,668.281,148.393
2018-07-18 16:00:00,53.757,226.187,99.492,676.145,145.992
2018-07-18 17:00:00,52.904,220.26,89.904,647.931,142.973
2018-07-18 18:00:00,49.009,205.09,84.736,609.176,135.573
2018-07-18 19:00:00,44.433,192.861,81.785,546.11,127.252
2018-07-18 20:00:00,41.747,170.922,73.219,459.76,113.722
2018-07-18 21:00:00,31.13,130.715,60.986,377.977,93.722
2018-07-18 22:00:00,24.593,99.169,46.086,305.898,74.071
2018-07-18 23:00:00,21.136,84.474,38.509,251.062,61.357
2018-07-19 00:00:00,17.651,75.131,34.207,226.149,53.076
2018-07-19 01:00:00,16.307,71.708,31.56,209.035,47.497
2018-07-19 02:00:00,15.357,67.219,29.224,201.17,44.698
2018-07-19 03:00:00,14.457,63.915,28.633,201.861,42.933
2018-07-19 04:00:00,14.817,66.068,31.375,215.705,47.747
2018-07-19 05:00:00,16.797,75.43,36.002,247.509,58.059
2018-07-19 06:00:00,22.557,95.387,44.028,311.86,72.534
2018-07-19 07:00:00,26.724,117.495,54.04,373.516,88.535
2018-07-19 08:00:00,27.75,133.89,60.79,429.296,97.595
2018-07-19 09:00:00,32.08,156.644,69.309,490.906,109.989
2018-07-19 10:00:00,37.779,168.923,76.595,531.843,116.116
2018-07-19 11:00:00,35.808,172.372,79.844,559.115,118.883
2018-07-19 12:00:00,37.419,183.625,84.192,563.682,119.563
2018-07-19 13:00:00,39.493,190.305,86.639,587.892,124.007
2018-07-19 14:00:00,41.817,196.356,83.162,613.183,123.961
2018-07-19 15:00:00,45.11,207.5,87.322,639.96,129.03
2018-07-19 16:00:00,47.406,212.736,92.222,665.807,132.385
2018-07-19 17:00:00,46.209,199.718,89.543,648.07,137.475
2018-07-19 18:00:00,42.21,188.064,80.198,615.819,126.005
2018-07-19 19:00:00,37.925,176.852,74.788,572.311,118.827
2018-07-19 20:00:00,35.434,153.485,69.652,507.157,107.38
2018-07-19 21:00:00,28.755,125.397,58.277,418.003,86.908
2018-07-19 22:00:00,25.147,99.31,43.548,327.909,69.748
2018-07-19 23:00:00,18.913,80.846,37.974,258.412,56.533
2018-07-20 00:00:00,16.63,69.296,34.763,227.419,50.022
2018-07-20 01:00:00,14.716,65.955,31.247,213.939,47.739
2018-07-20 02:00:00,14.38,63.703,29.356,203.424,43.743
2018-07-20 03:00:00,13.902,61.857,30.247,200.845,43.129
2018-07-20 04:00:00,13.983,64.412,30.541,221.456,47.243
2018-07-20 05:00:00,17.198,72.576,35.874,258.679,58.162
2018-07-20 06:00:00,23.465,96.046,46.102,314.706,77.783
2018-07-20 07:00:00,26.692,122.048,55.12,394.181,94.111
2018-07-20 08:00:00,29.483,145.128,68.4,472.521,110.608
2018-07-20 09:00:00,35.275,174.277,76.633,542.066,119.895
2018-07-20 10:00:00,39.475,190.282,84.909,592.116,128.121
2018-07-20 11:00:00,42.6,203.135,85.809,626.72,131.091
2018-07-20 12:00:00,43.832,200.082,85.856,645.585,129.383
2018-07-20 13:00:00,43.488,201.59,87.13,651.356,127.515
2018-07-20 14:00:00,49.636,206.655,86.527,668.16,132.289
2018-07-20 15:00:00,48.01,208.04,88.968,682.856,140.0
2018-07-20 16:00:00,48.783,202.486,91.209,680.803,139.877
2018-07-20 17:00:00,44.898,194.011,85.294,634.96,134.308
2018-07-20 18:00:00,41.754,180.735,79.283,586.115,125.977
2018-07-20 19:00:00,37.185,170.598,73.653,541.167,117.517
2018-07-20 20:00:00,36.913,152.856,66.24,493.813,101.693
2018-07-20 21:00:00,29.169,127.41,56.401,405.192,85.193
2018-07-20 22:00:00,21.562,101.819,47.694,320.152,66.412
2018-07-20 23:00:00,17.982,81.229,36.135,259.591,53.202
2018-07-21 00:00:00,15.675,68.777,30.776,227.425,46.769
2018-07-21 01:00:00,14.548,64.981,27.831,210.462,45.604
2018-07-21 02:00:00,14.221,63.848,26.369,202.192,42.169
2018-07-21 03:00:00,13.619,61.516,26.498,201.961,41.314
2018-07-21 04:00:00,13.497,60.375,28.215,209.014,44.621
2018-07-21 05:00:00,14.406,64.607,31.415,215.784,47.054
2018-07-21 06:00:00,19.284,82.6,39.023,262.71,61.378
2018-07-21 07:00:00,23.935,104.055,47.406,327.772,78.928
2018-07-21 08:00:00,28.186,132.484,57.106,389.963,92.135
2018-07-21 09:00:00,29.032,147.925,66.821,452.589,104.016
2018-07-21 10:00:00,33.175,159.243,72.481,479.116,102.758
2018-07-21 11:00:00,38.532,169.628,81.284,507.593,101.828
2018-07-21 12:00:00,41.376,172.281,80.571,525.878,99.973
2018-07-21 13:00:00,39.711,176.16,75.343,554.716,107.634
2018-07-21 14:00:00,41.884,183.059,78.831,580.533,104.203
2018-07-21 15:00:00,43.251,190.8,83.778,598.255,99.519
2018-07-21 16:00:00,42.66,189.871,79.624,594.83,102.324
2018-07-21 17:00:00,41.26,182.548,72.901,568.935,96.696
2018-07-21 18:00:00,38.985,169.419,65.932,531.942,87.414
2018-07-21 19:00:00,37.054,157.97,65.532,498.282,86.284
2018-07-21 20:00:00,32.536,149.809,61.274,463.523,84.611
2018-07-21 21:00:00,26.592,120.924,49.285,376.478,72.321
2018-07-21 22:00:00,20.675,93.742,41.067,291.834,58.893
2018-07-21 23:00:00,17.618,77.26,34.505,243.579,48.816
2018-07-22 00:00:00,15.307,69.83,31.251,225.514,44.214
2018-07-22 01:00:00,14.563,68.234,30.036,211.353,43.228
2018-07-22 02:00:00,14.92,66.904,28.9,203.354,41.577
2018-07-22 03:00:00,14.539,64.768,30.103,201.816,41.224
2018-07-22 04:00:00,14.148,67.151,31.919,209.035,42.902
2018-07-22 05:00:00,15.296,70.325,33.396,219.979,47.72
2018-07-22 06:00:00,22.376,87.289,38.752,251.995,58.04
2018-07-22 07:00:00,26.647,104.876,47.405,295.36,68.975
2018-07-22 08:00:00,26.84,107.193,47.236,316.876,75.296
2018-07-22 09:00:00,24.769,107.343,52.889,339.535,84.596
2018-07-22 10:00:00,25.211,109.958,53.954,357.739,87.501
2018-07-22 11:00:00,27.755,128.162,62.315,370.978,95.151
2018-07-22 12:00:00,31.654,142.46,63.386,402.472,104.369
2018-07-22 13:00:00,31.822,149.473,69.763,425.366,108.591
2018-07-22 14:00:00,36.328,156.86,72.543,457.882,114.117
2018-07-22 15:00:00,36.425,169.026,73.875,503.407,113.921
2018-07-22 16:00:00,37.334,169.065,76.025,500.562,108.663
2018-07-22 17:00:00,35.708,163.999,72.088,485.458,106.887
2018-07-22 18:00:00,32.782,153.803,68.731,463.146,101.755
2018-07-22 19:00:00,33.882,149.511,68.699,459.285,99.618
2018-07-22 20:00:00,32.643,142.099,66.005,440.794,96.84
2018-07-22 21:00:00,29.374,128.611,58.047,392.231,85.312
2018-07-22 22:00:00,24.527,107.569,47.292,325.479,71.523
2018-07-22 23:00:00,23.247,91.433,42.108,285.731,61.214
2018-07-23 00:00:00,21.531,85.91,40.171,268.931,58.848
2018-07-23 01:00:00,19.284,83.489,35.83,259.009,55.717
2018-07-23 02:00:00,18.965,83.502,34.937,251.913,53.035
2018-07-23 03:00:00,19.202,82.624,36.359,252.632,53.501
2018-07-23 04:00:00,20.17,84.772,38.253,278.093,59.729
2018-07-23 05:00:00,23.056,96.291,42.631,324.984,71.886
2018-07-23 06:00:00,27.301,115.405,55.379,383.402,96.025
2018-07-23 07:00:00,27.62,136.198,62.614,430.447,111.991
2018-07-23 08:00:00,30.716,162.682,67.515,483.181,123.783
2018-07-23 09:00:00,33.707,171.174,74.006,533.609,137.68
2018-07-23 10:00:00,38.446,181.5,76.694,577.19,140.969
2018-07-23 11:00:00,39.323,200.408,83.652,609.003,141.978
2018-07-23 12:00:00,45.737,210.057,87.544,648.68,139.364
2018-07-23 13:00:00,45.641,212.734,88.303,656.178,143.629
2018-07-23 14:00:00,48.387,218.911,89.746,647.867,141.01
2018-07-23 15:00:00,50.153,222.323,91.527,673.585,145.494
2018-07-23 16:00:00,51.093,220.834,95.545,679.051,145.243
2018-07-23 17:00:00,47.167,209.395,90.429,657.373,141.55
2018-07-23 18:00:00,44.072,204.457,87.455,619.017,138.91
2018-07-23 19:00:00,42.141,194.159,83.483,583.192,127.726
2018-07-23 20:00:00,41.895,179.985,77.027,538.78,114.25
2018-07-23 21:00:00,34.771,149.533,66.707,455.459,97.964
2018-07-23 22:00:00,27.823,120.652,54.166,375.335,81.479
2018-07-23 23:00:00,24.683,100.9,47.093,325.236,67.32
2018-07-24 00:00:00,22.211,93.593,42.958,297.009,61.936
2018-07-24 01:00:00,21.304,88.837,39.847,278.301,58.281
2018-07-24 02:00:00,20.637,87.614,37.11,265.639,56.096
2018-07-24 03:00:00,20.533,84.588,36.896,261.63,55.668
2018-07-24 04:00:00,21.454,87.383,38.946,288.974,60.744
2018-07-24 05:00:00,25.052,102.593,44.589,339.937,73.153
2018-07-24 06:00:00,29.246,132.718,58.274,400.625,93.45
2018-07-24 07:00:00,30.828,152.2,69.446,466.794,115.271
2018-07-24 08:00:00,33.332,171.343,75.085,551.956,131.939
2018-07-24 09:00:00,40.928,199.835,83.674,614.854,139.797
2018-07-24 10:00:00,46.426,213.276,96.253,662.484,144.297
2018-07-24 11:00:00,46.977,228.452,97.103,706.959,148.264
2018-07-24 12:00:00,48.453,230.981,94.753,710.5,147.126
2018-07-24 13:00:00,52.536,234.27,93.303,706.085,147.519
2018-07-24 14:00:00,51.837,231.134,97.58,705.675,144.512
2018-07-24 15:00:00,52.709,230.61,100.757,707.021,150.7
2018-07-24 16:00:00,52.476,232.929,99.14,704.427,146.384
2018-07-24 17:00:00,51.209,220.882,95.168,682.286,141.291
2018-07-24 18:00:00,47.945,209.871,87.611,639.363,134.64
2018-07-24 19:00:00,47.109,194.289,85.322,598.788,127.846
2018-07-24 20:00:00,43.875,174.08,77.322,542.556,117.628
2018-07-24 21:00:00,35.752,149.642,67.911,470.399,101.764
2018-07-24 22:00:00,29.555,126.435,55.735,395.446,84.925
2018-07-24 23:00:00,26.738,108.286,48.046,333.584,72.642
2018-07-25 00:00:00,25.335,97.243,42.826,302.83,66.365
2018-07-25 01:00:00,23.41,92.504,39.785,286.763,63.2
2018-07-25 02:00:00,22.515,92.14,38.512,278.455,60.295
2018-07-25 03:00:00,22.574,90.131,38.153,276.6,60.51
2018-07-25 04:00:00,20.985,93.738,40.384,304.264,66.838
2018-07-25 05:00:00,26.517,108.546,46.704,361.442,80.271
2018-07-25 06:00:00,30.456,134.672,58.384,426.601,104.041
2018-07-25 07:00:00,35.461,152.942,71.288,481.777,119.71
2018-07-25 08:00:00,36.32,174.918,82.411,547.142,130.471
2018-07-25 09:00:00,41.996,199.621,87.976,611.966,135.191
2018-07-25 10:00:00,43.69,212.9,90.897,649.579,135.018
2018-07-25 11:00:00,45.013,213.406,95.099,662.242,141.364
2018-07-25 12:00:00,47.403,209.857,91.038,649.723,132.275
2018-07-25 13:00:00,43.762,203.079,88.428,615.195,130.078
2018-07-25 14:00:00,42.903,197.08,85.679,600.862,124.132
2018-07-25 15:00:00,43.395,192.96,80.418,592.574,131.263
2018-07-25 16:00:00,44.298,194.268,86.201,586.337,135.48
2018-07-25 17:00:00,42.524,191.258,86.459,555.489,134.171
2018-07-25 18:00:00,41.338,183.462,82.222,518.99,124.305
2018-07-25 19:00:00,39.942,179.907,76.768,518.107,123.611
2018-07-25 20:00:00,37.547,161.042,76.471,492.065,112.919
2018-07-25 21:00:00,34.257,137.603,65.79,424.489,96.78
2018-07-25 22:00:00,28.142,114.798,56.864,350.311,81.915
2018-07-25 23:00:00,24.016,98.981,47.171,296.038,69.382
2018-07-26 00:00:00,22.43,90.186,41.445,270.554,64.509
2018-07-26 01:00:00,21.296,88.794,39.303,260.665,62.894
2018-07-26 02:00:00,20.841,88.727,38.217,256.11,60.008
2018-07-26 03:00:00,21.93,89.181,38.985,255.536,60.646
2018-07-26 04:00:00,22.443,93.39,41.003,282.218,67.002
2018-07-26 05:00:00,25.75,103.858,49.386,325.714,74.0
2018-07-26 06:00:00,31.252,126.694,58.403,385.249,89.706
2018-07-26 07:00:00,35.544,149.269,66.746,438.89,105.642
2018-07-26 08:00:00,35.095,170.329,69.936,496.924,114.571
2018-07-26 09:00:00,37.603,182.365,79.825,541.174,121.045
2018-07-26 10:00:00,40.877,194.86,86.505,592.187,133.313
2018-07-26 11:00:00,44.061,209.881,90.73,626.045,130.922
2018-07-26 12:00:00,48.689,218.378,89.162,662.51,128.917
2018-07-26 13:00:00,49.944,225.484,92.159,678.42,134.746
2018-07-26 14:00:00,52.552,230.266,91.748,677.654,135.827
2018-07-26 15:00:00,51.601,227.436,95.409,646.932,138.487
2018-07-26 16:00:00,51.569,215.465,96.144,609.528,147.588
2018-07-26 17:00:00,47.429,202.026,93.743,588.291,141.804
2018-07-26 18:00:00,44.003,193.408,88.876,558.868,138.215
2018-07-26 19:00:00,45.894,191.959,81.558,534.529,127.851
2018-07-26 20:00:00,39.99,167.591,76.354,492.325,122.342
2018-07-26 21:00:00,35.98,141.947,65.33,411.828,99.713
2018-07-26 22:00:00,27.609,113.376,54.075,325.626,82.168
2018-07-26 23:00:00,22.836,93.044,46.331,284.872,73.6
2018-07-27 00:00:00,20.405,82.872,40.663,260.982,64.2
2018-07-27 01:00:00,18.511,78.657,38.932,247.142,61.039
2018-07-27 02:00:00,17.689,77.119,37.069,241.487,57.239
2018-07-27 03:00:00,18.165,75.735,36.739,241.475,56.472
2018-07-27 04:00:00,18.713,79.671,40.286,263.883,61.496
2018-07-27 05:00:00,23.383,98.539,44.621,316.423,71.963
2018-07-27 06:00:00,31.09,124.588,55.783,390.707,92.508
2018-07-27 07:00:00,33.191,151.424,63.201,456.879,106.598
2018-07-27 08:00:00,39.648,179.132,72.64,554.38,116.702
2018-07-27 09:00:00,44.287,207.101,87.236,642.71,126.407
2018-07-27 10:00:00,52.818,229.156,99.952,698.905,138.98
2018-07-27 11:00:00,52.545,237.712,102.55,739.179,143.428
2018-07-27 12:00:00,54.396,249.222,101.975,750.275,145.999
2018-07-27 13:00:00,56.742,245.756,101.733,742.592,144.953
2018-07-27 14:00:00,55.599,246.388,100.359,750.394,145.055
2018-07-27 15:00:00,57.857,244.413,105.208,759.576,151.983
2018-07-27 16:00:00,59.659,247.772,104.624,756.303,151.992
2018-07-27 17:00:00,53.345,230.494,97.491,715.477,149.347
2018-07-27 18:00:00,51.167,212.98,91.022,655.049,138.998
2018-07-27 19:00:00,49.886,208.527,87.067,625.748,131.765
2018-07-27 20:00:00,43.646,182.407,81.64,575.797,122.668
2018-07-27 21:00:00,36.237,153.669,69.418,485.286,107.811
2018-07-27 22:00:00,32.144,125.381,58.701,395.316,85.978
2018-07-27 23:00:00,26.44,105.389,49.433,336.235,72.222
2018-07-28 00:00:00,23.665,95.392,43.717,301.108,65.147
2018-07-28 01:00:00,22.093,91.344,40.615,282.564,60.312
2018-07-28 02:00:00,21.344,88.211,38.035,271.66,56.945
2018-07-28 03:00:00,21.137,85.254,37.204,268.841,55.09
2018-07-28 04:00:00,21.232,84.803,36.992,283.268,55.834
2018-07-28 05:00:00,22.363,89.652,39.524,288.362,60.519
2018-07-28 06:00:00,26.309,112.864,49.905,345.91,73.96
2018-07-28 07:00:00,32.519,142.006,62.711,430.905,97.499
2018-07-28 08:00:00,39.822,166.397,76.422,506.045,118.148
2018-07-28 09:00:00,43.834,193.241,88.277,580.121,129.491
2018-07-28 10:00:00,46.0,208.437,94.652,646.27,137.924
2018-07-28 11:00:00,50.944,227.767,98.361,655.449,141.084
2018-07-28 12:00:00,54.963,233.624,99.761,682.111,143.506
2018-07-28 13:00:00,53.903,238.537,102.215,687.29,144.81
2018-07-28 14:00:00,52.934,234.652,101.604,690.781,148.09
2018-07-28 15:00:00,53.462,232.827,96.107,703.782,147.894
2018-07-28 16:00:00,49.761,216.442,89.44,680.446,140.945
2018-07-28 17:00:00,46.622,209.189,85.256,637.841,134.743
2018-07-28 18:00:00,44.005,189.33,82.513,601.727,128.453
2018-07-28 19:00:00,40.797,176.984,76.222,571.884,122.005
2018-07-28 20:00:00,38.746,171.874,74.612,540.067,115.969
2018-07-28 21:00:00,32.907,141.649,64.38,446.779,95.323
2018-07-28 22:00:00,28.164,112.727,52.423,366.356,77.016
2018-07-28 23:00:00,22.592,93.22,44.87,312.032,65.816
2018-07-29 00:00:00,20.06,83.005,38.826,268.836,60.265
2018-07-29 01:00:00,19.244,81.139,36.155,247.473,58.827
2018-07-29 02:00:00,19.245,79.045,35.717,237.413,57.052
2018-07-29 03:00:00,18.709,77.107,33.355,230.578,55.803
2018-07-29 04:00:00,18.315,76.192,33.671,228.353,54.361
2018-07-29 05:00:00,18.302,78.983,36.641,240.289,57.36
2018-07-29 06:00:00,25.826,98.468,47.505,298.773,72.096
2018-07-29 07:00:00,28.741,122.733,58.753,376.844,92.977
2018-07-29 08:00:00,33.045,149.303,72.719,437.082,107.711
2018-07-29 09:00:00,38.766,174.251,82.509,491.939,117.945
2018-07-29 10:00:00,44.125,186.426,92.04,525.981,128.687
2018-07-29 11:00:00,50.548,200.071,92.341,563.692,135.051
2018-07-29 12:00:00,53.4,204.453,93.887,585.082,138.19
2018-07-29 13:00:00,50.148,210.056,97.926,588.602,138.803
2018-07-29 14:00:00,48.558,211.809,100.175,604.89,139.292
2018-07-29 15:00:00,50.369,221.565,100.052,614.152,144.407
2018-07-29 16:00:00,51.031,221.068,98.415,615.649,147.536
2018-07-29 17:00:00,48.709,211.469,95.734,583.66,138.9
2018-07-29 18:00:00,46.808,203.057,91.824,557.723,133.723
2018-07-29 19:00:00,43.731,182.359,87.067,514.734,124.734
2018-07-29 20:00:00,39.361,175.179,80.33,463.342,117.508
2018-07-29 21:00:00,32.23,140.543,66.718,387.576,97.642
2018-07-29 22:00:00,25.149,110.686,52.494,306.521,76.025
2018-07-29 23:00:00,21.559,89.988,44.619,255.278,63.98
2018-07-30 00:00:00,18.473,80.94,39.577,228.521,58.037
2018-07-30 01:00:00,16.856,75.47,35.79,213.759,53.915
2018-07-30 02:00:00,16.368,72.027,33.088,208.684,50.378
2018-07-30 03:00:00,15.81,69.794,33.016,209.113,51.907
2018-07-30 04:00:00,16.105,70.756,33.533,228.344,54.055
2018-07-30 05:00:00,18.68,81.815,36.512,262.785,63.372
2018-07-30 06:00:00,22.873,103.73,47.048,330.165,83.199
2018-07-30 07:00:00,27.5,129.408,57.188,399.58,99.115
2018-07-30 08:00:00,33.156,158.985,68.915,467.694,115.893
2018-07-30 09:00:00,37.662,183.202,81.516,527.917,126.633
2018-07-30 10:00:00,44.726,201.997,89.621,579.911,138.011
2018-07-30 11:00:00,45.652,212.492,92.695,620.36,137.419
2018-07-30 12:00:00,45.017,207.573,88.752,634.792,131.419
2018-07-30 13:00:00,44.017,203.905,87.401,624.708,129.116
2018-07-30 14:00:00,41.641,197.149,86.872,605.962,127.104
2018-07-30 15:00:00,38.855,189.09,80.602,582.881,126.053
2018-07-30 16:00:00,38.43,181.412,81.6,564.016,124.197
2018-07-30 17:00:00,38.351,171.476,76.368,537.435,118.618
2018-07-30 18:00:00,35.763,163.852,75.884,516.201,112.314
2018-07-30 19:00:00,35.64,165.912,71.678,492.265,104.132
2018-07-30 20:00:00,36.583,153.158,68.952,453.18,100.289
2018-07-30 21:00:00,29.341,126.67,67.214,378.114,87.208
2018-07-30 22:00:00,25.966,102.485,49.925,304.836,70.769
2018-07-30 23:00:00,21.373,87.288,41.207,267.173,59.456
2018-07-31 00:00:00,18.359,76.868,36.67,248.731,53.22
2018-07-31 01:00:00,16.684,73.53,34.177,229.883,49.644
2018-07-31 02:00:00,16.514,71.697,32.084,223.266,46.09
2018-07-31 03:00:00,16.85,68.442,32.03,220.528,46.8
2018-07-31 04:00:00,17.453,71.336,35.093,238.213,49.983
2018-07-31 05:00:00,18.839,82.514,41.126,273.902,62.411
2018-07-31 06:00:00,23.274,103.14,48.348,332.084,79.716
2018-07-31 07:00:00,25.443,123.651,58.104,404.574,94.571
2018-07-31 08:00:00,32.89,153.776,72.776,481.12,108.703
2018-07-31 09:00:00,39.733,184.983,77.487,560.869,123.438
2018-07-31 10:00:00,43.652,198.425,85.819,612.659,130.538
2018-07-31 11:00:00,44.37,206.324,91.212,657.969,137.245
2018-07-31 12:00:00,45.26,210.782,97.574,684.313,139.136
2018-07-31 13:00:00,48.75,217.635,94.663,694.223,135.87
2018-07-31 14:00:00,49.144,225.72,95.649,701.703,140.164
2018-07-31 15:00:00,50.096,232.71,97.482,727.013,145.138
2018-07-31 16:00:00,52.643,233.588,96.075,736.654,142.572
2018-07-31 17:00:00,50.49,220.331,92.175,703.233,136.298
2018-07-31 18:00:00,47.25,206.932,85.156,654.833,131.37
2018-07-31 19:00:00,46.474,194.439,81.853,600.706,126.447
2018-07-31 20:00:00,38.108,170.567,76.764,544.113,111.052
2018-07-31 21:00:00,32.532,141.537,64.014,455.286,94.711
2018-07-31 22:00:00,28.083,108.532,51.512,360.797,75.943
2018-07-31 23:00:00,22.462,89.079,43.134,300.047,63.74
2018-08-01 00:00:00,19.037,78.472,38.769,263.362,56.996
2018-08-01 01:00:00,16.953,74.667,35.305,241.34,52.972
2018-08-01 02:00:00,16.165,70.778,34.825,229.686,51.235
2018-08-01 03:00:00,16.59,68.885,33.671,227.034,52.933
2018-08-01 04:00:00,17.696,73.853,37.363,247.973,58.101
2018-08-01 05:00:00,19.361,89.478,42.177,282.187,65.79
2018-08-01 06:00:00,24.203,103.954,51.782,334.509,83.318
2018-08-01 07:00:00,25.624,123.414,59.254,396.413,93.233
2018-08-01 08:00:00,28.01,136.245,62.528,451.408,107.85
2018-08-01 09:00:00,29.216,147.95,66.085,500.384,118.464
2018-08-01 10:00:00,30.219,153.927,70.222,525.187,129.609
2018-08-01 11:00:00,32.386,162.76,75.272,553.548,141.438
2018-08-01 12:00:00,33.59,171.693,81.16,591.626,137.916
2018-08-01 13:00:00,37.49,189.711,85.644,609.293,139.455
2018-08-01 14:00:00,40.889,198.197,88.32,629.702,145.506
2018-08-01 15:00:00,46.064,204.633,92.959,635.61,151.607
2018-08-01 16:00:00,51.065,217.559,93.757,654.676,150.683
2018-08-01 17:00:00,47.511,209.049,86.618,649.567,148.895
2018-08-01 18:00:00,47.846,212.193,86.517,618.127,142.568
2018-08-01 19:00:00,46.242,205.866,84.02,598.071,138.317
2018-08-01 20:00:00,43.675,183.945,81.705,558.606,123.171
2018-08-01 21:00:00,37.535,157.172,71.375,474.222,106.171
2018-08-01 22:00:00,31.64,131.909,58.77,382.854,87.737
2018-08-01 23:00:00,28.514,116.571,51.679,335.711,77.544
2018-08-02 00:00:00,26.571,105.414,45.079,308.906,71.572
2018-08-02 01:00:00,24.332,101.27,45.037,294.996,69.888
2018-08-02 02:00:00,24.495,101.284,42.93,289.206,68.077
2018-08-02 03:00:00,24.781,101.835,43.781,287.675,66.729
2018-08-02 04:00:00,24.112,108.441,44.573,313.562,75.172
2018-08-02 05:00:00,27.245,121.615,50.1,369.402,82.77
2018-08-02 06:00:00,34.912,146.828,58.793,456.058,100.453
2018-08-02 07:00:00,41.652,175.813,71.047,549.643,122.026
2018-08-02 08:00:00,46.22,207.854,85.137,644.856,136.834
2018-08-02 09:00:00,50.927,240.336,94.882,711.688,150.046
2018-08-02 10:00:00,57.626,254.831,102.556,750.967,149.27
2018-08-02 11:00:00,59.117,270.315,103.741,785.901,153.04
2018-08-02 12:00:00,61.1,269.773,107.148,793.15,151.713
2018-08-02 13:00:00,61.27,265.509,104.522,799.189,153.125
2018-08-02 14:00:00,61.276,267.688,105.524,801.046,149.908
2018-08-02 15:00:00,60.805,267.676,106.431,793.24,152.903
2018-08-02 16:00:00,61.523,260.734,105.102,788.149,154.627
2018-08-02 17:00:00,55.818,250.497,104.198,738.261,150.738
2018-08-02 18:00:00,54.986,237.344,98.045,689.749,145.069
2018-08-02 19:00:00,52.2,226.485,94.169,660.508,139.724
2018-08-02 20:00:00,47.884,209.6,85.951,599.082,134.626
2018-08-02 21:00:00,41.122,174.317,77.866,508.338,112.539
2018-08-02 22:00:00,34.77,144.221,65.693,420.667,91.496
2018-08-02 23:00:00,29.999,124.681,55.116,359.945,79.064
2018-08-03 00:00:00,28.909,115.109,48.592,327.78,73.808
2018-08-03 01:00:00,27.381,110.517,45.742,307.282,69.449
2018-08-03 02:00:00,27.214,107.31,44.426,292.477,66.792
2018-08-03 03:00:00,26.316,101.434,43.166,288.997,67.06
2018-08-03 04:00:00,25.618,104.406,46.652,326.226,71.561
2018-08-03 05:00:00,27.286,121.935,50.621,369.543,82.488
2018-08-03 06:00:00,35.102,154.324,60.488,447.124,103.761
2018-08-03 07:00:00,40.977,186.26,76.056,531.562,113.649
2018-08-03 08:00:00,43.324,208.499,82.406,597.607,131.243
2018-08-03 09:00:00,48.092,232.672,92.538,657.746,144.808
2018-08-03 10:00:00,53.325,245.181,98.699,697.419,148.108
2018-08-03 11:00:00,57.323,257.593,101.484,735.852,155.827
2018-08-03 12:00:00,57.049,253.761,100.236,762.362,155.593
2018-08-03 13:00:00,57.308,254.969,102.86,777.767,157.477
2018-08-03 14:00:00,58.597,257.541,106.607,773.561,151.755
2018-08-03 15:00:00,63.292,257.407,106.869,774.766,152.649
2018-08-03 16:00:00,60.36,255.012,105.549,764.352,151.82
2018-08-03 17:00:00,57.734,240.776,103.859,726.842,151.965
2018-08-03 18:00:00,52.664,230.227,98.305,684.141,147.439
2018-08-03 19:00:00,52.924,219.45,95.961,653.592,137.755
2018-08-03 20:00:00,46.822,196.911,91.57,598.747,130.002
2018-08-03 21:00:00,40.258,166.41,79.951,506.866,111.19
2018-08-03 22:00:00,34.674,140.824,64.22,419.836,90.975
2018-08-03 23:00:00,30.376,116.055,54.233,362.008,80.139
2018-08-04 00:00:00,26.831,105.782,48.938,329.496,72.918
2018-08-04 01:00:00,24.478,100.812,44.733,308.224,67.706
2018-08-04 02:00:00,24.337,98.014,42.937,295.126,64.778
2018-08-04 03:00:00,24.044,95.537,40.788,291.246,62.86
2018-08-04 04:00:00,23.508,100.101,42.764,307.463,65.697
2018-08-04 05:00:00,25.767,108.64,47.98,322.653,70.94
2018-08-04 06:00:00,30.994,138.428,61.917,385.038,88.922
2018-08-04 07:00:00,38.31,171.739,72.741,470.007,112.269
2018-08-04 08:00:00,46.364,188.358,82.873,527.031,126.795
2018-08-04 09:00:00,45.642,186.896,87.64,519.067,128.489
2018-08-04 10:00:00,39.611,165.181,81.027,491.283,126.581
2018-08-04 11:00:00,34.86,156.187,83.043,478.373,126.022
2018-08-04 12:00:00,30.517,145.949,74.027,451.513,116.347
2018-08-04 13:00:00,29.226,148.912,69.937,455.856,110.056
2018-08-04 14:00:00,32.822,153.674,69.855,483.661,111.51
2018-08-04 15:00:00,33.428,158.331,70.74,522.723,115.179
2018-08-04 16:00:00,36.027,160.025,71.314,554.045,113.651
2018-08-04 17:00:00,37.073,166.626,72.418,573.788,119.409
2018-08-04 18:00:00,37.212,171.813,74.456,570.475,120.186
2018-08-04 19:00:00,36.962,164.211,75.473,541.165,116.092
2018-08-04 20:00:00,34.27,156.008,70.698,493.374,111.424
2018-08-04 21:00:00,30.307,130.631,60.482,413.233,94.196
2018-08-04 22:00:00,26.627,102.024,51.572,339.378,73.341
2018-08-04 23:00:00,22.227,84.638,40.334,287.63,64.336
2018-08-05 00:00:00,18.533,78.831,36.484,256.195,58.803
2018-08-05 01:00:00,17.65,75.852,33.787,244.659,55.06
2018-08-05 02:00:00,17.754,75.144,32.514,236.308,53.187
2018-08-05 03:00:00,17.141,73.46,31.721,230.316,52.582
2018-08-05 04:00:00,16.208,76.893,34.065,234.817,54.882
2018-08-05 05:00:00,17.305,80.665,38.485,244.798,58.569
2018-08-05 06:00:00,23.391,103.754,53.35,311.888,80.539
2018-08-05 07:00:00,31.358,131.84,61.584,383.599,95.531
2018-08-05 08:00:00,37.858,162.434,75.984,474.99,114.686
2018-08-05 09:00:00,45.703,194.45,88.509,552.803,129.126
2018-08-05 10:00:00,54.151,217.291,95.489,610.228,141.129
2018-08-05 11:00:00,53.524,228.929,98.795,641.858,147.59
2018-08-05 12:00:00,56.544,238.845,101.846,658.122,150.392
2018-08-05 13:00:00,55.598,234.145,105.56,687.653,152.103
2018-08-05 14:00:00,57.534,240.605,105.303,701.876,152.407
2018-08-05 15:00:00,60.394,246.638,107.512,715.036,153.678
2018-08-05 16:00:00,63.183,245.27,104.993,712.709,148.123
2018-08-05 17:00:00,55.874,233.91,100.781,690.426,147.924
2018-08-05 18:00:00,52.83,221.657,95.757,648.6,141.313
2018-08-05 19:00:00,49.18,209.946,87.43,613.562,134.294
2018-08-05 20:00:00,44.482,192.482,80.379,553.771,127.171
2018-08-05 21:00:00,36.348,166.392,71.581,466.962,110.569
2018-08-05 22:00:00,31.692,135.632,61.27,382.297,93.439
2018-08-05 23:00:00,27.767,112.592,51.485,331.688,79.599
2018-08-06 00:00:00,24.695,100.617,46.864,298.45,72.517
2018-08-06 01:00:00,22.277,94.682,42.144,275.586,68.575
2018-08-06 02:00:00,21.389,90.195,39.988,260.623,62.821
2018-08-06 03:00:00,20.822,83.896,39.223,256.584,62.549
2018-08-06 04:00:00,20.949,88.969,39.546,273.941,68.212
2018-08-06 05:00:00,23.3,99.238,42.818,311.596,79.168
2018-08-06 06:00:00,29.615,127.789,55.274,383.971,102.482
2018-08-06 07:00:00,34.477,163.83,68.303,480.04,119.452
2018-08-06 08:00:00,39.342,197.382,81.185,575.498,140.986
2018-08-06 09:00:00,49.213,231.037,96.276,666.875,155.907
2018-08-06 10:00:00,54.71,247.548,107.199,731.392,162.311
2018-08-06 11:00:00,56.822,255.637,111.037,771.413,167.293
2018-08-06 12:00:00,59.185,261.804,112.31,791.549,163.984
2018-08-06 13:00:00,61.304,265.66,113.536,807.904,164.781
2018-08-06 14:00:00,61.317,266.952,111.011,804.956,160.704
2018-08-06 15:00:00,61.449,267.894,114.438,820.812,163.064
2018-08-06 16:00:00,63.242,265.418,112.128,811.907,160.228
2018-08-06 17:00:00,60.913,253.58,112.097,774.665,157.049
2018-08-06 18:00:00,58.059,244.919,103.973,717.106,148.517
2018-08-06 19:00:00,54.333,235.242,99.078,688.034,144.64
2018-08-06 20:00:00,50.467,218.496,93.401,635.741,136.367
2018-08-06 21:00:00,41.904,180.669,82.09,529.322,124.272
2018-08-06 22:00:00,34.941,149.126,66.501,435.239,98.096
2018-08-06 23:00:00,30.292,129.128,56.15,377.644,85.723
2018-08-07 00:00:00,27.022,113.153,49.691,336.785,77.084
2018-08-07 01:00:00,24.424,103.527,45.44,310.827,71.997
2018-08-07 02:00:00,24.167,99.14,43.839,298.184,69.536
2018-08-07 03:00:00,22.94,93.695,43.193,291.478,67.505
2018-08-07 04:00:00,22.577,95.915,45.29,311.481,74.171
2018-08-07 05:00:00,26.785,111.657,49.717,357.311,82.439
2018-08-07 06:00:00,37.183,138.056,61.629,427.426,103.457
2018-08-07 07:00:00,39.738,175.315,73.181,525.486,121.289
2018-08-07 08:00:00,44.862,215.107,83.613,626.035,141.551
2018-08-07 09:00:00,51.42,240.808,97.04,706.409,149.926
2018-08-07 10:00:00,56.28,252.488,105.604,766.569,153.294
2018-08-07 11:00:00,56.604,264.825,110.684,797.228,157.423
2018-08-07 12:00:00,58.971,266.375,110.705,802.354,153.322
2018-08-07 13:00:00,59.342,259.481,106.735,801.913,153.923
2018-08-07 14:00:00,59.07,259.51,102.846,793.954,149.372
2018-08-07 15:00:00,60.69,254.514,104.429,791.764,155.419
2018-08-07 16:00:00,59.332,253.717,106.547,794.542,158.648
2018-08-07 17:00:00,54.534,241.538,100.277,738.952,152.386
2018-08-07 18:00:00,51.1,222.22,93.256,693.986,143.457
2018-08-07 19:00:00,53.351,213.726,91.937,665.225,137.429
2018-08-07 20:00:00,46.896,192.948,89.444,594.19,128.04
2018-08-07 21:00:00,39.788,168.541,76.433,509.128,110.181
2018-08-07 22:00:00,33.751,139.996,64.419,436.022,91.719
2018-08-07 23:00:00,31.944,122.571,54.195,381.842,81.084
2018-08-08 00:00:00,27.343,108.547,47.767,340.202,71.601
2018-08-08 01:00:00,24.681,102.039,44.787,310.307,66.156
2018-08-08 02:00:00,23.873,98.324,42.69,296.155,64.086
2018-08-08 03:00:00,23.183,93.944,41.937,292.977,63.12
2018-08-08 04:00:00,22.619,101.177,44.083,321.169,67.308
2018-08-08 05:00:00,25.111,111.012,50.187,355.501,78.881
2018-08-08 06:00:00,30.314,133.323,60.488,424.579,97.779
2018-08-08 07:00:00,39.398,164.437,72.382,510.484,119.756
2018-08-08 08:00:00,39.269,188.516,82.727,609.483,131.848
2018-08-08 09:00:00,48.619,212.873,93.28,692.938,144.057
2018-08-08 10:00:00,53.15,236.706,103.209,743.064,154.053
2018-08-08 11:00:00,53.929,248.791,105.492,764.027,159.477
2018-08-08 12:00:00,53.455,250.013,105.815,778.768,157.973
2018-08-08 13:00:00,56.533,254.011,105.46,785.018,160.326
2018-08-08 14:00:00,57.581,252.688,108.323,775.027,157.125
2018-08-08 15:00:00,57.8,254.038,107.611,777.35,160.586
2018-08-08 16:00:00,59.064,251.416,108.538,763.995,160.119
2018-08-08 17:00:00,57.2,240.043,102.371,732.956,156.427
2018-08-08 18:00:00,54.369,223.66,100.016,691.029,146.716
2018-08-08 19:00:00,51.354,214.712,95.864,653.227,140.39
2018-08-08 20:00:00,46.925,195.325,89.943,597.499,134.506
2018-08-08 21:00:00,42.114,168.986,77.517,513.425,117.235
2018-08-08 22:00:00,34.003,139.53,67.386,420.167,97.934
2018-08-08 23:00:00,29.824,120.118,58.92,359.215,84.931
2018-08-09 00:00:00,26.857,108.477,52.046,327.251,77.455
2018-08-09 01:00:00,24.635,103.012,47.679,303.126,73.748
2018-08-09 02:00:00,24.626,101.315,46.998,290.147,71.344
2018-08-09 03:00:00,24.558,96.292,46.658,279.757,71.835
2018-08-09 04:00:00,23.957,101.536,48.335,301.379,74.612
2018-08-09 05:00:00,27.04,114.901,53.226,334.463,82.131
2018-08-09 06:00:00,31.596,133.314,64.051,388.606,96.832
2018-08-09 07:00:00,35.938,152.656,71.129,433.637,113.049
2018-08-09 08:00:00,37.209,168.319,76.851,496.65,123.75
2018-08-09 09:00:00,43.426,188.843,84.723,552.993,131.35
2018-08-09 10:00:00,46.639,207.785,92.731,623.897,132.266
2018-08-09 11:00:00,48.121,223.973,97.139,677.319,144.65
2018-08-09 12:00:00,52.509,237.929,98.747,704.009,144.747
2018-08-09 13:00:00,55.99,246.111,104.843,719.296,152.362
2018-08-09 14:00:00,56.255,247.684,105.477,731.844,153.059
2018-08-09 15:00:00,56.102,252.067,107.79,747.542,161.402
2018-08-09 16:00:00,58.486,256.361,107.813,743.945,160.341
2018-08-09 17:00:00,57.229,243.977,105.272,712.708,156.395
2018-08-09 18:00:00,53.421,229.592,100.868,677.685,146.992
2018-08-09 19:00:00,53.209,221.406,97.179,632.861,136.914
2018-08-09 20:00:00,49.099,197.658,92.068,568.722,126.742
2018-08-09 21:00:00,39.068,164.013,75.168,475.95,109.883
2018-08-09 22:00:00,31.528,128.388,58.935,385.133,93.426
2018-08-09 23:00:00,25.664,107.747,50.752,322.726,79.166
2018-08-10 00:00:00,23.186,94.718,44.344,287.263,67.573
2018-08-10 01:00:00,21.054,89.495,41.696,265.812,62.115
2018-08-10 02:00:00,20.167,86.235,39.08,249.125,56.834
2018-08-10 03:00:00,19.457,83.142,37.472,243.646,56.226
2018-08-10 04:00:00,19.475,81.63,38.925,260.207,59.419
2018-08-10 05:00:00,21.971,91.916,43.331,288.009,71.643
2018-08-10 06:00:00,26.143,117.884,54.417,358.404,85.522
2018-08-10 07:00:00,31.649,148.532,66.523,440.124,102.763
2018-08-10 08:00:00,37.902,174.314,75.295,531.713,123.206
2018-08-10 09:00:00,44.318,206.363,86.442,620.061,134.034
2018-08-10 10:00:00,46.74,218.664,97.617,666.104,146.434
2018-08-10 11:00:00,49.388,232.813,100.272,697.599,153.692
2018-08-10 12:00:00,53.64,236.234,103.716,709.186,155.943
2018-08-10 13:00:00,54.286,240.547,106.505,715.437,156.012
2018-08-10 14:00:00,53.353,239.099,104.388,729.31,158.134
2018-08-10 15:00:00,55.596,240.924,107.053,731.828,159.811
2018-08-10 16:00:00,56.218,231.604,109.652,711.515,156.232
2018-08-10 17:00:00,55.482,226.211,102.454,667.342,153.496
2018-08-10 18:00:00,51.827,215.472,97.831,625.132,143.05
2018-08-10 19:00:00,48.559,202.175,89.081,591.456,135.704
2018-08-10 20:00:00,46.578,183.626,82.633,537.749,125.014
2018-08-10 21:00:00,35.657,153.147,74.345,446.887,104.491
2018-08-10 22:00:00,31.336,124.074,62.492,361.412,87.151
2018-08-10 23:00:00,25.824,105.275,50.552,312.351,73.86
2018-08-11 00:00:00,22.303,92.241,43.738,287.377,65.787
2018-08-11 01:00:00,20.883,88.024,40.397,270.578,62.997
2018-08-11 02:00:00,20.611,84.169,37.677,258.172,61.418
2018-08-11 03:00:00,19.692,80.634,36.192,253.66,62.283
2018-08-11 04:00:00,19.264,82.879,37.399,265.326,63.377
2018-08-11 05:00:00,20.873,83.874,39.396,265.987,63.867
2018-08-11 06:00:00,24.746,99.066,48.29,301.699,75.289
2018-08-11 07:00:00,27.87,115.263,56.692,343.849,90.919
2018-08-11 08:00:00,31.942,124.176,61.267,385.487,105.846
2018-08-11 09:00:00,33.061,129.009,68.682,394.573,106.831
2018-08-11 10:00:00,29.036,134.349,73.783,403.988,111.725
2018-08-11 11:00:00,31.498,141.222,70.828,416.529,112.173
2018-08-11 12:00:00,30.015,144.041,70.761,428.693,108.357
2018-08-11 13:00:00,29.686,146.349,72.718,444.968,107.054
2018-08-11 14:00:00,33.187,147.102,75.688,450.674,110.361
2018-08-11 15:00:00,33.043,153.778,78.804,469.58,118.619
2018-08-11 16:00:00,34.464,159.88,76.746,481.334,119.011
2018-08-11 17:00:00,34.054,157.413,71.635,476.068,115.878
2018-08-11 18:00:00,33.522,153.123,73.765,470.661,106.376
2018-08-11 19:00:00,34.049,150.649,72.97,470.389,107.375
2018-08-11 20:00:00,32.31,143.053,67.366,446.689,104.835
2018-08-11 21:00:00,27.764,123.619,58.534,383.675,93.93
2018-08-11 22:00:00,25.875,103.695,49.282,310.667,74.634
2018-08-11 23:00:00,22.042,85.972,40.778,267.907,61.926
2018-08-12 00:00:00,18.612,79.213,37.352,243.276,57.352
2018-08-12 01:00:00,18.346,78.183,35.204,233.289,55.279
2018-08-12 02:00:00,19.648,78.615,34.809,232.849,51.953
2018-08-12 03:00:00,18.361,79.245,34.753,234.861,50.968
2018-08-12 04:00:00,18.191,82.421,36.051,243.553,52.932
2018-08-12 05:00:00,19.328,84.827,36.576,247.099,57.309
2018-08-12 06:00:00,22.471,102.09,47.365,295.071,66.311
2018-08-12 07:00:00,25.852,118.252,56.51,336.634,77.729
2018-08-12 08:00:00,27.389,122.591,60.324,363.066,92.453
2018-08-12 09:00:00,28.769,136.386,64.219,383.89,110.622
2018-08-12 10:00:00,33.324,140.85,72.421,429.539,121.831
2018-08-12 11:00:00,34.018,159.23,77.484,471.546,126.08
2018-08-12 12:00:00,38.163,170.302,85.436,508.732,131.771
2018-08-12 13:00:00,38.267,174.958,84.839,522.544,136.124
2018-08-12 14:00:00,39.828,185.686,91.027,498.97,140.521
2018-08-12 15:00:00,42.173,186.178,95.482,485.296,142.947
2018-08-12 16:00:00,39.795,173.261,95.332,482.752,139.54
2018-08-12 17:00:00,36.049,158.148,87.747,456.491,136.234
2018-08-12 18:00:00,34.745,146.822,83.347,449.081,130.641
2018-08-12 19:00:00,34.793,145.57,78.945,447.018,125.821
2018-08-12 20:00:00,33.707,138.899,71.199,425.147,117.24
2018-08-12 21:00:00,27.355,118.611,62.517,368.123,100.324
2018-08-12 22:00:00,23.154,97.035,53.22,296.687,77.31
2018-08-12 23:00:00,20.829,80.519,43.912,257.474,67.094
2018-08-13 00:00:00,18.143,75.578,40.581,236.866,60.101
2018-08-13 01:00:00,16.695,74.772,37.138,228.032,56.29
2018-08-13 02:00:00,16.362,74.213,35.321,225.195,54.028
2018-08-13 03:00:00,16.31,71.371,35.185,222.488,54.426
2018-08-13 04:00:00,17.555,74.158,38.729,244.64,58.922
2018-08-13 05:00:00,18.449,82.422,41.866,279.499,65.973
2018-08-13 06:00:00,22.864,99.131,47.881,330.49,80.55
2018-08-13 07:00:00,24.084,112.254,53.595,359.924,91.496
2018-08-13 08:00:00,25.036,126.613,61.169,387.2,98.191
2018-08-13 09:00:00,24.884,133.388,61.977,418.654,99.696
2018-08-13 10:00:00,27.161,141.113,66.274,435.124,100.609
2018-08-13 11:00:00,27.567,137.623,72.019,448.359,102.609
2018-08-13 12:00:00,28.186,132.905,71.326,444.486,98.433
2018-08-13 13:00:00,26.32,129.122,65.449,432.782,101.956
2018-08-13 14:00:00,27.085,127.504,65.248,424.847,99.503
2018-08-13 15:00:00,28.242,137.885,68.424,437.469,102.74
2018-08-13 16:00:00,30.839,141.09,67.03,456.477,106.139
2018-08-13 17:00:00,32.567,141.899,66.554,467.272,110.207
2018-08-13 18:00:00,34.417,145.917,70.207,444.393,112.775
2018-08-13 19:00:00,31.959,154.973,67.204,443.535,114.695
2018-08-13 20:00:00,32.899,149.208,66.503,437.407,108.016
2018-08-13 21:00:00,30.714,127.285,59.225,377.231,94.832
2018-08-13 22:00:00,24.905,103.909,49.209,318.95,78.796
2018-08-13 23:00:00,22.017,90.014,40.447,274.637,68.384
2018-08-14 00:00:00,19.167,80.465,37.333,256.375,64.12
2018-08-14 01:00:00,18.194,80.096,35.672,246.523,60.966
2018-08-14 02:00:00,17.522,78.909,35.426,239.519,55.97
2018-08-14 03:00:00,17.496,77.463,36.757,239.223,56.976
2018-08-14 04:00:00,17.861,81.183,39.19,271.091,63.068
2018-08-14 05:00:00,22.833,92.314,49.47,311.195,73.163
2018-08-14 06:00:00,29.448,111.871,55.755,366.895,87.306
2018-08-14 07:00:00,30.518,130.123,60.363,415.85,103.479
2018-08-14 08:00:00,33.736,149.487,70.299,471.735,126.986
2018-08-14 09:00:00,37.673,180.423,82.03,552.415,146.604
2018-08-14 10:00:00,43.097,202.547,91.018,609.404,153.574
2018-08-14 11:00:00,48.352,224.468,95.713,596.216,156.27
2018-08-14 12:00:00,50.759,222.223,99.327,583.446,155.428
2018-08-14 13:00:00,50.665,221.561,100.046,613.393,154.682
2018-08-14 14:00:00,53.024,227.413,100.756,663.306,147.713
2018-08-14 15:00:00,53.142,231.461,102.417,702.608,152.013
2018-08-14 16:00:00,52.538,231.38,103.306,693.959,154.497
2018-08-14 17:00:00,52.992,220.887,99.281,664.995,150.217
2018-08-14 18:00:00,48.739,201.209,91.288,620.966,140.448
2018-08-14 19:00:00,46.809,191.468,84.314,578.709,137.123
2018-08-14 20:00:00,39.308,169.865,79.468,522.796,129.996
2018-08-14 21:00:00,33.492,139.271,67.877,433.347,107.241
2018-08-14 22:00:00,28.917,115.265,58.885,347.082,83.16
2018-08-14 23:00:00,23.289,93.627,50.359,294.484,71.18
2018-08-15 00:00:00,20.324,83.748,43.037,264.732,64.524
2018-08-15 01:00:00,18.472,80.326,38.566,248.446,60.013
2018-08-15 02:00:00,18.768,77.767,37.35,240.508,56.914
2018-08-15 03:00:00,17.772,76.829,37.418,241.155,56.181
2018-08-15 04:00:00,18.893,78.079,40.738,266.599,62.357
2018-08-15 05:00:00,20.065,85.159,43.536,299.385,70.704
2018-08-15 06:00:00,23.619,107.495,52.217,360.477,87.499
2018-08-15 07:00:00,26.612,128.396,63.08,415.766,101.431
2018-08-15 08:00:00,31.867,143.654,65.491,468.203,113.741
2018-08-15 09:00:00,37.194,169.555,77.09,538.198,122.818
2018-08-15 10:00:00,40.253,190.994,91.049,601.065,132.928
2018-08-15 11:00:00,44.924,214.405,96.459,648.127,139.178
2018-08-15 12:00:00,48.153,224.102,99.189,684.946,143.556
2018-08-15 13:00:00,50.855,224.431,104.484,704.386,146.35
2018-08-15 14:00:00,52.958,231.238,107.117,719.699,146.151
2018-08-15 15:00:00,54.977,243.835,114.38,724.132,153.787
2018-08-15 16:00:00,56.095,244.48,111.353,738.022,153.457
2018-08-15 17:00:00,54.62,240.743,108.216,702.72,150.163
2018-08-15 18:00:00,52.159,225.095,102.325,659.043,144.391
2018-08-15 19:00:00,49.324,209.442,96.053,617.044,140.03
2018-08-15 20:00:00,46.407,194.533,87.207,555.723,128.533
2018-08-15 21:00:00,37.852,164.622,76.576,456.445,103.761
2018-08-15 22:00:00,32.116,130.443,63.209,369.162,85.318
2018-08-15 23:00:00,26.862,109.114,54.82,316.954,73.782
2018-08-16 00:00:00,24.435,94.884,47.586,287.929,68.707
2018-08-16 01:00:00,23.276,91.224,46.054,272.564,64.21
2018-08-16 02:00:00,21.951,90.379,43.568,261.075,60.913
2018-08-16 03:00:00,21.918,88.643,43.5,259.777,62.342
2018-08-16 04:00:00,21.674,94.09,43.297,296.287,66.335
2018-08-16 05:00:00,24.891,102.798,50.465,328.436,75.836
2018-08-16 06:00:00,30.064,127.201,58.741,387.711,93.476
2018-08-16 07:00:00,34.384,162.03,67.524,477.328,112.232
2018-08-16 08:00:00,40.442,193.368,84.0,573.221,127.985
2018-08-16 09:00:00,47.009,225.471,97.137,670.902,141.565
2018-08-16 10:00:00,52.341,242.612,105.61,716.972,149.061
2018-08-16 11:00:00,55.098,249.998,114.228,741.239,153.939
2018-08-16 12:00:00,58.965,250.783,117.72,748.695,154.041
2018-08-16 13:00:00,57.674,257.575,113.386,751.561,159.432
2018-08-16 14:00:00,58.46,256.255,113.287,760.774,159.871
2018-08-16 15:00:00,59.495,256.101,113.258,755.768,158.668
2018-08-16 16:00:00,58.151,249.642,114.74,754.695,155.198
2018-08-16 17:00:00,56.362,238.011,115.745,719.841,155.619
2018-08-16 18:00:00,54.801,232.232,105.467,677.404,144.251
2018-08-16 19:00:00,55.124,219.659,98.211,631.363,136.762
2018-08-16 20:00:00,49.548,200.74,94.206,577.083,128.695
2018-08-16 21:00:00,40.675,170.104,80.531,482.955,108.378
2018-08-16 22:00:00,33.594,141.743,67.444,393.307,87.188
2018-08-16 23:00:00,28.579,117.579,58.156,333.354,74.72
2018-08-17 00:00:00,24.681,101.673,50.651,297.668,67.233
2018-08-17 01:00:00,23.136,95.503,46.651,280.063,63.153
2018-08-17 02:00:00,22.404,91.517,44.688,266.343,60.875
2018-08-17 03:00:00,21.661,85.792,41.788,263.772,60.038
2018-08-17 04:00:00,20.726,90.103,43.993,283.244,67.676
2018-08-17 05:00:00,22.3,96.74,48.534,307.304,76.446
2018-08-17 06:00:00,28.6,119.587,60.303,374.038,94.467
2018-08-17 07:00:00,34.97,144.924,72.103,456.273,112.189
2018-08-17 08:00:00,37.201,172.939,85.549,538.044,131.229
2018-08-17 09:00:00,41.572,198.317,95.809,618.195,144.209
2018-08-17 10:00:00,46.049,217.694,101.475,675.852,148.958
2018-08-17 11:00:00,48.725,232.254,105.651,726.683,151.379
2018-08-17 12:00:00,49.762,228.858,106.732,745.651,155.713
2018-08-17 13:00:00,50.444,226.371,106.541,738.657,149.722
2018-08-17 14:00:00,51.897,238.703,104.943,739.061,151.485
2018-08-17 15:00:00,54.171,244.094,104.336,742.609,151.241
2018-08-17 16:00:00,54.551,238.447,106.478,734.034,155.054
2018-08-17 17:00:00,53.057,229.612,97.203,704.214,152.922
2018-08-17 18:00:00,47.493,215.261,91.9,651.502,142.073
2018-08-17 19:00:00,47.435,206.593,90.284,618.181,134.898
2018-08-17 20:00:00,43.634,188.566,86.05,568.707,128.582
2018-08-17 21:00:00,37.385,162.706,75.955,486.386,108.879
2018-08-17 22:00:00,32.485,136.477,65.28,400.394,87.31
2018-08-17 23:00:00,28.507,118.683,54.394,341.833,78.657
2018-08-18 00:00:00,26.34,105.44,48.594,316.809,73.923
2018-08-18 01:00:00,24.577,99.585,44.298,298.85,69.827
2018-08-18 02:00:00,24.475,97.838,41.9,285.62,66.304
2018-08-18 03:00:00,23.028,92.621,39.776,280.576,63.208
2018-08-18 04:00:00,21.785,89.811,40.247,291.63,65.624
2018-08-18 05:00:00,21.734,93.59,44.073,303.499,66.59
2018-08-18 06:00:00,25.445,107.992,52.767,330.43,78.024
2018-08-18 07:00:00,30.712,126.128,59.728,392.382,93.73
2018-08-18 08:00:00,32.168,139.737,67.059,442.394,104.068
2018-08-18 09:00:00,36.259,167.284,73.186,512.994,114.809
2018-08-18 10:00:00,43.868,191.969,80.267,569.66,125.25
2018-08-18 11:00:00,45.548,204.512,87.243,608.358,134.892
2018-08-18 12:00:00,49.793,220.379,91.501,629.022,139.293
2018-08-18 13:00:00,53.595,227.826,98.847,649.216,138.244
2018-08-18 14:00:00,50.568,221.986,105.915,649.532,142.867
2018-08-18 15:00:00,47.736,195.675,101.924,615.904,142.281
2018-08-18 16:00:00,39.294,172.29,95.755,570.046,136.185
2018-08-18 17:00:00,35.824,163.243,83.454,546.584,130.635
2018-08-18 18:00:00,33.883,158.079,78.363,536.907,126.501
2018-08-18 19:00:00,35.143,157.906,79.382,518.33,118.861
2018-08-18 20:00:00,34.351,147.57,72.382,489.015,109.094
2018-08-18 21:00:00,28.231,125.69,59.436,400.434,92.619
2018-08-18 22:00:00,20.859,97.32,49.519,310.161,73.315
2018-08-18 23:00:00,18.148,79.424,40.391,259.069,62.872
2018-08-19 00:00:00,16.226,69.33,35.313,230.51,56.008
2018-08-19 01:00:00,15.307,67.569,32.082,219.152,51.423
2018-08-19 02:00:00,15.53,66.924,30.546,213.456,47.783
2018-08-19 03:00:00,15.136,65.911,30.745,210.201,46.388
2018-08-19 04:00:00,14.673,69.751,32.928,221.111,47.426
2018-08-19 05:00:00,15.788,71.081,33.711,231.018,50.694
2018-08-19 06:00:00,19.448,85.966,37.889,253.496,58.299
2018-08-19 07:00:00,24.459,94.584,42.059,302.03,66.077
2018-08-19 08:00:00,23.985,105.855,46.592,330.061,71.712
2018-08-19 09:00:00,26.584,117.312,51.41,376.264,77.126
2018-08-19 10:00:00,32.297,127.327,56.737,400.634,83.844
2018-08-19 11:00:00,30.871,141.185,62.9,436.897,90.193
2018-08-19 12:00:00,33.947,149.941,65.968,461.059,99.463
2018-08-19 13:00:00,36.565,154.779,69.231,475.457,105.896
2018-08-19 14:00:00,43.153,164.674,77.59,503.135,113.177
2018-08-19 15:00:00,39.146,166.054,78.818,518.804,115.986
2018-08-19 16:00:00,37.347,166.455,71.196,512.325,113.093
2018-08-19 17:00:00,37.132,157.139,66.875,493.087,110.722
2018-08-19 18:00:00,38.061,148.374,63.71,447.887,102.99
2018-08-19 19:00:00,35.15,136.519,62.194,432.016,98.869
2018-08-19 20:00:00,30.984,129.818,57.891,408.697,91.79
2018-08-19 21:00:00,24.189,108.248,48.835,344.165,79.232
2018-08-19 22:00:00,19.473,88.118,41.497,273.694,61.959
2018-08-19 23:00:00,17.224,73.791,34.638,238.829,52.319
2018-08-20 00:00:00,15.797,67.832,32.329,224.905,49.7
2018-08-20 01:00:00,14.899,65.716,30.883,217.703,47.911
2018-08-20 02:00:00,14.388,65.577,30.342,213.414,44.089
2018-08-20 03:00:00,14.19,64.463,29.845,212.522,43.381
2018-08-20 04:00:00,14.784,68.953,33.434,233.329,47.735
2018-08-20 05:00:00,18.671,77.534,37.292,281.351,59.193
2018-08-20 06:00:00,22.725,93.831,45.007,329.031,67.463
2018-08-20 07:00:00,21.579,108.611,49.914,350.64,74.453
2018-08-20 08:00:00,27.218,123.319,51.712,380.946,78.654
2018-08-20 09:00:00,28.657,125.421,56.584,414.179,90.606
2018-08-20 10:00:00,27.039,141.879,55.382,467.903,98.314
2018-08-20 11:00:00,30.166,158.393,63.943,514.857,106.141
2018-08-20 12:00:00,36.335,167.058,70.649,534.163,108.984
2018-08-20 13:00:00,40.031,178.687,74.406,548.865,120.616
2018-08-20 14:00:00,39.252,179.923,77.995,558.972,125.836
2018-08-20 15:00:00,40.908,183.004,83.086,582.56,119.184
2018-08-20 16:00:00,39.654,182.05,79.9,581.105,124.338
2018-08-20 17:00:00,35.034,173.165,78.301,555.008,120.985
2018-08-20 18:00:00,32.546,159.162,75.768,503.087,114.319
2018-08-20 19:00:00,31.941,151.914,67.005,479.418,103.097
2018-08-20 20:00:00,30.987,137.954,62.16,441.786,97.498
2018-08-20 21:00:00,25.604,110.524,52.959,361.833,79.98
2018-08-20 22:00:00,20.036,88.525,42.15,285.747,60.697
2018-08-20 23:00:00,16.871,74.8,35.604,237.339,52.838
2018-08-21 00:00:00,15.372,67.768,31.774,211.611,48.083
2018-08-21 01:00:00,13.739,65.648,29.922,203.395,44.466
2018-08-21 02:00:00,14.124,64.335,29.263,199.106,41.818
2018-08-21 03:00:00,15.383,62.373,29.302,203.452,42.852
2018-08-21 04:00:00,15.2,66.565,34.336,226.418,48.478
2018-08-21 05:00:00,18.502,77.615,35.829,260.328,56.677
2018-08-21 06:00:00,21.744,96.031,45.534,308.31,71.171
2018-08-21 07:00:00,23.203,110.483,47.206,350.07,78.02
2018-08-21 08:00:00,24.425,117.363,51.311,387.073,82.124
2018-08-21 09:00:00,25.312,126.284,57.988,412.965,88.297
2018-08-21 10:00:00,29.188,139.224,62.946,454.075,93.125
2018-08-21 11:00:00,29.991,150.957,68.22,493.358,100.206
2018-08-21 12:00:00,31.747,156.212,68.018,519.854,99.462
2018-08-21 13:00:00,32.37,152.531,69.021,523.805,104.999
2018-08-21 14:00:00,33.194,156.765,68.335,528.763,112.262
2018-08-21 15:00:00,35.282,166.861,71.461,555.203,118.674
2018-08-21 16:00:00,39.913,167.722,73.203,563.428,122.414
2018-08-21 17:00:00,37.529,166.856,75.684,529.641,120.525
2018-08-21 18:00:00,34.391,161.625,72.774,500.65,111.557
2018-08-21 19:00:00,36.5,154.055,67.411,465.637,104.331
2018-08-21 20:00:00,30.713,139.033,64.369,435.73,100.352
2018-08-21 21:00:00,26.81,116.926,56.746,359.243,80.18
2018-08-21 22:00:00,20.787,92.166,46.696,285.09,63.852
2018-08-21 23:00:00,19.695,76.414,37.697,242.062,52.263
2018-08-22 00:00:00,16.498,70.538,33.522,222.327,48.295
2018-08-22 01:00:00,15.19,68.435,32.948,215.043,46.117
2018-08-22 02:00:00,14.935,67.179,30.189,212.239,43.574
2018-08-22 03:00:00,14.826,66.63,30.458,211.237,43.856
2018-08-22 04:00:00,15.718,69.035,32.426,232.192,51.661
2018-08-22 05:00:00,19.347,78.66,35.015,267.886,60.373
2018-08-22 06:00:00,21.91,93.699,43.376,309.799,71.967
2018-08-22 07:00:00,24.858,108.603,48.641,355.057,85.966
2018-08-22 08:00:00,27.089,121.097,53.13,389.791,105.438
2018-08-22 09:00:00,29.636,134.958,61.821,437.343,119.277
2018-08-22 10:00:00,35.876,159.412,74.14,503.432,131.593
2018-08-22 11:00:00,39.502,186.668,80.01,567.16,136.98
2018-08-22 12:00:00,43.769,200.961,83.419,604.976,139.836
2018-08-22 13:00:00,45.443,208.246,88.762,616.93,140.984
2018-08-22 14:00:00,46.888,210.121,92.572,638.329,139.769
2018-08-22 15:00:00,47.691,209.749,89.283,642.426,143.441
2018-08-22 16:00:00,47.983,203.539,90.682,643.806,143.038
2018-08-22 17:00:00,46.774,196.501,90.517,617.573,139.607
2018-08-22 18:00:00,42.224,189.849,83.669,578.884,131.954
2018-08-22 19:00:00,40.248,179.495,78.023,540.452,125.931
2018-08-22 20:00:00,38.199,165.362,72.565,488.748,117.934
2018-08-22 21:00:00,30.224,132.691,66.419,405.34,96.204
2018-08-22 22:00:00,24.304,104.909,51.746,321.116,77.019
2018-08-22 23:00:00,21.304,87.105,43.77,279.014,65.303
2018-08-23 00:00:00,19.567,76.363,36.814,242.603,56.714
2018-08-23 01:00:00,16.134,71.65,33.1,222.61,53.304
2018-08-23 02:00:00,15.85,69.352,32.155,214.188,49.974
2018-08-23 03:00:00,16.126,67.245,31.921,213.734,50.034
2018-08-23 04:00:00,16.257,70.637,36.265,236.84,53.734
2018-08-23 05:00:00,17.521,79.919,39.423,266.872,61.399
2018-08-23 06:00:00,21.916,93.783,47.03,304.849,73.407
2018-08-23 07:00:00,25.991,106.284,50.373,352.386,76.828
2018-08-23 08:00:00,25.846,120.31,53.684,382.289,88.34
2018-08-23 09:00:00,26.731,135.084,56.967,407.647,97.231
2018-08-23 10:00:00,27.722,138.301,61.751,408.385,103.075
2018-08-23 11:00:00,30.94,147.67,68.01,434.37,111.567
2018-08-23 12:00:00,32.134,157.316,70.415,470.809,115.127
2018-08-23 13:00:00,35.863,167.657,74.769,504.654,115.341
2018-08-23 14:00:00,39.118,175.303,82.186,531.973,122.286
2018-08-23 15:00:00,40.114,187.173,84.167,563.919,133.238
2018-08-23 16:00:00,43.229,194.617,87.662,576.188,133.855
2018-08-23 17:00:00,46.187,185.172,87.774,559.009,138.233
2018-08-23 18:00:00,40.41,171.222,81.387,521.946,126.114
2018-08-23 19:00:00,36.044,157.786,75.023,478.849,114.625
2018-08-23 20:00:00,32.167,146.871,63.231,418.298,101.887
2018-08-23 21:00:00,25.294,115.028,52.35,335.292,81.841
2018-08-23 22:00:00,19.797,90.826,41.195,258.732,65.003
2018-08-23 23:00:00,15.9,74.015,36.693,221.678,54.49
2018-08-24 00:00:00,14.371,65.239,31.943,205.652,50.081
2018-08-24 01:00:00,14.561,63.362,29.269,199.802,46.633
2018-08-24 02:00:00,13.581,62.549,28.144,196.177,44.019
2018-08-24 03:00:00,13.881,61.426,28.207,197.517,44.099
2018-08-24 04:00:00,13.385,64.693,31.402,218.45,48.455
2018-08-24 05:00:00,14.663,73.537,34.237,253.748,56.805
2018-08-24 06:00:00,18.721,86.527,42.111,293.04,67.261
2018-08-24 07:00:00,20.756,105.633,49.034,341.67,83.923
2018-08-24 08:00:00,23.807,119.014,54.523,401.581,103.087
2018-08-24 09:00:00,31.928,144.436,63.531,463.955,112.414
2018-08-24 10:00:00,32.892,159.381,75.023,524.78,123.517
2018-08-24 11:00:00,34.832,179.119,80.623,565.821,129.397
2018-08-24 12:00:00,37.835,187.061,83.803,602.629,131.763
2018-08-24 13:00:00,41.707,189.07,83.092,622.416,131.743
2018-08-24 14:00:00,45.492,193.625,84.715,640.839,136.857
2018-08-24 15:00:00,47.671,203.528,89.068,656.378,138.957
2018-08-24 16:00:00,49.052,209.571,88.245,660.058,141.662
2018-08-24 17:00:00,42.598,197.294,86.047,627.669,142.923
2018-08-24 18:00:00,37.982,178.206,84.228,584.471,128.921
2018-08-24 19:00:00,36.449,163.522,77.12,538.0,120.539
2018-08-24 20:00:00,34.858,146.476,68.019,483.785,104.29
2018-08-24 21:00:00,27.92,116.619,60.089,387.978,87.154
2018-08-24 22:00:00,22.949,90.891,46.842,300.39,72.402
2018-08-24 23:00:00,19.498,75.901,37.808,252.808,58.577
2018-08-25 00:00:00,16.321,67.704,32.285,228.902,51.19
2018-08-25 01:00:00,14.718,65.034,29.618,214.561,48.955
2018-08-25 02:00:00,14.291,64.523,27.979,208.296,46.699
2018-08-25 03:00:00,13.865,62.385,27.878,206.835,45.011
2018-08-25 04:00:00,13.772,63.004,28.137,222.738,45.772
2018-08-25 05:00:00,13.939,66.04,30.44,225.955,47.81
2018-08-25 06:00:00,18.769,79.649,38.698,263.996,61.074
2018-08-25 07:00:00,24.743,104.62,54.77,322.854,83.215
2018-08-25 08:00:00,29.658,123.378,63.491,392.865,103.394
2018-08-25 09:00:00,33.384,146.139,69.458,447.88,114.453
2018-08-25 10:00:00,37.013,160.749,73.839,495.161,122.885
2018-08-25 11:00:00,38.943,180.03,81.474,541.402,127.991
2018-08-25 12:00:00,43.479,189.009,82.567,570.614,128.83
2018-08-25 13:00:00,42.671,189.581,81.558,577.988,137.477
2018-08-25 14:00:00,44.774,187.877,83.158,599.811,132.434
2018-08-25 15:00:00,43.69,189.196,81.872,605.872,129.087
2018-08-25 16:00:00,44.318,189.202,79.975,601.16,130.069
2018-08-25 17:00:00,37.849,170.589,77.504,557.517,126.663
2018-08-25 18:00:00,33.878,160.143,71.985,524.857,116.017
2018-08-25 19:00:00,34.206,151.696,66.524,488.207,108.662
2018-08-25 20:00:00,32.037,136.382,61.134,436.122,100.701
2018-08-25 21:00:00,24.643,108.557,50.545,357.881,81.59
2018-08-25 22:00:00,19.893,83.136,41.042,274.734,59.131
2018-08-25 23:00:00,17.228,68.696,32.474,230.867,48.035
2018-08-26 00:00:00,14.282,65.0,30.339,204.997,43.558
2018-08-26 01:00:00,12.956,62.242,27.173,196.102,42.322
2018-08-26 02:00:00,12.719,59.804,26.699,192.867,40.224
2018-08-26 03:00:00,12.676,59.99,26.736,192.391,39.87
2018-08-26 04:00:00,12.848,63.116,29.455,203.902,42.186
2018-08-26 05:00:00,14.727,64.303,31.232,209.304,43.098
2018-08-26 06:00:00,16.618,75.469,36.366,244.001,54.233
2018-08-26 07:00:00,20.686,94.938,43.08,285.712,69.829
2018-08-26 08:00:00,23.907,104.113,54.702,335.165,88.801
2018-08-26 09:00:00,25.708,124.858,65.177,369.897,101.858
2018-08-26 10:00:00,31.621,142.492,66.899,424.722,112.412
2018-08-26 11:00:00,36.267,159.729,72.388,465.952,122.219
2018-08-26 12:00:00,38.223,167.712,77.759,491.57,117.221
2018-08-26 13:00:00,43.002,178.783,80.034,522.354,122.125
2018-08-26 14:00:00,43.8,189.958,79.806,570.692,125.765
2018-08-26 15:00:00,45.003,198.298,89.36,588.551,130.31
2018-08-26 16:00:00,46.086,199.022,87.124,584.262,129.741
2018-08-26 17:00:00,43.14,188.146,79.747,554.417,123.131
2018-08-26 18:00:00,40.048,173.217,75.133,522.71,126.111
2018-08-26 19:00:00,36.399,160.46,71.217,491.723,113.469
2018-08-26 20:00:00,32.979,145.432,65.961,456.276,106.14
2018-08-26 21:00:00,28.1,123.061,56.675,394.806,92.794
2018-08-26 22:00:00,22.543,99.359,46.868,319.75,73.738
2018-08-26 23:00:00,19.418,83.028,39.962,279.731,64.61
2018-08-27 00:00:00,17.793,76.858,36.965,263.929,58.732
2018-08-27 01:00:00,16.511,75.131,34.87,249.26,54.973
2018-08-27 02:00:00,16.247,73.588,33.936,237.626,53.185
2018-08-27 03:00:00,15.714,71.826,34.064,239.12,54.139
2018-08-27 04:00:00,16.464,75.034,37.658,268.585,59.327
2018-08-27 05:00:00,19.088,88.141,40.076,303.28,69.61
2018-08-27 06:00:00,26.57,109.339,52.162,366.258,89.634
2018-08-27 07:00:00,30.089,138.572,62.631,454.645,107.028
2018-08-27 08:00:00,33.828,171.587,72.546,545.561,120.534
2018-08-27 09:00:00,40.104,200.887,85.642,624.583,132.801
2018-08-27 10:00:00,44.304,215.635,96.044,670.101,146.606
2018-08-27 11:00:00,46.177,227.331,104.188,703.826,152.768
2018-08-27 12:00:00,49.377,231.619,104.46,719.056,149.841
2018-08-27 13:00:00,51.042,234.192,104.975,725.533,151.979
2018-08-27 14:00:00,54.117,244.015,106.236,722.741,148.742
2018-08-27 15:00:00,56.883,243.594,106.807,729.925,151.595
2018-08-27 16:00:00,55.809,237.024,106.05,711.872,149.434
2018-08-27 17:00:00,51.439,225.104,101.864,666.718,145.473
2018-08-27 18:00:00,48.107,219.678,98.517,618.848,138.35
2018-08-27 19:00:00,48.591,205.491,90.268,581.981,125.746
2018-08-27 20:00:00,41.129,186.075,82.017,524.5,120.048
2018-08-27 21:00:00,34.257,151.136,70.591,450.897,106.058
2018-08-27 22:00:00,29.234,119.4,59.263,371.147,85.417
2018-08-27 23:00:00,25.295,103.102,48.938,317.936,72.908
2018-08-28 00:00:00,22.791,94.217,44.792,285.632,67.121
2018-08-28 01:00:00,20.977,89.161,41.437,268.314,64.066
2018-08-28 02:00:00,21.031,86.199,40.397,262.354,60.45
2018-08-28 03:00:00,20.337,81.721,38.958,262.13,60.359
2018-08-28 04:00:00,20.331,86.214,41.779,288.806,68.841
2018-08-28 05:00:00,21.783,97.321,47.845,328.435,77.526
2018-08-28 06:00:00,27.869,120.314,59.079,397.129,95.517
2018-08-28 07:00:00,32.769,153.311,73.752,485.648,115.155
2018-08-28 08:00:00,37.804,189.924,80.991,590.224,139.312
2018-08-28 09:00:00,47.145,229.211,97.337,697.343,150.938
2018-08-28 10:00:00,54.404,250.733,106.921,776.191,157.703
2018-08-28 11:00:00,59.512,262.728,113.591,815.85,159.803
2018-08-28 12:00:00,61.753,274.873,113.136,832.201,160.798
2018-08-28 13:00:00,64.39,279.413,110.76,824.253,153.95
2018-08-28 14:00:00,64.761,271.7,108.441,822.654,155.693
2018-08-28 15:00:00,63.12,274.943,111.955,826.528,160.679
2018-08-28 16:00:00,61.929,269.647,111.644,819.617,155.447
2018-08-28 17:00:00,60.523,251.792,109.462,781.352,151.989
2018-08-28 18:00:00,56.878,241.62,106.226,743.603,137.696
2018-08-28 19:00:00,54.082,230.283,95.276,688.876,137.354
2018-08-28 20:00:00,50.95,219.402,91.825,641.429,130.721
2018-08-28 21:00:00,43.149,184.426,80.483,552.018,108.372
2018-08-28 22:00:00,39.937,158.672,70.265,469.059,89.689
2018-08-28 23:00:00,34.443,139.089,59.584,415.769,79.375
2018-08-29 00:00:00,30.914,123.975,54.525,379.57,70.782
2018-08-29 01:00:00,28.964,117.973,48.301,355.764,70.388
2018-08-29 02:00:00,28.481,114.164,45.687,341.231,72.11
2018-08-29 03:00:00,27.672,108.607,45.103,334.445,68.33
2018-08-29 04:00:00,26.833,112.033,48.976,352.279,71.71
2018-08-29 05:00:00,31.815,122.227,57.209,389.909,82.861
2018-08-29 06:00:00,34.949,148.298,65.864,468.812,103.415
2018-08-29 07:00:00,39.176,181.12,78.712,558.728,126.563
2018-08-29 08:00:00,44.382,215.562,91.753,664.594,146.819
2018-08-29 09:00:00,54.251,248.174,106.803,765.483,158.1
2018-08-29 10:00:00,58.221,267.986,115.029,829.305,163.3
2018-08-29 11:00:00,60.775,278.717,120.731,854.153,168.912
2018-08-29 12:00:00,64.272,288.257,119.517,861.216,165.753
2018-08-29 13:00:00,64.651,285.046,116.179,856.372,164.336
2018-08-29 14:00:00,63.231,282.336,116.321,844.098,159.329
2018-08-29 15:00:00,65.116,276.083,115.094,839.744,160.711
2018-08-29 16:00:00,64.24,271.277,110.053,825.118,154.896
2018-08-29 17:00:00,61.201,253.825,101.974,776.751,150.198
2018-08-29 18:00:00,57.771,238.843,97.018,722.883,143.614
2018-08-29 19:00:00,54.609,223.26,92.314,685.086,133.012
2018-08-29 20:00:00,49.726,215.956,86.482,640.703,126.893
2018-08-29 21:00:00,43.911,182.104,78.943,553.939,110.981
2018-08-29 22:00:00,36.506,155.777,64.902,468.865,93.544
2018-08-29 23:00:00,33.032,128.484,54.69,407.258,81.43
2018-08-30 00:00:00,29.71,113.445,49.075,366.096,75.783
2018-08-30 01:00:00,26.289,106.678,45.871,338.477,71.079
2018-08-30 02:00:00,24.815,102.509,44.29,321.174,70.029
2018-08-30 03:00:00,24.973,98.577,43.015,311.432,69.602
2018-08-30 04:00:00,26.601,105.282,44.418,337.655,73.469
2018-08-30 05:00:00,29.817,116.956,50.41,375.905,85.209
2018-08-30 06:00:00,36.372,144.099,65.623,445.917,104.744
2018-08-30 07:00:00,42.313,176.575,76.498,540.552,123.688
2018-08-30 08:00:00,43.866,211.248,87.4,643.546,141.203
2018-08-30 09:00:00,51.54,241.92,101.108,718.74,151.007
2018-08-30 10:00:00,56.168,256.535,110.134,764.903,159.376
2018-08-30 11:00:00,58.584,256.631,116.005,789.5,168.177
2018-08-30 12:00:00,58.024,255.301,115.331,790.941,171.424
2018-08-30 13:00:00,58.248,256.803,113.082,774.382,169.922
2018-08-30 14:00:00,58.188,259.062,115.434,745.014,164.881
2018-08-30 15:00:00,57.348,255.029,111.73,733.608,169.186
2018-08-30 16:00:00,54.396,239.532,105.718,707.584,169.038
2018-08-30 17:00:00,51.28,220.298,99.403,677.147,159.656
2018-08-30 18:00:00,48.777,209.153,91.845,627.678,145.498
2018-08-30 19:00:00,45.573,200.047,87.223,584.605,137.472
2018-08-30 20:00:00,40.493,179.0,79.386,545.23,130.488
2018-08-30 21:00:00,35.275,144.825,70.142,470.206,109.244
2018-08-30 22:00:00,30.843,121.589,56.88,376.159,87.511
2018-08-30 23:00:00,25.635,100.634,48.652,316.703,73.513
2018-08-31 00:00:00,20.643,88.17,42.027,281.079,65.988
2018-08-31 01:00:00,18.228,80.983,38.788,257.244,61.753
2018-08-31 02:00:00,17.433,76.294,36.243,243.034,57.769
2018-08-31 03:00:00,16.119,72.943,34.32,237.121,57.108
2018-08-31 04:00:00,16.495,75.884,36.103,255.984,60.47
2018-08-31 05:00:00,19.24,84.897,40.867,284.703,67.784
2018-08-31 06:00:00,23.559,105.681,49.358,342.16,82.373
2018-08-31 07:00:00,29.051,119.724,60.851,377.862,95.586
2018-08-31 08:00:00,29.133,131.312,63.509,420.51,106.23
2018-08-31 09:00:00,31.869,154.524,69.199,467.021,115.784
2018-08-31 10:00:00,35.828,172.042,76.109,506.532,125.014
2018-08-31 11:00:00,36.036,180.865,80.822,546.92,123.128
2018-08-31 12:00:00,37.684,182.011,86.857,560.766,122.454
2018-08-31 13:00:00,37.822,185.607,84.833,569.761,123.422
2018-08-31 14:00:00,38.543,188.322,85.593,560.145,121.034
2018-08-31 15:00:00,38.826,192.155,84.772,558.367,122.887
2018-08-31 16:00:00,37.498,176.269,88.231,553.787,122.675
2018-08-31 17:00:00,32.76,158.286,79.324,528.383,117.02
2018-08-31 18:00:00,29.408,146.961,70.461,466.483,108.19
2018-08-31 19:00:00,27.742,138.252,66.938,449.282,100.896
2018-08-31 20:00:00,28.893,132.631,61.731,419.8,98.601
2018-08-31 21:00:00,23.698,111.433,54.893,345.655,76.566
2018-08-31 22:00:00,18.553,82.193,42.64,273.37,64.599
2018-08-31 23:00:00,17.341,72.308,36.455,236.452,54.962
2018-09-01 00:00:00,14.681,65.54,32.565,220.248,49.334
2018-09-01 01:00:00,13.413,62.338,28.006,206.927,46.199
2018-09-01 02:00:00,12.991,62.209,26.976,200.892,43.656
2018-09-01 03:00:00,13.227,59.895,27.564,200.894,43.12
2018-09-01 04:00:00,12.726,62.118,27.841,207.082,45.977
2018-09-01 05:00:00,13.635,64.533,28.97,217.031,47.803
2018-09-01 06:00:00,17.598,76.304,36.183,239.903,55.422
2018-09-01 07:00:00,23.193,93.589,47.863,287.042,72.801
2018-09-01 08:00:00,32.662,111.447,59.133,340.93,90.746
2018-09-01 09:00:00,33.127,133.846,70.849,380.803,102.251
2018-09-01 10:00:00,33.687,149.448,76.617,408.428,114.27
2018-09-01 11:00:00,36.292,163.432,79.222,464.97,116.937
2018-09-01 12:00:00,38.487,175.589,83.785,503.691,122.076
2018-09-01 13:00:00,42.023,187.413,82.656,545.918,120.007
2018-09-01 14:00:00,43.97,193.827,84.842,576.883,122.835
2018-09-01 15:00:00,48.179,199.89,88.115,613.995,126.227
2018-09-01 16:00:00,47.796,198.913,88.956,641.427,127.124
2018-09-01 17:00:00,42.033,187.479,83.212,624.996,119.125
2018-09-01 18:00:00,38.34,173.341,75.136,586.281,115.976
2018-09-01 19:00:00,36.119,165.032,72.686,540.955,110.096
2018-09-01 20:00:00,33.917,145.243,68.875,487.319,96.923
2018-09-01 21:00:00,28.195,117.828,55.967,393.247,79.402
2018-09-01 22:00:00,21.335,90.566,41.496,307.884,63.616
2018-09-01 23:00:00,18.083,77.138,37.089,258.298,52.728
2018-09-02 00:00:00,16.871,69.568,33.354,227.311,46.635
2018-09-02 01:00:00,14.736,67.673,29.521,205.098,44.115
2018-09-02 02:00:00,14.483,65.952,27.521,196.284,41.333
2018-09-02 03:00:00,13.727,61.657,27.211,193.157,40.449
2018-09-02 04:00:00,14.315,63.499,28.297,199.127,43.236
2018-09-02 05:00:00,14.264,65.641,30.846,204.074,44.592
2018-09-02 06:00:00,15.895,75.44,35.622,231.938,53.878
2018-09-02 07:00:00,20.067,92.154,47.104,284.237,68.972
2018-09-02 08:00:00,26.452,116.171,53.737,333.728,80.48
2018-09-02 09:00:00,29.179,141.964,63.487,390.807,94.091
2018-09-02 10:00:00,33.482,153.47,72.829,455.405,109.895
2018-09-02 11:00:00,38.18,170.914,80.176,500.943,117.517
2018-09-02 12:00:00,42.243,180.73,80.517,555.085,124.383
2018-09-02 13:00:00,43.062,186.729,84.53,589.24,127.141
2018-09-02 14:00:00,43.029,190.324,83.452,612.35,124.841
2018-09-02 15:00:00,43.005,192.678,87.401,619.852,128.874
2018-09-02 16:00:00,43.824,195.179,83.373,612.337,129.588
2018-09-02 17:00:00,42.216,187.673,80.292,575.715,124.079
2018-09-02 18:00:00,40.638,177.324,79.386,546.269,117.647
2018-09-02 19:00:00,37.44,162.001,73.638,519.93,117.023
2018-09-02 20:00:00,34.225,147.433,65.875,481.132,108.501
2018-09-02 21:00:00,31.058,123.802,57.037,405.141,92.065
2018-09-02 22:00:00,23.663,102.685,47.998,333.918,72.16
2018-09-02 23:00:00,20.088,84.145,43.011,283.608,61.039
2018-09-03 00:00:00,18.19,77.905,37.528,263.05,58.96
2018-09-03 01:00:00,17.324,76.915,35.939,248.686,54.651
2018-09-03 02:00:00,17.545,76.958,35.788,243.446,52.136
2018-09-03 03:00:00,17.749,76.907,35.603,243.551,52.98
2018-09-03 04:00:00,19.076,79.73,38.893,279.2,59.519
2018-09-03 05:00:00,22.757,95.88,48.228,333.204,71.77
2018-09-03 06:00:00,26.684,120.19,54.122,388.962,86.723
2018-09-03 07:00:00,28.93,142.428,60.345,451.282,97.713
2018-09-03 08:00:00,34.409,164.374,67.459,533.05,104.949
2018-09-03 09:00:00,40.193,200.348,78.577,613.579,114.196
2018-09-03 10:00:00,47.885,224.24,89.57,688.599,132.106
2018-09-03 11:00:00,52.975,239.698,98.525,748.41,144.011
2018-09-03 12:00:00,56.51,246.455,99.298,795.612,145.346
2018-09-03 13:00:00,57.3,254.853,98.337,804.904,141.214
2018-09-03 14:00:00,58.861,257.857,98.431,810.132,142.56
2018-09-03 15:00:00,59.361,260.794,99.939,812.87,144.16
2018-09-03 16:00:00,63.864,263.472,105.089,812.431,142.107
2018-09-03 17:00:00,61.411,252.491,97.834,778.263,141.398
2018-09-03 18:00:00,52.458,240.105,94.879,734.875,139.369
2018-09-03 19:00:00,51.674,221.283,84.424,685.661,127.282
2018-09-03 20:00:00,46.29,203.926,77.878,624.992,113.405
2018-09-03 21:00:00,37.657,168.326,67.638,534.482,98.517
2018-09-03 22:00:00,32.765,136.594,55.57,442.483,85.022
2018-09-03 23:00:00,29.662,117.933,47.863,381.912,71.954
2018-09-04 00:00:00,25.773,104.741,43.678,344.205,65.281
2018-09-04 01:00:00,23.558,98.883,40.71,319.732,63.258
2018-09-04 02:00:00,22.878,95.784,39.858,302.167,60.671
2018-09-04 03:00:00,22.076,91.63,40.064,296.054,58.848
2018-09-04 04:00:00,22.308,98.808,40.712,322.747,62.377
2018-09-04 05:00:00,25.407,110.639,43.675,373.129,77.22
2018-09-04 06:00:00,29.618,136.052,58.716,440.838,92.314
2018-09-04 07:00:00,35.222,174.734,71.857,529.862,108.791
2018-09-04 08:00:00,40.99,210.799,89.718,623.693,128.907
2018-09-04 09:00:00,48.138,244.17,104.211,704.359,142.58
2018-09-04 10:00:00,54.556,250.719,109.441,758.939,161.219
2018-09-04 11:00:00,55.771,261.48,115.731,778.211,167.482
2018-09-04 12:00:00,56.748,257.718,113.888,783.197,166.49
2018-09-04 13:00:00,54.837,247.411,108.955,773.521,160.647
2018-09-04 14:00:00,53.587,242.818,109.339,781.326,159.458
2018-09-04 15:00:00,55.906,239.131,107.278,795.122,157.732
2018-09-04 16:00:00,53.466,229.579,102.001,777.431,150.621
2018-09-04 17:00:00,51.795,220.591,96.658,738.596,142.097
2018-09-04 18:00:00,47.829,205.528,89.946,692.938,137.388
2018-09-04 19:00:00,42.911,194.112,83.37,634.131,130.25
2018-09-04 20:00:00,37.098,175.124,77.341,573.584,119.533
2018-09-04 21:00:00,32.693,143.109,65.703,480.567,97.642
2018-09-04 22:00:00,26.937,117.456,53.56,391.265,82.295
2018-09-04 23:00:00,23.228,96.302,46.275,324.118,72.88
2018-09-05 00:00:00,20.376,85.983,40.246,284.39,63.056
2018-09-05 01:00:00,18.791,81.538,37.034,263.429,57.458
2018-09-05 02:00:00,18.34,78.449,35.745,253.824,54.909
2018-09-05 03:00:00,17.952,75.87,35.072,247.59,52.563
2018-09-05 04:00:00,18.876,79.713,37.654,266.287,57.597
2018-09-05 05:00:00,21.182,89.177,41.807,300.812,66.534
2018-09-05 06:00:00,22.99,109.256,51.594,356.331,81.887
2018-09-05 07:00:00,26.499,130.6,59.765,422.194,99.057
2018-09-05 08:00:00,32.867,152.74,63.777,499.356,113.642
2018-09-05 09:00:00,36.338,183.908,76.553,591.007,131.759
2018-09-05 10:00:00,43.01,211.469,86.109,661.839,140.897
2018-09-05 11:00:00,44.832,219.0,93.79,709.394,144.082
2018-09-05 12:00:00,47.473,226.341,94.059,743.458,143.207
2018-09-05 13:00:00,50.801,224.873,93.265,743.383,144.915
2018-09-05 14:00:00,53.246,228.033,92.239,751.8,142.194
2018-09-05 15:00:00,50.949,231.476,91.836,744.574,144.943
2018-09-05 16:00:00,52.014,225.22,92.952,724.341,145.848
2018-09-05 17:00:00,47.153,214.002,90.674,691.889,145.564
2018-09-05 18:00:00,42.0,194.942,85.705,654.783,138.916
2018-09-05 19:00:00,42.404,189.684,79.905,603.041,132.358
2018-09-05 20:00:00,40.661,170.989,79.429,543.32,118.756
2018-09-05 21:00:00,34.816,140.139,67.31,451.665,96.373
2018-09-05 22:00:00,27.64,112.006,55.139,368.254,80.449
2018-09-05 23:00:00,23.793,98.173,49.489,317.736,69.138
2018-09-06 00:00:00,21.8,89.375,43.521,292.868,62.357
2018-09-06 01:00:00,20.318,87.317,40.104,276.115,59.83
2018-09-06 02:00:00,20.298,85.848,39.373,265.432,58.757
2018-09-06 03:00:00,19.987,83.823,38.963,263.131,59.856
2018-09-06 04:00:00,21.69,90.367,42.45,291.708,65.861
2018-09-06 05:00:00,25.408,108.253,48.142,348.684,75.98
2018-09-06 06:00:00,29.714,133.349,55.92,418.116,99.209
2018-09-06 07:00:00,34.421,156.75,64.759,501.65,117.602
2018-09-06 08:00:00,40.37,191.186,72.226,586.979,133.571
2018-09-06 09:00:00,46.06,220.778,82.521,678.04,146.102
2018-09-06 10:00:00,52.04,236.911,92.871,738.727,154.736
2018-09-06 11:00:00,52.786,257.463,103.683,779.25,158.807
2018-09-06 12:00:00,57.99,268.142,108.015,818.11,155.105
2018-09-06 13:00:00,63.315,274.861,108.752,814.574,153.819
2018-09-06 14:00:00,64.946,275.245,112.005,819.729,155.206
2018-09-06 15:00:00,64.155,271.131,109.116,810.264,153.644
2018-09-06 16:00:00,59.498,260.068,104.978,733.172,143.427
2018-09-06 17:00:00,49.64,230.247,101.011,636.539,143.162
2018-09-06 18:00:00,45.127,204.176,94.161,603.83,142.021
2018-09-06 19:00:00,45.697,193.356,85.781,570.114,128.711
2018-09-06 20:00:00,42.138,180.438,79.34,525.413,117.901
2018-09-06 21:00:00,37.787,146.847,67.442,440.433,101.653
2018-09-06 22:00:00,30.053,120.625,56.051,359.204,82.199
2018-09-06 23:00:00,25.855,100.859,47.086,306.762,69.096
2018-09-07 00:00:00,22.083,90.313,41.131,278.403,61.158
2018-09-07 01:00:00,20.035,86.814,38.79,263.23,56.771
2018-09-07 02:00:00,19.955,84.968,38.883,249.935,55.576
2018-09-07 03:00:00,19.129,82.688,37.763,245.037,55.18
2018-09-07 04:00:00,18.659,82.841,39.347,260.394,60.707
2018-09-07 05:00:00,20.172,92.713,45.049,297.56,73.54
2018-09-07 06:00:00,22.676,103.818,50.399,335.744,84.123
2018-09-07 07:00:00,24.585,114.4,56.08,372.727,91.874
2018-09-07 08:00:00,26.319,129.5,58.507,402.628,98.718
2018-09-07 09:00:00,27.545,140.518,63.344,423.928,105.148
2018-09-07 10:00:00,28.397,149.883,69.53,431.698,109.82
2018-09-07 11:00:00,28.207,152.786,69.684,437.169,117.33
2018-09-07 12:00:00,26.83,142.009,68.547,426.573,112.901
2018-09-07 13:00:00,25.797,135.362,63.588,421.428,111.485
2018-09-07 14:00:00,26.401,126.072,63.077,417.534,106.401
2018-09-07 15:00:00,28.072,121.454,65.858,448.125,108.738
2018-09-07 16:00:00,28.268,132.611,63.14,458.311,107.819
2018-09-07 17:00:00,31.155,131.758,65.676,454.646,104.302
2018-09-07 18:00:00,28.897,136.987,65.636,458.005,104.434
2018-09-07 19:00:00,31.553,132.962,63.701,439.187,98.928
2018-09-07 20:00:00,35.301,125.813,61.22,413.351,94.177
2018-09-07 21:00:00,25.166,103.042,51.804,336.735,79.728
2018-09-07 22:00:00,18.828,86.493,41.327,272.499,65.185
2018-09-07 23:00:00,17.202,75.658,34.931,240.864,55.45
2018-09-08 00:00:00,15.664,67.649,32.284,222.051,48.387
2018-09-08 01:00:00,14.528,65.438,29.637,213.354,45.517
2018-09-08 02:00:00,14.317,65.143,28.028,209.502,43.819
2018-09-08 03:00:00,14.145,63.478,27.087,206.664,43.14
2018-09-08 04:00:00,13.566,62.914,28.246,213.933,43.546
2018-09-08 05:00:00,14.512,65.396,31.008,218.806,45.766
2018-09-08 06:00:00,15.653,73.746,36.792,232.652,54.319
2018-09-08 07:00:00,20.29,90.794,43.826,274.541,65.138
2018-09-08 08:00:00,24.341,99.118,49.875,310.583,78.159
2018-09-08 09:00:00,24.55,106.748,52.925,337.877,83.528
2018-09-08 10:00:00,26.527,107.409,53.813,354.572,89.603
2018-09-08 11:00:00,25.602,112.053,54.143,373.667,97.682
2018-09-08 12:00:00,24.955,118.568,59.13,374.387,88.607
2018-09-08 13:00:00,25.523,122.369,51.217,369.409,85.199
2018-09-08 14:00:00,24.092,118.191,49.757,373.33,85.182
2018-09-08 15:00:00,25.535,115.836,52.55,370.152,80.868
2018-09-08 16:00:00,28.097,122.093,57.972,380.428,82.702
2018-09-08 17:00:00,25.22,118.28,53.121,387.868,80.708
2018-09-08 18:00:00,24.683,126.787,56.357,390.239,85.518
2018-09-08 19:00:00,25.937,120.46,56.737,386.842,82.852
2018-09-08 20:00:00,24.986,113.714,58.266,364.886,80.986
2018-09-08 21:00:00,20.131,96.887,47.801,316.567,69.284
2018-09-08 22:00:00,16.438,75.99,35.598,258.845,56.329
2018-09-08 23:00:00,16.101,66.277,31.47,225.013,48.278
2018-09-09 00:00:00,13.126,59.708,30.062,205.165,42.588
2018-09-09 01:00:00,11.785,60.023,27.05,196.016,40.362
2018-09-09 02:00:00,11.88,59.344,26.538,192.168,38.567
2018-09-09 03:00:00,12.428,58.543,26.662,192.016,37.647
2018-09-09 04:00:00,13.851,61.796,29.093,203.293,40.525
2018-09-09 05:00:00,14.89,63.086,31.219,212.075,43.53
2018-09-09 06:00:00,15.834,70.171,35.113,230.347,47.929
2018-09-09 07:00:00,18.733,83.568,41.283,257.997,55.003
2018-09-09 08:00:00,21.203,88.386,44.337,281.051,61.738
2018-09-09 09:00:00,21.611,93.063,45.904,292.799,70.383
2018-09-09 10:00:00,22.231,93.276,46.519,301.33,69.985
2018-09-09 11:00:00,20.361,100.007,48.269,305.263,67.847
2018-09-09 12:00:00,21.646,99.38,47.888,311.458,67.477
2018-09-09 13:00:00,21.695,104.688,47.211,308.103,72.77
2018-09-09 14:00:00,19.507,99.058,47.069,302.056,68.253
2018-09-09 15:00:00,21.503,99.432,49.449,304.85,68.299
2018-09-09 16:00:00,22.274,104.28,48.554,317.504,70.551
2018-09-09 17:00:00,23.824,108.639,48.517,333.74,68.854
2018-09-09 18:00:00,25.372,116.021,50.204,347.558,76.631
2018-09-09 19:00:00,29.45,111.365,50.689,352.165,78.878
2018-09-09 20:00:00,28.496,106.319,48.866,345.057,77.535
2018-09-09 21:00:00,22.967,99.94,42.259,303.315,63.27
2018-09-09 22:00:00,19.039,81.934,36.203,252.353,53.942
2018-09-09 23:00:00,16.129,63.709,30.812,216.709,46.979
2018-09-10 00:00:00,13.037,61.08,29.051,208.644,43.768
2018-09-10 01:00:00,12.149,61.296,27.915,203.136,41.404
2018-09-10 02:00:00,11.849,59.506,27.322,200.91,39.265
2018-09-10 03:00:00,11.771,60.075,28.957,206.438,40.11
2018-09-10 04:00:00,13.203,64.03,32.367,225.4,47.327
2018-09-10 05:00:00,16.335,75.182,36.202,262.116,55.155
2018-09-10 06:00:00,19.083,85.808,41.556,304.895,65.483
2018-09-10 07:00:00,20.443,96.282,46.975,334.982,70.829
2018-09-10 08:00:00,20.184,102.84,44.063,358.233,75.755
2018-09-10 09:00:00,19.565,107.61,47.357,365.709,78.685
2018-09-10 10:00:00,20.203,110.759,47.472,366.027,77.396
2018-09-10 11:00:00,21.5,114.112,45.606,369.369,78.072
2018-09-10 12:00:00,19.357,105.538,44.171,363.889,76.139
2018-09-10 13:00:00,19.849,99.075,42.707,354.532,70.966
2018-09-10 14:00:00,19.486,98.295,43.724,339.989,70.517
2018-09-10 15:00:00,21.099,99.687,43.399,348.239,74.089
2018-09-10 16:00:00,24.191,103.286,49.769,357.686,74.761
2018-09-10 17:00:00,22.664,109.759,46.985,362.125,77.574
2018-09-10 18:00:00,24.857,118.068,53.344,377.061,80.577
2018-09-10 19:00:00,23.31,119.666,51.879,374.867,78.412
2018-09-10 20:00:00,23.296,116.877,51.185,360.88,77.055
2018-09-10 21:00:00,19.716,94.743,45.334,296.332,62.8
2018-09-10 22:00:00,15.782,77.093,35.635,253.588,53.584
2018-09-10 23:00:00,14.409,65.547,32.885,222.248,48.798
2018-09-11 00:00:00,13.525,62.394,28.911,205.792,44.675
2018-09-11 01:00:00,12.875,60.544,28.086,199.061,43.094
2018-09-11 02:00:00,12.438,60.279,28.497,196.717,44.205
2018-09-11 03:00:00,12.209,60.813,30.191,202.701,44.302
2018-09-11 04:00:00,13.461,63.988,32.695,225.121,49.415
2018-09-11 05:00:00,16.469,74.597,36.383,264.364,63.78
2018-09-11 06:00:00,20.5,89.66,46.907,308.319,75.135
2018-09-11 07:00:00,21.033,104.235,51.154,338.581,84.885
2018-09-11 08:00:00,21.117,110.824,57.891,370.406,93.406
2018-09-11 09:00:00,23.302,119.024,58.539,396.503,101.454
2018-09-11 10:00:00,28.441,138.727,65.313,422.34,113.611
2018-09-11 11:00:00,28.713,151.178,70.626,477.741,123.758
2018-09-11 12:00:00,32.079,163.963,76.92,528.823,124.316
2018-09-11 13:00:00,40.088,184.258,80.492,567.747,129.481
2018-09-11 14:00:00,42.318,203.279,88.15,576.668,138.467
2018-09-11 15:00:00,42.947,206.438,94.817,568.331,142.4
2018-09-11 16:00:00,46.832,201.895,94.986,558.072,142.215
2018-09-11 17:00:00,42.335,189.031,93.802,542.998,136.507
2018-09-11 18:00:00,39.179,178.096,86.953,526.826,130.311
2018-09-11 19:00:00,37.685,171.55,78.44,515.052,121.392
2018-09-11 20:00:00,36.023,151.843,68.242,466.384,112.866
2018-09-11 21:00:00,29.442,124.438,56.678,401.617,95.072
2018-09-11 22:00:00,23.935,95.882,48.623,326.179,78.068
2018-09-11 23:00:00,20.612,83.013,41.436,278.414,64.326
2018-09-12 00:00:00,17.679,74.734,36.403,256.809,57.063
2018-09-12 01:00:00,17.669,71.586,33.636,243.363,52.258
2018-09-12 02:00:00,16.554,71.564,33.639,236.213,50.23
2018-09-12 03:00:00,15.874,70.083,33.812,236.551,50.179
2018-09-12 04:00:00,16.92,76.182,35.913,265.601,56.717
2018-09-12 05:00:00,21.063,89.742,41.036,307.354,64.707
2018-09-12 06:00:00,26.195,103.847,52.422,348.73,80.412
2018-09-12 07:00:00,23.669,117.724,54.966,387.323,87.949
2018-09-12 08:00:00,26.541,131.672,59.411,407.576,97.312
2018-09-12 09:00:00,25.632,138.058,60.785,420.131,104.645
2018-09-12 10:00:00,26.552,136.005,64.133,431.008,108.916
2018-09-12 11:00:00,25.559,132.678,61.733,419.073,119.457
2018-09-12 12:00:00,24.845,125.669,63.404,402.25,116.788
2018-09-12 13:00:00,24.073,117.944,57.306,384.987,110.009
2018-09-12 14:00:00,24.448,120.914,54.352,373.228,97.438
2018-09-12 15:00:00,22.44,114.414,55.482,380.036,96.32
2018-09-12 16:00:00,25.749,119.258,59.112,390.51,98.212
2018-09-12 17:00:00,29.652,123.316,63.097,395.658,94.696
2018-09-12 18:00:00,26.118,129.667,59.381,414.701,98.028
2018-09-12 19:00:00,25.208,126.004,56.675,410.324,96.594
2018-09-12 20:00:00,24.887,120.743,57.039,392.701,93.385
2018-09-12 21:00:00,21.121,105.896,53.331,330.978,71.941
2018-09-12 22:00:00,17.13,85.201,39.593,267.442,57.943
2018-09-12 23:00:00,15.574,71.097,37.699,234.179,48.843
2018-09-13 00:00:00,14.099,65.249,32.934,214.751,45.996
2018-09-13 01:00:00,13.527,62.792,29.357,209.153,44.725
2018-09-13 02:00:00,13.376,63.022,29.08,205.185,42.054
2018-09-13 03:00:00,13.581,62.242,29.86,207.919,42.425
2018-09-13 04:00:00,14.16,67.008,33.124,230.332,47.352
2018-09-13 05:00:00,17.426,78.63,38.222,275.402,57.435
2018-09-13 06:00:00,20.14,90.107,43.546,311.045,65.987
2018-09-13 07:00:00,20.207,108.546,50.589,343.584,72.668
2018-09-13 08:00:00,20.271,112.609,51.871,363.817,84.736
2018-09-13 09:00:00,22.169,115.217,54.989,389.096,93.32
2018-09-13 10:00:00,23.295,122.047,58.937,389.846,95.487
2018-09-13 11:00:00,24.58,129.476,56.799,401.818,103.247
2018-09-13 12:00:00,23.739,127.921,58.655,413.343,103.473
2018-09-13 13:00:00,25.961,126.214,59.959,416.021,102.059
2018-09-13 14:00:00,27.543,128.157,60.026,410.312,108.246
2018-09-13 15:00:00,28.381,136.996,61.525,419.206,117.745
2018-09-13 16:00:00,26.678,140.692,61.839,429.03,122.642
2018-09-13 17:00:00,27.529,138.551,63.864,436.698,120.75
2018-09-13 18:00:00,29.391,141.868,62.964,444.064,112.869
2018-09-13 19:00:00,30.853,141.681,61.446,441.172,100.725
2018-09-13 20:00:00,28.54,128.549,62.352,405.574,93.546
2018-09-13 21:00:00,23.952,106.208,51.263,335.295,75.939
2018-09-13 22:00:00,21.805,83.843,40.999,269.396,59.574
2018-09-13 23:00:00,20.624,74.049,33.426,239.732,48.903
2018-09-14 00:00:00,14.654,64.88,30.486,220.357,45.957
2018-09-14 01:00:00,13.171,65.473,29.35,205.28,44.634
2018-09-14 02:00:00,13.035,62.917,28.539,199.547,42.104
2018-09-14 03:00:00,13.939,62.041,29.217,203.134,43.887
2018-09-14 04:00:00,14.796,65.168,32.633,229.161,49.24
2018-09-14 05:00:00,17.131,78.215,37.156,267.438,59.841
2018-09-14 06:00:00,22.358,92.763,44.679,307.494,72.267
2018-09-14 07:00:00,27.458,109.862,53.708,346.278,83.755
2018-09-14 08:00:00,28.452,131.389,57.642,394.453,95.047
2018-09-14 09:00:00,29.938,151.687,65.368,439.179,110.507
2018-09-14 10:00:00,32.247,156.56,71.921,464.349,116.877
2018-09-14 11:00:00,31.667,158.172,73.887,483.947,118.988
2018-09-14 12:00:00,29.816,156.438,75.014,491.859,121.086
2018-09-14 13:00:00,31.481,157.925,73.276,494.667,124.139
2018-09-14 14:00:00,33.321,151.827,72.276,515.747,126.85
2018-09-14 15:00:00,33.138,154.148,71.224,516.903,127.229
2018-09-14 16:00:00,36.246,155.668,71.29,526.397,129.316
2018-09-14 17:00:00,35.168,152.983,72.034,532.818,124.055
2018-09-14 18:00:00,32.895,152.029,68.017,502.708,113.748
2018-09-14 19:00:00,31.534,144.537,62.38,460.286,107.418
2018-09-14 20:00:00,30.48,128.615,58.888,429.422,98.515
2018-09-14 21:00:00,25.385,110.094,51.479,356.527,81.055
2018-09-14 22:00:00,19.018,86.394,41.263,282.062,64.26
2018-09-14 23:00:00,16.834,75.817,35.711,244.022,53.846
2018-09-15 00:00:00,15.136,66.436,30.938,228.145,46.73
2018-09-15 01:00:00,14.473,64.122,26.91,217.361,43.316
2018-09-15 02:00:00,13.825,63.605,26.0,209.957,40.394
2018-09-15 03:00:00,14.021,61.173,26.006,209.016,39.664
2018-09-15 04:00:00,13.656,63.16,28.953,215.604,42.651
2018-09-15 05:00:00,14.249,64.893,29.837,222.079,45.646
2018-09-15 06:00:00,16.166,73.827,34.871,246.754,52.971
2018-09-15 07:00:00,19.27,87.336,42.178,299.619,67.548
2018-09-15 08:00:00,24.878,103.16,50.963,331.587,83.205
2018-09-15 09:00:00,29.764,114.99,60.761,358.859,100.445
2018-09-15 10:00:00,34.83,133.192,65.279,379.833,108.572
2018-09-15 11:00:00,32.926,141.34,72.079,403.299,112.715
2018-09-15 12:00:00,33.317,150.2,81.49,453.301,121.514
2018-09-15 13:00:00,36.439,168.252,81.427,498.95,123.182
2018-09-15 14:00:00,41.504,177.804,84.341,551.009,126.809
2018-09-15 15:00:00,41.278,188.629,91.639,608.659,123.197
2018-09-15 16:00:00,43.645,190.553,85.153,618.473,124.953
2018-09-15 17:00:00,40.064,179.846,82.617,592.884,121.822
2018-09-15 18:00:00,35.311,168.055,73.743,545.932,114.52
2018-09-15 19:00:00,32.696,151.132,66.525,502.693,105.872
2018-09-15 20:00:00,31.65,139.958,62.682,453.922,97.433
2018-09-15 21:00:00,25.999,111.241,57.242,372.45,80.871
2018-09-15 22:00:00,19.875,89.114,43.454,291.031,64.75
2018-09-15 23:00:00,16.258,72.377,38.016,248.06,52.991
2018-09-16 00:00:00,14.016,63.059,30.962,215.824,46.478
2018-09-16 01:00:00,13.316,61.85,27.79,199.091,43.636
2018-09-16 02:00:00,13.968,60.233,27.135,191.373,40.733
2018-09-16 03:00:00,14.293,60.256,27.027,189.187,41.83
2018-09-16 04:00:00,13.221,62.716,29.828,197.57,42.854
2018-09-16 05:00:00,13.349,65.732,31.395,208.609,44.853
2018-09-16 06:00:00,15.617,70.633,34.708,228.123,51.641
2018-09-16 07:00:00,18.204,86.33,40.948,280.883,69.297
2018-09-16 08:00:00,23.597,106.803,46.775,346.77,77.696
2018-09-16 09:00:00,26.943,128.596,53.784,414.137,90.191
2018-09-16 10:00:00,30.718,148.948,57.726,485.816,103.552
2018-09-16 11:00:00,35.652,164.056,68.279,543.977,110.442
2018-09-16 12:00:00,38.094,173.985,74.54,592.898,121.691
2018-09-16 13:00:00,42.37,189.236,79.994,617.362,128.698
2018-09-16 14:00:00,44.046,197.188,87.699,632.164,133.342
2018-09-16 15:00:00,44.343,201.637,86.541,650.066,134.57
2018-09-16 16:00:00,45.582,197.492,84.096,651.826,130.87
2018-09-16 17:00:00,43.755,183.449,78.95,615.945,120.958
2018-09-16 18:00:00,41.033,170.478,76.166,571.175,115.538
2018-09-16 19:00:00,37.369,154.93,67.028,521.398,107.039
2018-09-16 20:00:00,30.401,137.687,63.997,472.302,98.054
2018-09-16 21:00:00,25.889,115.436,55.046,386.776,87.653
2018-09-16 22:00:00,24.217,92.684,47.497,320.97,68.809
2018-09-16 23:00:00,18.659,78.362,41.452,272.058,53.431
2018-09-17 00:00:00,15.986,70.617,35.716,251.887,47.521
2018-09-17 01:00:00,14.66,67.613,30.661,230.129,45.681
2018-09-17 02:00:00,14.541,67.979,29.244,218.021,41.63
2018-09-17 03:00:00,15.293,65.943,30.394,220.741,42.289
2018-09-17 04:00:00,16.536,70.415,34.312,247.288,50.646
2018-09-17 05:00:00,22.237,84.484,38.127,289.512,62.51
2018-09-17 06:00:00,24.009,99.022,50.441,329.472,71.678
2018-09-17 07:00:00,24.273,117.951,52.867,377.058,83.245
2018-09-17 08:00:00,29.859,138.525,62.954,436.497,97.69
2018-09-17 09:00:00,34.673,161.907,68.68,503.262,107.525
2018-09-17 10:00:00,39.68,187.071,76.111,571.414,116.498
2018-09-17 11:00:00,41.233,202.18,80.548,617.361,122.842
2018-09-17 12:00:00,43.951,207.546,83.948,631.815,126.77
2018-09-17 13:00:00,46.531,204.886,83.658,634.797,127.988
2018-09-17 14:00:00,45.992,199.604,84.963,622.089,131.635
2018-09-17 15:00:00,42.557,199.914,84.252,608.795,127.572
2018-09-17 16:00:00,41.67,193.486,83.801,602.913,122.433
2018-09-17 17:00:00,39.541,185.821,78.876,573.192,121.771
2018-09-17 18:00:00,34.569,177.925,73.989,547.618,119.61
2018-09-17 19:00:00,36.688,166.191,72.366,514.249,115.573
2018-09-17 20:00:00,34.5,150.905,71.627,470.982,104.146
2018-09-17 21:00:00,26.893,121.779,60.071,393.514,83.058
2018-09-17 22:00:00,22.457,101.581,47.392,320.569,70.986
2018-09-17 23:00:00,20.544,87.161,41.722,276.986,63.788
2018-09-18 00:00:00,18.907,77.503,36.921,253.309,56.681
2018-09-18 01:00:00,17.229,75.337,35.292,244.209,53.379
2018-09-18 02:00:00,16.803,74.29,34.298,240.508,52.065
2018-09-18 03:00:00,16.79,73.83,34.304,242.416,52.738
2018-09-18 04:00:00,17.838,78.698,38.277,276.504,59.375
2018-09-18 05:00:00,22.064,94.612,44.409,330.471,71.893
2018-09-18 06:00:00,25.19,120.264,54.868,385.584,86.162
2018-09-18 07:00:00,28.88,139.87,61.318,436.495,96.091
2018-09-18 08:00:00,29.34,151.717,62.402,466.178,105.336
2018-09-18 09:00:00,30.771,159.097,66.631,491.609,109.738
2018-09-18 10:00:00,29.399,161.798,69.229,512.255,114.928
2018-09-18 11:00:00,32.259,163.343,65.705,509.385,130.739
2018-09-18 12:00:00,31.237,166.766,66.013,488.147,120.043
2018-09-18 13:00:00,30.369,153.87,68.159,442.982,118.454
2018-09-18 14:00:00,26.874,139.299,65.131,432.008,112.928
2018-09-18 15:00:00,26.79,132.738,63.511,440.067,109.633
2018-09-18 16:00:00,29.862,140.03,62.929,459.072,111.398
2018-09-18 17:00:00,29.783,143.367,66.669,474.379,111.062
2018-09-18 18:00:00,29.445,144.221,63.559,464.241,109.461
2018-09-18 19:00:00,33.484,140.978,63.806,443.19,105.195
2018-09-18 20:00:00,32.341,131.595,60.026,414.673,94.641
2018-09-18 21:00:00,25.337,110.505,50.164,342.995,79.823
2018-09-18 22:00:00,18.971,86.552,41.341,281.745,64.556
2018-09-18 23:00:00,20.305,75.514,35.236,238.618,53.062
2018-09-19 00:00:00,15.194,65.781,31.541,221.752,49.646
2018-09-19 01:00:00,13.589,64.252,30.205,215.153,48.036
2018-09-19 02:00:00,13.574,62.92,29.993,210.848,45.315
2018-09-19 03:00:00,13.337,62.999,29.384,211.47,44.671
2018-09-19 04:00:00,14.534,68.094,32.671,238.041,50.482
2018-09-19 05:00:00,18.079,83.585,38.224,280.59,60.474
2018-09-19 06:00:00,21.894,96.866,43.395,317.466,75.159
2018-09-19 07:00:00,22.512,100.196,48.147,353.597,84.519
2018-09-19 08:00:00,21.05,107.56,53.8,368.721,82.194
2018-09-19 09:00:00,21.046,112.594,53.513,383.404,84.357
2018-09-19 10:00:00,24.465,118.326,62.015,393.448,91.656
2018-09-19 11:00:00,22.408,119.246,60.851,396.189,92.768
2018-09-19 12:00:00,23.027,119.618,57.97,390.387,91.306
2018-09-19 13:00:00,23.928,114.455,55.864,381.416,93.09
2018-09-19 14:00:00,25.632,109.749,55.116,362.428,92.327
2018-09-19 15:00:00,28.465,114.855,52.568,372.751,99.031
2018-09-19 16:00:00,29.062,117.812,56.039,378.653,97.555
2018-09-19 17:00:00,24.724,118.946,55.079,385.242,96.78
2018-09-19 18:00:00,24.433,121.803,52.768,394.46,89.267
2018-09-19 19:00:00,27.237,121.93,56.975,383.556,86.702
2018-09-19 20:00:00,26.114,112.774,51.842,375.217,83.139
2018-09-19 21:00:00,22.502,97.523,44.169,321.015,69.973
2018-09-19 22:00:00,17.884,74.869,34.771,260.958,55.088
2018-09-19 23:00:00,13.388,64.662,31.577,223.786,46.45
2018-09-20 00:00:00,12.785,60.456,28.535,205.354,42.581
2018-09-20 01:00:00,12.102,59.565,27.27,196.771,41.479
2018-09-20 02:00:00,11.96,58.654,27.474,196.624,39.993
2018-09-20 03:00:00,12.09,58.633,28.158,200.046,40.239
2018-09-20 04:00:00,13.234,66.371,30.968,225.497,47.405
2018-09-20 05:00:00,17.32,77.033,36.039,270.075,55.594
2018-09-20 06:00:00,18.908,85.376,44.025,299.485,65.982
2018-09-20 07:00:00,19.69,96.709,45.687,332.896,74.79
2018-09-20 08:00:00,21.439,108.138,49.185,368.454,84.9
2018-09-20 09:00:00,23.345,112.045,54.526,399.537,85.344
2018-09-20 10:00:00,24.753,114.614,52.351,410.079,93.696
2018-09-20 11:00:00,26.297,125.301,53.003,414.646,100.854
2018-09-20 12:00:00,22.496,125.433,54.689,402.834,101.918
2018-09-20 13:00:00,23.262,119.313,55.209,394.95,108.384
2018-09-20 14:00:00,25.332,120.234,54.169,393.123,110.685
2018-09-20 15:00:00,24.411,122.228,59.643,409.415,111.032
2018-09-20 16:00:00,25.528,127.506,58.74,427.968,108.428
2018-09-20 17:00:00,25.671,133.079,60.738,418.434,109.278
2018-09-20 18:00:00,23.848,132.147,56.541,413.701,101.054
2018-09-20 19:00:00,26.843,127.999,57.814,397.107,89.013
2018-09-20 20:00:00,25.467,119.753,58.264,368.318,85.868
2018-09-20 21:00:00,20.602,98.85,48.096,308.009,72.454
2018-09-20 22:00:00,15.945,79.019,38.233,253.573,56.279
2018-09-20 23:00:00,13.749,66.236,32.635,217.426,46.075
2018-09-21 00:00:00,12.597,60.66,29.852,207.076,42.363
2018-09-21 01:00:00,11.905,59.151,27.693,200.804,41.981
2018-09-21 02:00:00,12.187,58.779,27.251,197.153,39.631
2018-09-21 03:00:00,12.185,59.156,28.314,203.909,40.763
2018-09-21 04:00:00,12.599,62.46,30.187,222.692,46.374
2018-09-21 05:00:00,15.287,77.157,35.214,261.527,56.616
2018-09-21 06:00:00,16.927,87.73,43.226,295.739,68.434
2018-09-21 07:00:00,21.387,101.837,45.476,331.09,80.394
2018-09-21 08:00:00,23.684,110.087,49.171,368.311,81.107
2018-09-21 09:00:00,22.939,117.073,52.66,393.909,89.505
2018-09-21 10:00:00,25.201,125.37,54.209,415.801,89.557
2018-09-21 11:00:00,25.009,130.647,56.886,430.234,94.211
2018-09-21 12:00:00,24.664,129.548,55.839,427.246,90.579
2018-09-21 13:00:00,24.257,130.445,56.783,424.647,102.553
2018-09-21 14:00:00,24.669,130.195,60.225,412.329,104.612
2018-09-21 15:00:00,27.157,132.829,60.327,419.234,98.301
2018-09-21 16:00:00,26.649,131.969,59.855,418.176,97.963
2018-09-21 17:00:00,28.738,129.756,60.861,415.745,95.928
2018-09-21 18:00:00,31.97,128.143,58.503,419.149,97.322
2018-09-21 19:00:00,31.977,129.806,58.604,411.119,98.272
2018-09-21 20:00:00,28.66,122.808,57.337,390.937,88.858
2018-09-21 21:00:00,25.034,103.625,54.234,328.922,74.33
2018-09-21 22:00:00,18.559,83.753,45.603,266.632,62.653
2018-09-21 23:00:00,17.797,72.839,36.242,242.179,53.659
2018-09-22 00:00:00,16.106,68.609,34.202,227.809,48.879
2018-09-22 01:00:00,14.788,68.24,31.09,216.531,47.922
2018-09-22 02:00:00,15.578,69.29,29.169,214.921,46.368
2018-09-22 03:00:00,16.47,68.939,29.145,216.083,45.993
2018-09-22 04:00:00,15.358,68.803,30.664,227.249,48.302
2018-09-22 05:00:00,16.488,75.35,34.085,236.312,50.99
2018-09-22 06:00:00,19.496,86.362,41.855,251.19,60.225
2018-09-22 07:00:00,23.282,102.342,47.061,302.851,75.981
2018-09-22 08:00:00,29.421,122.387,53.546,343.682,92.801
2018-09-22 09:00:00,29.123,134.149,61.788,369.512,104.844
2018-09-22 10:00:00,28.568,139.132,68.221,376.598,111.023
2018-09-22 11:00:00,30.088,142.084,68.899,412.877,113.861
2018-09-22 12:00:00,32.939,148.703,76.24,439.72,114.448
2018-09-22 13:00:00,33.7,150.409,78.504,431.598,116.354
2018-09-22 14:00:00,33.957,149.448,77.519,445.42,113.563
2018-09-22 15:00:00,32.18,147.511,77.886,436.673,109.299
2018-09-22 16:00:00,29.294,143.178,67.858,428.054,108.798
2018-09-22 17:00:00,29.833,137.537,66.51,410.873,105.168
2018-09-22 18:00:00,30.226,138.988,63.125,411.525,102.487
2018-09-22 19:00:00,29.383,130.102,59.749,389.947,94.249
2018-09-22 20:00:00,27.532,119.863,55.624,369.967,89.812
2018-09-22 21:00:00,22.095,101.742,46.572,315.719,76.441
2018-09-22 22:00:00,18.171,76.551,39.612,256.64,58.018
2018-09-22 23:00:00,16.262,65.718,31.947,226.671,48.714
2018-09-23 00:00:00,13.724,62.791,29.608,206.347,43.4
2018-09-23 01:00:00,11.755,59.631,26.455,197.176,42.912
2018-09-23 02:00:00,12.147,58.54,26.995,196.016,39.206
2018-09-23 03:00:00,11.67,58.407,26.367,198.899,38.474
2018-09-23 04:00:00,12.299,61.977,28.357,208.48,40.06
2018-09-23 05:00:00,13.548,64.862,30.16,220.624,43.902
2018-09-23 06:00:00,15.4,71.277,32.478,235.077,47.386
2018-09-23 07:00:00,17.368,83.632,38.397,268.379,58.306
2018-09-23 08:00:00,21.216,91.856,41.436,284.745,67.144
2018-09-23 09:00:00,22.642,92.435,42.368,300.865,73.065
2018-09-23 10:00:00,22.902,91.431,43.539,308.93,70.125
2018-09-23 11:00:00,21.665,98.236,45.449,308.03,68.864
2018-09-23 12:00:00,22.678,98.005,48.861,310.554,71.608
2018-09-23 13:00:00,22.809,100.444,48.128,313.273,74.081
2018-09-23 14:00:00,24.8,104.928,45.614,313.515,77.802
2018-09-23 15:00:00,25.041,104.374,47.263,320.561,75.514
2018-09-23 16:00:00,24.194,107.317,48.196,331.457,75.264
2018-09-23 17:00:00,25.066,109.432,49.415,332.214,76.168
2018-09-23 18:00:00,24.78,116.339,48.64,346.73,82.087
2018-09-23 19:00:00,26.539,115.587,52.016,357.957,87.181
2018-09-23 20:00:00,24.031,109.532,50.022,334.734,80.317
2018-09-23 21:00:00,19.658,90.664,47.611,290.336,68.34
2018-09-23 22:00:00,17.574,74.735,37.037,248.006,54.067
2018-09-23 23:00:00,13.957,61.277,32.969,217.67,46.889
2018-09-24 00:00:00,11.77,60.172,30.083,210.204,41.694
2018-09-24 01:00:00,12.067,60.789,30.642,205.915,41.404
2018-09-24 02:00:00,12.165,60.314,30.505,205.752,38.918
2018-09-24 03:00:00,12.699,61.392,32.161,211.94,39.447
2018-09-24 04:00:00,14.052,66.255,35.114,233.644,46.83
2018-09-24 05:00:00,17.539,77.163,41.615,276.81,55.927
2018-09-24 06:00:00,19.085,86.508,44.761,308.873,70.461
2018-09-24 07:00:00,20.89,97.079,45.571,336.526,74.348
2018-09-24 08:00:00,20.374,101.306,49.79,354.126,77.673
2018-09-24 09:00:00,20.13,105.436,49.028,372.85,78.748
2018-09-24 10:00:00,22.186,104.328,49.3,377.763,79.988
2018-09-24 11:00:00,21.524,107.008,47.575,379.723,78.798
2018-09-24 12:00:00,21.681,103.602,45.696,365.145,76.556
2018-09-24 13:00:00,18.557,97.02,44.988,346.549,74.006
2018-09-24 14:00:00,19.225,100.658,45.731,340.932,69.607
2018-09-24 15:00:00,20.804,106.408,48.185,349.123,72.054
2018-09-24 16:00:00,22.188,104.894,49.99,354.811,77.909
2018-09-24 17:00:00,24.67,106.563,51.303,368.235,80.282
2018-09-24 18:00:00,25.051,111.603,53.099,377.511,82.292
2018-09-24 19:00:00,24.995,112.707,51.293,381.655,81.211
2018-09-24 20:00:00,22.942,111.748,50.604,364.354,79.4
2018-09-24 21:00:00,19.812,95.257,43.846,314.754,64.281
2018-09-24 22:00:00,17.786,75.917,36.702,260.724,52.074
2018-09-24 23:00:00,14.863,69.029,32.879,232.494,45.019
2018-09-25 00:00:00,12.61,65.328,30.5,227.724,41.43
2018-09-25 01:00:00,12.469,63.893,30.213,217.922,43.072
2018-09-25 02:00:00,12.884,62.901,29.134,217.058,40.782
2018-09-25 03:00:00,13.589,62.099,29.331,219.806,43.685
2018-09-25 04:00:00,15.673,67.958,31.623,241.918,46.95
2018-09-25 05:00:00,19.476,80.227,36.794,287.018,56.535
2018-09-25 06:00:00,23.432,90.978,41.747,318.749,65.758
2018-09-25 07:00:00,24.289,96.432,48.361,343.436,72.128
2018-09-25 08:00:00,22.014,99.791,45.994,366.102,74.197
2018-09-25 09:00:00,22.627,107.473,48.94,373.267,77.466
2018-09-25 10:00:00,21.199,105.572,53.059,377.005,78.575
2018-09-25 11:00:00,22.846,106.902,50.529,372.174,77.945
2018-09-25 12:00:00,21.066,102.516,47.628,361.632,73.953
2018-09-25 13:00:00,18.565,100.812,47.429,349.237,68.854
2018-09-25 14:00:00,19.099,104.937,48.304,343.302,70.346
2018-09-25 15:00:00,21.067,104.323,45.958,347.203,77.309
2018-09-25 16:00:00,22.015,113.95,50.903,370.071,77.03
2018-09-25 17:00:00,22.734,112.589,52.421,376.552,85.629
2018-09-25 18:00:00,23.94,120.16,54.733,389.471,86.183
2018-09-25 19:00:00,25.812,117.821,51.991,391.445,86.289
2018-09-25 20:00:00,24.786,114.359,53.647,376.456,81.458
2018-09-25 21:00:00,20.572,100.713,49.287,323.417,72.059
2018-09-25 22:00:00,16.566,85.013,40.846,271.45,57.636
2018-09-25 23:00:00,15.817,71.893,36.252,236.091,52.246
2018-09-26 00:00:00,14.557,66.485,32.249,223.948,49.66
2018-09-26 01:00:00,14.13,66.845,32.12,211.71,46.67
2018-09-26 02:00:00,15.182,68.474,32.257,209.489,46.07
2018-09-26 03:00:00,15.491,71.626,33.63,213.302,45.67
2018-09-26 04:00:00,16.286,75.011,35.267,243.642,50.255
2018-09-26 05:00:00,20.664,89.901,43.682,295.911,60.7
2018-09-26 06:00:00,23.717,106.445,47.839,339.279,73.691
2018-09-26 07:00:00,29.002,129.391,56.22,389.48,80.762
2018-09-26 08:00:00,32.475,144.902,57.007,441.054,87.737
2018-09-26 09:00:00,34.047,162.098,61.477,493.142,93.003
2018-09-26 10:00:00,36.423,170.925,67.463,523.557,98.475
2018-09-26 11:00:00,34.915,174.215,69.686,546.118,109.903
2018-09-26 12:00:00,36.875,181.261,69.411,555.917,118.739
2018-09-26 13:00:00,37.442,188.337,71.041,572.401,118.676
2018-09-26 14:00:00,38.799,183.633,70.311,567.495,119.645
2018-09-26 15:00:00,38.744,181.612,70.098,546.614,127.031
2018-09-26 16:00:00,39.802,190.258,75.427,556.296,127.614
2018-09-26 17:00:00,39.175,183.605,74.449,542.332,123.476
2018-09-26 18:00:00,34.959,172.864,69.414,523.128,113.599
2018-09-26 19:00:00,37.305,164.633,69.433,497.244,108.439
2018-09-26 20:00:00,36.967,153.891,67.829,462.428,101.45
2018-09-26 21:00:00,30.298,127.738,60.522,401.065,85.638
2018-09-26 22:00:00,24.05,107.996,47.045,323.504,70.305
2018-09-26 23:00:00,20.361,91.52,40.209,269.959,60.198
2018-09-27 00:00:00,17.504,77.061,35.251,238.393,53.689
2018-09-27 01:00:00,16.155,71.323,32.808,223.252,49.372
2018-09-27 02:00:00,15.066,69.29,31.063,214.813,43.955
2018-09-27 03:00:00,14.909,67.413,31.051,208.535,42.706
2018-09-27 04:00:00,14.887,68.173,33.71,229.355,47.825
2018-09-27 05:00:00,16.143,78.5,37.841,268.053,56.115
2018-09-27 06:00:00,18.705,90.936,43.367,299.796,70.134
2018-09-27 07:00:00,22.016,99.636,51.815,329.492,75.009
2018-09-27 08:00:00,22.287,106.892,53.087,360.119,77.95
2018-09-27 09:00:00,25.015,113.787,49.87,383.131,84.417
2018-09-27 10:00:00,25.473,123.942,54.572,399.8,90.161
2018-09-27 11:00:00,29.002,132.79,58.976,430.715,96.374
2018-09-27 12:00:00,27.387,137.306,60.656,445.875,99.417
2018-09-27 13:00:00,27.864,143.231,66.459,456.013,105.212
2018-09-27 14:00:00,28.233,153.69,67.77,469.65,108.366
2018-09-27 15:00:00,30.271,154.799,68.028,489.106,113.47
2018-09-27 16:00:00,30.434,150.125,69.208,475.68,109.537
2018-09-27 17:00:00,30.996,139.833,63.164,446.989,106.488
2018-09-27 18:00:00,27.302,136.059,60.026,422.963,100.446
2018-09-27 19:00:00,27.145,127.022,59.342,405.833,89.811
2018-09-27 20:00:00,27.806,117.075,59.647,377.855,82.325
2018-09-27 21:00:00,22.972,96.356,46.106,315.496,68.847
2018-09-27 22:00:00,19.811,75.02,39.211,254.474,54.843
2018-09-27 23:00:00,14.838,66.118,31.21,218.38,46.065
2018-09-28 00:00:00,13.089,60.642,29.561,204.37,43.296
2018-09-28 01:00:00,12.05,59.282,27.742,196.129,42.534
2018-09-28 02:00:00,12.083,58.877,27.148,197.523,39.261
2018-09-28 03:00:00,11.907,59.575,28.677,199.13,38.886
2018-09-28 04:00:00,13.091,65.386,31.469,219.446,45.111
2018-09-28 05:00:00,16.984,79.726,35.015,266.173,56.947
2018-09-28 06:00:00,19.611,85.371,38.531,302.626,65.639
2018-09-28 07:00:00,20.839,96.324,42.26,333.855,72.073
2018-09-28 08:00:00,21.663,105.044,46.848,361.316,76.572
2018-09-28 09:00:00,20.217,105.894,46.277,375.356,77.342
2018-09-28 10:00:00,21.84,109.663,48.622,377.896,78.789
2018-09-28 11:00:00,21.826,109.739,48.687,368.567,78.118
2018-09-28 12:00:00,19.905,104.642,48.467,359.589,73.563
2018-09-28 13:00:00,19.964,104.596,47.549,349.327,71.869
2018-09-28 14:00:00,20.025,99.67,49.396,351.034,67.617
2018-09-28 15:00:00,22.97,100.697,48.474,350.091,70.093
2018-09-28 16:00:00,23.501,107.557,52.404,360.899,74.923
2018-09-28 17:00:00,23.623,112.078,50.034,365.605,76.363
2018-09-28 18:00:00,25.488,120.46,51.977,377.394,80.983
2018-09-28 19:00:00,24.071,122.857,50.514,378.445,81.448
2018-09-28 20:00:00,25.473,111.349,53.179,359.398,80.128
2018-09-28 21:00:00,19.761,93.83,46.374,308.988,66.308
2018-09-28 22:00:00,17.012,75.297,36.938,250.928,54.207
2018-09-28 23:00:00,14.739,68.13,34.527,228.687,48.712
2018-09-29 00:00:00,14.396,61.788,30.68,222.689,43.437
2018-09-29 01:00:00,12.811,59.997,27.297,209.19,42.474
2018-09-29 02:00:00,12.722,60.247,26.479,207.635,40.634
2018-09-29 03:00:00,12.927,60.605,27.25,208.432,39.871
2018-09-29 04:00:00,13.458,64.317,28.968,217.451,41.338
2018-09-29 05:00:00,14.204,67.717,32.149,230.697,45.517
2018-09-29 06:00:00,16.289,74.136,35.933,239.633,50.975
2018-09-29 07:00:00,18.846,86.979,39.898,276.727,60.259
2018-09-29 08:00:00,22.657,94.887,46.088,306.419,69.618
2018-09-29 09:00:00,24.22,103.317,52.163,319.138,75.833
2018-09-29 10:00:00,24.958,115.486,53.545,347.969,87.188
2018-09-29 11:00:00,26.023,124.736,57.388,378.941,97.601
2018-09-29 12:00:00,28.945,137.061,60.657,406.427,104.076
2018-09-29 13:00:00,31.572,149.412,68.069,428.817,115.895
2018-09-29 14:00:00,32.666,157.83,72.511,444.021,114.603
2018-09-29 15:00:00,33.276,157.733,73.089,452.425,116.178
2018-09-29 16:00:00,37.47,161.396,71.389,454.896,109.457
2018-09-29 17:00:00,32.896,151.998,67.098,441.455,105.946
2018-09-29 18:00:00,32.2,146.661,68.342,414.089,97.324
2018-09-29 19:00:00,30.31,131.55,67.68,394.104,92.949
2018-09-29 20:00:00,28.472,120.029,54.591,375.788,84.84
2018-09-29 21:00:00,22.205,98.472,46.612,315.452,69.215
2018-09-29 22:00:00,16.913,80.152,39.328,253.186,55.348
2018-09-29 23:00:00,15.019,66.722,32.412,225.131,46.825
2018-09-30 00:00:00,14.318,62.179,28.72,210.621,42.166
2018-09-30 01:00:00,11.941,59.005,27.205,200.989,40.906
2018-09-30 02:00:00,11.9,58.669,26.605,196.379,38.411
2018-09-30 03:00:00,12.088,59.066,26.923,198.12,37.484
2018-09-30 04:00:00,12.657,62.863,28.556,210.768,40.49
2018-09-30 05:00:00,14.5,67.193,31.669,227.96,45.265
2018-09-30 06:00:00,15.323,72.066,33.281,239.924,49.495
2018-09-30 07:00:00,18.299,83.123,40.561,258.755,56.244
2018-09-30 08:00:00,19.232,91.007,47.109,281.289,68.38
2018-09-30 09:00:00,21.05,99.774,54.29,306.615,77.502
2018-09-30 10:00:00,24.899,103.333,49.986,324.841,83.882
2018-09-30 11:00:00,24.971,111.671,55.522,330.107,92.189
2018-09-30 12:00:00,26.807,122.104,62.951,351.194,97.349
2018-09-30 13:00:00,27.985,126.993,65.724,363.59,100.086
2018-09-30 14:00:00,29.507,131.789,70.892,387.601,103.296
2018-09-30 15:00:00,27.878,136.604,68.054,391.466,101.519
2018-09-30 16:00:00,28.547,137.744,68.425,400.211,96.69
2018-09-30 17:00:00,27.421,135.85,64.248,391.067,95.773
2018-09-30 18:00:00,28.011,123.123,61.663,374.72,90.536
2018-09-30 19:00:00,31.063,119.899,60.212,366.079,89.567
2018-09-30 20:00:00,26.591,112.005,54.504,346.223,83.028
2018-09-30 21:00:00,21.583,94.704,47.895,304.156,67.156
2018-09-30 22:00:00,16.715,77.455,40.88,258.407,54.849
2018-09-30 23:00:00,15.2,64.3,30.757,216.014,45.601
2018-10-01 00:00:00,12.175,60.64,28.114,205.188,43.204
2018-10-01 01:00:00,11.701,59.975,27.045,198.954,41.277
2018-10-01 02:00:00,11.737,58.305,26.951,196.194,38.739
2018-10-01 03:00:00,12.734,59.008,27.533,202.096,40.087
2018-10-01 04:00:00,13.242,64.426,30.537,222.56,45.756
2018-10-01 05:00:00,17.471,80.039,36.982,273.573,55.992
2018-10-01 06:00:00,19.757,90.219,45.11,305.536,70.047
2018-10-01 07:00:00,20.198,99.163,49.329,346.29,73.054
2018-10-01 08:00:00,22.227,103.086,50.424,367.085,76.192
2018-10-01 09:00:00,23.373,110.891,52.078,380.921,80.728
2018-10-01 10:00:00,20.639,116.695,55.71,387.009,81.25
2018-10-01 11:00:00,21.023,118.994,52.537,392.321,83.078
2018-10-01 12:00:00,22.154,110.321,48.264,376.86,79.801
2018-10-01 13:00:00,21.938,110.246,51.721,362.511,76.282
2018-10-01 14:00:00,22.029,108.204,48.954,346.686,76.274
2018-10-01 15:00:00,23.766,108.394,54.059,357.957,80.507
2018-10-01 16:00:00,24.576,109.204,54.478,367.088,89.302
2018-10-01 17:00:00,25.954,114.111,58.438,388.934,94.331
2018-10-01 18:00:00,25.822,124.559,58.594,399.893,98.902
2018-10-01 19:00:00,26.05,123.362,54.365,388.961,94.101
2018-10-01 20:00:00,24.824,115.329,51.5,381.347,82.729
2018-10-01 21:00:00,19.897,92.577,44.379,306.212,69.395
2018-10-01 22:00:00,17.605,75.261,35.57,249.434,52.042
2018-10-01 23:00:00,14.32,67.327,31.339,219.882,44.474
2018-10-02 00:00:00,11.978,62.23,28.631,202.729,42.113
2018-10-02 01:00:00,11.626,59.808,27.367,199.136,40.514
2018-10-02 02:00:00,11.517,58.845,26.727,196.141,38.548
2018-10-02 03:00:00,12.205,60.207,28.322,201.902,39.359
2018-10-02 04:00:00,13.778,65.082,30.41,222.456,44.641
2018-10-02 05:00:00,17.561,80.126,37.069,272.783,56.375
2018-10-02 06:00:00,20.381,86.367,46.09,301.836,65.344
2018-10-02 07:00:00,22.516,95.798,49.348,333.009,73.3
2018-10-02 08:00:00,21.27,101.13,49.675,365.104,78.943
2018-10-02 09:00:00,22.736,106.103,53.604,374.191,81.803
2018-10-02 10:00:00,19.475,109.357,51.473,371.114,82.754
2018-10-02 11:00:00,19.57,110.578,50.165,374.504,89.333
2018-10-02 12:00:00,19.525,107.575,49.246,364.082,91.675
2018-10-02 13:00:00,20.312,106.08,48.983,350.149,97.272
2018-10-02 14:00:00,19.794,105.017,52.316,341.468,101.293
2018-10-02 15:00:00,21.165,106.46,58.784,351.735,102.07
2018-10-02 16:00:00,22.742,118.687,58.116,369.119,101.45
2018-10-02 17:00:00,25.544,124.46,60.447,396.743,104.912
2018-10-02 18:00:00,27.214,132.102,61.696,409.125,103.414
2018-10-02 19:00:00,29.451,132.161,61.147,408.898,98.333
2018-10-02 20:00:00,24.386,126.964,60.419,382.313,88.63
2018-10-02 21:00:00,21.409,96.136,49.487,313.822,70.072
2018-10-02 22:00:00,16.088,77.792,42.31,260.471,55.569
2018-10-02 23:00:00,15.151,67.058,34.783,221.161,47.977
2018-10-03 00:00:00,13.875,62.499,30.42,208.891,42.748
2018-10-03 01:00:00,12.684,62.126,28.073,201.264,42.652
2018-10-03 02:00:00,12.596,60.658,27.84,196.288,40.188
2018-10-03 03:00:00,11.837,60.834,28.054,201.423,40.283
2018-10-03 04:00:00,12.903,65.042,34.26,224.189,46.041
2018-10-03 05:00:00,16.554,81.402,37.74,269.365,58.704
2018-10-03 06:00:00,21.034,90.189,41.652,297.784,69.885
2018-10-03 07:00:00,22.093,97.36,49.503,339.088,74.58
2018-10-03 08:00:00,21.464,102.763,48.284,367.752,84.089
2018-10-03 09:00:00,21.955,109.704,50.731,378.61,94.29
2018-10-03 10:00:00,23.139,110.967,53.272,378.214,106.326
2018-10-03 11:00:00,24.127,110.519,51.985,383.075,113.777
2018-10-03 12:00:00,22.292,112.207,51.172,369.862,107.381
2018-10-03 13:00:00,21.76,114.972,53.639,370.59,97.828
2018-10-03 14:00:00,22.636,120.83,55.308,385.085,98.153
2018-10-03 15:00:00,25.55,123.539,57.3,407.918,92.647
2018-10-03 16:00:00,25.908,130.901,59.642,416.861,94.494
2018-10-03 17:00:00,28.496,137.639,59.854,429.942,94.479
2018-10-03 18:00:00,27.648,141.345,62.41,424.042,95.196
2018-10-03 19:00:00,28.951,135.031,60.526,407.983,88.177
2018-10-03 20:00:00,27.85,121.052,59.701,378.246,84.093
2018-10-03 21:00:00,21.16,96.815,47.578,318.406,63.871
2018-10-03 22:00:00,17.507,77.025,38.899,253.038,50.792
2018-10-03 23:00:00,15.143,64.627,32.355,219.263,45.566
2018-10-04 00:00:00,13.311,60.169,28.488,206.088,40.13
2018-10-04 01:00:00,12.419,59.537,28.212,198.886,40.303
2018-10-04 02:00:00,11.848,58.823,27.363,193.091,37.755
2018-10-04 03:00:00,12.944,58.45,28.359,196.839,39.272
2018-10-04 04:00:00,13.936,63.251,30.53,223.834,45.367
2018-10-04 05:00:00,17.857,80.461,35.014,269.82,57.916
2018-10-04 06:00:00,22.595,89.182,40.666,306.817,66.428
2018-10-04 07:00:00,20.519,94.95,47.901,337.736,72.491
2018-10-04 08:00:00,19.76,103.548,52.052,362.462,77.958
2018-10-04 09:00:00,20.467,114.194,54.821,381.615,84.001
2018-10-04 10:00:00,21.368,122.199,55.466,391.234,93.25
2018-10-04 11:00:00,21.854,120.569,53.466,411.294,103.031
2018-10-04 12:00:00,22.205,122.718,51.704,420.988,103.564
2018-10-04 13:00:00,22.871,120.539,57.522,406.328,97.721
2018-10-04 14:00:00,23.302,120.524,48.154,404.932,101.857
2018-10-04 15:00:00,24.221,124.838,52.96,415.646,107.914
2018-10-04 16:00:00,25.928,129.981,57.363,426.136,105.672
2018-10-04 17:00:00,30.178,136.687,60.354,434.493,106.058
2018-10-04 18:00:00,32.284,138.5,62.697,442.811,106.227
2018-10-04 19:00:00,29.353,135.327,62.055,426.082,102.876
2018-10-04 20:00:00,26.486,128.163,58.615,398.24,90.804
2018-10-04 21:00:00,22.487,99.72,48.58,331.964,72.489
2018-10-04 22:00:00,18.326,81.121,39.497,273.933,59.399
2018-10-04 23:00:00,15.171,70.905,33.688,236.816,50.487
2018-10-05 00:00:00,14.56,66.784,32.053,218.099,46.44
2018-10-05 01:00:00,13.014,65.315,28.662,203.498,44.85
2018-10-05 02:00:00,14.066,62.555,28.201,197.391,41.182
2018-10-05 03:00:00,16.999,59.533,29.933,198.489,40.692
2018-10-05 04:00:00,14.876,62.654,30.923,221.872,46.933
2018-10-05 05:00:00,15.645,78.256,34.194,272.119,58.035
2018-10-05 06:00:00,18.869,87.753,39.353,305.269,69.813
2018-10-05 07:00:00,21.328,98.702,44.492,339.235,76.157
2018-10-05 08:00:00,20.963,106.501,49.127,367.045,79.823
2018-10-05 09:00:00,20.736,111.154,51.814,383.237,86.132
2018-10-05 10:00:00,22.299,113.715,53.282,392.723,82.886
2018-10-05 11:00:00,21.291,118.707,53.668,397.518,86.116
2018-10-05 12:00:00,21.359,115.72,51.494,393.894,80.484
2018-10-05 13:00:00,21.814,114.174,48.574,389.896,83.098
2018-10-05 14:00:00,23.033,112.24,50.305,390.703,86.057
2018-10-05 15:00:00,24.191,119.334,53.631,409.173,94.437
2018-10-05 16:00:00,25.368,120.694,54.313,417.438,97.787
2018-10-05 17:00:00,25.107,123.367,57.259,421.892,96.275
2018-10-05 18:00:00,25.661,124.703,54.722,423.885,87.812
2018-10-05 19:00:00,26.496,122.283,53.857,403.529,85.236
2018-10-05 20:00:00,26.038,110.574,54.999,364.488,78.211
2018-10-05 21:00:00,19.157,94.889,43.308,308.664,63.442
2018-10-05 22:00:00,16.814,76.788,37.207,261.293,52.826
2018-10-05 23:00:00,14.493,68.836,33.851,231.6,44.61
2018-10-06 00:00:00,13.87,64.149,30.36,225.692,40.403
2018-10-06 01:00:00,12.733,61.824,28.644,223.308,41.976
2018-10-06 02:00:00,13.158,60.945,28.276,220.134,39.613
2018-10-06 03:00:00,13.682,61.98,29.847,216.405,39.145
2018-10-06 04:00:00,14.249,65.821,30.94,233.833,42.681
2018-10-06 05:00:00,15.376,71.578,34.462,253.599,47.367
2018-10-06 06:00:00,18.626,75.221,37.99,264.016,51.765
2018-10-06 07:00:00,24.417,89.681,41.549,303.471,61.242
2018-10-06 08:00:00,24.507,92.581,48.295,324.648,67.999
2018-10-06 09:00:00,20.441,97.504,50.997,327.901,75.058
2018-10-06 10:00:00,22.208,103.078,48.748,334.669,75.916
2018-10-06 11:00:00,23.745,109.272,51.994,340.695,78.724
2018-10-06 12:00:00,23.62,114.392,52.817,352.223,81.044
2018-10-06 13:00:00,25.223,115.448,53.414,354.065,82.119
2018-10-06 14:00:00,23.172,115.647,55.486,363.009,82.373
2018-10-06 15:00:00,26.632,124.445,56.465,357.023,86.381
2018-10-06 16:00:00,25.546,128.281,64.649,374.93,87.983
2018-10-06 17:00:00,28.604,123.739,58.315,396.933,92.13
2018-10-06 18:00:00,27.507,132.881,57.142,401.881,91.127
2018-10-06 19:00:00,28.449,130.944,54.956,395.92,90.064
2018-10-06 20:00:00,25.291,115.014,54.581,370.524,84.633
2018-10-06 21:00:00,19.769,91.544,44.688,304.969,68.569
2018-10-06 22:00:00,16.465,72.731,38.044,255.746,53.519
2018-10-06 23:00:00,13.552,63.402,31.555,221.688,44.709
2018-10-07 00:00:00,12.216,59.794,28.486,199.638,41.205
2018-10-07 01:00:00,11.938,59.033,26.443,188.315,41.202
2018-10-07 02:00:00,11.683,58.083,27.239,186.54,39.837
2018-10-07 03:00:00,11.779,58.156,26.778,185.626,37.665
2018-10-07 04:00:00,12.363,62.007,28.01,195.383,40.905
2018-10-07 05:00:00,14.161,66.363,30.724,218.044,45.718
2018-10-07 06:00:00,17.916,72.165,35.49,234.833,52.149
2018-10-07 07:00:00,20.32,88.48,40.461,283.891,61.056
2018-10-07 08:00:00,21.881,98.336,49.564,307.587,70.978
2018-10-07 09:00:00,25.108,109.401,53.391,323.601,78.538
2018-10-07 10:00:00,25.284,111.859,56.802,329.704,80.12
2018-10-07 11:00:00,23.645,121.157,58.333,355.727,85.997
2018-10-07 12:00:00,27.143,130.818,56.569,370.498,79.778
2018-10-07 13:00:00,27.706,134.772,57.941,397.778,82.474
2018-10-07 14:00:00,28.723,141.492,57.813,434.317,83.133
2018-10-07 15:00:00,31.764,148.17,59.404,455.53,83.549
2018-10-07 16:00:00,36.044,159.117,63.341,482.041,88.693
2018-10-07 17:00:00,34.838,159.859,66.37,476.518,93.941
2018-10-07 18:00:00,33.278,155.392,65.291,442.552,95.013
2018-10-07 19:00:00,30.081,145.078,62.404,410.563,95.966
2018-10-07 20:00:00,27.064,120.366,60.779,356.572,86.143
2018-10-07 21:00:00,22.543,95.867,45.76,306.467,67.916
2018-10-07 22:00:00,18.529,77.266,38.003,255.401,54.831
2018-10-07 23:00:00,14.734,62.305,32.942,217.491,44.837
2018-10-08 00:00:00,12.277,61.591,29.996,206.096,42.514
2018-10-08 01:00:00,11.842,60.078,28.05,195.465,40.218
2018-10-08 02:00:00,12.032,58.279,26.922,191.371,38.029
2018-10-08 03:00:00,11.886,58.507,27.383,196.574,39.271
2018-10-08 04:00:00,13.359,64.212,30.964,221.126,46.099
2018-10-08 05:00:00,16.953,76.498,38.142,271.975,58.011
2018-10-08 06:00:00,18.915,90.608,43.829,306.47,71.909
2018-10-08 07:00:00,19.093,101.716,45.833,339.146,78.822
2018-10-08 08:00:00,19.226,108.019,49.655,361.551,83.067
2018-10-08 09:00:00,22.348,115.106,51.739,376.2,78.284
2018-10-08 10:00:00,25.861,110.136,51.385,370.517,80.822
2018-10-08 11:00:00,21.421,108.848,48.045,367.584,83.078
2018-10-08 12:00:00,20.122,105.635,48.807,359.742,77.666
2018-10-08 13:00:00,19.312,103.79,44.972,351.882,73.376
2018-10-08 14:00:00,19.695,99.632,44.35,348.474,74.039
2018-10-08 15:00:00,20.802,99.837,47.746,360.399,76.898
2018-10-08 16:00:00,23.034,109.444,49.033,374.332,83.201
2018-10-08 17:00:00,26.776,118.767,54.229,393.284,87.201
2018-10-08 18:00:00,26.514,118.613,58.572,402.871,90.847
2018-10-08 19:00:00,27.333,121.505,53.474,402.606,88.961
2018-10-08 20:00:00,24.988,113.238,49.225,364.025,85.695
2018-10-08 21:00:00,20.123,95.26,42.44,306.614,64.583
2018-10-08 22:00:00,14.489,76.909,34.772,250.091,52.766
2018-10-08 23:00:00,12.997,67.823,31.556,221.757,43.917
2018-10-09 00:00:00,12.524,62.737,28.016,204.258,41.145
2018-10-09 01:00:00,11.351,59.621,26.514,196.915,41.377
2018-10-09 02:00:00,11.996,59.729,26.819,194.0,38.657
2018-10-09 03:00:00,12.179,60.795,27.445,197.296,38.363
2018-10-09 04:00:00,12.806,62.985,31.076,222.012,44.167
2018-10-09 05:00:00,17.375,79.331,38.7,276.735,56.745
2018-10-09 06:00:00,20.615,91.83,45.263,308.769,69.227
2018-10-09 07:00:00,22.28,98.842,49.779,347.279,76.62
2018-10-09 08:00:00,20.991,109.877,50.632,382.03,81.979
2018-10-09 09:00:00,24.23,121.601,55.51,401.333,94.689
2018-10-09 10:00:00,26.52,142.12,60.051,449.166,102.701
2018-10-09 11:00:00,31.706,151.914,68.546,479.67,112.146
2018-10-09 12:00:00,30.664,156.189,70.987,485.329,115.698
2018-10-09 13:00:00,30.297,152.171,68.439,481.423,121.436
2018-10-09 14:00:00,29.319,146.608,68.038,479.093,119.948
2018-10-09 15:00:00,32.465,151.709,69.162,496.83,123.914
2018-10-09 16:00:00,32.528,157.428,69.813,516.523,125.86
2018-10-09 17:00:00,32.298,158.554,70.945,509.403,116.662
2018-10-09 18:00:00,33.098,152.518,67.475,498.817,108.316
2018-10-09 19:00:00,32.581,144.452,65.331,464.47,103.828
2018-10-09 20:00:00,31.39,133.513,63.628,416.579,93.286
2018-10-09 21:00:00,25.492,109.931,55.985,344.703,75.875
2018-10-09 22:00:00,20.342,87.555,43.084,285.937,61.99
2018-10-09 23:00:00,17.685,75.032,36.404,241.297,51.626
2018-10-10 00:00:00,15.321,65.666,31.964,221.926,46.725
2018-10-10 01:00:00,13.848,64.377,29.415,211.548,45.379
2018-10-10 02:00:00,13.673,62.638,29.26,207.523,42.877
2018-10-10 03:00:00,14.246,63.871,29.663,212.85,43.098
2018-10-10 04:00:00,15.037,69.573,32.577,240.383,48.675
2018-10-10 05:00:00,20.747,85.558,36.83,288.34,65.151
2018-10-10 06:00:00,25.766,102.098,47.269,325.979,73.781
2018-10-10 07:00:00,27.026,119.244,55.203,395.804,82.467
2018-10-10 08:00:00,29.673,137.116,63.488,468.481,92.867
2018-10-10 09:00:00,31.305,168.15,71.954,539.811,104.79
2018-10-10 10:00:00,40.526,194.712,80.847,599.572,110.533
2018-10-10 11:00:00,42.581,211.498,89.682,653.982,125.455
2018-10-10 12:00:00,45.601,217.7,90.756,670.567,122.251
2018-10-10 13:00:00,45.352,223.465,91.176,666.918,124.233
2018-10-10 14:00:00,46.706,214.861,87.047,673.1,123.049
2018-10-10 15:00:00,47.89,213.04,88.362,673.705,119.794
2018-10-10 16:00:00,48.118,205.987,84.662,656.628,122.778
2018-10-10 17:00:00,44.235,190.271,84.668,621.043,115.017
2018-10-10 18:00:00,37.195,178.25,79.495,575.949,110.134
2018-10-10 19:00:00,37.937,163.842,75.672,528.11,103.898
2018-10-10 20:00:00,35.194,149.15,64.16,483.434,95.509
2018-10-10 21:00:00,29.073,121.875,52.72,396.904,79.502
2018-10-10 22:00:00,20.941,97.931,44.784,319.172,61.704
2018-10-10 23:00:00,18.232,80.291,38.965,264.503,53.253
2018-10-11 00:00:00,16.252,71.195,33.056,237.017,47.696
2018-10-11 01:00:00,14.666,67.941,30.98,222.423,46.621
2018-10-11 02:00:00,14.277,67.006,30.133,218.715,44.565
2018-10-11 03:00:00,14.354,65.929,30.697,221.235,44.085
2018-10-11 04:00:00,15.576,73.612,33.693,250.651,52.214
2018-10-11 05:00:00,19.987,88.371,41.249,298.58,66.886
2018-10-11 06:00:00,25.081,99.575,45.418,342.653,77.005
2018-10-11 07:00:00,26.056,112.015,48.328,386.356,84.469
2018-10-11 08:00:00,27.817,121.625,51.482,423.998,90.127
2018-10-11 09:00:00,25.198,136.926,56.075,464.193,94.976
2018-10-11 10:00:00,28.684,143.518,59.96,480.966,101.261
2018-10-11 11:00:00,29.561,150.574,58.305,491.298,108.74
2018-10-11 12:00:00,28.326,149.235,60.098,482.923,103.842
2018-10-11 13:00:00,28.38,142.981,57.328,465.45,97.314
2018-10-11 14:00:00,27.003,134.925,53.51,450.078,93.829
2018-10-11 15:00:00,27.322,134.755,54.098,450.443,92.174
2018-10-11 16:00:00,31.468,143.994,57.919,451.581,98.065
2018-10-11 17:00:00,31.15,158.644,64.362,454.534,104.612
2018-10-11 18:00:00,32.33,155.519,68.595,433.978,106.132
2018-10-11 19:00:00,32.509,152.14,64.852,419.711,102.651
2018-10-11 20:00:00,28.652,137.004,64.312,390.294,93.227
2018-10-11 21:00:00,24.06,106.815,54.309,335.531,77.776
2018-10-11 22:00:00,18.88,84.246,43.507,261.908,62.638
2018-10-11 23:00:00,16.005,69.81,39.958,228.549,52.3
2018-10-12 00:00:00,13.202,63.122,34.446,208.058,47.96
2018-10-12 01:00:00,12.85,60.387,29.797,199.319,46.388
2018-10-12 02:00:00,12.329,59.225,29.155,195.594,43.651
2018-10-12 03:00:00,12.334,58.854,28.535,197.2,44.333
2018-10-12 04:00:00,14.144,63.582,31.774,221.12,49.779
2018-10-12 05:00:00,19.451,77.954,37.06,273.063,58.878
2018-10-12 06:00:00,20.733,87.501,42.273,302.182,67.656
2018-10-12 07:00:00,20.257,94.965,45.87,333.563,69.236
2018-10-12 08:00:00,22.103,100.996,49.124,361.764,75.776
2018-10-12 09:00:00,23.366,110.116,50.875,376.794,79.826
2018-10-12 10:00:00,21.875,109.996,50.926,385.618,76.987
2018-10-12 11:00:00,23.303,112.603,52.841,380.813,80.588
2018-10-12 12:00:00,21.392,111.85,47.922,365.071,78.082
2018-10-12 13:00:00,20.435,104.902,44.744,352.549,72.562
2018-10-12 14:00:00,22.288,108.823,47.316,355.488,74.998
2018-10-12 15:00:00,23.617,110.912,46.768,372.575,75.202
2018-10-12 16:00:00,22.641,118.759,50.899,388.516,83.478
2018-10-12 17:00:00,25.343,121.683,55.997,405.118,84.106
2018-10-12 18:00:00,24.874,125.493,56.784,398.371,82.348
2018-10-12 19:00:00,26.715,122.078,55.664,395.78,81.72
2018-10-12 20:00:00,23.643,112.977,53.801,370.632,77.811
2018-10-12 21:00:00,19.106,95.618,45.176,308.804,65.557
2018-10-12 22:00:00,15.721,79.79,37.858,256.394,56.591
2018-10-12 23:00:00,16.895,71.729,33.034,233.093,48.493
2018-10-13 00:00:00,13.213,65.584,30.728,223.123,44.595
2018-10-13 01:00:00,13.093,62.143,28.619,219.718,44.69
2018-10-13 02:00:00,13.378,62.713,28.993,214.835,43.625
2018-10-13 03:00:00,13.3,63.378,29.894,214.4,43.315
2018-10-13 04:00:00,13.893,65.997,30.262,227.39,45.985
2018-10-13 05:00:00,17.337,73.109,35.143,255.106,51.925
2018-10-13 06:00:00,21.625,80.248,38.911,265.491,57.138
2018-10-13 07:00:00,22.572,93.393,44.584,310.589,69.855
2018-10-13 08:00:00,27.416,100.306,47.151,342.447,74.431
2018-10-13 09:00:00,27.792,106.994,50.468,350.614,82.326
2018-10-13 10:00:00,25.128,106.584,52.408,356.753,81.497
2018-10-13 11:00:00,25.271,109.966,55.966,360.83,80.414
2018-10-13 12:00:00,24.841,106.313,52.774,356.542,76.85
2018-10-13 13:00:00,22.465,109.342,49.762,349.83,71.082
2018-10-13 14:00:00,21.795,105.514,48.317,336.43,69.801
2018-10-13 15:00:00,23.145,105.272,46.99,341.886,78.376
2018-10-13 16:00:00,24.869,112.0,49.479,364.894,77.074
2018-10-13 17:00:00,27.299,123.366,55.245,394.533,80.872
2018-10-13 18:00:00,27.888,123.603,55.591,409.259,88.78
2018-10-13 19:00:00,27.882,123.441,56.934,408.214,87.725
2018-10-13 20:00:00,25.981,112.86,53.817,383.911,81.82
2018-10-13 21:00:00,20.758,101.335,46.885,331.034,75.183
2018-10-13 22:00:00,19.321,82.117,41.617,282.291,58.381
2018-10-13 23:00:00,18.368,70.062,34.511,254.015,50.938
2018-10-14 00:00:00,15.239,66.688,32.375,241.727,48.109
2018-10-14 01:00:00,14.604,66.871,31.18,233.878,48.401
2018-10-14 02:00:00,14.932,66.295,31.185,231.558,46.259
2018-10-14 03:00:00,14.89,67.7,32.467,236.168,47.824
2018-10-14 04:00:00,16.037,75.928,34.197,251.322,48.21
2018-10-14 05:00:00,17.494,82.046,38.503,272.592,54.794
2018-10-14 06:00:00,24.53,87.111,40.855,286.59,59.455
2018-10-14 07:00:00,27.544,98.528,43.059,309.63,66.468
2018-10-14 08:00:00,26.559,100.753,50.704,331.055,69.945
2018-10-14 09:00:00,24.89,102.389,49.257,336.008,69.65
2018-10-14 10:00:00,22.636,95.783,48.005,327.356,71.326
2018-10-14 11:00:00,22.825,101.922,45.142,311.495,72.947
2018-10-14 12:00:00,20.573,102.506,46.183,309.171,66.658
2018-10-14 13:00:00,19.879,98.826,43.366,301.097,68.877
2018-10-14 14:00:00,21.477,101.727,44.15,301.296,70.94
2018-10-14 15:00:00,22.381,112.826,49.52,312.063,71.87
2018-10-14 16:00:00,24.712,113.163,50.215,330.503,71.218
2018-10-14 17:00:00,27.599,119.587,50.073,356.008,80.73
2018-10-14 18:00:00,27.822,120.339,51.755,376.661,83.592
2018-10-14 19:00:00,24.731,117.603,53.347,379.742,85.95
2018-10-14 20:00:00,24.243,109.43,53.993,357.112,78.387
2018-10-14 21:00:00,19.772,93.751,47.367,310.453,67.745
2018-10-14 22:00:00,17.149,80.452,41.34,267.043,54.729
2018-10-14 23:00:00,15.483,71.72,34.63,240.958,46.501
2018-10-15 00:00:00,14.405,67.893,32.888,231.412,44.001
2018-10-15 01:00:00,14.433,67.8,32.802,231.349,43.326
2018-10-15 02:00:00,14.641,66.252,33.267,233.938,40.034
2018-10-15 03:00:00,14.651,66.287,36.146,239.124,40.506
2018-10-15 04:00:00,15.855,75.26,39.254,259.232,46.094
2018-10-15 05:00:00,19.369,88.423,43.461,309.408,60.805
2018-10-15 06:00:00,25.222,99.629,50.266,350.361,68.991
2018-10-15 07:00:00,31.102,105.775,49.543,369.573,73.784
2018-10-15 08:00:00,24.514,114.012,48.88,388.066,76.166
2018-10-15 09:00:00,23.613,115.247,49.62,392.712,78.994
2018-10-15 10:00:00,22.578,116.732,48.044,393.784,79.566
2018-10-15 11:00:00,23.115,113.866,48.257,384.085,81.2
2018-10-15 12:00:00,22.572,110.961,46.953,368.634,74.791
2018-10-15 13:00:00,20.355,102.289,48.941,353.358,70.242
2018-10-15 14:00:00,20.689,107.692,47.425,342.488,70.386
2018-10-15 15:00:00,21.593,108.692,47.307,350.833,75.27
2018-10-15 16:00:00,24.419,113.525,50.962,382.229,75.387
2018-10-15 17:00:00,26.59,124.214,56.693,399.296,84.334
2018-10-15 18:00:00,28.645,128.22,58.111,405.988,90.376
2018-10-15 19:00:00,25.329,125.965,55.236,404.288,89.142
2018-10-15 20:00:00,25.663,117.103,52.74,371.101,80.8
2018-10-15 21:00:00,21.735,105.649,44.939,314.752,69.733
2018-10-15 22:00:00,16.185,75.96,38.298,260.817,53.949
2018-10-15 23:00:00,14.009,65.968,34.885,222.883,47.365
2018-10-16 00:00:00,13.149,62.257,30.85,207.575,42.589
2018-10-16 01:00:00,12.045,59.809,28.178,204.197,42.332
2018-10-16 02:00:00,12.728,59.594,28.259,204.783,38.943
2018-10-16 03:00:00,14.15,61.71,30.466,211.138,40.211
2018-10-16 04:00:00,16.56,68.162,32.201,235.191,49.798
2018-10-16 05:00:00,19.96,79.907,39.058,288.575,64.377
2018-10-16 06:00:00,22.448,93.503,45.826,334.172,76.329
2018-10-16 07:00:00,24.188,100.765,50.515,357.543,74.972
2018-10-16 08:00:00,22.251,109.239,51.547,375.63,78.526
2018-10-16 09:00:00,22.544,109.753,48.674,390.314,76.419
2018-10-16 10:00:00,22.794,110.88,48.096,390.06,80.207
2018-10-16 11:00:00,22.159,113.059,49.255,383.088,89.421
2018-10-16 12:00:00,21.189,107.796,45.864,369.473,80.241
2018-10-16 13:00:00,19.226,103.046,47.769,354.266,77.319
2018-10-16 14:00:00,22.805,102.791,48.05,354.419,71.551
2018-10-16 15:00:00,23.033,105.162,49.025,361.599,76.948
2018-10-16 16:00:00,26.753,109.823,52.571,379.01,83.933
2018-10-16 17:00:00,26.411,115.483,53.325,398.859,91.979
2018-10-16 18:00:00,26.705,126.007,55.774,408.856,94.275
2018-10-16 19:00:00,31.437,123.173,54.299,407.776,87.825
2018-10-16 20:00:00,29.518,110.511,54.631,390.962,80.114
2018-10-16 21:00:00,22.925,94.909,45.551,324.252,65.413
2018-10-16 22:00:00,16.905,82.246,37.909,269.513,55.068
2018-10-16 23:00:00,15.871,75.217,34.966,242.04,47.57
2018-10-17 00:00:00,14.269,69.207,32.067,228.114,46.603
2018-10-17 01:00:00,13.8,66.156,30.795,226.672,46.756
2018-10-17 02:00:00,13.97,65.386,30.48,230.692,44.439
2018-10-17 03:00:00,14.574,67.208,32.775,238.651,44.711
2018-10-17 04:00:00,16.135,75.067,35.674,262.553,50.855
2018-10-17 05:00:00,18.88,90.753,41.811,313.217,63.035
2018-10-17 06:00:00,25.22,100.842,46.599,344.713,72.42
2018-10-17 07:00:00,27.329,107.366,50.838,374.266,79.388
2018-10-17 08:00:00,24.377,108.562,48.503,387.226,82.427
2018-10-17 09:00:00,24.266,109.367,49.392,390.718,82.444
2018-10-17 10:00:00,24.351,108.838,49.387,382.952,81.097
2018-10-17 11:00:00,20.903,109.837,48.314,376.179,85.279
2018-10-17 12:00:00,20.402,111.866,48.238,380.176,75.701
2018-10-17 13:00:00,20.824,110.296,47.341,372.504,73.381
2018-10-17 14:00:00,21.942,107.078,49.273,352.769,76.4
2018-10-17 15:00:00,21.335,107.454,47.664,355.77,85.251
2018-10-17 16:00:00,21.91,117.291,49.465,375.816,83.83
2018-10-17 17:00:00,25.618,127.204,52.223,401.015,86.048
2018-10-17 18:00:00,27.619,126.299,57.887,410.558,90.512
2018-10-17 19:00:00,27.665,122.951,56.262,412.757,91.88
2018-10-17 20:00:00,26.385,113.339,58.241,379.817,83.795
2018-10-17 21:00:00,20.557,98.798,50.268,323.05,69.519
2018-10-17 22:00:00,18.455,80.405,40.307,277.408,60.305
2018-10-17 23:00:00,15.173,71.766,36.233,252.322,53.789
2018-10-18 00:00:00,14.315,68.406,33.956,243.976,51.747
2018-10-18 01:00:00,14.576,69.031,32.866,236.608,54.289
2018-10-18 02:00:00,14.969,68.784,33.369,238.694,54.108
2018-10-18 03:00:00,15.741,69.027,35.596,248.645,56.022
2018-10-18 04:00:00,17.61,77.92,41.052,275.274,64.195
2018-10-18 05:00:00,21.091,93.145,48.689,328.989,82.581
2018-10-18 06:00:00,30.202,104.371,54.353,363.408,89.797
2018-10-18 07:00:00,30.136,115.864,56.063,383.23,94.795
2018-10-18 08:00:00,26.224,119.701,57.499,406.602,94.835
2018-10-18 09:00:00,24.557,123.624,55.564,419.591,89.308
2018-10-18 10:00:00,24.392,114.777,55.303,412.778,86.511
2018-10-18 11:00:00,22.532,115.22,57.349,403.64,86.351
2018-10-18 12:00:00,22.649,110.748,54.428,386.403,78.442
2018-10-18 13:00:00,23.273,105.952,48.184,369.016,75.136
2018-10-18 14:00:00,22.56,108.839,47.173,355.584,75.589
2018-10-18 15:00:00,24.506,106.848,51.997,365.75,77.064
2018-10-18 16:00:00,28.364,109.707,51.003,380.571,83.635
2018-10-18 17:00:00,28.765,121.092,55.926,412.398,89.153
2018-10-18 18:00:00,30.208,129.138,60.658,427.691,95.741
2018-10-18 19:00:00,32.252,127.461,57.261,434.461,97.864
2018-10-18 20:00:00,27.146,122.267,55.608,406.96,89.758
2018-10-18 21:00:00,23.472,105.697,47.357,358.191,74.316
2018-10-18 22:00:00,19.076,92.077,41.169,308.574,66.458
2018-10-18 23:00:00,17.927,83.228,39.801,276.29,58.785
2018-10-19 00:00:00,16.386,75.999,36.815,267.868,54.954
2018-10-19 01:00:00,16.138,74.119,36.139,265.817,56.923
2018-10-19 02:00:00,17.204,73.638,36.79,263.122,55.654
2018-10-19 03:00:00,18.135,76.63,40.48,274.273,57.736
2018-10-19 04:00:00,19.251,89.723,41.907,302.459,68.339
2018-10-19 05:00:00,22.528,103.49,45.304,355.494,84.923
2018-10-19 06:00:00,33.472,114.176,50.723,388.443,94.393
2018-10-19 07:00:00,31.0,120.293,51.191,402.386,90.072
2018-10-19 08:00:00,24.686,115.562,49.689,400.68,87.303
2018-10-19 09:00:00,25.147,117.941,48.748,397.671,81.697
2018-10-19 10:00:00,25.734,114.452,50.376,394.725,75.746
2018-10-19 11:00:00,21.517,112.463,51.841,388.194,79.018
2018-10-19 12:00:00,21.525,109.061,47.768,366.718,76.417
2018-10-19 13:00:00,21.641,105.229,46.808,358.439,72.492
2018-10-19 14:00:00,21.786,103.578,44.668,350.757,70.041
2018-10-19 15:00:00,22.584,104.331,51.237,362.515,74.029
2018-10-19 16:00:00,23.977,113.058,52.132,378.921,79.286
2018-10-19 17:00:00,26.43,121.132,58.443,407.273,81.805
2018-10-19 18:00:00,26.083,124.322,56.843,408.691,89.236
2018-10-19 19:00:00,26.891,125.538,56.729,391.356,86.312
2018-10-19 20:00:00,24.593,112.846,52.939,367.561,77.773
2018-10-19 21:00:00,20.179,94.524,46.127,314.708,63.746
2018-10-19 22:00:00,16.844,77.238,35.355,259.374,49.96
2018-10-19 23:00:00,14.783,66.306,30.991,224.295,45.324
2018-10-20 00:00:00,12.433,61.026,27.826,211.244,42.103
2018-10-20 01:00:00,12.178,59.844,25.84,201.601,41.574
2018-10-20 02:00:00,12.905,59.128,24.983,200.636,39.296
2018-10-20 03:00:00,13.381,59.364,25.905,202.505,38.144
2018-10-20 04:00:00,13.395,62.524,27.622,215.622,41.816
2018-10-20 05:00:00,15.567,71.18,30.914,234.149,46.445
2018-10-20 06:00:00,17.843,76.444,38.019,259.085,53.898
2018-10-20 07:00:00,21.277,91.609,44.507,294.29,63.573
2018-10-20 08:00:00,24.974,101.794,49.228,326.182,72.042
2018-10-20 09:00:00,24.963,105.327,48.988,329.337,73.918
2018-10-20 10:00:00,25.139,100.947,53.94,330.701,75.464
2018-10-20 11:00:00,22.225,99.137,50.9,336.789,74.693
2018-10-20 12:00:00,23.256,102.504,46.879,333.477,70.874
2018-10-20 13:00:00,22.07,100.215,48.793,324.184,74.324
2018-10-20 14:00:00,22.798,102.842,52.397,324.173,73.145
2018-10-20 15:00:00,22.328,108.351,53.413,333.911,72.928
2018-10-20 16:00:00,24.192,119.818,55.408,363.904,78.665
2018-10-20 17:00:00,25.541,123.922,55.755,383.87,86.23
2018-10-20 18:00:00,28.414,122.8,57.473,391.006,84.883
2018-10-20 19:00:00,25.492,121.385,59.241,389.811,84.858
2018-10-20 20:00:00,24.75,113.989,52.816,374.144,76.079
2018-10-20 21:00:00,20.36,97.195,45.216,310.549,64.325
2018-10-20 22:00:00,15.754,79.751,37.382,258.939,58.292
2018-10-20 23:00:00,14.621,67.243,32.199,235.956,49.046
2018-10-21 00:00:00,13.189,67.284,30.343,216.09,42.548
2018-10-21 01:00:00,12.882,63.611,29.55,210.16,44.791
2018-10-21 02:00:00,13.175,63.95,29.975,208.662,42.614
2018-10-21 03:00:00,13.791,65.651,30.087,210.536,43.774
2018-10-21 04:00:00,15.791,69.95,32.714,221.45,49.722
2018-10-21 05:00:00,18.163,77.08,36.391,249.921,56.682
2018-10-21 06:00:00,22.768,85.945,40.516,279.543,64.746
2018-10-21 07:00:00,25.432,96.942,46.856,308.045,77.872
2018-10-21 08:00:00,26.212,106.884,51.897,338.77,86.058
2018-10-21 09:00:00,26.373,105.061,53.806,346.378,84.619
2018-10-21 10:00:00,24.966,101.449,53.696,352.436,83.955
2018-10-21 11:00:00,24.85,105.095,55.562,347.825,80.297
2018-10-21 12:00:00,24.093,107.792,55.705,346.205,79.352
2018-10-21 13:00:00,24.328,103.166,53.209,333.752,80.32
2018-10-21 14:00:00,24.509,106.583,55.482,333.485,71.602
2018-10-21 15:00:00,26.262,106.921,56.598,341.025,76.837
2018-10-21 16:00:00,26.673,114.669,50.847,353.352,81.417
2018-10-21 17:00:00,29.504,119.788,57.075,398.14,86.895
2018-10-21 18:00:00,29.139,129.092,58.322,413.137,94.042
2018-10-21 19:00:00,28.244,128.079,58.346,419.139,94.13
2018-10-21 20:00:00,27.605,119.339,54.479,397.648,88.851
2018-10-21 21:00:00,22.665,106.002,51.054,353.673,80.821
2018-10-21 22:00:00,20.909,101.09,43.324,312.849,70.575
2018-10-21 23:00:00,19.666,81.196,39.748,288.526,67.112
2018-10-22 00:00:00,17.227,79.129,39.151,286.714,64.1
2018-10-22 01:00:00,18.101,80.265,38.837,288.271,64.663
2018-10-22 02:00:00,18.503,80.076,40.129,290.222,60.333
2018-10-22 03:00:00,19.126,82.696,41.756,297.632,60.571
2018-10-22 04:00:00,21.522,94.279,43.393,327.278,68.112
2018-10-22 05:00:00,24.785,110.855,48.708,376.335,81.897
2018-10-22 06:00:00,36.246,120.326,54.951,412.908,90.95
2018-10-22 07:00:00,35.588,124.271,58.924,426.197,91.201
2018-10-22 08:00:00,27.068,120.817,56.774,424.775,88.103
2018-10-22 09:00:00,24.824,118.794,52.971,417.312,84.488
2018-10-22 10:00:00,25.579,122.68,51.449,406.184,83.012
2018-10-22 11:00:00,24.255,114.788,52.629,397.806,89.322
2018-10-22 12:00:00,23.683,108.269,49.373,387.778,84.59
2018-10-22 13:00:00,22.536,107.399,51.019,363.568,80.464
2018-10-22 14:00:00,21.918,106.822,50.773,359.396,79.289
2018-10-22 15:00:00,22.135,107.702,45.487,370.754,84.559
2018-10-22 16:00:00,27.177,116.546,49.337,378.733,85.305
2018-10-22 17:00:00,28.179,130.186,52.162,413.351,96.244
2018-10-22 18:00:00,31.16,130.985,55.744,430.853,99.914
2018-10-22 19:00:00,32.703,130.083,57.666,420.331,94.95
2018-10-22 20:00:00,30.223,118.606,56.323,396.744,89.401
2018-10-22 21:00:00,24.486,101.944,50.066,343.184,72.685
2018-10-22 22:00:00,18.676,90.203,42.157,290.707,58.301
2018-10-22 23:00:00,17.116,77.438,39.125,268.917,53.868
2018-10-23 00:00:00,16.335,71.814,36.974,254.184,50.907
2018-10-23 01:00:00,15.646,70.277,35.431,245.741,52.192
2018-10-23 02:00:00,15.068,68.928,35.148,244.183,48.389
2018-10-23 03:00:00,15.714,69.358,36.131,250.257,48.041
2018-10-23 04:00:00,17.24,78.836,37.743,267.527,53.642
2018-10-23 05:00:00,20.121,94.795,44.811,313.417,67.778
2018-10-23 06:00:00,28.545,104.256,48.041,345.257,77.491
2018-10-23 07:00:00,30.751,116.149,51.14,375.889,81.704
2018-10-23 08:00:00,26.898,116.795,55.56,391.835,82.978
2018-10-23 09:00:00,24.401,114.707,51.555,398.249,82.55
2018-10-23 10:00:00,24.3,116.207,52.922,393.341,83.712
2018-10-23 11:00:00,21.588,118.44,52.803,391.421,81.069
2018-10-23 12:00:00,21.286,112.518,47.11,376.647,74.592
2018-10-23 13:00:00,20.931,107.507,45.249,357.599,75.275
2018-10-23 14:00:00,19.858,107.838,45.703,352.166,72.978
2018-10-23 15:00:00,21.133,104.665,45.214,363.09,76.798
2018-10-23 16:00:00,24.436,111.972,47.723,375.201,85.553
2018-10-23 17:00:00,27.734,120.3,51.889,403.701,92.089
2018-10-23 18:00:00,26.483,125.766,56.522,413.819,91.41
2018-10-23 19:00:00,27.436,125.017,59.808,408.771,87.013
2018-10-23 20:00:00,28.796,116.957,52.477,381.684,82.918
2018-10-23 21:00:00,26.609,96.037,43.968,326.125,72.056
2018-10-23 22:00:00,20.994,79.788,38.353,283.139,60.616
2018-10-23 23:00:00,19.933,74.335,35.355,253.268,52.531
2018-10-24 00:00:00,16.129,69.259,34.275,237.436,47.52
2018-10-24 01:00:00,14.918,68.279,32.4,230.26,50.567
2018-10-24 02:00:00,14.736,67.617,33.287,228.198,48.574
2018-10-24 03:00:00,15.375,69.144,34.736,234.923,50.965
2018-10-24 04:00:00,16.453,78.319,36.132,257.208,58.442
2018-10-24 05:00:00,20.498,90.39,41.857,307.858,71.895
2018-10-24 06:00:00,27.942,102.771,49.242,342.863,81.128
2018-10-24 07:00:00,27.291,108.175,50.379,367.36,88.28
2018-10-24 08:00:00,24.397,112.75,51.931,383.669,87.685
2018-10-24 09:00:00,26.471,111.741,52.222,406.842,86.97
2018-10-24 10:00:00,25.324,112.43,55.322,407.184,88.951
2018-10-24 11:00:00,23.509,115.2,54.98,418.559,86.282
2018-10-24 12:00:00,22.542,119.062,52.989,395.156,81.495
2018-10-24 13:00:00,22.041,108.671,53.583,383.28,78.103
2018-10-24 14:00:00,23.903,110.452,53.455,378.436,80.027
2018-10-24 15:00:00,23.569,109.897,52.47,375.795,80.461
2018-10-24 16:00:00,26.935,120.578,54.606,388.355,83.651
2018-10-24 17:00:00,29.88,125.539,58.313,419.618,91.649
2018-10-24 18:00:00,31.826,132.286,60.494,428.711,95.308
2018-10-24 19:00:00,32.619,129.294,59.865,432.594,96.302
2018-10-24 20:00:00,28.958,121.897,57.134,411.75,88.134
2018-10-24 21:00:00,23.279,110.7,49.612,352.315,77.734
2018-10-24 22:00:00,20.029,89.776,43.11,307.745,64.181
2018-10-24 23:00:00,17.648,81.227,39.628,274.365,59.408
2018-10-25 00:00:00,16.625,75.512,38.477,262.602,56.088
2018-10-25 01:00:00,16.207,73.025,37.382,265.377,59.622
2018-10-25 02:00:00,17.494,72.844,38.658,266.211,56.182
2018-10-25 03:00:00,17.586,73.482,39.338,269.025,56.845
2018-10-25 04:00:00,18.892,82.815,42.718,288.093,67.172
2018-10-25 05:00:00,22.701,97.841,49.872,338.681,83.303
2018-10-25 06:00:00,31.005,113.177,55.261,375.903,91.569
2018-10-25 07:00:00,31.391,122.334,58.639,405.335,95.196
2018-10-25 08:00:00,26.147,125.502,58.916,418.099,95.132
2018-10-25 09:00:00,27.501,122.362,58.684,410.651,93.622
2018-10-25 10:00:00,26.285,119.805,56.868,406.173,89.427
2018-10-25 11:00:00,23.192,118.179,54.94,396.81,87.665
2018-10-25 12:00:00,21.948,111.508,53.928,380.199,76.838
2018-10-25 13:00:00,21.077,108.448,50.261,365.886,75.265
2018-10-25 14:00:00,22.924,104.483,51.407,358.261,73.565
2018-10-25 15:00:00,23.525,107.471,52.077,366.313,77.222
2018-10-25 16:00:00,27.901,111.937,51.364,397.763,85.983
2018-10-25 17:00:00,31.788,124.662,62.594,422.914,97.578
2018-10-25 18:00:00,32.434,133.512,65.503,430.491,95.999
2018-10-25 19:00:00,32.659,138.021,63.836,431.381,101.51
2018-10-25 20:00:00,32.396,127.567,60.074,414.229,101.234
2018-10-25 21:00:00,25.266,111.82,52.558,368.289,88.276
2018-10-25 22:00:00,19.097,88.254,44.627,310.587,75.849
2018-10-25 23:00:00,17.845,79.215,41.146,287.029,66.436
2018-10-26 00:00:00,16.643,77.102,40.574,272.481,63.206
2018-10-26 01:00:00,16.441,75.836,40.142,272.32,69.842
2018-10-26 02:00:00,16.998,75.688,41.119,275.399,65.986
2018-10-26 03:00:00,18.643,78.599,42.006,287.047,64.058
2018-10-26 04:00:00,20.88,92.371,46.455,313.805,72.294
2018-10-26 05:00:00,24.066,109.571,50.649,365.004,82.877
2018-10-26 06:00:00,37.942,119.968,59.344,404.844,95.929
2018-10-26 07:00:00,34.549,129.969,57.986,438.466,101.223
2018-10-26 08:00:00,28.576,136.605,58.808,440.257,106.855
2018-10-26 09:00:00,28.075,133.114,58.422,442.829,102.038
2018-10-26 10:00:00,26.677,124.538,61.036,428.385,95.51
2018-10-26 11:00:00,25.876,119.847,58.025,405.725,93.827
2018-10-26 12:00:00,25.649,112.77,58.768,383.82,85.393
2018-10-26 13:00:00,23.966,109.963,50.736,365.493,81.216
2018-10-26 14:00:00,21.853,108.701,48.225,355.796,76.695
2018-10-26 15:00:00,24.18,112.879,46.73,365.189,81.764
2018-10-26 16:00:00,29.949,117.55,50.961,386.968,84.914
2018-10-26 17:00:00,30.038,125.363,58.761,422.449,97.935
2018-10-26 18:00:00,30.595,131.257,60.771,435.779,101.435
2018-10-26 19:00:00,32.365,133.635,60.935,422.216,100.465
2018-10-26 20:00:00,31.454,131.444,59.548,403.677,94.653
2018-10-26 21:00:00,25.021,114.224,50.413,346.597,79.109
2018-10-26 22:00:00,19.079,87.999,42.774,296.539,65.084
2018-10-26 23:00:00,16.791,78.174,40.599,270.13,59.125
2018-10-27 00:00:00,14.955,74.547,37.184,254.048,55.316
2018-10-27 01:00:00,15.364,71.375,34.56,251.162,56.8
2018-10-27 02:00:00,15.696,70.368,33.395,249.001,56.131
2018-10-27 03:00:00,16.267,71.392,34.681,252.114,57.671
2018-10-27 04:00:00,17.402,81.635,36.443,262.233,60.174
2018-10-27 05:00:00,19.75,92.359,42.017,289.662,66.942
2018-10-27 06:00:00,28.221,99.024,46.338,316.732,75.929
2018-10-27 07:00:00,29.294,112.466,49.388,349.392,88.33
2018-10-27 08:00:00,31.962,118.938,52.914,381.271,86.996
2018-10-27 09:00:00,32.421,120.938,56.426,386.437,90.488
2018-10-27 10:00:00,30.801,120.36,57.839,383.497,93.1
2018-10-27 11:00:00,29.216,120.259,56.231,383.86,96.555
2018-10-27 12:00:00,27.079,117.343,52.842,371.282,88.419
2018-10-27 13:00:00,25.085,112.05,51.905,367.07,86.612
2018-10-27 14:00:00,26.46,116.038,52.021,375.915,86.775
2018-10-27 15:00:00,26.329,120.082,51.414,379.165,79.582
2018-10-27 16:00:00,28.785,126.727,59.232,399.629,83.422
2018-10-27 17:00:00,31.183,135.451,62.353,421.355,90.819
2018-10-27 18:00:00,31.371,133.791,58.399,429.031,91.987
2018-10-27 19:00:00,29.703,133.863,56.871,435.636,89.748
2018-10-27 20:00:00,27.623,117.787,54.788,398.66,83.992
2018-10-27 21:00:00,23.798,97.128,45.8,337.305,69.137
2018-10-27 22:00:00,20.229,78.445,36.866,291.011,54.91
2018-10-27 23:00:00,16.388,68.714,32.608,253.208,48.946
2018-10-28 00:00:00,13.815,65.976,30.985,235.457,46.602
2018-10-28 01:00:00,13.366,64.77,29.622,235.611,51.976
2018-10-28 02:00:00,13.839,64.707,29.861,231.959,48.468
2018-10-28 03:00:00,14.578,66.032,31.069,236.282,46.126
2018-10-28 04:00:00,15.638,73.165,31.863,246.573,48.537
2018-10-28 05:00:00,17.135,79.868,34.767,266.732,56.77
2018-10-28 06:00:00,24.297,87.729,38.355,288.551,63.837
2018-10-28 07:00:00,28.766,102.408,43.924,312.753,66.888
2018-10-28 08:00:00,26.672,103.485,51.658,336.583,70.749
2018-10-28 09:00:00,26.859,102.776,54.109,339.699,77.597
2018-10-28 10:00:00,25.704,103.444,49.888,326.151,74.352
2018-10-28 11:00:00,25.128,102.59,50.012,328.646,74.687
2018-10-28 12:00:00,20.383,101.183,46.814,320.071,74.461
2018-10-28 13:00:00,22.599,98.379,48.255,312.728,71.916
2018-10-28 14:00:00,22.289,102.006,45.279,310.07,76.363
2018-10-28 15:00:00,24.706,101.75,48.516,325.72,73.045
2018-10-28 16:00:00,23.657,110.049,50.11,344.896,72.467
2018-10-28 17:00:00,25.503,117.374,51.095,369.772,81.019
2018-10-28 18:00:00,26.309,120.477,53.818,386.915,88.021
2018-10-28 19:00:00,26.31,122.239,54.319,382.235,89.555
2018-10-28 20:00:00,25.067,111.17,53.944,361.413,81.415
2018-10-28 21:00:00,21.108,94.133,46.442,312.882,67.151
2018-10-28 22:00:00,17.581,80.159,39.574,266.519,54.687
2018-10-28 23:00:00,16.022,70.183,36.143,240.193,48.85
2018-10-29 00:00:00,13.582,68.969,33.322,230.637,45.42
2018-10-29 01:00:00,13.494,66.652,31.803,226.808,46.589
2018-10-29 02:00:00,13.521,63.544,31.627,224.057,44.213
2018-10-29 03:00:00,14.365,65.436,32.357,230.562,43.074
2018-10-29 04:00:00,16.706,73.192,34.09,255.363,49.167
2018-10-29 05:00:00,19.83,89.162,41.137,306.651,65.641
2018-10-29 06:00:00,25.362,108.434,51.314,341.307,73.207
2018-10-29 07:00:00,27.024,112.929,49.964,363.628,80.77
2018-10-29 08:00:00,23.904,110.931,48.746,371.819,78.783
2018-10-29 09:00:00,24.326,108.902,47.808,379.017,79.882
2018-10-29 10:00:00,24.148,108.476,50.312,380.83,78.451
2018-10-29 11:00:00,22.618,111.053,49.458,379.828,78.664
2018-10-29 12:00:00,21.846,102.912,46.182,377.492,74.784
2018-10-29 13:00:00,21.605,102.742,43.693,358.663,70.022
2018-10-29 14:00:00,22.114,101.654,44.812,347.493,68.412
2018-10-29 15:00:00,25.101,104.837,46.57,361.126,70.47
2018-10-29 16:00:00,26.318,110.399,52.12,388.063,78.486
2018-10-29 17:00:00,28.048,122.442,56.704,409.726,85.759
2018-10-29 18:00:00,29.575,127.059,58.921,412.121,89.116
2018-10-29 19:00:00,27.596,125.517,54.134,409.216,87.348
2018-10-29 20:00:00,27.728,114.11,53.304,388.008,80.801
2018-10-29 21:00:00,22.739,97.509,45.647,336.249,66.849
2018-10-29 22:00:00,19.299,85.235,44.697,280.769,60.797
2018-10-29 23:00:00,17.728,76.91,39.354,258.904,50.009
2018-10-30 00:00:00,16.022,72.343,34.416,248.07,47.107
2018-10-30 01:00:00,15.228,70.735,32.762,245.698,49.633
2018-10-30 02:00:00,15.344,68.205,34.367,244.301,49.438
2018-10-30 03:00:00,16.384,70.562,37.294,248.891,51.422
2018-10-30 04:00:00,18.334,80.541,38.155,272.614,56.814
2018-10-30 05:00:00,23.045,96.735,43.559,322.109,70.618
2018-10-30 06:00:00,29.401,107.136,50.898,368.313,85.319
2018-10-30 07:00:00,29.89,117.741,52.488,388.73,89.464
2018-10-30 08:00:00,27.07,116.7,55.53,399.068,90.549
2018-10-30 09:00:00,30.772,115.404,50.394,410.974,87.043
2018-10-30 10:00:00,29.255,113.34,51.802,401.022,86.809
2018-10-30 11:00:00,24.854,115.213,53.531,393.467,86.925
2018-10-30 12:00:00,23.254,113.29,51.487,384.708,80.097
2018-10-30 13:00:00,22.94,104.748,49.38,369.243,75.146
2018-10-30 14:00:00,21.689,103.26,48.706,366.105,73.141
2018-10-30 15:00:00,22.442,110.243,50.052,372.173,77.96
2018-10-30 16:00:00,26.127,115.222,55.695,385.545,83.398
2018-10-30 17:00:00,29.796,126.571,58.337,426.45,91.282
2018-10-30 18:00:00,32.279,130.979,59.343,439.377,96.777
2018-10-30 19:00:00,32.846,132.997,63.125,429.773,94.683
2018-10-30 20:00:00,31.192,127.042,57.797,416.22,93.362
2018-10-30 21:00:00,25.877,107.592,53.791,367.105,79.231
2018-10-30 22:00:00,20.271,92.106,47.549,323.429,62.421
2018-10-30 23:00:00,18.284,81.923,41.975,293.055,54.677
2018-10-31 00:00:00,16.688,78.614,41.735,279.687,52.284
2018-10-31 01:00:00,16.681,77.009,43.094,278.487,55.485
2018-10-31 02:00:00,16.93,75.578,41.189,279.768,53.758
2018-10-31 03:00:00,17.613,76.992,42.48,288.636,55.288
2018-10-31 04:00:00,21.234,93.869,45.283,315.163,61.481
2018-10-31 05:00:00,24.58,107.702,52.828,369.918,75.629
2018-10-31 06:00:00,34.686,118.603,58.94,414.483,87.77
2018-10-31 07:00:00,35.518,126.074,56.528,420.233,85.364
2018-10-31 08:00:00,28.137,126.315,53.075,423.307,84.268
2018-10-31 09:00:00,25.234,121.042,52.987,416.312,86.271
2018-10-31 10:00:00,24.42,120.496,49.9,408.583,81.36
2018-10-31 11:00:00,24.047,116.776,49.494,403.953,86.372
2018-10-31 12:00:00,23.874,113.332,50.037,380.078,80.28
2018-10-31 13:00:00,22.92,104.818,53.734,351.125,74.927
2018-10-31 14:00:00,23.055,99.734,48.851,343.447,71.138
2018-10-31 15:00:00,24.329,103.147,48.367,363.963,72.652
2018-10-31 16:00:00,25.964,111.854,50.763,380.988,76.386
2018-10-31 17:00:00,27.301,121.702,54.972,402.143,87.615
2018-10-31 18:00:00,27.575,122.843,56.92,405.817,94.324
2018-10-31 19:00:00,28.658,124.647,55.37,393.712,90.421
2018-10-31 20:00:00,26.184,119.381,51.587,366.264,78.751
2018-10-31 21:00:00,20.341,99.701,45.271,306.256,66.558
2018-10-31 22:00:00,16.521,79.21,38.004,259.816,55.085
2018-10-31 23:00:00,13.691,66.301,30.541,228.753,45.399
2018-11-01 00:00:00,12.568,60.706,28.571,206.503,42.318
2018-11-01 01:00:00,11.786,59.685,27.698,199.261,44.901
2018-11-01 02:00:00,12.547,59.224,27.639,200.292,41.343
2018-11-01 03:00:00,13.349,60.064,28.778,205.239,41.663
2018-11-01 04:00:00,14.338,67.233,31.759,229.442,50.313
2018-11-01 05:00:00,17.966,77.776,35.892,283.698,62.465
2018-11-01 06:00:00,22.229,92.466,45.81,320.231,68.636
2018-11-01 07:00:00,22.172,99.18,42.79,341.625,78.079
2018-11-01 08:00:00,21.862,104.16,45.855,366.026,79.711
2018-11-01 09:00:00,21.764,106.23,51.645,370.711,77.025
2018-11-01 10:00:00,22.591,107.956,49.61,373.467,83.48
2018-11-01 11:00:00,23.192,113.453,49.588,383.098,89.18
2018-11-01 12:00:00,22.682,113.112,49.842,397.941,83.209
2018-11-01 13:00:00,22.769,116.172,49.149,395.753,84.633
2018-11-01 14:00:00,22.603,112.15,46.821,382.694,87.245
2018-11-01 15:00:00,23.985,112.57,50.301,399.372,91.079
2018-11-01 16:00:00,26.852,124.744,53.334,417.961,91.216
2018-11-01 17:00:00,29.474,130.27,55.242,434.552,90.97
2018-11-01 18:00:00,29.403,127.646,55.525,416.365,87.643
2018-11-01 19:00:00,25.808,121.213,52.868,383.671,84.03
2018-11-01 20:00:00,21.165,107.402,49.129,344.1,78.3
2018-11-01 21:00:00,18.86,87.204,43.236,305.884,62.907
2018-11-01 22:00:00,20.554,73.971,37.581,254.499,52.132
2018-11-01 23:00:00,14.777,64.04,31.005,221.643,43.77
2018-11-02 00:00:00,12.518,60.149,27.932,207.205,40.247
2018-11-02 01:00:00,11.778,61.582,27.517,199.126,42.205
2018-11-02 02:00:00,12.478,62.418,27.868,198.05,39.793
2018-11-02 03:00:00,12.901,60.275,28.513,203.313,41.387
2018-11-02 04:00:00,14.414,65.655,32.252,231.458,46.633
2018-11-02 05:00:00,18.072,82.45,36.863,286.816,60.249
2018-11-02 06:00:00,22.193,94.162,42.87,320.21,72.378
2018-11-02 07:00:00,23.466,98.933,48.607,346.628,74.715
2018-11-02 08:00:00,23.5,109.277,58.242,368.052,78.699
2018-11-02 09:00:00,22.676,116.221,52.665,377.552,82.176
2018-11-02 10:00:00,22.868,113.009,51.97,391.038,84.524
2018-11-02 11:00:00,21.563,113.726,49.624,385.255,83.319
2018-11-02 12:00:00,20.72,110.908,46.814,377.579,74.88
2018-11-02 13:00:00,20.941,107.633,45.675,357.642,73.106
2018-11-02 14:00:00,25.203,109.693,45.536,356.087,74.358
2018-11-02 15:00:00,24.607,112.874,47.823,384.334,75.228
2018-11-02 16:00:00,25.352,123.585,51.564,416.134,80.296
2018-11-02 17:00:00,28.181,129.624,57.568,433.925,89.139
2018-11-02 18:00:00,26.958,125.11,54.602,426.069,87.491
2018-11-02 19:00:00,27.721,118.967,53.537,401.08,83.568
2018-11-02 20:00:00,24.192,110.332,53.955,372.315,74.97
2018-11-02 21:00:00,19.383,90.843,42.098,308.514,62.835
2018-11-02 22:00:00,17.422,74.3,37.191,261.982,49.641
2018-11-02 23:00:00,14.651,64.026,30.384,224.594,44.748
2018-11-03 00:00:00,12.159,59.767,27.666,207.714,41.899
2018-11-03 01:00:00,11.606,58.184,25.652,201.117,42.531
2018-11-03 02:00:00,12.405,60.298,25.385,201.502,39.655
2018-11-03 03:00:00,12.242,59.184,25.882,203.323,39.38
2018-11-03 04:00:00,14.055,61.47,27.82,216.257,42.671
2018-11-03 05:00:00,17.107,70.506,33.042,240.551,51.176
2018-11-03 06:00:00,19.561,80.86,38.9,271.426,65.382
2018-11-03 07:00:00,20.307,87.023,42.476,305.239,74.667
2018-11-03 08:00:00,21.268,94.417,48.391,328.537,82.387
2018-11-03 09:00:00,21.496,100.177,47.826,337.447,80.585
2018-11-03 10:00:00,22.471,99.144,59.28,348.503,78.596
2018-11-03 11:00:00,23.137,101.653,54.339,342.483,77.265
2018-11-03 12:00:00,21.368,103.866,49.262,334.882,74.66
2018-11-03 13:00:00,22.026,102.263,49.492,330.599,74.572
2018-11-03 14:00:00,21.144,112.33,53.416,338.301,69.567
2018-11-03 15:00:00,23.215,114.999,53.755,364.256,77.588
2018-11-03 16:00:00,27.013,124.192,57.318,390.823,81.372
2018-11-03 17:00:00,29.232,130.039,57.998,415.98,88.395
2018-11-03 18:00:00,29.222,129.503,57.739,418.801,91.66
2018-11-03 19:00:00,27.089,120.248,53.461,397.5,87.944
2018-11-03 20:00:00,25.95,110.351,53.327,368.593,83.426
2018-11-03 21:00:00,21.34,92.69,43.295,322.445,69.579
2018-11-03 22:00:00,17.93,79.342,36.279,277.334,62.927
2018-11-03 23:00:00,15.894,68.282,33.323,244.339,54.546
2018-11-04 00:00:00,14.499,66.009,31.773,226.609,49.986
2018-11-04 01:00:00,14.403,65.804,31.855,227.269,54.643
2018-11-04 02:00:00,14.788,66.594,31.985,233.623,53.755
2018-11-04 03:00:00,15.676,68.855,33.044,241.171,55.237
2018-11-04 04:00:00,17.338,75.658,37.102,256.336,59.489
2018-11-04 05:00:00,18.26,85.223,40.649,284.697,73.128
2018-11-04 06:00:00,24.38,93.667,45.1,308.461,80.365
2018-11-04 07:00:00,25.419,100.619,47.932,333.622,83.251
2018-11-04 08:00:00,26.801,108.258,52.433,341.146,80.703
2018-11-04 09:00:00,25.247,115.501,52.948,334.551,78.246
2018-11-04 10:00:00,23.699,117.421,54.509,331.766,74.897
2018-11-04 11:00:00,21.909,107.497,53.977,334.046,77.328
2018-11-04 12:00:00,23.85,101.636,53.267,322.602,73.705
2018-11-04 13:00:00,24.634,102.671,49.997,326.728,69.359
2018-11-04 14:00:00,23.545,108.046,52.85,336.516,72.27
2018-11-04 15:00:00,26.976,109.522,56.812,350.714,78.11
2018-11-04 16:00:00,26.973,119.217,55.955,375.128,88.573
2018-11-04 17:00:00,26.932,123.564,53.756,396.356,88.042
2018-11-04 18:00:00,26.463,122.053,55.824,393.559,87.522
2018-11-04 19:00:00,25.676,118.666,59.0,380.227,89.23
2018-11-04 20:00:00,22.986,108.404,50.403,347.202,86.76
2018-11-04 21:00:00,20.505,97.267,43.008,307.464,72.241
2018-11-04 22:00:00,17.262,82.697,39.07,271.726,65.781
2018-11-04 23:00:00,18.349,74.507,37.263,249.518,60.036
2018-11-05 00:00:00,18.61,75.857,37.123,254.859,58.331
2018-11-05 01:00:00,17.317,72.837,35.2,248.662,56.044
2018-11-05 02:00:00,15.239,70.429,34.22,248.51,59.178
2018-11-05 03:00:00,15.808,69.556,34.162,251.689,58.559
2018-11-05 04:00:00,16.528,71.198,35.739,262.741,58.7
2018-11-05 05:00:00,19.265,83.579,39.528,286.803,67.093
2018-11-05 06:00:00,25.199,98.454,43.895,328.825,77.03
2018-11-05 07:00:00,28.877,109.12,50.452,363.499,84.674
2018-11-05 08:00:00,30.642,114.516,52.799,393.053,92.761
2018-11-05 09:00:00,26.458,118.739,53.158,411.354,95.946
2018-11-05 10:00:00,25.921,126.337,55.386,416.168,93.757
2018-11-05 11:00:00,25.537,119.213,52.58,421.166,89.399
2018-11-05 12:00:00,24.477,121.212,52.932,421.826,89.864
2018-11-05 13:00:00,23.172,119.857,48.852,412.213,88.987
2018-11-05 14:00:00,23.419,114.507,48.207,392.887,87.77
2018-11-05 15:00:00,23.902,112.048,49.381,391.234,81.005
2018-11-05 16:00:00,26.199,119.105,54.831,405.223,88.862
2018-11-05 17:00:00,30.422,134.112,59.402,435.39,97.194
2018-11-05 18:00:00,33.251,137.359,59.97,443.301,98.823
2018-11-05 19:00:00,31.86,132.043,58.726,439.283,98.923
2018-11-05 20:00:00,27.911,123.59,55.119,417.07,92.598
2018-11-05 21:00:00,24.289,108.593,52.177,381.389,80.559
2018-11-05 22:00:00,20.23,93.086,46.816,329.892,68.857
2018-11-05 23:00:00,17.405,81.421,38.879,273.162,57.381
2018-11-06 00:00:00,16.307,72.145,34.984,241.534,51.832
2018-11-06 01:00:00,13.779,66.21,32.506,229.016,48.408
2018-11-06 02:00:00,12.909,64.75,30.935,222.676,50.019
2018-11-06 03:00:00,13.932,62.599,31.426,221.585,48.415
2018-11-06 04:00:00,14.789,64.818,32.982,229.336,47.887
2018-11-06 05:00:00,17.253,72.143,36.034,254.288,54.333
2018-11-06 06:00:00,21.595,84.538,40.68,302.568,67.532
2018-11-06 07:00:00,26.337,94.696,47.184,337.66,75.302
2018-11-06 08:00:00,25.633,106.697,49.497,361.981,81.481
2018-11-06 09:00:00,28.187,113.939,50.059,394.386,86.085
2018-11-06 10:00:00,24.969,116.011,52.688,401.419,83.934
2018-11-06 11:00:00,24.628,116.855,49.726,394.636,83.637
2018-11-06 12:00:00,25.492,116.597,51.769,389.622,85.592
2018-11-06 13:00:00,24.644,111.311,47.893,381.551,82.953
2018-11-06 14:00:00,22.083,110.445,47.035,375.064,80.279
2018-11-06 15:00:00,22.759,112.929,49.165,363.826,77.092
2018-11-06 16:00:00,24.978,119.352,50.072,382.238,75.529
2018-11-06 17:00:00,28.17,127.336,55.577,427.652,91.607
2018-11-06 18:00:00,30.061,127.532,57.784,439.888,94.051
2018-11-06 19:00:00,28.725,132.07,57.177,425.176,87.715
2018-11-06 20:00:00,31.889,116.277,54.848,390.4,83.009
2018-11-06 21:00:00,27.492,110.725,51.264,361.524,72.084
2018-11-06 22:00:00,19.213,94.338,45.887,310.033,62.69
2018-11-06 23:00:00,16.289,76.954,38.655,252.234,53.278
2018-11-07 00:00:00,13.987,66.607,32.106,223.731,45.526
2018-11-07 01:00:00,12.622,62.53,29.099,208.637,42.609
2018-11-07 02:00:00,11.955,60.95,27.93,203.171,44.776
2018-11-07 03:00:00,12.534,60.223,28.278,205.435,42.638
2018-11-07 04:00:00,13.449,61.016,29.714,212.971,43.474
2018-11-07 05:00:00,16.077,67.832,33.99,237.883,49.057
2018-11-07 06:00:00,21.08,79.877,41.309,279.582,60.41
2018-11-07 07:00:00,24.403,90.885,44.611,315.242,74.516
2018-11-07 08:00:00,22.89,103.282,46.899,352.831,76.226
2018-11-07 09:00:00,26.214,105.717,47.967,363.668,78.212
2018-11-07 10:00:00,23.809,110.616,50.574,381.867,82.129
2018-11-07 11:00:00,23.799,113.512,53.993,395.989,80.785
2018-11-07 12:00:00,23.379,114.645,54.878,396.58,80.542
2018-11-07 13:00:00,22.942,114.322,53.967,385.155,76.12
2018-11-07 14:00:00,23.019,112.634,49.015,374.39,75.68
2018-11-07 15:00:00,23.437,110.05,48.164,367.32,78.248
2018-11-07 16:00:00,25.011,113.059,54.148,388.051,82.212
2018-11-07 17:00:00,27.376,123.101,57.202,405.809,89.831
2018-11-07 18:00:00,27.251,125.147,61.934,423.44,93.435
2018-11-07 19:00:00,28.782,124.291,61.953,417.7,95.451
2018-11-07 20:00:00,27.168,121.178,56.612,382.138,89.298
2018-11-07 21:00:00,26.478,106.781,51.008,351.339,78.491
2018-11-07 22:00:00,22.271,87.185,42.064,299.147,62.926
2018-11-07 23:00:00,16.785,73.681,36.069,253.893,53.663
2018-11-08 00:00:00,14.356,65.865,31.495,222.362,47.804
2018-11-08 01:00:00,13.419,62.024,29.612,213.762,43.484
2018-11-08 02:00:00,13.286,62.24,29.805,212.25,45.331
2018-11-08 03:00:00,13.24,61.452,30.24,214.13,45.617
2018-11-08 04:00:00,14.474,62.95,32.473,223.583,46.492
2018-11-08 05:00:00,17.732,72.325,36.248,252.589,56.018
2018-11-08 06:00:00,20.993,88.182,41.514,304.16,69.623
2018-11-08 07:00:00,25.054,97.48,49.156,337.54,83.147
2018-11-08 08:00:00,28.039,105.463,56.412,364.417,86.406
2018-11-08 09:00:00,25.848,107.524,51.492,389.36,84.067
2018-11-08 10:00:00,23.123,113.229,51.427,404.724,82.431
2018-11-08 11:00:00,22.764,114.762,50.351,394.328,83.435
2018-11-08 12:00:00,21.501,113.959,50.074,374.294,82.727
2018-11-08 13:00:00,20.735,110.115,49.851,368.126,77.098
2018-11-08 14:00:00,21.301,101.02,45.77,365.156,72.177
2018-11-08 15:00:00,21.336,103.316,46.296,359.543,73.572
2018-11-08 16:00:00,22.045,110.678,48.947,380.071,76.913
2018-11-08 17:00:00,28.338,118.651,56.449,412.017,88.733
2018-11-08 18:00:00,29.596,124.598,60.105,431.943,94.978
2018-11-08 19:00:00,30.546,125.678,59.683,427.001,93.154
2018-11-08 20:00:00,29.234,119.849,57.712,414.082,93.848
2018-11-08 21:00:00,27.391,111.511,52.832,390.376,91.109
2018-11-08 22:00:00,22.395,96.354,47.128,343.941,77.601
2018-11-08 23:00:00,18.967,81.366,41.718,293.507,72.448
2018-11-09 00:00:00,17.198,77.751,37.422,264.704,64.786
2018-11-09 01:00:00,15.625,74.615,36.058,259.659,64.185
2018-11-09 02:00:00,15.788,72.585,35.898,259.517,68.858
2018-11-09 03:00:00,16.618,73.403,36.869,259.359,70.14
2018-11-09 04:00:00,19.49,78.751,37.968,267.247,71.813
2018-11-09 05:00:00,20.667,90.76,42.003,299.773,83.046
2018-11-09 06:00:00,23.788,105.374,46.738,356.157,99.459
2018-11-09 07:00:00,31.009,110.034,52.27,370.067,106.534
2018-11-09 08:00:00,30.963,114.42,51.85,394.25,100.16
2018-11-09 09:00:00,25.673,118.257,52.357,408.201,94.894
2018-11-09 10:00:00,25.027,117.88,51.417,411.397,94.324
2018-11-09 11:00:00,23.533,119.169,51.765,398.372,93.88
2018-11-09 12:00:00,22.85,114.494,53.281,401.903,95.637
2018-11-09 13:00:00,22.892,109.746,51.693,402.243,86.212
2018-11-09 14:00:00,23.23,114.917,50.403,390.582,82.577
2018-11-09 15:00:00,23.032,121.418,48.747,385.583,77.963
2018-11-09 16:00:00,26.962,122.337,53.121,414.056,86.427
2018-11-09 17:00:00,31.577,131.001,58.657,451.276,96.943
2018-11-09 18:00:00,33.041,138.429,59.517,453.674,100.565
2018-11-09 19:00:00,31.772,141.764,60.743,450.61,101.439
2018-11-09 20:00:00,31.581,129.086,58.575,428.698,103.174
2018-11-09 21:00:00,30.97,120.953,53.553,380.531,91.09
2018-11-09 22:00:00,22.548,97.413,51.653,330.402,80.136
2018-11-09 23:00:00,18.216,84.907,43.432,280.027,66.887
2018-11-10 00:00:00,16.573,73.283,36.829,250.856,55.916
2018-11-10 01:00:00,15.93,68.675,32.694,234.406,49.62
2018-11-10 02:00:00,14.228,67.617,31.454,230.822,49.828
2018-11-10 03:00:00,14.071,65.182,30.857,229.249,47.059
2018-11-10 04:00:00,14.364,65.375,30.771,228.777,46.879
2018-11-10 05:00:00,16.668,72.768,33.522,241.68,50.972
2018-11-10 06:00:00,17.208,78.717,37.012,267.048,60.005
2018-11-10 07:00:00,22.506,88.636,42.601,295.359,69.159
2018-11-10 08:00:00,24.71,100.024,52.559,326.215,78.798
2018-11-10 09:00:00,28.652,104.125,50.03,353.558,87.995
2018-11-10 10:00:00,26.881,107.937,51.46,365.135,88.865
2018-11-10 11:00:00,27.673,111.777,53.765,366.257,85.241
2018-11-10 12:00:00,26.171,112.185,54.221,389.708,82.559
2018-11-10 13:00:00,25.884,110.686,52.975,382.289,81.914
2018-11-10 14:00:00,27.379,109.863,55.589,376.852,83.086
2018-11-10 15:00:00,28.837,115.411,55.146,377.913,83.627
2018-11-10 16:00:00,32.668,126.59,60.795,421.253,92.445
2018-11-10 17:00:00,35.055,143.809,65.238,459.207,102.462
2018-11-10 18:00:00,35.284,147.637,67.28,480.434,116.519
2018-11-10 19:00:00,35.249,144.442,67.708,471.843,115.737
2018-11-10 20:00:00,31.161,131.086,64.549,453.082,108.676
2018-11-10 21:00:00,29.296,120.404,60.118,411.318,102.918
2018-11-10 22:00:00,26.45,106.046,51.629,366.373,92.198
2018-11-10 23:00:00,21.91,91.012,47.05,318.23,78.906
2018-11-11 00:00:00,19.478,81.318,44.171,289.291,73.566
2018-11-11 01:00:00,17.547,79.486,41.754,276.347,74.15
2018-11-11 02:00:00,18.264,78.395,40.872,274.027,76.437
2018-11-11 03:00:00,18.569,78.483,40.915,273.658,71.212
2018-11-11 04:00:00,19.0,80.338,41.103,278.381,75.11
2018-11-11 05:00:00,20.879,93.196,43.432,293.789,81.048
2018-11-11 06:00:00,22.727,101.871,46.538,319.108,89.806
2018-11-11 07:00:00,30.607,106.832,52.343,324.784,90.248
2018-11-11 08:00:00,32.142,112.044,55.288,350.235,95.324
2018-11-11 09:00:00,28.492,117.411,57.06,350.292,94.827
2018-11-11 10:00:00,29.871,111.755,52.885,355.45,88.927
2018-11-11 11:00:00,30.745,106.005,53.523,355.392,84.726
2018-11-11 12:00:00,29.835,109.488,53.319,360.576,79.801
2018-11-11 13:00:00,31.254,109.025,54.146,348.006,78.541
2018-11-11 14:00:00,29.173,109.664,48.786,336.752,73.701
2018-11-11 15:00:00,28.643,111.414,48.385,347.855,72.754
2018-11-11 16:00:00,29.161,122.87,53.914,383.014,78.902
2018-11-11 17:00:00,30.584,130.309,63.015,425.74,91.981
2018-11-11 18:00:00,32.585,133.075,63.54,434.394,101.898
2018-11-11 19:00:00,31.804,130.647,59.799,429.886,107.946
2018-11-11 20:00:00,29.822,123.061,59.376,423.666,104.944
2018-11-11 21:00:00,27.533,116.098,57.717,386.679,96.983
2018-11-11 22:00:00,23.449,102.916,51.355,349.194,89.673
2018-11-11 23:00:00,21.016,92.669,45.87,309.414,81.365
2018-11-12 00:00:00,18.758,85.77,44.141,296.448,73.403
2018-11-12 01:00:00,17.731,82.654,40.75,285.044,74.873
2018-11-12 02:00:00,18.35,82.028,40.736,282.162,78.147
2018-11-12 03:00:00,19.159,81.757,43.604,289.489,76.02
2018-11-12 04:00:00,21.295,84.791,46.13,306.653,77.64
2018-11-12 05:00:00,25.349,98.336,51.121,339.196,89.417
2018-11-12 06:00:00,26.435,116.449,53.882,393.035,104.887
2018-11-12 07:00:00,34.527,122.957,56.455,408.273,111.116
2018-11-12 08:00:00,35.725,125.105,55.913,416.217,103.841
2018-11-12 09:00:00,28.94,121.208,53.61,418.44,96.33
2018-11-12 10:00:00,24.743,121.248,54.688,418.157,88.166
2018-11-12 11:00:00,23.842,122.644,54.471,405.734,88.301
2018-11-12 12:00:00,23.06,119.439,52.838,405.965,86.833
2018-11-12 13:00:00,23.682,111.318,51.777,384.335,85.923
2018-11-12 14:00:00,22.688,110.439,48.501,365.272,85.211
2018-11-12 15:00:00,24.679,110.316,48.634,368.043,84.583
2018-11-12 16:00:00,27.303,117.676,49.337,397.739,88.238
2018-11-12 17:00:00,31.818,129.334,55.28,428.714,95.212
2018-11-12 18:00:00,33.826,135.314,60.059,446.816,103.919
2018-11-12 19:00:00,35.64,134.627,65.205,446.428,104.327
2018-11-12 20:00:00,36.441,130.98,58.959,416.532,98.311
2018-11-12 21:00:00,32.108,117.585,54.31,372.626,84.659
2018-11-12 22:00:00,24.158,100.179,47.678,333.708,73.516
2018-11-12 23:00:00,17.787,84.293,42.789,281.642,58.805
2018-11-13 00:00:00,15.737,75.993,34.291,256.712,53.181
2018-11-13 01:00:00,13.859,68.244,32.914,239.861,47.832
2018-11-13 02:00:00,14.463,67.427,32.334,239.887,49.675
2018-11-13 03:00:00,14.053,65.554,31.68,239.044,50.159
2018-11-13 04:00:00,14.906,66.066,33.207,241.957,53.405
2018-11-13 05:00:00,16.879,74.134,37.547,269.136,58.931
2018-11-13 06:00:00,22.391,86.98,41.947,305.523,66.562
2018-11-13 07:00:00,25.413,96.632,46.148,327.277,73.597
2018-11-13 08:00:00,27.629,108.261,49.722,362.103,81.29
2018-11-13 09:00:00,25.789,116.739,52.194,385.923,85.581
2018-11-13 10:00:00,25.504,119.019,55.64,401.414,86.605
2018-11-13 11:00:00,24.491,119.105,51.784,410.126,83.963
2018-11-13 12:00:00,23.119,117.951,51.582,400.277,83.963
2018-11-13 13:00:00,22.681,113.118,47.521,389.01,78.302
2018-11-13 14:00:00,23.634,110.977,46.928,384.162,77.949
2018-11-13 15:00:00,22.237,111.898,51.279,394.484,79.822
2018-11-13 16:00:00,26.283,123.3,54.077,415.181,92.206
2018-11-13 17:00:00,33.968,137.636,55.529,455.38,102.936
2018-11-13 18:00:00,34.967,142.211,60.297,465.859,108.299
2018-11-13 19:00:00,33.184,135.364,63.04,450.435,105.292
2018-11-13 20:00:00,29.462,130.344,61.147,422.802,100.083
2018-11-13 21:00:00,26.582,118.976,55.797,389.989,94.167
2018-11-13 22:00:00,23.602,102.81,49.875,350.163,78.881
2018-11-13 23:00:00,20.06,92.115,46.88,305.961,67.609
2018-11-14 00:00:00,19.346,84.321,44.546,286.328,65.585
2018-11-14 01:00:00,17.542,80.578,42.711,275.66,65.783
2018-11-14 02:00:00,18.08,79.191,42.525,275.933,69.812
2018-11-14 03:00:00,18.289,80.648,43.096,277.087,69.741
2018-11-14 04:00:00,19.134,83.899,45.233,287.376,72.634
2018-11-14 05:00:00,23.224,91.672,46.446,310.759,82.66
2018-11-14 06:00:00,24.113,109.021,50.076,363.478,92.978
2018-11-14 07:00:00,34.374,117.414,60.386,397.342,108.416
2018-11-14 08:00:00,37.556,130.978,65.708,429.546,110.983
2018-11-14 09:00:00,31.826,137.785,64.267,450.048,106.408
2018-11-14 10:00:00,29.226,139.84,68.317,469.497,104.116
2018-11-14 11:00:00,30.287,136.419,69.075,477.013,104.607
2018-11-14 12:00:00,31.425,135.106,67.943,468.104,107.306
2018-11-14 13:00:00,29.642,133.967,63.131,442.449,108.745
2018-11-14 14:00:00,31.201,133.274,60.856,428.896,103.191
2018-11-14 15:00:00,31.589,132.576,59.292,433.073,102.985
2018-11-14 16:00:00,33.079,140.067,64.24,462.741,114.925
2018-11-14 17:00:00,44.42,153.446,70.907,511.294,124.352
2018-11-14 18:00:00,42.497,157.35,73.032,517.335,128.697
2018-11-14 19:00:00,41.388,153.766,76.265,513.394,129.616
2018-11-14 20:00:00,40.787,145.977,72.742,492.859,122.873
2018-11-14 21:00:00,37.677,131.185,68.84,454.837,118.991
2018-11-14 22:00:00,31.127,120.889,60.499,411.177,109.256
2018-11-14 23:00:00,26.223,104.576,55.546,361.043,95.359
2018-11-15 00:00:00,22.553,98.256,52.186,330.198,83.57
2018-11-15 01:00:00,20.873,92.555,48.679,317.899,80.326
2018-11-15 02:00:00,21.746,90.694,47.706,319.551,85.213
2018-11-15 03:00:00,22.924,92.343,49.707,323.126,85.114
2018-11-15 04:00:00,25.439,95.509,52.088,333.29,86.218
2018-11-15 05:00:00,27.674,109.499,55.597,362.165,96.645
2018-11-15 06:00:00,29.993,122.907,63.919,409.824,110.982
2018-11-15 07:00:00,39.131,128.289,65.891,443.941,122.358
2018-11-15 08:00:00,41.387,140.526,69.346,468.689,128.409
2018-11-15 09:00:00,36.33,144.089,75.491,485.984,128.894
2018-11-15 10:00:00,36.961,145.928,74.55,492.563,126.724
2018-11-15 11:00:00,33.832,148.205,71.453,481.588,120.638
2018-11-15 12:00:00,30.605,142.223,67.432,482.292,120.867
2018-11-15 13:00:00,29.54,141.047,67.52,462.481,120.31
2018-11-15 14:00:00,31.125,140.974,66.216,447.488,118.765
2018-11-15 15:00:00,29.851,137.762,65.537,462.721,127.28
2018-11-15 16:00:00,32.366,143.892,68.844,500.202,126.134
2018-11-15 17:00:00,43.026,155.439,71.389,527.512,137.183
2018-11-15 18:00:00,43.074,162.566,75.417,521.044,143.31
2018-11-15 19:00:00,42.619,162.377,76.379,514.421,146.972
2018-11-15 20:00:00,40.995,150.868,69.621,486.692,144.641
2018-11-15 21:00:00,35.326,141.941,66.993,449.411,133.27
2018-11-15 22:00:00,28.384,123.342,62.415,394.675,122.698
2018-11-15 23:00:00,25.742,106.445,55.038,344.451,105.01
2018-11-16 00:00:00,24.772,96.05,50.044,313.165,96.818
2018-11-16 01:00:00,21.56,92.955,48.211,302.312,98.011
2018-11-16 02:00:00,22.295,91.153,46.537,300.752,101.819
2018-11-16 03:00:00,21.243,84.861,47.246,293.196,100.278
2018-11-16 04:00:00,20.835,84.134,45.771,294.023,92.093
2018-11-16 05:00:00,23.382,98.292,47.105,310.216,91.074
2018-11-16 06:00:00,25.952,108.228,50.21,352.112,96.647
2018-11-16 07:00:00,33.37,116.315,53.172,387.623,99.292
2018-11-16 08:00:00,37.011,129.328,56.017,420.734,103.074
2018-11-16 09:00:00,31.135,143.308,59.847,445.515,103.023
2018-11-16 10:00:00,31.981,140.981,61.281,459.013,105.073
2018-11-16 11:00:00,32.249,138.477,61.007,456.931,111.162
2018-11-16 12:00:00,30.81,142.199,68.029,467.303,115.434
2018-11-16 13:00:00,30.449,132.278,61.15,447.061,105.391
2018-11-16 14:00:00,28.376,125.513,59.601,431.104,95.369
2018-11-16 15:00:00,30.566,126.02,58.295,419.029,99.467
2018-11-16 16:00:00,30.471,132.152,59.738,449.537,105.771
2018-11-16 17:00:00,38.509,142.832,68.605,484.082,118.646
2018-11-16 18:00:00,38.687,150.092,70.907,491.806,118.771
2018-11-16 19:00:00,37.705,148.445,73.003,481.601,119.624
2018-11-16 20:00:00,36.885,143.941,62.683,457.575,115.249
2018-11-16 21:00:00,31.064,126.147,59.713,419.686,101.205
2018-11-16 22:00:00,25.648,110.994,53.805,363.92,95.676
2018-11-16 23:00:00,21.169,92.372,46.18,318.761,77.982
2018-11-17 00:00:00,19.084,83.026,41.406,287.604,67.644
2018-11-17 01:00:00,16.819,80.16,38.443,270.953,66.046
2018-11-17 02:00:00,17.609,77.426,38.131,266.821,69.391
2018-11-17 03:00:00,18.051,77.504,38.634,267.082,69.48
2018-11-17 04:00:00,18.732,78.982,38.663,268.623,69.249
2018-11-17 05:00:00,21.213,90.054,40.499,281.658,72.703
2018-11-17 06:00:00,23.742,98.002,45.138,303.68,79.791
2018-11-17 07:00:00,32.796,105.262,50.738,319.303,83.321
2018-11-17 08:00:00,33.617,117.206,62.464,357.844,87.366
2018-11-17 09:00:00,32.767,122.398,56.018,371.989,89.041
2018-11-17 10:00:00,30.544,119.791,52.712,371.71,85.029
2018-11-17 11:00:00,27.636,117.838,56.251,376.522,84.771
2018-11-17 12:00:00,27.4,114.524,52.734,366.606,80.961
2018-11-17 13:00:00,26.71,115.884,51.965,371.447,75.19
2018-11-17 14:00:00,26.703,112.018,51.094,349.365,73.56
2018-11-17 15:00:00,27.209,114.277,50.247,363.139,75.363
2018-11-17 16:00:00,27.568,126.214,58.369,396.193,84.107
2018-11-17 17:00:00,31.813,136.512,61.166,430.499,97.498
2018-11-17 18:00:00,36.806,142.512,63.387,456.032,102.833
2018-11-17 19:00:00,35.707,140.953,62.461,454.655,98.389
2018-11-17 20:00:00,30.597,137.074,59.254,441.077,94.674
2018-11-17 21:00:00,29.99,119.233,55.939,407.125,89.211
2018-11-17 22:00:00,25.247,108.027,48.43,348.125,79.026
2018-11-17 23:00:00,20.275,91.627,43.372,301.65,69.019
2018-11-18 00:00:00,18.383,82.896,40.97,270.985,63.787
2018-11-18 01:00:00,16.867,76.751,39.078,259.604,65.365
2018-11-18 02:00:00,17.309,76.87,38.166,262.545,70.377
2018-11-18 03:00:00,17.464,77.143,39.866,266.097,70.675
2018-11-18 04:00:00,17.783,79.773,39.197,269.961,70.761
2018-11-18 05:00:00,20.293,90.121,41.78,288.093,73.334
2018-11-18 06:00:00,24.687,98.527,46.059,313.243,82.613
2018-11-18 07:00:00,31.012,105.672,50.626,332.935,87.896
2018-11-18 08:00:00,33.703,115.555,55.259,350.493,91.933
2018-11-18 09:00:00,30.899,114.704,56.656,361.476,91.789
2018-11-18 10:00:00,30.215,112.203,53.358,374.899,92.032
2018-11-18 11:00:00,31.195,109.446,55.081,368.308,82.505
2018-11-18 12:00:00,28.21,112.077,52.203,360.96,81.701
2018-11-18 13:00:00,28.29,116.907,50.841,357.36,80.18
2018-11-18 14:00:00,27.368,110.666,54.055,348.055,83.885
2018-11-18 15:00:00,29.158,112.8,53.225,358.5,84.766
2018-11-18 16:00:00,29.998,120.087,58.549,403.782,90.431
2018-11-18 17:00:00,32.393,132.281,64.585,429.976,101.666
2018-11-18 18:00:00,34.992,137.523,65.681,440.36,100.657
2018-11-18 19:00:00,35.839,131.855,66.555,432.146,99.983
2018-11-18 20:00:00,31.236,124.82,66.155,413.028,101.252
2018-11-18 21:00:00,28.181,113.998,58.81,389.186,92.662
2018-11-18 22:00:00,23.583,101.097,50.326,343.689,81.099
2018-11-18 23:00:00,19.844,88.669,45.086,300.934,75.572
2018-11-19 00:00:00,17.966,79.538,43.096,278.297,70.483
2018-11-19 01:00:00,16.595,76.456,39.381,265.119,67.852
2018-11-19 02:00:00,15.957,74.481,38.036,263.753,67.556
2018-11-19 03:00:00,17.431,73.351,38.257,265.411,66.67
2018-11-19 04:00:00,17.417,75.323,39.072,275.108,63.516
2018-11-19 05:00:00,19.51,88.941,40.709,300.539,70.513
2018-11-19 06:00:00,22.425,101.243,45.306,342.661,83.22
2018-11-19 07:00:00,31.573,108.444,51.307,377.414,91.933
2018-11-19 08:00:00,32.347,118.091,54.379,413.469,92.807
2018-11-19 09:00:00,27.006,122.043,55.503,437.15,94.694
2018-11-19 10:00:00,27.883,126.369,59.817,456.837,91.055
2018-11-19 11:00:00,26.623,128.336,55.131,447.105,87.809
2018-11-19 12:00:00,26.191,126.874,53.441,436.894,88.194
2018-11-19 13:00:00,23.907,118.541,50.764,428.371,82.946
2018-11-19 14:00:00,24.798,117.288,49.985,411.698,77.092
2018-11-19 15:00:00,25.934,121.23,50.384,410.392,77.782
2018-11-19 16:00:00,29.642,125.497,56.008,437.337,86.957
2018-11-19 17:00:00,36.894,137.522,60.043,468.332,98.414
2018-11-19 18:00:00,37.931,143.324,66.197,471.92,108.096
2018-11-19 19:00:00,35.413,138.812,62.43,469.888,101.524
2018-11-19 20:00:00,35.227,136.871,57.729,445.999,96.965
2018-11-19 21:00:00,31.236,122.765,59.357,414.901,90.865
2018-11-19 22:00:00,27.258,107.729,52.341,366.679,80.104
2018-11-19 23:00:00,21.764,91.826,47.857,320.864,67.998
2018-11-20 00:00:00,18.505,81.358,40.83,285.743,61.3
2018-11-20 01:00:00,16.892,77.734,40.177,274.359,58.872
2018-11-20 02:00:00,16.538,74.636,38.228,266.355,62.912
2018-11-20 03:00:00,17.43,73.498,37.806,262.573,59.71
2018-11-20 04:00:00,18.453,75.593,39.509,267.704,60.293
2018-11-20 05:00:00,19.522,89.517,43.594,294.997,69.91
2018-11-20 06:00:00,25.022,100.118,47.777,346.332,84.263
2018-11-20 07:00:00,32.824,111.229,55.511,379.777,90.876
2018-11-20 08:00:00,33.408,122.742,61.764,413.273,101.52
2018-11-20 09:00:00,29.023,129.824,61.663,440.484,105.555
2018-11-20 10:00:00,31.346,132.579,60.967,461.793,104.647
2018-11-20 11:00:00,30.767,135.286,61.639,461.569,102.132
2018-11-20 12:00:00,30.167,137.989,60.745,455.753,103.28
2018-11-20 13:00:00,29.005,134.279,59.068,452.518,100.761
2018-11-20 14:00:00,28.488,134.084,58.356,439.934,98.181
2018-11-20 15:00:00,29.428,135.058,60.89,437.401,96.604
2018-11-20 16:00:00,32.816,140.839,64.534,470.789,111.923
2018-11-20 17:00:00,41.734,152.753,68.374,503.866,122.764
2018-11-20 18:00:00,41.317,154.336,68.934,509.847,122.28
2018-11-20 19:00:00,38.51,155.65,67.746,502.823,120.353
2018-11-20 20:00:00,38.02,143.429,67.924,463.551,116.275
2018-11-20 21:00:00,34.675,130.723,61.758,427.93,108.245
2018-11-20 22:00:00,26.907,119.006,54.826,390.429,98.547
2018-11-20 23:00:00,23.554,98.344,50.155,352.466,84.946
2018-11-21 00:00:00,21.015,90.011,47.491,324.324,77.425
2018-11-21 01:00:00,19.317,85.662,45.678,303.628,76.735
2018-11-21 02:00:00,18.852,83.771,44.549,297.832,82.393
2018-11-21 03:00:00,19.686,82.88,44.694,298.827,77.081
2018-11-21 04:00:00,20.839,85.855,45.245,307.287,77.822
2018-11-21 05:00:00,23.177,100.032,47.84,334.896,84.384
2018-11-21 06:00:00,29.365,116.181,53.296,378.245,99.715
2018-11-21 07:00:00,38.571,120.048,59.864,401.152,114.173
2018-11-21 08:00:00,38.197,126.467,60.995,422.227,115.433
2018-11-21 09:00:00,31.403,133.06,63.175,438.766,114.364
2018-11-21 10:00:00,28.818,130.243,59.199,445.684,109.766
2018-11-21 11:00:00,30.973,129.885,61.939,449.513,107.743
2018-11-21 12:00:00,29.644,130.955,59.046,442.814,110.598
2018-11-21 13:00:00,29.689,129.338,58.012,431.862,105.025
2018-11-21 14:00:00,28.182,126.48,54.11,411.066,101.662
2018-11-21 15:00:00,26.14,122.678,51.517,396.488,98.929
2018-11-21 16:00:00,32.857,130.469,56.659,429.068,108.19
2018-11-21 17:00:00,38.97,141.904,63.182,466.344,119.25
2018-11-21 18:00:00,42.235,151.272,67.971,493.733,124.003
2018-11-21 19:00:00,41.291,156.923,71.411,499.942,123.702
2018-11-21 20:00:00,39.566,149.174,67.948,502.403,119.717
2018-11-21 21:00:00,37.844,139.343,68.174,475.368,116.842
2018-11-21 22:00:00,32.22,124.407,65.72,422.035,112.732
2018-11-21 23:00:00,27.357,115.129,61.907,390.293,105.4
2018-11-22 00:00:00,25.102,102.224,57.435,371.793,98.035
2018-11-22 01:00:00,25.268,99.436,54.474,352.983,101.686
2018-11-22 02:00:00,26.804,100.882,53.866,352.194,111.048
2018-11-22 03:00:00,28.273,104.986,56.723,362.045,111.34
2018-11-22 04:00:00,31.306,112.959,59.504,377.134,108.291
2018-11-22 05:00:00,32.152,122.852,65.49,414.72,119.273
2018-11-22 06:00:00,36.983,139.592,75.179,472.841,138.534
2018-11-22 07:00:00,46.171,151.1,75.379,490.7,147.972
2018-11-22 08:00:00,46.739,152.953,76.886,509.907,154.274
2018-11-22 09:00:00,40.091,158.686,75.511,530.752,155.032
2018-11-22 10:00:00,35.948,160.233,76.25,535.754,143.946
2018-11-22 11:00:00,38.665,160.308,77.459,524.988,141.665
2018-11-22 12:00:00,37.837,161.843,77.034,522.454,146.394
2018-11-22 13:00:00,36.667,155.122,76.571,511.458,134.327
2018-11-22 14:00:00,36.348,152.752,71.56,486.055,125.312
2018-11-22 15:00:00,37.174,157.016,73.601,507.003,129.486
2018-11-22 16:00:00,41.634,164.637,77.123,556.88,146.598
2018-11-22 17:00:00,50.518,169.797,85.158,592.251,163.002
2018-11-22 18:00:00,51.107,181.144,87.461,593.359,167.548
2018-11-22 19:00:00,51.229,181.756,89.978,590.542,167.385
2018-11-22 20:00:00,47.056,170.758,87.774,570.513,164.132
2018-11-22 21:00:00,46.239,160.107,85.216,534.955,149.178
2018-11-22 22:00:00,36.967,147.798,80.627,498.887,142.402
2018-11-22 23:00:00,33.819,127.991,71.631,446.795,136.112
2018-11-23 00:00:00,32.808,121.125,66.376,408.989,132.924
2018-11-23 01:00:00,30.819,119.685,64.49,397.898,129.256
2018-11-23 02:00:00,31.105,116.723,63.188,398.591,131.06
2018-11-23 03:00:00,31.381,115.667,64.98,399.064,130.35
2018-11-23 04:00:00,32.62,117.439,65.692,410.955,128.521
2018-11-23 05:00:00,34.742,131.179,68.147,434.333,136.99
2018-11-23 06:00:00,38.012,144.875,75.667,484.688,151.384
2018-11-23 07:00:00,46.229,150.844,78.856,506.179,157.588
2018-11-23 08:00:00,46.642,156.514,75.82,514.312,153.051
2018-11-23 09:00:00,36.406,151.125,76.363,512.914,144.012
2018-11-23 10:00:00,33.689,146.99,76.066,494.107,138.162
2018-11-23 11:00:00,31.603,139.322,73.076,473.791,123.679
2018-11-23 12:00:00,27.946,135.819,67.118,462.033,118.409
2018-11-23 13:00:00,28.651,129.362,62.119,442.034,110.765
2018-11-23 14:00:00,25.85,125.352,59.518,420.156,108.46
2018-11-23 15:00:00,29.682,129.595,62.845,421.373,112.379
2018-11-23 16:00:00,34.727,142.837,69.556,457.827,120.117
2018-11-23 17:00:00,45.72,150.853,73.651,500.53,131.203
2018-11-23 18:00:00,44.68,160.294,72.57,525.087,139.32
2018-11-23 19:00:00,41.664,160.353,72.786,525.696,139.116
2018-11-23 20:00:00,39.666,154.879,69.351,493.891,130.036
2018-11-23 21:00:00,37.882,142.039,67.047,457.323,119.228
2018-11-23 22:00:00,31.078,125.805,59.285,416.472,111.628
2018-11-23 23:00:00,26.223,108.55,54.83,368.112,103.404
2018-11-24 00:00:00,23.486,97.11,49.006,337.571,94.982
2018-11-24 01:00:00,20.474,89.236,45.648,318.859,89.707
2018-11-24 02:00:00,21.423,86.944,43.497,310.32,90.636
2018-11-24 03:00:00,22.312,87.828,44.249,307.818,90.015
2018-11-24 04:00:00,23.079,89.948,44.459,310.595,90.444
2018-11-24 05:00:00,26.308,103.869,46.769,320.295,100.497
2018-11-24 06:00:00,28.485,111.462,51.029,346.285,110.673
2018-11-24 07:00:00,36.836,118.318,52.37,363.339,115.86
2018-11-24 08:00:00,35.955,129.823,57.559,396.889,121.717
2018-11-24 09:00:00,33.118,132.721,61.462,409.271,115.687
2018-11-24 10:00:00,32.277,127.681,60.676,397.559,102.033
2018-11-24 11:00:00,31.49,123.837,57.762,395.341,92.701
2018-11-24 12:00:00,29.822,122.917,53.589,377.507,85.674
2018-11-24 13:00:00,26.147,118.302,51.081,357.769,80.804
2018-11-24 14:00:00,29.049,116.475,55.371,356.42,77.169
2018-11-24 15:00:00,28.505,116.757,53.738,365.27,83.394
2018-11-24 16:00:00,27.161,129.894,58.972,402.122,89.158
2018-11-24 17:00:00,31.578,137.683,62.792,444.869,99.58
2018-11-24 18:00:00,34.671,141.034,64.122,472.389,101.818
2018-11-24 19:00:00,34.248,142.998,66.461,454.022,106.411
2018-11-24 20:00:00,33.611,137.206,63.991,430.146,102.211
2018-11-24 21:00:00,31.458,124.167,56.758,394.13,96.731
2018-11-24 22:00:00,25.385,105.749,48.334,351.69,80.55
2018-11-24 23:00:00,21.05,88.209,40.739,298.603,64.77
2018-11-25 00:00:00,18.704,77.514,37.719,261.765,55.496
2018-11-25 01:00:00,16.872,73.975,35.806,250.7,53.459
2018-11-25 02:00:00,16.248,72.842,34.656,255.634,58.541
2018-11-25 03:00:00,17.267,73.153,35.288,255.811,61.914
2018-11-25 04:00:00,17.547,74.169,36.151,255.645,64.298
2018-11-25 05:00:00,20.005,85.846,41.339,263.613,72.596
2018-11-25 06:00:00,22.061,97.226,46.239,291.014,80.323
2018-11-25 07:00:00,31.886,98.26,50.225,309.42,78.988
2018-11-25 08:00:00,33.494,108.354,53.065,334.881,80.224
2018-11-25 09:00:00,30.345,113.101,49.865,349.193,82.542
2018-11-25 10:00:00,28.765,116.398,52.656,356.432,78.546
2018-11-25 11:00:00,27.929,118.24,53.3,368.572,79.053
2018-11-25 12:00:00,29.109,112.163,58.734,371.445,80.547
2018-11-25 13:00:00,29.061,115.047,51.461,371.282,77.973
2018-11-25 14:00:00,31.668,112.878,52.947,361.73,75.802
2018-11-25 15:00:00,26.939,116.278,52.939,360.898,74.326
2018-11-25 16:00:00,30.635,128.339,57.1,399.634,77.844
2018-11-25 17:00:00,31.754,135.075,58.685,419.494,90.323
2018-11-25 18:00:00,32.481,136.385,62.19,430.667,95.052
2018-11-25 19:00:00,31.844,130.154,62.39,434.528,94.744
2018-11-25 20:00:00,27.841,122.422,58.525,408.962,89.9
2018-11-25 21:00:00,26.289,111.555,56.932,362.769,81.069
2018-11-25 22:00:00,25.1,102.243,49.974,332.279,70.698
2018-11-25 23:00:00,21.881,88.6,42.962,291.088,64.613
2018-11-26 00:00:00,18.708,80.477,40.536,270.937,60.169
2018-11-26 01:00:00,17.297,80.228,40.397,258.509,58.62
2018-11-26 02:00:00,17.876,78.948,39.522,259.036,60.259
2018-11-26 03:00:00,17.484,76.254,39.256,254.435,57.546
2018-11-26 04:00:00,18.801,78.589,39.106,265.686,59.157
2018-11-26 05:00:00,21.11,91.786,44.105,293.543,67.91
2018-11-26 06:00:00,23.412,106.073,50.489,344.532,81.693
2018-11-26 07:00:00,33.939,114.293,57.09,376.052,89.889
2018-11-26 08:00:00,33.011,126.625,58.862,399.703,95.381
2018-11-26 09:00:00,30.297,135.471,61.144,422.515,97.747
2018-11-26 10:00:00,29.881,135.435,61.545,425.819,96.915
2018-11-26 11:00:00,27.905,130.756,57.559,432.876,95.178
2018-11-26 12:00:00,27.519,128.248,57.356,427.449,95.334
2018-11-26 13:00:00,25.651,124.581,56.177,416.086,91.7
2018-11-26 14:00:00,24.0,124.857,54.717,404.962,88.397
2018-11-26 15:00:00,24.965,125.045,54.832,407.843,87.983
2018-11-26 16:00:00,26.889,136.035,59.351,436.609,97.113
2018-11-26 17:00:00,35.078,137.869,65.212,467.779,108.203
2018-11-26 18:00:00,36.222,144.733,65.688,464.959,108.15
2018-11-26 19:00:00,36.007,144.724,63.669,452.847,105.992
2018-11-26 20:00:00,36.681,135.89,62.73,437.33,105.674
2018-11-26 21:00:00,30.987,121.082,61.429,403.015,99.758
2018-11-26 22:00:00,24.088,105.672,52.647,352.452,81.169
2018-11-26 23:00:00,20.055,90.015,44.907,298.885,68.81
2018-11-27 00:00:00,18.836,79.802,39.54,270.067,62.338
2018-11-27 01:00:00,16.855,78.144,36.797,255.427,57.765
2018-11-27 02:00:00,16.137,74.598,36.028,252.037,57.184
2018-11-27 03:00:00,15.545,71.9,35.193,245.203,57.288
2018-11-27 04:00:00,17.137,71.094,34.794,247.804,59.444
2018-11-27 05:00:00,19.436,82.508,38.21,274.406,66.735
2018-11-27 06:00:00,23.45,95.64,43.333,324.3,82.608
2018-11-27 07:00:00,32.681,105.9,49.49,357.407,95.593
2018-11-27 08:00:00,32.542,118.8,54.202,405.285,108.244
2018-11-27 09:00:00,26.92,125.957,58.347,429.459,111.213
2018-11-27 10:00:00,28.758,131.722,57.722,449.667,109.524
2018-11-27 11:00:00,29.589,134.58,57.365,445.556,105.067
2018-11-27 12:00:00,27.825,127.925,55.148,431.314,105.488
2018-11-27 13:00:00,25.977,121.787,55.352,421.084,98.54
2018-11-27 14:00:00,25.166,118.365,54.642,402.637,98.69
2018-11-27 15:00:00,26.213,121.415,56.561,405.719,99.297
2018-11-27 16:00:00,28.478,129.518,59.29,441.695,100.724
2018-11-27 17:00:00,37.32,138.591,64.043,477.811,110.618
2018-11-27 18:00:00,35.513,145.851,63.995,488.728,116.394
2018-11-27 19:00:00,34.407,141.173,63.06,477.408,117.839
2018-11-27 20:00:00,37.352,137.376,64.09,453.386,112.173
2018-11-27 21:00:00,34.819,128.186,58.283,412.882,107.489
2018-11-27 22:00:00,27.74,111.286,54.076,372.701,92.003
2018-11-27 23:00:00,21.6,93.818,45.803,321.351,81.982
2018-11-28 00:00:00,19.971,86.21,43.291,292.03,75.62
2018-11-28 01:00:00,18.054,83.388,42.109,277.367,71.613
2018-11-28 02:00:00,18.193,80.768,40.795,274.355,73.129
2018-11-28 03:00:00,17.653,78.751,42.217,273.958,74.129
2018-11-28 04:00:00,19.13,80.788,43.431,285.87,74.235
2018-11-28 05:00:00,20.34,91.658,46.506,316.422,82.678
2018-11-28 06:00:00,24.471,105.42,54.889,362.052,92.759
2018-11-28 07:00:00,32.099,114.478,57.053,387.476,106.706
2018-11-28 08:00:00,34.147,123.011,62.384,420.118,111.114
2018-11-28 09:00:00,31.253,125.726,63.119,432.152,110.398
2018-11-28 10:00:00,32.098,132.891,60.049,440.555,112.864
2018-11-28 11:00:00,27.766,132.346,58.586,435.702,109.077
2018-11-28 12:00:00,28.277,127.403,56.571,435.123,105.008
2018-11-28 13:00:00,27.578,125.1,54.495,427.767,101.661
2018-11-28 14:00:00,28.07,117.743,53.613,421.046,104.928
2018-11-28 15:00:00,30.92,120.261,56.116,421.713,101.938
2018-11-28 16:00:00,32.896,129.21,60.357,450.687,110.314
2018-11-28 17:00:00,40.168,140.548,68.563,485.198,122.895
2018-11-28 18:00:00,41.273,149.243,70.926,497.47,129.147
2018-11-28 19:00:00,39.158,148.764,69.748,485.108,124.48
2018-11-28 20:00:00,38.779,138.849,65.163,455.818,122.132
2018-11-28 21:00:00,34.199,128.65,60.842,412.827,110.494
2018-11-28 22:00:00,26.476,110.212,58.515,374.347,96.6
2018-11-28 23:00:00,23.987,93.915,51.941,326.78,87.038
2018-11-29 00:00:00,20.649,83.963,44.642,293.657,75.536
2018-11-29 01:00:00,18.562,80.445,41.619,276.947,71.265
2018-11-29 02:00:00,17.853,79.359,41.567,274.734,78.637
2018-11-29 03:00:00,18.193,80.004,43.853,275.837,79.009
2018-11-29 04:00:00,18.414,80.602,44.827,286.331,77.688
2018-11-29 05:00:00,19.958,91.107,47.213,314.097,81.729
2018-11-29 06:00:00,24.022,107.902,53.323,355.212,97.555
2018-11-29 07:00:00,33.795,115.818,59.54,382.065,102.5
2018-11-29 08:00:00,32.558,119.254,60.908,410.907,104.616
2018-11-29 09:00:00,25.388,123.198,60.183,427.017,100.092
2018-11-29 10:00:00,28.737,124.517,57.923,427.727,101.944
2018-11-29 11:00:00,28.904,122.714,56.032,423.819,100.978
2018-11-29 12:00:00,25.873,123.605,58.557,430.091,96.643
2018-11-29 13:00:00,25.44,118.968,56.901,419.879,93.839
2018-11-29 14:00:00,26.653,115.878,57.651,403.14,85.386
2018-11-29 15:00:00,27.415,116.485,56.912,405.027,85.331
2018-11-29 16:00:00,29.408,128.99,61.067,443.889,97.57
2018-11-29 17:00:00,36.238,140.099,65.503,468.715,111.713
2018-11-29 18:00:00,39.172,146.369,71.16,483.743,118.303
2018-11-29 19:00:00,39.649,144.109,67.801,479.452,112.857
2018-11-29 20:00:00,37.034,137.126,63.319,454.546,106.238
2018-11-29 21:00:00,33.286,129.906,60.006,414.756,99.216
2018-11-29 22:00:00,26.753,111.569,53.963,374.836,87.957
2018-11-29 23:00:00,23.495,94.222,50.139,324.093,78.015
2018-11-30 00:00:00,21.592,86.493,45.221,302.003,71.555
2018-11-30 01:00:00,20.071,85.873,42.955,288.454,68.588
2018-11-30 02:00:00,20.335,85.08,41.696,288.171,71.62
2018-11-30 03:00:00,20.256,83.837,42.49,288.853,70.362
2018-11-30 04:00:00,21.662,86.087,44.561,300.001,71.331
2018-11-30 05:00:00,23.709,101.834,49.261,334.211,82.244
2018-11-30 06:00:00,27.842,119.6,57.387,400.934,97.964
2018-11-30 07:00:00,36.742,127.056,62.982,419.895,99.842
2018-11-30 08:00:00,36.482,133.405,62.093,431.875,100.249
2018-11-30 09:00:00,28.009,126.124,63.479,428.643,102.562
2018-11-30 10:00:00,29.415,123.786,58.273,432.897,99.579
2018-11-30 11:00:00,29.61,123.178,59.46,424.513,95.779
2018-11-30 12:00:00,29.265,127.387,57.548,424.994,100.978
2018-11-30 13:00:00,26.586,123.858,56.633,418.907,101.876
2018-11-30 14:00:00,24.282,124.505,53.888,409.878,101.636
2018-11-30 15:00:00,24.556,121.979,54.531,412.201,102.478
2018-11-30 16:00:00,28.387,132.348,62.194,444.275,113.325
2018-11-30 17:00:00,37.23,150.064,68.205,479.38,118.531
2018-11-30 18:00:00,37.372,152.586,68.016,491.061,121.455
2018-11-30 19:00:00,35.583,150.275,64.834,479.262,118.749
2018-11-30 20:00:00,36.035,137.245,63.673,463.848,117.353
2018-11-30 21:00:00,34.08,128.088,63.37,425.21,103.704
2018-11-30 22:00:00,27.079,108.11,53.593,374.133,93.29
2018-11-30 23:00:00,22.685,94.326,50.032,334.218,80.336
2018-12-01 00:00:00,20.553,83.745,45.284,312.834,70.079
2018-12-01 01:00:00,18.473,80.196,42.026,296.043,67.358
2018-12-01 02:00:00,18.761,79.819,40.336,293.96,70.17
2018-12-01 03:00:00,19.56,80.79,40.913,294.22,71.211
2018-12-01 04:00:00,21.208,83.196,41.647,301.988,70.281
2018-12-01 05:00:00,22.763,95.203,44.686,313.724,73.374
2018-12-01 06:00:00,26.059,108.426,49.49,345.987,84.917
2018-12-01 07:00:00,36.364,115.444,55.621,363.134,89.948
2018-12-01 08:00:00,37.378,129.143,58.435,392.723,98.251
2018-12-01 09:00:00,33.451,124.345,61.851,417.404,101.569
2018-12-01 10:00:00,32.12,126.132,62.75,395.635,96.056
2018-12-01 11:00:00,31.844,120.089,59.192,384.319,95.441
2018-12-01 12:00:00,29.652,124.871,54.322,386.779,101.646
2018-12-01 13:00:00,27.069,120.203,53.242,370.5,90.788
2018-12-01 14:00:00,30.637,113.525,53.269,363.044,86.312
2018-12-01 15:00:00,28.202,119.17,53.152,381.54,85.826
2018-12-01 16:00:00,31.954,134.731,58.703,414.423,96.49
2018-12-01 17:00:00,38.695,144.083,64.594,468.088,109.159
2018-12-01 18:00:00,39.691,148.085,69.554,485.423,116.909
2018-12-01 19:00:00,37.192,144.413,70.359,482.156,111.302
2018-12-01 20:00:00,36.73,134.325,67.318,449.152,103.87
2018-12-01 21:00:00,33.211,128.385,64.899,413.889,97.015
2018-12-01 22:00:00,27.374,110.787,55.175,363.247,83.625
2018-12-01 23:00:00,21.618,91.448,48.592,313.403,71.799
2018-12-02 00:00:00,18.203,79.846,43.223,277.8,63.973
2018-12-02 01:00:00,16.731,75.575,40.448,263.767,60.003
2018-12-02 02:00:00,17.064,73.262,38.572,258.595,63.069
2018-12-02 03:00:00,16.965,74.746,37.672,257.654,61.163
2018-12-02 04:00:00,18.098,76.0,36.797,262.375,59.083
2018-12-02 05:00:00,19.166,87.535,39.838,274.547,61.986
2018-12-02 06:00:00,21.002,94.113,44.112,298.882,70.002
2018-12-02 07:00:00,30.178,98.776,50.692,314.579,71.966
2018-12-02 08:00:00,31.912,108.735,55.282,344.64,82.352
2018-12-02 09:00:00,31.853,118.988,60.585,369.982,90.433
2018-12-02 10:00:00,31.414,117.006,60.107,381.884,90.554
2018-12-02 11:00:00,29.388,120.865,52.55,386.862,84.516
2018-12-02 12:00:00,27.161,120.142,53.205,389.66,85.217
2018-12-02 13:00:00,27.849,114.821,54.379,376.202,86.11
2018-12-02 14:00:00,27.847,106.867,57.565,360.276,81.227
2018-12-02 15:00:00,24.142,116.799,59.66,356.228,78.359
2018-12-02 16:00:00,28.3,120.862,59.022,386.194,85.664
2018-12-02 17:00:00,28.24,132.259,63.598,412.087,94.701
2018-12-02 18:00:00,29.427,136.709,64.959,427.356,102.382
2018-12-02 19:00:00,29.571,130.603,60.122,410.984,98.029
2018-12-02 20:00:00,26.015,122.121,55.792,386.222,93.088
2018-12-02 21:00:00,25.744,110.009,48.04,356.38,88.318
2018-12-02 22:00:00,21.971,93.528,42.804,305.444,73.464
2018-12-02 23:00:00,16.573,79.132,39.029,260.42,61.261
2018-12-03 00:00:00,15.358,68.653,35.285,238.301,53.605
2018-12-03 01:00:00,13.58,65.924,31.525,220.488,52.121
2018-12-03 02:00:00,12.591,63.393,30.296,214.374,51.706
2018-12-03 03:00:00,13.718,61.655,30.262,212.321,48.639
2018-12-03 04:00:00,14.348,62.054,31.535,222.846,47.804
2018-12-03 05:00:00,15.359,70.202,33.414,245.612,56.096
2018-12-03 06:00:00,18.648,89.415,39.94,302.877,69.22
2018-12-03 07:00:00,25.42,98.674,46.005,349.458,79.26
2018-12-03 08:00:00,26.808,106.972,51.743,377.015,85.367
2018-12-03 09:00:00,24.226,109.621,51.39,391.372,94.749
2018-12-03 10:00:00,26.569,114.274,52.58,395.141,94.649
2018-12-03 11:00:00,26.92,114.191,51.44,399.112,90.87
2018-12-03 12:00:00,25.318,115.127,50.275,391.902,86.283
2018-12-03 13:00:00,24.347,109.622,54.429,385.348,81.039
2018-12-03 14:00:00,22.176,107.889,51.497,380.786,78.033
2018-12-03 15:00:00,23.597,112.726,47.379,374.382,79.963
2018-12-03 16:00:00,24.764,116.406,52.623,407.711,91.987
2018-12-03 17:00:00,28.531,129.96,57.254,441.911,100.596
2018-12-03 18:00:00,32.459,139.54,63.595,466.317,112.97
2018-12-03 19:00:00,31.86,142.376,62.023,460.484,100.366
2018-12-03 20:00:00,29.665,137.578,59.223,421.429,95.891
2018-12-03 21:00:00,30.306,118.767,55.841,393.054,93.461
2018-12-03 22:00:00,26.783,102.487,50.678,356.171,81.566
2018-12-03 23:00:00,19.396,87.405,43.426,303.615,68.04
2018-12-04 00:00:00,17.12,78.264,39.129,276.543,58.953
2018-12-04 01:00:00,15.706,74.481,38.288,263.432,56.151
2018-12-04 02:00:00,16.02,71.976,37.113,255.741,59.516
2018-12-04 03:00:00,16.624,72.22,38.26,258.58,63.97
2018-12-04 04:00:00,17.825,75.226,40.841,272.024,66.027
2018-12-04 05:00:00,20.623,90.284,45.633,300.818,72.877
2018-12-04 06:00:00,24.929,108.303,51.8,359.447,91.242
2018-12-04 07:00:00,34.864,115.579,57.885,403.319,107.111
2018-12-04 08:00:00,33.713,125.791,64.118,428.653,107.572
2018-12-04 09:00:00,28.333,128.845,63.18,446.596,101.152
2018-12-04 10:00:00,28.558,132.496,64.63,453.443,104.019
2018-12-04 11:00:00,28.299,131.33,62.188,441.461,101.993
2018-12-04 12:00:00,26.853,128.39,58.172,437.52,98.681
2018-12-04 13:00:00,25.683,126.268,58.086,419.323,91.994
2018-12-04 14:00:00,23.424,119.246,56.646,398.295,86.287
2018-12-04 15:00:00,25.115,117.692,58.372,406.972,89.143
2018-12-04 16:00:00,30.741,130.828,60.287,452.45,106.214
2018-12-04 17:00:00,39.889,152.46,66.93,499.529,122.093
2018-12-04 18:00:00,38.385,159.486,72.986,520.887,125.253
2018-12-04 19:00:00,38.351,155.533,72.33,519.222,129.899
2018-12-04 20:00:00,38.566,144.907,72.264,487.821,128.236
2018-12-04 21:00:00,37.631,134.928,70.954,460.988,118.041
2018-12-04 22:00:00,31.677,124.517,66.205,428.694,106.179
2018-12-04 23:00:00,26.661,107.599,55.133,368.128,96.801
2018-12-05 00:00:00,22.733,96.454,50.589,344.003,88.45
2018-12-05 01:00:00,21.013,91.506,48.662,329.445,86.634
2018-12-05 02:00:00,21.501,89.96,47.631,324.246,85.574
2018-12-05 03:00:00,22.903,90.532,49.925,323.245,86.089
2018-12-05 04:00:00,24.563,95.083,52.045,337.322,84.882
2018-12-05 05:00:00,27.499,112.717,57.426,369.918,94.267
2018-12-05 06:00:00,30.333,127.293,61.646,429.867,109.961
2018-12-05 07:00:00,44.98,138.131,66.917,467.216,125.721
2018-12-05 08:00:00,44.217,147.945,68.563,481.886,122.246
2018-12-05 09:00:00,33.758,142.111,66.882,474.073,117.612
2018-12-05 10:00:00,34.429,141.697,70.08,471.889,116.432
2018-12-05 11:00:00,31.494,137.99,72.219,460.883,111.939
2018-12-05 12:00:00,28.357,133.664,63.96,449.451,116.201
2018-12-05 13:00:00,26.6,129.976,62.519,435.059,110.064
2018-12-05 14:00:00,25.276,123.535,59.191,412.194,108.661
2018-12-05 15:00:00,27.103,126.038,58.715,420.957,107.488
2018-12-05 16:00:00,31.46,138.702,64.11,462.995,114.487
2018-12-05 17:00:00,43.025,155.255,68.221,502.18,126.359
2018-12-05 18:00:00,44.394,158.414,70.133,528.134,139.181
2018-12-05 19:00:00,42.505,159.221,75.822,517.285,131.879
2018-12-05 20:00:00,39.984,151.352,69.594,485.927,124.332
2018-12-05 21:00:00,37.745,139.666,66.662,453.849,112.523
2018-12-05 22:00:00,30.066,122.187,61.87,406.096,101.446
2018-12-05 23:00:00,25.678,106.059,55.484,354.739,93.851
2018-12-06 00:00:00,21.414,96.592,52.663,317.607,82.53
2018-12-06 01:00:00,19.666,90.134,48.816,306.273,79.289
2018-12-06 02:00:00,20.579,88.186,47.384,304.614,81.084
2018-12-06 03:00:00,22.337,88.675,47.168,303.15,76.963
2018-12-06 04:00:00,23.711,90.206,48.053,318.765,76.338
2018-12-06 05:00:00,26.047,105.88,51.361,344.63,83.531
2018-12-06 06:00:00,30.292,125.134,57.292,397.25,102.607
2018-12-06 07:00:00,43.032,134.309,62.343,439.008,110.912
2018-12-06 08:00:00,42.361,141.824,66.582,454.088,110.969
2018-12-06 09:00:00,34.244,142.401,62.471,462.139,108.147
2018-12-06 10:00:00,32.432,145.105,63.879,465.725,107.91
2018-12-06 11:00:00,30.579,138.835,63.476,464.214,109.124
2018-12-06 12:00:00,28.857,139.803,60.875,445.437,114.451
2018-12-06 13:00:00,26.71,125.142,58.267,430.017,107.249
2018-12-06 14:00:00,25.906,123.726,56.277,414.278,101.138
2018-12-06 15:00:00,26.512,123.958,53.877,425.463,104.251
2018-12-06 16:00:00,29.806,142.432,60.947,456.387,108.225
2018-12-06 17:00:00,40.264,151.33,67.909,496.955,119.793
2018-12-06 18:00:00,42.912,155.686,74.796,509.317,123.481
2018-12-06 19:00:00,40.841,156.261,70.106,505.025,122.692
2018-12-06 20:00:00,40.948,143.916,64.172,488.656,124.339
2018-12-06 21:00:00,35.231,129.915,60.465,448.888,117.685
2018-12-06 22:00:00,27.245,116.709,57.679,395.303,98.463
2018-12-06 23:00:00,23.12,100.846,53.213,341.729,89.189
2018-12-07 00:00:00,21.294,90.23,45.526,308.097,81.363
2018-12-07 01:00:00,19.189,85.165,43.355,293.913,78.508
2018-12-07 02:00:00,18.743,82.69,42.321,291.886,79.896
2018-12-07 03:00:00,18.474,80.641,41.438,291.506,76.996
2018-12-07 04:00:00,19.163,80.868,42.683,296.68,74.943
2018-12-07 05:00:00,21.569,94.862,47.42,323.573,81.041
2018-12-07 06:00:00,26.183,114.093,51.562,381.558,98.503
2018-12-07 07:00:00,37.251,127.336,58.132,424.592,111.011
2018-12-07 08:00:00,36.145,136.159,59.733,451.802,109.041
2018-12-07 09:00:00,31.592,140.664,59.138,453.7,110.177
2018-12-07 10:00:00,31.956,139.69,61.714,463.111,112.372
2018-12-07 11:00:00,30.802,140.65,63.014,455.279,113.677
2018-12-07 12:00:00,27.611,139.102,61.406,453.402,109.549
2018-12-07 13:00:00,31.219,129.415,57.081,432.23,101.135
2018-12-07 14:00:00,28.898,123.293,56.441,419.395,102.202
2018-12-07 15:00:00,28.517,126.625,57.414,427.165,102.351
2018-12-07 16:00:00,30.3,135.379,65.757,483.054,113.894
2018-12-07 17:00:00,40.472,147.061,69.598,515.246,133.247
2018-12-07 18:00:00,44.078,161.815,77.224,534.712,143.492
2018-12-07 19:00:00,44.638,161.912,79.357,521.346,140.446
2018-12-07 20:00:00,46.076,155.173,76.084,504.748,139.22
2018-12-07 21:00:00,39.106,147.512,74.536,468.981,125.416
2018-12-07 22:00:00,33.45,129.094,67.449,417.305,113.693
2018-12-07 23:00:00,26.742,110.835,60.527,378.191,104.197
2018-12-08 00:00:00,25.607,100.298,55.198,348.218,95.656
2018-12-08 01:00:00,23.294,96.124,51.687,337.325,91.326
2018-12-08 02:00:00,24.13,95.381,53.158,336.99,95.49
2018-12-08 03:00:00,26.094,97.757,53.289,338.401,93.902
2018-12-08 04:00:00,26.657,100.859,54.638,352.075,97.425
2018-12-08 05:00:00,29.991,113.807,57.056,371.44,100.96
2018-12-08 06:00:00,32.42,124.416,62.525,408.01,110.017
2018-12-08 07:00:00,42.584,129.875,67.013,434.712,114.248
2018-12-08 08:00:00,48.891,145.714,72.862,467.55,122.159
2018-12-08 09:00:00,52.461,149.457,73.274,474.269,127.95
2018-12-08 10:00:00,46.313,150.217,72.876,470.588,126.747
2018-12-08 11:00:00,39.687,147.924,68.614,466.477,124.542
2018-12-08 12:00:00,37.744,151.434,70.086,452.107,117.386
2018-12-08 13:00:00,41.454,139.388,68.784,436.877,112.74
2018-12-08 14:00:00,38.008,138.065,70.394,433.455,106.367
2018-12-08 15:00:00,39.695,144.26,63.697,427.553,103.626
2018-12-08 16:00:00,38.751,151.228,68.366,465.876,115.604
2018-12-08 17:00:00,40.306,165.284,76.834,521.411,129.587
2018-12-08 18:00:00,40.567,171.007,79.693,542.526,136.899
2018-12-08 19:00:00,40.011,164.941,82.107,540.416,131.74
2018-12-08 20:00:00,40.877,154.536,79.931,514.338,129.311
2018-12-08 21:00:00,37.918,146.477,75.071,488.065,120.256
2018-12-08 22:00:00,31.119,129.496,66.05,449.486,110.395
2018-12-08 23:00:00,26.598,112.229,59.877,396.823,99.144
2018-12-09 00:00:00,24.933,102.714,53.336,358.208,86.472
2018-12-09 01:00:00,23.159,98.181,50.346,343.43,81.866
2018-12-09 02:00:00,24.036,96.924,48.967,338.055,85.699
2018-12-09 03:00:00,24.903,95.937,49.657,335.25,86.413
2018-12-09 04:00:00,25.976,99.21,50.781,340.233,85.961
2018-12-09 05:00:00,29.02,114.511,53.058,359.611,89.149
2018-12-09 06:00:00,30.839,123.497,56.842,387.941,101.724
2018-12-09 07:00:00,40.473,136.564,62.866,417.494,103.868
2018-12-09 08:00:00,43.185,143.843,67.935,435.939,114.017
2018-12-09 09:00:00,40.972,146.179,69.787,447.517,117.041
2018-12-09 10:00:00,39.003,150.354,68.001,436.489,110.065
2018-12-09 11:00:00,38.353,142.069,69.847,423.76,115.216
2018-12-09 12:00:00,40.398,133.638,68.23,415.86,110.298
2018-12-09 13:00:00,37.597,131.707,68.19,398.662,105.854
2018-12-09 14:00:00,35.621,128.664,63.025,388.187,104.182
2018-12-09 15:00:00,33.262,130.641,66.403,397.751,110.702
2018-12-09 16:00:00,35.341,144.724,68.214,444.503,123.317
2018-12-09 17:00:00,41.457,154.308,72.47,491.468,131.054
2018-12-09 18:00:00,41.607,163.485,75.452,500.326,131.689
2018-12-09 19:00:00,40.066,158.857,71.939,496.301,123.387
2018-12-09 20:00:00,39.088,145.875,69.327,471.841,120.488
2018-12-09 21:00:00,36.059,134.229,64.597,445.585,110.419
2018-12-09 22:00:00,29.082,121.913,62.318,405.127,102.687
2018-12-09 23:00:00,26.638,104.06,55.263,357.456,89.617
2018-12-10 00:00:00,22.265,94.895,50.599,342.656,79.636
2018-12-10 01:00:00,20.396,93.041,49.584,328.474,79.068
2018-12-10 02:00:00,21.659,91.692,48.352,325.78,83.682
2018-12-10 03:00:00,22.546,91.287,48.789,324.738,81.752
2018-12-10 04:00:00,23.279,93.0,50.597,336.686,83.082
2018-12-10 05:00:00,25.934,109.336,53.268,372.013,92.892
2018-12-10 06:00:00,31.387,124.45,58.323,423.642,111.48
2018-12-10 07:00:00,43.176,136.208,66.881,456.756,121.533
2018-12-10 08:00:00,42.168,143.009,66.445,479.546,125.368
2018-12-10 09:00:00,32.042,142.377,69.344,472.671,122.549
2018-12-10 10:00:00,31.72,136.894,69.631,471.455,116.05
2018-12-10 11:00:00,31.326,138.832,64.692,463.832,113.799
2018-12-10 12:00:00,28.73,135.399,61.519,455.049,114.534
2018-12-10 13:00:00,26.361,126.922,60.246,430.801,105.735
2018-12-10 14:00:00,25.186,121.33,56.746,418.372,96.749
2018-12-10 15:00:00,25.86,122.654,59.291,420.471,95.458
2018-12-10 16:00:00,31.436,136.556,64.588,468.244,111.255
2018-12-10 17:00:00,39.738,148.096,72.355,506.804,122.111
2018-12-10 18:00:00,41.388,156.754,78.045,525.287,126.624
2018-12-10 19:00:00,41.901,162.394,76.29,520.167,124.668
2018-12-10 20:00:00,39.838,150.266,73.576,496.065,120.902
2018-12-10 21:00:00,38.95,140.98,68.98,468.65,116.097
2018-12-10 22:00:00,32.535,124.262,66.191,424.607,105.533
2018-12-10 23:00:00,25.269,108.798,57.504,376.988,92.521
2018-12-11 00:00:00,24.286,101.319,53.34,350.866,83.889
2018-12-11 01:00:00,23.121,99.845,50.303,335.069,79.886
2018-12-11 02:00:00,23.014,96.944,49.209,332.003,81.772
2018-12-11 03:00:00,24.35,95.218,51.705,335.773,79.704
2018-12-11 04:00:00,26.452,101.658,55.098,347.953,80.369
2018-12-11 05:00:00,29.416,117.89,57.983,376.955,90.474
2018-12-11 06:00:00,34.177,132.327,65.416,429.331,110.749
2018-12-11 07:00:00,46.593,144.073,71.336,472.472,121.123
2018-12-11 08:00:00,44.815,152.82,71.934,484.05,117.869
2018-12-11 09:00:00,33.607,146.474,69.206,493.065,112.696
2018-12-11 10:00:00,31.634,142.572,68.413,473.415,110.063
2018-12-11 11:00:00,32.92,141.921,63.056,456.76,109.756
2018-12-11 12:00:00,29.324,136.862,60.136,443.145,107.912
2018-12-11 13:00:00,27.669,129.269,58.129,425.377,101.745
2018-12-11 14:00:00,27.606,128.047,52.747,409.822,98.669
2018-12-11 15:00:00,28.059,125.553,57.915,408.118,101.15
2018-12-11 16:00:00,33.267,137.476,61.806,460.608,105.947
2018-12-11 17:00:00,39.228,149.003,68.143,499.68,121.879
2018-12-11 18:00:00,43.318,158.479,72.294,524.031,127.515
2018-12-11 19:00:00,41.487,151.183,71.252,505.276,129.436
2018-12-11 20:00:00,39.997,141.583,66.755,477.951,124.8
2018-12-11 21:00:00,36.099,134.439,65.108,439.86,104.666
2018-12-11 22:00:00,27.66,122.016,61.527,394.41,92.7
2018-12-11 23:00:00,24.308,103.689,53.505,350.542,81.308
2018-12-12 00:00:00,21.538,91.107,48.502,323.848,76.284
2018-12-12 01:00:00,19.111,88.735,46.921,305.349,74.752
2018-12-12 02:00:00,19.924,86.916,46.313,301.531,79.673
2018-12-12 03:00:00,20.519,84.311,47.442,300.442,79.424
2018-12-12 04:00:00,23.277,88.528,49.634,311.378,81.411
2018-12-12 05:00:00,25.832,103.771,53.552,343.709,93.041
2018-12-12 06:00:00,26.868,121.757,58.761,400.085,108.299
2018-12-12 07:00:00,39.983,133.681,66.714,439.621,119.966
2018-12-12 08:00:00,43.404,142.878,69.583,458.52,128.839
2018-12-12 09:00:00,33.432,143.085,65.686,474.236,119.307
2018-12-12 10:00:00,31.736,143.643,65.258,473.667,109.025
2018-12-12 11:00:00,33.303,137.175,74.833,456.399,111.718
2018-12-12 12:00:00,33.394,134.622,67.044,452.937,112.052
2018-12-12 13:00:00,29.956,130.224,60.379,439.658,106.98
2018-12-12 14:00:00,28.272,126.033,58.693,418.209,99.22
2018-12-12 15:00:00,27.127,124.319,57.774,418.085,100.258
2018-12-12 16:00:00,32.837,133.94,64.759,455.327,108.006
2018-12-12 17:00:00,42.719,149.558,73.584,509.385,123.403
2018-12-12 18:00:00,42.222,158.723,77.95,535.299,128.311
2018-12-12 19:00:00,40.062,161.839,75.813,522.522,123.409
2018-12-12 20:00:00,40.014,152.316,75.246,502.271,121.221
2018-12-12 21:00:00,39.277,139.086,69.846,467.506,120.705
2018-12-12 22:00:00,31.361,132.635,63.808,430.236,111.405
2018-12-12 23:00:00,26.754,114.627,59.76,394.635,100.483
2018-12-13 00:00:00,25.793,103.921,57.051,362.404,90.992
2018-12-13 01:00:00,25.047,99.638,52.697,349.716,86.648
2018-12-13 02:00:00,24.797,97.408,50.791,348.795,85.766
2018-12-13 03:00:00,24.445,95.566,52.068,347.024,83.263
2018-12-13 04:00:00,26.154,99.493,54.341,356.441,83.181
2018-12-13 05:00:00,29.367,114.493,57.174,383.491,92.088
2018-12-13 06:00:00,33.41,130.836,62.288,438.046,105.42
2018-12-13 07:00:00,41.963,142.634,71.016,478.228,114.063
2018-12-13 08:00:00,43.47,158.225,68.62,500.89,117.073
2018-12-13 09:00:00,33.875,151.341,67.443,506.939,115.514
2018-12-13 10:00:00,30.793,143.354,68.411,488.192,114.072
2018-12-13 11:00:00,32.159,143.249,72.965,476.662,110.232
2018-12-13 12:00:00,31.987,141.34,62.963,473.097,114.827
2018-12-13 13:00:00,30.442,134.09,59.512,464.969,112.411
2018-12-13 14:00:00,30.163,132.863,58.727,445.617,109.519
2018-12-13 15:00:00,31.045,137.854,60.053,432.665,107.821
2018-12-13 16:00:00,33.863,152.746,64.472,480.434,120.819
2018-12-13 17:00:00,41.141,158.295,71.938,523.384,130.69
2018-12-13 18:00:00,42.616,161.181,75.358,535.493,128.647
2018-12-13 19:00:00,44.061,158.133,72.133,525.113,120.168
2018-12-13 20:00:00,38.219,152.698,69.524,484.365,116.536
2018-12-13 21:00:00,35.198,142.306,64.35,447.603,104.396
2018-12-13 22:00:00,32.479,122.392,61.341,406.974,94.925
2018-12-13 23:00:00,24.765,108.547,56.35,357.491,78.694
2018-12-14 00:00:00,22.521,96.806,50.066,322.573,69.776
2018-12-14 01:00:00,21.972,92.808,45.585,303.765,65.996
2018-12-14 02:00:00,22.034,89.73,44.375,298.854,68.625
2018-12-14 03:00:00,22.391,88.115,45.92,296.172,66.446
2018-12-14 04:00:00,23.654,93.079,46.948,306.103,67.203
2018-12-14 05:00:00,26.245,108.898,50.35,339.397,75.306
2018-12-14 06:00:00,29.454,125.032,57.302,405.289,91.083
2018-12-14 07:00:00,40.026,132.893,63.155,440.373,99.225
2018-12-14 08:00:00,38.826,139.272,66.056,451.772,100.227
2018-12-14 09:00:00,30.71,136.069,62.367,454.36,96.421
2018-12-14 10:00:00,29.745,134.101,60.59,447.347,95.019
2018-12-14 11:00:00,29.227,130.944,61.076,427.637,97.614
2018-12-14 12:00:00,26.183,126.982,58.498,420.76,100.666
2018-12-14 13:00:00,23.849,120.677,54.619,406.696,90.956
2018-12-14 14:00:00,24.631,115.008,51.15,388.437,86.108
2018-12-14 15:00:00,25.546,117.485,51.65,391.1,88.359
2018-12-14 16:00:00,31.082,128.231,53.992,431.241,93.156
2018-12-14 17:00:00,37.836,138.549,62.588,463.556,107.847
2018-12-14 18:00:00,39.266,144.143,66.83,484.917,111.039
2018-12-14 19:00:00,37.45,139.744,67.571,483.993,106.082
2018-12-14 20:00:00,36.932,135.288,66.16,444.842,102.893
2018-12-14 21:00:00,31.45,129.435,58.597,407.438,92.604
2018-12-14 22:00:00,24.682,116.406,50.902,352.3,82.059
2018-12-14 23:00:00,21.276,95.434,44.254,299.948,71.992
2018-12-15 00:00:00,17.92,77.343,37.59,265.256,58.0
2018-12-15 01:00:00,15.73,68.973,34.012,243.272,52.828
2018-12-15 02:00:00,14.148,67.369,32.831,236.809,55.306
2018-12-15 03:00:00,14.524,67.148,32.262,232.574,53.465
2018-12-15 04:00:00,15.421,68.274,32.953,234.555,53.5
2018-12-15 05:00:00,16.063,76.034,34.193,245.226,56.224
2018-12-15 06:00:00,18.897,85.294,40.093,268.512,64.463
2018-12-15 07:00:00,26.82,92.847,45.724,297.011,69.316
2018-12-15 08:00:00,30.933,112.382,51.711,338.699,83.597
2018-12-15 09:00:00,32.599,119.469,57.004,369.257,92.455
2018-12-15 10:00:00,33.88,121.504,62.733,386.651,96.636
2018-12-15 11:00:00,32.775,122.985,59.832,383.44,93.082
2018-12-15 12:00:00,33.051,117.25,54.259,378.378,94.591
2018-12-15 13:00:00,29.432,112.761,51.829,375.221,90.034
2018-12-15 14:00:00,27.577,114.598,51.614,383.907,86.587
2018-12-15 15:00:00,29.977,123.66,53.705,384.68,89.868
2018-12-15 16:00:00,33.422,132.932,60.622,412.476,104.275
2018-12-15 17:00:00,32.663,147.22,65.071,454.952,110.132
2018-12-15 18:00:00,34.274,149.418,65.681,464.968,109.552
2018-12-15 19:00:00,33.047,142.586,64.225,458.548,108.447
2018-12-15 20:00:00,32.444,137.072,68.611,435.067,101.59
2018-12-15 21:00:00,30.037,125.029,62.399,405.527,96.303
2018-12-15 22:00:00,27.161,108.449,52.151,356.384,87.213
2018-12-15 23:00:00,21.132,89.587,45.706,312.289,79.19
2018-12-16 00:00:00,18.248,78.373,40.335,274.129,67.75
2018-12-16 01:00:00,17.094,73.208,38.354,260.706,60.291
2018-12-16 02:00:00,16.326,72.602,38.558,256.901,68.002
2018-12-16 03:00:00,16.934,73.435,37.687,251.831,69.275
2018-12-16 04:00:00,17.516,75.893,36.72,260.883,65.66
2018-12-16 05:00:00,18.027,85.408,37.706,271.543,67.98
2018-12-16 06:00:00,22.212,94.437,42.621,294.576,81.029
2018-12-16 07:00:00,30.55,101.784,48.81,315.078,86.101
2018-12-16 08:00:00,33.738,112.419,57.712,349.384,100.565
2018-12-16 09:00:00,33.458,124.009,63.352,379.945,112.933
2018-12-16 10:00:00,34.277,132.281,69.391,389.073,106.636
2018-12-16 11:00:00,36.789,128.607,66.451,395.673,106.792
2018-12-16 12:00:00,35.991,126.721,69.393,413.101,104.52
2018-12-16 13:00:00,34.248,127.399,60.571,404.759,101.61
2018-12-16 14:00:00,32.537,127.714,57.336,393.745,102.823
2018-12-16 15:00:00,33.558,130.546,62.507,395.923,105.121
2018-12-16 16:00:00,34.078,141.843,67.789,436.843,117.161
2018-12-16 17:00:00,40.955,150.991,66.833,473.15,123.083
2018-12-16 18:00:00,41.164,156.921,68.045,483.127,126.777
2018-12-16 19:00:00,37.253,153.674,70.306,470.234,121.522
2018-12-16 20:00:00,33.847,144.644,70.44,451.043,115.286
2018-12-16 21:00:00,32.561,128.368,61.096,426.682,106.989
2018-12-16 22:00:00,30.45,113.83,55.834,377.2,93.198
2018-12-16 23:00:00,22.146,96.975,52.864,334.717,85.59
2018-12-17 00:00:00,21.842,88.721,48.393,305.692,78.52
2018-12-17 01:00:00,19.857,86.248,44.951,288.787,75.474
2018-12-17 02:00:00,18.604,82.946,42.499,281.763,74.806
2018-12-17 03:00:00,19.096,81.03,41.23,277.399,69.596
2018-12-17 04:00:00,20.184,84.166,42.305,292.244,70.329
2018-12-17 05:00:00,23.064,94.845,47.463,318.707,77.826
2018-12-17 06:00:00,26.437,108.187,54.49,369.014,95.302
2018-12-17 07:00:00,35.566,123.696,58.864,406.955,108.698
2018-12-17 08:00:00,36.226,135.89,62.761,438.249,115.147
2018-12-17 09:00:00,32.314,137.239,65.156,455.23,109.782
2018-12-17 10:00:00,29.441,137.23,64.399,471.888,102.489
2018-12-17 11:00:00,28.992,140.736,63.421,472.946,100.414
2018-12-17 12:00:00,29.329,145.555,63.158,457.442,106.596
2018-12-17 13:00:00,30.435,129.93,62.531,448.149,101.302
2018-12-17 14:00:00,28.167,127.542,60.836,435.549,96.939
2018-12-17 15:00:00,28.301,128.793,60.416,432.442,98.214
2018-12-17 16:00:00,29.347,137.828,65.713,477.805,115.087
2018-12-17 17:00:00,38.138,153.525,71.906,499.437,134.979
2018-12-17 18:00:00,41.535,154.814,72.709,517.751,134.966
2018-12-17 19:00:00,40.239,154.903,71.588,505.137,129.636
2018-12-17 20:00:00,36.552,145.083,69.217,481.638,125.164
2018-12-17 21:00:00,33.404,134.017,66.639,434.886,110.365
2018-12-17 22:00:00,27.797,117.354,58.727,380.181,105.697
2018-12-17 23:00:00,23.046,99.316,52.99,330.731,86.338
2018-12-18 00:00:00,21.627,90.096,49.077,304.009,72.264
2018-12-18 01:00:00,19.715,86.804,49.519,297.366,78.871
2018-12-18 02:00:00,20.711,87.344,50.165,308.399,84.334
2018-12-18 03:00:00,22.604,89.842,51.872,313.142,89.454
2018-12-18 04:00:00,24.76,95.113,55.402,327.603,95.9
2018-12-18 05:00:00,28.874,115.666,63.67,364.726,102.606
2018-12-18 06:00:00,34.013,136.025,69.937,431.653,122.503
2018-12-18 07:00:00,43.954,150.411,75.725,479.92,142.016
2018-12-18 08:00:00,44.56,160.234,80.321,498.437,149.669
2018-12-18 09:00:00,38.277,158.671,80.044,519.282,141.811
2018-12-18 10:00:00,36.19,155.207,79.849,526.619,139.783
2018-12-18 11:00:00,36.0,157.005,76.739,506.07,132.324
2018-12-18 12:00:00,35.848,145.851,73.052,508.682,132.654
2018-12-18 13:00:00,30.264,141.145,70.19,485.605,123.394
2018-12-18 14:00:00,30.436,132.424,67.858,458.41,119.518
2018-12-18 15:00:00,28.213,129.73,67.512,450.714,118.286
2018-12-18 16:00:00,33.162,148.133,73.145,495.272,128.654
2018-12-18 17:00:00,43.685,164.937,76.737,532.267,140.684
2018-12-18 18:00:00,45.125,174.052,80.502,546.02,146.406
2018-12-18 19:00:00,43.348,164.711,80.753,548.705,142.967
2018-12-18 20:00:00,43.474,157.655,77.639,528.055,133.556
2018-12-18 21:00:00,42.383,148.932,74.576,493.689,127.664
2018-12-18 22:00:00,32.282,130.281,69.782,448.486,121.069
2018-12-18 23:00:00,27.265,113.204,63.27,397.061,113.341
2018-12-19 00:00:00,26.444,104.973,56.665,363.79,100.552
2018-12-19 01:00:00,24.611,101.775,56.546,350.422,97.663
2018-12-19 02:00:00,25.137,99.768,54.032,345.817,97.246
2018-12-19 03:00:00,25.612,98.578,55.087,341.928,92.726
2018-12-19 04:00:00,26.407,101.472,55.367,351.454,93.555
2018-12-19 05:00:00,29.468,116.072,57.313,373.06,103.912
2018-12-19 06:00:00,32.962,130.717,65.567,428.404,122.528
2018-12-19 07:00:00,42.795,139.612,71.203,475.862,134.604
2018-12-19 08:00:00,44.749,152.653,71.994,497.739,129.631
2018-12-19 09:00:00,35.266,151.865,68.703,498.817,127.751
2018-12-19 10:00:00,33.215,147.763,68.714,488.734,124.734
2018-12-19 11:00:00,31.62,140.687,69.431,468.369,118.226
2018-12-19 12:00:00,29.701,134.245,67.474,453.318,117.698
2018-12-19 13:00:00,25.525,125.824,60.427,437.916,113.046
2018-12-19 14:00:00,24.089,120.654,56.769,408.701,103.969
2018-12-19 15:00:00,25.44,120.0,54.749,397.69,99.664
2018-12-19 16:00:00,29.47,136.089,60.436,445.325,115.253
2018-12-19 17:00:00,38.541,154.739,66.138,484.981,129.244
2018-12-19 18:00:00,42.155,163.731,71.003,511.025,135.536
2018-12-19 19:00:00,42.518,157.011,71.453,497.83,128.856
2018-12-19 20:00:00,41.277,147.305,65.53,475.527,119.685
2018-12-19 21:00:00,34.11,133.43,62.28,446.278,109.593
2018-12-19 22:00:00,27.51,117.415,56.832,398.526,97.666
2018-12-19 23:00:00,23.88,105.535,51.212,351.764,84.931
2018-12-20 00:00:00,21.158,93.836,46.936,314.988,76.294
2018-12-20 01:00:00,19.803,90.228,42.595,293.222,72.134
2018-12-20 02:00:00,20.825,88.095,40.827,292.604,70.363
2018-12-20 03:00:00,21.405,87.242,41.162,289.46,66.432
2018-12-20 04:00:00,22.402,90.474,42.98,293.504,66.812
2018-12-20 05:00:00,25.231,107.181,46.059,323.33,76.549
2018-12-20 06:00:00,31.112,123.82,52.188,387.048,93.108
2018-12-20 07:00:00,42.184,135.608,59.531,421.43,104.205
2018-12-20 08:00:00,43.538,141.439,58.604,446.952,102.84
2018-12-20 09:00:00,31.166,137.029,57.143,451.101,101.648
2018-12-20 10:00:00,30.906,133.79,54.315,433.782,95.08
2018-12-20 11:00:00,28.147,129.806,57.435,425.914,94.549
2018-12-20 12:00:00,27.33,129.052,57.009,419.817,96.342
2018-12-20 13:00:00,23.966,120.411,50.712,403.47,88.853
2018-12-20 14:00:00,23.568,118.161,49.616,381.226,85.405
2018-12-20 15:00:00,25.891,116.562,49.361,381.418,84.04
2018-12-20 16:00:00,29.038,130.931,53.576,418.023,96.008
2018-12-20 17:00:00,35.521,141.168,62.92,449.046,105.682
2018-12-20 18:00:00,34.901,148.515,68.451,469.139,106.807
2018-12-20 19:00:00,35.337,146.825,64.142,470.519,105.175
2018-12-20 20:00:00,32.113,135.176,61.146,442.928,98.969
2018-12-20 21:00:00,28.123,123.227,56.617,405.476,94.609
2018-12-20 22:00:00,24.154,110.802,54.064,361.866,80.365
2018-12-20 23:00:00,22.149,89.892,45.389,309.305,64.846
2018-12-21 00:00:00,17.544,79.173,40.152,264.023,57.787
2018-12-21 01:00:00,15.757,73.964,34.756,244.522,52.371
2018-12-21 02:00:00,14.845,70.926,33.315,241.651,53.339
2018-12-21 03:00:00,14.753,69.886,33.822,238.939,50.871
2018-12-21 04:00:00,14.898,69.972,36.307,238.683,52.048
2018-12-21 05:00:00,16.112,77.249,37.028,261.35,58.319
2018-12-21 06:00:00,19.983,92.569,44.438,314.643,72.475
2018-12-21 07:00:00,30.069,106.194,49.829,357.739,82.711
2018-12-21 08:00:00,29.169,119.701,52.776,387.532,89.758
2018-12-21 09:00:00,29.821,121.84,55.975,408.981,94.089
2018-12-21 10:00:00,30.288,121.371,58.551,409.883,96.978
2018-12-21 11:00:00,26.862,124.535,55.223,405.956,92.033
2018-12-21 12:00:00,25.643,128.431,54.088,406.821,96.24
2018-12-21 13:00:00,25.592,120.96,52.559,404.532,95.055
2018-12-21 14:00:00,24.771,119.544,54.302,374.441,89.624
2018-12-21 15:00:00,25.016,122.673,52.55,381.564,92.51
2018-12-21 16:00:00,26.731,129.472,57.926,407.388,96.327
2018-12-21 17:00:00,30.937,133.737,62.807,430.256,100.276
2018-12-21 18:00:00,32.741,136.821,60.821,453.604,99.032
2018-12-21 19:00:00,33.438,136.307,62.43,442.561,96.163
2018-12-21 20:00:00,31.325,133.766,58.081,411.523,90.494
2018-12-21 21:00:00,31.495,120.177,53.187,375.33,91.252
2018-12-21 22:00:00,25.726,99.255,46.157,322.138,81.745
2018-12-21 23:00:00,18.056,86.768,40.135,265.855,64.257
2018-12-22 00:00:00,16.127,71.154,35.055,235.757,53.244
2018-12-22 01:00:00,13.499,62.935,30.95,219.272,48.883
2018-12-22 02:00:00,13.095,61.178,29.852,211.943,51.489
2018-12-22 03:00:00,14.442,62.397,30.845,208.872,50.61
2018-12-22 04:00:00,14.071,62.678,31.577,212.326,50.314
2018-12-22 05:00:00,15.065,67.326,33.729,226.474,54.101
2018-12-22 06:00:00,17.204,76.225,36.939,255.75,62.983
2018-12-22 07:00:00,23.64,87.429,40.764,292.726,73.582
2018-12-22 08:00:00,25.966,105.359,50.724,318.5,86.578
2018-12-22 09:00:00,28.909,114.553,60.099,348.105,90.6
2018-12-22 10:00:00,29.965,122.993,60.388,373.851,97.089
2018-12-22 11:00:00,29.813,122.045,60.432,382.052,99.72
2018-12-22 12:00:00,33.499,127.624,61.38,408.179,100.844
2018-12-22 13:00:00,32.712,128.361,61.224,395.693,98.167
2018-12-22 14:00:00,31.202,127.421,64.334,394.865,98.643
2018-12-22 15:00:00,31.686,126.217,65.004,408.978,98.922
2018-12-22 16:00:00,36.253,144.759,71.13,445.215,113.488
2018-12-22 17:00:00,43.929,157.933,71.806,488.179,117.629
2018-12-22 18:00:00,38.769,163.742,73.861,504.65,120.102
2018-12-22 19:00:00,38.157,158.192,77.337,502.362,119.943
2018-12-22 20:00:00,35.461,144.095,70.709,478.283,118.887
2018-12-22 21:00:00,35.36,133.426,64.432,437.554,107.764
2018-12-22 22:00:00,28.543,112.83,61.703,389.852,100.091
2018-12-22 23:00:00,23.089,98.066,51.974,335.552,86.79
2018-12-23 00:00:00,19.589,83.005,44.969,297.918,79.086
2018-12-23 01:00:00,17.767,79.506,43.006,283.152,73.108
2018-12-23 02:00:00,17.768,78.347,40.026,278.668,74.139
2018-12-23 03:00:00,18.783,78.684,40.405,276.789,75.037
2018-12-23 04:00:00,19.296,80.742,42.803,283.882,74.349
2018-12-23 05:00:00,20.984,92.302,45.343,299.566,74.679
2018-12-23 06:00:00,23.899,106.41,50.83,332.575,83.508
2018-12-23 07:00:00,33.748,112.103,55.672,361.076,87.918
2018-12-23 08:00:00,33.992,122.686,59.643,385.916,94.807
2018-12-23 09:00:00,32.646,119.651,65.196,398.606,95.155
2018-12-23 10:00:00,34.482,130.747,67.024,398.984,94.88
2018-12-23 11:00:00,35.134,124.757,66.255,386.677,97.578
2018-12-23 12:00:00,32.068,120.617,58.546,381.379,93.306
2018-12-23 13:00:00,33.202,115.461,59.884,373.621,92.607
2018-12-23 14:00:00,32.533,121.85,57.496,361.656,90.84
2018-12-23 15:00:00,28.968,126.93,55.01,375.713,89.696
2018-12-23 16:00:00,36.714,141.228,61.238,425.474,100.333
2018-12-23 17:00:00,38.464,147.357,64.813,464.51,107.926
2018-12-23 18:00:00,36.941,152.024,69.908,492.926,112.29
2018-12-23 19:00:00,37.895,151.504,69.274,490.12,115.634
2018-12-23 20:00:00,37.04,142.8,68.137,462.48,110.237
2018-12-23 21:00:00,34.699,134.551,65.522,428.181,104.508
2018-12-23 22:00:00,29.905,121.159,56.786,391.206,92.181
2018-12-23 23:00:00,26.565,99.435,51.61,346.214,82.073
2018-12-24 00:00:00,21.977,91.275,47.83,316.756,75.02
2018-12-24 01:00:00,18.917,86.115,46.21,300.968,71.009
2018-12-24 02:00:00,18.565,83.79,43.779,292.426,73.491
2018-12-24 03:00:00,19.179,82.998,43.982,290.63,74.047
2018-12-24 04:00:00,20.149,82.899,45.141,297.223,74.102
2018-12-24 05:00:00,22.482,99.461,48.824,318.944,84.423
2018-12-24 06:00:00,28.069,115.235,54.671,380.474,98.856
2018-12-24 07:00:00,39.41,131.702,60.44,425.458,112.627
2018-12-24 08:00:00,36.579,141.0,64.265,450.334,120.233
2018-12-24 09:00:00,30.081,139.618,64.134,459.241,113.878
2018-12-24 10:00:00,34.044,146.859,64.496,464.204,118.298
2018-12-24 11:00:00,34.334,140.065,64.155,462.329,114.918
2018-12-24 12:00:00,31.155,141.231,63.578,470.748,119.219
2018-12-24 13:00:00,31.392,136.858,65.683,458.976,110.936
2018-12-24 14:00:00,31.889,133.85,61.074,441.32,109.001
2018-12-24 15:00:00,31.357,136.06,61.948,442.993,111.624
2018-12-24 16:00:00,33.235,145.508,66.516,472.291,114.266
2018-12-24 17:00:00,43.664,154.084,73.231,515.268,126.844
2018-12-24 18:00:00,42.594,163.393,75.347,540.528,130.688
2018-12-24 19:00:00,41.531,157.173,71.702,528.481,120.548
2018-12-24 20:00:00,36.882,148.809,67.33,499.309,116.646
2018-12-24 21:00:00,36.39,134.686,65.34,454.353,107.4
2018-12-24 22:00:00,33.956,121.43,58.652,405.364,97.308
2018-12-24 23:00:00,25.202,103.809,50.625,358.93,87.383
2018-12-25 00:00:00,21.993,91.515,47.658,319.176,76.674
2018-12-25 01:00:00,19.034,86.314,44.304,298.957,71.431
2018-12-25 02:00:00,19.409,85.624,43.57,292.248,75.386
2018-12-25 03:00:00,20.426,85.453,43.546,291.449,75.303
2018-12-25 04:00:00,21.558,88.634,44.885,305.474,74.579
2018-12-25 05:00:00,25.008,101.788,48.047,332.588,82.363
2018-12-25 06:00:00,29.6,115.368,54.448,378.036,97.704
2018-12-25 07:00:00,38.106,128.613,62.105,420.228,108.356
2018-12-25 08:00:00,37.816,135.002,70.077,430.823,105.52
2018-12-25 09:00:00,35.14,136.942,66.792,449.338,108.27
2018-12-25 10:00:00,31.794,136.416,61.914,460.129,111.455
2018-12-25 11:00:00,30.942,135.171,62.422,458.378,106.86
2018-12-25 12:00:00,29.15,134.497,60.305,444.789,107.407
2018-12-25 13:00:00,27.259,126.793,56.69,429.09,97.525
2018-12-25 14:00:00,26.673,121.36,52.995,410.782,92.948
2018-12-25 15:00:00,27.302,120.497,51.42,405.387,91.678
2018-12-25 16:00:00,32.056,132.662,56.791,451.455,105.439
2018-12-25 17:00:00,42.401,149.483,65.873,493.452,121.433
2018-12-25 18:00:00,42.744,158.946,73.137,518.383,131.019
2018-12-25 19:00:00,40.842,154.693,73.511,523.56,126.481
2018-12-25 20:00:00,40.216,142.984,68.876,488.415,122.007
2018-12-25 21:00:00,38.349,144.812,70.871,453.221,115.087
2018-12-25 22:00:00,32.409,124.249,64.26,414.726,107.743
2018-12-25 23:00:00,25.149,111.001,58.725,367.116,96.663
2018-12-26 00:00:00,24.506,99.109,53.975,344.272,87.783
2018-12-26 01:00:00,22.63,92.819,52.806,330.935,87.642
2018-12-26 02:00:00,23.252,91.811,51.124,328.228,89.051
2018-12-26 03:00:00,23.047,91.04,50.798,328.02,88.069
2018-12-26 04:00:00,24.122,93.645,52.685,337.19,88.628
2018-12-26 05:00:00,27.016,109.789,56.349,362.048,97.179
2018-12-26 06:00:00,30.825,127.285,63.7,413.367,110.965
2018-12-26 07:00:00,41.763,141.807,67.863,464.19,122.236
2018-12-26 08:00:00,43.427,148.235,69.874,484.023,124.828
2018-12-26 09:00:00,32.329,148.01,69.054,484.548,117.5
2018-12-26 10:00:00,31.502,146.684,70.272,480.958,114.058
2018-12-26 11:00:00,30.963,142.723,68.091,484.16,116.578
2018-12-26 12:00:00,29.989,138.543,65.463,461.553,114.87
2018-12-26 13:00:00,30.223,129.905,61.765,444.938,108.37
2018-12-26 14:00:00,30.476,123.573,55.018,427.534,103.735
2018-12-26 15:00:00,28.931,125.41,55.461,426.858,99.985
2018-12-26 16:00:00,30.377,136.324,60.993,461.183,112.694
2018-12-26 17:00:00,40.055,149.368,71.512,496.177,129.948
2018-12-26 18:00:00,41.911,156.49,72.101,512.508,131.691
2018-12-26 19:00:00,40.041,151.832,69.531,506.072,124.544
2018-12-26 20:00:00,38.868,147.752,67.088,471.591,120.068
2018-12-26 21:00:00,37.795,137.655,66.083,434.06,108.297
2018-12-26 22:00:00,27.241,124.602,60.012,388.779,99.984
2018-12-26 23:00:00,22.314,106.303,51.685,350.986,86.423
2018-12-27 00:00:00,22.116,91.13,48.728,311.744,72.503
2018-12-27 01:00:00,19.032,85.649,44.146,292.165,68.566
2018-12-27 02:00:00,18.82,83.053,41.504,278.948,70.361
2018-12-27 03:00:00,18.894,80.2,43.097,278.258,68.03
2018-12-27 04:00:00,20.174,82.258,43.689,286.146,71.33
2018-12-27 05:00:00,22.372,95.447,46.882,307.979,83.034
2018-12-27 06:00:00,26.398,109.497,54.366,368.068,97.201
2018-12-27 07:00:00,37.919,128.707,64.533,418.386,109.884
2018-12-27 08:00:00,36.495,133.977,70.994,442.204,113.555
2018-12-27 09:00:00,29.497,134.78,67.56,462.488,108.957
2018-12-27 10:00:00,29.121,135.96,69.756,471.672,103.855
2018-12-27 11:00:00,29.805,135.795,67.077,455.79,101.201
2018-12-27 12:00:00,29.87,129.651,61.532,449.876,105.667
2018-12-27 13:00:00,25.531,124.127,57.579,431.654,95.964
2018-12-27 14:00:00,24.785,117.928,52.973,405.774,94.726
2018-12-27 15:00:00,25.298,118.452,55.124,399.884,95.92
2018-12-27 16:00:00,30.428,130.511,57.83,449.424,109.142
2018-12-27 17:00:00,43.03,146.753,66.474,501.644,121.794
2018-12-27 18:00:00,43.664,152.754,72.728,517.005,132.303
2018-12-27 19:00:00,41.175,157.341,73.305,507.704,124.111
2018-12-27 20:00:00,40.248,144.348,69.97,488.698,114.287
2018-12-27 21:00:00,36.443,133.086,67.024,449.78,105.654
2018-12-27 22:00:00,27.825,121.851,59.406,408.51,97.055
2018-12-27 23:00:00,23.136,101.97,53.088,356.926,87.503
2018-12-28 00:00:00,20.921,90.998,46.979,317.783,79.503
2018-12-28 01:00:00,18.137,85.459,44.143,297.09,74.933
2018-12-28 02:00:00,18.168,79.698,42.041,294.891,77.076
2018-12-28 03:00:00,17.884,77.488,42.136,288.592,76.078
2018-12-28 04:00:00,18.311,78.782,42.122,289.966,72.027
2018-12-28 05:00:00,21.257,88.474,44.915,308.807,79.278
2018-12-28 06:00:00,23.148,104.521,50.617,351.018,91.372
2018-12-28 07:00:00,33.19,118.051,57.911,391.677,100.65
2018-12-28 08:00:00,33.45,131.36,58.741,417.588,108.193
2018-12-28 09:00:00,28.593,137.116,61.991,437.338,111.745
2018-12-28 10:00:00,29.764,137.258,63.91,444.186,109.624
2018-12-28 11:00:00,29.718,131.994,62.081,444.063,109.577
2018-12-28 12:00:00,26.895,132.351,59.379,436.287,110.796
2018-12-28 13:00:00,27.537,130.174,57.775,425.191,102.298
2018-12-28 14:00:00,29.899,122.998,56.009,403.411,97.963
2018-12-28 15:00:00,26.345,119.079,57.765,390.476,98.988
2018-12-28 16:00:00,26.893,126.873,64.246,420.2,109.228
2018-12-28 17:00:00,34.077,139.395,65.165,462.281,108.904
2018-12-28 18:00:00,36.386,141.954,65.804,462.084,109.207
2018-12-28 19:00:00,36.312,132.088,62.576,446.45,108.173
2018-12-28 20:00:00,32.818,128.291,58.214,408.255,102.554
2018-12-28 21:00:00,26.096,118.676,61.252,376.002,93.961
2018-12-28 22:00:00,21.18,98.951,49.72,320.781,81.202
2018-12-28 23:00:00,17.573,83.72,38.954,271.919,65.266
2018-12-29 00:00:00,14.955,70.554,34.339,235.048,55.267
2018-12-29 01:00:00,13.468,64.6,32.35,220.275,51.021
2018-12-29 02:00:00,13.282,61.154,29.817,212.724,53.553
2018-12-29 03:00:00,13.045,61.676,29.24,211.797,52.033
2018-12-29 04:00:00,14.19,62.197,30.463,214.588,51.074
2018-12-29 05:00:00,15.437,67.57,33.462,228.678,55.03
2018-12-29 06:00:00,19.347,75.967,38.735,259.654,65.275
2018-12-29 07:00:00,26.831,89.878,47.156,294.693,74.836
2018-12-29 08:00:00,27.258,100.738,50.193,322.823,81.734
2018-12-29 09:00:00,28.462,110.986,51.756,351.184,85.712
2018-12-29 10:00:00,28.12,113.471,55.471,362.837,91.522
2018-12-29 11:00:00,28.154,117.464,56.611,375.072,84.702
2018-12-29 12:00:00,26.875,124.572,54.861,365.61,85.098
2018-12-29 13:00:00,27.009,121.187,52.04,358.127,80.585
2018-12-29 14:00:00,26.489,110.619,53.103,357.36,81.948
2018-12-29 15:00:00,26.721,117.107,55.571,375.303,91.314
2018-12-29 16:00:00,31.764,129.899,60.982,401.821,95.658
2018-12-29 17:00:00,38.356,144.835,65.534,459.268,110.686
2018-12-29 18:00:00,42.496,149.125,68.195,483.082,112.967
2018-12-29 19:00:00,40.737,150.011,68.427,472.086,105.731
2018-12-29 20:00:00,33.321,140.535,71.785,452.777,101.164
2018-12-29 21:00:00,31.557,137.664,63.664,424.344,97.847
2018-12-29 22:00:00,30.316,115.204,56.834,378.106,92.819
2018-12-29 23:00:00,22.83,95.903,49.642,332.567,85.186
2018-12-30 00:00:00,20.137,82.7,45.847,298.416,78.126
2018-12-30 01:00:00,17.973,80.52,43.764,281.525,72.041
2018-12-30 02:00:00,18.809,80.701,42.84,283.333,76.7
2018-12-30 03:00:00,19.669,81.817,43.141,287.63,74.936
2018-12-30 04:00:00,21.306,83.669,45.644,296.569,74.397
2018-12-30 05:00:00,22.236,97.137,47.045,311.215,80.303
2018-12-30 06:00:00,25.04,107.692,53.889,344.584,92.982
2018-12-30 07:00:00,35.992,115.847,58.721,370.572,99.176
2018-12-30 08:00:00,39.717,126.789,63.822,396.772,106.383
2018-12-30 09:00:00,37.098,133.093,68.153,419.799,109.956
2018-12-30 10:00:00,36.019,128.182,67.912,416.563,110.01
2018-12-30 11:00:00,33.353,127.478,62.657,408.234,107.234
2018-12-30 12:00:00,32.232,122.668,62.453,412.203,103.831
2018-12-30 13:00:00,33.117,119.347,60.159,381.861,102.67
2018-12-30 14:00:00,30.339,118.333,54.303,372.68,93.568
2018-12-30 15:00:00,29.776,123.482,57.021,372.914,98.492
2018-12-30 16:00:00,32.903,135.115,60.763,402.207,108.318
2018-12-30 17:00:00,38.755,145.186,67.347,462.558,117.833
2018-12-30 18:00:00,38.958,157.406,77.744,491.462,125.122
2018-12-30 19:00:00,39.625,153.529,74.938,486.581,124.709
2018-12-30 20:00:00,40.841,142.511,70.033,466.592,118.011
2018-12-30 21:00:00,36.33,138.409,70.459,440.463,113.754
2018-12-30 22:00:00,28.708,126.267,65.427,397.66,108.166
2018-12-30 23:00:00,24.623,102.891,55.332,349.676,91.09
2018-12-31 00:00:00,22.257,93.152,51.47,320.792,83.014
2018-12-31 01:00:00,20.316,91.908,49.728,301.99,80.315
2018-12-31 02:00:00,20.11,89.116,48.19,298.904,82.423
2018-12-31 03:00:00,21.069,87.234,48.411,297.829,82.082
2018-12-31 04:00:00,21.836,87.855,50.192,310.951,82.441
2018-12-31 05:00:00,23.487,102.748,52.963,338.376,89.147
2018-12-31 06:00:00,29.967,121.521,58.026,392.167,103.99
2018-12-31 07:00:00,42.046,132.937,67.118,436.869,112.003
2018-12-31 08:00:00,39.83,138.431,70.781,457.707,107.371
2018-12-31 09:00:00,33.598,140.054,69.13,459.216,105.107
2018-12-31 10:00:00,34.836,139.653,66.549,460.58,98.472
2018-12-31 11:00:00,30.832,137.385,65.078,450.751,96.122
2018-12-31 12:00:00,28.333,133.973,63.194,448.317,99.488
2018-12-31 13:00:00,26.91,126.388,61.254,431.281,97.145
2018-12-31 14:00:00,27.516,125.011,59.673,406.976,98.41
2018-12-31 15:00:00,27.801,123.673,55.886,404.679,100.656
2018-12-31 16:00:00,29.402,136.83,63.474,447.934,106.316
2018-12-31 17:00:00,38.58,150.514,68.4,494.203,124.153
2018-12-31 18:00:00,40.075,149.059,67.356,510.421,127.992
2018-12-31 19:00:00,38.633,155.101,69.299,497.675,127.893
2018-12-31 20:00:00,37.055,146.962,66.916,463.879,120.498
2018-12-31 21:00:00,34.483,140.98,66.111,425.164,107.488
2018-12-31 22:00:00,28.922,126.529,57.622,388.39,95.609
2018-12-31 23:00:00,22.812,104.931,49.91,325.312,88.122
