timestamp,dqcjr6
2018-01-01 00:00:00,405.166
2018-01-01 01:00:00,545.844
2018-01-01 02:00:00,570.139
2018-01-01 03:00:00,595.394
2018-01-01 04:00:00,606.071
2018-01-01 05:00:00,629.929
2018-01-01 06:00:00,649.623
2018-01-01 07:00:00,633.275
2018-01-01 08:00:00,589.812
2018-01-01 09:00:00,537.059
2018-01-01 10:00:00,506.384
2018-01-01 11:00:00,479.716
2018-01-01 12:00:00,466.627
2018-01-01 13:00:00,451.11
2018-01-01 14:00:00,459.732
2018-01-01 15:00:00,476.717
2018-01-01 16:00:00,478.306
2018-01-01 17:00:00,481.037
2018-01-01 18:00:00,489.539
2018-01-01 19:00:00,549.188
2018-01-01 20:00:00,581.797
2018-01-01 21:00:00,613.382
2018-01-01 22:00:00,647.24
2018-01-01 23:00:00,591.485
2018-01-02 00:00:00,553.227
2018-01-02 01:00:00,570.1
2018-01-02 02:00:00,588.06
2018-01-02 03:00:00,611.395
2018-01-02 04:00:00,624.126
2018-01-02 05:00:00,634.095
2018-01-02 06:00:00,663.938
2018-01-02 07:00:00,684.77
2018-01-02 08:00:00,648.639
2018-01-02 09:00:00,601.201
2018-01-02 10:00:00,569.551
2018-01-02 11:00:00,510.89
2018-01-02 12:00:00,436.387
2018-01-02 13:00:00,407.875
2018-01-02 14:00:00,367.539
2018-01-02 15:00:00,336.861
2018-01-02 16:00:00,348.126
2018-01-02 17:00:00,369.67
2018-01-02 18:00:00,382.915
2018-01-02 19:00:00,412.823
2018-01-02 20:00:00,413.578
2018-01-02 21:00:00,404.33
2018-01-02 22:00:00,411.514
2018-01-02 23:00:00,420.249
2018-01-03 00:00:00,431.74
2018-01-03 01:00:00,448.052
2018-01-03 02:00:00,476.904
2018-01-03 03:00:00,523.197
2018-01-03 04:00:00,536.463
2018-01-03 05:00:00,561.91
2018-01-03 06:00:00,579.485
2018-01-03 07:00:00,576.755
2018-01-03 08:00:00,519.961
2018-01-03 09:00:00,463.13
2018-01-03 10:00:00,423.349
2018-01-03 11:00:00,380.793
2018-01-03 12:00:00,323.663
2018-01-03 13:00:00,279.816
2018-01-03 14:00:00,247.236
2018-01-03 15:00:00,233.663
2018-01-03 16:00:00,245.006
2018-01-03 17:00:00,261.112
2018-01-03 18:00:00,277.541
2018-01-03 19:00:00,272.014
2018-01-03 20:00:00,275.772
2018-01-03 21:00:00,283.736
2018-01-03 22:00:00,291.919
2018-01-03 23:00:00,314.992
2018-01-04 00:00:00,352.424
2018-01-04 01:00:00,372.919
2018-01-04 02:00:00,404.028
2018-01-04 03:00:00,466.996
2018-01-04 04:00:00,539.722
2018-01-04 05:00:00,567.132
2018-01-04 06:00:00,617.353
2018-01-04 07:00:00,599.949
2018-01-04 08:00:00,598.313
2018-01-04 09:00:00,615.86
2018-01-04 10:00:00,605.847
2018-01-04 11:00:00,591.932
2018-01-04 12:00:00,610.585
2018-01-04 13:00:00,637.117
2018-01-04 14:00:00,577.59
2018-01-04 15:00:00,530.473
2018-01-04 16:00:00,538.079
2018-01-04 17:00:00,583.547
2018-01-04 18:00:00,585.861
2018-01-04 19:00:00,571.297
2018-01-04 20:00:00,644.609
2018-01-04 21:00:00,631.226
2018-01-04 22:00:00,572.825
2018-01-04 23:00:00,591.197
2018-01-05 00:00:00,663.906
2018-01-05 01:00:00,697.62
2018-01-05 02:00:00,720.138
2018-01-05 03:00:00,767.454
2018-01-05 04:00:00,791.003
2018-01-05 05:00:00,782.507
2018-01-05 06:00:00,797.052
2018-01-05 07:00:00,761.756
2018-01-05 08:00:00,705.12
2018-01-05 09:00:00,710.593
2018-01-05 10:00:00,710.989
2018-01-05 11:00:00,688.877
2018-01-05 12:00:00,610.489
2018-01-05 13:00:00,539.259
2018-01-05 14:00:00,541.142
2018-01-05 15:00:00,593.456
2018-01-05 16:00:00,626.716
2018-01-05 17:00:00,605.815
2018-01-05 18:00:00,571.907
2018-01-05 19:00:00,572.691
2018-01-05 20:00:00,568.321
2018-01-05 21:00:00,578.687
2018-01-05 22:00:00,591.241
2018-01-05 23:00:00,593.124
2018-01-06 00:00:00,598.352
2018-01-06 01:00:00,598.046
2018-01-06 02:00:00,624.506
2018-01-06 03:00:00,665.911
2018-01-06 04:00:00,693.081
2018-01-06 05:00:00,751.117
2018-01-06 06:00:00,798.446
2018-01-06 07:00:00,774.576
2018-01-06 08:00:00,730.525
2018-01-06 09:00:00,667.636
2018-01-06 10:00:00,634.034
2018-01-06 11:00:00,659.4
2018-01-06 12:00:00,672.308
2018-01-06 13:00:00,612.579
2018-01-06 14:00:00,582.75
2018-01-06 15:00:00,561.817
2018-01-06 16:00:00,586.545
2018-01-06 17:00:00,596.949
2018-01-06 18:00:00,576.747
2018-01-06 19:00:00,586.408
2018-01-06 20:00:00,592.793
2018-01-06 21:00:00,601.838
2018-01-06 22:00:00,607.314
2018-01-06 23:00:00,641.487
2018-01-07 00:00:00,645.9
2018-01-07 01:00:00,646.797
2018-01-07 02:00:00,679.132
2018-01-07 03:00:00,681.434
2018-01-07 04:00:00,683.11
2018-01-07 05:00:00,724.077
2018-01-07 06:00:00,762.724
2018-01-07 07:00:00,763.406
2018-01-07 08:00:00,698.325
2018-01-07 09:00:00,613.232
2018-01-07 10:00:00,563.565
2018-01-07 11:00:00,510.951
2018-01-07 12:00:00,453.62
2018-01-07 13:00:00,431.688
2018-01-07 14:00:00,417.993
2018-01-07 15:00:00,409.616
2018-01-07 16:00:00,434.203
2018-01-07 17:00:00,461.105
2018-01-07 18:00:00,466.837
2018-01-07 19:00:00,472.675
2018-01-07 20:00:00,491.635
2018-01-07 21:00:00,493.569
2018-01-07 22:00:00,486.316
2018-01-07 23:00:00,493.275
2018-01-08 00:00:00,502.469
2018-01-08 01:00:00,510.958
2018-01-08 02:00:00,522.559
2018-01-08 03:00:00,528.267
2018-01-08 04:00:00,534.555
2018-01-08 05:00:00,542.135
2018-01-08 06:00:00,561.424
2018-01-08 07:00:00,558.538
2018-01-08 08:00:00,532.074
2018-01-08 09:00:00,471.858
2018-01-08 10:00:00,418.979
2018-01-08 11:00:00,369.647
2018-01-08 12:00:00,318.492
2018-01-08 13:00:00,292.002
2018-01-08 14:00:00,271.876
2018-01-08 15:00:00,282.543
2018-01-08 16:00:00,288.533
2018-01-08 17:00:00,293.885
2018-01-08 18:00:00,275.121
2018-01-08 19:00:00,251.714
2018-01-08 20:00:00,237.782
2018-01-08 21:00:00,221.792
2018-01-08 22:00:00,232.017
2018-01-08 23:00:00,235.61
2018-01-09 00:00:00,226.254
2018-01-09 01:00:00,228.177
2018-01-09 02:00:00,256.47
2018-01-09 03:00:00,289.499
2018-01-09 04:00:00,294.501
2018-01-09 05:00:00,302.683
2018-01-09 06:00:00,319.342
2018-01-09 07:00:00,331.352
2018-01-09 08:00:00,313.649
2018-01-09 09:00:00,305.579
2018-01-09 10:00:00,292.418
2018-01-09 11:00:00,255.2
2018-01-09 12:00:00,212.979
2018-01-09 13:00:00,153.596
2018-01-09 14:00:00,114.872
2018-01-09 15:00:00,94.546
2018-01-09 16:00:00,96.488
2018-01-09 17:00:00,109.534
2018-01-09 18:00:00,123.223
2018-01-09 19:00:00,150.096
2018-01-09 20:00:00,154.443
2018-01-09 21:00:00,159.3
2018-01-09 22:00:00,192.515
2018-01-09 23:00:00,210.43
2018-01-10 00:00:00,231.744
2018-01-10 01:00:00,258.112
2018-01-10 02:00:00,280.489
2018-01-10 03:00:00,281.102
2018-01-10 04:00:00,268.717
2018-01-10 05:00:00,296.804
2018-01-10 06:00:00,342.115
2018-01-10 07:00:00,319.335
2018-01-10 08:00:00,290.424
2018-01-10 09:00:00,249.27
2018-01-10 10:00:00,228.904
2018-01-10 11:00:00,208.921
2018-01-10 12:00:00,184.291
2018-01-10 13:00:00,177.836
2018-01-10 14:00:00,168.373
2018-01-10 15:00:00,162.147
2018-01-10 16:00:00,160.841
2018-01-10 17:00:00,167.36
2018-01-10 18:00:00,173.132
2018-01-10 19:00:00,166.003
2018-01-10 20:00:00,163.326
2018-01-10 21:00:00,157.086
2018-01-10 22:00:00,155.899
2018-01-10 23:00:00,159.045
2018-01-11 00:00:00,168.122
2018-01-11 01:00:00,168.124
2018-01-11 02:00:00,178.186
2018-01-11 03:00:00,193.161
2018-01-11 04:00:00,189.389
2018-01-11 05:00:00,194.014
2018-01-11 06:00:00,216.22
2018-01-11 07:00:00,206.006
2018-01-11 08:00:00,191.785
2018-01-11 09:00:00,161.824
2018-01-11 10:00:00,125.451
2018-01-11 11:00:00,106.57
2018-01-11 12:00:00,83.763
2018-01-11 13:00:00,54.599
2018-01-11 14:00:00,36.856
2018-01-11 15:00:00,27.701
2018-01-11 16:00:00,32.669
2018-01-11 17:00:00,33.781
2018-01-11 18:00:00,34.206
2018-01-11 19:00:00,34.441
2018-01-11 20:00:00,33.824
2018-01-11 21:00:00,31.881
2018-01-11 22:00:00,33.0
2018-01-11 23:00:00,36.98
2018-01-12 00:00:00,37.407
2018-01-12 01:00:00,36.536
2018-01-12 02:00:00,41.783
2018-01-12 03:00:00,47.454
2018-01-12 04:00:00,50.27
2018-01-12 05:00:00,49.4
2018-01-12 06:00:00,52.772
2018-01-12 07:00:00,48.353
2018-01-12 08:00:00,42.58
2018-01-12 09:00:00,39.756
2018-01-12 10:00:00,37.559
2018-01-12 11:00:00,33.734
2018-01-12 12:00:00,34.378
2018-01-12 13:00:00,32.141
2018-01-12 14:00:00,28.239
2018-01-12 15:00:00,20.803
2018-01-12 16:00:00,21.082
2018-01-12 17:00:00,19.908
2018-01-12 18:00:00,17.512
2018-01-12 19:00:00,17.084
2018-01-12 20:00:00,18.453
2018-01-12 21:00:00,18.698
2018-01-12 22:00:00,20.797
2018-01-12 23:00:00,22.268
2018-01-13 00:00:00,25.857
2018-01-13 01:00:00,41.529
2018-01-13 02:00:00,67.031
2018-01-13 03:00:00,70.095
2018-01-13 04:00:00,98.05
2018-01-13 05:00:00,147.601
2018-01-13 06:00:00,215.27
2018-01-13 07:00:00,269.149
2018-01-13 08:00:00,329.596
2018-01-13 09:00:00,360.858
2018-01-13 10:00:00,339.374
2018-01-13 11:00:00,321.868
2018-01-13 12:00:00,272.153
2018-01-13 13:00:00,256.327
2018-01-13 14:00:00,266.58
2018-01-13 15:00:00,250.23
2018-01-13 16:00:00,256.803
2018-01-13 17:00:00,335.099
2018-01-13 18:00:00,351.54
2018-01-13 19:00:00,342.709
2018-01-13 20:00:00,390.899
2018-01-13 21:00:00,438.194
2018-01-13 22:00:00,478.814
2018-01-13 23:00:00,516.29
2018-01-14 00:00:00,531.637
2018-01-14 01:00:00,553.192
2018-01-14 02:00:00,552.001
2018-01-14 03:00:00,551.128
2018-01-14 04:00:00,577.143
2018-01-14 05:00:00,612.167
2018-01-14 06:00:00,640.59
2018-01-14 07:00:00,644.508
2018-01-14 08:00:00,596.591
2018-01-14 09:00:00,540.611
2018-01-14 10:00:00,516.443
2018-01-14 11:00:00,457.958
2018-01-14 12:00:00,377.188
2018-01-14 13:00:00,349.558
2018-01-14 14:00:00,313.027
2018-01-14 15:00:00,304.916
2018-01-14 16:00:00,327.791
2018-01-14 17:00:00,357.527
2018-01-14 18:00:00,365.409
2018-01-14 19:00:00,396.876
2018-01-14 20:00:00,402.589
2018-01-14 21:00:00,406.728
2018-01-14 22:00:00,423.442
2018-01-14 23:00:00,437.556
2018-01-15 00:00:00,454.639
2018-01-15 01:00:00,474.562
2018-01-15 02:00:00,500.996
2018-01-15 03:00:00,523.744
2018-01-15 04:00:00,533.004
2018-01-15 05:00:00,545.2
2018-01-15 06:00:00,582.217
2018-01-15 07:00:00,597.763
2018-01-15 08:00:00,539.799
2018-01-15 09:00:00,483.677
2018-01-15 10:00:00,443.28
2018-01-15 11:00:00,384.63
2018-01-15 12:00:00,353.472
2018-01-15 13:00:00,321.607
2018-01-15 14:00:00,288.169
2018-01-15 15:00:00,272.249
2018-01-15 16:00:00,277.306
2018-01-15 17:00:00,290.602
2018-01-15 18:00:00,297.165
2018-01-15 19:00:00,300.763
2018-01-15 20:00:00,290.679
2018-01-15 21:00:00,280.805
2018-01-15 22:00:00,296.174
2018-01-15 23:00:00,297.247
2018-01-16 00:00:00,291.287
2018-01-16 01:00:00,290.044
2018-01-16 02:00:00,310.823
2018-01-16 03:00:00,323.113
2018-01-16 04:00:00,324.884
2018-01-16 05:00:00,333.746
2018-01-16 06:00:00,361.597
2018-01-16 07:00:00,363.497
2018-01-16 08:00:00,342.311
2018-01-16 09:00:00,310.549
2018-01-16 10:00:00,281.261
2018-01-16 11:00:00,254.133
2018-01-16 12:00:00,219.268
2018-01-16 13:00:00,192.992
2018-01-16 14:00:00,163.707
2018-01-16 15:00:00,138.047
2018-01-16 16:00:00,144.543
2018-01-16 17:00:00,155.464
2018-01-16 18:00:00,169.13
2018-01-16 19:00:00,168.985
2018-01-16 20:00:00,166.343
2018-01-16 21:00:00,174.419
2018-01-16 22:00:00,189.332
2018-01-16 23:00:00,201.28
2018-01-17 00:00:00,231.928
2018-01-17 01:00:00,250.344
2018-01-17 02:00:00,282.538
2018-01-17 03:00:00,314.153
2018-01-17 04:00:00,320.686
2018-01-17 05:00:00,377.947
2018-01-17 06:00:00,477.86
2018-01-17 07:00:00,498.368
2018-01-17 08:00:00,503.478
2018-01-17 09:00:00,504.861
2018-01-17 10:00:00,519.179
2018-01-17 11:00:00,509.218
2018-01-17 12:00:00,471.354
2018-01-17 13:00:00,486.216
2018-01-17 14:00:00,466.923
2018-01-17 15:00:00,468.275
2018-01-17 16:00:00,532.5
2018-01-17 17:00:00,513.803
2018-01-17 18:00:00,483.685
2018-01-17 19:00:00,498.415
2018-01-17 20:00:00,493.805
2018-01-17 21:00:00,500.102
2018-01-17 22:00:00,536.804
2018-01-17 23:00:00,543.096
2018-01-18 00:00:00,528.517
2018-01-18 01:00:00,532.241
2018-01-18 02:00:00,559.4
2018-01-18 03:00:00,578.709
2018-01-18 04:00:00,534.732
2018-01-18 05:00:00,542.022
2018-01-18 06:00:00,553.6
2018-01-18 07:00:00,543.461
2018-01-18 08:00:00,506.522
2018-01-18 09:00:00,432.451
2018-01-18 10:00:00,369.313
2018-01-18 11:00:00,300.031
2018-01-18 12:00:00,229.651
2018-01-18 13:00:00,184.517
2018-01-18 14:00:00,153.754
2018-01-18 15:00:00,140.812
2018-01-18 16:00:00,127.276
2018-01-18 17:00:00,132.249
2018-01-18 18:00:00,134.724
2018-01-18 19:00:00,147.106
2018-01-18 20:00:00,154.995
2018-01-18 21:00:00,147.978
2018-01-18 22:00:00,162.724
2018-01-18 23:00:00,198.872
2018-01-19 00:00:00,271.369
2018-01-19 01:00:00,275.898
2018-01-19 02:00:00,303.142
2018-01-19 03:00:00,315.764
2018-01-19 04:00:00,322.639
2018-01-19 05:00:00,337.441
2018-01-19 06:00:00,356.805
2018-01-19 07:00:00,355.313
2018-01-19 08:00:00,323.009
2018-01-19 09:00:00,264.021
2018-01-19 10:00:00,187.18
2018-01-19 11:00:00,147.76
2018-01-19 12:00:00,116.254
2018-01-19 13:00:00,85.446
2018-01-19 14:00:00,81.504
2018-01-19 15:00:00,83.962
2018-01-19 16:00:00,91.689
2018-01-19 17:00:00,101.647
2018-01-19 18:00:00,110.63
2018-01-19 19:00:00,130.298
2018-01-19 20:00:00,144.929
2018-01-19 21:00:00,156.56
2018-01-19 22:00:00,177.677
2018-01-19 23:00:00,202.802
2018-01-20 00:00:00,217.564
2018-01-20 01:00:00,215.826
2018-01-20 02:00:00,249.798
2018-01-20 03:00:00,286.204
2018-01-20 04:00:00,295.043
2018-01-20 05:00:00,314.889
2018-01-20 06:00:00,350.05
2018-01-20 07:00:00,362.884
2018-01-20 08:00:00,314.474
2018-01-20 09:00:00,245.865
2018-01-20 10:00:00,197.649
2018-01-20 11:00:00,152.966
2018-01-20 12:00:00,114.334
2018-01-20 13:00:00,84.929
2018-01-20 14:00:00,47.22
2018-01-20 15:00:00,29.105
2018-01-20 16:00:00,25.735
2018-01-20 17:00:00,34.449
2018-01-20 18:00:00,58.82
2018-01-20 19:00:00,63.627
2018-01-20 20:00:00,75.396
2018-01-20 21:00:00,109.174
2018-01-20 22:00:00,136.865
2018-01-20 23:00:00,140.556
2018-01-21 00:00:00,155.13
2018-01-21 01:00:00,170.603
2018-01-21 02:00:00,181.538
2018-01-21 03:00:00,203.794
2018-01-21 04:00:00,225.205
2018-01-21 05:00:00,242.519
2018-01-21 06:00:00,265.157
2018-01-21 07:00:00,257.912
2018-01-21 08:00:00,231.945
2018-01-21 09:00:00,192.893
2018-01-21 10:00:00,155.648
2018-01-21 11:00:00,137.698
2018-01-21 12:00:00,95.949
2018-01-21 13:00:00,57.31
2018-01-21 14:00:00,41.186
2018-01-21 15:00:00,35.23
2018-01-21 16:00:00,39.725
2018-01-21 17:00:00,39.884
2018-01-21 18:00:00,41.307
2018-01-21 19:00:00,40.926
2018-01-21 20:00:00,48.127
2018-01-21 21:00:00,53.383
2018-01-21 22:00:00,70.24
2018-01-21 23:00:00,74.247
2018-01-22 00:00:00,74.195
2018-01-22 01:00:00,79.938
2018-01-22 02:00:00,87.155
2018-01-22 03:00:00,94.017
2018-01-22 04:00:00,87.142
2018-01-22 05:00:00,88.119
2018-01-22 06:00:00,96.921
2018-01-22 07:00:00,94.352
2018-01-22 08:00:00,87.187
2018-01-22 09:00:00,76.745
2018-01-22 10:00:00,65.113
2018-01-22 11:00:00,53.314
2018-01-22 12:00:00,39.519
2018-01-22 13:00:00,31.169
2018-01-22 14:00:00,22.828
2018-01-22 15:00:00,20.741
2018-01-22 16:00:00,30.366
2018-01-22 17:00:00,31.318
2018-01-22 18:00:00,29.094
2018-01-22 19:00:00,28.659
2018-01-22 20:00:00,33.705
2018-01-22 21:00:00,41.22
2018-01-22 22:00:00,49.071
2018-01-22 23:00:00,57.565
2018-01-23 00:00:00,60.161
2018-01-23 01:00:00,56.062
2018-01-23 02:00:00,64.577
2018-01-23 03:00:00,74.19
2018-01-23 04:00:00,75.611
2018-01-23 05:00:00,75.635
2018-01-23 06:00:00,81.284
2018-01-23 07:00:00,83.098
2018-01-23 08:00:00,67.638
2018-01-23 09:00:00,48.829
2018-01-23 10:00:00,33.147
2018-01-23 11:00:00,22.819
2018-01-23 12:00:00,16.428
2018-01-23 13:00:00,13.482
2018-01-23 14:00:00,17.158
2018-01-23 15:00:00,23.5
2018-01-23 16:00:00,20.667
2018-01-23 17:00:00,26.181
2018-01-23 18:00:00,29.697
2018-01-23 19:00:00,31.366
2018-01-23 20:00:00,38.495
2018-01-23 21:00:00,48.853
2018-01-23 22:00:00,60.532
2018-01-23 23:00:00,65.32
2018-01-24 00:00:00,75.703
2018-01-24 01:00:00,87.936
2018-01-24 02:00:00,101.046
2018-01-24 03:00:00,111.785
2018-01-24 04:00:00,111.329
2018-01-24 05:00:00,124.484
2018-01-24 06:00:00,148.935
2018-01-24 07:00:00,149.558
2018-01-24 08:00:00,149.142
2018-01-24 09:00:00,157.459
2018-01-24 10:00:00,160.98
2018-01-24 11:00:00,136.44
2018-01-24 12:00:00,136.043
2018-01-24 13:00:00,159.721
2018-01-24 14:00:00,132.247
2018-01-24 15:00:00,118.058
2018-01-24 16:00:00,147.34
2018-01-24 17:00:00,187.227
2018-01-24 18:00:00,240.721
2018-01-24 19:00:00,245.791
2018-01-24 20:00:00,240.231
2018-01-24 21:00:00,230.151
2018-01-24 22:00:00,219.664
2018-01-24 23:00:00,212.063
2018-01-25 00:00:00,205.151
2018-01-25 01:00:00,214.483
2018-01-25 02:00:00,238.933
2018-01-25 03:00:00,257.756
2018-01-25 04:00:00,262.859
2018-01-25 05:00:00,275.647
2018-01-25 06:00:00,309.119
2018-01-25 07:00:00,333.988
2018-01-25 08:00:00,307.861
2018-01-25 09:00:00,294.148
2018-01-25 10:00:00,298.397
2018-01-25 11:00:00,261.012
2018-01-25 12:00:00,212.166
2018-01-25 13:00:00,183.133
2018-01-25 14:00:00,143.719
2018-01-25 15:00:00,121.283
2018-01-25 16:00:00,123.725
2018-01-25 17:00:00,142.492
2018-01-25 18:00:00,159.317
2018-01-25 19:00:00,164.154
2018-01-25 20:00:00,176.133
2018-01-25 21:00:00,196.564
2018-01-25 22:00:00,210.527
2018-01-25 23:00:00,212.366
2018-01-26 00:00:00,226.243
2018-01-26 01:00:00,239.999
2018-01-26 02:00:00,263.56
2018-01-26 03:00:00,284.589
2018-01-26 04:00:00,301.867
2018-01-26 05:00:00,319.105
2018-01-26 06:00:00,353.415
2018-01-26 07:00:00,356.14
2018-01-26 08:00:00,299.797
2018-01-26 09:00:00,240.088
2018-01-26 10:00:00,200.313
2018-01-26 11:00:00,171.407
2018-01-26 12:00:00,137.052
2018-01-26 13:00:00,111.431
2018-01-26 14:00:00,85.398
2018-01-26 15:00:00,71.402
2018-01-26 16:00:00,78.454
2018-01-26 17:00:00,92.588
2018-01-26 18:00:00,114.363
2018-01-26 19:00:00,124.8
2018-01-26 20:00:00,132.693
2018-01-26 21:00:00,140.119
2018-01-26 22:00:00,155.298
2018-01-26 23:00:00,165.395
2018-01-27 00:00:00,176.666
2018-01-27 01:00:00,181.001
2018-01-27 02:00:00,192.167
2018-01-27 03:00:00,206.195
2018-01-27 04:00:00,211.253
2018-01-27 05:00:00,227.635
2018-01-27 06:00:00,258.019
2018-01-27 07:00:00,246.184
2018-01-27 08:00:00,215.185
2018-01-27 09:00:00,158.868
2018-01-27 10:00:00,106.286
2018-01-27 11:00:00,86.626
2018-01-27 12:00:00,58.279
2018-01-27 13:00:00,34.417
2018-01-27 14:00:00,27.474
2018-01-27 15:00:00,25.714
2018-01-27 16:00:00,24.195
2018-01-27 17:00:00,25.491
2018-01-27 18:00:00,28.025
2018-01-27 19:00:00,27.176
2018-01-27 20:00:00,34.209
2018-01-27 21:00:00,37.175
2018-01-27 22:00:00,39.061
2018-01-27 23:00:00,44.497
2018-01-28 00:00:00,47.88
2018-01-28 01:00:00,50.284
2018-01-28 02:00:00,64.416
2018-01-28 03:00:00,80.454
2018-01-28 04:00:00,89.891
2018-01-28 05:00:00,99.626
2018-01-28 06:00:00,101.927
2018-01-28 07:00:00,96.337
2018-01-28 08:00:00,93.127
2018-01-28 09:00:00,94.114
2018-01-28 10:00:00,92.703
2018-01-28 11:00:00,86.695
2018-01-28 12:00:00,77.144
2018-01-28 13:00:00,72.32
2018-01-28 14:00:00,73.92
2018-01-28 15:00:00,81.201
2018-01-28 16:00:00,83.963
2018-01-28 17:00:00,78.671
2018-01-28 18:00:00,76.396
2018-01-28 19:00:00,71.395
2018-01-28 20:00:00,74.562
2018-01-28 21:00:00,81.843
2018-01-28 22:00:00,92.48
2018-01-28 23:00:00,98.266
2018-01-29 00:00:00,99.267
2018-01-29 01:00:00,105.488
2018-01-29 02:00:00,117.183
2018-01-29 03:00:00,125.079
2018-01-29 04:00:00,129.543
2018-01-29 05:00:00,137.041
2018-01-29 06:00:00,161.162
2018-01-29 07:00:00,158.507
2018-01-29 08:00:00,163.309
2018-01-29 09:00:00,183.097
2018-01-29 10:00:00,189.539
2018-01-29 11:00:00,190.558
2018-01-29 12:00:00,184.926
2018-01-29 13:00:00,171.025
2018-01-29 14:00:00,174.779
2018-01-29 15:00:00,175.417
2018-01-29 16:00:00,154.565
2018-01-29 17:00:00,155.514
2018-01-29 18:00:00,156.364
2018-01-29 19:00:00,143.706
2018-01-29 20:00:00,141.359
2018-01-29 21:00:00,141.954
2018-01-29 22:00:00,150.774
2018-01-29 23:00:00,154.634
2018-01-30 00:00:00,158.556
2018-01-30 01:00:00,165.626
2018-01-30 02:00:00,182.991
2018-01-30 03:00:00,201.082
2018-01-30 04:00:00,212.859
2018-01-30 05:00:00,246.159
2018-01-30 06:00:00,301.823
2018-01-30 07:00:00,292.784
2018-01-30 08:00:00,314.292
2018-01-30 09:00:00,398.227
2018-01-30 10:00:00,411.679
2018-01-30 11:00:00,380.39
2018-01-30 12:00:00,333.352
2018-01-30 13:00:00,263.36
2018-01-30 14:00:00,286.115
2018-01-30 15:00:00,303.713
2018-01-30 16:00:00,320.513
2018-01-30 17:00:00,369.058
2018-01-30 18:00:00,424.397
2018-01-30 19:00:00,427.323
2018-01-30 20:00:00,418.716
2018-01-30 21:00:00,408.275
2018-01-30 22:00:00,434.299
2018-01-30 23:00:00,455.252
2018-01-31 00:00:00,461.855
2018-01-31 01:00:00,431.041
2018-01-31 02:00:00,446.07
2018-01-31 03:00:00,459.411
2018-01-31 04:00:00,458.93
2018-01-31 05:00:00,481.332
2018-01-31 06:00:00,513.731
2018-01-31 07:00:00,507.864
2018-01-31 08:00:00,459.731
2018-01-31 09:00:00,391.82
2018-01-31 10:00:00,351.238
2018-01-31 11:00:00,326.544
2018-01-31 12:00:00,306.108
2018-01-31 13:00:00,282.336
2018-01-31 14:00:00,264.055
2018-01-31 15:00:00,265.485
2018-01-31 16:00:00,260.445
2018-01-31 17:00:00,265.504
2018-01-31 18:00:00,264.915
2018-01-31 19:00:00,256.198
2018-01-31 20:00:00,264.537
2018-01-31 21:00:00,262.885
2018-01-31 22:00:00,253.867
2018-01-31 23:00:00,245.752
2018-02-01 00:00:00,228.401
2018-02-01 01:00:00,223.348
2018-02-01 02:00:00,226.466
2018-02-01 03:00:00,225.167
2018-02-01 04:00:00,230.398
2018-02-01 05:00:00,223.583
2018-02-01 06:00:00,231.996
2018-02-01 07:00:00,230.841
2018-02-01 08:00:00,229.71
2018-02-01 09:00:00,221.149
2018-02-01 10:00:00,200.984
2018-02-01 11:00:00,189.711
2018-02-01 12:00:00,165.485
2018-02-01 13:00:00,144.851
2018-02-01 14:00:00,132.429
2018-02-01 15:00:00,118.084
2018-02-01 16:00:00,113.825
2018-02-01 17:00:00,107.442
2018-02-01 18:00:00,100.301
2018-02-01 19:00:00,93.318
2018-02-01 20:00:00,96.664
2018-02-01 21:00:00,97.109
2018-02-01 22:00:00,98.919
2018-02-01 23:00:00,132.985
2018-02-02 00:00:00,168.154
2018-02-02 01:00:00,153.942
2018-02-02 02:00:00,160.427
2018-02-02 03:00:00,173.257
2018-02-02 04:00:00,192.864
2018-02-02 05:00:00,249.576
2018-02-02 06:00:00,340.74
2018-02-02 07:00:00,373.144
2018-02-02 08:00:00,383.073
2018-02-02 09:00:00,415.756
2018-02-02 10:00:00,380.032
2018-02-02 11:00:00,362.122
2018-02-02 12:00:00,378.393
2018-02-02 13:00:00,448.541
2018-02-02 14:00:00,430.351
2018-02-02 15:00:00,424.034
2018-02-02 16:00:00,402.155
2018-02-02 17:00:00,421.324
2018-02-02 18:00:00,449.62
2018-02-02 19:00:00,484.512
2018-02-02 20:00:00,439.447
2018-02-02 21:00:00,411.637
2018-02-02 22:00:00,457.765
2018-02-02 23:00:00,452.908
2018-02-03 00:00:00,447.821
2018-02-03 01:00:00,443.464
2018-02-03 02:00:00,474.575
2018-02-03 03:00:00,495.841
2018-02-03 04:00:00,505.771
2018-02-03 05:00:00,541.215
2018-02-03 06:00:00,555.324
2018-02-03 07:00:00,539.817
2018-02-03 08:00:00,507.851
2018-02-03 09:00:00,459.722
2018-02-03 10:00:00,411.48
2018-02-03 11:00:00,381.796
2018-02-03 12:00:00,362.957
2018-02-03 13:00:00,336.284
2018-02-03 14:00:00,293.137
2018-02-03 15:00:00,273.261
2018-02-03 16:00:00,280.469
2018-02-03 17:00:00,267.425
2018-02-03 18:00:00,266.173
2018-02-03 19:00:00,260.958
2018-02-03 20:00:00,266.616
2018-02-03 21:00:00,273.829
2018-02-03 22:00:00,283.816
2018-02-03 23:00:00,287.271
2018-02-04 00:00:00,298.273
2018-02-04 01:00:00,313.048
2018-02-04 02:00:00,309.084
2018-02-04 03:00:00,308.436
2018-02-04 04:00:00,314.439
2018-02-04 05:00:00,318.152
2018-02-04 06:00:00,323.754
2018-02-04 07:00:00,311.818
2018-02-04 08:00:00,302.266
2018-02-04 09:00:00,291.413
2018-02-04 10:00:00,290.432
2018-02-04 11:00:00,303.477
2018-02-04 12:00:00,298.744
2018-02-04 13:00:00,298.744
2018-02-04 14:00:00,308.584
2018-02-04 15:00:00,319.354
2018-02-04 16:00:00,329.726
2018-02-04 17:00:00,312.066
2018-02-04 18:00:00,278.46
2018-02-04 19:00:00,262.462
2018-02-04 20:00:00,251.414
2018-02-04 21:00:00,227.575
2018-02-04 22:00:00,222.987
2018-02-04 23:00:00,239.663
2018-02-05 00:00:00,260.565
2018-02-05 01:00:00,265.291
2018-02-05 02:00:00,282.596
2018-02-05 03:00:00,288.457
2018-02-05 04:00:00,271.603
2018-02-05 05:00:00,298.619
2018-02-05 06:00:00,398.903
2018-02-05 07:00:00,418.515
2018-02-05 08:00:00,383.049
2018-02-05 09:00:00,377.742
2018-02-05 10:00:00,367.657
2018-02-05 11:00:00,322.515
2018-02-05 12:00:00,299.898
2018-02-05 13:00:00,288.246
2018-02-05 14:00:00,229.075
2018-02-05 15:00:00,186.576
2018-02-05 16:00:00,165.39
2018-02-05 17:00:00,187.936
2018-02-05 18:00:00,219.463
2018-02-05 19:00:00,225.183
2018-02-05 20:00:00,235.334
2018-02-05 21:00:00,234.411
2018-02-05 22:00:00,249.912
2018-02-05 23:00:00,269.06
2018-02-06 00:00:00,278.785
2018-02-06 01:00:00,285.65
2018-02-06 02:00:00,304.335
2018-02-06 03:00:00,318.959
2018-02-06 04:00:00,325.511
2018-02-06 05:00:00,331.913
2018-02-06 06:00:00,353.668
2018-02-06 07:00:00,357.958
2018-02-06 08:00:00,337.697
2018-02-06 09:00:00,308.792
2018-02-06 10:00:00,292.737
2018-02-06 11:00:00,257.263
2018-02-06 12:00:00,225.209
2018-02-06 13:00:00,203.454
2018-02-06 14:00:00,187.574
2018-02-06 15:00:00,192.709
2018-02-06 16:00:00,210.314
2018-02-06 17:00:00,211.941
2018-02-06 18:00:00,220.77
2018-02-06 19:00:00,224.835
2018-02-06 20:00:00,224.737
2018-02-06 21:00:00,221.279
2018-02-06 22:00:00,224.743
2018-02-06 23:00:00,241.882
2018-02-07 00:00:00,251.552
2018-02-07 01:00:00,245.097
2018-02-07 02:00:00,260.265
2018-02-07 03:00:00,278.824
2018-02-07 04:00:00,290.396
2018-02-07 05:00:00,297.467
2018-02-07 06:00:00,308.706
2018-02-07 07:00:00,305.456
2018-02-07 08:00:00,302.586
2018-02-07 09:00:00,299.532
2018-02-07 10:00:00,297.242
2018-02-07 11:00:00,305.292
2018-02-07 12:00:00,296.77
2018-02-07 13:00:00,289.476
2018-02-07 14:00:00,282.544
2018-02-07 15:00:00,285.798
2018-02-07 16:00:00,290.826
2018-02-07 17:00:00,273.763
2018-02-07 18:00:00,228.702
2018-02-07 19:00:00,198.389
2018-02-07 20:00:00,212.973
2018-02-07 21:00:00,232.774
2018-02-07 22:00:00,259.089
2018-02-07 23:00:00,289.799
2018-02-08 00:00:00,343.748
2018-02-08 01:00:00,396.137
2018-02-08 02:00:00,416.559
2018-02-08 03:00:00,426.751
2018-02-08 04:00:00,440.807
2018-02-08 05:00:00,442.249
2018-02-08 06:00:00,470.224
2018-02-08 07:00:00,518.94
2018-02-08 08:00:00,433.083
2018-02-08 09:00:00,346.064
2018-02-08 10:00:00,332.687
2018-02-08 11:00:00,295.879
2018-02-08 12:00:00,254.014
2018-02-08 13:00:00,233.378
2018-02-08 14:00:00,196.639
2018-02-08 15:00:00,167.342
2018-02-08 16:00:00,162.692
2018-02-08 17:00:00,173.759
2018-02-08 18:00:00,179.948
2018-02-08 19:00:00,187.719
2018-02-08 20:00:00,205.932
2018-02-08 21:00:00,213.808
2018-02-08 22:00:00,226.345
2018-02-08 23:00:00,246.401
2018-02-09 00:00:00,265.708
2018-02-09 01:00:00,272.02
2018-02-09 02:00:00,292.82
2018-02-09 03:00:00,300.547
2018-02-09 04:00:00,307.861
2018-02-09 05:00:00,318.683
2018-02-09 06:00:00,343.588
2018-02-09 07:00:00,356.008
2018-02-09 08:00:00,323.124
2018-02-09 09:00:00,284.561
2018-02-09 10:00:00,257.058
2018-02-09 11:00:00,220.312
2018-02-09 12:00:00,184.983
2018-02-09 13:00:00,157.76
2018-02-09 14:00:00,139.524
2018-02-09 15:00:00,132.82
2018-02-09 16:00:00,131.564
2018-02-09 17:00:00,134.756
2018-02-09 18:00:00,147.261
2018-02-09 19:00:00,156.793
2018-02-09 20:00:00,160.059
2018-02-09 21:00:00,160.08
2018-02-09 22:00:00,161.425
2018-02-09 23:00:00,169.45
2018-02-10 00:00:00,179.254
2018-02-10 01:00:00,181.363
2018-02-10 02:00:00,193.321
2018-02-10 03:00:00,206.685
2018-02-10 04:00:00,209.166
2018-02-10 05:00:00,217.864
2018-02-10 06:00:00,236.597
2018-02-10 07:00:00,217.393
2018-02-10 08:00:00,206.649
2018-02-10 09:00:00,192.915
2018-02-10 10:00:00,188.112
2018-02-10 11:00:00,183.246
2018-02-10 12:00:00,175.36
2018-02-10 13:00:00,175.568
2018-02-10 14:00:00,165.352
2018-02-10 15:00:00,146.576
2018-02-10 16:00:00,140.88
2018-02-10 17:00:00,134.508
2018-02-10 18:00:00,119.13
2018-02-10 19:00:00,100.886
2018-02-10 20:00:00,105.053
2018-02-10 21:00:00,111.753
2018-02-10 22:00:00,105.131
2018-02-10 23:00:00,108.39
2018-02-11 00:00:00,107.962
2018-02-11 01:00:00,106.361
2018-02-11 02:00:00,115.36
2018-02-11 03:00:00,123.75
2018-02-11 04:00:00,122.567
2018-02-11 05:00:00,124.216
2018-02-11 06:00:00,125.698
2018-02-11 07:00:00,116.904
2018-02-11 08:00:00,118.116
2018-02-11 09:00:00,114.237
2018-02-11 10:00:00,103.161
2018-02-11 11:00:00,99.869
2018-02-11 12:00:00,86.142
2018-02-11 13:00:00,67.974
2018-02-11 14:00:00,52.376
2018-02-11 15:00:00,42.107
2018-02-11 16:00:00,37.561
2018-02-11 17:00:00,28.191
2018-02-11 18:00:00,21.641
2018-02-11 19:00:00,20.149
2018-02-11 20:00:00,23.328
2018-02-11 21:00:00,27.568
2018-02-11 22:00:00,27.093
2018-02-11 23:00:00,28.352
2018-02-12 00:00:00,30.302
2018-02-12 01:00:00,23.13
2018-02-12 02:00:00,28.03
2018-02-12 03:00:00,40.204
2018-02-12 04:00:00,46.978
2018-02-12 05:00:00,66.428
2018-02-12 06:00:00,111.82
2018-02-12 07:00:00,126.198
2018-02-12 08:00:00,153.1
2018-02-12 09:00:00,182.633
2018-02-12 10:00:00,177.883
2018-02-12 11:00:00,179.804
2018-02-12 12:00:00,163.558
2018-02-12 13:00:00,147.811
2018-02-12 14:00:00,121.079
2018-02-12 15:00:00,94.707
2018-02-12 16:00:00,93.938
2018-02-12 17:00:00,99.851
2018-02-12 18:00:00,112.428
2018-02-12 19:00:00,122.191
2018-02-12 20:00:00,132.061
2018-02-12 21:00:00,146.309
2018-02-12 22:00:00,160.744
2018-02-12 23:00:00,174.183
2018-02-13 00:00:00,186.201
2018-02-13 01:00:00,194.758
2018-02-13 02:00:00,223.31
2018-02-13 03:00:00,250.523
2018-02-13 04:00:00,258.19
2018-02-13 05:00:00,269.18
2018-02-13 06:00:00,300.529
2018-02-13 07:00:00,305.573
2018-02-13 08:00:00,277.275
2018-02-13 09:00:00,231.404
2018-02-13 10:00:00,198.668
2018-02-13 11:00:00,167.516
2018-02-13 12:00:00,136.546
2018-02-13 13:00:00,115.129
2018-02-13 14:00:00,119.927
2018-02-13 15:00:00,147.729
2018-02-13 16:00:00,169.414
2018-02-13 17:00:00,179.888
2018-02-13 18:00:00,179.254
2018-02-13 19:00:00,176.198
2018-02-13 20:00:00,173.925
2018-02-13 21:00:00,172.598
2018-02-13 22:00:00,188.843
2018-02-13 23:00:00,200.204
2018-02-14 00:00:00,206.459
2018-02-14 01:00:00,216.813
2018-02-14 02:00:00,232.156
2018-02-14 03:00:00,245.059
2018-02-14 04:00:00,255.529
2018-02-14 05:00:00,254.937
2018-02-14 06:00:00,274.575
2018-02-14 07:00:00,276.953
2018-02-14 08:00:00,245.014
2018-02-14 09:00:00,209.644
2018-02-14 10:00:00,191.523
2018-02-14 11:00:00,181.32
2018-02-14 12:00:00,164.052
2018-02-14 13:00:00,129.519
2018-02-14 14:00:00,103.234
2018-02-14 15:00:00,73.675
2018-02-14 16:00:00,68.899
2018-02-14 17:00:00,71.523
2018-02-14 18:00:00,72.775
2018-02-14 19:00:00,66.88
2018-02-14 20:00:00,67.024
2018-02-14 21:00:00,75.66
2018-02-14 22:00:00,78.258
2018-02-14 23:00:00,81.34
2018-02-15 00:00:00,90.778
2018-02-15 01:00:00,86.87
2018-02-15 02:00:00,96.311
2018-02-15 03:00:00,105.139
2018-02-15 04:00:00,105.534
2018-02-15 05:00:00,104.46
2018-02-15 06:00:00,111.552
2018-02-15 07:00:00,109.825
2018-02-15 08:00:00,94.231
2018-02-15 09:00:00,76.436
2018-02-15 10:00:00,60.009
2018-02-15 11:00:00,52.573
2018-02-15 12:00:00,47.711
2018-02-15 13:00:00,36.338
2018-02-15 14:00:00,17.722
2018-02-15 15:00:00,8.449
2018-02-15 16:00:00,8.404
2018-02-15 17:00:00,5.792
2018-02-15 18:00:00,5.552
2018-02-15 19:00:00,6.021
2018-02-15 20:00:00,5.28
2018-02-15 21:00:00,4.852
2018-02-15 22:00:00,5.059
2018-02-15 23:00:00,5.912
2018-02-16 00:00:00,6.732
2018-02-16 01:00:00,7.488
2018-02-16 02:00:00,9.598
2018-02-16 03:00:00,10.462
2018-02-16 04:00:00,11.355
2018-02-16 05:00:00,12.183
2018-02-16 06:00:00,14.58
2018-02-16 07:00:00,16.578
2018-02-16 08:00:00,21.7
2018-02-16 09:00:00,26.477
2018-02-16 10:00:00,26.135
2018-02-16 11:00:00,22.958
2018-02-16 12:00:00,17.545
2018-02-16 13:00:00,15.344
2018-02-16 14:00:00,20.995
2018-02-16 15:00:00,51.018
2018-02-16 16:00:00,59.918
2018-02-16 17:00:00,59.138
2018-02-16 18:00:00,75.213
2018-02-16 19:00:00,85.577
2018-02-16 20:00:00,91.804
2018-02-16 21:00:00,116.48
2018-02-16 22:00:00,171.144
2018-02-16 23:00:00,177.485
2018-02-17 00:00:00,171.896
2018-02-17 01:00:00,167.544
2018-02-17 02:00:00,183.22
2018-02-17 03:00:00,203.583
2018-02-17 04:00:00,227.164
2018-02-17 05:00:00,246.018
2018-02-17 06:00:00,265.281
2018-02-17 07:00:00,260.766
2018-02-17 08:00:00,231.836
2018-02-17 09:00:00,197.835
2018-02-17 10:00:00,164.561
2018-02-17 11:00:00,155.869
2018-02-17 12:00:00,155.169
2018-02-17 13:00:00,165.151
2018-02-17 14:00:00,182.918
2018-02-17 15:00:00,209.044
2018-02-17 16:00:00,233.438
2018-02-17 17:00:00,246.653
2018-02-17 18:00:00,234.091
2018-02-17 19:00:00,221.755
2018-02-17 20:00:00,217.18
2018-02-17 21:00:00,212.296
2018-02-17 22:00:00,214.867
2018-02-17 23:00:00,220.647
2018-02-18 00:00:00,227.898
2018-02-18 01:00:00,228.276
2018-02-18 02:00:00,241.099
2018-02-18 03:00:00,255.418
2018-02-18 04:00:00,267.771
2018-02-18 05:00:00,275.099
2018-02-18 06:00:00,296.804
2018-02-18 07:00:00,292.526
2018-02-18 08:00:00,272.975
2018-02-18 09:00:00,239.496
2018-02-18 10:00:00,188.487
2018-02-18 11:00:00,146.048
2018-02-18 12:00:00,115.657
2018-02-18 13:00:00,96.452
2018-02-18 14:00:00,69.138
2018-02-18 15:00:00,51.506
2018-02-18 16:00:00,46.575
2018-02-18 17:00:00,50.568
2018-02-18 18:00:00,65.14
2018-02-18 19:00:00,74.056
2018-02-18 20:00:00,85.627
2018-02-18 21:00:00,95.967
2018-02-18 22:00:00,112.61
2018-02-18 23:00:00,125.603
2018-02-19 00:00:00,143.578
2018-02-19 01:00:00,159.19
2018-02-19 02:00:00,172.22
2018-02-19 03:00:00,173.371
2018-02-19 04:00:00,175.901
2018-02-19 05:00:00,174.192
2018-02-19 06:00:00,192.555
2018-02-19 07:00:00,204.972
2018-02-19 08:00:00,191.847
2018-02-19 09:00:00,192.953
2018-02-19 10:00:00,190.948
2018-02-19 11:00:00,176.207
2018-02-19 12:00:00,173.593
2018-02-19 13:00:00,173.537
2018-02-19 14:00:00,160.859
2018-02-19 15:00:00,155.519
2018-02-19 16:00:00,140.771
2018-02-19 17:00:00,127.729
2018-02-19 18:00:00,120.636
2018-02-19 19:00:00,113.78
2018-02-19 20:00:00,109.531
2018-02-19 21:00:00,99.63
2018-02-19 22:00:00,98.623
2018-02-19 23:00:00,102.904
2018-02-20 00:00:00,106.359
2018-02-20 01:00:00,104.361
2018-02-20 02:00:00,115.178
2018-02-20 03:00:00,118.417
2018-02-20 04:00:00,111.553
2018-02-20 05:00:00,102.979
2018-02-20 06:00:00,105.502
2018-02-20 07:00:00,102.057
2018-02-20 08:00:00,82.1
2018-02-20 09:00:00,55.325
2018-02-20 10:00:00,29.956
2018-02-20 11:00:00,17.831
2018-02-20 12:00:00,9.443
2018-02-20 13:00:00,5.167
2018-02-20 14:00:00,2.468
2018-02-20 15:00:00,1.033
2018-02-20 16:00:00,1.177
2018-02-20 17:00:00,1.244
2018-02-20 18:00:00,1.468
2018-02-20 19:00:00,1.632
2018-02-20 20:00:00,1.744
2018-02-20 21:00:00,3.127
2018-02-20 22:00:00,3.664
2018-02-20 23:00:00,5.52
2018-02-21 00:00:00,8.26
2018-02-21 01:00:00,11.539
2018-02-21 02:00:00,15.276
2018-02-21 03:00:00,18.279
2018-02-21 04:00:00,20.733
2018-02-21 05:00:00,23.705
2018-02-21 06:00:00,27.989
2018-02-21 07:00:00,29.038
2018-02-21 08:00:00,20.982
2018-02-21 09:00:00,10.196
2018-02-21 10:00:00,4.668
2018-02-21 11:00:00,3.086
2018-02-21 12:00:00,1.746
2018-02-21 13:00:00,0.682
2018-02-21 14:00:00,0.237
2018-02-21 15:00:00,0.092
2018-02-21 16:00:00,0.082
2018-02-21 17:00:00,0.147
2018-02-21 18:00:00,0.167
2018-02-21 19:00:00,0.188
2018-02-21 20:00:00,0.1
2018-02-21 21:00:00,0.34
2018-02-21 22:00:00,0.058
2018-02-21 23:00:00,0.146
2018-02-22 00:00:00,0.511
2018-02-22 01:00:00,0.946
2018-02-22 02:00:00,2.155
2018-02-22 03:00:00,5.254
2018-02-22 04:00:00,12.167
2018-02-22 05:00:00,15.112
2018-02-22 06:00:00,19.452
2018-02-22 07:00:00,19.98
2018-02-22 08:00:00,26.133
2018-02-22 09:00:00,31.568
2018-02-22 10:00:00,32.034
2018-02-22 11:00:00,30.912
2018-02-22 12:00:00,32.592
2018-02-22 13:00:00,33.231
2018-02-22 14:00:00,33.312
2018-02-22 15:00:00,40.897
2018-02-22 16:00:00,61.968
2018-02-22 17:00:00,70.133
2018-02-22 18:00:00,86.091
2018-02-22 19:00:00,98.027
2018-02-22 20:00:00,108.803
2018-02-22 21:00:00,103.996
2018-02-22 22:00:00,106.905
2018-02-22 23:00:00,120.398
2018-02-23 00:00:00,124.114
2018-02-23 01:00:00,121.494
2018-02-23 02:00:00,138.499
2018-02-23 03:00:00,148.489
2018-02-23 04:00:00,149.457
2018-02-23 05:00:00,152.941
2018-02-23 06:00:00,165.822
2018-02-23 07:00:00,168.325
2018-02-23 08:00:00,163.824
2018-02-23 09:00:00,161.642
2018-02-23 10:00:00,160.976
2018-02-23 11:00:00,157.741
2018-02-23 12:00:00,146.67
2018-02-23 13:00:00,134.383
2018-02-23 14:00:00,126.492
2018-02-23 15:00:00,123.241
2018-02-23 16:00:00,121.962
2018-02-23 17:00:00,115.874
2018-02-23 18:00:00,114.742
2018-02-23 19:00:00,111.402
2018-02-23 20:00:00,106.696
2018-02-23 21:00:00,103.707
2018-02-23 22:00:00,105.203
2018-02-23 23:00:00,105.659
2018-02-24 00:00:00,102.301
2018-02-24 01:00:00,99.742
2018-02-24 02:00:00,102.521
2018-02-24 03:00:00,111.63
2018-02-24 04:00:00,118.852
2018-02-24 05:00:00,118.628
2018-02-24 06:00:00,127.538
2018-02-24 07:00:00,119.012
2018-02-24 08:00:00,115.253
2018-02-24 09:00:00,112.322
2018-02-24 10:00:00,109.654
2018-02-24 11:00:00,104.585
2018-02-24 12:00:00,96.696
2018-02-24 13:00:00,85.046
2018-02-24 14:00:00,86.834
2018-02-24 15:00:00,94.376
2018-02-24 16:00:00,97.537
2018-02-24 17:00:00,95.251
2018-02-24 18:00:00,88.74
2018-02-24 19:00:00,82.233
2018-02-24 20:00:00,77.202
2018-02-24 21:00:00,73.124
2018-02-24 22:00:00,77.481
2018-02-24 23:00:00,81.774
2018-02-25 00:00:00,86.705
2018-02-25 01:00:00,89.031
2018-02-25 02:00:00,97.349
2018-02-25 03:00:00,103.318
2018-02-25 04:00:00,109.142
2018-02-25 05:00:00,117.722
2018-02-25 06:00:00,125.023
2018-02-25 07:00:00,121.126
2018-02-25 08:00:00,118.346
2018-02-25 09:00:00,114.019
2018-02-25 10:00:00,104.035
2018-02-25 11:00:00,101.773
2018-02-25 12:00:00,96.557
2018-02-25 13:00:00,90.56
2018-02-25 14:00:00,82.794
2018-02-25 15:00:00,78.335
2018-02-25 16:00:00,82.13
2018-02-25 17:00:00,73.544
2018-02-25 18:00:00,64.488
2018-02-25 19:00:00,60.282
2018-02-25 20:00:00,58.545
2018-02-25 21:00:00,63.471
2018-02-25 22:00:00,69.592
2018-02-25 23:00:00,69.224
2018-02-26 00:00:00,78.843
2018-02-26 01:00:00,88.294
2018-02-26 02:00:00,90.304
2018-02-26 03:00:00,94.896
2018-02-26 04:00:00,94.919
2018-02-26 05:00:00,99.407
2018-02-26 06:00:00,111.762
2018-02-26 07:00:00,111.675
2018-02-26 08:00:00,110.716
2018-02-26 09:00:00,111.549
2018-02-26 10:00:00,106.27
2018-02-26 11:00:00,104.918
2018-02-26 12:00:00,108.224
2018-02-26 13:00:00,90.635
2018-02-26 14:00:00,82.385
2018-02-26 15:00:00,87.532
2018-02-26 16:00:00,92.452
2018-02-26 17:00:00,84.181
2018-02-26 18:00:00,80.891
2018-02-26 19:00:00,82.275
2018-02-26 20:00:00,85.438
2018-02-26 21:00:00,102.498
2018-02-26 22:00:00,113.539
2018-02-26 23:00:00,123.815
2018-02-27 00:00:00,128.694
2018-02-27 01:00:00,131.303
2018-02-27 02:00:00,149.308
2018-02-27 03:00:00,174.489
2018-02-27 04:00:00,178.77
2018-02-27 05:00:00,194.573
2018-02-27 06:00:00,217.579
2018-02-27 07:00:00,176.991
2018-02-27 08:00:00,136.561
2018-02-27 09:00:00,87.44
2018-02-27 10:00:00,58.445
2018-02-27 11:00:00,44.311
2018-02-27 12:00:00,31.3
2018-02-27 13:00:00,22.499
2018-02-27 14:00:00,15.694
2018-02-27 15:00:00,12.4
2018-02-27 16:00:00,12.839
2018-02-27 17:00:00,14.292
2018-02-27 18:00:00,25.739
2018-02-27 19:00:00,35.103
2018-02-27 20:00:00,42.035
2018-02-27 21:00:00,53.232
2018-02-27 22:00:00,62.874
2018-02-27 23:00:00,75.262
2018-02-28 00:00:00,90.898
2018-02-28 01:00:00,94.082
2018-02-28 02:00:00,104.937
2018-02-28 03:00:00,127.208
2018-02-28 04:00:00,153.707
2018-02-28 05:00:00,148.648
2018-02-28 06:00:00,152.151
2018-02-28 07:00:00,137.169
2018-02-28 08:00:00,135.47
2018-02-28 09:00:00,116.367
2018-02-28 10:00:00,88.805
2018-02-28 11:00:00,66.078
2018-02-28 12:00:00,48.183
2018-02-28 13:00:00,34.646
2018-02-28 14:00:00,20.62
2018-02-28 15:00:00,15.667
2018-02-28 16:00:00,14.843
2018-02-28 17:00:00,18.525
2018-02-28 18:00:00,26.88
2018-02-28 19:00:00,26.117
2018-02-28 20:00:00,27.93
2018-02-28 21:00:00,31.436
2018-02-28 22:00:00,38.553
2018-02-28 23:00:00,42.813
2018-03-01 00:00:00,46.498
2018-03-01 01:00:00,50.073
2018-03-01 02:00:00,56.476
2018-03-01 03:00:00,61.022
2018-03-01 04:00:00,64.31
2018-03-01 05:00:00,70.123
2018-03-01 06:00:00,80.518
2018-03-01 07:00:00,79.42
2018-03-01 08:00:00,76.81
2018-03-01 09:00:00,72.068
2018-03-01 10:00:00,71.216
2018-03-01 11:00:00,69.127
2018-03-01 12:00:00,64.61
2018-03-01 13:00:00,59.973
2018-03-01 14:00:00,55.645
2018-03-01 15:00:00,56.755
2018-03-01 16:00:00,62.586
2018-03-01 17:00:00,61.296
2018-03-01 18:00:00,61.02
2018-03-01 19:00:00,60.974
2018-03-01 20:00:00,59.505
2018-03-01 21:00:00,59.646
2018-03-01 22:00:00,62.52
2018-03-01 23:00:00,68.009
2018-03-02 00:00:00,72.621
2018-03-02 01:00:00,107.548
2018-03-02 02:00:00,168.216
2018-03-02 03:00:00,219.4
2018-03-02 04:00:00,246.987
2018-03-02 05:00:00,239.501
2018-03-02 06:00:00,306.761
2018-03-02 07:00:00,336.581
2018-03-02 08:00:00,333.663
2018-03-02 09:00:00,265.845
2018-03-02 10:00:00,214.889
2018-03-02 11:00:00,233.478
2018-03-02 12:00:00,270.373
2018-03-02 13:00:00,333.785
2018-03-02 14:00:00,323.796
2018-03-02 15:00:00,307.735
2018-03-02 16:00:00,278.17
2018-03-02 17:00:00,263.261
2018-03-02 18:00:00,257.71
2018-03-02 19:00:00,272.494
2018-03-02 20:00:00,272.888
2018-03-02 21:00:00,247.854
2018-03-02 22:00:00,276.716
2018-03-02 23:00:00,265.357
2018-03-03 00:00:00,254.93
2018-03-03 01:00:00,255.459
2018-03-03 02:00:00,280.521
2018-03-03 03:00:00,295.718
2018-03-03 04:00:00,288.773
2018-03-03 05:00:00,306.894
2018-03-03 06:00:00,359.684
2018-03-03 07:00:00,346.568
2018-03-03 08:00:00,307.154
2018-03-03 09:00:00,252.1
2018-03-03 10:00:00,179.019
2018-03-03 11:00:00,153.776
2018-03-03 12:00:00,130.132
2018-03-03 13:00:00,125.018
2018-03-03 14:00:00,113.482
2018-03-03 15:00:00,100.325
2018-03-03 16:00:00,88.366
2018-03-03 17:00:00,108.609
2018-03-03 18:00:00,161.191
2018-03-03 19:00:00,157.5
2018-03-03 20:00:00,170.142
2018-03-03 21:00:00,181.482
2018-03-03 22:00:00,188.381
2018-03-03 23:00:00,184.884
2018-03-04 00:00:00,186.48
2018-03-04 01:00:00,186.608
2018-03-04 02:00:00,205.413
2018-03-04 03:00:00,223.347
2018-03-04 04:00:00,243.907
2018-03-04 05:00:00,260.794
2018-03-04 06:00:00,278.874
2018-03-04 07:00:00,253.108
2018-03-04 08:00:00,222.626
2018-03-04 09:00:00,185.706
2018-03-04 10:00:00,157.424
2018-03-04 11:00:00,128.522
2018-03-04 12:00:00,98.902
2018-03-04 13:00:00,81.88
2018-03-04 14:00:00,72.708
2018-03-04 15:00:00,72.713
2018-03-04 16:00:00,80.98
2018-03-04 17:00:00,79.937
2018-03-04 18:00:00,90.487
2018-03-04 19:00:00,90.066
2018-03-04 20:00:00,103.299
2018-03-04 21:00:00,119.006
2018-03-04 22:00:00,145.392
2018-03-04 23:00:00,169.316
2018-03-05 00:00:00,211.507
2018-03-05 01:00:00,225.947
2018-03-05 02:00:00,255.398
2018-03-05 03:00:00,281.586
2018-03-05 04:00:00,287.571
2018-03-05 05:00:00,295.596
2018-03-05 06:00:00,317.212
2018-03-05 07:00:00,304.342
2018-03-05 08:00:00,279.198
2018-03-05 09:00:00,238.605
2018-03-05 10:00:00,189.097
2018-03-05 11:00:00,153.458
2018-03-05 12:00:00,121.472
2018-03-05 13:00:00,109.501
2018-03-05 14:00:00,93.709
2018-03-05 15:00:00,78.472
2018-03-05 16:00:00,80.167
2018-03-05 17:00:00,83.271
2018-03-05 18:00:00,99.836
2018-03-05 19:00:00,112.272
2018-03-05 20:00:00,116.045
2018-03-05 21:00:00,121.541
2018-03-05 22:00:00,133.977
2018-03-05 23:00:00,151.834
2018-03-06 00:00:00,167.651
2018-03-06 01:00:00,174.793
2018-03-06 02:00:00,200.275
2018-03-06 03:00:00,222.921
2018-03-06 04:00:00,230.058
2018-03-06 05:00:00,241.301
2018-03-06 06:00:00,262.531
2018-03-06 07:00:00,258.873
2018-03-06 08:00:00,240.284
2018-03-06 09:00:00,212.054
2018-03-06 10:00:00,180.053
2018-03-06 11:00:00,158.507
2018-03-06 12:00:00,141.339
2018-03-06 13:00:00,130.806
2018-03-06 14:00:00,134.327
2018-03-06 15:00:00,154.008
2018-03-06 16:00:00,173.031
2018-03-06 17:00:00,165.255
2018-03-06 18:00:00,157.773
2018-03-06 19:00:00,159.992
2018-03-06 20:00:00,177.339
2018-03-06 21:00:00,197.106
2018-03-06 22:00:00,214.111
2018-03-06 23:00:00,229.181
2018-03-07 00:00:00,238.921
2018-03-07 01:00:00,236.437
2018-03-07 02:00:00,250.185
2018-03-07 03:00:00,265.706
2018-03-07 04:00:00,269.418
2018-03-07 05:00:00,268.497
2018-03-07 06:00:00,286.975
2018-03-07 07:00:00,282.904
2018-03-07 08:00:00,266.87
2018-03-07 09:00:00,260.223
2018-03-07 10:00:00,256.524
2018-03-07 11:00:00,220.397
2018-03-07 12:00:00,192.055
2018-03-07 13:00:00,180.334
2018-03-07 14:00:00,160.803
2018-03-07 15:00:00,161.914
2018-03-07 16:00:00,146.748
2018-03-07 17:00:00,142.702
2018-03-07 18:00:00,138.119
2018-03-07 19:00:00,146.947
2018-03-07 20:00:00,149.155
2018-03-07 21:00:00,167.882
2018-03-07 22:00:00,187.266
2018-03-07 23:00:00,187.544
2018-03-08 00:00:00,194.062
2018-03-08 01:00:00,198.036
2018-03-08 02:00:00,214.588
2018-03-08 03:00:00,227.762
2018-03-08 04:00:00,243.039
2018-03-08 05:00:00,256.837
2018-03-08 06:00:00,271.59
2018-03-08 07:00:00,248.269
2018-03-08 08:00:00,225.742
2018-03-08 09:00:00,201.308
2018-03-08 10:00:00,191.783
2018-03-08 11:00:00,178.11
2018-03-08 12:00:00,157.613
2018-03-08 13:00:00,139.333
2018-03-08 14:00:00,131.186
2018-03-08 15:00:00,119.541
2018-03-08 16:00:00,124.16
2018-03-08 17:00:00,136.86
2018-03-08 18:00:00,173.911
2018-03-08 19:00:00,184.96
2018-03-08 20:00:00,192.339
2018-03-08 21:00:00,194.234
2018-03-08 22:00:00,207.11
2018-03-08 23:00:00,220.3
2018-03-09 00:00:00,233.75
2018-03-09 01:00:00,230.863
2018-03-09 02:00:00,245.62
2018-03-09 03:00:00,260.546
2018-03-09 04:00:00,266.602
2018-03-09 05:00:00,280.554
2018-03-09 06:00:00,317.414
2018-03-09 07:00:00,306.229
2018-03-09 08:00:00,260.395
2018-03-09 09:00:00,224.781
2018-03-09 10:00:00,217.275
2018-03-09 11:00:00,181.234
2018-03-09 12:00:00,160.946
2018-03-09 13:00:00,169.297
2018-03-09 14:00:00,136.021
2018-03-09 15:00:00,117.051
2018-03-09 16:00:00,132.287
2018-03-09 17:00:00,141.928
2018-03-09 18:00:00,175.476
2018-03-09 19:00:00,193.371
2018-03-09 20:00:00,182.726
2018-03-09 21:00:00,171.41
2018-03-09 22:00:00,184.806
2018-03-09 23:00:00,192.779
2018-03-10 00:00:00,197.592
2018-03-10 01:00:00,212.001
2018-03-10 02:00:00,225.825
2018-03-10 03:00:00,234.127
2018-03-10 04:00:00,246.858
2018-03-10 05:00:00,264.486
2018-03-10 06:00:00,295.091
2018-03-10 07:00:00,294.093
2018-03-10 08:00:00,262.134
2018-03-10 09:00:00,205.676
2018-03-10 10:00:00,155.521
2018-03-10 11:00:00,136.348
2018-03-10 12:00:00,124.893
2018-03-10 13:00:00,110.809
2018-03-10 14:00:00,92.191
2018-03-10 15:00:00,77.636
2018-03-10 16:00:00,78.47
2018-03-10 17:00:00,70.993
2018-03-10 18:00:00,81.719
2018-03-10 19:00:00,93.509
2018-03-10 20:00:00,95.285
2018-03-10 21:00:00,98.161
2018-03-10 22:00:00,111.754
2018-03-10 23:00:00,134.307
2018-03-11 00:00:00,156.748
2018-03-11 01:00:00,173.992
2018-03-11 02:00:00,188.561
2018-03-11 03:00:00,204.106
2018-03-11 04:00:00,220.064
2018-03-11 05:00:00,239.035
2018-03-11 06:00:00,256.228
2018-03-11 07:00:00,252.879
2018-03-11 08:00:00,208.387
2018-03-11 09:00:00,168.933
2018-03-11 10:00:00,143.612
2018-03-11 11:00:00,122.62
2018-03-11 12:00:00,97.63
2018-03-11 13:00:00,73.061
2018-03-11 14:00:00,56.76
2018-03-11 15:00:00,41.137
2018-03-11 16:00:00,32.432
2018-03-11 17:00:00,35.13
2018-03-11 18:00:00,46.753
2018-03-11 19:00:00,57.095
2018-03-11 20:00:00,74.48
2018-03-11 21:00:00,92.274
2018-03-11 22:00:00,106.414
2018-03-11 23:00:00,123.184
2018-03-12 00:00:00,142.313
2018-03-12 01:00:00,169.204
2018-03-12 02:00:00,191.487
2018-03-12 03:00:00,207.31
2018-03-12 04:00:00,228.875
2018-03-12 05:00:00,256.661
2018-03-12 06:00:00,268.205
2018-03-12 07:00:00,274.361
2018-03-12 08:00:00,273.597
2018-03-12 09:00:00,250.145
2018-03-12 10:00:00,225.527
2018-03-12 11:00:00,210.574
2018-03-12 12:00:00,183.931
2018-03-12 13:00:00,157.469
2018-03-12 14:00:00,155.7
2018-03-12 15:00:00,175.904
2018-03-12 16:00:00,185.579
2018-03-12 17:00:00,186.381
2018-03-12 18:00:00,207.391
2018-03-12 19:00:00,255.132
2018-03-12 20:00:00,246.886
2018-03-12 21:00:00,249.14
2018-03-12 22:00:00,255.927
2018-03-12 23:00:00,257.632
2018-03-13 00:00:00,269.696
2018-03-13 01:00:00,288.819
2018-03-13 02:00:00,298.295
2018-03-13 03:00:00,309.929
2018-03-13 04:00:00,345.788
2018-03-13 05:00:00,355.164
2018-03-13 06:00:00,364.609
2018-03-13 07:00:00,400.914
2018-03-13 08:00:00,351.603
2018-03-13 09:00:00,281.279
2018-03-13 10:00:00,259.088
2018-03-13 11:00:00,198.012
2018-03-13 12:00:00,153.813
2018-03-13 13:00:00,148.371
2018-03-13 14:00:00,128.718
2018-03-13 15:00:00,120.726
2018-03-13 16:00:00,140.959
2018-03-13 17:00:00,132.071
2018-03-13 18:00:00,125.056
2018-03-13 19:00:00,120.672
2018-03-13 20:00:00,135.505
2018-03-13 21:00:00,175.552
2018-03-13 22:00:00,186.414
2018-03-13 23:00:00,206.878
2018-03-14 00:00:00,224.587
2018-03-14 01:00:00,239.454
2018-03-14 02:00:00,260.954
2018-03-14 03:00:00,271.077
2018-03-14 04:00:00,277.838
2018-03-14 05:00:00,300.888
2018-03-14 06:00:00,309.908
2018-03-14 07:00:00,314.202
2018-03-14 08:00:00,316.219
2018-03-14 09:00:00,302.322
2018-03-14 10:00:00,246.768
2018-03-14 11:00:00,233.045
2018-03-14 12:00:00,237.049
2018-03-14 13:00:00,230.343
2018-03-14 14:00:00,216.544
2018-03-14 15:00:00,223.266
2018-03-14 16:00:00,225.012
2018-03-14 17:00:00,223.628
2018-03-14 18:00:00,219.796
2018-03-14 19:00:00,240.398
2018-03-14 20:00:00,253.818
2018-03-14 21:00:00,254.088
2018-03-14 22:00:00,235.699
2018-03-14 23:00:00,242.81
2018-03-15 00:00:00,231.654
2018-03-15 01:00:00,234.504
2018-03-15 02:00:00,249.11
2018-03-15 03:00:00,261.861
2018-03-15 04:00:00,293.683
2018-03-15 05:00:00,304.822
2018-03-15 06:00:00,302.036
2018-03-15 07:00:00,291.339
2018-03-15 08:00:00,245.304
2018-03-15 09:00:00,179.625
2018-03-15 10:00:00,146.078
2018-03-15 11:00:00,145.182
2018-03-15 12:00:00,121.133
2018-03-15 13:00:00,98.054
2018-03-15 14:00:00,100.245
2018-03-15 15:00:00,98.967
2018-03-15 16:00:00,74.402
2018-03-15 17:00:00,68.579
2018-03-15 18:00:00,73.335
2018-03-15 19:00:00,78.505
2018-03-15 20:00:00,91.653
2018-03-15 21:00:00,115.973
2018-03-15 22:00:00,125.71
2018-03-15 23:00:00,145.111
2018-03-16 00:00:00,162.625
2018-03-16 01:00:00,169.296
2018-03-16 02:00:00,185.533
2018-03-16 03:00:00,192.419
2018-03-16 04:00:00,198.053
2018-03-16 05:00:00,222.421
2018-03-16 06:00:00,234.716
2018-03-16 07:00:00,254.492
2018-03-16 08:00:00,290.845
2018-03-16 09:00:00,295.204
2018-03-16 10:00:00,278.155
2018-03-16 11:00:00,237.438
2018-03-16 12:00:00,190.978
2018-03-16 13:00:00,169.286
2018-03-16 14:00:00,146.391
2018-03-16 15:00:00,122.824
2018-03-16 16:00:00,111.204
2018-03-16 17:00:00,111.664
2018-03-16 18:00:00,125.462
2018-03-16 19:00:00,139.653
2018-03-16 20:00:00,139.064
2018-03-16 21:00:00,150.282
2018-03-16 22:00:00,158.234
2018-03-16 23:00:00,158.318
2018-03-17 00:00:00,168.246
2018-03-17 01:00:00,197.596
2018-03-17 02:00:00,215.056
2018-03-17 03:00:00,235.187
2018-03-17 04:00:00,247.26
2018-03-17 05:00:00,259.867
2018-03-17 06:00:00,257.132
2018-03-17 07:00:00,230.975
2018-03-17 08:00:00,206.389
2018-03-17 09:00:00,177.998
2018-03-17 10:00:00,174.443
2018-03-17 11:00:00,163.013
2018-03-17 12:00:00,152.801
2018-03-17 13:00:00,154.177
2018-03-17 14:00:00,155.402
2018-03-17 15:00:00,150.596
2018-03-17 16:00:00,141.177
2018-03-17 17:00:00,129.013
2018-03-17 18:00:00,137.115
2018-03-17 19:00:00,134.301
2018-03-17 20:00:00,144.296
2018-03-17 21:00:00,164.729
2018-03-17 22:00:00,159.344
2018-03-17 23:00:00,168.991
2018-03-18 00:00:00,169.638
2018-03-18 01:00:00,188.891
2018-03-18 02:00:00,213.859
2018-03-18 03:00:00,239.559
2018-03-18 04:00:00,245.085
2018-03-18 05:00:00,264.503
2018-03-18 06:00:00,264.992
2018-03-18 07:00:00,231.82
2018-03-18 08:00:00,194.242
2018-03-18 09:00:00,140.862
2018-03-18 10:00:00,106.349
2018-03-18 11:00:00,79.903
2018-03-18 12:00:00,52.018
2018-03-18 13:00:00,38.322
2018-03-18 14:00:00,24.173
2018-03-18 15:00:00,16.193
2018-03-18 16:00:00,10.038
2018-03-18 17:00:00,8.445
2018-03-18 18:00:00,20.009
2018-03-18 19:00:00,37.34
2018-03-18 20:00:00,32.188
2018-03-18 21:00:00,46.3
2018-03-18 22:00:00,54.726
2018-03-18 23:00:00,73.856
2018-03-19 00:00:00,102.452
2018-03-19 01:00:00,125.069
2018-03-19 02:00:00,142.498
2018-03-19 03:00:00,156.184
2018-03-19 04:00:00,156.847
2018-03-19 05:00:00,182.222
2018-03-19 06:00:00,183.448
2018-03-19 07:00:00,170.373
2018-03-19 08:00:00,138.879
2018-03-19 09:00:00,99.787
2018-03-19 10:00:00,71.778
2018-03-19 11:00:00,58.137
2018-03-19 12:00:00,45.704
2018-03-19 13:00:00,37.714
2018-03-19 14:00:00,33.802
2018-03-19 15:00:00,28.746
2018-03-19 16:00:00,19.539
2018-03-19 17:00:00,23.682
2018-03-19 18:00:00,34.187
2018-03-19 19:00:00,40.756
2018-03-19 20:00:00,45.933
2018-03-19 21:00:00,58.131
2018-03-19 22:00:00,82.205
2018-03-19 23:00:00,97.779
2018-03-20 00:00:00,117.641
2018-03-20 01:00:00,132.891
2018-03-20 02:00:00,147.441
2018-03-20 03:00:00,160.614
2018-03-20 04:00:00,168.42
2018-03-20 05:00:00,198.186
2018-03-20 06:00:00,237.174
2018-03-20 07:00:00,273.603
2018-03-20 08:00:00,288.072
2018-03-20 09:00:00,318.624
2018-03-20 10:00:00,380.851
2018-03-20 11:00:00,357.682
2018-03-20 12:00:00,335.753
2018-03-20 13:00:00,304.712
2018-03-20 14:00:00,302.4
2018-03-20 15:00:00,310.605
2018-03-20 16:00:00,302.747
2018-03-20 17:00:00,297.457
2018-03-20 18:00:00,307.621
2018-03-20 19:00:00,310.755
2018-03-20 20:00:00,294.992
2018-03-20 21:00:00,297.362
2018-03-20 22:00:00,302.527
2018-03-20 23:00:00,303.091
2018-03-21 00:00:00,327.192
2018-03-21 01:00:00,346.439
2018-03-21 02:00:00,323.312
2018-03-21 03:00:00,323.206
2018-03-21 04:00:00,339.079
2018-03-21 05:00:00,365.525
2018-03-21 06:00:00,368.198
2018-03-21 07:00:00,361.173
2018-03-21 08:00:00,361.153
2018-03-21 09:00:00,359.15
2018-03-21 10:00:00,346.89
2018-03-21 11:00:00,358.626
2018-03-21 12:00:00,355.562
2018-03-21 13:00:00,341.098
2018-03-21 14:00:00,333.173
2018-03-21 15:00:00,338.987
2018-03-21 16:00:00,336.898
2018-03-21 17:00:00,338.656
2018-03-21 18:00:00,327.575
2018-03-21 19:00:00,316.001
2018-03-21 20:00:00,301.005
2018-03-21 21:00:00,303.854
2018-03-21 22:00:00,287.536
2018-03-21 23:00:00,289.832
2018-03-22 00:00:00,277.82
2018-03-22 01:00:00,276.942
2018-03-22 02:00:00,279.799
2018-03-22 03:00:00,294.247
2018-03-22 04:00:00,320.707
2018-03-22 05:00:00,332.078
2018-03-22 06:00:00,335.549
2018-03-22 07:00:00,321.311
2018-03-22 08:00:00,287.685
2018-03-22 09:00:00,239.228
2018-03-22 10:00:00,207.121
2018-03-22 11:00:00,193.534
2018-03-22 12:00:00,171.882
2018-03-22 13:00:00,159.396
2018-03-22 14:00:00,141.027
2018-03-22 15:00:00,119.219
2018-03-22 16:00:00,101.269
2018-03-22 17:00:00,100.675
2018-03-22 18:00:00,114.383
2018-03-22 19:00:00,129.82
2018-03-22 20:00:00,131.159
2018-03-22 21:00:00,153.745
2018-03-22 22:00:00,183.988
2018-03-22 23:00:00,209.096
2018-03-23 00:00:00,229.249
2018-03-23 01:00:00,238.173
2018-03-23 02:00:00,245.426
2018-03-23 03:00:00,243.285
2018-03-23 04:00:00,247.189
2018-03-23 05:00:00,274.612
2018-03-23 06:00:00,286.445
2018-03-23 07:00:00,274.352
2018-03-23 08:00:00,245.607
2018-03-23 09:00:00,216.224
2018-03-23 10:00:00,204.872
2018-03-23 11:00:00,182.559
2018-03-23 12:00:00,133.426
2018-03-23 13:00:00,98.735
2018-03-23 14:00:00,86.362
2018-03-23 15:00:00,83.676
2018-03-23 16:00:00,81.066
2018-03-23 17:00:00,82.209
2018-03-23 18:00:00,100.593
2018-03-23 19:00:00,107.358
2018-03-23 20:00:00,124.183
2018-03-23 21:00:00,164.901
2018-03-23 22:00:00,193.284
2018-03-23 23:00:00,189.5
2018-03-24 00:00:00,196.947
2018-03-24 01:00:00,210.034
2018-03-24 02:00:00,220.634
2018-03-24 03:00:00,234.493
2018-03-24 04:00:00,256.999
2018-03-24 05:00:00,271.219
2018-03-24 06:00:00,265.391
2018-03-24 07:00:00,252.537
2018-03-24 08:00:00,212.424
2018-03-24 09:00:00,160.505
2018-03-24 10:00:00,135.054
2018-03-24 11:00:00,104.134
2018-03-24 12:00:00,76.732
2018-03-24 13:00:00,62.216
2018-03-24 14:00:00,45.406
2018-03-24 15:00:00,39.169
2018-03-24 16:00:00,42.621
2018-03-24 17:00:00,44.635
2018-03-24 18:00:00,56.429
2018-03-24 19:00:00,66.424
2018-03-24 20:00:00,64.898
2018-03-24 21:00:00,69.374
2018-03-24 22:00:00,85.047
2018-03-24 23:00:00,97.456
2018-03-25 00:00:00,112.483
2018-03-25 01:00:00,135.436
2018-03-25 02:00:00,161.812
2018-03-25 03:00:00,196.105
2018-03-25 04:00:00,240.284
2018-03-25 05:00:00,268.97
2018-03-25 06:00:00,278.753
2018-03-25 07:00:00,259.699
2018-03-25 08:00:00,243.76
2018-03-25 09:00:00,220.047
2018-03-25 10:00:00,209.331
2018-03-25 11:00:00,177.356
2018-03-25 12:00:00,138.54
2018-03-25 13:00:00,116.471
2018-03-25 14:00:00,105.46
2018-03-25 15:00:00,104.492
2018-03-25 16:00:00,111.898
2018-03-25 17:00:00,102.458
2018-03-25 18:00:00,99.746
2018-03-25 19:00:00,99.95
2018-03-25 20:00:00,109.383
2018-03-25 21:00:00,126.233
2018-03-25 22:00:00,145.864
2018-03-25 23:00:00,153.085
2018-03-26 00:00:00,161.644
2018-03-26 01:00:00,177.743
2018-03-26 02:00:00,201.051
2018-03-26 03:00:00,217.311
2018-03-26 04:00:00,231.678
2018-03-26 05:00:00,254.962
2018-03-26 06:00:00,256.474
2018-03-26 07:00:00,223.736
2018-03-26 08:00:00,190.43
2018-03-26 09:00:00,155.482
2018-03-26 10:00:00,139.333
2018-03-26 11:00:00,122.729
2018-03-26 12:00:00,101.216
2018-03-26 13:00:00,79.804
2018-03-26 14:00:00,67.198
2018-03-26 15:00:00,61.018
2018-03-26 16:00:00,61.077
2018-03-26 17:00:00,61.684
2018-03-26 18:00:00,71.792
2018-03-26 19:00:00,82.596
2018-03-26 20:00:00,95.667
2018-03-26 21:00:00,120.662
2018-03-26 22:00:00,136.219
2018-03-26 23:00:00,147.101
2018-03-27 00:00:00,161.137
2018-03-27 01:00:00,176.644
2018-03-27 02:00:00,187.53
2018-03-27 03:00:00,195.466
2018-03-27 04:00:00,201.767
2018-03-27 05:00:00,224.796
2018-03-27 06:00:00,229.324
2018-03-27 07:00:00,213.567
2018-03-27 08:00:00,190.133
2018-03-27 09:00:00,158.69
2018-03-27 10:00:00,144.219
2018-03-27 11:00:00,135.274
2018-03-27 12:00:00,118.151
2018-03-27 13:00:00,111.401
2018-03-27 14:00:00,105.727
2018-03-27 15:00:00,113.341
2018-03-27 16:00:00,116.126
2018-03-27 17:00:00,116.103
2018-03-27 18:00:00,121.626
2018-03-27 19:00:00,123.091
2018-03-27 20:00:00,125.327
2018-03-27 21:00:00,133.697
2018-03-27 22:00:00,139.119
2018-03-27 23:00:00,139.818
2018-03-28 00:00:00,140.994
2018-03-28 01:00:00,154.161
2018-03-28 02:00:00,159.174
2018-03-28 03:00:00,158.306
2018-03-28 04:00:00,158.819
2018-03-28 05:00:00,166.833
2018-03-28 06:00:00,160.417
2018-03-28 07:00:00,153.936
2018-03-28 08:00:00,136.901
2018-03-28 09:00:00,107.977
2018-03-28 10:00:00,91.169
2018-03-28 11:00:00,75.135
2018-03-28 12:00:00,54.488
2018-03-28 13:00:00,44.138
2018-03-28 14:00:00,38.724
2018-03-28 15:00:00,37.063
2018-03-28 16:00:00,30.934
2018-03-28 17:00:00,34.584
2018-03-28 18:00:00,46.208
2018-03-28 19:00:00,48.188
2018-03-28 20:00:00,48.169
2018-03-28 21:00:00,52.17
2018-03-28 22:00:00,59.147
2018-03-28 23:00:00,63.209
2018-03-29 00:00:00,66.194
2018-03-29 01:00:00,75.964
2018-03-29 02:00:00,82.941
2018-03-29 03:00:00,87.254
2018-03-29 04:00:00,90.724
2018-03-29 05:00:00,101.176
2018-03-29 06:00:00,97.173
2018-03-29 07:00:00,88.549
2018-03-29 08:00:00,79.875
2018-03-29 09:00:00,60.709
2018-03-29 10:00:00,43.463
2018-03-29 11:00:00,29.875
2018-03-29 12:00:00,15.653
2018-03-29 13:00:00,7.69
2018-03-29 14:00:00,3.617
2018-03-29 15:00:00,2.143
2018-03-29 16:00:00,1.391
2018-03-29 17:00:00,0.842
2018-03-29 18:00:00,0.651
2018-03-29 19:00:00,0.816
2018-03-29 20:00:00,1.058
2018-03-29 21:00:00,1.122
2018-03-29 22:00:00,1.847
2018-03-29 23:00:00,1.955
2018-03-30 00:00:00,1.892
2018-03-30 01:00:00,3.376
2018-03-30 02:00:00,4.984
2018-03-30 03:00:00,4.877
2018-03-30 04:00:00,6.057
2018-03-30 05:00:00,6.965
2018-03-30 06:00:00,7.053
2018-03-30 07:00:00,5.855
2018-03-30 08:00:00,3.993
2018-03-30 09:00:00,2.487
2018-03-30 10:00:00,1.661
2018-03-30 11:00:00,1.609
2018-03-30 12:00:00,2.152
2018-03-30 13:00:00,4.191
2018-03-30 14:00:00,12.385
2018-03-30 15:00:00,33.907
2018-03-30 16:00:00,37.514
2018-03-30 17:00:00,35.578
2018-03-30 18:00:00,39.865
2018-03-30 19:00:00,44.905
2018-03-30 20:00:00,47.671
2018-03-30 21:00:00,64.787
2018-03-30 22:00:00,83.557
2018-03-30 23:00:00,78.933
2018-03-31 00:00:00,85.504
2018-03-31 01:00:00,104.458
2018-03-31 02:00:00,116.284
2018-03-31 03:00:00,130.284
2018-03-31 04:00:00,141.279
2018-03-31 05:00:00,153.223
2018-03-31 06:00:00,148.443
2018-03-31 07:00:00,129.732
2018-03-31 08:00:00,96.317
2018-03-31 09:00:00,60.769
2018-03-31 10:00:00,44.449
2018-03-31 11:00:00,32.801
2018-03-31 12:00:00,21.389
2018-03-31 13:00:00,12.723
2018-03-31 14:00:00,8.01
2018-03-31 15:00:00,6.041
2018-03-31 16:00:00,4.112
2018-03-31 17:00:00,4.824
2018-03-31 18:00:00,8.247
2018-03-31 19:00:00,14.0
2018-03-31 20:00:00,24.257
2018-03-31 21:00:00,39.858
2018-03-31 22:00:00,48.267
2018-03-31 23:00:00,52.843
2018-04-01 00:00:00,60.095
2018-04-01 01:00:00,70.819
2018-04-01 02:00:00,73.605
2018-04-01 03:00:00,66.919
2018-04-01 04:00:00,60.331
2018-04-01 05:00:00,64.862
2018-04-01 06:00:00,66.148
2018-04-01 07:00:00,68.396
2018-04-01 08:00:00,63.881
2018-04-01 09:00:00,55.219
2018-04-01 10:00:00,47.563
2018-04-01 11:00:00,44.858
2018-04-01 12:00:00,36.971
2018-04-01 13:00:00,27.844
2018-04-01 14:00:00,18.743
2018-04-01 15:00:00,10.894
2018-04-01 16:00:00,5.998
2018-04-01 17:00:00,8.214
2018-04-01 18:00:00,12.159
2018-04-01 19:00:00,14.393
2018-04-01 20:00:00,18.409
2018-04-01 21:00:00,24.931
2018-04-01 22:00:00,29.264
2018-04-01 23:00:00,34.054
2018-04-02 00:00:00,39.452
2018-04-02 01:00:00,50.553
2018-04-02 02:00:00,79.474
2018-04-02 03:00:00,138.726
2018-04-02 04:00:00,159.351
2018-04-02 05:00:00,158.661
2018-04-02 06:00:00,157.421
2018-04-02 07:00:00,177.156
2018-04-02 08:00:00,160.616
2018-04-02 09:00:00,133.873
2018-04-02 10:00:00,120.632
2018-04-02 11:00:00,114.342
2018-04-02 12:00:00,97.27
2018-04-02 13:00:00,88.773
2018-04-02 14:00:00,86.835
2018-04-02 15:00:00,92.186
2018-04-02 16:00:00,91.725
2018-04-02 17:00:00,85.712
2018-04-02 18:00:00,91.175
2018-04-02 19:00:00,100.004
2018-04-02 20:00:00,98.275
2018-04-02 21:00:00,98.5
2018-04-02 22:00:00,103.795
2018-04-02 23:00:00,104.308
2018-04-03 00:00:00,110.156
2018-04-03 01:00:00,131.431
2018-04-03 02:00:00,138.183
2018-04-03 03:00:00,137.052
2018-04-03 04:00:00,138.534
2018-04-03 05:00:00,154.967
2018-04-03 06:00:00,155.047
2018-04-03 07:00:00,147.273
2018-04-03 08:00:00,140.115
2018-04-03 09:00:00,129.055
2018-04-03 10:00:00,123.682
2018-04-03 11:00:00,123.156
2018-04-03 12:00:00,110.654
2018-04-03 13:00:00,96.519
2018-04-03 14:00:00,95.318
2018-04-03 15:00:00,90.056
2018-04-03 16:00:00,69.229
2018-04-03 17:00:00,63.069
2018-04-03 18:00:00,62.936
2018-04-03 19:00:00,61.963
2018-04-03 20:00:00,55.492
2018-04-03 21:00:00,52.278
2018-04-03 22:00:00,57.218
2018-04-03 23:00:00,58.79
2018-04-04 00:00:00,62.372
2018-04-04 01:00:00,74.066
2018-04-04 02:00:00,84.35
2018-04-04 03:00:00,86.336
2018-04-04 04:00:00,84.929
2018-04-04 05:00:00,96.021
2018-04-04 06:00:00,83.314
2018-04-04 07:00:00,57.601
2018-04-04 08:00:00,39.35
2018-04-04 09:00:00,23.276
2018-04-04 10:00:00,18.593
2018-04-04 11:00:00,29.144
2018-04-04 12:00:00,36.784
2018-04-04 13:00:00,31.206
2018-04-04 14:00:00,29.032
2018-04-04 15:00:00,34.694
2018-04-04 16:00:00,35.821
2018-04-04 17:00:00,41.879
2018-04-04 18:00:00,57.218
2018-04-04 19:00:00,81.443
2018-04-04 20:00:00,84.203
2018-04-04 21:00:00,102.446
2018-04-04 22:00:00,130.917
2018-04-04 23:00:00,134.881
2018-04-05 00:00:00,137.87
2018-04-05 01:00:00,162.498
2018-04-05 02:00:00,180.502
2018-04-05 03:00:00,187.049
2018-04-05 04:00:00,193.074
2018-04-05 05:00:00,216.73
2018-04-05 06:00:00,202.068
2018-04-05 07:00:00,181.901
2018-04-05 08:00:00,169.367
2018-04-05 09:00:00,141.331
2018-04-05 10:00:00,133.54
2018-04-05 11:00:00,110.427
2018-04-05 12:00:00,79.032
2018-04-05 13:00:00,68.811
2018-04-05 14:00:00,49.389
2018-04-05 15:00:00,27.622
2018-04-05 16:00:00,19.698
2018-04-05 17:00:00,20.901
2018-04-05 18:00:00,28.143
2018-04-05 19:00:00,35.373
2018-04-05 20:00:00,35.202
2018-04-05 21:00:00,42.872
2018-04-05 22:00:00,62.085
2018-04-05 23:00:00,65.954
2018-04-06 00:00:00,71.899
2018-04-06 01:00:00,87.321
2018-04-06 02:00:00,98.251
2018-04-06 03:00:00,106.51
2018-04-06 04:00:00,113.405
2018-04-06 05:00:00,121.3
2018-04-06 06:00:00,123.698
2018-04-06 07:00:00,128.802
2018-04-06 08:00:00,125.125
2018-04-06 09:00:00,112.502
2018-04-06 10:00:00,92.477
2018-04-06 11:00:00,63.036
2018-04-06 12:00:00,35.922
2018-04-06 13:00:00,17.565
2018-04-06 14:00:00,8.313
2018-04-06 15:00:00,3.936
2018-04-06 16:00:00,2.489
2018-04-06 17:00:00,1.986
2018-04-06 18:00:00,2.139
2018-04-06 19:00:00,2.196
2018-04-06 20:00:00,2.54
2018-04-06 21:00:00,2.858
2018-04-06 22:00:00,3.795
2018-04-06 23:00:00,4.471
2018-04-07 00:00:00,7.001
2018-04-07 01:00:00,17.7
2018-04-07 02:00:00,33.744
2018-04-07 03:00:00,61.133
2018-04-07 04:00:00,88.882
2018-04-07 05:00:00,106.362
2018-04-07 06:00:00,132.189
2018-04-07 07:00:00,151.052
2018-04-07 08:00:00,165.138
2018-04-07 09:00:00,173.897
2018-04-07 10:00:00,165.703
2018-04-07 11:00:00,162.317
2018-04-07 12:00:00,157.122
2018-04-07 13:00:00,150.449
2018-04-07 14:00:00,129.606
2018-04-07 15:00:00,124.366
2018-04-07 16:00:00,130.882
2018-04-07 17:00:00,137.606
2018-04-07 18:00:00,132.745
2018-04-07 19:00:00,129.566
2018-04-07 20:00:00,126.399
2018-04-07 21:00:00,143.702
2018-04-07 22:00:00,175.393
2018-04-07 23:00:00,179.738
2018-04-08 00:00:00,195.515
2018-04-08 01:00:00,227.632
2018-04-08 02:00:00,260.791
2018-04-08 03:00:00,292.169
2018-04-08 04:00:00,289.63
2018-04-08 05:00:00,313.172
2018-04-08 06:00:00,284.972
2018-04-08 07:00:00,238.375
2018-04-08 08:00:00,194.89
2018-04-08 09:00:00,155.136
2018-04-08 10:00:00,148.522
2018-04-08 11:00:00,129.749
2018-04-08 12:00:00,105.37
2018-04-08 13:00:00,82.088
2018-04-08 14:00:00,70.6
2018-04-08 15:00:00,55.707
2018-04-08 16:00:00,41.733
2018-04-08 17:00:00,47.145
2018-04-08 18:00:00,64.895
2018-04-08 19:00:00,80.029
2018-04-08 20:00:00,90.043
2018-04-08 21:00:00,105.471
2018-04-08 22:00:00,120.266
2018-04-08 23:00:00,120.591
2018-04-09 00:00:00,123.147
2018-04-09 01:00:00,134.022
2018-04-09 02:00:00,147.248
2018-04-09 03:00:00,159.236
2018-04-09 04:00:00,170.692
2018-04-09 05:00:00,196.89
2018-04-09 06:00:00,208.532
2018-04-09 07:00:00,200.301
2018-04-09 08:00:00,174.43
2018-04-09 09:00:00,158.582
2018-04-09 10:00:00,153.673
2018-04-09 11:00:00,142.713
2018-04-09 12:00:00,138.675
2018-04-09 13:00:00,138.139
2018-04-09 14:00:00,136.613
2018-04-09 15:00:00,129.342
2018-04-09 16:00:00,120.202
2018-04-09 17:00:00,110.66
2018-04-09 18:00:00,113.923
2018-04-09 19:00:00,122.599
2018-04-09 20:00:00,118.542
2018-04-09 21:00:00,126.155
2018-04-09 22:00:00,136.973
2018-04-09 23:00:00,144.945
2018-04-10 00:00:00,151.517
2018-04-10 01:00:00,165.82
2018-04-10 02:00:00,173.208
2018-04-10 03:00:00,183.055
2018-04-10 04:00:00,205.098
2018-04-10 05:00:00,233.558
2018-04-10 06:00:00,216.675
2018-04-10 07:00:00,162.984
2018-04-10 08:00:00,142.11
2018-04-10 09:00:00,119.335
2018-04-10 10:00:00,97.717
2018-04-10 11:00:00,86.323
2018-04-10 12:00:00,63.627
2018-04-10 13:00:00,46.496
2018-04-10 14:00:00,34.589
2018-04-10 15:00:00,26.605
2018-04-10 16:00:00,23.259
2018-04-10 17:00:00,21.689
2018-04-10 18:00:00,30.831
2018-04-10 19:00:00,48.261
2018-04-10 20:00:00,51.555
2018-04-10 21:00:00,61.504
2018-04-10 22:00:00,79.448
2018-04-10 23:00:00,78.038
2018-04-11 00:00:00,80.007
2018-04-11 01:00:00,92.751
2018-04-11 02:00:00,105.538
2018-04-11 03:00:00,117.406
2018-04-11 04:00:00,125.074
2018-04-11 05:00:00,137.548
2018-04-11 06:00:00,135.075
2018-04-11 07:00:00,122.248
2018-04-11 08:00:00,106.094
2018-04-11 09:00:00,89.247
2018-04-11 10:00:00,78.605
2018-04-11 11:00:00,69.34
2018-04-11 12:00:00,51.883
2018-04-11 13:00:00,35.958
2018-04-11 14:00:00,26.84
2018-04-11 15:00:00,20.939
2018-04-11 16:00:00,14.746
2018-04-11 17:00:00,14.613
2018-04-11 18:00:00,18.15
2018-04-11 19:00:00,25.132
2018-04-11 20:00:00,31.357
2018-04-11 21:00:00,41.544
2018-04-11 22:00:00,47.418
2018-04-11 23:00:00,55.751
2018-04-12 00:00:00,70.05
2018-04-12 01:00:00,83.629
2018-04-12 02:00:00,92.193
2018-04-12 03:00:00,94.017
2018-04-12 04:00:00,97.422
2018-04-12 05:00:00,104.223
2018-04-12 06:00:00,95.361
2018-04-12 07:00:00,85.34
2018-04-12 08:00:00,70.383
2018-04-12 09:00:00,52.146
2018-04-12 10:00:00,43.087
2018-04-12 11:00:00,32.155
2018-04-12 12:00:00,14.169
2018-04-12 13:00:00,5.61
2018-04-12 14:00:00,2.234
2018-04-12 15:00:00,1.036
2018-04-12 16:00:00,0.62
2018-04-12 17:00:00,0.449
2018-04-12 18:00:00,0.378
2018-04-12 19:00:00,0.314
2018-04-12 20:00:00,0.43
2018-04-12 21:00:00,0.382
2018-04-12 22:00:00,0.711
2018-04-12 23:00:00,1.191
2018-04-13 00:00:00,1.649
2018-04-13 01:00:00,2.822
2018-04-13 02:00:00,3.819
2018-04-13 03:00:00,5.329
2018-04-13 04:00:00,9.031
2018-04-13 05:00:00,11.257
2018-04-13 06:00:00,9.745
2018-04-13 07:00:00,7.552
2018-04-13 08:00:00,5.116
2018-04-13 09:00:00,3.218
2018-04-13 10:00:00,1.716
2018-04-13 11:00:00,1.16
2018-04-13 12:00:00,0.247
2018-04-13 13:00:00,0.046
2018-04-13 14:00:00,0.043
2018-04-13 15:00:00,0.101
2018-04-13 16:00:00,0.116
2018-04-13 17:00:00,0.119
2018-04-13 18:00:00,0.1
2018-04-13 19:00:00,0.068
2018-04-13 20:00:00,0.235
2018-04-13 21:00:00,0.007
2018-04-13 22:00:00,0.004
2018-04-13 23:00:00,0.043
2018-04-14 00:00:00,0.082
2018-04-14 01:00:00,0.523
2018-04-14 02:00:00,0.633
2018-04-14 03:00:00,0.536
2018-04-14 04:00:00,0.697
2018-04-14 05:00:00,2.046
2018-04-14 06:00:00,1.943
2018-04-14 07:00:00,1.017
2018-04-14 08:00:00,0.405
2018-04-14 09:00:00,0.344
2018-04-14 10:00:00,0.165
2018-04-14 11:00:00,0.136
2018-04-14 12:00:00,0.069
2018-04-14 13:00:00,0.052
2018-04-14 14:00:00,0.05
2018-04-14 15:00:00,0.049
2018-04-14 16:00:00,0.055
2018-04-14 17:00:00,0.055
2018-04-14 18:00:00,0.065
2018-04-14 19:00:00,0.045
2018-04-14 20:00:00,0.132
2018-04-14 21:00:00,0.045
2018-04-14 22:00:00,0.046
2018-04-14 23:00:00,0.113
2018-04-15 00:00:00,0.18
2018-04-15 01:00:00,0.631
2018-04-15 02:00:00,0.85
2018-04-15 03:00:00,1.013
2018-04-15 04:00:00,1.158
2018-04-15 05:00:00,3.11
2018-04-15 06:00:00,7.2
2018-04-15 07:00:00,6.273
2018-04-15 08:00:00,7.425
2018-04-15 09:00:00,14.716
2018-04-15 10:00:00,33.05
2018-04-15 11:00:00,39.729
2018-04-15 12:00:00,42.62
2018-04-15 13:00:00,44.423
2018-04-15 14:00:00,56.61
2018-04-15 15:00:00,72.534
2018-04-15 16:00:00,74.556
2018-04-15 17:00:00,72.091
2018-04-15 18:00:00,84.513
2018-04-15 19:00:00,83.038
2018-04-15 20:00:00,86.168
2018-04-15 21:00:00,96.272
2018-04-15 22:00:00,92.466
2018-04-15 23:00:00,99.37
2018-04-16 00:00:00,81.807
2018-04-16 01:00:00,54.613
2018-04-16 02:00:00,52.222
2018-04-16 03:00:00,45.085
2018-04-16 04:00:00,38.258
2018-04-16 05:00:00,37.0
2018-04-16 06:00:00,32.137
2018-04-16 07:00:00,40.324
2018-04-16 08:00:00,63.167
2018-04-16 09:00:00,70.275
2018-04-16 10:00:00,64.8
2018-04-16 11:00:00,62.28
2018-04-16 12:00:00,67.219
2018-04-16 13:00:00,80.744
2018-04-16 14:00:00,65.456
2018-04-16 15:00:00,59.996
2018-04-16 16:00:00,66.028
2018-04-16 17:00:00,61.146
2018-04-16 18:00:00,53.459
2018-04-16 19:00:00,55.803
2018-04-16 20:00:00,62.216
2018-04-16 21:00:00,78.563
2018-04-16 22:00:00,93.421
2018-04-16 23:00:00,104.288
2018-04-17 00:00:00,124.942
2018-04-17 01:00:00,141.036
2018-04-17 02:00:00,155.278
2018-04-17 03:00:00,164.156
2018-04-17 04:00:00,164.452
2018-04-17 05:00:00,189.756
2018-04-17 06:00:00,188.934
2018-04-17 07:00:00,170.187
2018-04-17 08:00:00,185.987
2018-04-17 09:00:00,174.18
2018-04-17 10:00:00,145.237
2018-04-17 11:00:00,152.933
2018-04-17 12:00:00,150.32
2018-04-17 13:00:00,144.022
2018-04-17 14:00:00,138.608
2018-04-17 15:00:00,126.911
2018-04-17 16:00:00,116.019
2018-04-17 17:00:00,106.256
2018-04-17 18:00:00,103.811
2018-04-17 19:00:00,114.929
2018-04-17 20:00:00,119.866
2018-04-17 21:00:00,137.564
2018-04-17 22:00:00,152.573
2018-04-17 23:00:00,152.57
2018-04-18 00:00:00,162.402
2018-04-18 01:00:00,179.41
2018-04-18 02:00:00,184.928
2018-04-18 03:00:00,192.804
2018-04-18 04:00:00,207.188
2018-04-18 05:00:00,223.39
2018-04-18 06:00:00,190.382
2018-04-18 07:00:00,159.011
2018-04-18 08:00:00,134.494
2018-04-18 09:00:00,97.524
2018-04-18 10:00:00,70.086
2018-04-18 11:00:00,52.592
2018-04-18 12:00:00,33.451
2018-04-18 13:00:00,24.303
2018-04-18 14:00:00,13.167
2018-04-18 15:00:00,7.906
2018-04-18 16:00:00,4.676
2018-04-18 17:00:00,3.073
2018-04-18 18:00:00,4.045
2018-04-18 19:00:00,7.983
2018-04-18 20:00:00,12.009
2018-04-18 21:00:00,17.343
2018-04-18 22:00:00,21.482
2018-04-18 23:00:00,26.273
2018-04-19 00:00:00,32.701
2018-04-19 01:00:00,44.236
2018-04-19 02:00:00,52.212
2018-04-19 03:00:00,61.731
2018-04-19 04:00:00,65.826
2018-04-19 05:00:00,67.825
2018-04-19 06:00:00,60.336
2018-04-19 07:00:00,58.272
2018-04-19 08:00:00,55.334
2018-04-19 09:00:00,40.528
2018-04-19 10:00:00,49.686
2018-04-19 11:00:00,71.123
2018-04-19 12:00:00,67.693
2018-04-19 13:00:00,65.259
2018-04-19 14:00:00,59.358
2018-04-19 15:00:00,51.848
2018-04-19 16:00:00,45.941
2018-04-19 17:00:00,80.915
2018-04-19 18:00:00,120.661
2018-04-19 19:00:00,95.738
2018-04-19 20:00:00,90.099
2018-04-19 21:00:00,83.539
2018-04-19 22:00:00,81.603
2018-04-19 23:00:00,91.967
2018-04-20 00:00:00,105.454
2018-04-20 01:00:00,130.85
2018-04-20 02:00:00,153.794
2018-04-20 03:00:00,168.858
2018-04-20 04:00:00,174.472
2018-04-20 05:00:00,188.782
2018-04-20 06:00:00,168.487
2018-04-20 07:00:00,136.826
2018-04-20 08:00:00,114.769
2018-04-20 09:00:00,89.795
2018-04-20 10:00:00,83.957
2018-04-20 11:00:00,67.179
2018-04-20 12:00:00,47.484
2018-04-20 13:00:00,34.362
2018-04-20 14:00:00,22.834
2018-04-20 15:00:00,15.879
2018-04-20 16:00:00,10.898
2018-04-20 17:00:00,10.473
2018-04-20 18:00:00,12.165
2018-04-20 19:00:00,14.906
2018-04-20 20:00:00,18.921
2018-04-20 21:00:00,24.927
2018-04-20 22:00:00,31.544
2018-04-20 23:00:00,41.331
2018-04-21 00:00:00,59.525
2018-04-21 01:00:00,76.43
2018-04-21 02:00:00,88.752
2018-04-21 03:00:00,102.116
2018-04-21 04:00:00,117.448
2018-04-21 05:00:00,131.28
2018-04-21 06:00:00,116.136
2018-04-21 07:00:00,89.015
2018-04-21 08:00:00,68.833
2018-04-21 09:00:00,48.699
2018-04-21 10:00:00,35.604
2018-04-21 11:00:00,22.266
2018-04-21 12:00:00,11.118
2018-04-21 13:00:00,5.821
2018-04-21 14:00:00,3.431
2018-04-21 15:00:00,1.765
2018-04-21 16:00:00,1.731
2018-04-21 17:00:00,1.77
2018-04-21 18:00:00,2.601
2018-04-21 19:00:00,3.444
2018-04-21 20:00:00,5.753
2018-04-21 21:00:00,11.953
2018-04-21 22:00:00,15.769
2018-04-21 23:00:00,20.493
2018-04-22 00:00:00,26.574
2018-04-22 01:00:00,35.839
2018-04-22 02:00:00,44.317
2018-04-22 03:00:00,53.485
2018-04-22 04:00:00,62.496
2018-04-22 05:00:00,69.354
2018-04-22 06:00:00,63.943
2018-04-22 07:00:00,52.018
2018-04-22 08:00:00,34.221
2018-04-22 09:00:00,19.189
2018-04-22 10:00:00,10.717
2018-04-22 11:00:00,4.831
2018-04-22 12:00:00,2.147
2018-04-22 13:00:00,0.973
2018-04-22 14:00:00,0.554
2018-04-22 15:00:00,0.341
2018-04-22 16:00:00,0.387
2018-04-22 17:00:00,0.477
2018-04-22 18:00:00,0.943
2018-04-22 19:00:00,1.533
2018-04-22 20:00:00,3.278
2018-04-22 21:00:00,6.727
2018-04-22 22:00:00,11.932
2018-04-22 23:00:00,14.823
2018-04-23 00:00:00,17.896
2018-04-23 01:00:00,23.164
2018-04-23 02:00:00,27.989
2018-04-23 03:00:00,32.593
2018-04-23 04:00:00,38.079
2018-04-23 05:00:00,44.219
2018-04-23 06:00:00,43.676
2018-04-23 07:00:00,34.097
2018-04-23 08:00:00,22.69
2018-04-23 09:00:00,10.992
2018-04-23 10:00:00,4.624
2018-04-23 11:00:00,2.962
2018-04-23 12:00:00,1.282
2018-04-23 13:00:00,0.631
2018-04-23 14:00:00,0.34
2018-04-23 15:00:00,0.405
2018-04-23 16:00:00,0.379
2018-04-23 17:00:00,0.54
2018-04-23 18:00:00,0.976
2018-04-23 19:00:00,1.839
2018-04-23 20:00:00,3.432
2018-04-23 21:00:00,5.618
2018-04-23 22:00:00,8.508
2018-04-23 23:00:00,11.699
2018-04-24 00:00:00,14.308
2018-04-24 01:00:00,18.308
2018-04-24 02:00:00,22.488
2018-04-24 03:00:00,25.715
2018-04-24 04:00:00,31.445
2018-04-24 05:00:00,33.933
2018-04-24 06:00:00,32.412
2018-04-24 07:00:00,30.398
2018-04-24 08:00:00,25.614
2018-04-24 09:00:00,19.898
2018-04-24 10:00:00,17.69
2018-04-24 11:00:00,17.298
2018-04-24 12:00:00,14.555
2018-04-24 13:00:00,11.817
2018-04-24 14:00:00,11.433
2018-04-24 15:00:00,12.073
2018-04-24 16:00:00,13.828
2018-04-24 17:00:00,16.294
2018-04-24 18:00:00,21.045
2018-04-24 19:00:00,22.153
2018-04-24 20:00:00,27.11
2018-04-24 21:00:00,29.59
2018-04-24 22:00:00,30.729
2018-04-24 23:00:00,31.258
2018-04-25 00:00:00,31.747
2018-04-25 01:00:00,36.368
2018-04-25 02:00:00,37.373
2018-04-25 03:00:00,36.682
2018-04-25 04:00:00,37.989
2018-04-25 05:00:00,40.358
2018-04-25 06:00:00,34.314
2018-04-25 07:00:00,29.432
2018-04-25 08:00:00,28.934
2018-04-25 09:00:00,24.731
2018-04-25 10:00:00,20.47
2018-04-25 11:00:00,19.2
2018-04-25 12:00:00,16.898
2018-04-25 13:00:00,13.032
2018-04-25 14:00:00,8.333
2018-04-25 15:00:00,5.365
2018-04-25 16:00:00,4.457
2018-04-25 17:00:00,3.875
2018-04-25 18:00:00,3.718
2018-04-25 19:00:00,3.854
2018-04-25 20:00:00,4.246
2018-04-25 21:00:00,5.303
2018-04-25 22:00:00,7.366
2018-04-25 23:00:00,10.726
2018-04-26 00:00:00,15.502
2018-04-26 01:00:00,22.452
2018-04-26 02:00:00,27.712
2018-04-26 03:00:00,32.377
2018-04-26 04:00:00,40.854
2018-04-26 05:00:00,49.586
2018-04-26 06:00:00,45.581
2018-04-26 07:00:00,36.116
2018-04-26 08:00:00,27.315
2018-04-26 09:00:00,16.049
2018-04-26 10:00:00,10.276
2018-04-26 11:00:00,7.181
2018-04-26 12:00:00,2.658
2018-04-26 13:00:00,0.929
2018-04-26 14:00:00,0.195
2018-04-26 15:00:00,0.129
2018-04-26 16:00:00,0.119
2018-04-26 17:00:00,0.117
2018-04-26 18:00:00,0.136
2018-04-26 19:00:00,0.104
2018-04-26 20:00:00,0.396
2018-04-26 21:00:00,0.261
2018-04-26 22:00:00,0.348
2018-04-26 23:00:00,1.107
2018-04-27 00:00:00,2.832
2018-04-27 01:00:00,6.006
2018-04-27 02:00:00,8.288
2018-04-27 03:00:00,12.162
2018-04-27 04:00:00,17.832
2018-04-27 05:00:00,23.701
2018-04-27 06:00:00,27.944
2018-04-27 07:00:00,32.783
2018-04-27 08:00:00,32.176
2018-04-27 09:00:00,28.3
2018-04-27 10:00:00,24.294
2018-04-27 11:00:00,23.594
2018-04-27 12:00:00,20.792
2018-04-27 13:00:00,14.159
2018-04-27 14:00:00,9.145
2018-04-27 15:00:00,7.142
2018-04-27 16:00:00,5.007
2018-04-27 17:00:00,2.942
2018-04-27 18:00:00,2.676
2018-04-27 19:00:00,3.039
2018-04-27 20:00:00,4.42
2018-04-27 21:00:00,6.467
2018-04-27 22:00:00,10.039
2018-04-27 23:00:00,13.951
2018-04-28 00:00:00,17.558
2018-04-28 01:00:00,19.907
2018-04-28 02:00:00,26.0
2018-04-28 03:00:00,32.655
2018-04-28 04:00:00,38.901
2018-04-28 05:00:00,47.483
2018-04-28 06:00:00,41.188
2018-04-28 07:00:00,34.756
2018-04-28 08:00:00,29.455
2018-04-28 09:00:00,18.756
2018-04-28 10:00:00,10.355
2018-04-28 11:00:00,3.844
2018-04-28 12:00:00,1.052
2018-04-28 13:00:00,0.417
2018-04-28 14:00:00,0.144
2018-04-28 15:00:00,0.074
2018-04-28 16:00:00,0.083
2018-04-28 17:00:00,0.094
2018-04-28 18:00:00,0.181
2018-04-28 19:00:00,0.179
2018-04-28 20:00:00,0.57
2018-04-28 21:00:00,5.69
2018-04-28 22:00:00,19.395
2018-04-28 23:00:00,27.714
2018-04-29 00:00:00,35.874
2018-04-29 01:00:00,43.601
2018-04-29 02:00:00,53.759
2018-04-29 03:00:00,67.316
2018-04-29 04:00:00,79.493
2018-04-29 05:00:00,94.953
2018-04-29 06:00:00,86.75
2018-04-29 07:00:00,72.737
2018-04-29 08:00:00,80.549
2018-04-29 09:00:00,93.155
2018-04-29 10:00:00,79.628
2018-04-29 11:00:00,68.563
2018-04-29 12:00:00,46.403
2018-04-29 13:00:00,41.647
2018-04-29 14:00:00,35.717
2018-04-29 15:00:00,29.412
2018-04-29 16:00:00,22.574
2018-04-29 17:00:00,17.934
2018-04-29 18:00:00,17.18
2018-04-29 19:00:00,30.083
2018-04-29 20:00:00,32.984
2018-04-29 21:00:00,42.206
2018-04-29 22:00:00,51.159
2018-04-29 23:00:00,53.248
2018-04-30 00:00:00,59.516
2018-04-30 01:00:00,75.882
2018-04-30 02:00:00,86.161
2018-04-30 03:00:00,96.402
2018-04-30 04:00:00,110.653
2018-04-30 05:00:00,121.354
2018-04-30 06:00:00,98.145
2018-04-30 07:00:00,67.688
2018-04-30 08:00:00,54.47
2018-04-30 09:00:00,34.429
2018-04-30 10:00:00,22.54
2018-04-30 11:00:00,14.079
2018-04-30 12:00:00,5.484
2018-04-30 13:00:00,2.198
2018-04-30 14:00:00,0.825
2018-04-30 15:00:00,0.425
2018-04-30 16:00:00,0.243
2018-04-30 17:00:00,0.158
2018-04-30 18:00:00,0.168
2018-04-30 19:00:00,0.183
2018-04-30 20:00:00,0.436
2018-04-30 21:00:00,0.31
2018-04-30 22:00:00,0.767
2018-04-30 23:00:00,2.426
2018-05-01 00:00:00,6.355
2018-05-01 01:00:00,10.774
2018-05-01 02:00:00,19.606
2018-05-01 03:00:00,27.638
2018-05-01 04:00:00,35.188
2018-05-01 05:00:00,38.526
2018-05-01 06:00:00,29.6
2018-05-01 07:00:00,20.908
2018-05-01 08:00:00,10.763
2018-05-01 09:00:00,3.604
2018-05-01 10:00:00,1.503
2018-05-01 11:00:00,0.848
2018-05-01 12:00:00,0.261
2018-05-01 13:00:00,0.056
2018-05-01 14:00:00,0.039
2018-05-01 15:00:00,0.074
2018-05-01 16:00:00,0.067
2018-05-01 17:00:00,0.073
2018-05-01 18:00:00,0.099
2018-05-01 19:00:00,0.075
2018-05-01 20:00:00,0.291
2018-05-01 21:00:00,0.023
2018-05-01 22:00:00,0.06
2018-05-01 23:00:00,0.252
2018-05-02 00:00:00,0.451
2018-05-02 01:00:00,1.108
2018-05-02 02:00:00,1.923
2018-05-02 03:00:00,3.47
2018-05-02 04:00:00,5.738
2018-05-02 05:00:00,7.525
2018-05-02 06:00:00,6.522
2018-05-02 07:00:00,4.151
2018-05-02 08:00:00,1.883
2018-05-02 09:00:00,0.526
2018-05-02 10:00:00,0.286
2018-05-02 11:00:00,0.473
2018-05-02 12:00:00,0.045
2018-05-02 13:00:00,0.03
2018-05-02 14:00:00,0.031
2018-05-02 15:00:00,0.065
2018-05-02 16:00:00,0.069
2018-05-02 17:00:00,0.067
2018-05-02 18:00:00,0.074
2018-05-02 19:00:00,0.051
2018-05-02 20:00:00,0.222
2018-05-02 21:00:00,0.003
2018-05-02 22:00:00,0.005
2018-05-02 23:00:00,0.039
2018-05-03 00:00:00,0.096
2018-05-03 01:00:00,0.414
2018-05-03 02:00:00,0.508
2018-05-03 03:00:00,0.332
2018-05-03 04:00:00,0.496
2018-05-03 05:00:00,1.172
2018-05-03 06:00:00,0.63
2018-05-03 07:00:00,0.277
2018-05-03 08:00:00,0.215
2018-05-03 09:00:00,0.197
2018-05-03 10:00:00,0.218
2018-05-03 11:00:00,0.181
2018-05-03 12:00:00,0.039
2018-05-03 13:00:00,0.03
2018-05-03 14:00:00,0.03
2018-05-03 15:00:00,0.043
2018-05-03 16:00:00,0.064
2018-05-03 17:00:00,0.052
2018-05-03 18:00:00,0.067
2018-05-03 19:00:00,0.039
2018-05-03 20:00:00,0.207
2018-05-03 21:00:00,0.011
2018-05-03 22:00:00,0.001
2018-05-03 23:00:00,0.027
2018-05-04 00:00:00,0.049
2018-05-04 01:00:00,0.3
2018-05-04 02:00:00,0.244
2018-05-04 03:00:00,0.187
2018-05-04 04:00:00,0.189
2018-05-04 05:00:00,0.76
2018-05-04 06:00:00,0.518
2018-05-04 07:00:00,0.517
2018-05-04 08:00:00,0.168
2018-05-04 09:00:00,0.183
2018-05-04 10:00:00,0.235
2018-05-04 11:00:00,0.22
2018-05-04 12:00:00,0.042
2018-05-04 13:00:00,0.03
2018-05-04 14:00:00,0.029
2018-05-04 15:00:00,0.062
2018-05-04 16:00:00,0.063
2018-05-04 17:00:00,0.055
2018-05-04 18:00:00,0.064
2018-05-04 19:00:00,0.037
2018-05-04 20:00:00,0.202
2018-05-04 21:00:00,0.014
2018-05-04 22:00:00,0.001
2018-05-04 23:00:00,0.026
2018-05-05 00:00:00,0.045
2018-05-05 01:00:00,0.284
2018-05-05 02:00:00,0.19
2018-05-05 03:00:00,0.17
2018-05-05 04:00:00,0.201
2018-05-05 05:00:00,0.756
2018-05-05 06:00:00,0.427
2018-05-05 07:00:00,0.332
2018-05-05 08:00:00,0.262
2018-05-05 09:00:00,0.298
2018-05-05 10:00:00,0.197
2018-05-05 11:00:00,0.125
2018-05-05 12:00:00,0.067
2018-05-05 13:00:00,0.067
2018-05-05 14:00:00,0.067
2018-05-05 15:00:00,0.075
2018-05-05 16:00:00,0.072
2018-05-05 17:00:00,0.234
2018-05-05 18:00:00,0.133
2018-05-05 19:00:00,0.198
2018-05-05 20:00:00,0.46
2018-05-05 21:00:00,0.223
2018-05-05 22:00:00,0.327
2018-05-05 23:00:00,0.617
2018-05-06 00:00:00,1.312
2018-05-06 01:00:00,4.112
2018-05-06 02:00:00,5.296
2018-05-06 03:00:00,5.655
2018-05-06 04:00:00,6.639
2018-05-06 05:00:00,8.999
2018-05-06 06:00:00,9.014
2018-05-06 07:00:00,6.975
2018-05-06 08:00:00,5.145
2018-05-06 09:00:00,2.319
2018-05-06 10:00:00,1.392
2018-05-06 11:00:00,0.49
2018-05-06 12:00:00,0.115
2018-05-06 13:00:00,0.079
2018-05-06 14:00:00,0.062
2018-05-06 15:00:00,0.079
2018-05-06 16:00:00,0.107
2018-05-06 17:00:00,0.088
2018-05-06 18:00:00,0.358
2018-05-06 19:00:00,0.348
2018-05-06 20:00:00,0.423
2018-05-06 21:00:00,0.787
2018-05-06 22:00:00,2.147
2018-05-06 23:00:00,2.625
2018-05-07 00:00:00,3.22
2018-05-07 01:00:00,6.569
2018-05-07 02:00:00,9.357
2018-05-07 03:00:00,10.365
2018-05-07 04:00:00,11.791
2018-05-07 05:00:00,14.257
2018-05-07 06:00:00,10.585
2018-05-07 07:00:00,5.15
2018-05-07 08:00:00,2.544
2018-05-07 09:00:00,0.842
2018-05-07 10:00:00,0.465
2018-05-07 11:00:00,0.68
2018-05-07 12:00:00,0.191
2018-05-07 13:00:00,0.059
2018-05-07 14:00:00,0.042
2018-05-07 15:00:00,0.081
2018-05-07 16:00:00,0.103
2018-05-07 17:00:00,0.105
2018-05-07 18:00:00,0.118
2018-05-07 19:00:00,0.076
2018-05-07 20:00:00,0.312
2018-05-07 21:00:00,0.078
2018-05-07 22:00:00,0.089
2018-05-07 23:00:00,0.158
2018-05-08 00:00:00,0.525
2018-05-08 01:00:00,1.596
2018-05-08 02:00:00,2.346
2018-05-08 03:00:00,2.856
2018-05-08 04:00:00,4.387
2018-05-08 05:00:00,6.712
2018-05-08 06:00:00,6.403
2018-05-08 07:00:00,4.12
2018-05-08 08:00:00,1.344
2018-05-08 09:00:00,0.373
2018-05-08 10:00:00,0.298
2018-05-08 11:00:00,0.702
2018-05-08 12:00:00,0.105
2018-05-08 13:00:00,0.032
2018-05-08 14:00:00,0.039
2018-05-08 15:00:00,0.056
2018-05-08 16:00:00,0.082
2018-05-08 17:00:00,0.085
2018-05-08 18:00:00,0.097
2018-05-08 19:00:00,0.063
2018-05-08 20:00:00,0.271
2018-05-08 21:00:00,0.051
2018-05-08 22:00:00,0.121
2018-05-08 23:00:00,0.256
2018-05-09 00:00:00,0.415
2018-05-09 01:00:00,1.178
2018-05-09 02:00:00,1.991
2018-05-09 03:00:00,3.192
2018-05-09 04:00:00,4.864
2018-05-09 05:00:00,6.603
2018-05-09 06:00:00,4.666
2018-05-09 07:00:00,2.875
2018-05-09 08:00:00,1.373
2018-05-09 09:00:00,0.67
2018-05-09 10:00:00,0.353
2018-05-09 11:00:00,0.326
2018-05-09 12:00:00,0.087
2018-05-09 13:00:00,0.034
2018-05-09 14:00:00,0.034
2018-05-09 15:00:00,0.054
2018-05-09 16:00:00,0.073
2018-05-09 17:00:00,0.074
2018-05-09 18:00:00,0.09
2018-05-09 19:00:00,0.052
2018-05-09 20:00:00,0.274
2018-05-09 21:00:00,0.015
2018-05-09 22:00:00,0.019
2018-05-09 23:00:00,0.239
2018-05-10 00:00:00,0.351
2018-05-10 01:00:00,1.031
2018-05-10 02:00:00,1.634
2018-05-10 03:00:00,2.082
2018-05-10 04:00:00,2.355
2018-05-10 05:00:00,3.641
2018-05-10 06:00:00,2.347
2018-05-10 07:00:00,0.831
2018-05-10 08:00:00,0.563
2018-05-10 09:00:00,0.404
2018-05-10 10:00:00,0.325
2018-05-10 11:00:00,0.411
2018-05-10 12:00:00,0.131
2018-05-10 13:00:00,0.035
2018-05-10 14:00:00,0.039
2018-05-10 15:00:00,0.083
2018-05-10 16:00:00,0.085
2018-05-10 17:00:00,0.089
2018-05-10 18:00:00,0.095
2018-05-10 19:00:00,0.053
2018-05-10 20:00:00,0.276
2018-05-10 21:00:00,0.012
2018-05-10 22:00:00,0.008
2018-05-10 23:00:00,0.097
2018-05-11 00:00:00,0.183
2018-05-11 01:00:00,0.675
2018-05-11 02:00:00,0.846
2018-05-11 03:00:00,0.808
2018-05-11 04:00:00,1.038
2018-05-11 05:00:00,2.218
2018-05-11 06:00:00,1.349
2018-05-11 07:00:00,0.527
2018-05-11 08:00:00,0.277
2018-05-11 09:00:00,0.176
2018-05-11 10:00:00,0.292
2018-05-11 11:00:00,0.254
2018-05-11 12:00:00,0.043
2018-05-11 13:00:00,0.03
2018-05-11 14:00:00,0.029
2018-05-11 15:00:00,0.073
2018-05-11 16:00:00,0.069
2018-05-11 17:00:00,0.057
2018-05-11 18:00:00,0.077
2018-05-11 19:00:00,0.045
2018-05-11 20:00:00,0.219
2018-05-11 21:00:00,0.014
2018-05-11 22:00:00,0.007
2018-05-11 23:00:00,0.076
2018-05-12 00:00:00,0.054
2018-05-12 01:00:00,0.397
2018-05-12 02:00:00,0.342
2018-05-12 03:00:00,0.208
2018-05-12 04:00:00,0.211
2018-05-12 05:00:00,0.778
2018-05-12 06:00:00,0.407
2018-05-12 07:00:00,0.187
2018-05-12 08:00:00,0.185
2018-05-12 09:00:00,0.261
2018-05-12 10:00:00,0.158
2018-05-12 11:00:00,0.095
2018-05-12 12:00:00,0.046
2018-05-12 13:00:00,0.039
2018-05-12 14:00:00,0.037
2018-05-12 15:00:00,0.034
2018-05-12 16:00:00,0.036
2018-05-12 17:00:00,0.04
2018-05-12 18:00:00,0.055
2018-05-12 19:00:00,0.037
2018-05-12 20:00:00,0.111
2018-05-12 21:00:00,0.025
2018-05-12 22:00:00,0.037
2018-05-12 23:00:00,0.059
2018-05-13 00:00:00,0.077
2018-05-13 01:00:00,0.382
2018-05-13 02:00:00,0.414
2018-05-13 03:00:00,0.448
2018-05-13 04:00:00,0.585
2018-05-13 05:00:00,0.871
2018-05-13 06:00:00,0.807
2018-05-13 07:00:00,0.614
2018-05-13 08:00:00,0.373
2018-05-13 09:00:00,0.457
2018-05-13 10:00:00,0.361
2018-05-13 11:00:00,0.128
2018-05-13 12:00:00,0.07
2018-05-13 13:00:00,0.211
2018-05-13 14:00:00,0.369
2018-05-13 15:00:00,0.583
2018-05-13 16:00:00,0.792
2018-05-13 17:00:00,0.408
2018-05-13 18:00:00,0.524
2018-05-13 19:00:00,0.506
2018-05-13 20:00:00,0.488
2018-05-13 21:00:00,0.356
2018-05-13 22:00:00,0.957
2018-05-13 23:00:00,1.8
2018-05-14 00:00:00,2.424
2018-05-14 01:00:00,3.922
2018-05-14 02:00:00,5.288
2018-05-14 03:00:00,5.822
2018-05-14 04:00:00,6.039
2018-05-14 05:00:00,7.778
2018-05-14 06:00:00,7.173
2018-05-14 07:00:00,5.388
2018-05-14 08:00:00,4.224
2018-05-14 09:00:00,2.788
2018-05-14 10:00:00,1.77
2018-05-14 11:00:00,1.132
2018-05-14 12:00:00,0.365
2018-05-14 13:00:00,0.099
2018-05-14 14:00:00,0.045
2018-05-14 15:00:00,0.071
2018-05-14 16:00:00,0.103
2018-05-14 17:00:00,0.098
2018-05-14 18:00:00,0.118
2018-05-14 19:00:00,0.091
2018-05-14 20:00:00,0.337
2018-05-14 21:00:00,0.086
2018-05-14 22:00:00,0.038
2018-05-14 23:00:00,0.197
2018-05-15 00:00:00,0.191
2018-05-15 01:00:00,0.636
2018-05-15 02:00:00,0.884
2018-05-15 03:00:00,0.455
2018-05-15 04:00:00,0.329
2018-05-15 05:00:00,1.031
2018-05-15 06:00:00,0.578
2018-05-15 07:00:00,0.6
2018-05-15 08:00:00,0.18
2018-05-15 09:00:00,0.182
2018-05-15 10:00:00,0.18
2018-05-15 11:00:00,0.228
2018-05-15 12:00:00,0.049
2018-05-15 13:00:00,0.033
2018-05-15 14:00:00,0.033
2018-05-15 15:00:00,0.036
2018-05-15 16:00:00,0.062
2018-05-15 17:00:00,0.057
2018-05-15 18:00:00,0.068
2018-05-15 19:00:00,0.048
2018-05-15 20:00:00,0.179
2018-05-15 21:00:00,0.038
2018-05-15 22:00:00,0.001
2018-05-15 23:00:00,0.062
2018-05-16 00:00:00,0.06
2018-05-16 01:00:00,0.286
2018-05-16 02:00:00,0.271
2018-05-16 03:00:00,0.204
2018-05-16 04:00:00,0.241
2018-05-16 05:00:00,0.88
2018-05-16 06:00:00,0.563
2018-05-16 07:00:00,0.569
2018-05-16 08:00:00,0.465
2018-05-16 09:00:00,0.319
2018-05-16 10:00:00,0.424
2018-05-16 11:00:00,0.537
2018-05-16 12:00:00,0.167
2018-05-16 13:00:00,0.05
2018-05-16 14:00:00,0.054
2018-05-16 15:00:00,0.107
2018-05-16 16:00:00,0.131
2018-05-16 17:00:00,0.119
2018-05-16 18:00:00,0.128
2018-05-16 19:00:00,0.082
2018-05-16 20:00:00,0.365
2018-05-16 21:00:00,0.145
2018-05-16 22:00:00,0.102
2018-05-16 23:00:00,0.239
2018-05-17 00:00:00,0.311
2018-05-17 01:00:00,0.816
2018-05-17 02:00:00,0.873
2018-05-17 03:00:00,0.805
2018-05-17 04:00:00,0.749
2018-05-17 05:00:00,1.634
2018-05-17 06:00:00,1.405
2018-05-17 07:00:00,1.282
2018-05-17 08:00:00,1.014
2018-05-17 09:00:00,0.977
2018-05-17 10:00:00,1.139
2018-05-17 11:00:00,1.134
2018-05-17 12:00:00,0.758
2018-05-17 13:00:00,0.423
2018-05-17 14:00:00,0.213
2018-05-17 15:00:00,0.25
2018-05-17 16:00:00,0.237
2018-05-17 17:00:00,0.233
2018-05-17 18:00:00,0.263
2018-05-17 19:00:00,0.202
2018-05-17 20:00:00,0.53
2018-05-17 21:00:00,0.218
2018-05-17 22:00:00,0.148
2018-05-17 23:00:00,0.428
2018-05-18 00:00:00,0.705
2018-05-18 01:00:00,1.682
2018-05-18 02:00:00,2.132
2018-05-18 03:00:00,2.376
2018-05-18 04:00:00,2.519
2018-05-18 05:00:00,3.673
2018-05-18 06:00:00,3.436
2018-05-18 07:00:00,3.091
2018-05-18 08:00:00,2.183
2018-05-18 09:00:00,1.594
2018-05-18 10:00:00,1.376
2018-05-18 11:00:00,1.516
2018-05-18 12:00:00,1.041
2018-05-18 13:00:00,0.827
2018-05-18 14:00:00,1.468
2018-05-18 15:00:00,3.542
2018-05-18 16:00:00,3.86
2018-05-18 17:00:00,4.918
2018-05-18 18:00:00,7.881
2018-05-18 19:00:00,9.165
2018-05-18 20:00:00,11.709
2018-05-18 21:00:00,13.745
2018-05-18 22:00:00,15.814
2018-05-18 23:00:00,17.053
2018-05-19 00:00:00,16.429
2018-05-19 01:00:00,20.173
2018-05-19 02:00:00,22.793
2018-05-19 03:00:00,24.938
2018-05-19 04:00:00,26.954
2018-05-19 05:00:00,30.071
2018-05-19 06:00:00,29.494
2018-05-19 07:00:00,25.922
2018-05-19 08:00:00,20.303
2018-05-19 09:00:00,14.538
2018-05-19 10:00:00,10.657
2018-05-19 11:00:00,7.544
2018-05-19 12:00:00,4.127
2018-05-19 13:00:00,2.251
2018-05-19 14:00:00,1.469
2018-05-19 15:00:00,0.778
2018-05-19 16:00:00,0.593
2018-05-19 17:00:00,0.352
2018-05-19 18:00:00,0.294
2018-05-19 19:00:00,0.231
2018-05-19 20:00:00,0.395
2018-05-19 21:00:00,0.189
2018-05-19 22:00:00,0.293
2018-05-19 23:00:00,0.503
2018-05-20 00:00:00,0.619
2018-05-20 01:00:00,1.268
2018-05-20 02:00:00,1.302
2018-05-20 03:00:00,1.279
2018-05-20 04:00:00,1.34
2018-05-20 05:00:00,1.628
2018-05-20 06:00:00,1.159
2018-05-20 07:00:00,0.664
2018-05-20 08:00:00,0.402
2018-05-20 09:00:00,0.449
2018-05-20 10:00:00,0.238
2018-05-20 11:00:00,0.117
2018-05-20 12:00:00,0.064
2018-05-20 13:00:00,0.055
2018-05-20 14:00:00,0.05
2018-05-20 15:00:00,0.047
2018-05-20 16:00:00,0.045
2018-05-20 17:00:00,0.049
2018-05-20 18:00:00,0.091
2018-05-20 19:00:00,0.067
2018-05-20 20:00:00,0.142
2018-05-20 21:00:00,0.057
2018-05-20 22:00:00,0.062
2018-05-20 23:00:00,0.076
2018-05-21 00:00:00,0.067
2018-05-21 01:00:00,0.336
2018-05-21 02:00:00,0.292
2018-05-21 03:00:00,0.259
2018-05-21 04:00:00,0.27
2018-05-21 05:00:00,1.112
2018-05-21 06:00:00,0.532
2018-05-21 07:00:00,0.325
2018-05-21 08:00:00,0.163
2018-05-21 09:00:00,0.173
2018-05-21 10:00:00,0.215
2018-05-21 11:00:00,0.216
2018-05-21 12:00:00,0.054
2018-05-21 13:00:00,0.036
2018-05-21 14:00:00,0.039
2018-05-21 15:00:00,0.078
2018-05-21 16:00:00,0.09
2018-05-21 17:00:00,0.08
2018-05-21 18:00:00,0.09
2018-05-21 19:00:00,0.062
2018-05-21 20:00:00,0.25
2018-05-21 21:00:00,0.026
2018-05-21 22:00:00,0.002
2018-05-21 23:00:00,0.09
2018-05-22 00:00:00,0.142
2018-05-22 01:00:00,0.39
2018-05-22 02:00:00,0.418
2018-05-22 03:00:00,0.376
2018-05-22 04:00:00,0.388
2018-05-22 05:00:00,1.194
2018-05-22 06:00:00,0.722
2018-05-22 07:00:00,0.592
2018-05-22 08:00:00,0.541
2018-05-22 09:00:00,0.63
2018-05-22 10:00:00,0.727
2018-05-22 11:00:00,0.602
2018-05-22 12:00:00,0.22
2018-05-22 13:00:00,0.047
2018-05-22 14:00:00,0.049
2018-05-22 15:00:00,0.048
2018-05-22 16:00:00,0.113
2018-05-22 17:00:00,0.103
2018-05-22 18:00:00,0.122
2018-05-22 19:00:00,0.052
2018-05-22 20:00:00,0.325
2018-05-22 21:00:00,0.166
2018-05-22 22:00:00,0.16
2018-05-22 23:00:00,0.087
2018-05-23 00:00:00,0.172
2018-05-23 01:00:00,0.73
2018-05-23 02:00:00,0.648
2018-05-23 03:00:00,0.448
2018-05-23 04:00:00,0.464
2018-05-23 05:00:00,1.25
2018-05-23 06:00:00,0.57
2018-05-23 07:00:00,0.245
2018-05-23 08:00:00,0.192
2018-05-23 09:00:00,0.228
2018-05-23 10:00:00,0.185
2018-05-23 11:00:00,0.155
2018-05-23 12:00:00,0.036
2018-05-23 13:00:00,0.032
2018-05-23 14:00:00,0.036
2018-05-23 15:00:00,0.072
2018-05-23 16:00:00,0.073
2018-05-23 17:00:00,0.068
2018-05-23 18:00:00,0.082
2018-05-23 19:00:00,0.047
2018-05-23 20:00:00,0.225
2018-05-23 21:00:00,0.022
2018-05-23 22:00:00,0.002
2018-05-23 23:00:00,0.048
2018-05-24 00:00:00,0.105
2018-05-24 01:00:00,0.405
2018-05-24 02:00:00,0.479
2018-05-24 03:00:00,0.497
2018-05-24 04:00:00,0.542
2018-05-24 05:00:00,1.446
2018-05-24 06:00:00,0.683
2018-05-24 07:00:00,0.259
2018-05-24 08:00:00,0.322
2018-05-24 09:00:00,0.169
2018-05-24 10:00:00,0.209
2018-05-24 11:00:00,0.188
2018-05-24 12:00:00,0.049
2018-05-24 13:00:00,0.031
2018-05-24 14:00:00,0.029
2018-05-24 15:00:00,0.07
2018-05-24 16:00:00,0.067
2018-05-24 17:00:00,0.048
2018-05-24 18:00:00,0.073
2018-05-24 19:00:00,0.041
2018-05-24 20:00:00,0.214
2018-05-24 21:00:00,0.013
2018-05-24 22:00:00,0.001
2018-05-24 23:00:00,0.035
2018-05-25 00:00:00,0.104
2018-05-25 01:00:00,0.359
2018-05-25 02:00:00,0.35
2018-05-25 03:00:00,0.332
2018-05-25 04:00:00,0.466
2018-05-25 05:00:00,1.172
2018-05-25 06:00:00,0.602
2018-05-25 07:00:00,0.306
2018-05-25 08:00:00,0.196
2018-05-25 09:00:00,0.182
2018-05-25 10:00:00,0.275
2018-05-25 11:00:00,0.185
2018-05-25 12:00:00,0.044
2018-05-25 13:00:00,0.028
2018-05-25 14:00:00,0.028
2018-05-25 15:00:00,0.031
2018-05-25 16:00:00,0.051
2018-05-25 17:00:00,0.053
2018-05-25 18:00:00,0.063
2018-05-25 19:00:00,0.037
2018-05-25 20:00:00,0.202
2018-05-25 21:00:00,0.013
2018-05-25 22:00:00,0.001
2018-05-25 23:00:00,0.031
2018-05-26 00:00:00,0.054
2018-05-26 01:00:00,0.262
2018-05-26 02:00:00,0.189
2018-05-26 03:00:00,0.131
2018-05-26 04:00:00,0.14
2018-05-26 05:00:00,0.634
2018-05-26 06:00:00,0.429
2018-05-26 07:00:00,0.155
2018-05-26 08:00:00,0.145
2018-05-26 09:00:00,0.191
2018-05-26 10:00:00,0.077
2018-05-26 11:00:00,0.073
2018-05-26 12:00:00,0.038
2018-05-26 13:00:00,0.035
2018-05-26 14:00:00,0.039
2018-05-26 15:00:00,0.043
2018-05-26 16:00:00,0.051
2018-05-26 17:00:00,0.056
2018-05-26 18:00:00,0.068
2018-05-26 19:00:00,0.044
2018-05-26 20:00:00,0.138
2018-05-26 21:00:00,0.052
2018-05-26 22:00:00,0.038
2018-05-26 23:00:00,0.049
2018-05-27 00:00:00,0.064
2018-05-27 01:00:00,0.343
2018-05-27 02:00:00,0.296
2018-05-27 03:00:00,0.175
2018-05-27 04:00:00,0.149
2018-05-27 05:00:00,0.349
2018-05-27 06:00:00,0.476
2018-05-27 07:00:00,0.12
2018-05-27 08:00:00,0.128
2018-05-27 09:00:00,0.19
2018-05-27 10:00:00,0.091
2018-05-27 11:00:00,0.071
2018-05-27 12:00:00,0.025
2018-05-27 13:00:00,0.027
2018-05-27 14:00:00,0.032
2018-05-27 15:00:00,0.036
2018-05-27 16:00:00,0.041
2018-05-27 17:00:00,0.046
2018-05-27 18:00:00,0.093
2018-05-27 19:00:00,0.099
2018-05-27 20:00:00,0.128
2018-05-27 21:00:00,0.04
2018-05-27 22:00:00,0.045
2018-05-27 23:00:00,0.098
2018-05-28 00:00:00,0.184
2018-05-28 01:00:00,0.734
2018-05-28 02:00:00,0.797
2018-05-28 03:00:00,0.917
2018-05-28 04:00:00,1.111
2018-05-28 05:00:00,1.854
2018-05-28 06:00:00,1.391
2018-05-28 07:00:00,1.202
2018-05-28 08:00:00,0.856
2018-05-28 09:00:00,0.69
2018-05-28 10:00:00,0.71
2018-05-28 11:00:00,0.924
2018-05-28 12:00:00,0.443
2018-05-28 13:00:00,0.333
2018-05-28 14:00:00,0.244
2018-05-28 15:00:00,0.105
2018-05-28 16:00:00,0.144
2018-05-28 17:00:00,0.14
2018-05-28 18:00:00,0.131
2018-05-28 19:00:00,0.071
2018-05-28 20:00:00,0.331
2018-05-28 21:00:00,0.063
2018-05-28 22:00:00,0.199
2018-05-28 23:00:00,0.19
2018-05-29 00:00:00,0.137
2018-05-29 01:00:00,0.683
2018-05-29 02:00:00,0.644
2018-05-29 03:00:00,0.421
2018-05-29 04:00:00,0.365
2018-05-29 05:00:00,1.183
2018-05-29 06:00:00,0.893
2018-05-29 07:00:00,0.562
2018-05-29 08:00:00,0.464
2018-05-29 09:00:00,0.215
2018-05-29 10:00:00,0.298
2018-05-29 11:00:00,0.268
2018-05-29 12:00:00,0.065
2018-05-29 13:00:00,0.037
2018-05-29 14:00:00,0.043
2018-05-29 15:00:00,0.085
2018-05-29 16:00:00,0.088
2018-05-29 17:00:00,0.081
2018-05-29 18:00:00,0.092
2018-05-29 19:00:00,0.055
2018-05-29 20:00:00,0.226
2018-05-29 21:00:00,0.023
2018-05-29 22:00:00,0.001
2018-05-29 23:00:00,0.026
2018-05-30 00:00:00,0.115
2018-05-30 01:00:00,0.327
2018-05-30 02:00:00,0.26
2018-05-30 03:00:00,0.175
2018-05-30 04:00:00,0.191
2018-05-30 05:00:00,0.811
2018-05-30 06:00:00,0.513
2018-05-30 07:00:00,0.432
2018-05-30 08:00:00,0.254
2018-05-30 09:00:00,0.188
2018-05-30 10:00:00,0.268
2018-05-30 11:00:00,0.301
2018-05-30 12:00:00,0.106
2018-05-30 13:00:00,0.042
2018-05-30 14:00:00,0.047
2018-05-30 15:00:00,0.085
2018-05-30 16:00:00,0.097
2018-05-30 17:00:00,0.105
2018-05-30 18:00:00,0.092
2018-05-30 19:00:00,0.055
2018-05-30 20:00:00,0.28
2018-05-30 21:00:00,0.027
2018-05-30 22:00:00,0.052
2018-05-30 23:00:00,0.046
2018-05-31 00:00:00,0.091
2018-05-31 01:00:00,0.439
2018-05-31 02:00:00,0.417
2018-05-31 03:00:00,0.28
2018-05-31 04:00:00,0.267
2018-05-31 05:00:00,0.886
2018-05-31 06:00:00,0.58
2018-05-31 07:00:00,0.604
2018-05-31 08:00:00,0.217
2018-05-31 09:00:00,0.234
2018-05-31 10:00:00,0.422
2018-05-31 11:00:00,0.448
2018-05-31 12:00:00,0.117
2018-05-31 13:00:00,0.036
2018-05-31 14:00:00,0.035
2018-05-31 15:00:00,0.07
2018-05-31 16:00:00,0.076
2018-05-31 17:00:00,0.07
2018-05-31 18:00:00,0.092
2018-05-31 19:00:00,0.054
2018-05-31 20:00:00,0.271
2018-05-31 21:00:00,0.021
2018-05-31 22:00:00,0.034
2018-05-31 23:00:00,0.114
2018-06-01 00:00:00,0.102
2018-06-01 01:00:00,0.324
2018-06-01 02:00:00,0.3
2018-06-01 03:00:00,0.202
2018-06-01 04:00:00,0.2
2018-06-01 05:00:00,0.837
2018-06-01 06:00:00,0.363
2018-06-01 07:00:00,0.16
2018-06-01 08:00:00,0.229
2018-06-01 09:00:00,0.198
2018-06-01 10:00:00,0.159
2018-06-01 11:00:00,0.155
2018-06-01 12:00:00,0.045
2018-06-01 13:00:00,0.03
2018-06-01 14:00:00,0.034
2018-06-01 15:00:00,0.04
2018-06-01 16:00:00,0.066
2018-06-01 17:00:00,0.053
2018-06-01 18:00:00,0.067
2018-06-01 19:00:00,0.037
2018-06-01 20:00:00,0.174
2018-06-01 21:00:00,0.008
2018-06-01 22:00:00,0.001
2018-06-01 23:00:00,0.02
2018-06-02 00:00:00,0.04
2018-06-02 01:00:00,0.264
2018-06-02 02:00:00,0.168
2018-06-02 03:00:00,0.11
2018-06-02 04:00:00,0.12
2018-06-02 05:00:00,0.588
2018-06-02 06:00:00,0.249
2018-06-02 07:00:00,0.143
2018-06-02 08:00:00,0.161
2018-06-02 09:00:00,0.206
2018-06-02 10:00:00,0.09
2018-06-02 11:00:00,0.098
2018-06-02 12:00:00,0.051
2018-06-02 13:00:00,0.044
2018-06-02 14:00:00,0.049
2018-06-02 15:00:00,0.058
2018-06-02 16:00:00,0.067
2018-06-02 17:00:00,0.069
2018-06-02 18:00:00,0.081
2018-06-02 19:00:00,0.046
2018-06-02 20:00:00,0.116
2018-06-02 21:00:00,0.028
2018-06-02 22:00:00,0.04
2018-06-02 23:00:00,0.054
2018-06-03 00:00:00,0.072
2018-06-03 01:00:00,0.453
2018-06-03 02:00:00,0.312
2018-06-03 03:00:00,0.181
2018-06-03 04:00:00,0.128
2018-06-03 05:00:00,0.378
2018-06-03 06:00:00,0.255
2018-06-03 07:00:00,0.514
2018-06-03 08:00:00,0.462
2018-06-03 09:00:00,1.202
2018-06-03 10:00:00,2.234
2018-06-03 11:00:00,2.175
2018-06-03 12:00:00,2.648
2018-06-03 13:00:00,2.496
2018-06-03 14:00:00,3.64
2018-06-03 15:00:00,3.809
2018-06-03 16:00:00,4.053
2018-06-03 17:00:00,4.645
2018-06-03 18:00:00,5.17
2018-06-03 19:00:00,5.463
2018-06-03 20:00:00,5.502
2018-06-03 21:00:00,8.703
2018-06-03 22:00:00,11.946
2018-06-03 23:00:00,11.89
2018-06-04 00:00:00,13.809
2018-06-04 01:00:00,18.842
2018-06-04 02:00:00,19.905
2018-06-04 03:00:00,18.256
2018-06-04 04:00:00,20.19
2018-06-04 05:00:00,20.664
2018-06-04 06:00:00,17.084
2018-06-04 07:00:00,16.123
2018-06-04 08:00:00,13.649
2018-06-04 09:00:00,8.519
2018-06-04 10:00:00,4.182
2018-06-04 11:00:00,2.13
2018-06-04 12:00:00,0.641
2018-06-04 13:00:00,0.167
2018-06-04 14:00:00,0.066
2018-06-04 15:00:00,0.1
2018-06-04 16:00:00,0.118
2018-06-04 17:00:00,0.108
2018-06-04 18:00:00,0.117
2018-06-04 19:00:00,0.079
2018-06-04 20:00:00,0.267
2018-06-04 21:00:00,0.031
2018-06-04 22:00:00,0.004
2018-06-04 23:00:00,0.069
2018-06-05 00:00:00,0.16
2018-06-05 01:00:00,0.532
2018-06-05 02:00:00,0.979
2018-06-05 03:00:00,0.976
2018-06-05 04:00:00,1.128
2018-06-05 05:00:00,2.047
2018-06-05 06:00:00,1.131
2018-06-05 07:00:00,0.562
2018-06-05 08:00:00,0.215
2018-06-05 09:00:00,0.19
2018-06-05 10:00:00,0.229
2018-06-05 11:00:00,0.292
2018-06-05 12:00:00,0.051
2018-06-05 13:00:00,0.034
2018-06-05 14:00:00,0.039
2018-06-05 15:00:00,0.076
2018-06-05 16:00:00,0.086
2018-06-05 17:00:00,0.092
2018-06-05 18:00:00,0.095
2018-06-05 19:00:00,0.057
2018-06-05 20:00:00,0.259
2018-06-05 21:00:00,0.048
2018-06-05 22:00:00,0.012
2018-06-05 23:00:00,0.084
2018-06-06 00:00:00,0.138
2018-06-06 01:00:00,0.567
2018-06-06 02:00:00,0.62
2018-06-06 03:00:00,0.642
2018-06-06 04:00:00,0.753
2018-06-06 05:00:00,1.665
2018-06-06 06:00:00,1.424
2018-06-06 07:00:00,1.11
2018-06-06 08:00:00,0.368
2018-06-06 09:00:00,0.292
2018-06-06 10:00:00,0.301
2018-06-06 11:00:00,0.258
2018-06-06 12:00:00,0.112
2018-06-06 13:00:00,0.093
2018-06-06 14:00:00,0.039
2018-06-06 15:00:00,0.078
2018-06-06 16:00:00,0.084
2018-06-06 17:00:00,0.085
2018-06-06 18:00:00,0.094
2018-06-06 19:00:00,0.056
2018-06-06 20:00:00,0.294
2018-06-06 21:00:00,0.055
2018-06-06 22:00:00,0.034
2018-06-06 23:00:00,0.116
2018-06-07 00:00:00,0.202
2018-06-07 01:00:00,0.675
2018-06-07 02:00:00,0.958
2018-06-07 03:00:00,1.131
2018-06-07 04:00:00,1.356
2018-06-07 05:00:00,2.018
2018-06-07 06:00:00,1.246
2018-06-07 07:00:00,0.518
2018-06-07 08:00:00,0.341
2018-06-07 09:00:00,0.271
2018-06-07 10:00:00,0.299
2018-06-07 11:00:00,0.21
2018-06-07 12:00:00,0.057
2018-06-07 13:00:00,0.06
2018-06-07 14:00:00,0.04
2018-06-07 15:00:00,0.077
2018-06-07 16:00:00,0.076
2018-06-07 17:00:00,0.078
2018-06-07 18:00:00,0.083
2018-06-07 19:00:00,0.053
2018-06-07 20:00:00,0.26
2018-06-07 21:00:00,0.024
2018-06-07 22:00:00,0.001
2018-06-07 23:00:00,0.144
2018-06-08 00:00:00,0.136
2018-06-08 01:00:00,0.465
2018-06-08 02:00:00,0.489
2018-06-08 03:00:00,0.455
2018-06-08 04:00:00,0.559
2018-06-08 05:00:00,1.347
2018-06-08 06:00:00,0.657
2018-06-08 07:00:00,0.321
2018-06-08 08:00:00,0.196
2018-06-08 09:00:00,0.195
2018-06-08 10:00:00,0.221
2018-06-08 11:00:00,0.2
2018-06-08 12:00:00,0.051
2018-06-08 13:00:00,0.032
2018-06-08 14:00:00,0.035
2018-06-08 15:00:00,0.074
2018-06-08 16:00:00,0.072
2018-06-08 17:00:00,0.073
2018-06-08 18:00:00,0.078
2018-06-08 19:00:00,0.042
2018-06-08 20:00:00,0.231
2018-06-08 21:00:00,0.015
2018-06-08 22:00:00,0.001
2018-06-08 23:00:00,0.08
2018-06-09 00:00:00,0.059
2018-06-09 01:00:00,0.285
2018-06-09 02:00:00,0.248
2018-06-09 03:00:00,0.146
2018-06-09 04:00:00,0.149
2018-06-09 05:00:00,0.712
2018-06-09 06:00:00,0.332
2018-06-09 07:00:00,0.174
2018-06-09 08:00:00,0.201
2018-06-09 09:00:00,0.211
2018-06-09 10:00:00,0.092
2018-06-09 11:00:00,0.08
2018-06-09 12:00:00,0.046
2018-06-09 13:00:00,0.047
2018-06-09 14:00:00,0.047
2018-06-09 15:00:00,0.04
2018-06-09 16:00:00,0.042
2018-06-09 17:00:00,0.049
2018-06-09 18:00:00,0.072
2018-06-09 19:00:00,0.045
2018-06-09 20:00:00,0.114
2018-06-09 21:00:00,0.027
2018-06-09 22:00:00,0.039
2018-06-09 23:00:00,0.05
2018-06-10 00:00:00,0.064
2018-06-10 01:00:00,0.344
2018-06-10 02:00:00,0.315
2018-06-10 03:00:00,0.231
2018-06-10 04:00:00,0.295
2018-06-10 05:00:00,0.571
2018-06-10 06:00:00,0.305
2018-06-10 07:00:00,0.413
2018-06-10 08:00:00,0.205
2018-06-10 09:00:00,0.272
2018-06-10 10:00:00,0.16
2018-06-10 11:00:00,0.107
2018-06-10 12:00:00,0.056
2018-06-10 13:00:00,0.05
2018-06-10 14:00:00,0.044
2018-06-10 15:00:00,0.041
2018-06-10 16:00:00,0.044
2018-06-10 17:00:00,0.051
2018-06-10 18:00:00,0.104
2018-06-10 19:00:00,0.066
2018-06-10 20:00:00,0.14
2018-06-10 21:00:00,0.108
2018-06-10 22:00:00,0.161
2018-06-10 23:00:00,0.284
2018-06-11 00:00:00,0.438
2018-06-11 01:00:00,1.57
2018-06-11 02:00:00,2.188
2018-06-11 03:00:00,2.9
2018-06-11 04:00:00,4.206
2018-06-11 05:00:00,5.705
2018-06-11 06:00:00,4.193
2018-06-11 07:00:00,3.431
2018-06-11 08:00:00,3.604
2018-06-11 09:00:00,3.482
2018-06-11 10:00:00,3.032
2018-06-11 11:00:00,3.094
2018-06-11 12:00:00,1.895
2018-06-11 13:00:00,1.627
2018-06-11 14:00:00,1.177
2018-06-11 15:00:00,1.203
2018-06-11 16:00:00,1.056
2018-06-11 17:00:00,0.944
2018-06-11 18:00:00,0.74
2018-06-11 19:00:00,0.653
2018-06-11 20:00:00,0.739
2018-06-11 21:00:00,0.561
2018-06-11 22:00:00,0.66
2018-06-11 23:00:00,1.633
2018-06-12 00:00:00,3.146
2018-06-12 01:00:00,5.558
2018-06-12 02:00:00,8.14
2018-06-12 03:00:00,10.608
2018-06-12 04:00:00,13.765
2018-06-12 05:00:00,13.66
2018-06-12 06:00:00,7.888
2018-06-12 07:00:00,4.322
2018-06-12 08:00:00,2.173
2018-06-12 09:00:00,0.53
2018-06-12 10:00:00,0.4
2018-06-12 11:00:00,0.44
2018-06-12 12:00:00,0.091
2018-06-12 13:00:00,0.044
2018-06-12 14:00:00,0.043
2018-06-12 15:00:00,0.08
2018-06-12 16:00:00,0.099
2018-06-12 17:00:00,0.1
2018-06-12 18:00:00,0.108
2018-06-12 19:00:00,0.075
2018-06-12 20:00:00,0.277
2018-06-12 21:00:00,0.035
2018-06-12 22:00:00,0.003
2018-06-12 23:00:00,0.048
2018-06-13 00:00:00,0.112
2018-06-13 01:00:00,0.458
2018-06-13 02:00:00,0.487
2018-06-13 03:00:00,0.363
2018-06-13 04:00:00,0.403
2018-06-13 05:00:00,1.19
2018-06-13 06:00:00,0.707
2018-06-13 07:00:00,0.351
2018-06-13 08:00:00,0.216
2018-06-13 09:00:00,0.264
2018-06-13 10:00:00,0.22
2018-06-13 11:00:00,0.196
2018-06-13 12:00:00,0.05
2018-06-13 13:00:00,0.035
2018-06-13 14:00:00,0.04
2018-06-13 15:00:00,0.079
2018-06-13 16:00:00,0.079
2018-06-13 17:00:00,0.072
2018-06-13 18:00:00,0.078
2018-06-13 19:00:00,0.046
2018-06-13 20:00:00,0.209
2018-06-13 21:00:00,0.019
2018-06-13 22:00:00,0.001
2018-06-13 23:00:00,0.026
2018-06-14 00:00:00,0.045
2018-06-14 01:00:00,0.244
2018-06-14 02:00:00,0.169
2018-06-14 03:00:00,0.091
2018-06-14 04:00:00,0.163
2018-06-14 05:00:00,0.43
2018-06-14 06:00:00,0.268
2018-06-14 07:00:00,0.148
2018-06-14 08:00:00,0.164
2018-06-14 09:00:00,0.122
2018-06-14 10:00:00,0.15
2018-06-14 11:00:00,0.148
2018-06-14 12:00:00,0.044
2018-06-14 13:00:00,0.029
2018-06-14 14:00:00,0.028
2018-06-14 15:00:00,0.055
2018-06-14 16:00:00,0.05
2018-06-14 17:00:00,0.052
2018-06-14 18:00:00,0.065
2018-06-14 19:00:00,0.036
2018-06-14 20:00:00,0.168
2018-06-14 21:00:00,0.011
2018-06-14 22:00:00,0.001
2018-06-14 23:00:00,0.027
2018-06-15 00:00:00,0.043
2018-06-15 01:00:00,0.253
2018-06-15 02:00:00,0.166
2018-06-15 03:00:00,0.165
2018-06-15 04:00:00,0.177
2018-06-15 05:00:00,0.731
2018-06-15 06:00:00,0.329
2018-06-15 07:00:00,0.192
2018-06-15 08:00:00,0.127
2018-06-15 09:00:00,0.131
2018-06-15 10:00:00,0.186
2018-06-15 11:00:00,0.178
2018-06-15 12:00:00,0.047
2018-06-15 13:00:00,0.03
2018-06-15 14:00:00,0.035
2018-06-15 15:00:00,0.072
2018-06-15 16:00:00,0.063
2018-06-15 17:00:00,0.042
2018-06-15 18:00:00,0.066
2018-06-15 19:00:00,0.035
2018-06-15 20:00:00,0.201
2018-06-15 21:00:00,0.014
2018-06-15 22:00:00,0.001
2018-06-15 23:00:00,0.024
2018-06-16 00:00:00,0.056
2018-06-16 01:00:00,0.29
2018-06-16 02:00:00,0.372
2018-06-16 03:00:00,0.287
2018-06-16 04:00:00,0.343
2018-06-16 05:00:00,0.879
2018-06-16 06:00:00,0.374
2018-06-16 07:00:00,0.148
2018-06-16 08:00:00,0.182
2018-06-16 09:00:00,0.209
2018-06-16 10:00:00,0.083
2018-06-16 11:00:00,0.077
2018-06-16 12:00:00,0.037
2018-06-16 13:00:00,0.033
2018-06-16 14:00:00,0.031
2018-06-16 15:00:00,0.028
2018-06-16 16:00:00,0.029
2018-06-16 17:00:00,0.033
2018-06-16 18:00:00,0.055
2018-06-16 19:00:00,0.033
2018-06-16 20:00:00,0.109
2018-06-16 21:00:00,0.027
2018-06-16 22:00:00,0.033
2018-06-16 23:00:00,0.037
2018-06-17 00:00:00,0.047
2018-06-17 01:00:00,0.264
2018-06-17 02:00:00,0.189
2018-06-17 03:00:00,0.121
2018-06-17 04:00:00,0.126
2018-06-17 05:00:00,0.36
2018-06-17 06:00:00,0.248
2018-06-17 07:00:00,0.353
2018-06-17 08:00:00,0.124
2018-06-17 09:00:00,0.183
2018-06-17 10:00:00,0.081
2018-06-17 11:00:00,0.065
2018-06-17 12:00:00,0.021
2018-06-17 13:00:00,0.017
2018-06-17 14:00:00,0.017
2018-06-17 15:00:00,0.018
2018-06-17 16:00:00,0.018
2018-06-17 17:00:00,0.021
2018-06-17 18:00:00,0.058
2018-06-17 19:00:00,0.036
2018-06-17 20:00:00,0.109
2018-06-17 21:00:00,0.022
2018-06-17 22:00:00,0.027
2018-06-17 23:00:00,0.036
2018-06-18 00:00:00,0.043
2018-06-18 01:00:00,0.25
2018-06-18 02:00:00,0.168
2018-06-18 03:00:00,0.131
2018-06-18 04:00:00,0.246
2018-06-18 05:00:00,0.712
2018-06-18 06:00:00,0.277
2018-06-18 07:00:00,0.158
2018-06-18 08:00:00,0.071
2018-06-18 09:00:00,0.115
2018-06-18 10:00:00,0.107
2018-06-18 11:00:00,0.121
2018-06-18 12:00:00,0.038
2018-06-18 13:00:00,0.022
2018-06-18 14:00:00,0.017
2018-06-18 15:00:00,0.039
2018-06-18 16:00:00,0.05
2018-06-18 17:00:00,0.043
2018-06-18 18:00:00,0.05
2018-06-18 19:00:00,0.041
2018-06-18 20:00:00,0.114
2018-06-18 21:00:00,0.007
2018-06-18 22:00:00,0.0
2018-06-18 23:00:00,0.021
2018-06-19 00:00:00,0.035
2018-06-19 01:00:00,0.172
2018-06-19 02:00:00,0.117
2018-06-19 03:00:00,0.063
2018-06-19 04:00:00,0.086
2018-06-19 05:00:00,0.363
2018-06-19 06:00:00,0.252
2018-06-19 07:00:00,0.102
2018-06-19 08:00:00,0.061
2018-06-19 09:00:00,0.052
2018-06-19 10:00:00,0.129
2018-06-19 11:00:00,0.079
2018-06-19 12:00:00,0.013
2018-06-19 13:00:00,0.014
2018-06-19 14:00:00,0.029
2018-06-19 15:00:00,0.069
2018-06-19 16:00:00,0.071
2018-06-19 17:00:00,0.066
2018-06-19 18:00:00,0.074
2018-06-19 19:00:00,0.043
2018-06-19 20:00:00,0.184
2018-06-19 21:00:00,0.013
2018-06-19 22:00:00,0.001
2018-06-19 23:00:00,0.025
2018-06-20 00:00:00,0.05
2018-06-20 01:00:00,0.249
2018-06-20 02:00:00,0.166
2018-06-20 03:00:00,0.124
2018-06-20 04:00:00,0.163
2018-06-20 05:00:00,0.633
2018-06-20 06:00:00,0.322
2018-06-20 07:00:00,0.228
2018-06-20 08:00:00,0.102
2018-06-20 09:00:00,0.139
2018-06-20 10:00:00,0.134
2018-06-20 11:00:00,0.145
2018-06-20 12:00:00,0.036
2018-06-20 13:00:00,0.032
2018-06-20 14:00:00,0.031
2018-06-20 15:00:00,0.078
2018-06-20 16:00:00,0.079
2018-06-20 17:00:00,0.074
2018-06-20 18:00:00,0.082
2018-06-20 19:00:00,0.047
2018-06-20 20:00:00,0.242
2018-06-20 21:00:00,0.021
2018-06-20 22:00:00,0.001
2018-06-20 23:00:00,0.03
2018-06-21 00:00:00,0.059
2018-06-21 01:00:00,0.378
2018-06-21 02:00:00,0.234
2018-06-21 03:00:00,0.167
2018-06-21 04:00:00,0.179
2018-06-21 05:00:00,0.729
2018-06-21 06:00:00,0.332
2018-06-21 07:00:00,0.146
2018-06-21 08:00:00,0.098
2018-06-21 09:00:00,0.137
2018-06-21 10:00:00,0.172
2018-06-21 11:00:00,0.161
2018-06-21 12:00:00,0.048
2018-06-21 13:00:00,0.033
2018-06-21 14:00:00,0.035
2018-06-21 15:00:00,0.076
2018-06-21 16:00:00,0.038
2018-06-21 17:00:00,0.054
2018-06-21 18:00:00,0.079
2018-06-21 19:00:00,0.045
2018-06-21 20:00:00,0.215
2018-06-21 21:00:00,0.017
2018-06-21 22:00:00,0.001
2018-06-21 23:00:00,0.026
2018-06-22 00:00:00,0.05
2018-06-22 01:00:00,0.294
2018-06-22 02:00:00,0.203
2018-06-22 03:00:00,0.141
2018-06-22 04:00:00,0.171
2018-06-22 05:00:00,0.708
2018-06-22 06:00:00,0.41
2018-06-22 07:00:00,0.244
2018-06-22 08:00:00,0.214
2018-06-22 09:00:00,0.269
2018-06-22 10:00:00,0.345
2018-06-22 11:00:00,0.506
2018-06-22 12:00:00,0.316
2018-06-22 13:00:00,0.071
2018-06-22 14:00:00,0.088
2018-06-22 15:00:00,0.153
2018-06-22 16:00:00,0.16
2018-06-22 17:00:00,0.165
2018-06-22 18:00:00,0.208
2018-06-22 19:00:00,0.204
2018-06-22 20:00:00,0.443
2018-06-22 21:00:00,0.126
2018-06-22 22:00:00,0.082
2018-06-22 23:00:00,0.187
2018-06-23 00:00:00,0.422
2018-06-23 01:00:00,0.87
2018-06-23 02:00:00,0.894
2018-06-23 03:00:00,0.73
2018-06-23 04:00:00,0.669
2018-06-23 05:00:00,1.23
2018-06-23 06:00:00,0.788
2018-06-23 07:00:00,0.358
2018-06-23 08:00:00,0.434
2018-06-23 09:00:00,0.477
2018-06-23 10:00:00,0.232
2018-06-23 11:00:00,0.165
2018-06-23 12:00:00,0.106
2018-06-23 13:00:00,0.092
2018-06-23 14:00:00,0.086
2018-06-23 15:00:00,0.066
2018-06-23 16:00:00,0.067
2018-06-23 17:00:00,0.074
2018-06-23 18:00:00,0.083
2018-06-23 19:00:00,0.054
2018-06-23 20:00:00,0.122
2018-06-23 21:00:00,0.034
2018-06-23 22:00:00,0.109
2018-06-23 23:00:00,0.069
2018-06-24 00:00:00,0.074
2018-06-24 01:00:00,0.484
2018-06-24 02:00:00,0.393
2018-06-24 03:00:00,0.279
2018-06-24 04:00:00,0.234
2018-06-24 05:00:00,0.488
2018-06-24 06:00:00,0.307
2018-06-24 07:00:00,0.434
2018-06-24 08:00:00,0.402
2018-06-24 09:00:00,0.189
2018-06-24 10:00:00,0.133
2018-06-24 11:00:00,0.092
2018-06-24 12:00:00,0.041
2018-06-24 13:00:00,0.035
2018-06-24 14:00:00,0.036
2018-06-24 15:00:00,0.039
2018-06-24 16:00:00,0.042
2018-06-24 17:00:00,0.041
2018-06-24 18:00:00,0.08
2018-06-24 19:00:00,0.055
2018-06-24 20:00:00,0.128
2018-06-24 21:00:00,0.044
2018-06-24 22:00:00,0.048
2018-06-24 23:00:00,0.065
2018-06-25 00:00:00,0.065
2018-06-25 01:00:00,0.37
2018-06-25 02:00:00,0.26
2018-06-25 03:00:00,0.179
2018-06-25 04:00:00,0.2
2018-06-25 05:00:00,0.753
2018-06-25 06:00:00,0.335
2018-06-25 07:00:00,0.175
2018-06-25 08:00:00,0.095
2018-06-25 09:00:00,0.138
2018-06-25 10:00:00,0.166
2018-06-25 11:00:00,0.157
2018-06-25 12:00:00,0.05
2018-06-25 13:00:00,0.034
2018-06-25 14:00:00,0.036
2018-06-25 15:00:00,0.077
2018-06-25 16:00:00,0.08
2018-06-25 17:00:00,0.069
2018-06-25 18:00:00,0.086
2018-06-25 19:00:00,0.054
2018-06-25 20:00:00,0.209
2018-06-25 21:00:00,0.013
2018-06-25 22:00:00,0.001
2018-06-25 23:00:00,0.032
2018-06-26 00:00:00,0.058
2018-06-26 01:00:00,0.287
2018-06-26 02:00:00,0.243
2018-06-26 03:00:00,0.259
2018-06-26 04:00:00,0.294
2018-06-26 05:00:00,1.019
2018-06-26 06:00:00,0.569
2018-06-26 07:00:00,0.263
2018-06-26 08:00:00,0.117
2018-06-26 09:00:00,0.177
2018-06-26 10:00:00,0.215
2018-06-26 11:00:00,0.194
2018-06-26 12:00:00,0.051
2018-06-26 13:00:00,0.032
2018-06-26 14:00:00,0.032
2018-06-26 15:00:00,0.076
2018-06-26 16:00:00,0.07
2018-06-26 17:00:00,0.071
2018-06-26 18:00:00,0.08
2018-06-26 19:00:00,0.048
2018-06-26 20:00:00,0.224
2018-06-26 21:00:00,0.019
2018-06-26 22:00:00,0.001
2018-06-26 23:00:00,0.062
2018-06-27 00:00:00,0.098
2018-06-27 01:00:00,0.295
2018-06-27 02:00:00,0.249
2018-06-27 03:00:00,0.19
2018-06-27 04:00:00,0.21
2018-06-27 05:00:00,0.814
2018-06-27 06:00:00,0.422
2018-06-27 07:00:00,0.201
2018-06-27 08:00:00,0.134
2018-06-27 09:00:00,0.179
2018-06-27 10:00:00,0.227
2018-06-27 11:00:00,0.262
2018-06-27 12:00:00,0.07
2018-06-27 13:00:00,0.038
2018-06-27 14:00:00,0.04
2018-06-27 15:00:00,0.078
2018-06-27 16:00:00,0.085
2018-06-27 17:00:00,0.085
2018-06-27 18:00:00,0.079
2018-06-27 19:00:00,0.045
2018-06-27 20:00:00,0.214
2018-06-27 21:00:00,0.025
2018-06-27 22:00:00,0.001
2018-06-27 23:00:00,0.033
2018-06-28 00:00:00,0.055
2018-06-28 01:00:00,0.291
2018-06-28 02:00:00,0.211
2018-06-28 03:00:00,0.083
2018-06-28 04:00:00,0.168
2018-06-28 05:00:00,0.428
2018-06-28 06:00:00,0.281
2018-06-28 07:00:00,0.142
2018-06-28 08:00:00,0.089
2018-06-28 09:00:00,0.077
2018-06-28 10:00:00,0.1
2018-06-28 11:00:00,0.137
2018-06-28 12:00:00,0.042
2018-06-28 13:00:00,0.026
2018-06-28 14:00:00,0.024
2018-06-28 15:00:00,0.07
2018-06-28 16:00:00,0.07
2018-06-28 17:00:00,0.057
2018-06-28 18:00:00,0.056
2018-06-28 19:00:00,0.038
2018-06-28 20:00:00,0.167
2018-06-28 21:00:00,0.01
2018-06-28 22:00:00,0.001
2018-06-28 23:00:00,0.025
2018-06-29 00:00:00,0.045
2018-06-29 01:00:00,0.247
2018-06-29 02:00:00,0.16
2018-06-29 03:00:00,0.125
2018-06-29 04:00:00,0.203
2018-06-29 05:00:00,0.725
2018-06-29 06:00:00,0.281
2018-06-29 07:00:00,0.209
2018-06-29 08:00:00,0.106
2018-06-29 09:00:00,0.124
2018-06-29 10:00:00,0.151
2018-06-29 11:00:00,0.144
2018-06-29 12:00:00,0.044
2018-06-29 13:00:00,0.026
2018-06-29 14:00:00,0.021
2018-06-29 15:00:00,0.041
2018-06-29 16:00:00,0.057
2018-06-29 17:00:00,0.049
2018-06-29 18:00:00,0.053
2018-06-29 19:00:00,0.031
2018-06-29 20:00:00,0.095
2018-06-29 21:00:00,0.003
2018-06-29 22:00:00,0.001
2018-06-29 23:00:00,0.022
2018-06-30 00:00:00,0.033
2018-06-30 01:00:00,0.214
2018-06-30 02:00:00,0.114
2018-06-30 03:00:00,0.103
2018-06-30 04:00:00,0.103
2018-06-30 05:00:00,0.576
2018-06-30 06:00:00,0.232
2018-06-30 07:00:00,0.11
2018-06-30 08:00:00,0.121
2018-06-30 09:00:00,0.162
2018-06-30 10:00:00,0.065
2018-06-30 11:00:00,0.058
2018-06-30 12:00:00,0.031
2018-06-30 13:00:00,0.028
2018-06-30 14:00:00,0.027
2018-06-30 15:00:00,0.024
2018-06-30 16:00:00,0.03
2018-06-30 17:00:00,0.033
2018-06-30 18:00:00,0.045
2018-06-30 19:00:00,0.029
2018-06-30 20:00:00,0.093
2018-06-30 21:00:00,0.02
2018-06-30 22:00:00,0.03
2018-06-30 23:00:00,0.035
2018-07-01 00:00:00,0.037
2018-07-01 01:00:00,0.208
2018-07-01 02:00:00,0.129
2018-07-01 03:00:00,0.06
2018-07-01 04:00:00,0.086
2018-07-01 05:00:00,0.245
2018-07-01 06:00:00,0.207
2018-07-01 07:00:00,0.084
2018-07-01 08:00:00,0.098
2018-07-01 09:00:00,0.15
2018-07-01 10:00:00,0.055
2018-07-01 11:00:00,0.044
2018-07-01 12:00:00,0.011
2018-07-01 13:00:00,0.01
2018-07-01 14:00:00,0.009
2018-07-01 15:00:00,0.009
2018-07-01 16:00:00,0.012
2018-07-01 17:00:00,0.003
2018-07-01 18:00:00,0.026
2018-07-01 19:00:00,0.002
2018-07-01 20:00:00,0.069
2018-07-01 21:00:00,0.008
2018-07-01 22:00:00,0.011
2018-07-01 23:00:00,0.027
2018-07-02 00:00:00,0.035
2018-07-02 01:00:00,0.163
2018-07-02 02:00:00,0.101
2018-07-02 03:00:00,0.077
2018-07-02 04:00:00,0.107
2018-07-02 05:00:00,0.313
2018-07-02 06:00:00,0.27
2018-07-02 07:00:00,0.105
2018-07-02 08:00:00,0.076
2018-07-02 09:00:00,0.095
2018-07-02 10:00:00,0.113
2018-07-02 11:00:00,0.084
2018-07-02 12:00:00,0.014
2018-07-02 13:00:00,0.006
2018-07-02 14:00:00,0.002
2018-07-02 15:00:00,0.01
2018-07-02 16:00:00,0.014
2018-07-02 17:00:00,0.031
2018-07-02 18:00:00,0.043
2018-07-02 19:00:00,0.027
2018-07-02 20:00:00,0.014
2018-07-02 21:00:00,0.0
2018-07-02 22:00:00,0.0
2018-07-02 23:00:00,0.023
2018-07-03 00:00:00,0.027
2018-07-03 01:00:00,0.101
2018-07-03 02:00:00,0.087
2018-07-03 03:00:00,0.063
2018-07-03 04:00:00,0.093
2018-07-03 05:00:00,0.316
2018-07-03 06:00:00,0.2
2018-07-03 07:00:00,0.054
2018-07-03 08:00:00,0.045
2018-07-03 09:00:00,0.053
2018-07-03 10:00:00,0.086
2018-07-03 11:00:00,0.061
2018-07-03 12:00:00,0.007
2018-07-03 13:00:00,0.004
2018-07-03 14:00:00,0.0
2018-07-03 15:00:00,0.008
2018-07-03 16:00:00,0.007
2018-07-03 17:00:00,0.023
2018-07-03 18:00:00,0.041
2018-07-03 19:00:00,0.022
2018-07-03 20:00:00,0.052
2018-07-03 21:00:00,0.0
2018-07-03 22:00:00,0.0
2018-07-03 23:00:00,0.011
2018-07-04 00:00:00,0.03
2018-07-04 01:00:00,0.072
2018-07-04 02:00:00,0.086
2018-07-04 03:00:00,0.062
2018-07-04 04:00:00,0.094
2018-07-04 05:00:00,0.289
2018-07-04 06:00:00,0.177
2018-07-04 07:00:00,0.069
2018-07-04 08:00:00,0.053
2018-07-04 09:00:00,0.084
2018-07-04 10:00:00,0.121
2018-07-04 11:00:00,0.088
2018-07-04 12:00:00,0.015
2018-07-04 13:00:00,0.01
2018-07-04 14:00:00,0.007
2018-07-04 15:00:00,0.016
2018-07-04 16:00:00,0.021
2018-07-04 17:00:00,0.028
2018-07-04 18:00:00,0.05
2018-07-04 19:00:00,0.024
2018-07-04 20:00:00,0.095
2018-07-04 21:00:00,0.003
2018-07-04 22:00:00,0.0
2018-07-04 23:00:00,0.021
2018-07-05 00:00:00,0.033
2018-07-05 01:00:00,0.145
2018-07-05 02:00:00,0.083
2018-07-05 03:00:00,0.067
2018-07-05 04:00:00,0.095
2018-07-05 05:00:00,0.311
2018-07-05 06:00:00,0.246
2018-07-05 07:00:00,0.09
2018-07-05 08:00:00,0.056
2018-07-05 09:00:00,0.067
2018-07-05 10:00:00,0.111
2018-07-05 11:00:00,0.091
2018-07-05 12:00:00,0.013
2018-07-05 13:00:00,0.008
2018-07-05 14:00:00,0.004
2018-07-05 15:00:00,0.018
2018-07-05 16:00:00,0.047
2018-07-05 17:00:00,0.024
2018-07-05 18:00:00,0.044
2018-07-05 19:00:00,0.021
2018-07-05 20:00:00,0.095
2018-07-05 21:00:00,0.007
2018-07-05 22:00:00,0.0
2018-07-05 23:00:00,0.023
2018-07-06 00:00:00,0.033
2018-07-06 01:00:00,0.136
2018-07-06 02:00:00,0.087
2018-07-06 03:00:00,0.065
2018-07-06 04:00:00,0.095
2018-07-06 05:00:00,0.282
2018-07-06 06:00:00,0.185
2018-07-06 07:00:00,0.093
2018-07-06 08:00:00,0.06
2018-07-06 09:00:00,0.083
2018-07-06 10:00:00,0.129
2018-07-06 11:00:00,0.123
2018-07-06 12:00:00,0.036
2018-07-06 13:00:00,0.024
2018-07-06 14:00:00,0.015
2018-07-06 15:00:00,0.023
2018-07-06 16:00:00,0.06
2018-07-06 17:00:00,0.046
2018-07-06 18:00:00,0.058
2018-07-06 19:00:00,0.028
2018-07-06 20:00:00,0.139
2018-07-06 21:00:00,0.001
2018-07-06 22:00:00,0.0
2018-07-06 23:00:00,0.022
2018-07-07 00:00:00,0.04
2018-07-07 01:00:00,0.217
2018-07-07 02:00:00,0.13
2018-07-07 03:00:00,0.094
2018-07-07 04:00:00,0.163
2018-07-07 05:00:00,0.612
2018-07-07 06:00:00,0.313
2018-07-07 07:00:00,0.154
2018-07-07 08:00:00,0.176
2018-07-07 09:00:00,0.21
2018-07-07 10:00:00,0.082
2018-07-07 11:00:00,0.104
2018-07-07 12:00:00,0.044
2018-07-07 13:00:00,0.037
2018-07-07 14:00:00,0.035
2018-07-07 15:00:00,0.03
2018-07-07 16:00:00,0.034
2018-07-07 17:00:00,0.029
2018-07-07 18:00:00,0.045
2018-07-07 19:00:00,0.012
2018-07-07 20:00:00,0.104
2018-07-07 21:00:00,0.024
2018-07-07 22:00:00,0.034
2018-07-07 23:00:00,0.063
2018-07-08 00:00:00,0.084
2018-07-08 01:00:00,0.339
2018-07-08 02:00:00,0.319
2018-07-08 03:00:00,0.329
2018-07-08 04:00:00,0.458
2018-07-08 05:00:00,0.702
2018-07-08 06:00:00,0.372
2018-07-08 07:00:00,0.389
2018-07-08 08:00:00,0.2
2018-07-08 09:00:00,0.205
2018-07-08 10:00:00,0.078
2018-07-08 11:00:00,0.09
2018-07-08 12:00:00,0.053
2018-07-08 13:00:00,0.018
2018-07-08 14:00:00,0.015
2018-07-08 15:00:00,0.015
2018-07-08 16:00:00,0.017
2018-07-08 17:00:00,0.008
2018-07-08 18:00:00,0.043
2018-07-08 19:00:00,0.012
2018-07-08 20:00:00,0.105
2018-07-08 21:00:00,0.024
2018-07-08 22:00:00,0.028
2018-07-08 23:00:00,0.048
2018-07-09 00:00:00,0.058
2018-07-09 01:00:00,0.279
2018-07-09 02:00:00,0.231
2018-07-09 03:00:00,0.25
2018-07-09 04:00:00,0.241
2018-07-09 05:00:00,0.807
2018-07-09 06:00:00,0.651
2018-07-09 07:00:00,0.247
2018-07-09 08:00:00,0.138
2018-07-09 09:00:00,0.159
2018-07-09 10:00:00,0.206
2018-07-09 11:00:00,0.155
2018-07-09 12:00:00,0.038
2018-07-09 13:00:00,0.029
2018-07-09 14:00:00,0.025
2018-07-09 15:00:00,0.074
2018-07-09 16:00:00,0.073
2018-07-09 17:00:00,0.045
2018-07-09 18:00:00,0.06
2018-07-09 19:00:00,0.032
2018-07-09 20:00:00,0.181
2018-07-09 21:00:00,0.01
2018-07-09 22:00:00,0.001
2018-07-09 23:00:00,0.023
2018-07-10 00:00:00,0.046
2018-07-10 01:00:00,0.232
2018-07-10 02:00:00,0.145
2018-07-10 03:00:00,0.157
2018-07-10 04:00:00,0.163
2018-07-10 05:00:00,0.757
2018-07-10 06:00:00,0.401
2018-07-10 07:00:00,0.232
2018-07-10 08:00:00,0.08
2018-07-10 09:00:00,0.115
2018-07-10 10:00:00,0.134
2018-07-10 11:00:00,0.112
2018-07-10 12:00:00,0.035
2018-07-10 13:00:00,0.024
2018-07-10 14:00:00,0.02
2018-07-10 15:00:00,0.027
2018-07-10 16:00:00,0.047
2018-07-10 17:00:00,0.039
2018-07-10 18:00:00,0.043
2018-07-10 19:00:00,0.023
2018-07-10 20:00:00,0.09
2018-07-10 21:00:00,0.0
2018-07-10 22:00:00,0.0
2018-07-10 23:00:00,0.022
2018-07-11 00:00:00,0.032
2018-07-11 01:00:00,0.178
2018-07-11 02:00:00,0.096
2018-07-11 03:00:00,0.07
2018-07-11 04:00:00,0.1
2018-07-11 05:00:00,0.307
2018-07-11 06:00:00,0.226
2018-07-11 07:00:00,0.101
2018-07-11 08:00:00,0.052
2018-07-11 09:00:00,0.09
2018-07-11 10:00:00,0.082
2018-07-11 11:00:00,0.093
2018-07-11 12:00:00,0.032
2018-07-11 13:00:00,0.023
2018-07-11 14:00:00,0.018
2018-07-11 15:00:00,0.028
2018-07-11 16:00:00,0.025
2018-07-11 17:00:00,0.03
2018-07-11 18:00:00,0.041
2018-07-11 19:00:00,0.022
2018-07-11 20:00:00,0.116
2018-07-11 21:00:00,0.0
2018-07-11 22:00:00,0.001
2018-07-11 23:00:00,0.021
2018-07-12 00:00:00,0.035
2018-07-12 01:00:00,0.194
2018-07-12 02:00:00,0.114
2018-07-12 03:00:00,0.072
2018-07-12 04:00:00,0.107
2018-07-12 05:00:00,0.563
2018-07-12 06:00:00,0.244
2018-07-12 07:00:00,0.302
2018-07-12 08:00:00,0.187
2018-07-12 09:00:00,0.151
2018-07-12 10:00:00,0.158
2018-07-12 11:00:00,0.146
2018-07-12 12:00:00,0.032
2018-07-12 13:00:00,0.024
2018-07-12 14:00:00,0.021
2018-07-12 15:00:00,0.069
2018-07-12 16:00:00,0.064
2018-07-12 17:00:00,0.031
2018-07-12 18:00:00,0.054
2018-07-12 19:00:00,0.024
2018-07-12 20:00:00,0.182
2018-07-12 21:00:00,0.011
2018-07-12 22:00:00,0.001
2018-07-12 23:00:00,0.024
2018-07-13 00:00:00,0.048
2018-07-13 01:00:00,0.238
2018-07-13 02:00:00,0.143
2018-07-13 03:00:00,0.148
2018-07-13 04:00:00,0.167
2018-07-13 05:00:00,0.657
2018-07-13 06:00:00,0.356
2018-07-13 07:00:00,0.257
2018-07-13 08:00:00,0.124
2018-07-13 09:00:00,0.135
2018-07-13 10:00:00,0.153
2018-07-13 11:00:00,0.139
2018-07-13 12:00:00,0.049
2018-07-13 13:00:00,0.027
2018-07-13 14:00:00,0.022
2018-07-13 15:00:00,0.071
2018-07-13 16:00:00,0.028
2018-07-13 17:00:00,0.026
2018-07-13 18:00:00,0.034
2018-07-13 19:00:00,0.021
2018-07-13 20:00:00,0.173
2018-07-13 21:00:00,0.011
2018-07-13 22:00:00,0.001
2018-07-13 23:00:00,0.024
2018-07-14 00:00:00,0.044
2018-07-14 01:00:00,0.24
2018-07-14 02:00:00,0.148
2018-07-14 03:00:00,0.137
2018-07-14 04:00:00,0.13
2018-07-14 05:00:00,0.605
2018-07-14 06:00:00,0.263
2018-07-14 07:00:00,0.211
2018-07-14 08:00:00,0.172
2018-07-14 09:00:00,0.181
2018-07-14 10:00:00,0.065
2018-07-14 11:00:00,0.066
2018-07-14 12:00:00,0.034
2018-07-14 13:00:00,0.03
2018-07-14 14:00:00,0.03
2018-07-14 15:00:00,0.027
2018-07-14 16:00:00,0.031
2018-07-14 17:00:00,0.026
2018-07-14 18:00:00,0.032
2018-07-14 19:00:00,0.011
2018-07-14 20:00:00,0.09
2018-07-14 21:00:00,0.021
2018-07-14 22:00:00,0.031
2018-07-14 23:00:00,0.034
2018-07-15 00:00:00,0.037
2018-07-15 01:00:00,0.225
2018-07-15 02:00:00,0.135
2018-07-15 03:00:00,0.074
2018-07-15 04:00:00,0.111
2018-07-15 05:00:00,0.287
2018-07-15 06:00:00,0.207
2018-07-15 07:00:00,0.341
2018-07-15 08:00:00,0.15
2018-07-15 09:00:00,0.196
2018-07-15 10:00:00,0.069
2018-07-15 11:00:00,0.069
2018-07-15 12:00:00,0.028
2018-07-15 13:00:00,0.022
2018-07-15 14:00:00,0.021
2018-07-15 15:00:00,0.021
2018-07-15 16:00:00,0.024
2018-07-15 17:00:00,0.01
2018-07-15 18:00:00,0.031
2018-07-15 19:00:00,0.014
2018-07-15 20:00:00,0.105
2018-07-15 21:00:00,0.037
2018-07-15 22:00:00,0.03
2018-07-15 23:00:00,0.042
2018-07-16 00:00:00,0.048
2018-07-16 01:00:00,0.252
2018-07-16 02:00:00,0.162
2018-07-16 03:00:00,0.126
2018-07-16 04:00:00,0.157
2018-07-16 05:00:00,0.453
2018-07-16 06:00:00,0.348
2018-07-16 07:00:00,0.191
2018-07-16 08:00:00,0.077
2018-07-16 09:00:00,0.089
2018-07-16 10:00:00,0.128
2018-07-16 11:00:00,0.109
2018-07-16 12:00:00,0.021
2018-07-16 13:00:00,0.01
2018-07-16 14:00:00,0.005
2018-07-16 15:00:00,0.015
2018-07-16 16:00:00,0.047
2018-07-16 17:00:00,0.045
2018-07-16 18:00:00,0.063
2018-07-16 19:00:00,0.037
2018-07-16 20:00:00,0.16
2018-07-16 21:00:00,0.001
2018-07-16 22:00:00,0.001
2018-07-16 23:00:00,0.023
2018-07-17 00:00:00,0.037
2018-07-17 01:00:00,0.169
2018-07-17 02:00:00,0.119
2018-07-17 03:00:00,0.077
2018-07-17 04:00:00,0.089
2018-07-17 05:00:00,0.33
2018-07-17 06:00:00,0.221
2018-07-17 07:00:00,0.031
2018-07-17 08:00:00,0.051
2018-07-17 09:00:00,0.081
2018-07-17 10:00:00,0.082
2018-07-17 11:00:00,0.102
2018-07-17 12:00:00,0.025
2018-07-17 13:00:00,0.009
2018-07-17 14:00:00,0.01
2018-07-17 15:00:00,0.033
2018-07-17 16:00:00,0.072
2018-07-17 17:00:00,0.054
2018-07-17 18:00:00,0.057
2018-07-17 19:00:00,0.03
2018-07-17 20:00:00,0.19
2018-07-17 21:00:00,0.012
2018-07-17 22:00:00,0.001
2018-07-17 23:00:00,0.026
2018-07-18 00:00:00,0.05
2018-07-18 01:00:00,0.257
2018-07-18 02:00:00,0.141
2018-07-18 03:00:00,0.107
2018-07-18 04:00:00,0.164
2018-07-18 05:00:00,0.617
2018-07-18 06:00:00,0.409
2018-07-18 07:00:00,0.25
2018-07-18 08:00:00,0.099
2018-07-18 09:00:00,0.129
2018-07-18 10:00:00,0.153
2018-07-18 11:00:00,0.132
2018-07-18 12:00:00,0.04
2018-07-18 13:00:00,0.026
2018-07-18 14:00:00,0.022
2018-07-18 15:00:00,0.038
2018-07-18 16:00:00,0.063
2018-07-18 17:00:00,0.033
2018-07-18 18:00:00,0.052
2018-07-18 19:00:00,0.025
2018-07-18 20:00:00,0.15
2018-07-18 21:00:00,0.011
2018-07-18 22:00:00,0.001
2018-07-18 23:00:00,0.025
2018-07-19 00:00:00,0.055
2018-07-19 01:00:00,0.229
2018-07-19 02:00:00,0.135
2018-07-19 03:00:00,0.162
2018-07-19 04:00:00,0.15
2018-07-19 05:00:00,0.632
2018-07-19 06:00:00,0.31
2018-07-19 07:00:00,0.117
2018-07-19 08:00:00,0.105
2018-07-19 09:00:00,0.139
2018-07-19 10:00:00,0.151
2018-07-19 11:00:00,0.161
2018-07-19 12:00:00,0.047
2018-07-19 13:00:00,0.027
2018-07-19 14:00:00,0.023
2018-07-19 15:00:00,0.069
2018-07-19 16:00:00,0.061
2018-07-19 17:00:00,0.029
2018-07-19 18:00:00,0.054
2018-07-19 19:00:00,0.024
2018-07-19 20:00:00,0.18
2018-07-19 21:00:00,0.001
2018-07-19 22:00:00,0.001
2018-07-19 23:00:00,0.024
2018-07-20 00:00:00,0.045
2018-07-20 01:00:00,0.229
2018-07-20 02:00:00,0.14
2018-07-20 03:00:00,0.146
2018-07-20 04:00:00,0.171
2018-07-20 05:00:00,0.653
2018-07-20 06:00:00,0.465
2018-07-20 07:00:00,0.202
2018-07-20 08:00:00,0.098
2018-07-20 09:00:00,0.117
2018-07-20 10:00:00,0.146
2018-07-20 11:00:00,0.134
2018-07-20 12:00:00,0.037
2018-07-20 13:00:00,0.029
2018-07-20 14:00:00,0.025
2018-07-20 15:00:00,0.073
2018-07-20 16:00:00,0.065
2018-07-20 17:00:00,0.05
2018-07-20 18:00:00,0.057
2018-07-20 19:00:00,0.025
2018-07-20 20:00:00,0.201
2018-07-20 21:00:00,0.012
2018-07-20 22:00:00,0.001
2018-07-20 23:00:00,0.024
2018-07-21 00:00:00,0.052
2018-07-21 01:00:00,0.25
2018-07-21 02:00:00,0.233
2018-07-21 03:00:00,0.13
2018-07-21 04:00:00,0.13
2018-07-21 05:00:00,0.587
2018-07-21 06:00:00,0.297
2018-07-21 07:00:00,0.147
2018-07-21 08:00:00,0.149
2018-07-21 09:00:00,0.233
2018-07-21 10:00:00,0.267
2018-07-21 11:00:00,0.17
2018-07-21 12:00:00,0.122
2018-07-21 13:00:00,0.168
2018-07-21 14:00:00,0.186
2018-07-21 15:00:00,0.257
2018-07-21 16:00:00,0.182
2018-07-21 17:00:00,0.092
2018-07-21 18:00:00,0.245
2018-07-21 19:00:00,0.043
2018-07-21 20:00:00,0.17
2018-07-21 21:00:00,0.166
2018-07-21 22:00:00,0.306
2018-07-21 23:00:00,0.304
2018-07-22 00:00:00,0.442
2018-07-22 01:00:00,1.086
2018-07-22 02:00:00,1.056
2018-07-22 03:00:00,0.931
2018-07-22 04:00:00,0.915
2018-07-22 05:00:00,1.216
2018-07-22 06:00:00,0.831
2018-07-22 07:00:00,0.501
2018-07-22 08:00:00,0.312
2018-07-22 09:00:00,0.292
2018-07-22 10:00:00,0.167
2018-07-22 11:00:00,0.106
2018-07-22 12:00:00,0.064
2018-07-22 13:00:00,0.065
2018-07-22 14:00:00,0.055
2018-07-22 15:00:00,0.046
2018-07-22 16:00:00,0.045
2018-07-22 17:00:00,0.029
2018-07-22 18:00:00,0.067
2018-07-22 19:00:00,0.036
2018-07-22 20:00:00,0.13
2018-07-22 21:00:00,0.05
2018-07-22 22:00:00,0.055
2018-07-22 23:00:00,0.076
2018-07-23 00:00:00,0.106
2018-07-23 01:00:00,0.339
2018-07-23 02:00:00,0.269
2018-07-23 03:00:00,0.154
2018-07-23 04:00:00,0.181
2018-07-23 05:00:00,0.439
2018-07-23 06:00:00,0.458
2018-07-23 07:00:00,0.356
2018-07-23 08:00:00,0.251
2018-07-23 09:00:00,0.143
2018-07-23 10:00:00,0.152
2018-07-23 11:00:00,0.157
2018-07-23 12:00:00,0.059
2018-07-23 13:00:00,0.036
2018-07-23 14:00:00,0.035
2018-07-23 15:00:00,0.08
2018-07-23 16:00:00,0.099
2018-07-23 17:00:00,0.076
2018-07-23 18:00:00,0.088
2018-07-23 19:00:00,0.053
2018-07-23 20:00:00,0.222
2018-07-23 21:00:00,0.023
2018-07-23 22:00:00,0.001
2018-07-23 23:00:00,0.023
2018-07-24 00:00:00,0.048
2018-07-24 01:00:00,0.258
2018-07-24 02:00:00,0.158
2018-07-24 03:00:00,0.092
2018-07-24 04:00:00,0.164
2018-07-24 05:00:00,0.42
2018-07-24 06:00:00,0.409
2018-07-24 07:00:00,0.245
2018-07-24 08:00:00,0.135
2018-07-24 09:00:00,0.189
2018-07-24 10:00:00,0.137
2018-07-24 11:00:00,0.189
2018-07-24 12:00:00,0.055
2018-07-24 13:00:00,0.03
2018-07-24 14:00:00,0.035
2018-07-24 15:00:00,0.079
2018-07-24 16:00:00,0.091
2018-07-24 17:00:00,0.077
2018-07-24 18:00:00,0.088
2018-07-24 19:00:00,0.044
2018-07-24 20:00:00,0.245
2018-07-24 21:00:00,0.029
2018-07-24 22:00:00,0.001
2018-07-24 23:00:00,0.029
2018-07-25 00:00:00,0.064
2018-07-25 01:00:00,0.287
2018-07-25 02:00:00,0.21
2018-07-25 03:00:00,0.121
2018-07-25 04:00:00,0.182
2018-07-25 05:00:00,0.446
2018-07-25 06:00:00,0.394
2018-07-25 07:00:00,0.317
2018-07-25 08:00:00,0.144
2018-07-25 09:00:00,0.193
2018-07-25 10:00:00,0.186
2018-07-25 11:00:00,0.217
2018-07-25 12:00:00,0.037
2018-07-25 13:00:00,0.025
2018-07-25 14:00:00,0.028
2018-07-25 15:00:00,0.072
2018-07-25 16:00:00,0.077
2018-07-25 17:00:00,0.067
2018-07-25 18:00:00,0.069
2018-07-25 19:00:00,0.037
2018-07-25 20:00:00,0.23
2018-07-25 21:00:00,0.02
2018-07-25 22:00:00,0.001
2018-07-25 23:00:00,0.083
2018-07-26 00:00:00,0.06
2018-07-26 01:00:00,0.28
2018-07-26 02:00:00,0.185
2018-07-26 03:00:00,0.146
2018-07-26 04:00:00,0.187
2018-07-26 05:00:00,0.728
2018-07-26 06:00:00,0.401
2018-07-26 07:00:00,0.19
2018-07-26 08:00:00,0.123
2018-07-26 09:00:00,0.136
2018-07-26 10:00:00,0.163
2018-07-26 11:00:00,0.144
2018-07-26 12:00:00,0.048
2018-07-26 13:00:00,0.028
2018-07-26 14:00:00,0.023
2018-07-26 15:00:00,0.059
2018-07-26 16:00:00,0.061
2018-07-26 17:00:00,0.04
2018-07-26 18:00:00,0.057
2018-07-26 19:00:00,0.028
2018-07-26 20:00:00,0.133
2018-07-26 21:00:00,0.007
2018-07-26 22:00:00,0.001
2018-07-26 23:00:00,0.024
2018-07-27 00:00:00,0.04
2018-07-27 01:00:00,0.225
2018-07-27 02:00:00,0.132
2018-07-27 03:00:00,0.086
2018-07-27 04:00:00,0.185
2018-07-27 05:00:00,0.537
2018-07-27 06:00:00,0.354
2018-07-27 07:00:00,0.143
2018-07-27 08:00:00,0.077
2018-07-27 09:00:00,0.128
2018-07-27 10:00:00,0.149
2018-07-27 11:00:00,0.12
2018-07-27 12:00:00,0.031
2018-07-27 13:00:00,0.025
2018-07-27 14:00:00,0.021
2018-07-27 15:00:00,0.053
2018-07-27 16:00:00,0.064
2018-07-27 17:00:00,0.052
2018-07-27 18:00:00,0.063
2018-07-27 19:00:00,0.028
2018-07-27 20:00:00,0.215
2018-07-27 21:00:00,0.016
2018-07-27 22:00:00,0.001
2018-07-27 23:00:00,0.047
2018-07-28 00:00:00,0.105
2018-07-28 01:00:00,0.252
2018-07-28 02:00:00,0.159
2018-07-28 03:00:00,0.132
2018-07-28 04:00:00,0.138
2018-07-28 05:00:00,0.626
2018-07-28 06:00:00,0.277
2018-07-28 07:00:00,0.126
2018-07-28 08:00:00,0.142
2018-07-28 09:00:00,0.191
2018-07-28 10:00:00,0.067
2018-07-28 11:00:00,0.071
2018-07-28 12:00:00,0.04
2018-07-28 13:00:00,0.035
2018-07-28 14:00:00,0.035
2018-07-28 15:00:00,0.032
2018-07-28 16:00:00,0.033
2018-07-28 17:00:00,0.025
2018-07-28 18:00:00,0.038
2018-07-28 19:00:00,0.012
2018-07-28 20:00:00,0.103
2018-07-28 21:00:00,0.023
2018-07-28 22:00:00,0.034
2018-07-28 23:00:00,0.041
2018-07-29 00:00:00,0.047
2018-07-29 01:00:00,0.312
2018-07-29 02:00:00,0.159
2018-07-29 03:00:00,0.118
2018-07-29 04:00:00,0.121
2018-07-29 05:00:00,0.363
2018-07-29 06:00:00,0.272
2018-07-29 07:00:00,0.389
2018-07-29 08:00:00,0.174
2018-07-29 09:00:00,0.198
2018-07-29 10:00:00,0.083
2018-07-29 11:00:00,0.07
2018-07-29 12:00:00,0.024
2018-07-29 13:00:00,0.017
2018-07-29 14:00:00,0.016
2018-07-29 15:00:00,0.02
2018-07-29 16:00:00,0.023
2018-07-29 17:00:00,0.009
2018-07-29 18:00:00,0.04
2018-07-29 19:00:00,0.013
2018-07-29 20:00:00,0.106
2018-07-29 21:00:00,0.026
2018-07-29 22:00:00,0.031
2018-07-29 23:00:00,0.042
2018-07-30 00:00:00,0.05
2018-07-30 01:00:00,0.27
2018-07-30 02:00:00,0.188
2018-07-30 03:00:00,0.154
2018-07-30 04:00:00,0.162
2018-07-30 05:00:00,0.708
2018-07-30 06:00:00,0.438
2018-07-30 07:00:00,0.385
2018-07-30 08:00:00,0.131
2018-07-30 09:00:00,0.145
2018-07-30 10:00:00,0.183
2018-07-30 11:00:00,0.209
2018-07-30 12:00:00,0.07
2018-07-30 13:00:00,0.045
2018-07-30 14:00:00,0.062
2018-07-30 15:00:00,0.131
2018-07-30 16:00:00,0.12
2018-07-30 17:00:00,0.099
2018-07-30 18:00:00,0.11
2018-07-30 19:00:00,0.051
2018-07-30 20:00:00,0.292
2018-07-30 21:00:00,0.035
2018-07-30 22:00:00,0.002
2018-07-30 23:00:00,0.047
2018-07-31 00:00:00,0.078
2018-07-31 01:00:00,0.412
2018-07-31 02:00:00,0.357
2018-07-31 03:00:00,0.228
2018-07-31 04:00:00,0.359
2018-07-31 05:00:00,0.799
2018-07-31 06:00:00,0.598
2018-07-31 07:00:00,0.292
2018-07-31 08:00:00,0.183
2018-07-31 09:00:00,0.202
2018-07-31 10:00:00,0.213
2018-07-31 11:00:00,0.246
2018-07-31 12:00:00,0.095
2018-07-31 13:00:00,0.043
2018-07-31 14:00:00,0.046
2018-07-31 15:00:00,0.09
2018-07-31 16:00:00,0.088
2018-07-31 17:00:00,0.064
2018-07-31 18:00:00,0.076
2018-07-31 19:00:00,0.039
2018-07-31 20:00:00,0.213
2018-07-31 21:00:00,0.022
2018-07-31 22:00:00,0.001
2018-07-31 23:00:00,0.028
2018-08-01 00:00:00,0.048
2018-08-01 01:00:00,0.251
2018-08-01 02:00:00,0.16
2018-08-01 03:00:00,0.109
2018-08-01 04:00:00,0.187
2018-08-01 05:00:00,0.675
2018-08-01 06:00:00,0.315
2018-08-01 07:00:00,0.209
2018-08-01 08:00:00,0.093
2018-08-01 09:00:00,0.12
2018-08-01 10:00:00,0.138
2018-08-01 11:00:00,0.137
2018-08-01 12:00:00,0.041
2018-08-01 13:00:00,0.025
2018-08-01 14:00:00,0.019
2018-08-01 15:00:00,0.027
2018-08-01 16:00:00,0.055
2018-08-01 17:00:00,0.041
2018-08-01 18:00:00,0.055
2018-08-01 19:00:00,0.03
2018-08-01 20:00:00,0.115
2018-08-01 21:00:00,0.012
2018-08-01 22:00:00,0.0
2018-08-01 23:00:00,0.023
2018-08-02 00:00:00,0.036
2018-08-02 01:00:00,0.204
2018-08-02 02:00:00,0.139
2018-08-02 03:00:00,0.086
2018-08-02 04:00:00,0.116
2018-08-02 05:00:00,0.412
2018-08-02 06:00:00,0.293
2018-08-02 07:00:00,0.116
2018-08-02 08:00:00,0.097
2018-08-02 09:00:00,0.141
2018-08-02 10:00:00,0.156
2018-08-02 11:00:00,0.182
2018-08-02 12:00:00,0.045
2018-08-02 13:00:00,0.023
2018-08-02 14:00:00,0.037
2018-08-02 15:00:00,0.09
2018-08-02 16:00:00,0.11
2018-08-02 17:00:00,0.092
2018-08-02 18:00:00,0.078
2018-08-02 19:00:00,0.036
2018-08-02 20:00:00,0.252
2018-08-02 21:00:00,0.017
2018-08-02 22:00:00,0.015
2018-08-02 23:00:00,0.046
2018-08-03 00:00:00,0.058
2018-08-03 01:00:00,0.283
2018-08-03 02:00:00,0.206
2018-08-03 03:00:00,0.132
2018-08-03 04:00:00,0.184
2018-08-03 05:00:00,0.68
2018-08-03 06:00:00,0.399
2018-08-03 07:00:00,0.24
2018-08-03 08:00:00,0.213
2018-08-03 09:00:00,0.239
2018-08-03 10:00:00,0.205
2018-08-03 11:00:00,0.192
2018-08-03 12:00:00,0.053
2018-08-03 13:00:00,0.035
2018-08-03 14:00:00,0.034
2018-08-03 15:00:00,0.064
2018-08-03 16:00:00,0.082
2018-08-03 17:00:00,0.075
2018-08-03 18:00:00,0.081
2018-08-03 19:00:00,0.036
2018-08-03 20:00:00,0.225
2018-08-03 21:00:00,0.026
2018-08-03 22:00:00,0.001
2018-08-03 23:00:00,0.029
2018-08-04 00:00:00,0.051
2018-08-04 01:00:00,0.261
2018-08-04 02:00:00,0.188
2018-08-04 03:00:00,0.113
2018-08-04 04:00:00,0.182
2018-08-04 05:00:00,0.664
2018-08-04 06:00:00,0.312
2018-08-04 07:00:00,0.156
2018-08-04 08:00:00,0.172
2018-08-04 09:00:00,0.217
2018-08-04 10:00:00,0.083
2018-08-04 11:00:00,0.085
2018-08-04 12:00:00,0.046
2018-08-04 13:00:00,0.039
2018-08-04 14:00:00,0.037
2018-08-04 15:00:00,0.033
2018-08-04 16:00:00,0.034
2018-08-04 17:00:00,0.029
2018-08-04 18:00:00,0.031
2018-08-04 19:00:00,0.013
2018-08-04 20:00:00,0.097
2018-08-04 21:00:00,0.024
2018-08-04 22:00:00,0.035
2018-08-04 23:00:00,0.036
2018-08-05 00:00:00,0.04
2018-08-05 01:00:00,0.23
2018-08-05 02:00:00,0.129
2018-08-05 03:00:00,0.086
2018-08-05 04:00:00,0.117
2018-08-05 05:00:00,0.254
2018-08-05 06:00:00,0.556
2018-08-05 07:00:00,0.12
2018-08-05 08:00:00,0.122
2018-08-05 09:00:00,0.161
2018-08-05 10:00:00,0.054
2018-08-05 11:00:00,0.051
2018-08-05 12:00:00,0.014
2018-08-05 13:00:00,0.014
2018-08-05 14:00:00,0.013
2018-08-05 15:00:00,0.014
2018-08-05 16:00:00,0.017
2018-08-05 17:00:00,0.01
2018-08-05 18:00:00,0.037
2018-08-05 19:00:00,0.011
2018-08-05 20:00:00,0.113
2018-08-05 21:00:00,0.027
2018-08-05 22:00:00,0.031
2018-08-05 23:00:00,0.041
2018-08-06 00:00:00,0.05
2018-08-06 01:00:00,0.245
2018-08-06 02:00:00,0.158
2018-08-06 03:00:00,0.117
2018-08-06 04:00:00,0.16
2018-08-06 05:00:00,0.451
2018-08-06 06:00:00,0.331
2018-08-06 07:00:00,0.183
2018-08-06 08:00:00,0.099
2018-08-06 09:00:00,0.135
2018-08-06 10:00:00,0.14
2018-08-06 11:00:00,0.115
2018-08-06 12:00:00,0.028
2018-08-06 13:00:00,0.014
2018-08-06 14:00:00,0.015
2018-08-06 15:00:00,0.064
2018-08-06 16:00:00,0.073
2018-08-06 17:00:00,0.044
2018-08-06 18:00:00,0.065
2018-08-06 19:00:00,0.034
2018-08-06 20:00:00,0.158
2018-08-06 21:00:00,0.006
2018-08-06 22:00:00,0.001
2018-08-06 23:00:00,0.021
2018-08-07 00:00:00,0.036
2018-08-07 01:00:00,0.211
2018-08-07 02:00:00,0.134
2018-08-07 03:00:00,0.175
2018-08-07 04:00:00,0.14
2018-08-07 05:00:00,0.392
2018-08-07 06:00:00,0.302
2018-08-07 07:00:00,0.17
2018-08-07 08:00:00,0.094
2018-08-07 09:00:00,0.123
2018-08-07 10:00:00,0.138
2018-08-07 11:00:00,0.115
2018-08-07 12:00:00,0.022
2018-08-07 13:00:00,0.013
2018-08-07 14:00:00,0.013
2018-08-07 15:00:00,0.072
2018-08-07 16:00:00,0.074
2018-08-07 17:00:00,0.048
2018-08-07 18:00:00,0.065
2018-08-07 19:00:00,0.03
2018-08-07 20:00:00,0.204
2018-08-07 21:00:00,0.015
2018-08-07 22:00:00,0.004
2018-08-07 23:00:00,0.025
2018-08-08 00:00:00,0.048
2018-08-08 01:00:00,0.26
2018-08-08 02:00:00,0.147
2018-08-08 03:00:00,0.125
2018-08-08 04:00:00,0.145
2018-08-08 05:00:00,0.399
2018-08-08 06:00:00,0.266
2018-08-08 07:00:00,0.138
2018-08-08 08:00:00,0.115
2018-08-08 09:00:00,0.107
2018-08-08 10:00:00,0.11
2018-08-08 11:00:00,0.11
2018-08-08 12:00:00,0.029
2018-08-08 13:00:00,0.016
2018-08-08 14:00:00,0.013
2018-08-08 15:00:00,0.02
2018-08-08 16:00:00,0.014
2018-08-08 17:00:00,0.029
2018-08-08 18:00:00,0.044
2018-08-08 19:00:00,0.025
2018-08-08 20:00:00,0.1
2018-08-08 21:00:00,0.006
2018-08-08 22:00:00,0.0
2018-08-08 23:00:00,0.021
2018-08-09 00:00:00,0.037
2018-08-09 01:00:00,0.159
2018-08-09 02:00:00,0.111
2018-08-09 03:00:00,0.08
2018-08-09 04:00:00,0.104
2018-08-09 05:00:00,0.335
2018-08-09 06:00:00,0.235
2018-08-09 07:00:00,0.134
2018-08-09 08:00:00,0.066
2018-08-09 09:00:00,0.08
2018-08-09 10:00:00,0.139
2018-08-09 11:00:00,0.104
2018-08-09 12:00:00,0.027
2018-08-09 13:00:00,0.021
2018-08-09 14:00:00,0.018
2018-08-09 15:00:00,0.027
2018-08-09 16:00:00,0.04
2018-08-09 17:00:00,0.027
2018-08-09 18:00:00,0.028
2018-08-09 19:00:00,0.022
2018-08-09 20:00:00,0.098
2018-08-09 21:00:00,0.008
2018-08-09 22:00:00,0.001
2018-08-09 23:00:00,0.022
2018-08-10 00:00:00,0.035
2018-08-10 01:00:00,0.188
2018-08-10 02:00:00,0.113
2018-08-10 03:00:00,0.068
2018-08-10 04:00:00,0.109
2018-08-10 05:00:00,0.329
2018-08-10 06:00:00,0.22
2018-08-10 07:00:00,0.113
2018-08-10 08:00:00,0.086
2018-08-10 09:00:00,0.103
2018-08-10 10:00:00,0.144
2018-08-10 11:00:00,0.108
2018-08-10 12:00:00,0.032
2018-08-10 13:00:00,0.021
2018-08-10 14:00:00,0.018
2018-08-10 15:00:00,0.027
2018-08-10 16:00:00,0.045
2018-08-10 17:00:00,0.026
2018-08-10 18:00:00,0.046
2018-08-10 19:00:00,0.022
2018-08-10 20:00:00,0.101
2018-08-10 21:00:00,0.006
2018-08-10 22:00:00,0.005
2018-08-10 23:00:00,0.022
2018-08-11 00:00:00,0.029
2018-08-11 01:00:00,0.196
2018-08-11 02:00:00,0.122
2018-08-11 03:00:00,0.07
2018-08-11 04:00:00,0.099
2018-08-11 05:00:00,0.265
2018-08-11 06:00:00,0.217
2018-08-11 07:00:00,0.104
2018-08-11 08:00:00,0.122
2018-08-11 09:00:00,0.176
2018-08-11 10:00:00,0.078
2018-08-11 11:00:00,0.071
2018-08-11 12:00:00,0.03
2018-08-11 13:00:00,0.028
2018-08-11 14:00:00,0.028
2018-08-11 15:00:00,0.027
2018-08-11 16:00:00,0.036
2018-08-11 17:00:00,0.03
2018-08-11 18:00:00,0.038
2018-08-11 19:00:00,0.011
2018-08-11 20:00:00,0.102
2018-08-11 21:00:00,0.021
2018-08-11 22:00:00,0.031
2018-08-11 23:00:00,0.031
2018-08-12 00:00:00,0.079
2018-08-12 01:00:00,0.247
2018-08-12 02:00:00,0.155
2018-08-12 03:00:00,0.083
2018-08-12 04:00:00,0.114
2018-08-12 05:00:00,0.267
2018-08-12 06:00:00,0.228
2018-08-12 07:00:00,0.191
2018-08-12 08:00:00,0.131
2018-08-12 09:00:00,0.175
2018-08-12 10:00:00,0.08
2018-08-12 11:00:00,0.073
2018-08-12 12:00:00,0.027
2018-08-12 13:00:00,0.02
2018-08-12 14:00:00,0.02
2018-08-12 15:00:00,0.025
2018-08-12 16:00:00,0.036
2018-08-12 17:00:00,0.018
2018-08-12 18:00:00,0.057
2018-08-12 19:00:00,0.02
2018-08-12 20:00:00,0.113
2018-08-12 21:00:00,0.033
2018-08-12 22:00:00,0.038
2018-08-12 23:00:00,0.11
2018-08-13 00:00:00,0.068
2018-08-13 01:00:00,0.298
2018-08-13 02:00:00,0.243
2018-08-13 03:00:00,0.157
2018-08-13 04:00:00,0.182
2018-08-13 05:00:00,0.722
2018-08-13 06:00:00,0.339
2018-08-13 07:00:00,0.188
2018-08-13 08:00:00,0.099
2018-08-13 09:00:00,0.129
2018-08-13 10:00:00,0.163
2018-08-13 11:00:00,0.151
2018-08-13 12:00:00,0.047
2018-08-13 13:00:00,0.031
2018-08-13 14:00:00,0.027
2018-08-13 15:00:00,0.035
2018-08-13 16:00:00,0.079
2018-08-13 17:00:00,0.062
2018-08-13 18:00:00,0.076
2018-08-13 19:00:00,0.041
2018-08-13 20:00:00,0.23
2018-08-13 21:00:00,0.022
2018-08-13 22:00:00,0.001
2018-08-13 23:00:00,0.029
2018-08-14 00:00:00,0.059
2018-08-14 01:00:00,0.278
2018-08-14 02:00:00,0.203
2018-08-14 03:00:00,0.171
2018-08-14 04:00:00,0.195
2018-08-14 05:00:00,0.807
2018-08-14 06:00:00,0.454
2018-08-14 07:00:00,0.513
2018-08-14 08:00:00,0.33
2018-08-14 09:00:00,0.105
2018-08-14 10:00:00,0.161
2018-08-14 11:00:00,0.166
2018-08-14 12:00:00,0.043
2018-08-14 13:00:00,0.028
2018-08-14 14:00:00,0.024
2018-08-14 15:00:00,0.032
2018-08-14 16:00:00,0.068
2018-08-14 17:00:00,0.051
2018-08-14 18:00:00,0.065
2018-08-14 19:00:00,0.032
2018-08-14 20:00:00,0.186
2018-08-14 21:00:00,0.006
2018-08-14 22:00:00,0.009
2018-08-14 23:00:00,0.023
2018-08-15 00:00:00,0.049
2018-08-15 01:00:00,0.246
2018-08-15 02:00:00,0.148
2018-08-15 03:00:00,0.148
2018-08-15 04:00:00,0.143
2018-08-15 05:00:00,0.659
2018-08-15 06:00:00,0.334
2018-08-15 07:00:00,0.147
2018-08-15 08:00:00,0.085
2018-08-15 09:00:00,0.113
2018-08-15 10:00:00,0.168
2018-08-15 11:00:00,0.138
2018-08-15 12:00:00,0.038
2018-08-15 13:00:00,0.024
2018-08-15 14:00:00,0.02
2018-08-15 15:00:00,0.029
2018-08-15 16:00:00,0.065
2018-08-15 17:00:00,0.035
2018-08-15 18:00:00,0.054
2018-08-15 19:00:00,0.026
2018-08-15 20:00:00,0.15
2018-08-15 21:00:00,0.008
2018-08-15 22:00:00,0.001
2018-08-15 23:00:00,0.023
2018-08-16 00:00:00,0.04
2018-08-16 01:00:00,0.217
2018-08-16 02:00:00,0.133
2018-08-16 03:00:00,0.118
2018-08-16 04:00:00,0.157
2018-08-16 05:00:00,0.647
2018-08-16 06:00:00,0.345
2018-08-16 07:00:00,0.152
2018-08-16 08:00:00,0.162
2018-08-16 09:00:00,0.133
2018-08-16 10:00:00,0.151
2018-08-16 11:00:00,0.127
2018-08-16 12:00:00,0.035
2018-08-16 13:00:00,0.023
2018-08-16 14:00:00,0.02
2018-08-16 15:00:00,0.029
2018-08-16 16:00:00,0.028
2018-08-16 17:00:00,0.03
2018-08-16 18:00:00,0.054
2018-08-16 19:00:00,0.025
2018-08-16 20:00:00,0.152
2018-08-16 21:00:00,0.008
2018-08-16 22:00:00,0.001
2018-08-16 23:00:00,0.022
2018-08-17 00:00:00,0.037
2018-08-17 01:00:00,0.193
2018-08-17 02:00:00,0.128
2018-08-17 03:00:00,0.079
2018-08-17 04:00:00,0.113
2018-08-17 05:00:00,0.353
2018-08-17 06:00:00,0.27
2018-08-17 07:00:00,0.168
2018-08-17 08:00:00,0.066
2018-08-17 09:00:00,0.108
2018-08-17 10:00:00,0.118
2018-08-17 11:00:00,0.092
2018-08-17 12:00:00,0.008
2018-08-17 13:00:00,0.007
2018-08-17 14:00:00,0.003
2018-08-17 15:00:00,0.013
2018-08-17 16:00:00,0.013
2018-08-17 17:00:00,0.033
2018-08-17 18:00:00,0.052
2018-08-17 19:00:00,0.027
2018-08-17 20:00:00,0.155
2018-08-17 21:00:00,0.002
2018-08-17 22:00:00,0.001
2018-08-17 23:00:00,0.023
2018-08-18 00:00:00,0.041
2018-08-18 01:00:00,0.22
2018-08-18 02:00:00,0.13
2018-08-18 03:00:00,0.078
2018-08-18 04:00:00,0.114
2018-08-18 05:00:00,0.34
2018-08-18 06:00:00,0.243
2018-08-18 07:00:00,0.119
2018-08-18 08:00:00,0.145
2018-08-18 09:00:00,0.177
2018-08-18 10:00:00,0.071
2018-08-18 11:00:00,0.079
2018-08-18 12:00:00,0.039
2018-08-18 13:00:00,0.035
2018-08-18 14:00:00,0.037
2018-08-18 15:00:00,0.036
2018-08-18 16:00:00,0.039
2018-08-18 17:00:00,0.032
2018-08-18 18:00:00,0.034
2018-08-18 19:00:00,0.012
2018-08-18 20:00:00,0.095
2018-08-18 21:00:00,0.022
2018-08-18 22:00:00,0.032
2018-08-18 23:00:00,0.04
2018-08-19 00:00:00,0.043
2018-08-19 01:00:00,0.233
2018-08-19 02:00:00,0.139
2018-08-19 03:00:00,0.063
2018-08-19 04:00:00,0.109
2018-08-19 05:00:00,0.281
2018-08-19 06:00:00,0.318
2018-08-19 07:00:00,0.368
2018-08-19 08:00:00,0.144
2018-08-19 09:00:00,0.176
2018-08-19 10:00:00,0.08
2018-08-19 11:00:00,0.067
2018-08-19 12:00:00,0.027
2018-08-19 13:00:00,0.02
2018-08-19 14:00:00,0.018
2018-08-19 15:00:00,0.019
2018-08-19 16:00:00,0.022
2018-08-19 17:00:00,0.009
2018-08-19 18:00:00,0.046
2018-08-19 19:00:00,0.014
2018-08-19 20:00:00,0.107
2018-08-19 21:00:00,0.028
2018-08-19 22:00:00,0.033
2018-08-19 23:00:00,0.052
2018-08-20 00:00:00,0.06
2018-08-20 01:00:00,0.319
2018-08-20 02:00:00,0.26
2018-08-20 03:00:00,0.106
2018-08-20 04:00:00,0.178
2018-08-20 05:00:00,0.716
2018-08-20 06:00:00,0.584
2018-08-20 07:00:00,0.396
2018-08-20 08:00:00,0.191
2018-08-20 09:00:00,0.195
2018-08-20 10:00:00,0.213
2018-08-20 11:00:00,0.268
2018-08-20 12:00:00,0.076
2018-08-20 13:00:00,0.039
2018-08-20 14:00:00,0.04
2018-08-20 15:00:00,0.082
2018-08-20 16:00:00,0.092
2018-08-20 17:00:00,0.077
2018-08-20 18:00:00,0.089
2018-08-20 19:00:00,0.045
2018-08-20 20:00:00,0.242
2018-08-20 21:00:00,0.025
2018-08-20 22:00:00,0.001
2018-08-20 23:00:00,0.029
2018-08-21 00:00:00,0.055
2018-08-21 01:00:00,0.273
2018-08-21 02:00:00,0.206
2018-08-21 03:00:00,0.128
2018-08-21 04:00:00,0.183
2018-08-21 05:00:00,0.421
2018-08-21 06:00:00,0.39
2018-08-21 07:00:00,0.276
2018-08-21 08:00:00,0.122
2018-08-21 09:00:00,0.151
2018-08-21 10:00:00,0.157
2018-08-21 11:00:00,0.213
2018-08-21 12:00:00,0.076
2018-08-21 13:00:00,0.046
2018-08-21 14:00:00,0.048
2018-08-21 15:00:00,0.087
2018-08-21 16:00:00,0.083
2018-08-21 17:00:00,0.078
2018-08-21 18:00:00,0.08
2018-08-21 19:00:00,0.041
2018-08-21 20:00:00,0.242
2018-08-21 21:00:00,0.032
2018-08-21 22:00:00,0.001
2018-08-21 23:00:00,0.031
2018-08-22 00:00:00,0.054
2018-08-22 01:00:00,0.273
2018-08-22 02:00:00,0.196
2018-08-22 03:00:00,0.136
2018-08-22 04:00:00,0.214
2018-08-22 05:00:00,0.869
2018-08-22 06:00:00,0.371
2018-08-22 07:00:00,0.168
2018-08-22 08:00:00,0.102
2018-08-22 09:00:00,0.109
2018-08-22 10:00:00,0.156
2018-08-22 11:00:00,0.165
2018-08-22 12:00:00,0.062
2018-08-22 13:00:00,0.04
2018-08-22 14:00:00,0.037
2018-08-22 15:00:00,0.067
2018-08-22 16:00:00,0.075
2018-08-22 17:00:00,0.058
2018-08-22 18:00:00,0.055
2018-08-22 19:00:00,0.035
2018-08-22 20:00:00,0.208
2018-08-22 21:00:00,0.02
2018-08-22 22:00:00,0.001
2018-08-22 23:00:00,0.029
2018-08-23 00:00:00,0.06
2018-08-23 01:00:00,0.395
2018-08-23 02:00:00,0.245
2018-08-23 03:00:00,0.352
2018-08-23 04:00:00,0.471
2018-08-23 05:00:00,1.323
2018-08-23 06:00:00,0.991
2018-08-23 07:00:00,0.692
2018-08-23 08:00:00,0.466
2018-08-23 09:00:00,0.278
2018-08-23 10:00:00,0.149
2018-08-23 11:00:00,0.214
2018-08-23 12:00:00,0.051
2018-08-23 13:00:00,0.033
2018-08-23 14:00:00,0.03
2018-08-23 15:00:00,0.077
2018-08-23 16:00:00,0.071
2018-08-23 17:00:00,0.061
2018-08-23 18:00:00,0.065
2018-08-23 19:00:00,0.033
2018-08-23 20:00:00,0.228
2018-08-23 21:00:00,0.014
2018-08-23 22:00:00,0.001
2018-08-23 23:00:00,0.042
2018-08-24 00:00:00,0.092
2018-08-24 01:00:00,0.32
2018-08-24 02:00:00,0.273
2018-08-24 03:00:00,0.29
2018-08-24 04:00:00,0.389
2018-08-24 05:00:00,1.153
2018-08-24 06:00:00,0.893
2018-08-24 07:00:00,0.417
2018-08-24 08:00:00,0.192
2018-08-24 09:00:00,0.182
2018-08-24 10:00:00,0.214
2018-08-24 11:00:00,0.19
2018-08-24 12:00:00,0.047
2018-08-24 13:00:00,0.031
2018-08-24 14:00:00,0.025
2018-08-24 15:00:00,0.051
2018-08-24 16:00:00,0.066
2018-08-24 17:00:00,0.054
2018-08-24 18:00:00,0.066
2018-08-24 19:00:00,0.03
2018-08-24 20:00:00,0.214
2018-08-24 21:00:00,0.012
2018-08-24 22:00:00,0.025
2018-08-24 23:00:00,0.041
2018-08-25 00:00:00,0.058
2018-08-25 01:00:00,0.259
2018-08-25 02:00:00,0.188
2018-08-25 03:00:00,0.176
2018-08-25 04:00:00,0.201
2018-08-25 05:00:00,0.651
2018-08-25 06:00:00,0.381
2018-08-25 07:00:00,0.137
2018-08-25 08:00:00,0.203
2018-08-25 09:00:00,0.234
2018-08-25 10:00:00,0.129
2018-08-25 11:00:00,0.139
2018-08-25 12:00:00,0.046
2018-08-25 13:00:00,0.042
2018-08-25 14:00:00,0.04
2018-08-25 15:00:00,0.036
2018-08-25 16:00:00,0.04
2018-08-25 17:00:00,0.029
2018-08-25 18:00:00,0.019
2018-08-25 19:00:00,0.014
2018-08-25 20:00:00,0.106
2018-08-25 21:00:00,0.028
2018-08-25 22:00:00,0.037
2018-08-25 23:00:00,0.064
2018-08-26 00:00:00,0.066
2018-08-26 01:00:00,0.296
2018-08-26 02:00:00,0.241
2018-08-26 03:00:00,0.198
2018-08-26 04:00:00,0.199
2018-08-26 05:00:00,0.453
2018-08-26 06:00:00,0.374
2018-08-26 07:00:00,0.498
2018-08-26 08:00:00,0.262
2018-08-26 09:00:00,0.234
2018-08-26 10:00:00,0.089
2018-08-26 11:00:00,0.073
2018-08-26 12:00:00,0.032
2018-08-26 13:00:00,0.026
2018-08-26 14:00:00,0.023
2018-08-26 15:00:00,0.021
2018-08-26 16:00:00,0.024
2018-08-26 17:00:00,0.01
2018-08-26 18:00:00,0.044
2018-08-26 19:00:00,0.017
2018-08-26 20:00:00,0.109
2018-08-26 21:00:00,0.029
2018-08-26 22:00:00,0.033
2018-08-26 23:00:00,0.044
2018-08-27 00:00:00,0.046
2018-08-27 01:00:00,0.25
2018-08-27 02:00:00,0.194
2018-08-27 03:00:00,0.088
2018-08-27 04:00:00,0.158
2018-08-27 05:00:00,0.436
2018-08-27 06:00:00,0.335
2018-08-27 07:00:00,0.18
2018-08-27 08:00:00,0.105
2018-08-27 09:00:00,0.124
2018-08-27 10:00:00,0.173
2018-08-27 11:00:00,0.135
2018-08-27 12:00:00,0.029
2018-08-27 13:00:00,0.009
2018-08-27 14:00:00,0.003
2018-08-27 15:00:00,0.012
2018-08-27 16:00:00,0.026
2018-08-27 17:00:00,0.035
2018-08-27 18:00:00,0.055
2018-08-27 19:00:00,0.036
2018-08-27 20:00:00,0.123
2018-08-27 21:00:00,0.0
2018-08-27 22:00:00,0.001
2018-08-27 23:00:00,0.023
2018-08-28 00:00:00,0.037
2018-08-28 01:00:00,0.191
2018-08-28 02:00:00,0.129
2018-08-28 03:00:00,0.081
2018-08-28 04:00:00,0.104
2018-08-28 05:00:00,0.333
2018-08-28 06:00:00,0.217
2018-08-28 07:00:00,0.143
2018-08-28 08:00:00,0.069
2018-08-28 09:00:00,0.103
2018-08-28 10:00:00,0.122
2018-08-28 11:00:00,0.095
2018-08-28 12:00:00,0.012
2018-08-28 13:00:00,0.007
2018-08-28 14:00:00,0.003
2018-08-28 15:00:00,0.012
2018-08-28 16:00:00,0.011
2018-08-28 17:00:00,0.028
2018-08-28 18:00:00,0.044
2018-08-28 19:00:00,0.026
2018-08-28 20:00:00,0.1
2018-08-28 21:00:00,0.0
2018-08-28 22:00:00,0.0
2018-08-28 23:00:00,0.021
2018-08-29 00:00:00,0.035
2018-08-29 01:00:00,0.143
2018-08-29 02:00:00,0.113
2018-08-29 03:00:00,0.075
2018-08-29 04:00:00,0.084
2018-08-29 05:00:00,0.308
2018-08-29 06:00:00,0.183
2018-08-29 07:00:00,0.112
2018-08-29 08:00:00,0.059
2018-08-29 09:00:00,0.092
2018-08-29 10:00:00,0.124
2018-08-29 11:00:00,0.082
2018-08-29 12:00:00,0.005
2018-08-29 13:00:00,0.004
2018-08-29 14:00:00,0.007
2018-08-29 15:00:00,0.011
2018-08-29 16:00:00,0.01
2018-08-29 17:00:00,0.025
2018-08-29 18:00:00,0.049
2018-08-29 19:00:00,0.024
2018-08-29 20:00:00,0.097
2018-08-29 21:00:00,0.007
2018-08-29 22:00:00,0.0
2018-08-29 23:00:00,0.021
2018-08-30 00:00:00,0.033
2018-08-30 01:00:00,0.11
2018-08-30 02:00:00,0.079
2018-08-30 03:00:00,0.068
2018-08-30 04:00:00,0.096
2018-08-30 05:00:00,0.312
2018-08-30 06:00:00,0.249
2018-08-30 07:00:00,0.122
2018-08-30 08:00:00,0.05
2018-08-30 09:00:00,0.075
2018-08-30 10:00:00,0.139
2018-08-30 11:00:00,0.097
2018-08-30 12:00:00,0.022
2018-08-30 13:00:00,0.02
2018-08-30 14:00:00,0.022
2018-08-30 15:00:00,0.025
2018-08-30 16:00:00,0.037
2018-08-30 17:00:00,0.028
2018-08-30 18:00:00,0.045
2018-08-30 19:00:00,0.024
2018-08-30 20:00:00,0.103
2018-08-30 21:00:00,0.0
2018-08-30 22:00:00,0.0
2018-08-30 23:00:00,0.022
2018-08-31 00:00:00,0.034
2018-08-31 01:00:00,0.166
2018-08-31 02:00:00,0.081
2018-08-31 03:00:00,0.078
2018-08-31 04:00:00,0.097
2018-08-31 05:00:00,0.34
2018-08-31 06:00:00,0.224
2018-08-31 07:00:00,0.185
2018-08-31 08:00:00,0.067
2018-08-31 09:00:00,0.11
2018-08-31 10:00:00,0.124
2018-08-31 11:00:00,0.107
2018-08-31 12:00:00,0.017
2018-08-31 13:00:00,0.024
2018-08-31 14:00:00,0.023
2018-08-31 15:00:00,0.024
2018-08-31 16:00:00,0.038
2018-08-31 17:00:00,0.029
2018-08-31 18:00:00,0.043
2018-08-31 19:00:00,0.026
2018-08-31 20:00:00,0.107
2018-08-31 21:00:00,0.009
2018-08-31 22:00:00,0.001
2018-08-31 23:00:00,0.024
2018-09-01 00:00:00,0.04
2018-09-01 01:00:00,0.215
2018-09-01 02:00:00,0.128
2018-09-01 03:00:00,0.076
2018-09-01 04:00:00,0.104
2018-09-01 05:00:00,0.304
2018-09-01 06:00:00,0.246
2018-09-01 07:00:00,0.114
2018-09-01 08:00:00,0.214
2018-09-01 09:00:00,0.205
2018-09-01 10:00:00,0.087
2018-09-01 11:00:00,0.086
2018-09-01 12:00:00,0.044
2018-09-01 13:00:00,0.038
2018-09-01 14:00:00,0.039
2018-09-01 15:00:00,0.037
2018-09-01 16:00:00,0.037
2018-09-01 17:00:00,0.04
2018-09-01 18:00:00,0.064
2018-09-01 19:00:00,0.033
2018-09-01 20:00:00,0.084
2018-09-01 21:00:00,0.03
2018-09-01 22:00:00,0.033
2018-09-01 23:00:00,0.044
2018-09-02 00:00:00,0.048
2018-09-02 01:00:00,0.284
2018-09-02 02:00:00,0.142
2018-09-02 03:00:00,0.069
2018-09-02 04:00:00,0.12
2018-09-02 05:00:00,0.332
2018-09-02 06:00:00,0.239
2018-09-02 07:00:00,0.362
2018-09-02 08:00:00,0.139
2018-09-02 09:00:00,0.206
2018-09-02 10:00:00,0.099
2018-09-02 11:00:00,0.065
2018-09-02 12:00:00,0.02
2018-09-02 13:00:00,0.013
2018-09-02 14:00:00,0.011
2018-09-02 15:00:00,0.012
2018-09-02 16:00:00,0.014
2018-09-02 17:00:00,0.018
2018-09-02 18:00:00,0.052
2018-09-02 19:00:00,0.035
2018-09-02 20:00:00,0.085
2018-09-02 21:00:00,0.014
2018-09-02 22:00:00,0.021
2018-09-02 23:00:00,0.036
2018-09-03 00:00:00,0.038
2018-09-03 01:00:00,0.208
2018-09-03 02:00:00,0.097
2018-09-03 03:00:00,0.082
2018-09-03 04:00:00,0.121
2018-09-03 05:00:00,0.418
2018-09-03 06:00:00,0.28
2018-09-03 07:00:00,0.152
2018-09-03 08:00:00,0.063
2018-09-03 09:00:00,0.109
2018-09-03 10:00:00,0.109
2018-09-03 11:00:00,0.09
2018-09-03 12:00:00,0.009
2018-09-03 13:00:00,0.011
2018-09-03 14:00:00,0.008
2018-09-03 15:00:00,0.012
2018-09-03 16:00:00,0.032
2018-09-03 17:00:00,0.042
2018-09-03 18:00:00,0.067
2018-09-03 19:00:00,0.043
2018-09-03 20:00:00,0.109
2018-09-03 21:00:00,0.0
2018-09-03 22:00:00,0.0
2018-09-03 23:00:00,0.022
2018-09-04 00:00:00,0.032
2018-09-04 01:00:00,0.121
2018-09-04 02:00:00,0.091
2018-09-04 03:00:00,0.075
2018-09-04 04:00:00,0.098
2018-09-04 05:00:00,0.373
2018-09-04 06:00:00,0.206
2018-09-04 07:00:00,0.049
2018-09-04 08:00:00,0.032
2018-09-04 09:00:00,0.089
2018-09-04 10:00:00,0.095
2018-09-04 11:00:00,0.074
2018-09-04 12:00:00,0.014
2018-09-04 13:00:00,0.012
2018-09-04 14:00:00,0.01
2018-09-04 15:00:00,0.017
2018-09-04 16:00:00,0.066
2018-09-04 17:00:00,0.048
2018-09-04 18:00:00,0.073
2018-09-04 19:00:00,0.039
2018-09-04 20:00:00,0.129
2018-09-04 21:00:00,0.0
2018-09-04 22:00:00,0.001
2018-09-04 23:00:00,0.023
2018-09-05 00:00:00,0.039
2018-09-05 01:00:00,0.178
2018-09-05 02:00:00,0.11
2018-09-05 03:00:00,0.082
2018-09-05 04:00:00,0.104
2018-09-05 05:00:00,0.396
2018-09-05 06:00:00,0.273
2018-09-05 07:00:00,0.07
2018-09-05 08:00:00,0.062
2018-09-05 09:00:00,0.098
2018-09-05 10:00:00,0.073
2018-09-05 11:00:00,0.086
2018-09-05 12:00:00,0.008
2018-09-05 13:00:00,0.01
2018-09-05 14:00:00,0.008
2018-09-05 15:00:00,0.012
2018-09-05 16:00:00,0.021
2018-09-05 17:00:00,0.031
2018-09-05 18:00:00,0.056
2018-09-05 19:00:00,0.033
2018-09-05 20:00:00,0.1
2018-09-05 21:00:00,0.003
2018-09-05 22:00:00,0.0
2018-09-05 23:00:00,0.021
2018-09-06 00:00:00,0.034
2018-09-06 01:00:00,0.138
2018-09-06 02:00:00,0.091
2018-09-06 03:00:00,0.081
2018-09-06 04:00:00,0.098
2018-09-06 05:00:00,0.313
2018-09-06 06:00:00,0.199
2018-09-06 07:00:00,0.071
2018-09-06 08:00:00,0.056
2018-09-06 09:00:00,0.101
2018-09-06 10:00:00,0.063
2018-09-06 11:00:00,0.081
2018-09-06 12:00:00,0.009
2018-09-06 13:00:00,0.013
2018-09-06 14:00:00,0.014
2018-09-06 15:00:00,0.015
2018-09-06 16:00:00,0.013
2018-09-06 17:00:00,0.03
2018-09-06 18:00:00,0.053
2018-09-06 19:00:00,0.033
2018-09-06 20:00:00,0.098
2018-09-06 21:00:00,0.006
2018-09-06 22:00:00,0.0
2018-09-06 23:00:00,0.017
2018-09-07 00:00:00,0.033
2018-09-07 01:00:00,0.139
2018-09-07 02:00:00,0.079
2018-09-07 03:00:00,0.081
2018-09-07 04:00:00,0.099
2018-09-07 05:00:00,0.374
2018-09-07 06:00:00,0.271
2018-09-07 07:00:00,0.197
2018-09-07 08:00:00,0.075
2018-09-07 09:00:00,0.118
2018-09-07 10:00:00,0.144
2018-09-07 11:00:00,0.122
2018-09-07 12:00:00,0.028
2018-09-07 13:00:00,0.02
2018-09-07 14:00:00,0.019
2018-09-07 15:00:00,0.02
2018-09-07 16:00:00,0.057
2018-09-07 17:00:00,0.054
2018-09-07 18:00:00,0.078
2018-09-07 19:00:00,0.045
2018-09-07 20:00:00,0.226
2018-09-07 21:00:00,0.016
2018-09-07 22:00:00,0.001
2018-09-07 23:00:00,0.025
2018-09-08 00:00:00,0.058
2018-09-08 01:00:00,0.251
2018-09-08 02:00:00,0.159
2018-09-08 03:00:00,0.115
2018-09-08 04:00:00,0.13
2018-09-08 05:00:00,0.658
2018-09-08 06:00:00,0.275
2018-09-08 07:00:00,0.138
2018-09-08 08:00:00,0.207
2018-09-08 09:00:00,0.238
2018-09-08 10:00:00,0.201
2018-09-08 11:00:00,0.146
2018-09-08 12:00:00,0.11
2018-09-08 13:00:00,0.101
2018-09-08 14:00:00,0.186
2018-09-08 15:00:00,0.361
2018-09-08 16:00:00,0.48
2018-09-08 17:00:00,0.736
2018-09-08 18:00:00,0.356
2018-09-08 19:00:00,0.292
2018-09-08 20:00:00,0.36
2018-09-08 21:00:00,0.402
2018-09-08 22:00:00,0.742
2018-09-08 23:00:00,1.466
2018-09-09 00:00:00,1.716
2018-09-09 01:00:00,3.042
2018-09-09 02:00:00,5.164
2018-09-09 03:00:00,7.213
2018-09-09 04:00:00,6.944
2018-09-09 05:00:00,6.842
2018-09-09 06:00:00,6.252
2018-09-09 07:00:00,7.125
2018-09-09 08:00:00,6.278
2018-09-09 09:00:00,6.015
2018-09-09 10:00:00,4.97
2018-09-09 11:00:00,3.533
2018-09-09 12:00:00,2.118
2018-09-09 13:00:00,1.026
2018-09-09 14:00:00,1.389
2018-09-09 15:00:00,1.165
2018-09-09 16:00:00,1.288
2018-09-09 17:00:00,1.627
2018-09-09 18:00:00,2.364
2018-09-09 19:00:00,2.855
2018-09-09 20:00:00,2.472
2018-09-09 21:00:00,2.277
2018-09-09 22:00:00,2.402
2018-09-09 23:00:00,2.795
2018-09-10 00:00:00,2.699
2018-09-10 01:00:00,3.795
2018-09-10 02:00:00,4.0
2018-09-10 03:00:00,3.694
2018-09-10 04:00:00,4.113
2018-09-10 05:00:00,5.376
2018-09-10 06:00:00,4.245
2018-09-10 07:00:00,2.648
2018-09-10 08:00:00,1.826
2018-09-10 09:00:00,1.285
2018-09-10 10:00:00,0.981
2018-09-10 11:00:00,1.078
2018-09-10 12:00:00,0.806
2018-09-10 13:00:00,0.261
2018-09-10 14:00:00,0.181
2018-09-10 15:00:00,0.171
2018-09-10 16:00:00,0.182
2018-09-10 17:00:00,0.166
2018-09-10 18:00:00,0.167
2018-09-10 19:00:00,0.071
2018-09-10 20:00:00,0.374
2018-09-10 21:00:00,0.045
2018-09-10 22:00:00,0.019
2018-09-10 23:00:00,0.069
2018-09-11 00:00:00,0.116
2018-09-11 01:00:00,0.536
2018-09-11 02:00:00,0.378
2018-09-11 03:00:00,0.283
2018-09-11 04:00:00,0.311
2018-09-11 05:00:00,1.187
2018-09-11 06:00:00,0.533
2018-09-11 07:00:00,0.31
2018-09-11 08:00:00,0.251
2018-09-11 09:00:00,0.267
2018-09-11 10:00:00,0.343
2018-09-11 11:00:00,0.391
2018-09-11 12:00:00,0.124
2018-09-11 13:00:00,0.053
2018-09-11 14:00:00,0.06
2018-09-11 15:00:00,0.127
2018-09-11 16:00:00,0.166
2018-09-11 17:00:00,0.135
2018-09-11 18:00:00,0.133
2018-09-11 19:00:00,0.044
2018-09-11 20:00:00,0.278
2018-09-11 21:00:00,0.033
2018-09-11 22:00:00,0.062
2018-09-11 23:00:00,0.054
2018-09-12 00:00:00,0.112
2018-09-12 01:00:00,0.552
2018-09-12 02:00:00,0.393
2018-09-12 03:00:00,0.257
2018-09-12 04:00:00,0.269
2018-09-12 05:00:00,1.006
2018-09-12 06:00:00,0.703
2018-09-12 07:00:00,0.451
2018-09-12 08:00:00,0.459
2018-09-12 09:00:00,0.233
2018-09-12 10:00:00,0.26
2018-09-12 11:00:00,0.265
2018-09-12 12:00:00,0.067
2018-09-12 13:00:00,0.038
2018-09-12 14:00:00,0.046
2018-09-12 15:00:00,0.086
2018-09-12 16:00:00,0.099
2018-09-12 17:00:00,0.09
2018-09-12 18:00:00,0.107
2018-09-12 19:00:00,0.064
2018-09-12 20:00:00,0.245
2018-09-12 21:00:00,0.019
2018-09-12 22:00:00,0.002
2018-09-12 23:00:00,0.028
2018-09-13 00:00:00,0.052
2018-09-13 01:00:00,0.27
2018-09-13 02:00:00,0.175
2018-09-13 03:00:00,0.148
2018-09-13 04:00:00,0.189
2018-09-13 05:00:00,0.778
2018-09-13 06:00:00,0.415
2018-09-13 07:00:00,0.217
2018-09-13 08:00:00,0.226
2018-09-13 09:00:00,0.175
2018-09-13 10:00:00,0.21
2018-09-13 11:00:00,0.252
2018-09-13 12:00:00,0.049
2018-09-13 13:00:00,0.043
2018-09-13 14:00:00,0.049
2018-09-13 15:00:00,0.084
2018-09-13 16:00:00,0.101
2018-09-13 17:00:00,0.09
2018-09-13 18:00:00,0.11
2018-09-13 19:00:00,0.058
2018-09-13 20:00:00,0.264
2018-09-13 21:00:00,0.022
2018-09-13 22:00:00,0.001
2018-09-13 23:00:00,0.072
2018-09-14 00:00:00,0.056
2018-09-14 01:00:00,0.298
2018-09-14 02:00:00,0.229
2018-09-14 03:00:00,0.142
2018-09-14 04:00:00,0.212
2018-09-14 05:00:00,0.792
2018-09-14 06:00:00,0.417
2018-09-14 07:00:00,0.202
2018-09-14 08:00:00,0.145
2018-09-14 09:00:00,0.284
2018-09-14 10:00:00,0.249
2018-09-14 11:00:00,0.328
2018-09-14 12:00:00,0.115
2018-09-14 13:00:00,0.045
2018-09-14 14:00:00,0.053
2018-09-14 15:00:00,0.095
2018-09-14 16:00:00,0.11
2018-09-14 17:00:00,0.096
2018-09-14 18:00:00,0.128
2018-09-14 19:00:00,0.053
2018-09-14 20:00:00,0.253
2018-09-14 21:00:00,0.033
2018-09-14 22:00:00,0.001
2018-09-14 23:00:00,0.036
2018-09-15 00:00:00,0.072
2018-09-15 01:00:00,0.339
2018-09-15 02:00:00,0.305
2018-09-15 03:00:00,0.192
2018-09-15 04:00:00,0.221
2018-09-15 05:00:00,0.851
2018-09-15 06:00:00,0.437
2018-09-15 07:00:00,0.255
2018-09-15 08:00:00,0.291
2018-09-15 09:00:00,0.302
2018-09-15 10:00:00,0.146
2018-09-15 11:00:00,0.119
2018-09-15 12:00:00,0.072
2018-09-15 13:00:00,0.066
2018-09-15 14:00:00,0.065
2018-09-15 15:00:00,0.06
2018-09-15 16:00:00,0.064
2018-09-15 17:00:00,0.071
2018-09-15 18:00:00,0.086
2018-09-15 19:00:00,0.054
2018-09-15 20:00:00,0.13
2018-09-15 21:00:00,0.074
2018-09-15 22:00:00,0.046
2018-09-15 23:00:00,0.072
2018-09-16 00:00:00,0.1
2018-09-16 01:00:00,0.448
2018-09-16 02:00:00,0.416
2018-09-16 03:00:00,0.311
2018-09-16 04:00:00,0.272
2018-09-16 05:00:00,0.555
2018-09-16 06:00:00,0.413
2018-09-16 07:00:00,0.494
2018-09-16 08:00:00,0.276
2018-09-16 09:00:00,0.295
2018-09-16 10:00:00,0.21
2018-09-16 11:00:00,0.121
2018-09-16 12:00:00,0.067
2018-09-16 13:00:00,0.058
2018-09-16 14:00:00,0.051
2018-09-16 15:00:00,0.047
2018-09-16 16:00:00,0.049
2018-09-16 17:00:00,0.054
2018-09-16 18:00:00,0.099
2018-09-16 19:00:00,0.072
2018-09-16 20:00:00,0.138
2018-09-16 21:00:00,0.05
2018-09-16 22:00:00,0.054
2018-09-16 23:00:00,0.129
2018-09-17 00:00:00,0.133
2018-09-17 01:00:00,0.343
2018-09-17 02:00:00,0.294
2018-09-17 03:00:00,0.212
2018-09-17 04:00:00,0.204
2018-09-17 05:00:00,0.81
2018-09-17 06:00:00,0.44
2018-09-17 07:00:00,0.273
2018-09-17 08:00:00,0.173
2018-09-17 09:00:00,0.174
2018-09-17 10:00:00,0.207
2018-09-17 11:00:00,0.29
2018-09-17 12:00:00,0.078
2018-09-17 13:00:00,0.048
2018-09-17 14:00:00,0.055
2018-09-17 15:00:00,0.1
2018-09-17 16:00:00,0.132
2018-09-17 17:00:00,0.123
2018-09-17 18:00:00,0.124
2018-09-17 19:00:00,0.037
2018-09-17 20:00:00,0.226
2018-09-17 21:00:00,0.027
2018-09-17 22:00:00,0.001
2018-09-17 23:00:00,0.058
2018-09-18 00:00:00,0.053
2018-09-18 01:00:00,0.28
2018-09-18 02:00:00,0.233
2018-09-18 03:00:00,0.139
2018-09-18 04:00:00,0.193
2018-09-18 05:00:00,0.539
2018-09-18 06:00:00,0.411
2018-09-18 07:00:00,0.259
2018-09-18 08:00:00,0.113
2018-09-18 09:00:00,0.262
2018-09-18 10:00:00,0.231
2018-09-18 11:00:00,0.187
2018-09-18 12:00:00,0.057
2018-09-18 13:00:00,0.04
2018-09-18 14:00:00,0.042
2018-09-18 15:00:00,0.082
2018-09-18 16:00:00,0.093
2018-09-18 17:00:00,0.085
2018-09-18 18:00:00,0.095
2018-09-18 19:00:00,0.06
2018-09-18 20:00:00,0.239
2018-09-18 21:00:00,0.019
2018-09-18 22:00:00,0.001
2018-09-18 23:00:00,0.027
2018-09-19 00:00:00,0.056
2018-09-19 01:00:00,0.362
2018-09-19 02:00:00,0.19
2018-09-19 03:00:00,0.154
2018-09-19 04:00:00,0.196
2018-09-19 05:00:00,0.786
2018-09-19 06:00:00,0.436
2018-09-19 07:00:00,0.323
2018-09-19 08:00:00,0.122
2018-09-19 09:00:00,0.145
2018-09-19 10:00:00,0.157
2018-09-19 11:00:00,0.132
2018-09-19 12:00:00,0.03
2018-09-19 13:00:00,0.029
2018-09-19 14:00:00,0.029
2018-09-19 15:00:00,0.031
2018-09-19 16:00:00,0.066
2018-09-19 17:00:00,0.061
2018-09-19 18:00:00,0.079
2018-09-19 19:00:00,0.048
2018-09-19 20:00:00,0.187
2018-09-19 21:00:00,0.013
2018-09-19 22:00:00,0.001
2018-09-19 23:00:00,0.026
2018-09-20 00:00:00,0.049
2018-09-20 01:00:00,0.257
2018-09-20 02:00:00,0.149
2018-09-20 03:00:00,0.166
2018-09-20 04:00:00,0.291
2018-09-20 05:00:00,0.766
2018-09-20 06:00:00,0.422
2018-09-20 07:00:00,0.434
2018-09-20 08:00:00,0.209
2018-09-20 09:00:00,0.157
2018-09-20 10:00:00,0.224
2018-09-20 11:00:00,0.189
2018-09-20 12:00:00,0.033
2018-09-20 13:00:00,0.03
2018-09-20 14:00:00,0.032
2018-09-20 15:00:00,0.077
2018-09-20 16:00:00,0.074
2018-09-20 17:00:00,0.073
2018-09-20 18:00:00,0.079
2018-09-20 19:00:00,0.051
2018-09-20 20:00:00,0.253
2018-09-20 21:00:00,0.022
2018-09-20 22:00:00,0.001
2018-09-20 23:00:00,0.033
2018-09-21 00:00:00,0.063
2018-09-21 01:00:00,0.295
2018-09-21 02:00:00,0.213
2018-09-21 03:00:00,0.182
2018-09-21 04:00:00,0.182
2018-09-21 05:00:00,0.819
2018-09-21 06:00:00,0.488
2018-09-21 07:00:00,0.258
2018-09-21 08:00:00,0.355
2018-09-21 09:00:00,0.514
2018-09-21 10:00:00,0.549
2018-09-21 11:00:00,0.463
2018-09-21 12:00:00,0.131
2018-09-21 13:00:00,0.05
2018-09-21 14:00:00,0.045
2018-09-21 15:00:00,0.09
2018-09-21 16:00:00,0.057
2018-09-21 17:00:00,0.097
2018-09-21 18:00:00,0.101
2018-09-21 19:00:00,0.039
2018-09-21 20:00:00,0.256
2018-09-21 21:00:00,0.051
2018-09-21 22:00:00,0.001
2018-09-21 23:00:00,0.04
2018-09-22 00:00:00,0.067
2018-09-22 01:00:00,0.338
2018-09-22 02:00:00,0.288
2018-09-22 03:00:00,0.158
2018-09-22 04:00:00,0.173
2018-09-22 05:00:00,0.705
2018-09-22 06:00:00,0.367
2018-09-22 07:00:00,0.188
2018-09-22 08:00:00,0.314
2018-09-22 09:00:00,0.249
2018-09-22 10:00:00,0.152
2018-09-22 11:00:00,0.143
2018-09-22 12:00:00,0.074
2018-09-22 13:00:00,0.067
2018-09-22 14:00:00,0.066
2018-09-22 15:00:00,0.06
2018-09-22 16:00:00,0.069
2018-09-22 17:00:00,0.078
2018-09-22 18:00:00,0.187
2018-09-22 19:00:00,0.205
2018-09-22 20:00:00,0.162
2018-09-22 21:00:00,0.096
2018-09-22 22:00:00,0.186
2018-09-22 23:00:00,0.324
2018-09-23 00:00:00,0.419
2018-09-23 01:00:00,1.115
2018-09-23 02:00:00,1.621
2018-09-23 03:00:00,2.138
2018-09-23 04:00:00,2.925
2018-09-23 05:00:00,4.505
2018-09-23 06:00:00,4.897
2018-09-23 07:00:00,3.817
2018-09-23 08:00:00,3.297
2018-09-23 09:00:00,3.639
2018-09-23 10:00:00,2.905
2018-09-23 11:00:00,2.3
2018-09-23 12:00:00,1.794
2018-09-23 13:00:00,1.486
2018-09-23 14:00:00,1.726
2018-09-23 15:00:00,1.925
2018-09-23 16:00:00,1.422
2018-09-23 17:00:00,1.592
2018-09-23 18:00:00,1.697
2018-09-23 19:00:00,1.887
2018-09-23 20:00:00,1.662
2018-09-23 21:00:00,1.592
2018-09-23 22:00:00,2.471
2018-09-23 23:00:00,3.325
2018-09-24 00:00:00,4.197
2018-09-24 01:00:00,6.082
2018-09-24 02:00:00,7.492
2018-09-24 03:00:00,7.423
2018-09-24 04:00:00,6.432
2018-09-24 05:00:00,7.324
2018-09-24 06:00:00,5.98
2018-09-24 07:00:00,4.56
2018-09-24 08:00:00,3.8
2018-09-24 09:00:00,3.259
2018-09-24 10:00:00,2.694
2018-09-24 11:00:00,2.708
2018-09-24 12:00:00,1.984
2018-09-24 13:00:00,1.655
2018-09-24 14:00:00,1.377
2018-09-24 15:00:00,0.973
2018-09-24 16:00:00,1.075
2018-09-24 17:00:00,0.954
2018-09-24 18:00:00,1.116
2018-09-24 19:00:00,0.894
2018-09-24 20:00:00,1.069
2018-09-24 21:00:00,0.628
2018-09-24 22:00:00,0.599
2018-09-24 23:00:00,1.098
2018-09-25 00:00:00,1.14
2018-09-25 01:00:00,1.871
2018-09-25 02:00:00,1.982
2018-09-25 03:00:00,1.586
2018-09-25 04:00:00,1.528
2018-09-25 05:00:00,2.727
2018-09-25 06:00:00,2.202
2018-09-25 07:00:00,1.235
2018-09-25 08:00:00,0.711
2018-09-25 09:00:00,0.53
2018-09-25 10:00:00,0.427
2018-09-25 11:00:00,0.397
2018-09-25 12:00:00,0.095
2018-09-25 13:00:00,0.047
2018-09-25 14:00:00,0.056
2018-09-25 15:00:00,0.11
2018-09-25 16:00:00,0.132
2018-09-25 17:00:00,0.131
2018-09-25 18:00:00,0.133
2018-09-25 19:00:00,0.049
2018-09-25 20:00:00,0.266
2018-09-25 21:00:00,0.031
2018-09-25 22:00:00,0.038
2018-09-25 23:00:00,0.032
2018-09-26 00:00:00,0.136
2018-09-26 01:00:00,0.438
2018-09-26 02:00:00,0.334
2018-09-26 03:00:00,0.215
2018-09-26 04:00:00,0.229
2018-09-26 05:00:00,0.881
2018-09-26 06:00:00,0.42
2018-09-26 07:00:00,0.335
2018-09-26 08:00:00,0.205
2018-09-26 09:00:00,0.165
2018-09-26 10:00:00,0.161
2018-09-26 11:00:00,0.16
2018-09-26 12:00:00,0.037
2018-09-26 13:00:00,0.033
2018-09-26 14:00:00,0.032
2018-09-26 15:00:00,0.034
2018-09-26 16:00:00,0.079
2018-09-26 17:00:00,0.081
2018-09-26 18:00:00,0.094
2018-09-26 19:00:00,0.06
2018-09-26 20:00:00,0.24
2018-09-26 21:00:00,0.02
2018-09-26 22:00:00,0.0
2018-09-26 23:00:00,0.051
2018-09-27 00:00:00,0.053
2018-09-27 01:00:00,0.274
2018-09-27 02:00:00,0.201
2018-09-27 03:00:00,0.216
2018-09-27 04:00:00,0.29
2018-09-27 05:00:00,0.994
2018-09-27 06:00:00,0.638
2018-09-27 07:00:00,0.494
2018-09-27 08:00:00,0.572
2018-09-27 09:00:00,0.897
2018-09-27 10:00:00,0.792
2018-09-27 11:00:00,0.835
2018-09-27 12:00:00,0.539
2018-09-27 13:00:00,1.184
2018-09-27 14:00:00,2.004
2018-09-27 15:00:00,2.866
2018-09-27 16:00:00,3.604
2018-09-27 17:00:00,3.609
2018-09-27 18:00:00,4.246
2018-09-27 19:00:00,3.998
2018-09-27 20:00:00,4.79
2018-09-27 21:00:00,5.264
2018-09-27 22:00:00,4.855
2018-09-27 23:00:00,5.742
2018-09-28 00:00:00,7.647
2018-09-28 01:00:00,10.294
2018-09-28 02:00:00,11.25
2018-09-28 03:00:00,11.946
2018-09-28 04:00:00,12.545
2018-09-28 05:00:00,14.418
2018-09-28 06:00:00,14.478
2018-09-28 07:00:00,12.004
2018-09-28 08:00:00,7.585
2018-09-28 09:00:00,3.404
2018-09-28 10:00:00,1.412
2018-09-28 11:00:00,0.834
2018-09-28 12:00:00,0.317
2018-09-28 13:00:00,0.061
2018-09-28 14:00:00,0.041
2018-09-28 15:00:00,0.088
2018-09-28 16:00:00,0.093
2018-09-28 17:00:00,0.1
2018-09-28 18:00:00,0.114
2018-09-28 19:00:00,0.07
2018-09-28 20:00:00,0.393
2018-09-28 21:00:00,0.06
2018-09-28 22:00:00,0.063
2018-09-28 23:00:00,0.19
2018-09-29 00:00:00,0.333
2018-09-29 01:00:00,0.867
2018-09-29 02:00:00,1.048
2018-09-29 03:00:00,1.155
2018-09-29 04:00:00,1.5
2018-09-29 05:00:00,2.459
2018-09-29 06:00:00,1.89
2018-09-29 07:00:00,0.753
2018-09-29 08:00:00,0.451
2018-09-29 09:00:00,0.418
2018-09-29 10:00:00,0.175
2018-09-29 11:00:00,0.125
2018-09-29 12:00:00,0.072
2018-09-29 13:00:00,0.063
2018-09-29 14:00:00,0.065
2018-09-29 15:00:00,0.054
2018-09-29 16:00:00,0.058
2018-09-29 17:00:00,0.066
2018-09-29 18:00:00,0.093
2018-09-29 19:00:00,0.054
2018-09-29 20:00:00,0.155
2018-09-29 21:00:00,0.031
2018-09-29 22:00:00,0.053
2018-09-29 23:00:00,0.191
2018-09-30 00:00:00,0.292
2018-09-30 01:00:00,0.776
2018-09-30 02:00:00,1.1
2018-09-30 03:00:00,1.24
2018-09-30 04:00:00,1.571
2018-09-30 05:00:00,2.534
2018-09-30 06:00:00,2.524
2018-09-30 07:00:00,1.821
2018-09-30 08:00:00,0.876
2018-09-30 09:00:00,0.684
2018-09-30 10:00:00,0.308
2018-09-30 11:00:00,0.207
2018-09-30 12:00:00,0.062
2018-09-30 13:00:00,0.061
2018-09-30 14:00:00,0.048
2018-09-30 15:00:00,0.047
2018-09-30 16:00:00,0.051
2018-09-30 17:00:00,0.058
2018-09-30 18:00:00,0.116
2018-09-30 19:00:00,0.079
2018-09-30 20:00:00,0.142
2018-09-30 21:00:00,0.047
2018-09-30 22:00:00,0.061
2018-09-30 23:00:00,0.187
2018-10-01 00:00:00,0.282
2018-10-01 01:00:00,0.759
2018-10-01 02:00:00,0.908
2018-10-01 03:00:00,0.805
2018-10-01 04:00:00,0.971
2018-10-01 05:00:00,2.169
2018-10-01 06:00:00,1.772
2018-10-01 07:00:00,0.916
2018-10-01 08:00:00,0.296
2018-10-01 09:00:00,0.291
2018-10-01 10:00:00,0.349
2018-10-01 11:00:00,0.419
2018-10-01 12:00:00,0.061
2018-10-01 13:00:00,0.035
2018-10-01 14:00:00,0.035
2018-10-01 15:00:00,0.037
2018-10-01 16:00:00,0.092
2018-10-01 17:00:00,0.098
2018-10-01 18:00:00,0.117
2018-10-01 19:00:00,0.075
2018-10-01 20:00:00,0.274
2018-10-01 21:00:00,0.021
2018-10-01 22:00:00,0.003
2018-10-01 23:00:00,0.054
2018-10-02 00:00:00,0.084
2018-10-02 01:00:00,0.336
2018-10-02 02:00:00,0.344
2018-10-02 03:00:00,0.312
2018-10-02 04:00:00,0.367
2018-10-02 05:00:00,1.134
2018-10-02 06:00:00,0.83
2018-10-02 07:00:00,0.466
2018-10-02 08:00:00,0.203
2018-10-02 09:00:00,0.268
2018-10-02 10:00:00,0.319
2018-10-02 11:00:00,0.261
2018-10-02 12:00:00,0.039
2018-10-02 13:00:00,0.031
2018-10-02 14:00:00,0.037
2018-10-02 15:00:00,0.079
2018-10-02 16:00:00,0.085
2018-10-02 17:00:00,0.094
2018-10-02 18:00:00,0.072
2018-10-02 19:00:00,0.06
2018-10-02 20:00:00,0.265
2018-10-02 21:00:00,0.038
2018-10-02 22:00:00,0.009
2018-10-02 23:00:00,0.04
2018-10-03 00:00:00,0.092
2018-10-03 01:00:00,0.344
2018-10-03 02:00:00,0.352
2018-10-03 03:00:00,0.244
2018-10-03 04:00:00,0.267
2018-10-03 05:00:00,0.949
2018-10-03 06:00:00,0.501
2018-10-03 07:00:00,0.466
2018-10-03 08:00:00,0.38
2018-10-03 09:00:00,0.165
2018-10-03 10:00:00,0.167
2018-10-03 11:00:00,0.138
2018-10-03 12:00:00,0.039
2018-10-03 13:00:00,0.03
2018-10-03 14:00:00,0.029
2018-10-03 15:00:00,0.032
2018-10-03 16:00:00,0.068
2018-10-03 17:00:00,0.064
2018-10-03 18:00:00,0.088
2018-10-03 19:00:00,0.052
2018-10-03 20:00:00,0.242
2018-10-03 21:00:00,0.015
2018-10-03 22:00:00,0.001
2018-10-03 23:00:00,0.031
2018-10-04 00:00:00,0.057
2018-10-04 01:00:00,0.281
2018-10-04 02:00:00,0.268
2018-10-04 03:00:00,0.231
2018-10-04 04:00:00,0.197
2018-10-04 05:00:00,0.897
2018-10-04 06:00:00,0.564
2018-10-04 07:00:00,0.239
2018-10-04 08:00:00,0.169
2018-10-04 09:00:00,0.333
2018-10-04 10:00:00,0.235
2018-10-04 11:00:00,0.201
2018-10-04 12:00:00,0.033
2018-10-04 13:00:00,0.029
2018-10-04 14:00:00,0.029
2018-10-04 15:00:00,0.033
2018-10-04 16:00:00,0.07
2018-10-04 17:00:00,0.069
2018-10-04 18:00:00,0.079
2018-10-04 19:00:00,0.049
2018-10-04 20:00:00,0.245
2018-10-04 21:00:00,0.013
2018-10-04 22:00:00,0.001
2018-10-04 23:00:00,0.028
2018-10-05 00:00:00,0.051
2018-10-05 01:00:00,0.263
2018-10-05 02:00:00,0.167
2018-10-05 03:00:00,0.136
2018-10-05 04:00:00,0.155
2018-10-05 05:00:00,0.642
2018-10-05 06:00:00,0.425
2018-10-05 07:00:00,0.375
2018-10-05 08:00:00,0.495
2018-10-05 09:00:00,0.588
2018-10-05 10:00:00,0.486
2018-10-05 11:00:00,0.478
2018-10-05 12:00:00,0.464
2018-10-05 13:00:00,0.118
2018-10-05 14:00:00,0.104
2018-10-05 15:00:00,0.129
2018-10-05 16:00:00,0.115
2018-10-05 17:00:00,0.124
2018-10-05 18:00:00,0.18
2018-10-05 19:00:00,0.101
2018-10-05 20:00:00,0.394
2018-10-05 21:00:00,0.06
2018-10-05 22:00:00,0.147
2018-10-05 23:00:00,0.201
2018-10-06 00:00:00,0.31
2018-10-06 01:00:00,0.838
2018-10-06 02:00:00,0.94
2018-10-06 03:00:00,0.835
2018-10-06 04:00:00,0.89
2018-10-06 05:00:00,1.568
2018-10-06 06:00:00,1.28
2018-10-06 07:00:00,0.615
2018-10-06 08:00:00,0.556
2018-10-06 09:00:00,0.61
2018-10-06 10:00:00,0.347
2018-10-06 11:00:00,0.171
2018-10-06 12:00:00,0.105
2018-10-06 13:00:00,0.109
2018-10-06 14:00:00,0.09
2018-10-06 15:00:00,0.09
2018-10-06 16:00:00,0.091
2018-10-06 17:00:00,0.099
2018-10-06 18:00:00,0.116
2018-10-06 19:00:00,0.082
2018-10-06 20:00:00,0.138
2018-10-06 21:00:00,0.036
2018-10-06 22:00:00,0.057
2018-10-06 23:00:00,0.1
2018-10-07 00:00:00,0.143
2018-10-07 01:00:00,0.516
2018-10-07 02:00:00,0.522
2018-10-07 03:00:00,0.522
2018-10-07 04:00:00,0.323
2018-10-07 05:00:00,0.599
2018-10-07 06:00:00,0.435
2018-10-07 07:00:00,0.498
2018-10-07 08:00:00,0.308
2018-10-07 09:00:00,0.345
2018-10-07 10:00:00,0.157
2018-10-07 11:00:00,0.14
2018-10-07 12:00:00,0.071
2018-10-07 13:00:00,0.059
2018-10-07 14:00:00,0.05
2018-10-07 15:00:00,0.047
2018-10-07 16:00:00,0.049
2018-10-07 17:00:00,0.055
2018-10-07 18:00:00,0.105
2018-10-07 19:00:00,0.077
2018-10-07 20:00:00,0.142
2018-10-07 21:00:00,0.053
2018-10-07 22:00:00,0.06
2018-10-07 23:00:00,0.082
2018-10-08 00:00:00,0.088
2018-10-08 01:00:00,0.329
2018-10-08 02:00:00,0.309
2018-10-08 03:00:00,0.213
2018-10-08 04:00:00,0.221
2018-10-08 05:00:00,1.059
2018-10-08 06:00:00,0.606
2018-10-08 07:00:00,0.28
2018-10-08 08:00:00,0.177
2018-10-08 09:00:00,0.271
2018-10-08 10:00:00,0.339
2018-10-08 11:00:00,0.202
2018-10-08 12:00:00,0.062
2018-10-08 13:00:00,0.039
2018-10-08 14:00:00,0.039
2018-10-08 15:00:00,0.054
2018-10-08 16:00:00,0.098
2018-10-08 17:00:00,0.094
2018-10-08 18:00:00,0.107
2018-10-08 19:00:00,0.071
2018-10-08 20:00:00,0.263
2018-10-08 21:00:00,0.024
2018-10-08 22:00:00,0.001
2018-10-08 23:00:00,0.107
2018-10-09 00:00:00,0.06
2018-10-09 01:00:00,0.305
2018-10-09 02:00:00,0.241
2018-10-09 03:00:00,0.175
2018-10-09 04:00:00,0.199
2018-10-09 05:00:00,0.833
2018-10-09 06:00:00,0.596
2018-10-09 07:00:00,0.355
2018-10-09 08:00:00,0.184
2018-10-09 09:00:00,0.182
2018-10-09 10:00:00,0.226
2018-10-09 11:00:00,0.194
2018-10-09 12:00:00,0.048
2018-10-09 13:00:00,0.036
2018-10-09 14:00:00,0.037
2018-10-09 15:00:00,0.08
2018-10-09 16:00:00,0.083
2018-10-09 17:00:00,0.085
2018-10-09 18:00:00,0.095
2018-10-09 19:00:00,0.059
2018-10-09 20:00:00,0.263
2018-10-09 21:00:00,0.024
2018-10-09 22:00:00,0.001
2018-10-09 23:00:00,0.106
2018-10-10 00:00:00,0.061
2018-10-10 01:00:00,0.306
2018-10-10 02:00:00,0.255
2018-10-10 03:00:00,0.174
2018-10-10 04:00:00,0.196
2018-10-10 05:00:00,0.788
2018-10-10 06:00:00,0.435
2018-10-10 07:00:00,0.323
2018-10-10 08:00:00,0.132
2018-10-10 09:00:00,0.35
2018-10-10 10:00:00,0.279
2018-10-10 11:00:00,0.192
2018-10-10 12:00:00,0.056
2018-10-10 13:00:00,0.034
2018-10-10 14:00:00,0.035
2018-10-10 15:00:00,0.05
2018-10-10 16:00:00,0.085
2018-10-10 17:00:00,0.09
2018-10-10 18:00:00,0.095
2018-10-10 19:00:00,0.054
2018-10-10 20:00:00,0.253
2018-10-10 21:00:00,0.023
2018-10-10 22:00:00,0.001
2018-10-10 23:00:00,0.028
2018-10-11 00:00:00,0.055
2018-10-11 01:00:00,0.277
2018-10-11 02:00:00,0.218
2018-10-11 03:00:00,0.143
2018-10-11 04:00:00,0.162
2018-10-11 05:00:00,0.588
2018-10-11 06:00:00,0.408
2018-10-11 07:00:00,0.174
2018-10-11 08:00:00,0.105
2018-10-11 09:00:00,0.149
2018-10-11 10:00:00,0.175
2018-10-11 11:00:00,0.193
2018-10-11 12:00:00,0.054
2018-10-11 13:00:00,0.035
2018-10-11 14:00:00,0.067
2018-10-11 15:00:00,0.083
2018-10-11 16:00:00,0.09
2018-10-11 17:00:00,0.148
2018-10-11 18:00:00,0.234
2018-10-11 19:00:00,0.096
2018-10-11 20:00:00,0.278
2018-10-11 21:00:00,0.033
2018-10-11 22:00:00,0.003
2018-10-11 23:00:00,0.118
2018-10-12 00:00:00,0.593
2018-10-12 01:00:00,2.069
2018-10-12 02:00:00,5.394
2018-10-12 03:00:00,9.927
2018-10-12 04:00:00,6.61
2018-10-12 05:00:00,9.622
2018-10-12 06:00:00,13.805
2018-10-12 07:00:00,10.198
2018-10-12 08:00:00,7.476
2018-10-12 09:00:00,5.058
2018-10-12 10:00:00,4.601
2018-10-12 11:00:00,2.079
2018-10-12 12:00:00,0.935
2018-10-12 13:00:00,0.757
2018-10-12 14:00:00,0.67
2018-10-12 15:00:00,0.31
2018-10-12 16:00:00,0.247
2018-10-12 17:00:00,0.398
2018-10-12 18:00:00,0.694
2018-10-12 19:00:00,0.981
2018-10-12 20:00:00,2.584
2018-10-12 21:00:00,4.385
2018-10-12 22:00:00,6.897
2018-10-12 23:00:00,8.02
2018-10-13 00:00:00,8.717
2018-10-13 01:00:00,12.124
2018-10-13 02:00:00,14.67
2018-10-13 03:00:00,17.251
2018-10-13 04:00:00,23.082
2018-10-13 05:00:00,29.795
2018-10-13 06:00:00,34.306
2018-10-13 07:00:00,35.515
2018-10-13 08:00:00,31.203
2018-10-13 09:00:00,24.749
2018-10-13 10:00:00,21.399
2018-10-13 11:00:00,15.128
2018-10-13 12:00:00,8.086
2018-10-13 13:00:00,6.329
2018-10-13 14:00:00,5.526
2018-10-13 15:00:00,3.173
2018-10-13 16:00:00,1.902
2018-10-13 17:00:00,3.256
2018-10-13 18:00:00,8.256
2018-10-13 19:00:00,11.156
2018-10-13 20:00:00,16.006
2018-10-13 21:00:00,22.79
2018-10-13 22:00:00,29.459
2018-10-13 23:00:00,32.609
2018-10-14 00:00:00,36.875
2018-10-14 01:00:00,48.387
2018-10-14 02:00:00,54.289
2018-10-14 03:00:00,54.393
2018-10-14 04:00:00,55.667
2018-10-14 05:00:00,62.138
2018-10-14 06:00:00,61.307
2018-10-14 07:00:00,56.908
2018-10-14 08:00:00,51.902
2018-10-14 09:00:00,47.756
2018-10-14 10:00:00,45.826
2018-10-14 11:00:00,39.021
2018-10-14 12:00:00,28.27
2018-10-14 13:00:00,22.527
2018-10-14 14:00:00,17.022
2018-10-14 15:00:00,12.585
2018-10-14 16:00:00,10.499
2018-10-14 17:00:00,9.528
2018-10-14 18:00:00,10.075
2018-10-14 19:00:00,10.488
2018-10-14 20:00:00,9.885
2018-10-14 21:00:00,10.519
2018-10-14 22:00:00,12.672
2018-10-14 23:00:00,15.588
2018-10-15 00:00:00,16.91
2018-10-15 01:00:00,20.511
2018-10-15 02:00:00,22.311
2018-10-15 03:00:00,22.115
2018-10-15 04:00:00,22.167
2018-10-15 05:00:00,25.717
2018-10-15 06:00:00,25.628
2018-10-15 07:00:00,25.1
2018-10-15 08:00:00,22.169
2018-10-15 09:00:00,18.247
2018-10-15 10:00:00,12.467
2018-10-15 11:00:00,6.15
2018-10-15 12:00:00,2.948
2018-10-15 13:00:00,2.582
2018-10-15 14:00:00,1.887
2018-10-15 15:00:00,1.317
2018-10-15 16:00:00,0.874
2018-10-15 17:00:00,0.706
2018-10-15 18:00:00,0.537
2018-10-15 19:00:00,0.244
2018-10-15 20:00:00,0.57
2018-10-15 21:00:00,0.328
2018-10-15 22:00:00,0.153
2018-10-15 23:00:00,0.361
2018-10-16 00:00:00,0.83
2018-10-16 01:00:00,2.281
2018-10-16 02:00:00,4.917
2018-10-16 03:00:00,11.636
2018-10-16 04:00:00,21.882
2018-10-16 05:00:00,26.638
2018-10-16 06:00:00,25.819
2018-10-16 07:00:00,27.945
2018-10-16 08:00:00,24.729
2018-10-16 09:00:00,17.38
2018-10-16 10:00:00,10.132
2018-10-16 11:00:00,6.309
2018-10-16 12:00:00,3.214
2018-10-16 13:00:00,1.378
2018-10-16 14:00:00,0.961
2018-10-16 15:00:00,0.901
2018-10-16 16:00:00,0.915
2018-10-16 17:00:00,1.221
2018-10-16 18:00:00,2.544
2018-10-16 19:00:00,3.232
2018-10-16 20:00:00,5.075
2018-10-16 21:00:00,7.012
2018-10-16 22:00:00,8.109
2018-10-16 23:00:00,9.658
2018-10-17 00:00:00,11.7
2018-10-17 01:00:00,15.481
2018-10-17 02:00:00,17.776
2018-10-17 03:00:00,19.905
2018-10-17 04:00:00,24.811
2018-10-17 05:00:00,31.35
2018-10-17 06:00:00,36.294
2018-10-17 07:00:00,33.83
2018-10-17 08:00:00,21.314
2018-10-17 09:00:00,9.95
2018-10-17 10:00:00,6.177
2018-10-17 11:00:00,3.682
2018-10-17 12:00:00,1.347
2018-10-17 13:00:00,0.444
2018-10-17 14:00:00,0.238
2018-10-17 15:00:00,0.21
2018-10-17 16:00:00,0.292
2018-10-17 17:00:00,0.297
2018-10-17 18:00:00,0.607
2018-10-17 19:00:00,0.844
2018-10-17 20:00:00,1.275
2018-10-17 21:00:00,1.812
2018-10-17 22:00:00,2.814
2018-10-17 23:00:00,7.231
2018-10-18 00:00:00,18.55
2018-10-18 01:00:00,30.387
2018-10-18 02:00:00,35.826
2018-10-18 03:00:00,41.239
2018-10-18 04:00:00,49.743
2018-10-18 05:00:00,58.144
2018-10-18 06:00:00,56.418
2018-10-18 07:00:00,47.947
2018-10-18 08:00:00,40.206
2018-10-18 09:00:00,34.809
2018-10-18 10:00:00,28.615
2018-10-18 11:00:00,21.0
2018-10-18 12:00:00,11.839
2018-10-18 13:00:00,9.072
2018-10-18 14:00:00,5.674
2018-10-18 15:00:00,3.426
2018-10-18 16:00:00,3.291
2018-10-18 17:00:00,4.483
2018-10-18 18:00:00,5.968
2018-10-18 19:00:00,9.134
2018-10-18 20:00:00,14.989
2018-10-18 21:00:00,24.67
2018-10-18 22:00:00,30.721
2018-10-18 23:00:00,36.766
2018-10-19 00:00:00,46.522
2018-10-19 01:00:00,61.761
2018-10-19 02:00:00,65.475
2018-10-19 03:00:00,71.922
2018-10-19 04:00:00,86.062
2018-10-19 05:00:00,93.496
2018-10-19 06:00:00,89.54
2018-10-19 07:00:00,78.432
2018-10-19 08:00:00,57.648
2018-10-19 09:00:00,38.166
2018-10-19 10:00:00,24.401
2018-10-19 11:00:00,15.596
2018-10-19 12:00:00,7.238
2018-10-19 13:00:00,3.377
2018-10-19 14:00:00,2.041
2018-10-19 15:00:00,1.361
2018-10-19 16:00:00,1.179
2018-10-19 17:00:00,1.704
2018-10-19 18:00:00,2.565
2018-10-19 19:00:00,3.804
2018-10-19 20:00:00,6.136
2018-10-19 21:00:00,7.87
2018-10-19 22:00:00,9.926
2018-10-19 23:00:00,12.032
2018-10-20 00:00:00,14.296
2018-10-20 01:00:00,20.67
2018-10-20 02:00:00,24.204
2018-10-20 03:00:00,25.034
2018-10-20 04:00:00,25.155
2018-10-20 05:00:00,28.47
2018-10-20 06:00:00,30.19
2018-10-20 07:00:00,29.901
2018-10-20 08:00:00,26.157
2018-10-20 09:00:00,24.441
2018-10-20 10:00:00,18.264
2018-10-20 11:00:00,11.404
2018-10-20 12:00:00,5.506
2018-10-20 13:00:00,1.292
2018-10-20 14:00:00,0.809
2018-10-20 15:00:00,0.666
2018-10-20 16:00:00,0.762
2018-10-20 17:00:00,0.804
2018-10-20 18:00:00,1.136
2018-10-20 19:00:00,1.292
2018-10-20 20:00:00,2.858
2018-10-20 21:00:00,9.475
2018-10-20 22:00:00,21.663
2018-10-20 23:00:00,24.949
2018-10-21 00:00:00,29.758
2018-10-21 01:00:00,30.959
2018-10-21 02:00:00,53.269
2018-10-21 03:00:00,80.836
2018-10-21 04:00:00,84.859
2018-10-21 05:00:00,108.029
2018-10-21 06:00:00,118.585
2018-10-21 07:00:00,109.777
2018-10-21 08:00:00,91.242
2018-10-21 09:00:00,74.826
2018-10-21 10:00:00,73.555
2018-10-21 11:00:00,57.892
2018-10-21 12:00:00,33.391
2018-10-21 13:00:00,21.606
2018-10-21 14:00:00,22.521
2018-10-21 15:00:00,26.179
2018-10-21 16:00:00,26.314
2018-10-21 17:00:00,29.843
2018-10-21 18:00:00,41.485
2018-10-21 19:00:00,51.489
2018-10-21 20:00:00,54.05
2018-10-21 21:00:00,61.339
2018-10-21 22:00:00,69.675
2018-10-21 23:00:00,80.311
2018-10-22 00:00:00,93.489
2018-10-22 01:00:00,105.447
2018-10-22 02:00:00,113.087
2018-10-22 03:00:00,127.868
2018-10-22 04:00:00,147.05
2018-10-22 05:00:00,161.296
2018-10-22 06:00:00,159.635
2018-10-22 07:00:00,143.123
2018-10-22 08:00:00,109.857
2018-10-22 09:00:00,75.756
2018-10-22 10:00:00,62.34
2018-10-22 11:00:00,50.22
2018-10-22 12:00:00,39.758
2018-10-22 13:00:00,29.809
2018-10-22 14:00:00,21.504
2018-10-22 15:00:00,15.318
2018-10-22 16:00:00,14.589
2018-10-22 17:00:00,15.8
2018-10-22 18:00:00,21.446
2018-10-22 19:00:00,24.448
2018-10-22 20:00:00,27.781
2018-10-22 21:00:00,33.805
2018-10-22 22:00:00,37.184
2018-10-22 23:00:00,40.702
2018-10-23 00:00:00,44.592
2018-10-23 01:00:00,55.052
2018-10-23 02:00:00,66.923
2018-10-23 03:00:00,79.273
2018-10-23 04:00:00,87.233
2018-10-23 05:00:00,99.149
2018-10-23 06:00:00,94.686
2018-10-23 07:00:00,80.777
2018-10-23 08:00:00,60.833
2018-10-23 09:00:00,41.959
2018-10-23 10:00:00,23.191
2018-10-23 11:00:00,11.815
2018-10-23 12:00:00,3.902
2018-10-23 13:00:00,1.428
2018-10-23 14:00:00,0.489
2018-10-23 15:00:00,0.265
2018-10-23 16:00:00,0.24
2018-10-23 17:00:00,0.27
2018-10-23 18:00:00,0.66
2018-10-23 19:00:00,1.534
2018-10-23 20:00:00,3.532
2018-10-23 21:00:00,6.784
2018-10-23 22:00:00,9.116
2018-10-23 23:00:00,13.604
2018-10-24 00:00:00,19.057
2018-10-24 01:00:00,24.638
2018-10-24 02:00:00,33.972
2018-10-24 03:00:00,44.508
2018-10-24 04:00:00,52.698
2018-10-24 05:00:00,61.74
2018-10-24 06:00:00,67.177
2018-10-24 07:00:00,62.114
2018-10-24 08:00:00,53.337
2018-10-24 09:00:00,58.199
2018-10-24 10:00:00,46.835
2018-10-24 11:00:00,28.834
2018-10-24 12:00:00,23.385
2018-10-24 13:00:00,19.69
2018-10-24 14:00:00,17.795
2018-10-24 15:00:00,18.218
2018-10-24 16:00:00,16.056
2018-10-24 17:00:00,21.05
2018-10-24 18:00:00,30.267
2018-10-24 19:00:00,35.605
2018-10-24 20:00:00,40.107
2018-10-24 21:00:00,49.729
2018-10-24 22:00:00,62.959
2018-10-24 23:00:00,69.087
2018-10-25 00:00:00,82.07
2018-10-25 01:00:00,102.654
2018-10-25 02:00:00,115.197
2018-10-25 03:00:00,129.171
2018-10-25 04:00:00,135.256
2018-10-25 05:00:00,147.818
2018-10-25 06:00:00,145.38
2018-10-25 07:00:00,132.093
2018-10-25 08:00:00,111.096
2018-10-25 09:00:00,80.382
2018-10-25 10:00:00,57.909
2018-10-25 11:00:00,47.013
2018-10-25 12:00:00,33.032
2018-10-25 13:00:00,25.764
2018-10-25 14:00:00,24.918
2018-10-25 15:00:00,28.751
2018-10-25 16:00:00,24.857
2018-10-25 17:00:00,30.327
2018-10-25 18:00:00,35.454
2018-10-25 19:00:00,30.876
2018-10-25 20:00:00,34.435
2018-10-25 21:00:00,41.229
2018-10-25 22:00:00,47.918
2018-10-25 23:00:00,54.21
2018-10-26 00:00:00,58.955
2018-10-26 01:00:00,65.299
2018-10-26 02:00:00,73.893
2018-10-26 03:00:00,82.241
2018-10-26 04:00:00,91.922
2018-10-26 05:00:00,109.116
2018-10-26 06:00:00,122.174
2018-10-26 07:00:00,122.007
2018-10-26 08:00:00,114.48
2018-10-26 09:00:00,105.308
2018-10-26 10:00:00,101.24
2018-10-26 11:00:00,98.214
2018-10-26 12:00:00,90.514
2018-10-26 13:00:00,88.019
2018-10-26 14:00:00,95.747
2018-10-26 15:00:00,102.479
2018-10-26 16:00:00,89.446
2018-10-26 17:00:00,91.884
2018-10-26 18:00:00,97.202
2018-10-26 19:00:00,99.734
2018-10-26 20:00:00,95.524
2018-10-26 21:00:00,102.174
2018-10-26 22:00:00,108.872
2018-10-26 23:00:00,93.249
2018-10-27 00:00:00,94.905
2018-10-27 01:00:00,107.585
2018-10-27 02:00:00,101.751
2018-10-27 03:00:00,93.597
2018-10-27 04:00:00,100.237
2018-10-27 05:00:00,108.935
2018-10-27 06:00:00,106.706
2018-10-27 07:00:00,97.969
2018-10-27 08:00:00,96.888
2018-10-27 09:00:00,105.321
2018-10-27 10:00:00,114.908
2018-10-27 11:00:00,105.697
2018-10-27 12:00:00,102.228
2018-10-27 13:00:00,89.801
2018-10-27 14:00:00,71.431
2018-10-27 15:00:00,57.933
2018-10-27 16:00:00,47.682
2018-10-27 17:00:00,48.869
2018-10-27 18:00:00,51.349
2018-10-27 19:00:00,50.3
2018-10-27 20:00:00,48.208
2018-10-27 21:00:00,49.051
2018-10-27 22:00:00,53.336
2018-10-27 23:00:00,56.046
2018-10-28 00:00:00,58.371
2018-10-28 01:00:00,65.513
2018-10-28 02:00:00,71.956
2018-10-28 03:00:00,78.369
2018-10-28 04:00:00,80.722
2018-10-28 05:00:00,86.496
2018-10-28 06:00:00,83.567
2018-10-28 07:00:00,82.038
2018-10-28 08:00:00,75.179
2018-10-28 09:00:00,54.337
2018-10-28 10:00:00,33.577
2018-10-28 11:00:00,30.582
2018-10-28 12:00:00,30.194
2018-10-28 13:00:00,20.753
2018-10-28 14:00:00,15.708
2018-10-28 15:00:00,10.485
2018-10-28 16:00:00,8.562
2018-10-28 17:00:00,11.737
2018-10-28 18:00:00,19.962
2018-10-28 19:00:00,22.272
2018-10-28 20:00:00,25.977
2018-10-28 21:00:00,31.473
2018-10-28 22:00:00,34.868
2018-10-28 23:00:00,37.187
2018-10-29 00:00:00,37.907
2018-10-29 01:00:00,46.812
2018-10-29 02:00:00,52.918
2018-10-29 03:00:00,57.061
2018-10-29 04:00:00,59.177
2018-10-29 05:00:00,62.799
2018-10-29 06:00:00,61.464
2018-10-29 07:00:00,58.013
2018-10-29 08:00:00,43.043
2018-10-29 09:00:00,27.476
2018-10-29 10:00:00,24.083
2018-10-29 11:00:00,21.588
2018-10-29 12:00:00,19.483
2018-10-29 13:00:00,20.003
2018-10-29 14:00:00,12.54
2018-10-29 15:00:00,11.574
2018-10-29 16:00:00,15.416
2018-10-29 17:00:00,18.148
2018-10-29 18:00:00,22.49
2018-10-29 19:00:00,24.1
2018-10-29 20:00:00,29.291
2018-10-29 21:00:00,42.672
2018-10-29 22:00:00,48.248
2018-10-29 23:00:00,50.535
2018-10-30 00:00:00,59.487
2018-10-30 01:00:00,77.167
2018-10-30 02:00:00,84.603
2018-10-30 03:00:00,95.58
2018-10-30 04:00:00,102.967
2018-10-30 05:00:00,113.225
2018-10-30 06:00:00,117.583
2018-10-30 07:00:00,101.602
2018-10-30 08:00:00,76.312
2018-10-30 09:00:00,46.342
2018-10-30 10:00:00,24.594
2018-10-30 11:00:00,16.916
2018-10-30 12:00:00,9.574
2018-10-30 13:00:00,5.275
2018-10-30 14:00:00,2.735
2018-10-30 15:00:00,1.941
2018-10-30 16:00:00,1.92
2018-10-30 17:00:00,2.341
2018-10-30 18:00:00,4.245
2018-10-30 19:00:00,10.031
2018-10-30 20:00:00,13.878
2018-10-30 21:00:00,19.191
2018-10-30 22:00:00,23.108
2018-10-30 23:00:00,30.008
2018-10-31 00:00:00,35.472
2018-10-31 01:00:00,46.043
2018-10-31 02:00:00,52.256
2018-10-31 03:00:00,54.741
2018-10-31 04:00:00,56.889
2018-10-31 05:00:00,67.039
2018-10-31 06:00:00,74.623
2018-10-31 07:00:00,68.336
2018-10-31 08:00:00,55.56
2018-10-31 09:00:00,38.716
2018-10-31 10:00:00,26.728
2018-10-31 11:00:00,15.581
2018-10-31 12:00:00,6.617
2018-10-31 13:00:00,2.752
2018-10-31 14:00:00,1.831
2018-10-31 15:00:00,1.425
2018-10-31 16:00:00,1.07
2018-10-31 17:00:00,1.817
2018-10-31 18:00:00,2.648
2018-10-31 19:00:00,2.773
2018-10-31 20:00:00,5.012
2018-10-31 21:00:00,7.813
2018-10-31 22:00:00,8.056
2018-10-31 23:00:00,10.107
2018-11-01 00:00:00,12.594
2018-11-01 01:00:00,16.93
2018-11-01 02:00:00,18.872
2018-11-01 03:00:00,20.302
2018-11-01 04:00:00,23.049
2018-11-01 05:00:00,26.353
2018-11-01 06:00:00,26.726
2018-11-01 07:00:00,20.691
2018-11-01 08:00:00,14.282
2018-11-01 09:00:00,7.711
2018-11-01 10:00:00,3.42
2018-11-01 11:00:00,2.081
2018-11-01 12:00:00,0.914
2018-11-01 13:00:00,0.301
2018-11-01 14:00:00,0.065
2018-11-01 15:00:00,0.107
2018-11-01 16:00:00,0.17
2018-11-01 17:00:00,0.285
2018-11-01 18:00:00,0.419
2018-11-01 19:00:00,0.447
2018-11-01 20:00:00,0.826
2018-11-01 21:00:00,0.552
2018-11-01 22:00:00,0.814
2018-11-01 23:00:00,1.385
2018-11-02 00:00:00,1.34
2018-11-02 01:00:00,1.845
2018-11-02 02:00:00,2.286
2018-11-02 03:00:00,2.173
2018-11-02 04:00:00,1.988
2018-11-02 05:00:00,2.609
2018-11-02 06:00:00,2.034
2018-11-02 07:00:00,1.879
2018-11-02 08:00:00,1.75
2018-11-02 09:00:00,1.305
2018-11-02 10:00:00,1.136
2018-11-02 11:00:00,1.022
2018-11-02 12:00:00,0.474
2018-11-02 13:00:00,0.304
2018-11-02 14:00:00,0.14
2018-11-02 15:00:00,0.193
2018-11-02 16:00:00,0.275
2018-11-02 17:00:00,0.22
2018-11-02 18:00:00,0.244
2018-11-02 19:00:00,0.226
2018-11-02 20:00:00,1.554
2018-11-02 21:00:00,5.665
2018-11-02 22:00:00,10.028
2018-11-02 23:00:00,9.968
2018-11-03 00:00:00,10.905
2018-11-03 01:00:00,17.166
2018-11-03 02:00:00,22.432
2018-11-03 03:00:00,28.467
2018-11-03 04:00:00,33.302
2018-11-03 05:00:00,41.023
2018-11-03 06:00:00,50.842
2018-11-03 07:00:00,47.502
2018-11-03 08:00:00,35.2
2018-11-03 09:00:00,22.47
2018-11-03 10:00:00,16.554
2018-11-03 11:00:00,14.735
2018-11-03 12:00:00,11.495
2018-11-03 13:00:00,9.451
2018-11-03 14:00:00,6.071
2018-11-03 15:00:00,4.359
2018-11-03 16:00:00,4.783
2018-11-03 17:00:00,6.621
2018-11-03 18:00:00,9.778
2018-11-03 19:00:00,13.91
2018-11-03 20:00:00,19.249
2018-11-03 21:00:00,26.959
2018-11-03 22:00:00,35.576
2018-11-03 23:00:00,38.723
2018-11-04 00:00:00,47.97
2018-11-04 01:00:00,67.212
2018-11-04 02:00:00,77.467
2018-11-04 03:00:00,84.153
2018-11-04 04:00:00,93.371
2018-11-04 05:00:00,107.597
2018-11-04 06:00:00,111.681
2018-11-04 07:00:00,106.593
2018-11-04 08:00:00,78.553
2018-11-04 09:00:00,49.684
2018-11-04 10:00:00,35.233
2018-11-04 11:00:00,22.319
2018-11-04 12:00:00,12.331
2018-11-04 13:00:00,8.116
2018-11-04 14:00:00,6.371
2018-11-04 15:00:00,4.567
2018-11-04 16:00:00,4.831
2018-11-04 17:00:00,7.497
2018-11-04 18:00:00,13.02
2018-11-04 19:00:00,15.207
2018-11-04 20:00:00,18.89
2018-11-04 21:00:00,21.57
2018-11-04 22:00:00,22.375
2018-11-04 23:00:00,25.873
2018-11-05 00:00:00,29.994
2018-11-05 01:00:00,32.771
2018-11-05 02:00:00,38.393
2018-11-05 03:00:00,44.676
2018-11-05 04:00:00,48.056
2018-11-05 05:00:00,49.802
2018-11-05 06:00:00,53.669
2018-11-05 07:00:00,47.775
2018-11-05 08:00:00,42.261
2018-11-05 09:00:00,39.915
2018-11-05 10:00:00,51.956
2018-11-05 11:00:00,53.201
2018-11-05 12:00:00,53.234
2018-11-05 13:00:00,48.615
2018-11-05 14:00:00,46.44
2018-11-05 15:00:00,43.442
2018-11-05 16:00:00,45.19
2018-11-05 17:00:00,42.786
2018-11-05 18:00:00,37.201
2018-11-05 19:00:00,35.87
2018-11-05 20:00:00,34.544
2018-11-05 21:00:00,33.208
2018-11-05 22:00:00,35.051
2018-11-05 23:00:00,37.47
2018-11-06 00:00:00,39.645
2018-11-06 01:00:00,41.508
2018-11-06 02:00:00,47.817
2018-11-06 03:00:00,53.775
2018-11-06 04:00:00,56.027
2018-11-06 05:00:00,58.084
2018-11-06 06:00:00,58.458
2018-11-06 07:00:00,52.225
2018-11-06 08:00:00,48.525
2018-11-06 09:00:00,44.648
2018-11-06 10:00:00,43.943
2018-11-06 11:00:00,43.526
2018-11-06 12:00:00,39.542
2018-11-06 13:00:00,33.648
2018-11-06 14:00:00,28.193
2018-11-06 15:00:00,26.06
2018-11-06 16:00:00,27.084
2018-11-06 17:00:00,24.116
2018-11-06 18:00:00,21.011
2018-11-06 19:00:00,22.351
2018-11-06 20:00:00,24.198
2018-11-06 21:00:00,26.421
2018-11-06 22:00:00,28.38
2018-11-06 23:00:00,31.47
2018-11-07 00:00:00,34.944
2018-11-07 01:00:00,39.503
2018-11-07 02:00:00,43.085
2018-11-07 03:00:00,42.868
2018-11-07 04:00:00,42.701
2018-11-07 05:00:00,55.848
2018-11-07 06:00:00,74.187
2018-11-07 07:00:00,64.486
2018-11-07 08:00:00,46.199
2018-11-07 09:00:00,27.706
2018-11-07 10:00:00,21.203
2018-11-07 11:00:00,13.391
2018-11-07 12:00:00,11.27
2018-11-07 13:00:00,12.508
2018-11-07 14:00:00,12.267
2018-11-07 15:00:00,11.482
2018-11-07 16:00:00,11.631
2018-11-07 17:00:00,12.393
2018-11-07 18:00:00,13.887
2018-11-07 19:00:00,15.619
2018-11-07 20:00:00,15.721
2018-11-07 21:00:00,17.805
2018-11-07 22:00:00,20.427
2018-11-07 23:00:00,21.455
2018-11-08 00:00:00,23.919
2018-11-08 01:00:00,29.525
2018-11-08 02:00:00,36.946
2018-11-08 03:00:00,45.625
2018-11-08 04:00:00,49.869
2018-11-08 05:00:00,55.651
2018-11-08 06:00:00,75.477
2018-11-08 07:00:00,76.101
2018-11-08 08:00:00,69.91
2018-11-08 09:00:00,60.298
2018-11-08 10:00:00,44.543
2018-11-08 11:00:00,26.775
2018-11-08 12:00:00,13.576
2018-11-08 13:00:00,7.259
2018-11-08 14:00:00,4.656
2018-11-08 15:00:00,3.653
2018-11-08 16:00:00,5.73
2018-11-08 17:00:00,9.853
2018-11-08 18:00:00,15.518
2018-11-08 19:00:00,18.878
2018-11-08 20:00:00,22.219
2018-11-08 21:00:00,26.783
2018-11-08 22:00:00,33.7
2018-11-08 23:00:00,36.413
2018-11-09 00:00:00,43.501
2018-11-09 01:00:00,52.121
2018-11-09 02:00:00,64.564
2018-11-09 03:00:00,76.116
2018-11-09 04:00:00,85.695
2018-11-09 05:00:00,92.883
2018-11-09 06:00:00,99.716
2018-11-09 07:00:00,101.313
2018-11-09 08:00:00,105.635
2018-11-09 09:00:00,100.228
2018-11-09 10:00:00,85.502
2018-11-09 11:00:00,81.212
2018-11-09 12:00:00,76.384
2018-11-09 13:00:00,74.908
2018-11-09 14:00:00,75.367
2018-11-09 15:00:00,81.102
2018-11-09 16:00:00,84.468
2018-11-09 17:00:00,86.015
2018-11-09 18:00:00,83.811
2018-11-09 19:00:00,79.291
2018-11-09 20:00:00,78.838
2018-11-09 21:00:00,78.839
2018-11-09 22:00:00,82.883
2018-11-09 23:00:00,84.472
2018-11-10 00:00:00,83.606
2018-11-10 01:00:00,86.985
2018-11-10 02:00:00,100.693
2018-11-10 03:00:00,107.839
2018-11-10 04:00:00,113.198
2018-11-10 05:00:00,128.403
2018-11-10 06:00:00,169.304
2018-11-10 07:00:00,180.098
2018-11-10 08:00:00,178.442
2018-11-10 09:00:00,183.257
2018-11-10 10:00:00,156.324
2018-11-10 11:00:00,153.986
2018-11-10 12:00:00,140.9
2018-11-10 13:00:00,130.151
2018-11-10 14:00:00,133.337
2018-11-10 15:00:00,104.954
2018-11-10 16:00:00,103.2
2018-11-10 17:00:00,124.809
2018-11-10 18:00:00,139.474
2018-11-10 19:00:00,146.62
2018-11-10 20:00:00,152.908
2018-11-10 21:00:00,158.554
2018-11-10 22:00:00,163.279
2018-11-10 23:00:00,179.06
2018-11-11 00:00:00,199.249
2018-11-11 01:00:00,210.15
2018-11-11 02:00:00,231.997
2018-11-11 03:00:00,255.359
2018-11-11 04:00:00,255.018
2018-11-11 05:00:00,271.772
2018-11-11 06:00:00,293.21
2018-11-11 07:00:00,271.866
2018-11-11 08:00:00,218.957
2018-11-11 09:00:00,166.804
2018-11-11 10:00:00,131.015
2018-11-11 11:00:00,111.434
2018-11-11 12:00:00,90.709
2018-11-11 13:00:00,73.939
2018-11-11 14:00:00,58.993
2018-11-11 15:00:00,52.819
2018-11-11 16:00:00,59.679
2018-11-11 17:00:00,75.666
2018-11-11 18:00:00,88.572
2018-11-11 19:00:00,93.128
2018-11-11 20:00:00,100.481
2018-11-11 21:00:00,110.627
2018-11-11 22:00:00,120.992
2018-11-11 23:00:00,140.365
2018-11-12 00:00:00,158.073
2018-11-12 01:00:00,168.313
2018-11-12 02:00:00,173.836
2018-11-12 03:00:00,177.547
2018-11-12 04:00:00,181.554
2018-11-12 05:00:00,184.844
2018-11-12 06:00:00,195.54
2018-11-12 07:00:00,188.206
2018-11-12 08:00:00,178.473
2018-11-12 09:00:00,159.25
2018-11-12 10:00:00,132.63
2018-11-12 11:00:00,118.086
2018-11-12 12:00:00,107.028
2018-11-12 13:00:00,94.956
2018-11-12 14:00:00,85.135
2018-11-12 15:00:00,81.844
2018-11-12 16:00:00,83.22
2018-11-12 17:00:00,85.829
2018-11-12 18:00:00,97.437
2018-11-12 19:00:00,98.504
2018-11-12 20:00:00,97.605
2018-11-12 21:00:00,100.391
2018-11-12 22:00:00,103.99
2018-11-12 23:00:00,112.649
2018-11-13 00:00:00,118.739
2018-11-13 01:00:00,124.973
2018-11-13 02:00:00,135.054
2018-11-13 03:00:00,139.447
2018-11-13 04:00:00,135.781
2018-11-13 05:00:00,149.276
2018-11-13 06:00:00,180.121
2018-11-13 07:00:00,179.297
2018-11-13 08:00:00,167.862
2018-11-13 09:00:00,156.0
2018-11-13 10:00:00,150.304
2018-11-13 11:00:00,140.696
2018-11-13 12:00:00,129.619
2018-11-13 13:00:00,120.618
2018-11-13 14:00:00,114.961
2018-11-13 15:00:00,116.48
2018-11-13 16:00:00,128.592
2018-11-13 17:00:00,128.745
2018-11-13 18:00:00,122.138
2018-11-13 19:00:00,112.271
2018-11-13 20:00:00,107.679
2018-11-13 21:00:00,103.349
2018-11-13 22:00:00,106.172
2018-11-13 23:00:00,116.31
2018-11-14 00:00:00,145.131
2018-11-14 01:00:00,170.202
2018-11-14 02:00:00,176.912
2018-11-14 03:00:00,184.918
2018-11-14 04:00:00,192.793
2018-11-14 05:00:00,198.018
2018-11-14 06:00:00,230.354
2018-11-14 07:00:00,245.973
2018-11-14 08:00:00,227.409
2018-11-14 09:00:00,201.872
2018-11-14 10:00:00,172.839
2018-11-14 11:00:00,156.739
2018-11-14 12:00:00,130.504
2018-11-14 13:00:00,119.843
2018-11-14 14:00:00,123.131
2018-11-14 15:00:00,134.887
2018-11-14 16:00:00,132.319
2018-11-14 17:00:00,142.742
2018-11-14 18:00:00,147.406
2018-11-14 19:00:00,138.828
2018-11-14 20:00:00,145.829
2018-11-14 21:00:00,163.776
2018-11-14 22:00:00,182.129
2018-11-14 23:00:00,183.423
2018-11-15 00:00:00,183.107
2018-11-15 01:00:00,190.997
2018-11-15 02:00:00,207.861
2018-11-15 03:00:00,215.463
2018-11-15 04:00:00,207.946
2018-11-15 05:00:00,223.991
2018-11-15 06:00:00,264.22
2018-11-15 07:00:00,278.554
2018-11-15 08:00:00,313.8
2018-11-15 09:00:00,339.321
2018-11-15 10:00:00,341.094
2018-11-15 11:00:00,338.128
2018-11-15 12:00:00,349.327
2018-11-15 13:00:00,355.843
2018-11-15 14:00:00,355.603
2018-11-15 15:00:00,370.559
2018-11-15 16:00:00,371.816
2018-11-15 17:00:00,341.05
2018-11-15 18:00:00,308.529
2018-11-15 19:00:00,292.471
2018-11-15 20:00:00,266.202
2018-11-15 21:00:00,233.683
2018-11-15 22:00:00,221.607
2018-11-15 23:00:00,213.277
2018-11-16 00:00:00,234.011
2018-11-16 01:00:00,262.184
2018-11-16 02:00:00,272.601
2018-11-16 03:00:00,260.221
2018-11-16 04:00:00,242.774
2018-11-16 05:00:00,239.387
2018-11-16 06:00:00,254.155
2018-11-16 07:00:00,234.419
2018-11-16 08:00:00,195.588
2018-11-16 09:00:00,171.43
2018-11-16 10:00:00,148.688
2018-11-16 11:00:00,120.211
2018-11-16 12:00:00,90.587
2018-11-16 13:00:00,67.756
2018-11-16 14:00:00,52.537
2018-11-16 15:00:00,51.139
2018-11-16 16:00:00,60.227
2018-11-16 17:00:00,82.763
2018-11-16 18:00:00,97.969
2018-11-16 19:00:00,94.411
2018-11-16 20:00:00,107.925
2018-11-16 21:00:00,117.372
2018-11-16 22:00:00,123.856
2018-11-16 23:00:00,121.429
2018-11-17 00:00:00,109.098
2018-11-17 01:00:00,105.902
2018-11-17 02:00:00,125.98
2018-11-17 03:00:00,141.332
2018-11-17 04:00:00,157.554
2018-11-17 05:00:00,162.759
2018-11-17 06:00:00,178.757
2018-11-17 07:00:00,171.193
2018-11-17 08:00:00,153.338
2018-11-17 09:00:00,151.218
2018-11-17 10:00:00,145.531
2018-11-17 11:00:00,127.241
2018-11-17 12:00:00,92.651
2018-11-17 13:00:00,63.019
2018-11-17 14:00:00,54.65
2018-11-17 15:00:00,52.421
2018-11-17 16:00:00,55.833
2018-11-17 17:00:00,75.699
2018-11-17 18:00:00,83.311
2018-11-17 19:00:00,89.91
2018-11-17 20:00:00,95.991
2018-11-17 21:00:00,89.081
2018-11-17 22:00:00,102.778
2018-11-17 23:00:00,120.161
2018-11-18 00:00:00,136.291
2018-11-18 01:00:00,151.812
2018-11-18 02:00:00,167.273
2018-11-18 03:00:00,187.525
2018-11-18 04:00:00,196.555
2018-11-18 05:00:00,205.563
2018-11-18 06:00:00,229.52
2018-11-18 07:00:00,221.185
2018-11-18 08:00:00,185.565
2018-11-18 09:00:00,142.959
2018-11-18 10:00:00,108.242
2018-11-18 11:00:00,97.723
2018-11-18 12:00:00,83.457
2018-11-18 13:00:00,64.83
2018-11-18 14:00:00,60.045
2018-11-18 15:00:00,60.062
2018-11-18 16:00:00,64.75
2018-11-18 17:00:00,77.405
2018-11-18 18:00:00,73.504
2018-11-18 19:00:00,71.311
2018-11-18 20:00:00,78.356
2018-11-18 21:00:00,85.073
2018-11-18 22:00:00,96.986
2018-11-18 23:00:00,103.117
2018-11-19 00:00:00,109.201
2018-11-19 01:00:00,117.477
2018-11-19 02:00:00,137.475
2018-11-19 03:00:00,146.348
2018-11-19 04:00:00,152.471
2018-11-19 05:00:00,158.778
2018-11-19 06:00:00,163.755
2018-11-19 07:00:00,155.816
2018-11-19 08:00:00,138.693
2018-11-19 09:00:00,121.259
2018-11-19 10:00:00,90.39
2018-11-19 11:00:00,64.459
2018-11-19 12:00:00,54.348
2018-11-19 13:00:00,38.001
2018-11-19 14:00:00,25.166
2018-11-19 15:00:00,20.639
2018-11-19 16:00:00,23.206
2018-11-19 17:00:00,30.133
2018-11-19 18:00:00,41.918
2018-11-19 19:00:00,37.677
2018-11-19 20:00:00,38.991
2018-11-19 21:00:00,45.531
2018-11-19 22:00:00,46.687
2018-11-19 23:00:00,51.581
2018-11-20 00:00:00,56.168
2018-11-20 01:00:00,56.719
2018-11-20 02:00:00,65.475
2018-11-20 03:00:00,79.531
2018-11-20 04:00:00,85.093
2018-11-20 05:00:00,90.465
2018-11-20 06:00:00,95.777
2018-11-20 07:00:00,97.532
2018-11-20 08:00:00,92.558
2018-11-20 09:00:00,93.568
2018-11-20 10:00:00,72.294
2018-11-20 11:00:00,56.877
2018-11-20 12:00:00,61.28
2018-11-20 13:00:00,68.937
2018-11-20 14:00:00,76.133
2018-11-20 15:00:00,60.25
2018-11-20 16:00:00,81.281
2018-11-20 17:00:00,80.179
2018-11-20 18:00:00,82.761
2018-11-20 19:00:00,104.069
2018-11-20 20:00:00,96.397
2018-11-20 21:00:00,100.895
2018-11-20 22:00:00,105.493
2018-11-20 23:00:00,111.999
2018-11-21 00:00:00,128.358
2018-11-21 01:00:00,133.215
2018-11-21 02:00:00,151.611
2018-11-21 03:00:00,178.099
2018-11-21 04:00:00,189.11
2018-11-21 05:00:00,214.14
2018-11-21 06:00:00,251.228
2018-11-21 07:00:00,228.829
2018-11-21 08:00:00,186.799
2018-11-21 09:00:00,145.318
2018-11-21 10:00:00,118.276
2018-11-21 11:00:00,92.703
2018-11-21 12:00:00,71.183
2018-11-21 13:00:00,55.861
2018-11-21 14:00:00,41.717
2018-11-21 15:00:00,32.857
2018-11-21 16:00:00,59.365
2018-11-21 17:00:00,104.21
2018-11-21 18:00:00,106.473
2018-11-21 19:00:00,117.245
2018-11-21 20:00:00,124.398
2018-11-21 21:00:00,128.953
2018-11-21 22:00:00,134.895
2018-11-21 23:00:00,140.888
2018-11-22 00:00:00,149.547
2018-11-22 01:00:00,158.926
2018-11-22 02:00:00,199.683
2018-11-22 03:00:00,234.026
2018-11-22 04:00:00,258.885
2018-11-22 05:00:00,291.674
2018-11-22 06:00:00,329.365
2018-11-22 07:00:00,352.657
2018-11-22 08:00:00,321.977
2018-11-22 09:00:00,287.595
2018-11-22 10:00:00,273.026
2018-11-22 11:00:00,265.121
2018-11-22 12:00:00,253.986
2018-11-22 13:00:00,267.999
2018-11-22 14:00:00,245.159
2018-11-22 15:00:00,250.338
2018-11-22 16:00:00,286.238
2018-11-22 17:00:00,289.632
2018-11-22 18:00:00,296.971
2018-11-22 19:00:00,301.616
2018-11-22 20:00:00,305.402
2018-11-22 21:00:00,301.448
2018-11-22 22:00:00,305.69
2018-11-22 23:00:00,318.626
2018-11-23 00:00:00,329.698
2018-11-23 01:00:00,329.818
2018-11-23 02:00:00,341.957
2018-11-23 03:00:00,349.28
2018-11-23 04:00:00,353.058
2018-11-23 05:00:00,365.796
2018-11-23 06:00:00,387.593
2018-11-23 07:00:00,384.225
2018-11-23 08:00:00,369.337
2018-11-23 09:00:00,354.31
2018-11-23 10:00:00,329.03
2018-11-23 11:00:00,311.877
2018-11-23 12:00:00,291.496
2018-11-23 13:00:00,269.508
2018-11-23 14:00:00,254.271
2018-11-23 15:00:00,256.629
2018-11-23 16:00:00,270.423
2018-11-23 17:00:00,271.122
2018-11-23 18:00:00,267.314
2018-11-23 19:00:00,259.916
2018-11-23 20:00:00,253.408
2018-11-23 21:00:00,248.584
2018-11-23 22:00:00,254.674
2018-11-23 23:00:00,258.011
2018-11-24 00:00:00,251.378
2018-11-24 01:00:00,241.381
2018-11-24 02:00:00,250.555
2018-11-24 03:00:00,260.564
2018-11-24 04:00:00,273.606
2018-11-24 05:00:00,277.521
2018-11-24 06:00:00,290.206
2018-11-24 07:00:00,280.902
2018-11-24 08:00:00,269.75
2018-11-24 09:00:00,249.781
2018-11-24 10:00:00,230.716
2018-11-24 11:00:00,213.262
2018-11-24 12:00:00,196.906
2018-11-24 13:00:00,201.994
2018-11-24 14:00:00,206.863
2018-11-24 15:00:00,224.134
2018-11-24 16:00:00,259.547
2018-11-24 17:00:00,231.903
2018-11-24 18:00:00,183.06
2018-11-24 19:00:00,169.264
2018-11-24 20:00:00,157.66
2018-11-24 21:00:00,167.657
2018-11-24 22:00:00,164.383
2018-11-24 23:00:00,163.77
2018-11-25 00:00:00,161.507
2018-11-25 01:00:00,162.465
2018-11-25 02:00:00,178.863
2018-11-25 03:00:00,195.174
2018-11-25 04:00:00,202.263
2018-11-25 05:00:00,212.046
2018-11-25 06:00:00,226.403
2018-11-25 07:00:00,210.989
2018-11-25 08:00:00,195.73
2018-11-25 09:00:00,166.462
2018-11-25 10:00:00,124.919
2018-11-25 11:00:00,96.969
2018-11-25 12:00:00,59.951
2018-11-25 13:00:00,38.814
2018-11-25 14:00:00,30.088
2018-11-25 15:00:00,26.573
2018-11-25 16:00:00,28.714
2018-11-25 17:00:00,30.025
2018-11-25 18:00:00,34.713
2018-11-25 19:00:00,47.893
2018-11-25 20:00:00,54.543
2018-11-25 21:00:00,62.931
2018-11-25 22:00:00,59.942
2018-11-25 23:00:00,70.281
2018-11-26 00:00:00,78.125
2018-11-26 01:00:00,73.35
2018-11-26 02:00:00,80.711
2018-11-26 03:00:00,86.839
2018-11-26 04:00:00,92.215
2018-11-26 05:00:00,99.096
2018-11-26 06:00:00,111.809
2018-11-26 07:00:00,110.968
2018-11-26 08:00:00,100.831
2018-11-26 09:00:00,89.962
2018-11-26 10:00:00,86.798
2018-11-26 11:00:00,89.763
2018-11-26 12:00:00,90.281
2018-11-26 13:00:00,85.646
2018-11-26 14:00:00,80.549
2018-11-26 15:00:00,77.814
2018-11-26 16:00:00,81.854
2018-11-26 17:00:00,84.097
2018-11-26 18:00:00,98.638
2018-11-26 19:00:00,112.967
2018-11-26 20:00:00,121.113
2018-11-26 21:00:00,120.711
2018-11-26 22:00:00,117.142
2018-11-26 23:00:00,126.49
2018-11-27 00:00:00,128.398
2018-11-27 01:00:00,130.452
2018-11-27 02:00:00,148.256
2018-11-27 03:00:00,170.502
2018-11-27 04:00:00,185.467
2018-11-27 05:00:00,192.4
2018-11-27 06:00:00,202.269
2018-11-27 07:00:00,196.252
2018-11-27 08:00:00,199.311
2018-11-27 09:00:00,225.803
2018-11-27 10:00:00,214.918
2018-11-27 11:00:00,210.846
2018-11-27 12:00:00,205.906
2018-11-27 13:00:00,196.01
2018-11-27 14:00:00,192.811
2018-11-27 15:00:00,210.017
2018-11-27 16:00:00,221.018
2018-11-27 17:00:00,218.268
2018-11-27 18:00:00,225.349
2018-11-27 19:00:00,256.609
2018-11-27 20:00:00,232.897
2018-11-27 21:00:00,214.009
2018-11-27 22:00:00,229.243
2018-11-27 23:00:00,247.284
2018-11-28 00:00:00,260.065
2018-11-28 01:00:00,260.787
2018-11-28 02:00:00,289.531
2018-11-28 03:00:00,300.591
2018-11-28 04:00:00,290.649
2018-11-28 05:00:00,296.983
2018-11-28 06:00:00,335.83
2018-11-28 07:00:00,358.363
2018-11-28 08:00:00,374.728
2018-11-28 09:00:00,346.252
2018-11-28 10:00:00,292.43
2018-11-28 11:00:00,277.71
2018-11-28 12:00:00,259.748
2018-11-28 13:00:00,260.372
2018-11-28 14:00:00,231.802
2018-11-28 15:00:00,219.279
2018-11-28 16:00:00,223.313
2018-11-28 17:00:00,260.422
2018-11-28 18:00:00,275.035
2018-11-28 19:00:00,250.829
2018-11-28 20:00:00,273.526
2018-11-28 21:00:00,288.156
2018-11-28 22:00:00,272.628
2018-11-28 23:00:00,279.022
2018-11-29 00:00:00,280.059
2018-11-29 01:00:00,284.506
2018-11-29 02:00:00,296.034
2018-11-29 03:00:00,309.907
2018-11-29 04:00:00,314.662
2018-11-29 05:00:00,320.944
2018-11-29 06:00:00,338.818
2018-11-29 07:00:00,323.855
2018-11-29 08:00:00,296.006
2018-11-29 09:00:00,267.453
2018-11-29 10:00:00,228.665
2018-11-29 11:00:00,195.35
2018-11-29 12:00:00,163.822
2018-11-29 13:00:00,149.168
2018-11-29 14:00:00,130.947
2018-11-29 15:00:00,125.924
2018-11-29 16:00:00,147.491
2018-11-29 17:00:00,159.241
2018-11-29 18:00:00,155.913
2018-11-29 19:00:00,152.705
2018-11-29 20:00:00,151.381
2018-11-29 21:00:00,151.679
2018-11-29 22:00:00,162.183
2018-11-29 23:00:00,165.274
2018-11-30 00:00:00,169.883
2018-11-30 01:00:00,172.669
2018-11-30 02:00:00,185.119
2018-11-30 03:00:00,198.504
2018-11-30 04:00:00,204.252
2018-11-30 05:00:00,208.477
2018-11-30 06:00:00,225.603
2018-11-30 07:00:00,224.911
2018-11-30 08:00:00,208.446
2018-11-30 09:00:00,180.601
2018-11-30 10:00:00,168.87
2018-11-30 11:00:00,167.059
2018-11-30 12:00:00,158.38
2018-11-30 13:00:00,132.924
2018-11-30 14:00:00,114.273
2018-11-30 15:00:00,110.954
2018-11-30 16:00:00,124.494
2018-11-30 17:00:00,127.101
2018-11-30 18:00:00,125.994
2018-11-30 19:00:00,135.498
2018-11-30 20:00:00,133.671
2018-11-30 21:00:00,131.072
2018-11-30 22:00:00,134.725
2018-11-30 23:00:00,144.16
2018-12-01 00:00:00,160.89
2018-12-01 01:00:00,175.607
2018-12-01 02:00:00,189.393
2018-12-01 03:00:00,202.69
2018-12-01 04:00:00,212.333
2018-12-01 05:00:00,213.924
2018-12-01 06:00:00,224.784
2018-12-01 07:00:00,218.085
2018-12-01 08:00:00,201.159
2018-12-01 09:00:00,194.67
2018-12-01 10:00:00,185.052
2018-12-01 11:00:00,183.015
2018-12-01 12:00:00,188.07
2018-12-01 13:00:00,193.912
2018-12-01 14:00:00,193.932
2018-12-01 15:00:00,190.513
2018-12-01 16:00:00,189.462
2018-12-01 17:00:00,189.031
2018-12-01 18:00:00,178.786
2018-12-01 19:00:00,162.113
2018-12-01 20:00:00,151.499
2018-12-01 21:00:00,140.12
2018-12-01 22:00:00,140.035
2018-12-01 23:00:00,143.629
2018-12-02 00:00:00,140.935
2018-12-02 01:00:00,136.006
2018-12-02 02:00:00,139.259
2018-12-02 03:00:00,140.504
2018-12-02 04:00:00,142.279
2018-12-02 05:00:00,144.184
2018-12-02 06:00:00,150.537
2018-12-02 07:00:00,145.595
2018-12-02 08:00:00,124.671
2018-12-02 09:00:00,115.194
2018-12-02 10:00:00,123.2
2018-12-02 11:00:00,126.136
2018-12-02 12:00:00,112.333
2018-12-02 13:00:00,94.534
2018-12-02 14:00:00,79.88
2018-12-02 15:00:00,63.915
2018-12-02 16:00:00,63.366
2018-12-02 17:00:00,68.914
2018-12-02 18:00:00,64.501
2018-12-02 19:00:00,57.651
2018-12-02 20:00:00,52.821
2018-12-02 21:00:00,50.017
2018-12-02 22:00:00,45.523
2018-12-02 23:00:00,44.87
2018-12-03 00:00:00,46.243
2018-12-03 01:00:00,52.227
2018-12-03 02:00:00,64.276
2018-12-03 03:00:00,68.88
2018-12-03 04:00:00,74.693
2018-12-03 05:00:00,72.17
2018-12-03 06:00:00,81.493
2018-12-03 07:00:00,75.462
2018-12-03 08:00:00,64.972
2018-12-03 09:00:00,55.395
2018-12-03 10:00:00,36.959
2018-12-03 11:00:00,23.745
2018-12-03 12:00:00,16.357
2018-12-03 13:00:00,10.505
2018-12-03 14:00:00,10.35
2018-12-03 15:00:00,16.919
2018-12-03 16:00:00,24.022
2018-12-03 17:00:00,37.885
2018-12-03 18:00:00,50.265
2018-12-03 19:00:00,47.546
2018-12-03 20:00:00,50.31
2018-12-03 21:00:00,63.247
2018-12-03 22:00:00,70.641
2018-12-03 23:00:00,79.323
2018-12-04 00:00:00,94.546
2018-12-04 01:00:00,105.599
2018-12-04 02:00:00,123.949
2018-12-04 03:00:00,143.704
2018-12-04 04:00:00,147.005
2018-12-04 05:00:00,143.149
2018-12-04 06:00:00,156.106
2018-12-04 07:00:00,160.385
2018-12-04 08:00:00,155.482
2018-12-04 09:00:00,165.022
2018-12-04 10:00:00,182.715
2018-12-04 11:00:00,171.058
2018-12-04 12:00:00,165.025
2018-12-04 13:00:00,167.871
2018-12-04 14:00:00,173.028
2018-12-04 15:00:00,178.143
2018-12-04 16:00:00,185.203
2018-12-04 17:00:00,177.907
2018-12-04 18:00:00,166.325
2018-12-04 19:00:00,172.15
2018-12-04 20:00:00,180.707
2018-12-04 21:00:00,193.477
2018-12-04 22:00:00,202.023
2018-12-04 23:00:00,202.938
2018-12-05 00:00:00,207.986
2018-12-05 01:00:00,211.749
2018-12-05 02:00:00,228.757
2018-12-05 03:00:00,247.016
2018-12-05 04:00:00,254.75
2018-12-05 05:00:00,267.331
2018-12-05 06:00:00,290.451
2018-12-05 07:00:00,292.06
2018-12-05 08:00:00,287.668
2018-12-05 09:00:00,279.327
2018-12-05 10:00:00,258.815
2018-12-05 11:00:00,237.357
2018-12-05 12:00:00,223.724
2018-12-05 13:00:00,214.929
2018-12-05 14:00:00,193.6
2018-12-05 15:00:00,182.185
2018-12-05 16:00:00,204.044
2018-12-05 17:00:00,208.185
2018-12-05 18:00:00,202.695
2018-12-05 19:00:00,202.591
2018-12-05 20:00:00,208.852
2018-12-05 21:00:00,211.935
2018-12-05 22:00:00,220.405
2018-12-05 23:00:00,230.698
2018-12-06 00:00:00,241.642
2018-12-06 01:00:00,246.799
2018-12-06 02:00:00,248.732
2018-12-06 03:00:00,249.438
2018-12-06 04:00:00,252.476
2018-12-06 05:00:00,255.093
2018-12-06 06:00:00,272.958
2018-12-06 07:00:00,261.528
2018-12-06 08:00:00,242.575
2018-12-06 09:00:00,225.337
2018-12-06 10:00:00,203.128
2018-12-06 11:00:00,189.639
2018-12-06 12:00:00,168.67
2018-12-06 13:00:00,142.841
2018-12-06 14:00:00,131.217
2018-12-06 15:00:00,134.165
2018-12-06 16:00:00,146.867
2018-12-06 17:00:00,151.101
2018-12-06 18:00:00,148.011
2018-12-06 19:00:00,149.612
2018-12-06 20:00:00,154.091
2018-12-06 21:00:00,161.558
2018-12-06 22:00:00,172.656
2018-12-06 23:00:00,161.896
2018-12-07 00:00:00,164.575
2018-12-07 01:00:00,183.544
2018-12-07 02:00:00,203.124
2018-12-07 03:00:00,222.519
2018-12-07 04:00:00,222.043
2018-12-07 05:00:00,226.82
2018-12-07 06:00:00,252.376
2018-12-07 07:00:00,270.792
2018-12-07 08:00:00,265.004
2018-12-07 09:00:00,249.961
2018-12-07 10:00:00,199.251
2018-12-07 11:00:00,174.824
2018-12-07 12:00:00,151.118
2018-12-07 13:00:00,121.661
2018-12-07 14:00:00,118.262
2018-12-07 15:00:00,128.744
2018-12-07 16:00:00,144.363
2018-12-07 17:00:00,163.684
2018-12-07 18:00:00,181.823
2018-12-07 19:00:00,185.763
2018-12-07 20:00:00,185.351
2018-12-07 21:00:00,195.017
2018-12-07 22:00:00,217.667
2018-12-07 23:00:00,223.369
2018-12-08 00:00:00,230.393
2018-12-08 01:00:00,235.602
2018-12-08 02:00:00,248.936
2018-12-08 03:00:00,269.832
2018-12-08 04:00:00,294.608
2018-12-08 05:00:00,317.653
2018-12-08 06:00:00,349.509
2018-12-08 07:00:00,360.922
2018-12-08 08:00:00,338.721
2018-12-08 09:00:00,292.514
2018-12-08 10:00:00,260.991
2018-12-08 11:00:00,240.074
2018-12-08 12:00:00,215.919
2018-12-08 13:00:00,227.486
2018-12-08 14:00:00,213.96
2018-12-08 15:00:00,206.468
2018-12-08 16:00:00,221.502
2018-12-08 17:00:00,228.744
2018-12-08 18:00:00,221.835
2018-12-08 19:00:00,219.849
2018-12-08 20:00:00,223.747
2018-12-08 21:00:00,224.224
2018-12-08 22:00:00,235.618
2018-12-08 23:00:00,254.229
2018-12-09 00:00:00,253.086
2018-12-09 01:00:00,248.312
2018-12-09 02:00:00,269.986
2018-12-09 03:00:00,289.863
2018-12-09 04:00:00,299.95
2018-12-09 05:00:00,306.1
2018-12-09 06:00:00,320.966
2018-12-09 07:00:00,324.147
2018-12-09 08:00:00,322.085
2018-12-09 09:00:00,315.73
2018-12-09 10:00:00,312.523
2018-12-09 11:00:00,312.121
2018-12-09 12:00:00,310.341
2018-12-09 13:00:00,297.124
2018-12-09 14:00:00,309.708
2018-12-09 15:00:00,330.673
2018-12-09 16:00:00,325.324
2018-12-09 17:00:00,298.491
2018-12-09 18:00:00,278.203
2018-12-09 19:00:00,282.041
2018-12-09 20:00:00,272.031
2018-12-09 21:00:00,260.187
2018-12-09 22:00:00,272.062
2018-12-09 23:00:00,276.975
2018-12-10 00:00:00,298.176
2018-12-10 01:00:00,311.775
2018-12-10 02:00:00,321.721
2018-12-10 03:00:00,331.548
2018-12-10 04:00:00,338.216
2018-12-10 05:00:00,340.849
2018-12-10 06:00:00,380.717
2018-12-10 07:00:00,406.205
2018-12-10 08:00:00,375.041
2018-12-10 09:00:00,331.282
2018-12-10 10:00:00,294.454
2018-12-10 11:00:00,276.516
2018-12-10 12:00:00,257.935
2018-12-10 13:00:00,222.843
2018-12-10 14:00:00,190.736
2018-12-10 15:00:00,169.8
2018-12-10 16:00:00,198.346
2018-12-10 17:00:00,228.823
2018-12-10 18:00:00,230.439
2018-12-10 19:00:00,224.855
2018-12-10 20:00:00,230.857
2018-12-10 21:00:00,236.329
2018-12-10 22:00:00,258.251
2018-12-10 23:00:00,264.297
2018-12-11 00:00:00,269.463
2018-12-11 01:00:00,276.67
2018-12-11 02:00:00,301.305
2018-12-11 03:00:00,328.613
2018-12-11 04:00:00,344.034
2018-12-11 05:00:00,356.269
2018-12-11 06:00:00,384.571
2018-12-11 07:00:00,376.363
2018-12-11 08:00:00,322.223
2018-12-11 09:00:00,253.7
2018-12-11 10:00:00,210.354
2018-12-11 11:00:00,178.283
2018-12-11 12:00:00,147.162
2018-12-11 13:00:00,118.431
2018-12-11 14:00:00,96.821
2018-12-11 15:00:00,87.358
2018-12-11 16:00:00,108.119
2018-12-11 17:00:00,128.034
2018-12-11 18:00:00,142.676
2018-12-11 19:00:00,151.613
2018-12-11 20:00:00,150.556
2018-12-11 21:00:00,157.0
2018-12-11 22:00:00,182.874
2018-12-11 23:00:00,165.966
2018-12-12 00:00:00,173.12
2018-12-12 01:00:00,209.883
2018-12-12 02:00:00,230.342
2018-12-12 03:00:00,245.457
2018-12-12 04:00:00,256.657
2018-12-12 05:00:00,259.488
2018-12-12 06:00:00,274.728
2018-12-12 07:00:00,264.473
2018-12-12 08:00:00,235.391
2018-12-12 09:00:00,203.807
2018-12-12 10:00:00,169.035
2018-12-12 11:00:00,134.14
2018-12-12 12:00:00,114.233
2018-12-12 13:00:00,96.483
2018-12-12 14:00:00,98.436
2018-12-12 15:00:00,119.66
2018-12-12 16:00:00,130.563
2018-12-12 17:00:00,133.701
2018-12-12 18:00:00,144.746
2018-12-12 19:00:00,161.264
2018-12-12 20:00:00,162.591
2018-12-12 21:00:00,164.874
2018-12-12 22:00:00,183.326
2018-12-12 23:00:00,184.339
2018-12-13 00:00:00,173.838
2018-12-13 01:00:00,173.921
2018-12-13 02:00:00,182.613
2018-12-13 03:00:00,184.49
2018-12-13 04:00:00,191.651
2018-12-13 05:00:00,193.674
2018-12-13 06:00:00,214.627
2018-12-13 07:00:00,213.238
2018-12-13 08:00:00,192.624
2018-12-13 09:00:00,163.025
2018-12-13 10:00:00,124.42
2018-12-13 11:00:00,101.767
2018-12-13 12:00:00,77.227
2018-12-13 13:00:00,55.344
2018-12-13 14:00:00,43.558
2018-12-13 15:00:00,43.187
2018-12-13 16:00:00,55.489
2018-12-13 17:00:00,64.712
2018-12-13 18:00:00,72.131
2018-12-13 19:00:00,75.972
2018-12-13 20:00:00,82.585
2018-12-13 21:00:00,81.368
2018-12-13 22:00:00,82.028
2018-12-13 23:00:00,93.156
2018-12-14 00:00:00,106.667
2018-12-14 01:00:00,116.412
2018-12-14 02:00:00,134.312
2018-12-14 03:00:00,153.731
2018-12-14 04:00:00,169.53
2018-12-14 05:00:00,181.923
2018-12-14 06:00:00,199.106
2018-12-14 07:00:00,191.861
2018-12-14 08:00:00,184.242
2018-12-14 09:00:00,174.901
2018-12-14 10:00:00,163.582
2018-12-14 11:00:00,149.449
2018-12-14 12:00:00,132.382
2018-12-14 13:00:00,126.19
2018-12-14 14:00:00,124.777
2018-12-14 15:00:00,127.657
2018-12-14 16:00:00,139.45
2018-12-14 17:00:00,132.018
2018-12-14 18:00:00,123.894
2018-12-14 19:00:00,120.882
2018-12-14 20:00:00,117.665
2018-12-14 21:00:00,113.006
2018-12-14 22:00:00,112.705
2018-12-14 23:00:00,111.962
2018-12-15 00:00:00,114.817
2018-12-15 01:00:00,113.164
2018-12-15 02:00:00,120.96
2018-12-15 03:00:00,122.168
2018-12-15 04:00:00,122.734
2018-12-15 05:00:00,130.181
2018-12-15 06:00:00,142.69
2018-12-15 07:00:00,145.694
2018-12-15 08:00:00,134.701
2018-12-15 09:00:00,115.982
2018-12-15 10:00:00,106.391
2018-12-15 11:00:00,103.119
2018-12-15 12:00:00,105.221
2018-12-15 13:00:00,110.217
2018-12-15 14:00:00,103.57
2018-12-15 15:00:00,96.613
2018-12-15 16:00:00,99.205
2018-12-15 17:00:00,89.445
2018-12-15 18:00:00,83.074
2018-12-15 19:00:00,72.452
2018-12-15 20:00:00,70.828
2018-12-15 21:00:00,69.706
2018-12-15 22:00:00,76.756
2018-12-15 23:00:00,85.709
2018-12-16 00:00:00,90.251
2018-12-16 01:00:00,93.27
2018-12-16 02:00:00,102.528
2018-12-16 03:00:00,106.653
2018-12-16 04:00:00,114.964
2018-12-16 05:00:00,128.152
2018-12-16 06:00:00,141.467
2018-12-16 07:00:00,142.255
2018-12-16 08:00:00,150.176
2018-12-16 09:00:00,157.801
2018-12-16 10:00:00,162.134
2018-12-16 11:00:00,162.664
2018-12-16 12:00:00,167.53
2018-12-16 13:00:00,175.688
2018-12-16 14:00:00,171.873
2018-12-16 15:00:00,171.175
2018-12-16 16:00:00,170.808
2018-12-16 17:00:00,170.751
2018-12-16 18:00:00,164.991
2018-12-16 19:00:00,163.771
2018-12-16 20:00:00,154.6
2018-12-16 21:00:00,138.002
2018-12-16 22:00:00,132.457
2018-12-16 23:00:00,137.714
2018-12-17 00:00:00,133.409
2018-12-17 01:00:00,132.732
2018-12-17 02:00:00,145.16
2018-12-17 03:00:00,158.273
2018-12-17 04:00:00,165.445
2018-12-17 05:00:00,161.827
2018-12-17 06:00:00,179.402
2018-12-17 07:00:00,177.606
2018-12-17 08:00:00,144.23
2018-12-17 09:00:00,112.763
2018-12-17 10:00:00,93.684
2018-12-17 11:00:00,87.793
2018-12-17 12:00:00,73.99
2018-12-17 13:00:00,53.363
2018-12-17 14:00:00,46.087
2018-12-17 15:00:00,48.573
2018-12-17 16:00:00,60.589
2018-12-17 17:00:00,75.348
2018-12-17 18:00:00,91.485
2018-12-17 19:00:00,98.225
2018-12-17 20:00:00,109.524
2018-12-17 21:00:00,126.647
2018-12-17 22:00:00,151.378
2018-12-17 23:00:00,150.744
2018-12-18 00:00:00,146.706
2018-12-18 01:00:00,169.585
2018-12-18 02:00:00,180.237
2018-12-18 03:00:00,183.339
2018-12-18 04:00:00,180.05
2018-12-18 05:00:00,196.109
2018-12-18 06:00:00,244.068
2018-12-18 07:00:00,254.202
2018-12-18 08:00:00,201.923
2018-12-18 09:00:00,162.85
2018-12-18 10:00:00,168.176
2018-12-18 11:00:00,139.607
2018-12-18 12:00:00,108.076
2018-12-18 13:00:00,94.505
2018-12-18 14:00:00,84.232
2018-12-18 15:00:00,86.03
2018-12-18 16:00:00,95.453
2018-12-18 17:00:00,105.129
2018-12-18 18:00:00,99.3
2018-12-18 19:00:00,103.283
2018-12-18 20:00:00,117.325
2018-12-18 21:00:00,145.074
2018-12-18 22:00:00,147.709
2018-12-18 23:00:00,166.209
2018-12-19 00:00:00,195.343
2018-12-19 01:00:00,212.73
2018-12-19 02:00:00,240.644
2018-12-19 03:00:00,253.101
2018-12-19 04:00:00,251.729
2018-12-19 05:00:00,263.061
2018-12-19 06:00:00,281.7
2018-12-19 07:00:00,282.188
2018-12-19 08:00:00,247.428
2018-12-19 09:00:00,209.534
2018-12-19 10:00:00,194.857
2018-12-19 11:00:00,168.492
2018-12-19 12:00:00,128.986
2018-12-19 13:00:00,95.091
2018-12-19 14:00:00,80.836
2018-12-19 15:00:00,75.703
2018-12-19 16:00:00,85.838
2018-12-19 17:00:00,95.408
2018-12-19 18:00:00,100.226
2018-12-19 19:00:00,105.235
2018-12-19 20:00:00,114.265
2018-12-19 21:00:00,128.872
2018-12-19 22:00:00,145.057
2018-12-19 23:00:00,146.597
2018-12-20 00:00:00,145.595
2018-12-20 01:00:00,150.837
2018-12-20 02:00:00,171.888
2018-12-20 03:00:00,192.031
2018-12-20 04:00:00,205.545
2018-12-20 05:00:00,214.33
2018-12-20 06:00:00,218.282
2018-12-20 07:00:00,202.913
2018-12-20 08:00:00,195.805
2018-12-20 09:00:00,188.05
2018-12-20 10:00:00,191.445
2018-12-20 11:00:00,189.27
2018-12-20 12:00:00,194.417
2018-12-20 13:00:00,192.698
2018-12-20 14:00:00,199.5
2018-12-20 15:00:00,210.325
2018-12-20 16:00:00,213.237
2018-12-20 17:00:00,208.939
2018-12-20 18:00:00,190.617
2018-12-20 19:00:00,175.051
2018-12-20 20:00:00,155.96
2018-12-20 21:00:00,125.803
2018-12-20 22:00:00,99.413
2018-12-20 23:00:00,85.131
2018-12-21 00:00:00,70.344
2018-12-21 01:00:00,61.378
2018-12-21 02:00:00,60.776
2018-12-21 03:00:00,58.79
2018-12-21 04:00:00,54.528
2018-12-21 05:00:00,54.736
2018-12-21 06:00:00,59.795
2018-12-21 07:00:00,50.946
2018-12-21 08:00:00,42.012
2018-12-21 09:00:00,37.302
2018-12-21 10:00:00,34.521
2018-12-21 11:00:00,28.318
2018-12-21 12:00:00,20.296
2018-12-21 13:00:00,14.191
2018-12-21 14:00:00,12.504
2018-12-21 15:00:00,13.47
2018-12-21 16:00:00,16.098
2018-12-21 17:00:00,18.353
2018-12-21 18:00:00,20.834
2018-12-21 19:00:00,25.584
2018-12-21 20:00:00,25.56
2018-12-21 21:00:00,32.788
2018-12-21 22:00:00,41.636
2018-12-21 23:00:00,60.753
2018-12-22 00:00:00,92.053
2018-12-22 01:00:00,110.593
2018-12-22 02:00:00,119.372
2018-12-22 03:00:00,131.876
2018-12-22 04:00:00,152.932
2018-12-22 05:00:00,148.046
2018-12-22 06:00:00,154.719
2018-12-22 07:00:00,156.608
2018-12-22 08:00:00,137.48
2018-12-22 09:00:00,127.667
2018-12-22 10:00:00,104.432
2018-12-22 11:00:00,89.717
2018-12-22 12:00:00,86.253
2018-12-22 13:00:00,65.875
2018-12-22 14:00:00,69.619
2018-12-22 15:00:00,87.736
2018-12-22 16:00:00,92.104
2018-12-22 17:00:00,84.647
2018-12-22 18:00:00,70.874
2018-12-22 19:00:00,72.615
2018-12-22 20:00:00,91.923
2018-12-22 21:00:00,117.977
2018-12-22 22:00:00,118.307
2018-12-22 23:00:00,124.261
2018-12-23 00:00:00,125.769
2018-12-23 01:00:00,130.546
2018-12-23 02:00:00,142.744
2018-12-23 03:00:00,155.876
2018-12-23 04:00:00,175.186
2018-12-23 05:00:00,188.706
2018-12-23 06:00:00,217.483
2018-12-23 07:00:00,225.453
2018-12-23 08:00:00,184.573
2018-12-23 09:00:00,133.454
2018-12-23 10:00:00,105.04
2018-12-23 11:00:00,93.054
2018-12-23 12:00:00,85.185
2018-12-23 13:00:00,85.528
2018-12-23 14:00:00,73.783
2018-12-23 15:00:00,73.444
2018-12-23 16:00:00,85.457
2018-12-23 17:00:00,88.81
2018-12-23 18:00:00,86.14
2018-12-23 19:00:00,82.174
2018-12-23 20:00:00,87.214
2018-12-23 21:00:00,90.516
2018-12-23 22:00:00,96.133
2018-12-23 23:00:00,104.465
2018-12-24 00:00:00,110.341
2018-12-24 01:00:00,114.956
2018-12-24 02:00:00,130.671
2018-12-24 03:00:00,144.099
2018-12-24 04:00:00,150.766
2018-12-24 05:00:00,160.336
2018-12-24 06:00:00,182.573
2018-12-24 07:00:00,178.449
2018-12-24 08:00:00,154.955
2018-12-24 09:00:00,137.337
2018-12-24 10:00:00,126.274
2018-12-24 11:00:00,133.882
2018-12-24 12:00:00,146.662
2018-12-24 13:00:00,135.382
2018-12-24 14:00:00,117.711
2018-12-24 15:00:00,105.077
2018-12-24 16:00:00,99.784
2018-12-24 17:00:00,107.177
2018-12-24 18:00:00,107.181
2018-12-24 19:00:00,104.573
2018-12-24 20:00:00,102.436
2018-12-24 21:00:00,114.501
2018-12-24 22:00:00,148.805
2018-12-24 23:00:00,153.689
2018-12-25 00:00:00,158.098
2018-12-25 01:00:00,163.065
2018-12-25 02:00:00,187.249
2018-12-25 03:00:00,216.271
2018-12-25 04:00:00,219.255
2018-12-25 05:00:00,228.567
2018-12-25 06:00:00,246.816
2018-12-25 07:00:00,239.918
2018-12-25 08:00:00,215.437
2018-12-25 09:00:00,186.14
2018-12-25 10:00:00,178.141
2018-12-25 11:00:00,166.896
2018-12-25 12:00:00,161.247
2018-12-25 13:00:00,162.487
2018-12-25 14:00:00,148.872
2018-12-25 15:00:00,141.377
2018-12-25 16:00:00,152.35
2018-12-25 17:00:00,175.495
2018-12-25 18:00:00,188.363
2018-12-25 19:00:00,182.988
2018-12-25 20:00:00,188.917
2018-12-25 21:00:00,195.522
2018-12-25 22:00:00,196.613
2018-12-25 23:00:00,203.159
2018-12-26 00:00:00,226.227
2018-12-26 01:00:00,239.045
2018-12-26 02:00:00,259.097
2018-12-26 03:00:00,273.948
2018-12-26 04:00:00,272.682
2018-12-26 05:00:00,284.021
2018-12-26 06:00:00,307.965
2018-12-26 07:00:00,302.001
2018-12-26 08:00:00,264.649
2018-12-26 09:00:00,218.313
2018-12-26 10:00:00,189.541
2018-12-26 11:00:00,163.173
2018-12-26 12:00:00,132.43
2018-12-26 13:00:00,108.584
2018-12-26 14:00:00,93.505
2018-12-26 15:00:00,91.918
2018-12-26 16:00:00,103.831
2018-12-26 17:00:00,108.495
2018-12-26 18:00:00,103.67
2018-12-26 19:00:00,112.256
2018-12-26 20:00:00,125.556
2018-12-26 21:00:00,144.55
2018-12-26 22:00:00,157.902
2018-12-26 23:00:00,168.032
2018-12-27 00:00:00,176.875
2018-12-27 01:00:00,181.729
2018-12-27 02:00:00,197.244
2018-12-27 03:00:00,220.233
2018-12-27 04:00:00,238.759
2018-12-27 05:00:00,245.52
2018-12-27 06:00:00,263.855
2018-12-27 07:00:00,260.892
2018-12-27 08:00:00,231.345
2018-12-27 09:00:00,184.729
2018-12-27 10:00:00,139.483
2018-12-27 11:00:00,112.157
2018-12-27 12:00:00,91.476
2018-12-27 13:00:00,71.999
2018-12-27 14:00:00,58.58
2018-12-27 15:00:00,53.196
2018-12-27 16:00:00,63.616
2018-12-27 17:00:00,72.203
2018-12-27 18:00:00,74.326
2018-12-27 19:00:00,73.402
2018-12-27 20:00:00,74.407
2018-12-27 21:00:00,78.542
2018-12-27 22:00:00,86.282
2018-12-27 23:00:00,93.663
2018-12-28 00:00:00,102.259
2018-12-28 01:00:00,106.695
2018-12-28 02:00:00,119.247
2018-12-28 03:00:00,130.665
2018-12-28 04:00:00,136.205
2018-12-28 05:00:00,137.795
2018-12-28 06:00:00,144.361
2018-12-28 07:00:00,134.359
2018-12-28 08:00:00,127.329
2018-12-28 09:00:00,119.101
2018-12-28 10:00:00,110.822
2018-12-28 11:00:00,112.254
2018-12-28 12:00:00,117.593
2018-12-28 13:00:00,105.435
2018-12-28 14:00:00,96.152
2018-12-28 15:00:00,95.692
2018-12-28 16:00:00,94.759
2018-12-28 17:00:00,80.862
2018-12-28 18:00:00,66.375
2018-12-28 19:00:00,67.597
2018-12-28 20:00:00,66.252
2018-12-28 21:00:00,66.667
2018-12-28 22:00:00,64.41
2018-12-28 23:00:00,65.773
2018-12-29 00:00:00,67.185
2018-12-29 01:00:00,73.602
2018-12-29 02:00:00,94.937
2018-12-29 03:00:00,113.001
2018-12-29 04:00:00,129.283
2018-12-29 05:00:00,136.487
2018-12-29 06:00:00,152.03
2018-12-29 07:00:00,161.371
2018-12-29 08:00:00,135.488
2018-12-29 09:00:00,86.896
2018-12-29 10:00:00,57.353
2018-12-29 11:00:00,49.029
2018-12-29 12:00:00,48.801
2018-12-29 13:00:00,41.844
2018-12-29 14:00:00,37.304
2018-12-29 15:00:00,36.389
2018-12-29 16:00:00,39.547
2018-12-29 17:00:00,59.776
2018-12-29 18:00:00,85.796
2018-12-29 19:00:00,97.423
2018-12-29 20:00:00,96.298
2018-12-29 21:00:00,107.999
2018-12-29 22:00:00,123.689
2018-12-29 23:00:00,125.297
2018-12-30 00:00:00,120.844
2018-12-30 01:00:00,120.954
2018-12-30 02:00:00,139.0
2018-12-30 03:00:00,158.457
2018-12-30 04:00:00,163.355
2018-12-30 05:00:00,170.708
2018-12-30 06:00:00,180.271
2018-12-30 07:00:00,176.518
2018-12-30 08:00:00,170.091
2018-12-30 09:00:00,153.039
2018-12-30 10:00:00,140.016
2018-12-30 11:00:00,125.721
2018-12-30 12:00:00,112.222
2018-12-30 13:00:00,101.213
2018-12-30 14:00:00,91.467
2018-12-30 15:00:00,85.645
2018-12-30 16:00:00,87.633
2018-12-30 17:00:00,96.218
2018-12-30 18:00:00,101.002
2018-12-30 19:00:00,108.905
2018-12-30 20:00:00,109.962
2018-12-30 21:00:00,118.845
2018-12-30 22:00:00,130.235
2018-12-30 23:00:00,136.7
2018-12-31 00:00:00,147.628
2018-12-31 01:00:00,155.49
2018-12-31 02:00:00,168.756
2018-12-31 03:00:00,184.597
2018-12-31 04:00:00,192.481
2018-12-31 05:00:00,186.19
2018-12-31 06:00:00,193.142
2018-12-31 07:00:00,184.556
2018-12-31 08:00:00,168.921
2018-12-31 09:00:00,155.971
2018-12-31 10:00:00,150.083
2018-12-31 11:00:00,141.764
2018-12-31 12:00:00,142.257
2018-12-31 13:00:00,141.753
2018-12-31 14:00:00,139.538
2018-12-31 15:00:00,141.583
2018-12-31 16:00:00,143.482
2018-12-31 17:00:00,131.917
2018-12-31 18:00:00,116.32
2018-12-31 19:00:00,112.615
2018-12-31 20:00:00,108.425
2018-12-31 21:00:00,101.564
2018-12-31 22:00:00,98.586
2018-12-31 23:00:00,95.244
