timestamp,dqcjr6
2018-01-01 00:00:00,757.945
2018-01-01 01:00:00,1020.959
2018-01-01 02:00:00,1027.391
2018-01-01 03:00:00,1043.073
2018-01-01 04:00:00,1061.554
2018-01-01 05:00:00,1117.148
2018-01-01 06:00:00,1207.54
2018-01-01 07:00:00,1277.676
2018-01-01 08:00:00,1279.458
2018-01-01 09:00:00,1256.127
2018-01-01 10:00:00,1237.23
2018-01-01 11:00:00,1219.582
2018-01-01 12:00:00,1198.231
2018-01-01 13:00:00,1165.335
2018-01-01 14:00:00,1132.499
2018-01-01 15:00:00,1138.355
2018-01-01 16:00:00,1121.921
2018-01-01 17:00:00,1165.291
2018-01-01 18:00:00,1198.482
2018-01-01 19:00:00,1259.992
2018-01-01 20:00:00,1273.225
2018-01-01 21:00:00,1273.044
2018-01-01 22:00:00,1270.522
2018-01-01 23:00:00,1146.888
2018-01-02 00:00:00,1064.156
2018-01-02 01:00:00,1050.586
2018-01-02 02:00:00,1050.819
2018-01-02 03:00:00,1066.256
2018-01-02 04:00:00,1085.233
2018-01-02 05:00:00,1122.272
2018-01-02 06:00:00,1224.39
2018-01-02 07:00:00,1330.302
2018-01-02 08:00:00,1349.14
2018-01-02 09:00:00,1330.022
2018-01-02 10:00:00,1301.99
2018-01-02 11:00:00,1245.146
2018-01-02 12:00:00,1158.76
2018-01-02 13:00:00,1105.525
2018-01-02 14:00:00,1041.684
2018-01-02 15:00:00,996.518
2018-01-02 16:00:00,988.827
2018-01-02 17:00:00,1044.033
2018-01-02 18:00:00,1079.586
2018-01-02 19:00:00,1118.566
2018-01-02 20:00:00,1095.762
2018-01-02 21:00:00,1045.499
2018-01-02 22:00:00,1003.659
2018-01-02 23:00:00,956.437
2018-01-03 00:00:00,929.117
2018-01-03 01:00:00,924.387
2018-01-03 02:00:00,931.279
2018-01-03 03:00:00,973.204
2018-01-03 04:00:00,988.855
2018-01-03 05:00:00,1047.2
2018-01-03 06:00:00,1140.154
2018-01-03 07:00:00,1221.202
2018-01-03 08:00:00,1211.899
2018-01-03 09:00:00,1178.048
2018-01-03 10:00:00,1150.482
2018-01-03 11:00:00,1113.779
2018-01-03 12:00:00,1040.754
2018-01-03 13:00:00,975.585
2018-01-03 14:00:00,902.52
2018-01-03 15:00:00,871.06
2018-01-03 16:00:00,879.722
2018-01-03 17:00:00,931.412
2018-01-03 18:00:00,973.597
2018-01-03 19:00:00,961.308
2018-01-03 20:00:00,953.84
2018-01-03 21:00:00,920.442
2018-01-03 22:00:00,889.218
2018-01-03 23:00:00,842.973
2018-01-04 00:00:00,846.169
2018-01-04 01:00:00,841.893
2018-01-04 02:00:00,853.499
2018-01-04 03:00:00,908.48
2018-01-04 04:00:00,993.887
2018-01-04 05:00:00,1060.524
2018-01-04 06:00:00,1185.929
2018-01-04 07:00:00,1252.692
2018-01-04 08:00:00,1293.353
2018-01-04 09:00:00,1354.952
2018-01-04 10:00:00,1356.285
2018-01-04 11:00:00,1337.044
2018-01-04 12:00:00,1339.505
2018-01-04 13:00:00,1349.965
2018-01-04 14:00:00,1250.447
2018-01-04 15:00:00,1181.339
2018-01-04 16:00:00,1185.493
2018-01-04 17:00:00,1276.747
2018-01-04 18:00:00,1302.595
2018-01-04 19:00:00,1284.916
2018-01-04 20:00:00,1335.54
2018-01-04 21:00:00,1292.584
2018-01-04 22:00:00,1171.706
2018-01-04 23:00:00,1140.865
2018-01-05 00:00:00,1178.545
2018-01-05 01:00:00,1182.978
2018-01-05 02:00:00,1189.062
2018-01-05 03:00:00,1229.831
2018-01-05 04:00:00,1260.581
2018-01-05 05:00:00,1284.058
2018-01-05 06:00:00,1366.746
2018-01-05 07:00:00,1420.46
2018-01-05 08:00:00,1403.806
2018-01-05 09:00:00,1439.805
2018-01-05 10:00:00,1456.125
2018-01-05 11:00:00,1428.529
2018-01-05 12:00:00,1338.895
2018-01-05 13:00:00,1240.942
2018-01-05 14:00:00,1219.759
2018-01-05 15:00:00,1249.308
2018-01-05 16:00:00,1287.814
2018-01-05 17:00:00,1296.795
2018-01-05 18:00:00,1287.201
2018-01-05 19:00:00,1283.309
2018-01-05 20:00:00,1269.619
2018-01-05 21:00:00,1231.217
2018-01-05 22:00:00,1200.819
2018-01-05 23:00:00,1140.569
2018-01-06 00:00:00,1104.024
2018-01-06 01:00:00,1067.837
2018-01-06 02:00:00,1070.126
2018-01-06 03:00:00,1109.48
2018-01-06 04:00:00,1142.584
2018-01-06 05:00:00,1204.557
2018-01-06 06:00:00,1282.371
2018-01-06 07:00:00,1302.669
2018-01-06 08:00:00,1296.587
2018-01-06 09:00:00,1276.368
2018-01-06 10:00:00,1256.69
2018-01-06 11:00:00,1283.672
2018-01-06 12:00:00,1302.043
2018-01-06 13:00:00,1248.91
2018-01-06 14:00:00,1214.042
2018-01-06 15:00:00,1193.511
2018-01-06 16:00:00,1214.566
2018-01-06 17:00:00,1277.559
2018-01-06 18:00:00,1280.057
2018-01-06 19:00:00,1303.372
2018-01-06 20:00:00,1283.801
2018-01-06 21:00:00,1267.791
2018-01-06 22:00:00,1229.069
2018-01-06 23:00:00,1190.25
2018-01-07 00:00:00,1145.184
2018-01-07 01:00:00,1110.356
2018-01-07 02:00:00,1121.036
2018-01-07 03:00:00,1111.295
2018-01-07 04:00:00,1110.197
2018-01-07 05:00:00,1161.608
2018-01-07 06:00:00,1222.336
2018-01-07 07:00:00,1254.353
2018-01-07 08:00:00,1225.73
2018-01-07 09:00:00,1171.709
2018-01-07 10:00:00,1142.035
2018-01-07 11:00:00,1089.056
2018-01-07 12:00:00,1034.204
2018-01-07 13:00:00,1024.032
2018-01-07 14:00:00,990.954
2018-01-07 15:00:00,985.087
2018-01-07 16:00:00,1018.773
2018-01-07 17:00:00,1082.375
2018-01-07 18:00:00,1116.974
2018-01-07 19:00:00,1130.801
2018-01-07 20:00:00,1129.559
2018-01-07 21:00:00,1103.771
2018-01-07 22:00:00,1055.197
2018-01-07 23:00:00,1006.664
2018-01-08 00:00:00,1000.074
2018-01-08 01:00:00,986.953
2018-01-08 02:00:00,980.128
2018-01-08 03:00:00,975.577
2018-01-08 04:00:00,987.636
2018-01-08 05:00:00,1024.751
2018-01-08 06:00:00,1120.082
2018-01-08 07:00:00,1207.055
2018-01-08 08:00:00,1221.6
2018-01-08 09:00:00,1187.167
2018-01-08 10:00:00,1150.734
2018-01-08 11:00:00,1100.888
2018-01-08 12:00:00,1030.509
2018-01-08 13:00:00,991.245
2018-01-08 14:00:00,939.5
2018-01-08 15:00:00,917.55
2018-01-08 16:00:00,917.162
2018-01-08 17:00:00,960.903
2018-01-08 18:00:00,972.018
2018-01-08 19:00:00,944.113
2018-01-08 20:00:00,912.213
2018-01-08 21:00:00,847.147
2018-01-08 22:00:00,822.191
2018-01-08 23:00:00,760.073
2018-01-09 00:00:00,700.563
2018-01-09 01:00:00,674.699
2018-01-09 02:00:00,690.874
2018-01-09 03:00:00,717.811
2018-01-09 04:00:00,729.756
2018-01-09 05:00:00,773.466
2018-01-09 06:00:00,867.871
2018-01-09 07:00:00,970.823
2018-01-09 08:00:00,994.93
2018-01-09 09:00:00,1021.82
2018-01-09 10:00:00,1024.943
2018-01-09 11:00:00,981.705
2018-01-09 12:00:00,926.327
2018-01-09 13:00:00,839.35
2018-01-09 14:00:00,772.304
2018-01-09 15:00:00,744.361
2018-01-09 16:00:00,726.94
2018-01-09 17:00:00,766.328
2018-01-09 18:00:00,817.551
2018-01-09 19:00:00,834.284
2018-01-09 20:00:00,818.789
2018-01-09 21:00:00,775.815
2018-01-09 22:00:00,764.723
2018-01-09 23:00:00,739.573
2018-01-10 00:00:00,714.168
2018-01-10 01:00:00,708.071
2018-01-10 02:00:00,711.191
2018-01-10 03:00:00,706.571
2018-01-10 04:00:00,700.898
2018-01-10 05:00:00,764.319
2018-01-10 06:00:00,888.41
2018-01-10 07:00:00,957.595
2018-01-10 08:00:00,973.545
2018-01-10 09:00:00,965.61
2018-01-10 10:00:00,955.451
2018-01-10 11:00:00,924.7
2018-01-10 12:00:00,892.939
2018-01-10 13:00:00,862.081
2018-01-10 14:00:00,815.278
2018-01-10 15:00:00,799.272
2018-01-10 16:00:00,793.339
2018-01-10 17:00:00,838.739
2018-01-10 18:00:00,864.898
2018-01-10 19:00:00,848.521
2018-01-10 20:00:00,821.589
2018-01-10 21:00:00,763.971
2018-01-10 22:00:00,712.028
2018-01-10 23:00:00,667.85
2018-01-11 00:00:00,642.515
2018-01-11 01:00:00,613.056
2018-01-11 02:00:00,602.178
2018-01-11 03:00:00,611.532
2018-01-11 04:00:00,614.409
2018-01-11 05:00:00,657.053
2018-01-11 06:00:00,755.151
2018-01-11 07:00:00,841.19
2018-01-11 08:00:00,867.387
2018-01-11 09:00:00,867.231
2018-01-11 10:00:00,849.361
2018-01-11 11:00:00,831.123
2018-01-11 12:00:00,798.881
2018-01-11 13:00:00,752.124
2018-01-11 14:00:00,702.029
2018-01-11 15:00:00,680.15
2018-01-11 16:00:00,661.078
2018-01-11 17:00:00,695.638
2018-01-11 18:00:00,731.859
2018-01-11 19:00:00,719.391
2018-01-11 20:00:00,700.759
2018-01-11 21:00:00,650.866
2018-01-11 22:00:00,604.769
2018-01-11 23:00:00,547.726
2018-01-12 00:00:00,507.564
2018-01-12 01:00:00,470.964
2018-01-12 02:00:00,453.701
2018-01-12 03:00:00,455.409
2018-01-12 04:00:00,470.052
2018-01-12 05:00:00,509.081
2018-01-12 06:00:00,593.533
2018-01-12 07:00:00,692.385
2018-01-12 08:00:00,743.286
2018-01-12 09:00:00,779.205
2018-01-12 10:00:00,789.204
2018-01-12 11:00:00,780.161
2018-01-12 12:00:00,771.672
2018-01-12 13:00:00,739.887
2018-01-12 14:00:00,704.239
2018-01-12 15:00:00,685.352
2018-01-12 16:00:00,673.051
2018-01-12 17:00:00,700.458
2018-01-12 18:00:00,728.365
2018-01-12 19:00:00,722.6
2018-01-12 20:00:00,688.638
2018-01-12 21:00:00,645.745
2018-01-12 22:00:00,595.743
2018-01-12 23:00:00,538.735
2018-01-13 00:00:00,496.742
2018-01-13 01:00:00,469.976
2018-01-13 02:00:00,476.514
2018-01-13 03:00:00,465.335
2018-01-13 04:00:00,500.7
2018-01-13 05:00:00,556.733
2018-01-13 06:00:00,659.152
2018-01-13 07:00:00,770.857
2018-01-13 08:00:00,879.811
2018-01-13 09:00:00,956.023
2018-01-13 10:00:00,957.239
2018-01-13 11:00:00,950.767
2018-01-13 12:00:00,893.22
2018-01-13 13:00:00,879.555
2018-01-13 14:00:00,895.413
2018-01-13 15:00:00,876.778
2018-01-13 16:00:00,876.63
2018-01-13 17:00:00,1001.105
2018-01-13 18:00:00,1058.829
2018-01-13 19:00:00,1056.988
2018-01-13 20:00:00,1087.747
2018-01-13 21:00:00,1093.792
2018-01-13 22:00:00,1078.206
2018-01-13 23:00:00,1051.634
2018-01-14 00:00:00,1021.1
2018-01-14 01:00:00,1008.445
2018-01-14 02:00:00,984.736
2018-01-14 03:00:00,968.414
2018-01-14 04:00:00,998.597
2018-01-14 05:00:00,1045.284
2018-01-14 06:00:00,1093.783
2018-01-14 07:00:00,1132.414
2018-01-14 08:00:00,1120.4
2018-01-14 09:00:00,1096.998
2018-01-14 10:00:00,1086.549
2018-01-14 11:00:00,1034.455
2018-01-14 12:00:00,948.831
2018-01-14 13:00:00,922.683
2018-01-14 14:00:00,879.123
2018-01-14 15:00:00,874.43
2018-01-14 16:00:00,897.886
2018-01-14 17:00:00,956.338
2018-01-14 18:00:00,1000.348
2018-01-14 19:00:00,1057.366
2018-01-14 20:00:00,1044.289
2018-01-14 21:00:00,1010.94
2018-01-14 22:00:00,988.271
2018-01-14 23:00:00,956.77
2018-01-15 00:00:00,952.723
2018-01-15 01:00:00,951.593
2018-01-15 02:00:00,953.766
2018-01-15 03:00:00,968.225
2018-01-15 04:00:00,986.314
2018-01-15 05:00:00,1027.624
2018-01-15 06:00:00,1143.389
2018-01-15 07:00:00,1249.577
2018-01-15 08:00:00,1227.155
2018-01-15 09:00:00,1204.97
2018-01-15 10:00:00,1174.351
2018-01-15 11:00:00,1115.648
2018-01-15 12:00:00,1080.75
2018-01-15 13:00:00,1011.848
2018-01-15 14:00:00,938.272
2018-01-15 15:00:00,910.843
2018-01-15 16:00:00,898.912
2018-01-15 17:00:00,950.939
2018-01-15 18:00:00,992.456
2018-01-15 19:00:00,1002.617
2018-01-15 20:00:00,972.724
2018-01-15 21:00:00,921.632
2018-01-15 22:00:00,889.575
2018-01-15 23:00:00,836.738
2018-01-16 00:00:00,778.969
2018-01-16 01:00:00,745.289
2018-01-16 02:00:00,748.287
2018-01-16 03:00:00,752.108
2018-01-16 04:00:00,764.093
2018-01-16 05:00:00,807.552
2018-01-16 06:00:00,902.503
2018-01-16 07:00:00,990.818
2018-01-16 08:00:00,1030.146
2018-01-16 09:00:00,1023.337
2018-01-16 10:00:00,1002.309
2018-01-16 11:00:00,977.224
2018-01-16 12:00:00,933.89
2018-01-16 13:00:00,881.971
2018-01-16 14:00:00,815.042
2018-01-16 15:00:00,771.737
2018-01-16 16:00:00,771.541
2018-01-16 17:00:00,819.051
2018-01-16 18:00:00,859.642
2018-01-16 19:00:00,849.951
2018-01-16 20:00:00,822.711
2018-01-16 21:00:00,796.479
2018-01-16 22:00:00,762.657
2018-01-16 23:00:00,728.477
2018-01-17 00:00:00,710.056
2018-01-17 01:00:00,698.614
2018-01-17 02:00:00,715.894
2018-01-17 03:00:00,741.61
2018-01-17 04:00:00,757.516
2018-01-17 05:00:00,853.186
2018-01-17 06:00:00,1033.095
2018-01-17 07:00:00,1137.071
2018-01-17 08:00:00,1193.083
2018-01-17 09:00:00,1233.604
2018-01-17 10:00:00,1272.694
2018-01-17 11:00:00,1255.71
2018-01-17 12:00:00,1199.184
2018-01-17 13:00:00,1188.968
2018-01-17 14:00:00,1137.945
2018-01-17 15:00:00,1125.931
2018-01-17 16:00:00,1179.118
2018-01-17 17:00:00,1189.234
2018-01-17 18:00:00,1187.172
2018-01-17 19:00:00,1211.06
2018-01-17 20:00:00,1186.419
2018-01-17 21:00:00,1154.328
2018-01-17 22:00:00,1139.541
2018-01-17 23:00:00,1093.08
2018-01-18 00:00:00,1033.762
2018-01-18 01:00:00,1006.39
2018-01-18 02:00:00,1017.342
2018-01-18 03:00:00,1029.288
2018-01-18 04:00:00,985.706
2018-01-18 05:00:00,1024.037
2018-01-18 06:00:00,1101.157
2018-01-18 07:00:00,1182.596
2018-01-18 08:00:00,1208.727
2018-01-18 09:00:00,1156.93
2018-01-18 10:00:00,1096.075
2018-01-18 11:00:00,1026.84
2018-01-18 12:00:00,952.089
2018-01-18 13:00:00,878.643
2018-01-18 14:00:00,816.333
2018-01-18 15:00:00,779.722
2018-01-18 16:00:00,761.376
2018-01-18 17:00:00,798.233
2018-01-18 18:00:00,822.955
2018-01-18 19:00:00,836.183
2018-01-18 20:00:00,811.39
2018-01-18 21:00:00,767.56
2018-01-18 22:00:00,745.308
2018-01-18 23:00:00,727.591
2018-01-19 00:00:00,755.877
2018-01-19 01:00:00,733.689
2018-01-19 02:00:00,738.593
2018-01-19 03:00:00,742.663
2018-01-19 04:00:00,757.999
2018-01-19 05:00:00,811.266
2018-01-19 06:00:00,903.021
2018-01-19 07:00:00,989.851
2018-01-19 08:00:00,1010.531
2018-01-19 09:00:00,978.554
2018-01-19 10:00:00,912.69
2018-01-19 11:00:00,877.179
2018-01-19 12:00:00,840.738
2018-01-19 13:00:00,786.378
2018-01-19 14:00:00,748.278
2018-01-19 15:00:00,731.21
2018-01-19 16:00:00,724.533
2018-01-19 17:00:00,752.936
2018-01-19 18:00:00,795.279
2018-01-19 19:00:00,810.494
2018-01-19 20:00:00,795.058
2018-01-19 21:00:00,767.026
2018-01-19 22:00:00,748.546
2018-01-19 23:00:00,732.508
2018-01-20 00:00:00,692.105
2018-01-20 01:00:00,645.995
2018-01-20 02:00:00,662.898
2018-01-20 03:00:00,698.444
2018-01-20 04:00:00,711.426
2018-01-20 05:00:00,736.619
2018-01-20 06:00:00,805.063
2018-01-20 07:00:00,862.956
2018-01-20 08:00:00,865.789
2018-01-20 09:00:00,840.152
2018-01-20 10:00:00,808.794
2018-01-20 11:00:00,766.338
2018-01-20 12:00:00,745.021
2018-01-20 13:00:00,703.787
2018-01-20 14:00:00,667.938
2018-01-20 15:00:00,667.173
2018-01-20 16:00:00,672.048
2018-01-20 17:00:00,691.581
2018-01-20 18:00:00,747.278
2018-01-20 19:00:00,749.454
2018-01-20 20:00:00,732.272
2018-01-20 21:00:00,727.322
2018-01-20 22:00:00,705.183
2018-01-20 23:00:00,635.786
2018-01-21 00:00:00,600.942
2018-01-21 01:00:00,584.611
2018-01-21 02:00:00,579.014
2018-01-21 03:00:00,590.394
2018-01-21 04:00:00,611.989
2018-01-21 05:00:00,638.751
2018-01-21 06:00:00,685.508
2018-01-21 07:00:00,710.226
2018-01-21 08:00:00,731.784
2018-01-21 09:00:00,737.378
2018-01-21 10:00:00,712.902
2018-01-21 11:00:00,688.055
2018-01-21 12:00:00,648.448
2018-01-21 13:00:00,613.062
2018-01-21 14:00:00,589.118
2018-01-21 15:00:00,592.238
2018-01-21 16:00:00,591.436
2018-01-21 17:00:00,630.702
2018-01-21 18:00:00,661.835
2018-01-21 19:00:00,677.978
2018-01-21 20:00:00,661.663
2018-01-21 21:00:00,628.445
2018-01-21 22:00:00,608.43
2018-01-21 23:00:00,567.616
2018-01-22 00:00:00,536.777
2018-01-22 01:00:00,515.301
2018-01-22 02:00:00,501.871
2018-01-22 03:00:00,502.292
2018-01-22 04:00:00,506.922
2018-01-22 05:00:00,545.963
2018-01-22 06:00:00,629.394
2018-01-22 07:00:00,719.32
2018-01-22 08:00:00,772.36
2018-01-22 09:00:00,787.335
2018-01-22 10:00:00,785.874
2018-01-22 11:00:00,782.293
2018-01-22 12:00:00,762.844
2018-01-22 13:00:00,729.785
2018-01-22 14:00:00,695.533
2018-01-22 15:00:00,669.981
2018-01-22 16:00:00,659.29
2018-01-22 17:00:00,688.82
2018-01-22 18:00:00,722.353
2018-01-22 19:00:00,709.846
2018-01-22 20:00:00,686.811
2018-01-22 21:00:00,657.783
2018-01-22 22:00:00,615.372
2018-01-22 23:00:00,559.583
2018-01-23 00:00:00,525.192
2018-01-23 01:00:00,490.487
2018-01-23 02:00:00,477.304
2018-01-23 03:00:00,480.392
2018-01-23 04:00:00,491.36
2018-01-23 05:00:00,531.096
2018-01-23 06:00:00,620.95
2018-01-23 07:00:00,715.465
2018-01-23 08:00:00,756.058
2018-01-23 09:00:00,776.299
2018-01-23 10:00:00,788.095
2018-01-23 11:00:00,779.861
2018-01-23 12:00:00,780.874
2018-01-23 13:00:00,750.511
2018-01-23 14:00:00,703.212
2018-01-23 15:00:00,683.129
2018-01-23 16:00:00,671.249
2018-01-23 17:00:00,702.113
2018-01-23 18:00:00,716.38
2018-01-23 19:00:00,702.971
2018-01-23 20:00:00,687.075
2018-01-23 21:00:00,651.386
2018-01-23 22:00:00,625.815
2018-01-23 23:00:00,574.365
2018-01-24 00:00:00,533.109
2018-01-24 01:00:00,518.443
2018-01-24 02:00:00,512.907
2018-01-24 03:00:00,520.939
2018-01-24 04:00:00,529.462
2018-01-24 05:00:00,581.1
2018-01-24 06:00:00,679.654
2018-01-24 07:00:00,773.223
2018-01-24 08:00:00,827.809
2018-01-24 09:00:00,865.192
2018-01-24 10:00:00,886.178
2018-01-24 11:00:00,863.188
2018-01-24 12:00:00,857.766
2018-01-24 13:00:00,846.576
2018-01-24 14:00:00,786.721
2018-01-24 15:00:00,750.218
2018-01-24 16:00:00,769.745
2018-01-24 17:00:00,845.247
2018-01-24 18:00:00,937.996
2018-01-24 19:00:00,934.855
2018-01-24 20:00:00,902.602
2018-01-24 21:00:00,840.523
2018-01-24 22:00:00,785.52
2018-01-24 23:00:00,723.695
2018-01-25 00:00:00,671.506
2018-01-25 01:00:00,652.65
2018-01-25 02:00:00,662.769
2018-01-25 03:00:00,676.361
2018-01-25 04:00:00,691.139
2018-01-25 05:00:00,746.094
2018-01-25 06:00:00,850.427
2018-01-25 07:00:00,964.911
2018-01-25 08:00:00,996.971
2018-01-25 09:00:00,1012.097
2018-01-25 10:00:00,1024.275
2018-01-25 11:00:00,992.559
2018-01-25 12:00:00,930.483
2018-01-25 13:00:00,877.394
2018-01-25 14:00:00,812.392
2018-01-25 15:00:00,770.632
2018-01-25 16:00:00,752.06
2018-01-25 17:00:00,789.762
2018-01-25 18:00:00,845.449
2018-01-25 19:00:00,843.877
2018-01-25 20:00:00,832.407
2018-01-25 21:00:00,811.143
2018-01-25 22:00:00,786.007
2018-01-25 23:00:00,730.398
2018-01-26 00:00:00,701.387
2018-01-26 01:00:00,684.566
2018-01-26 02:00:00,690.127
2018-01-26 03:00:00,704.714
2018-01-26 04:00:00,732.763
2018-01-26 05:00:00,789.626
2018-01-26 06:00:00,900.266
2018-01-26 07:00:00,991.129
2018-01-26 08:00:00,986.402
2018-01-26 09:00:00,946.33
2018-01-26 10:00:00,927.537
2018-01-26 11:00:00,901.646
2018-01-26 12:00:00,861.997
2018-01-26 13:00:00,817.404
2018-01-26 14:00:00,747.933
2018-01-26 15:00:00,713.885
2018-01-26 16:00:00,712.949
2018-01-26 17:00:00,744.491
2018-01-26 18:00:00,795.894
2018-01-26 19:00:00,791.197
2018-01-26 20:00:00,788.921
2018-01-26 21:00:00,753.649
2018-01-26 22:00:00,726.358
2018-01-26 23:00:00,675.494
2018-01-27 00:00:00,648.251
2018-01-27 01:00:00,615.046
2018-01-27 02:00:00,602.124
2018-01-27 03:00:00,612.107
2018-01-27 04:00:00,624.057
2018-01-27 05:00:00,645.363
2018-01-27 06:00:00,708.577
2018-01-27 07:00:00,738.745
2018-01-27 08:00:00,758.408
2018-01-27 09:00:00,751.646
2018-01-27 10:00:00,730.565
2018-01-27 11:00:00,715.849
2018-01-27 12:00:00,702.855
2018-01-27 13:00:00,684.18
2018-01-27 14:00:00,666.034
2018-01-27 15:00:00,651.303
2018-01-27 16:00:00,650.304
2018-01-27 17:00:00,684.297
2018-01-27 18:00:00,722.182
2018-01-27 19:00:00,722.657
2018-01-27 20:00:00,702.621
2018-01-27 21:00:00,661.537
2018-01-27 22:00:00,612.922
2018-01-27 23:00:00,552.114
2018-01-28 00:00:00,493.804
2018-01-28 01:00:00,456.911
2018-01-28 02:00:00,453.972
2018-01-28 03:00:00,455.541
2018-01-28 04:00:00,462.602
2018-01-28 05:00:00,480.224
2018-01-28 06:00:00,500.709
2018-01-28 07:00:00,525.168
2018-01-28 08:00:00,578.737
2018-01-28 09:00:00,620.466
2018-01-28 10:00:00,634.177
2018-01-28 11:00:00,630.034
2018-01-28 12:00:00,615.401
2018-01-28 13:00:00,618.62
2018-01-28 14:00:00,607.75
2018-01-28 15:00:00,615.434
2018-01-28 16:00:00,628.895
2018-01-28 17:00:00,673.049
2018-01-28 18:00:00,690.091
2018-01-28 19:00:00,691.026
2018-01-28 20:00:00,680.04
2018-01-28 21:00:00,662.07
2018-01-28 22:00:00,625.822
2018-01-28 23:00:00,580.823
2018-01-29 00:00:00,558.812
2018-01-29 01:00:00,544.033
2018-01-29 02:00:00,532.617
2018-01-29 03:00:00,534.908
2018-01-29 04:00:00,549.563
2018-01-29 05:00:00,598.321
2018-01-29 06:00:00,696.38
2018-01-29 07:00:00,783.909
2018-01-29 08:00:00,852.431
2018-01-29 09:00:00,899.392
2018-01-29 10:00:00,924.672
2018-01-29 11:00:00,920.55
2018-01-29 12:00:00,896.887
2018-01-29 13:00:00,864.577
2018-01-29 14:00:00,834.447
2018-01-29 15:00:00,816.771
2018-01-29 16:00:00,781.729
2018-01-29 17:00:00,813.298
2018-01-29 18:00:00,840.181
2018-01-29 19:00:00,830.677
2018-01-29 20:00:00,791.41
2018-01-29 21:00:00,758.597
2018-01-29 22:00:00,716.624
2018-01-29 23:00:00,663.172
2018-01-30 00:00:00,625.154
2018-01-30 01:00:00,601.326
2018-01-30 02:00:00,598.116
2018-01-30 03:00:00,610.999
2018-01-30 04:00:00,636.346
2018-01-30 05:00:00,715.578
2018-01-30 06:00:00,846.055
2018-01-30 07:00:00,926.163
2018-01-30 08:00:00,989.787
2018-01-30 09:00:00,1120.819
2018-01-30 10:00:00,1151.368
2018-01-30 11:00:00,1113.937
2018-01-30 12:00:00,1058.375
2018-01-30 13:00:00,964.827
2018-01-30 14:00:00,953.342
2018-01-30 15:00:00,943.16
2018-01-30 16:00:00,950.748
2018-01-30 17:00:00,1028.552
2018-01-30 18:00:00,1120.209
2018-01-30 19:00:00,1138.954
2018-01-30 20:00:00,1101.592
2018-01-30 21:00:00,1044.612
2018-01-30 22:00:00,1035.075
2018-01-30 23:00:00,1000.306
2018-01-31 00:00:00,963.438
2018-01-31 01:00:00,893.241
2018-01-31 02:00:00,892.651
2018-01-31 03:00:00,898.313
2018-01-31 04:00:00,901.587
2018-01-31 05:00:00,961.315
2018-01-31 06:00:00,1065.173
2018-01-31 07:00:00,1143.145
2018-01-31 08:00:00,1146.947
2018-01-31 09:00:00,1110.441
2018-01-31 10:00:00,1088.093
2018-01-31 11:00:00,1060.035
2018-01-31 12:00:00,1027.62
2018-01-31 13:00:00,975.491
2018-01-31 14:00:00,921.638
2018-01-31 15:00:00,899.399
2018-01-31 16:00:00,880.879
2018-01-31 17:00:00,925.59
2018-01-31 18:00:00,953.262
2018-01-31 19:00:00,944.687
2018-01-31 20:00:00,929.603
2018-01-31 21:00:00,895.175
2018-01-31 22:00:00,830.614
2018-01-31 23:00:00,767.995
2018-02-01 00:00:00,700.16
2018-02-01 01:00:00,667.95
2018-02-01 02:00:00,651.192
2018-02-01 03:00:00,645.275
2018-02-01 04:00:00,660.457
2018-02-01 05:00:00,691.793
2018-02-01 06:00:00,790.98
2018-02-01 07:00:00,877.65
2018-02-01 08:00:00,906.365
2018-02-01 09:00:00,929.843
2018-02-01 10:00:00,922.659
2018-02-01 11:00:00,917.109
2018-02-01 12:00:00,878.826
2018-02-01 13:00:00,827.264
2018-02-01 14:00:00,788.928
2018-02-01 15:00:00,756.146
2018-02-01 16:00:00,738.64
2018-02-01 17:00:00,740.303
2018-02-01 18:00:00,770.539
2018-02-01 19:00:00,768.745
2018-02-01 20:00:00,757.839
2018-02-01 21:00:00,721.111
2018-02-01 22:00:00,668.271
2018-02-01 23:00:00,636.125
2018-02-02 00:00:00,630.995
2018-02-02 01:00:00,583.116
2018-02-02 02:00:00,573.58
2018-02-02 03:00:00,584.924
2018-02-02 04:00:00,620.116
2018-02-02 05:00:00,723.505
2018-02-02 06:00:00,906.681
2018-02-02 07:00:00,1023.873
2018-02-02 08:00:00,1066.621
2018-02-02 09:00:00,1135.244
2018-02-02 10:00:00,1107.997
2018-02-02 11:00:00,1093.58
2018-02-02 12:00:00,1100.557
2018-02-02 13:00:00,1147.179
2018-02-02 14:00:00,1100.006
2018-02-02 15:00:00,1076.615
2018-02-02 16:00:00,1037.517
2018-02-02 17:00:00,1077.465
2018-02-02 18:00:00,1144.479
2018-02-02 19:00:00,1182.054
2018-02-02 20:00:00,1117.743
2018-02-02 21:00:00,1067.495
2018-02-02 22:00:00,1060.66
2018-02-02 23:00:00,993.22
2018-02-03 00:00:00,927.904
2018-02-03 01:00:00,894.111
2018-02-03 02:00:00,910.453
2018-02-03 03:00:00,921.953
2018-02-03 04:00:00,937.728
2018-02-03 05:00:00,979.738
2018-02-03 06:00:00,1029.535
2018-02-03 07:00:00,1056.967
2018-02-03 08:00:00,1070.72
2018-02-03 09:00:00,1062.683
2018-02-03 10:00:00,1046.298
2018-02-03 11:00:00,1007.836
2018-02-03 12:00:00,988.375
2018-02-03 13:00:00,966.588
2018-02-03 14:00:00,907.428
2018-02-03 15:00:00,885.875
2018-02-03 16:00:00,891.334
2018-02-03 17:00:00,921.331
2018-02-03 18:00:00,949.864
2018-02-03 19:00:00,947.242
2018-02-03 20:00:00,942.644
2018-02-03 21:00:00,923.515
2018-02-03 22:00:00,874.658
2018-02-03 23:00:00,794.548
2018-02-04 00:00:00,750.15
2018-02-04 01:00:00,739.148
2018-02-04 02:00:00,721.494
2018-02-04 03:00:00,710.827
2018-02-04 04:00:00,719.525
2018-02-04 05:00:00,732.263
2018-02-04 06:00:00,760.267
2018-02-04 07:00:00,782.09
2018-02-04 08:00:00,829.854
2018-02-04 09:00:00,853.456
2018-02-04 10:00:00,853.006
2018-02-04 11:00:00,856.024
2018-02-04 12:00:00,857.778
2018-02-04 13:00:00,865.833
2018-02-04 14:00:00,872.242
2018-02-04 15:00:00,889.873
2018-02-04 16:00:00,898.489
2018-02-04 17:00:00,932.771
2018-02-04 18:00:00,919.847
2018-02-04 19:00:00,895.632
2018-02-04 20:00:00,876.789
2018-02-04 21:00:00,816.215
2018-02-04 22:00:00,770.702
2018-02-04 23:00:00,730.461
2018-02-05 00:00:00,730.783
2018-02-05 01:00:00,716.299
2018-02-05 02:00:00,716.346
2018-02-05 03:00:00,713.596
2018-02-05 04:00:00,708.439
2018-02-05 05:00:00,776.766
2018-02-05 06:00:00,968.817
2018-02-05 07:00:00,1065.976
2018-02-05 08:00:00,1069.604
2018-02-05 09:00:00,1085.18
2018-02-05 10:00:00,1093.518
2018-02-05 11:00:00,1048.779
2018-02-05 12:00:00,1016.098
2018-02-05 13:00:00,977.202
2018-02-05 14:00:00,881.453
2018-02-05 15:00:00,821.419
2018-02-05 16:00:00,795.996
2018-02-05 17:00:00,834.923
2018-02-05 18:00:00,892.144
2018-02-05 19:00:00,900.84
2018-02-05 20:00:00,898.967
2018-02-05 21:00:00,867.116
2018-02-05 22:00:00,831.232
2018-02-05 23:00:00,789.846
2018-02-06 00:00:00,748.035
2018-02-06 01:00:00,731.511
2018-02-06 02:00:00,733.022
2018-02-06 03:00:00,744.683
2018-02-06 04:00:00,763.129
2018-02-06 05:00:00,806.84
2018-02-06 06:00:00,915.172
2018-02-06 07:00:00,1003.591
2018-02-06 08:00:00,1023.497
2018-02-06 09:00:00,1026.66
2018-02-06 10:00:00,1022.838
2018-02-06 11:00:00,971.838
2018-02-06 12:00:00,926.223
2018-02-06 13:00:00,879.142
2018-02-06 14:00:00,841.097
2018-02-06 15:00:00,827.688
2018-02-06 16:00:00,839.67
2018-02-06 17:00:00,865.935
2018-02-06 18:00:00,902.439
2018-02-06 19:00:00,912.88
2018-02-06 20:00:00,893.523
2018-02-06 21:00:00,859.491
2018-02-06 22:00:00,808.599
2018-02-06 23:00:00,760.002
2018-02-07 00:00:00,721.076
2018-02-07 01:00:00,688.833
2018-02-07 02:00:00,687.568
2018-02-07 03:00:00,704.181
2018-02-07 04:00:00,729.185
2018-02-07 05:00:00,779.3
2018-02-07 06:00:00,869.42
2018-02-07 07:00:00,938.25
2018-02-07 08:00:00,978.844
2018-02-07 09:00:00,1003.569
2018-02-07 10:00:00,1018.924
2018-02-07 11:00:00,1024.464
2018-02-07 12:00:00,1005.78
2018-02-07 13:00:00,974.755
2018-02-07 14:00:00,941.697
2018-02-07 15:00:00,922.107
2018-02-07 16:00:00,934.277
2018-02-07 17:00:00,929.153
2018-02-07 18:00:00,909.093
2018-02-07 19:00:00,863.383
2018-02-07 20:00:00,871.034
2018-02-07 21:00:00,865.109
2018-02-07 22:00:00,853.922
2018-02-07 23:00:00,809.688
2018-02-08 00:00:00,821.369
2018-02-08 01:00:00,852.101
2018-02-08 02:00:00,858.17
2018-02-08 03:00:00,863.639
2018-02-08 04:00:00,892.03
2018-02-08 05:00:00,932.101
2018-02-08 06:00:00,1039.058
2018-02-08 07:00:00,1167.65
2018-02-08 08:00:00,1124.493
2018-02-08 09:00:00,1063.014
2018-02-08 10:00:00,1066.975
2018-02-08 11:00:00,1030.617
2018-02-08 12:00:00,979.047
2018-02-08 13:00:00,933.797
2018-02-08 14:00:00,845.393
2018-02-08 15:00:00,807.062
2018-02-08 16:00:00,792.436
2018-02-08 17:00:00,820.992
2018-02-08 18:00:00,867.981
2018-02-08 19:00:00,864.98
2018-02-08 20:00:00,870.978
2018-02-08 21:00:00,838.725
2018-02-08 22:00:00,805.715
2018-02-08 23:00:00,761.704
2018-02-09 00:00:00,730.31
2018-02-09 01:00:00,712.055
2018-02-09 02:00:00,716.768
2018-02-09 03:00:00,722.553
2018-02-09 04:00:00,741.628
2018-02-09 05:00:00,795.189
2018-02-09 06:00:00,905.043
2018-02-09 07:00:00,990.014
2018-02-09 08:00:00,998.999
2018-02-09 09:00:00,994.244
2018-02-09 10:00:00,988.549
2018-02-09 11:00:00,952.612
2018-02-09 12:00:00,905.072
2018-02-09 13:00:00,838.258
2018-02-09 14:00:00,785.965
2018-02-09 15:00:00,759.436
2018-02-09 16:00:00,753.814
2018-02-09 17:00:00,784.666
2018-02-09 18:00:00,830.438
2018-02-09 19:00:00,832.61
2018-02-09 20:00:00,820.16
2018-02-09 21:00:00,786.071
2018-02-09 22:00:00,742.113
2018-02-09 23:00:00,689.031
2018-02-10 00:00:00,637.73
2018-02-10 01:00:00,602.108
2018-02-10 02:00:00,598.738
2018-02-10 03:00:00,610.572
2018-02-10 04:00:00,618.548
2018-02-10 05:00:00,637.759
2018-02-10 06:00:00,688.819
2018-02-10 07:00:00,713.327
2018-02-10 08:00:00,748.981
2018-02-10 09:00:00,769.475
2018-02-10 10:00:00,791.751
2018-02-10 11:00:00,784.541
2018-02-10 12:00:00,789.703
2018-02-10 13:00:00,782.6
2018-02-10 14:00:00,766.119
2018-02-10 15:00:00,755.942
2018-02-10 16:00:00,764.092
2018-02-10 17:00:00,783.808
2018-02-10 18:00:00,803.217
2018-02-10 19:00:00,783.749
2018-02-10 20:00:00,769.426
2018-02-10 21:00:00,738.339
2018-02-10 22:00:00,682.435
2018-02-10 23:00:00,612.911
2018-02-11 00:00:00,547.235
2018-02-11 01:00:00,511.01
2018-02-11 02:00:00,503.509
2018-02-11 03:00:00,499.256
2018-02-11 04:00:00,500.249
2018-02-11 05:00:00,516.032
2018-02-11 06:00:00,540.232
2018-02-11 07:00:00,561.429
2018-02-11 08:00:00,617.509
2018-02-11 09:00:00,648.325
2018-02-11 10:00:00,648.192
2018-02-11 11:00:00,637.191
2018-02-11 12:00:00,643.318
2018-02-11 13:00:00,625.402
2018-02-11 14:00:00,609.945
2018-02-11 15:00:00,598.395
2018-02-11 16:00:00,597.17
2018-02-11 17:00:00,617.507
2018-02-11 18:00:00,650.54
2018-02-11 19:00:00,657.421
2018-02-11 20:00:00,647.512
2018-02-11 21:00:00,623.785
2018-02-11 22:00:00,585.726
2018-02-11 23:00:00,517.937
2018-02-12 00:00:00,477.763
2018-02-12 01:00:00,456.705
2018-02-12 02:00:00,442.608
2018-02-12 03:00:00,442.887
2018-02-12 04:00:00,463.406
2018-02-12 05:00:00,531.952
2018-02-12 06:00:00,659.575
2018-02-12 07:00:00,755.234
2018-02-12 08:00:00,834.859
2018-02-12 09:00:00,896.952
2018-02-12 10:00:00,913.647
2018-02-12 11:00:00,907.283
2018-02-12 12:00:00,869.641
2018-02-12 13:00:00,830.357
2018-02-12 14:00:00,775.676
2018-02-12 15:00:00,734.962
2018-02-12 16:00:00,727.714
2018-02-12 17:00:00,743.19
2018-02-12 18:00:00,779.543
2018-02-12 19:00:00,789.03
2018-02-12 20:00:00,794.801
2018-02-12 21:00:00,771.124
2018-02-12 22:00:00,726.551
2018-02-12 23:00:00,679.231
2018-02-13 00:00:00,645.912
2018-02-13 01:00:00,630.708
2018-02-13 02:00:00,643.851
2018-02-13 03:00:00,669.492
2018-02-13 04:00:00,691.514
2018-02-13 05:00:00,744.896
2018-02-13 06:00:00,855.455
2018-02-13 07:00:00,929.579
2018-02-13 08:00:00,954.597
2018-02-13 09:00:00,939.396
2018-02-13 10:00:00,925.813
2018-02-13 11:00:00,893.849
2018-02-13 12:00:00,852.029
2018-02-13 13:00:00,803.971
2018-02-13 14:00:00,771.997
2018-02-13 15:00:00,776.561
2018-02-13 16:00:00,796.584
2018-02-13 17:00:00,827.393
2018-02-13 18:00:00,859.964
2018-02-13 19:00:00,856.282
2018-02-13 20:00:00,845.253
2018-02-13 21:00:00,808.592
2018-02-13 22:00:00,779.823
2018-02-13 23:00:00,715.054
2018-02-14 00:00:00,671.244
2018-02-14 01:00:00,652.36
2018-02-14 02:00:00,653.695
2018-02-14 03:00:00,664.333
2018-02-14 04:00:00,684.14
2018-02-14 05:00:00,725.195
2018-02-14 06:00:00,823.126
2018-02-14 07:00:00,906.519
2018-02-14 08:00:00,925.625
2018-02-14 09:00:00,922.371
2018-02-14 10:00:00,907.543
2018-02-14 11:00:00,900.329
2018-02-14 12:00:00,881.526
2018-02-14 13:00:00,814.03
2018-02-14 14:00:00,747.748
2018-02-14 15:00:00,696.397
2018-02-14 16:00:00,690.073
2018-02-14 17:00:00,713.616
2018-02-14 18:00:00,744.063
2018-02-14 19:00:00,733.969
2018-02-14 20:00:00,720.075
2018-02-14 21:00:00,703.656
2018-02-14 22:00:00,647.418
2018-02-14 23:00:00,588.863
2018-02-15 00:00:00,547.344
2018-02-15 01:00:00,514.566
2018-02-15 02:00:00,506.992
2018-02-15 03:00:00,515.759
2018-02-15 04:00:00,524.11
2018-02-15 05:00:00,573.479
2018-02-15 06:00:00,660.327
2018-02-15 07:00:00,730.017
2018-02-15 08:00:00,770.65
2018-02-15 09:00:00,783.74
2018-02-15 10:00:00,795.998
2018-02-15 11:00:00,782.311
2018-02-15 12:00:00,771.286
2018-02-15 13:00:00,727.371
2018-02-15 14:00:00,700.934
2018-02-15 15:00:00,698.471
2018-02-15 16:00:00,691.378
2018-02-15 17:00:00,708.299
2018-02-15 18:00:00,727.772
2018-02-15 19:00:00,715.517
2018-02-15 20:00:00,709.268
2018-02-15 21:00:00,675.578
2018-02-15 22:00:00,610.224
2018-02-15 23:00:00,533.74
2018-02-16 00:00:00,475.084
2018-02-16 01:00:00,444.671
2018-02-16 02:00:00,430.336
2018-02-16 03:00:00,429.564
2018-02-16 04:00:00,444.062
2018-02-16 05:00:00,500.031
2018-02-16 06:00:00,591.044
2018-02-16 07:00:00,667.204
2018-02-16 08:00:00,723.807
2018-02-16 09:00:00,760.632
2018-02-16 10:00:00,778.687
2018-02-16 11:00:00,777.023
2018-02-16 12:00:00,765.447
2018-02-16 13:00:00,731.144
2018-02-16 14:00:00,695.577
2018-02-16 15:00:00,696.181
2018-02-16 16:00:00,686.476
2018-02-16 17:00:00,705.64
2018-02-16 18:00:00,747.131
2018-02-16 19:00:00,757.62
2018-02-16 20:00:00,749.032
2018-02-16 21:00:00,742.006
2018-02-16 22:00:00,749.42
2018-02-16 23:00:00,684.891
2018-02-17 00:00:00,628.327
2018-02-17 01:00:00,584.972
2018-02-17 02:00:00,587.615
2018-02-17 03:00:00,606.805
2018-02-17 04:00:00,638.046
2018-02-17 05:00:00,665.399
2018-02-17 06:00:00,724.795
2018-02-17 07:00:00,763.706
2018-02-17 08:00:00,784.034
2018-02-17 09:00:00,787.652
2018-02-17 10:00:00,778.932
2018-02-17 11:00:00,766.471
2018-02-17 12:00:00,777.806
2018-02-17 13:00:00,778.757
2018-02-17 14:00:00,790.28
2018-02-17 15:00:00,820.451
2018-02-17 16:00:00,852.937
2018-02-17 17:00:00,887.815
2018-02-17 18:00:00,905.075
2018-02-17 19:00:00,895.151
2018-02-17 20:00:00,883.854
2018-02-17 21:00:00,854.722
2018-02-17 22:00:00,798.09
2018-02-17 23:00:00,727.825
2018-02-18 00:00:00,670.326
2018-02-18 01:00:00,638.626
2018-02-18 02:00:00,640.924
2018-02-18 03:00:00,645.55
2018-02-18 04:00:00,660.605
2018-02-18 05:00:00,674.913
2018-02-18 06:00:00,724.726
2018-02-18 07:00:00,746.175
2018-02-18 08:00:00,785.51
2018-02-18 09:00:00,780.592
2018-02-18 10:00:00,733.649
2018-02-18 11:00:00,699.889
2018-02-18 12:00:00,672.822
2018-02-18 13:00:00,651.553
2018-02-18 14:00:00,621.884
2018-02-18 15:00:00,609.554
2018-02-18 16:00:00,607.172
2018-02-18 17:00:00,624.072
2018-02-18 18:00:00,664.578
2018-02-18 19:00:00,689.242
2018-02-18 20:00:00,708.82
2018-02-18 21:00:00,686.309
2018-02-18 22:00:00,650.754
2018-02-18 23:00:00,604.183
2018-02-19 00:00:00,593.528
2018-02-19 01:00:00,590.231
2018-02-19 02:00:00,589.445
2018-02-19 03:00:00,583.638
2018-02-19 04:00:00,598.036
2018-02-19 05:00:00,644.542
2018-02-19 06:00:00,752.312
2018-02-19 07:00:00,841.967
2018-02-19 08:00:00,882.617
2018-02-19 09:00:00,898.021
2018-02-19 10:00:00,907.721
2018-02-19 11:00:00,900.421
2018-02-19 12:00:00,887.984
2018-02-19 13:00:00,853.757
2018-02-19 14:00:00,809.992
2018-02-19 15:00:00,787.657
2018-02-19 16:00:00,763.652
2018-02-19 17:00:00,772.265
2018-02-19 18:00:00,796.598
2018-02-19 19:00:00,779.303
2018-02-19 20:00:00,773.6
2018-02-19 21:00:00,723.14
2018-02-19 22:00:00,665.731
2018-02-19 23:00:00,610.794
2018-02-20 00:00:00,562.654
2018-02-20 01:00:00,527.103
2018-02-20 02:00:00,526.037
2018-02-20 03:00:00,525.085
2018-02-20 04:00:00,535.039
2018-02-20 05:00:00,571.89
2018-02-20 06:00:00,657.159
2018-02-20 07:00:00,723.838
2018-02-20 08:00:00,757.155
2018-02-20 09:00:00,767.213
2018-02-20 10:00:00,778.654
2018-02-20 11:00:00,788.83
2018-02-20 12:00:00,796.907
2018-02-20 13:00:00,783.504
2018-02-20 14:00:00,785.689
2018-02-20 15:00:00,805.162
2018-02-20 16:00:00,824.976
2018-02-20 17:00:00,789.813
2018-02-20 18:00:00,762.78
2018-02-20 19:00:00,740.391
2018-02-20 20:00:00,716.51
2018-02-20 21:00:00,671.468
2018-02-20 22:00:00,598.131
2018-02-20 23:00:00,529.554
2018-02-21 00:00:00,470.833
2018-02-21 01:00:00,441.388
2018-02-21 02:00:00,430.53
2018-02-21 03:00:00,426.708
2018-02-21 04:00:00,443.77
2018-02-21 05:00:00,492.642
2018-02-21 06:00:00,591.651
2018-02-21 07:00:00,673.81
2018-02-21 08:00:00,740.288
2018-02-21 09:00:00,783.548
2018-02-21 10:00:00,845.264
2018-02-21 11:00:00,890.855
2018-02-21 12:00:00,934.959
2018-02-21 13:00:00,954.034
2018-02-21 14:00:00,917.978
2018-02-21 15:00:00,944.897
2018-02-21 16:00:00,947.42
2018-02-21 17:00:00,919.377
2018-02-21 18:00:00,898.853
2018-02-21 19:00:00,870.852
2018-02-21 20:00:00,808.62
2018-02-21 21:00:00,736.308
2018-02-21 22:00:00,674.165
2018-02-21 23:00:00,590.656
2018-02-22 00:00:00,517.956
2018-02-22 01:00:00,478.221
2018-02-22 02:00:00,454.243
2018-02-22 03:00:00,438.506
2018-02-22 04:00:00,442.65
2018-02-22 05:00:00,490.26
2018-02-22 06:00:00,582.459
2018-02-22 07:00:00,651.76
2018-02-22 08:00:00,705.239
2018-02-22 09:00:00,743.957
2018-02-22 10:00:00,765.833
2018-02-22 11:00:00,769.051
2018-02-22 12:00:00,760.314
2018-02-22 13:00:00,736.593
2018-02-22 14:00:00,693.768
2018-02-22 15:00:00,681.88
2018-02-22 16:00:00,685.961
2018-02-22 17:00:00,708.65
2018-02-22 18:00:00,757.545
2018-02-22 19:00:00,775.012
2018-02-22 20:00:00,765.859
2018-02-22 21:00:00,721.576
2018-02-22 22:00:00,674.294
2018-02-22 23:00:00,618.772
2018-02-23 00:00:00,576.238
2018-02-23 01:00:00,549.441
2018-02-23 02:00:00,551.071
2018-02-23 03:00:00,557.467
2018-02-23 04:00:00,569.417
2018-02-23 05:00:00,617.037
2018-02-23 06:00:00,712.903
2018-02-23 07:00:00,793.624
2018-02-23 08:00:00,839.586
2018-02-23 09:00:00,869.574
2018-02-23 10:00:00,890.228
2018-02-23 11:00:00,878.566
2018-02-23 12:00:00,848.313
2018-02-23 13:00:00,804.288
2018-02-23 14:00:00,771.039
2018-02-23 15:00:00,756.38
2018-02-23 16:00:00,757.579
2018-02-23 17:00:00,755.697
2018-02-23 18:00:00,786.254
2018-02-23 19:00:00,773.655
2018-02-23 20:00:00,761.182
2018-02-23 21:00:00,731.807
2018-02-23 22:00:00,676.708
2018-02-23 23:00:00,602.137
2018-02-24 00:00:00,545.845
2018-02-24 01:00:00,515.848
2018-02-24 02:00:00,502.985
2018-02-24 03:00:00,505.533
2018-02-24 04:00:00,520.144
2018-02-24 05:00:00,526.851
2018-02-24 06:00:00,579.289
2018-02-24 07:00:00,610.844
2018-02-24 08:00:00,662.078
2018-02-24 09:00:00,697.838
2018-02-24 10:00:00,708.687
2018-02-24 11:00:00,726.477
2018-02-24 12:00:00,719.198
2018-02-24 13:00:00,698.374
2018-02-24 14:00:00,697.209
2018-02-24 15:00:00,709.912
2018-02-24 16:00:00,706.226
2018-02-24 17:00:00,734.019
2018-02-24 18:00:00,770.698
2018-02-24 19:00:00,765.875
2018-02-24 20:00:00,750.774
2018-02-24 21:00:00,712.632
2018-02-24 22:00:00,658.137
2018-02-24 23:00:00,581.225
2018-02-25 00:00:00,520.054
2018-02-25 01:00:00,489.982
2018-02-25 02:00:00,480.372
2018-02-25 03:00:00,477.338
2018-02-25 04:00:00,485.869
2018-02-25 05:00:00,505.863
2018-02-25 06:00:00,534.013
2018-02-25 07:00:00,552.306
2018-02-25 08:00:00,606.707
2018-02-25 09:00:00,639.297
2018-02-25 10:00:00,658.909
2018-02-25 11:00:00,652.279
2018-02-25 12:00:00,648.394
2018-02-25 13:00:00,626.506
2018-02-25 14:00:00,628.519
2018-02-25 15:00:00,630.895
2018-02-25 16:00:00,630.455
2018-02-25 17:00:00,649.816
2018-02-25 18:00:00,676.766
2018-02-25 19:00:00,686.384
2018-02-25 20:00:00,675.702
2018-02-25 21:00:00,650.625
2018-02-25 22:00:00,608.674
2018-02-25 23:00:00,548.477
2018-02-26 00:00:00,524.452
2018-02-26 01:00:00,515.227
2018-02-26 02:00:00,500.46
2018-02-26 03:00:00,500.546
2018-02-26 04:00:00,514.332
2018-02-26 05:00:00,566.732
2018-02-26 06:00:00,664.236
2018-02-26 07:00:00,727.996
2018-02-26 08:00:00,779.5
2018-02-26 09:00:00,817.297
2018-02-26 10:00:00,829.164
2018-02-26 11:00:00,826.746
2018-02-26 12:00:00,814.422
2018-02-26 13:00:00,770.521
2018-02-26 14:00:00,718.685
2018-02-26 15:00:00,717.495
2018-02-26 16:00:00,721.037
2018-02-26 17:00:00,721.523
2018-02-26 18:00:00,750.036
2018-02-26 19:00:00,757.851
2018-02-26 20:00:00,743.717
2018-02-26 21:00:00,717.533
2018-02-26 22:00:00,676.204
2018-02-26 23:00:00,624.265
2018-02-27 00:00:00,584.145
2018-02-27 01:00:00,558.276
2018-02-27 02:00:00,561.769
2018-02-27 03:00:00,584.597
2018-02-27 04:00:00,600.139
2018-02-27 05:00:00,659.762
2018-02-27 06:00:00,769.709
2018-02-27 07:00:00,802.816
2018-02-27 08:00:00,815.085
2018-02-27 09:00:00,800.733
2018-02-27 10:00:00,795.979
2018-02-27 11:00:00,781.112
2018-02-27 12:00:00,771.596
2018-02-27 13:00:00,741.732
2018-02-27 14:00:00,703.808
2018-02-27 15:00:00,687.598
2018-02-27 16:00:00,678.617
2018-02-27 17:00:00,679.648
2018-02-27 18:00:00,708.318
2018-02-27 19:00:00,712.53
2018-02-27 20:00:00,702.438
2018-02-27 21:00:00,662.764
2018-02-27 22:00:00,622.218
2018-02-27 23:00:00,566.159
2018-02-28 00:00:00,541.892
2018-02-28 01:00:00,519.329
2018-02-28 02:00:00,509.965
2018-02-28 03:00:00,531.966
2018-02-28 04:00:00,573.545
2018-02-28 05:00:00,617.432
2018-02-28 06:00:00,703.09
2018-02-28 07:00:00,757.126
2018-02-28 08:00:00,810.311
2018-02-28 09:00:00,831.345
2018-02-28 10:00:00,821.264
2018-02-28 11:00:00,814.57
2018-02-28 12:00:00,791.446
2018-02-28 13:00:00,747.054
2018-02-28 14:00:00,703.649
2018-02-28 15:00:00,674.458
2018-02-28 16:00:00,662.296
2018-02-28 17:00:00,663.529
2018-02-28 18:00:00,702.751
2018-02-28 19:00:00,704.045
2018-02-28 20:00:00,685.751
2018-02-28 21:00:00,647.406
2018-02-28 22:00:00,605.678
2018-02-28 23:00:00,541.064
2018-03-01 00:00:00,496.992
2018-03-01 01:00:00,474.183
2018-03-01 02:00:00,464.849
2018-03-01 03:00:00,466.311
2018-03-01 04:00:00,483.876
2018-03-01 05:00:00,533.434
2018-03-01 06:00:00,633.262
2018-03-01 07:00:00,704.769
2018-03-01 08:00:00,751.76
2018-03-01 09:00:00,779.389
2018-03-01 10:00:00,794.82
2018-03-01 11:00:00,783.426
2018-03-01 12:00:00,768.137
2018-03-01 13:00:00,734.933
2018-03-01 14:00:00,692.872
2018-03-01 15:00:00,683.033
2018-03-01 16:00:00,678.953
2018-03-01 17:00:00,687.642
2018-03-01 18:00:00,707.03
2018-03-01 19:00:00,707.118
2018-03-01 20:00:00,700.914
2018-03-01 21:00:00,668.259
2018-03-01 22:00:00,610.568
2018-03-01 23:00:00,556.929
2018-03-02 00:00:00,526.644
2018-03-02 01:00:00,538.56
2018-03-02 02:00:00,589.919
2018-03-02 03:00:00,638.506
2018-03-02 04:00:00,680.415
2018-03-02 05:00:00,717.26
2018-03-02 06:00:00,867.728
2018-03-02 07:00:00,972.405
2018-03-02 08:00:00,1023.45
2018-03-02 09:00:00,983.679
2018-03-02 10:00:00,940.579
2018-03-02 11:00:00,969.313
2018-03-02 12:00:00,992.129
2018-03-02 13:00:00,1033.899
2018-03-02 14:00:00,992.447
2018-03-02 15:00:00,960.595
2018-03-02 16:00:00,916.511
2018-03-02 17:00:00,900.439
2018-03-02 18:00:00,923.956
2018-03-02 19:00:00,932.587
2018-03-02 20:00:00,937.963
2018-03-02 21:00:00,881.054
2018-03-02 22:00:00,858.446
2018-03-02 23:00:00,787.672
2018-03-03 00:00:00,717.483
2018-03-03 01:00:00,686.944
2018-03-03 02:00:00,699.069
2018-03-03 03:00:00,714.126
2018-03-03 04:00:00,709.675
2018-03-03 05:00:00,737.885
2018-03-03 06:00:00,825.082
2018-03-03 07:00:00,845.359
2018-03-03 08:00:00,855.515
2018-03-03 09:00:00,841.417
2018-03-03 10:00:00,788.32
2018-03-03 11:00:00,759.619
2018-03-03 12:00:00,743.274
2018-03-03 13:00:00,734.569
2018-03-03 14:00:00,711.034
2018-03-03 15:00:00,697.585
2018-03-03 16:00:00,684.73
2018-03-03 17:00:00,723.438
2018-03-03 18:00:00,812.564
2018-03-03 19:00:00,807.704
2018-03-03 20:00:00,823.811
2018-03-03 21:00:00,815.922
2018-03-03 22:00:00,751.096
2018-03-03 23:00:00,673.307
2018-03-04 00:00:00,623.14
2018-03-04 01:00:00,600.259
2018-03-04 02:00:00,608.542
2018-03-04 03:00:00,614.466
2018-03-04 04:00:00,637.153
2018-03-04 05:00:00,664.845
2018-03-04 06:00:00,698.584
2018-03-04 07:00:00,699.396
2018-03-04 08:00:00,722.624
2018-03-04 09:00:00,726.207
2018-03-04 10:00:00,710.64
2018-03-04 11:00:00,671.374
2018-03-04 12:00:00,645.997
2018-03-04 13:00:00,625.88
2018-03-04 14:00:00,615.793
2018-03-04 15:00:00,615.739
2018-03-04 16:00:00,626.541
2018-03-04 17:00:00,632.135
2018-03-04 18:00:00,675.088
2018-03-04 19:00:00,679.097
2018-03-04 20:00:00,694.309
2018-03-04 21:00:00,699.284
2018-03-04 22:00:00,672.025
2018-03-04 23:00:00,641.724
2018-03-05 00:00:00,666.499
2018-03-05 01:00:00,663.99
2018-03-05 02:00:00,680.135
2018-03-05 03:00:00,704.497
2018-03-05 04:00:00,724.115
2018-03-05 05:00:00,774.179
2018-03-05 06:00:00,872.107
2018-03-05 07:00:00,925.936
2018-03-05 08:00:00,945.696
2018-03-05 09:00:00,941.973
2018-03-05 10:00:00,917.634
2018-03-05 11:00:00,880.146
2018-03-05 12:00:00,826.29
2018-03-05 13:00:00,794.032
2018-03-05 14:00:00,741.624
2018-03-05 15:00:00,714.691
2018-03-05 16:00:00,701.449
2018-03-05 17:00:00,702.418
2018-03-05 18:00:00,744.079
2018-03-05 19:00:00,760.691
2018-03-05 20:00:00,756.1
2018-03-05 21:00:00,732.464
2018-03-05 22:00:00,686.707
2018-03-05 23:00:00,648.161
2018-03-06 00:00:00,622.2
2018-03-06 01:00:00,606.642
2018-03-06 02:00:00,618.638
2018-03-06 03:00:00,639.455
2018-03-06 04:00:00,659.785
2018-03-06 05:00:00,715.365
2018-03-06 06:00:00,799.562
2018-03-06 07:00:00,870.566
2018-03-06 08:00:00,912.26
2018-03-06 09:00:00,910.102
2018-03-06 10:00:00,900.957
2018-03-06 11:00:00,871.6
2018-03-06 12:00:00,844.476
2018-03-06 13:00:00,809.802
2018-03-06 14:00:00,787.446
2018-03-06 15:00:00,779.45
2018-03-06 16:00:00,790.141
2018-03-06 17:00:00,797.131
2018-03-06 18:00:00,808.191
2018-03-06 19:00:00,802.304
2018-03-06 20:00:00,820.67
2018-03-06 21:00:00,814.392
2018-03-06 22:00:00,780.526
2018-03-06 23:00:00,737.695
2018-03-07 00:00:00,704.769
2018-03-07 01:00:00,678.991
2018-03-07 02:00:00,675.327
2018-03-07 03:00:00,688.985
2018-03-07 04:00:00,706.883
2018-03-07 05:00:00,745.64
2018-03-07 06:00:00,836.74
2018-03-07 07:00:00,902.725
2018-03-07 08:00:00,948.451
2018-03-07 09:00:00,970.038
2018-03-07 10:00:00,992.17
2018-03-07 11:00:00,947.199
2018-03-07 12:00:00,903.755
2018-03-07 13:00:00,864.484
2018-03-07 14:00:00,804.652
2018-03-07 15:00:00,792.837
2018-03-07 16:00:00,767.874
2018-03-07 17:00:00,763.628
2018-03-07 18:00:00,796.578
2018-03-07 19:00:00,814.427
2018-03-07 20:00:00,801.141
2018-03-07 21:00:00,779.665
2018-03-07 22:00:00,745.204
2018-03-07 23:00:00,684.789
2018-03-08 00:00:00,653.313
2018-03-08 01:00:00,634.196
2018-03-08 02:00:00,638.052
2018-03-08 03:00:00,650.831
2018-03-08 04:00:00,677.071
2018-03-08 05:00:00,729.848
2018-03-08 06:00:00,813.951
2018-03-08 07:00:00,857.999
2018-03-08 08:00:00,891.59
2018-03-08 09:00:00,895.823
2018-03-08 10:00:00,910.487
2018-03-08 11:00:00,887.839
2018-03-08 12:00:00,858.113
2018-03-08 13:00:00,817.165
2018-03-08 14:00:00,765.121
2018-03-08 15:00:00,733.199
2018-03-08 16:00:00,741.204
2018-03-08 17:00:00,763.054
2018-03-08 18:00:00,825.678
2018-03-08 19:00:00,839.917
2018-03-08 20:00:00,844.573
2018-03-08 21:00:00,815.947
2018-03-08 22:00:00,768.723
2018-03-08 23:00:00,729.003
2018-03-09 00:00:00,708.405
2018-03-09 01:00:00,673.508
2018-03-09 02:00:00,667.886
2018-03-09 03:00:00,680.044
2018-03-09 04:00:00,698.674
2018-03-09 05:00:00,758.264
2018-03-09 06:00:00,865.86
2018-03-09 07:00:00,929.311
2018-03-09 08:00:00,928.85
2018-03-09 09:00:00,927.454
2018-03-09 10:00:00,944.519
2018-03-09 11:00:00,908.191
2018-03-09 12:00:00,864.35
2018-03-09 13:00:00,853.077
2018-03-09 14:00:00,778.878
2018-03-09 15:00:00,738.733
2018-03-09 16:00:00,748.572
2018-03-09 17:00:00,779.489
2018-03-09 18:00:00,828.957
2018-03-09 19:00:00,848.8
2018-03-09 20:00:00,832.617
2018-03-09 21:00:00,793.172
2018-03-09 22:00:00,744.182
2018-03-09 23:00:00,699.116
2018-03-10 00:00:00,659.915
2018-03-10 01:00:00,639.858
2018-03-10 02:00:00,636.388
2018-03-10 03:00:00,640.054
2018-03-10 04:00:00,660.035
2018-03-10 05:00:00,685.722
2018-03-10 06:00:00,750.056
2018-03-10 07:00:00,786.357
2018-03-10 08:00:00,805.642
2018-03-10 09:00:00,789.608
2018-03-10 10:00:00,747.661
2018-03-10 11:00:00,746.676
2018-03-10 12:00:00,732.451
2018-03-10 13:00:00,706.391
2018-03-10 14:00:00,689.085
2018-03-10 15:00:00,679.45
2018-03-10 16:00:00,684.698
2018-03-10 17:00:00,691.953
2018-03-10 18:00:00,716.363
2018-03-10 19:00:00,742.005
2018-03-10 20:00:00,744.004
2018-03-10 21:00:00,720.504
2018-03-10 22:00:00,668.097
2018-03-10 23:00:00,612.682
2018-03-11 00:00:00,575.268
2018-03-11 01:00:00,570.075
2018-03-11 02:00:00,574.686
2018-03-11 03:00:00,592.34
2018-03-11 04:00:00,616.244
2018-03-11 05:00:00,657.671
2018-03-11 06:00:00,713.171
2018-03-11 07:00:00,753.763
2018-03-11 08:00:00,742.571
2018-03-11 09:00:00,702.085
2018-03-11 10:00:00,682.312
2018-03-11 11:00:00,666.206
2018-03-11 12:00:00,635.863
2018-03-11 13:00:00,610.11
2018-03-11 14:00:00,591.043
2018-03-11 15:00:00,589.697
2018-03-11 16:00:00,600.261
2018-03-11 17:00:00,601.508
2018-03-11 18:00:00,636.765
2018-03-11 19:00:00,644.657
2018-03-11 20:00:00,645.218
2018-03-11 21:00:00,607.95
2018-03-11 22:00:00,569.804
2018-03-11 23:00:00,561.142
2018-03-12 00:00:00,567.07
2018-03-12 01:00:00,585.753
2018-03-12 02:00:00,606.417
2018-03-12 03:00:00,635.691
2018-03-12 04:00:00,697.973
2018-03-12 05:00:00,806.5
2018-03-12 06:00:00,901.44
2018-03-12 07:00:00,954.72
2018-03-12 08:00:00,975.245
2018-03-12 09:00:00,967.243
2018-03-12 10:00:00,939.021
2018-03-12 11:00:00,908.715
2018-03-12 12:00:00,860.526
2018-03-12 13:00:00,803.356
2018-03-12 14:00:00,772.964
2018-03-12 15:00:00,791.338
2018-03-12 16:00:00,811.929
2018-03-12 17:00:00,824.166
2018-03-12 18:00:00,866.683
2018-03-12 19:00:00,905.602
2018-03-12 20:00:00,866.333
2018-03-12 21:00:00,818.253
2018-03-12 22:00:00,765.127
2018-03-12 23:00:00,730.188
2018-03-13 00:00:00,713.505
2018-03-13 01:00:00,722.222
2018-03-13 02:00:00,725.247
2018-03-13 03:00:00,747.501
2018-03-13 04:00:00,828.884
2018-03-13 05:00:00,913.681
2018-03-13 06:00:00,997.875
2018-03-13 07:00:00,1075.445
2018-03-13 08:00:00,1045.304
2018-03-13 09:00:00,990.454
2018-03-13 10:00:00,977.149
2018-03-13 11:00:00,902.445
2018-03-13 12:00:00,830.257
2018-03-13 13:00:00,792.721
2018-03-13 14:00:00,752.289
2018-03-13 15:00:00,732.247
2018-03-13 16:00:00,758.275
2018-03-13 17:00:00,761.209
2018-03-13 18:00:00,770.265
2018-03-13 19:00:00,755.728
2018-03-13 20:00:00,752.365
2018-03-13 21:00:00,739.234
2018-03-13 22:00:00,688.053
2018-03-13 23:00:00,665.743
2018-03-14 00:00:00,661.799
2018-03-14 01:00:00,666.027
2018-03-14 02:00:00,683.235
2018-03-14 03:00:00,708.909
2018-03-14 04:00:00,752.215
2018-03-14 05:00:00,851.583
2018-03-14 06:00:00,942.385
2018-03-14 07:00:00,981.903
2018-03-14 08:00:00,1008.063
2018-03-14 09:00:00,1024.06
2018-03-14 10:00:00,974.58
2018-03-14 11:00:00,942.002
2018-03-14 12:00:00,921.068
2018-03-14 13:00:00,880.208
2018-03-14 14:00:00,841.36
2018-03-14 15:00:00,838.118
2018-03-14 16:00:00,843.358
2018-03-14 17:00:00,853.992
2018-03-14 18:00:00,867.878
2018-03-14 19:00:00,885.611
2018-03-14 20:00:00,873.82
2018-03-14 21:00:00,818.733
2018-03-14 22:00:00,749.107
2018-03-14 23:00:00,713.166
2018-03-15 00:00:00,674.525
2018-03-15 01:00:00,661.689
2018-03-15 02:00:00,670.848
2018-03-15 03:00:00,696.29
2018-03-15 04:00:00,767.937
2018-03-15 05:00:00,859.656
2018-03-15 06:00:00,934.325
2018-03-15 07:00:00,962.74
2018-03-15 08:00:00,943.738
2018-03-15 09:00:00,894.951
2018-03-15 10:00:00,858.762
2018-03-15 11:00:00,843.658
2018-03-15 12:00:00,796.694
2018-03-15 13:00:00,735.171
2018-03-15 14:00:00,721.316
2018-03-15 15:00:00,706.963
2018-03-15 16:00:00,697.24
2018-03-15 17:00:00,699.332
2018-03-15 18:00:00,715.599
2018-03-15 19:00:00,704.957
2018-03-15 20:00:00,702.132
2018-03-15 21:00:00,682.066
2018-03-15 22:00:00,626.599
2018-03-15 23:00:00,603.881
2018-03-16 00:00:00,593.915
2018-03-16 01:00:00,584.89
2018-03-16 02:00:00,597.226
2018-03-16 03:00:00,616.323
2018-03-16 04:00:00,668.765
2018-03-16 05:00:00,772.1
2018-03-16 06:00:00,857.96
2018-03-16 07:00:00,921.556
2018-03-16 08:00:00,985.948
2018-03-16 09:00:00,1021.8
2018-03-16 10:00:00,1007.214
2018-03-16 11:00:00,942.279
2018-03-16 12:00:00,874.193
2018-03-16 13:00:00,813.237
2018-03-16 14:00:00,772.953
2018-03-16 15:00:00,740.979
2018-03-16 16:00:00,731.891
2018-03-16 17:00:00,743.357
2018-03-16 18:00:00,760.653
2018-03-16 19:00:00,785.741
2018-03-16 20:00:00,753.948
2018-03-16 21:00:00,697.766
2018-03-16 22:00:00,648.691
2018-03-16 23:00:00,607.414
2018-03-17 00:00:00,586.895
2018-03-17 01:00:00,600.293
2018-03-17 02:00:00,619.61
2018-03-17 03:00:00,648.146
2018-03-17 04:00:00,668.978
2018-03-17 05:00:00,714.116
2018-03-17 06:00:00,757.677
2018-03-17 07:00:00,773.817
2018-03-17 08:00:00,787.546
2018-03-17 09:00:00,766.261
2018-03-17 10:00:00,766.625
2018-03-17 11:00:00,775.719
2018-03-17 12:00:00,750.237
2018-03-17 13:00:00,747.594
2018-03-17 14:00:00,754.191
2018-03-17 15:00:00,756.547
2018-03-17 16:00:00,746.874
2018-03-17 17:00:00,758.976
2018-03-17 18:00:00,782.697
2018-03-17 19:00:00,765.976
2018-03-17 20:00:00,764.203
2018-03-17 21:00:00,732.565
2018-03-17 22:00:00,648.022
2018-03-17 23:00:00,615.359
2018-03-18 00:00:00,578.662
2018-03-18 01:00:00,581.162
2018-03-18 02:00:00,600.577
2018-03-18 03:00:00,630.796
2018-03-18 04:00:00,647.297
2018-03-18 05:00:00,692.591
2018-03-18 06:00:00,722.427
2018-03-18 07:00:00,724.735
2018-03-18 08:00:00,732.426
2018-03-18 09:00:00,680.823
2018-03-18 10:00:00,639.394
2018-03-18 11:00:00,625.328
2018-03-18 12:00:00,592.719
2018-03-18 13:00:00,582.357
2018-03-18 14:00:00,581.495
2018-03-18 15:00:00,568.581
2018-03-18 16:00:00,601.805
2018-03-18 17:00:00,613.688
2018-03-18 18:00:00,623.154
2018-03-18 19:00:00,636.686
2018-03-18 20:00:00,611.553
2018-03-18 21:00:00,570.486
2018-03-18 22:00:00,518.465
2018-03-18 23:00:00,501.115
2018-03-19 00:00:00,523.401
2018-03-19 01:00:00,536.197
2018-03-19 02:00:00,549.789
2018-03-19 03:00:00,576.373
2018-03-19 04:00:00,616.53
2018-03-19 05:00:00,718.412
2018-03-19 06:00:00,799.869
2018-03-19 07:00:00,832.589
2018-03-19 08:00:00,841.792
2018-03-19 09:00:00,814.994
2018-03-19 10:00:00,785.177
2018-03-19 11:00:00,758.166
2018-03-19 12:00:00,729.156
2018-03-19 13:00:00,685.644
2018-03-19 14:00:00,661.815
2018-03-19 15:00:00,653.195
2018-03-19 16:00:00,647.745
2018-03-19 17:00:00,661.029
2018-03-19 18:00:00,675.818
2018-03-19 19:00:00,676.284
2018-03-19 20:00:00,656.006
2018-03-19 21:00:00,608.615
2018-03-19 22:00:00,570.634
2018-03-19 23:00:00,545.001
2018-03-20 00:00:00,547.636
2018-03-20 01:00:00,549.985
2018-03-20 02:00:00,558.169
2018-03-20 03:00:00,582.639
2018-03-20 04:00:00,631.34
2018-03-20 05:00:00,745.755
2018-03-20 06:00:00,874.41
2018-03-20 07:00:00,952.58
2018-03-20 08:00:00,993.261
2018-03-20 09:00:00,1044.599
2018-03-20 10:00:00,1100.848
2018-03-20 11:00:00,1068.952
2018-03-20 12:00:00,1024.308
2018-03-20 13:00:00,954.291
2018-03-20 14:00:00,929.13
2018-03-20 15:00:00,932.565
2018-03-20 16:00:00,933.092
2018-03-20 17:00:00,947.212
2018-03-20 18:00:00,979.693
2018-03-20 19:00:00,975.168
2018-03-20 20:00:00,929.085
2018-03-20 21:00:00,870.138
2018-03-20 22:00:00,817.57
2018-03-20 23:00:00,776.756
2018-03-21 00:00:00,778.621
2018-03-21 01:00:00,784.398
2018-03-21 02:00:00,753.555
2018-03-21 03:00:00,764.929
2018-03-21 04:00:00,825.042
2018-03-21 05:00:00,927.493
2018-03-21 06:00:00,1005.385
2018-03-21 07:00:00,1030.518
2018-03-21 08:00:00,1066.525
2018-03-21 09:00:00,1088.404
2018-03-21 10:00:00,1078.363
2018-03-21 11:00:00,1072.975
2018-03-21 12:00:00,1042.9
2018-03-21 13:00:00,987.343
2018-03-21 14:00:00,969.629
2018-03-21 15:00:00,963.993
2018-03-21 16:00:00,968.025
2018-03-21 17:00:00,979.053
2018-03-21 18:00:00,972.911
2018-03-21 19:00:00,973.872
2018-03-21 20:00:00,929.622
2018-03-21 21:00:00,880.909
2018-03-21 22:00:00,805.867
2018-03-21 23:00:00,764.742
2018-03-22 00:00:00,720.838
2018-03-22 01:00:00,708.359
2018-03-22 02:00:00,708.814
2018-03-22 03:00:00,734.467
2018-03-22 04:00:00,802.469
2018-03-22 05:00:00,889.714
2018-03-22 06:00:00,958.871
2018-03-22 07:00:00,997.452
2018-03-22 08:00:00,988.696
2018-03-22 09:00:00,958.505
2018-03-22 10:00:00,916.149
2018-03-22 11:00:00,894.011
2018-03-22 12:00:00,841.43
2018-03-22 13:00:00,799.321
2018-03-22 14:00:00,759.815
2018-03-22 15:00:00,733.598
2018-03-22 16:00:00,723.35
2018-03-22 17:00:00,734.685
2018-03-22 18:00:00,762.382
2018-03-22 19:00:00,785.48
2018-03-22 20:00:00,755.512
2018-03-22 21:00:00,712.323
2018-03-22 22:00:00,695.124
2018-03-22 23:00:00,673.016
2018-03-23 00:00:00,666.929
2018-03-23 01:00:00,663.991
2018-03-23 02:00:00,667.054
2018-03-23 03:00:00,675.189
2018-03-23 04:00:00,722.082
2018-03-23 05:00:00,825.397
2018-03-23 06:00:00,907.46
2018-03-23 07:00:00,953.314
2018-03-23 08:00:00,955.527
2018-03-23 09:00:00,936.561
2018-03-23 10:00:00,931.73
2018-03-23 11:00:00,887.119
2018-03-23 12:00:00,813.842
2018-03-23 13:00:00,749.415
2018-03-23 14:00:00,722.556
2018-03-23 15:00:00,710.19
2018-03-23 16:00:00,700.463
2018-03-23 17:00:00,714.033
2018-03-23 18:00:00,732.124
2018-03-23 19:00:00,742.644
2018-03-23 20:00:00,727.787
2018-03-23 21:00:00,723.429
2018-03-23 22:00:00,688.38
2018-03-23 23:00:00,645.411
2018-03-24 00:00:00,628.082
2018-03-24 01:00:00,618.274
2018-03-24 02:00:00,629.09
2018-03-24 03:00:00,647.726
2018-03-24 04:00:00,678.896
2018-03-24 05:00:00,726.996
2018-03-24 06:00:00,755.853
2018-03-24 07:00:00,803.308
2018-03-24 08:00:00,793.819
2018-03-24 09:00:00,764.98
2018-03-24 10:00:00,738.724
2018-03-24 11:00:00,700.474
2018-03-24 12:00:00,674.598
2018-03-24 13:00:00,665.058
2018-03-24 14:00:00,641.45
2018-03-24 15:00:00,636.422
2018-03-24 16:00:00,660.427
2018-03-24 17:00:00,684.834
2018-03-24 18:00:00,704.599
2018-03-24 19:00:00,704.713
2018-03-24 20:00:00,675.546
2018-03-24 21:00:00,623.684
2018-03-24 22:00:00,567.224
2018-03-24 23:00:00,545.996
2018-03-25 00:00:00,517.172
2018-03-25 01:00:00,521.407
2018-03-25 02:00:00,539.287
2018-03-25 03:00:00,581.149
2018-03-25 04:00:00,644.774
2018-03-25 05:00:00,694.108
2018-03-25 06:00:00,734.299
2018-03-25 07:00:00,762.825
2018-03-25 08:00:00,785.601
2018-03-25 09:00:00,771.698
2018-03-25 10:00:00,743.194
2018-03-25 11:00:00,716.139
2018-03-25 12:00:00,671.494
2018-03-25 13:00:00,653.119
2018-03-25 14:00:00,643.851
2018-03-25 15:00:00,646.261
2018-03-25 16:00:00,671.037
2018-03-25 17:00:00,678.036
2018-03-25 18:00:00,680.829
2018-03-25 19:00:00,696.264
2018-03-25 20:00:00,683.081
2018-03-25 21:00:00,653.999
2018-03-25 22:00:00,620.447
2018-03-25 23:00:00,580.224
2018-03-26 00:00:00,585.328
2018-03-26 01:00:00,597.173
2018-03-26 02:00:00,617.78
2018-03-26 03:00:00,645.465
2018-03-26 04:00:00,702.967
2018-03-26 05:00:00,813.006
2018-03-26 06:00:00,878.07
2018-03-26 07:00:00,890.304
2018-03-26 08:00:00,892.866
2018-03-26 09:00:00,870.952
2018-03-26 10:00:00,852.795
2018-03-26 11:00:00,821.649
2018-03-26 12:00:00,776.212
2018-03-26 13:00:00,730.937
2018-03-26 14:00:00,705.366
2018-03-26 15:00:00,685.559
2018-03-26 16:00:00,697.352
2018-03-26 17:00:00,700.535
2018-03-26 18:00:00,709.331
2018-03-26 19:00:00,717.765
2018-03-26 20:00:00,709.214
2018-03-26 21:00:00,683.438
2018-03-26 22:00:00,633.21
2018-03-26 23:00:00,606.93
2018-03-27 00:00:00,592.327
2018-03-27 01:00:00,592.467
2018-03-27 02:00:00,599.083
2018-03-27 03:00:00,620.304
2018-03-27 04:00:00,673.363
2018-03-27 05:00:00,777.436
2018-03-27 06:00:00,852.279
2018-03-27 07:00:00,886.152
2018-03-27 08:00:00,890.181
2018-03-27 09:00:00,868.041
2018-03-27 10:00:00,854.24
2018-03-27 11:00:00,827.035
2018-03-27 12:00:00,792.999
2018-03-27 13:00:00,749.4
2018-03-27 14:00:00,736.17
2018-03-27 15:00:00,720.48
2018-03-27 16:00:00,725.626
2018-03-27 17:00:00,740.134
2018-03-27 18:00:00,758.751
2018-03-27 19:00:00,754.484
2018-03-27 20:00:00,736.73
2018-03-27 21:00:00,692.437
2018-03-27 22:00:00,636.57
2018-03-27 23:00:00,588.415
2018-03-28 00:00:00,570.925
2018-03-28 01:00:00,567.461
2018-03-28 02:00:00,569.742
2018-03-28 03:00:00,580.605
2018-03-28 04:00:00,624.836
2018-03-28 05:00:00,711.275
2018-03-28 06:00:00,777.349
2018-03-28 07:00:00,811.706
2018-03-28 08:00:00,827.381
2018-03-28 09:00:00,813.678
2018-03-28 10:00:00,808.286
2018-03-28 11:00:00,772.257
2018-03-28 12:00:00,723.809
2018-03-28 13:00:00,681.4
2018-03-28 14:00:00,662.74
2018-03-28 15:00:00,656.52
2018-03-28 16:00:00,660.833
2018-03-28 17:00:00,664.383
2018-03-28 18:00:00,688.516
2018-03-28 19:00:00,685.157
2018-03-28 20:00:00,663.103
2018-03-28 21:00:00,600.486
2018-03-28 22:00:00,546.566
2018-03-28 23:00:00,506.27
2018-03-29 00:00:00,489.824
2018-03-29 01:00:00,485.006
2018-03-29 02:00:00,488.216
2018-03-29 03:00:00,507.069
2018-03-29 04:00:00,557.4
2018-03-29 05:00:00,649.447
2018-03-29 06:00:00,713.285
2018-03-29 07:00:00,756.524
2018-03-29 08:00:00,781.223
2018-03-29 09:00:00,787.105
2018-03-29 10:00:00,767.515
2018-03-29 11:00:00,743.793
2018-03-29 12:00:00,719.19
2018-03-29 13:00:00,700.489
2018-03-29 14:00:00,706.529
2018-03-29 15:00:00,751.334
2018-03-29 16:00:00,774.968
2018-03-29 17:00:00,773.324
2018-03-29 18:00:00,743.689
2018-03-29 19:00:00,718.476
2018-03-29 20:00:00,686.506
2018-03-29 21:00:00,614.092
2018-03-29 22:00:00,532.549
2018-03-29 23:00:00,488.247
2018-03-30 00:00:00,467.864
2018-03-30 01:00:00,444.112
2018-03-30 02:00:00,434.306
2018-03-30 03:00:00,451.524
2018-03-30 04:00:00,493.935
2018-03-30 05:00:00,595.28
2018-03-30 06:00:00,675.621
2018-03-30 07:00:00,743.183
2018-03-30 08:00:00,787.254
2018-03-30 09:00:00,847.351
2018-03-30 10:00:00,861.556
2018-03-30 11:00:00,876.089
2018-03-30 12:00:00,795.496
2018-03-30 13:00:00,705.836
2018-03-30 14:00:00,668.721
2018-03-30 15:00:00,653.14
2018-03-30 16:00:00,662.322
2018-03-30 17:00:00,659.371
2018-03-30 18:00:00,675.137
2018-03-30 19:00:00,684.266
2018-03-30 20:00:00,661.271
2018-03-30 21:00:00,612.133
2018-03-30 22:00:00,574.975
2018-03-30 23:00:00,522.584
2018-03-31 00:00:00,497.826
2018-03-31 01:00:00,502.615
2018-03-31 02:00:00,516.585
2018-03-31 03:00:00,539.868
2018-03-31 04:00:00,555.837
2018-03-31 05:00:00,599.515
2018-03-31 06:00:00,627.564
2018-03-31 07:00:00,661.561
2018-03-31 08:00:00,676.502
2018-03-31 09:00:00,678.678
2018-03-31 10:00:00,668.392
2018-03-31 11:00:00,664.787
2018-03-31 12:00:00,637.427
2018-03-31 13:00:00,639.5
2018-03-31 14:00:00,645.533
2018-03-31 15:00:00,656.24
2018-03-31 16:00:00,667.205
2018-03-31 17:00:00,680.521
2018-03-31 18:00:00,686.319
2018-03-31 19:00:00,671.994
2018-03-31 20:00:00,653.579
2018-03-31 21:00:00,602.799
2018-03-31 22:00:00,538.215
2018-03-31 23:00:00,504.673
2018-04-01 00:00:00,471.606
2018-04-01 01:00:00,457.745
2018-04-01 02:00:00,449.341
2018-04-01 03:00:00,440.027
2018-04-01 04:00:00,440.432
2018-04-01 05:00:00,460.978
2018-04-01 06:00:00,479.761
2018-04-01 07:00:00,539.09
2018-04-01 08:00:00,578.198
2018-04-01 09:00:00,585.376
2018-04-01 10:00:00,564.0
2018-04-01 11:00:00,566.555
2018-04-01 12:00:00,571.87
2018-04-01 13:00:00,566.961
2018-04-01 14:00:00,548.056
2018-04-01 15:00:00,540.707
2018-04-01 16:00:00,549.52
2018-04-01 17:00:00,560.134
2018-04-01 18:00:00,584.058
2018-04-01 19:00:00,598.175
2018-04-01 20:00:00,597.991
2018-04-01 21:00:00,550.181
2018-04-01 22:00:00,502.501
2018-04-01 23:00:00,463.016
2018-04-02 00:00:00,466.452
2018-04-02 01:00:00,463.973
2018-04-02 02:00:00,487.443
2018-04-02 03:00:00,559.128
2018-04-02 04:00:00,619.622
2018-04-02 05:00:00,690.532
2018-04-02 06:00:00,762.592
2018-04-02 07:00:00,850.387
2018-04-02 08:00:00,856.423
2018-04-02 09:00:00,840.308
2018-04-02 10:00:00,828.543
2018-04-02 11:00:00,811.481
2018-04-02 12:00:00,765.87
2018-04-02 13:00:00,718.804
2018-04-02 14:00:00,697.752
2018-04-02 15:00:00,685.003
2018-04-02 16:00:00,691.377
2018-04-02 17:00:00,686.354
2018-04-02 18:00:00,698.213
2018-04-02 19:00:00,714.162
2018-04-02 20:00:00,698.584
2018-04-02 21:00:00,659.047
2018-04-02 22:00:00,604.188
2018-04-02 23:00:00,564.212
2018-04-03 00:00:00,540.841
2018-04-03 01:00:00,547.232
2018-04-03 02:00:00,548.836
2018-04-03 03:00:00,557.049
2018-04-03 04:00:00,597.861
2018-04-03 05:00:00,681.58
2018-04-03 06:00:00,761.523
2018-04-03 07:00:00,824.18
2018-04-03 08:00:00,848.689
2018-04-03 09:00:00,840.878
2018-04-03 10:00:00,830.361
2018-04-03 11:00:00,819.803
2018-04-03 12:00:00,787.09
2018-04-03 13:00:00,738.004
2018-04-03 14:00:00,711.707
2018-04-03 15:00:00,696.326
2018-04-03 16:00:00,670.757
2018-04-03 17:00:00,663.149
2018-04-03 18:00:00,669.36
2018-04-03 19:00:00,680.386
2018-04-03 20:00:00,662.762
2018-04-03 21:00:00,607.686
2018-04-03 22:00:00,557.323
2018-04-03 23:00:00,516.246
2018-04-04 00:00:00,492.843
2018-04-04 01:00:00,486.803
2018-04-04 02:00:00,490.771
2018-04-04 03:00:00,506.887
2018-04-04 04:00:00,538.346
2018-04-04 05:00:00,622.381
2018-04-04 06:00:00,691.284
2018-04-04 07:00:00,735.401
2018-04-04 08:00:00,758.347
2018-04-04 09:00:00,773.322
2018-04-04 10:00:00,768.199
2018-04-04 11:00:00,751.961
2018-04-04 12:00:00,729.24
2018-04-04 13:00:00,693.116
2018-04-04 14:00:00,665.38
2018-04-04 15:00:00,655.435
2018-04-04 16:00:00,661.62
2018-04-04 17:00:00,657.771
2018-04-04 18:00:00,674.919
2018-04-04 19:00:00,710.479
2018-04-04 20:00:00,699.516
2018-04-04 21:00:00,661.2
2018-04-04 22:00:00,626.898
2018-04-04 23:00:00,598.264
2018-04-05 00:00:00,575.08
2018-04-05 01:00:00,581.472
2018-04-05 02:00:00,592.924
2018-04-05 03:00:00,608.495
2018-04-05 04:00:00,652.373
2018-04-05 05:00:00,750.811
2018-04-05 06:00:00,802.272
2018-04-05 07:00:00,843.144
2018-04-05 08:00:00,869.309
2018-04-05 09:00:00,865.78
2018-04-05 10:00:00,842.353
2018-04-05 11:00:00,805.074
2018-04-05 12:00:00,752.196
2018-04-05 13:00:00,715.903
2018-04-05 14:00:00,675.835
2018-04-05 15:00:00,657.95
2018-04-05 16:00:00,652.811
2018-04-05 17:00:00,641.003
2018-04-05 18:00:00,644.057
2018-04-05 19:00:00,657.379
2018-04-05 20:00:00,649.883
2018-04-05 21:00:00,614.471
2018-04-05 22:00:00,560.605
2018-04-05 23:00:00,523.121
2018-04-06 00:00:00,501.997
2018-04-06 01:00:00,500.861
2018-04-06 02:00:00,506.891
2018-04-06 03:00:00,522.647
2018-04-06 04:00:00,567.47
2018-04-06 05:00:00,645.106
2018-04-06 06:00:00,716.43
2018-04-06 07:00:00,787.736
2018-04-06 08:00:00,820.187
2018-04-06 09:00:00,816.679
2018-04-06 10:00:00,800.088
2018-04-06 11:00:00,771.897
2018-04-06 12:00:00,728.407
2018-04-06 13:00:00,687.121
2018-04-06 14:00:00,675.945
2018-04-06 15:00:00,679.817
2018-04-06 16:00:00,690.223
2018-04-06 17:00:00,680.196
2018-04-06 18:00:00,652.177
2018-04-06 19:00:00,642.281
2018-04-06 20:00:00,636.878
2018-04-06 21:00:00,582.649
2018-04-06 22:00:00,521.708
2018-04-06 23:00:00,482.558
2018-04-07 00:00:00,438.331
2018-04-07 01:00:00,418.783
2018-04-07 02:00:00,428.36
2018-04-07 03:00:00,461.547
2018-04-07 04:00:00,493.67
2018-04-07 05:00:00,540.629
2018-04-07 06:00:00,599.3
2018-04-07 07:00:00,677.777
2018-04-07 08:00:00,741.675
2018-04-07 09:00:00,764.026
2018-04-07 10:00:00,754.18
2018-04-07 11:00:00,758.07
2018-04-07 12:00:00,752.864
2018-04-07 13:00:00,738.869
2018-04-07 14:00:00,712.679
2018-04-07 15:00:00,698.735
2018-04-07 16:00:00,720.27
2018-04-07 17:00:00,738.362
2018-04-07 18:00:00,743.293
2018-04-07 19:00:00,754.855
2018-04-07 20:00:00,742.782
2018-04-07 21:00:00,715.485
2018-04-07 22:00:00,682.207
2018-04-07 23:00:00,640.812
2018-04-08 00:00:00,619.542
2018-04-08 01:00:00,629.946
2018-04-08 02:00:00,654.585
2018-04-08 03:00:00,692.812
2018-04-08 04:00:00,694.86
2018-04-08 05:00:00,732.82
2018-04-08 06:00:00,717.891
2018-04-08 07:00:00,722.135
2018-04-08 08:00:00,716.284
2018-04-08 09:00:00,697.602
2018-04-08 10:00:00,676.833
2018-04-08 11:00:00,658.199
2018-04-08 12:00:00,634.545
2018-04-08 13:00:00,615.137
2018-04-08 14:00:00,588.616
2018-04-08 15:00:00,571.365
2018-04-08 16:00:00,575.732
2018-04-08 17:00:00,600.129
2018-04-08 18:00:00,613.377
2018-04-08 19:00:00,646.328
2018-04-08 20:00:00,660.186
2018-04-08 21:00:00,636.878
2018-04-08 22:00:00,600.672
2018-04-08 23:00:00,557.343
2018-04-09 00:00:00,556.323
2018-04-09 01:00:00,556.887
2018-04-09 02:00:00,558.541
2018-04-09 03:00:00,579.887
2018-04-09 04:00:00,628.789
2018-04-09 05:00:00,724.746
2018-04-09 06:00:00,815.299
2018-04-09 07:00:00,865.589
2018-04-09 08:00:00,863.27
2018-04-09 09:00:00,869.339
2018-04-09 10:00:00,853.785
2018-04-09 11:00:00,837.659
2018-04-09 12:00:00,807.798
2018-04-09 13:00:00,778.507
2018-04-09 14:00:00,752.148
2018-04-09 15:00:00,725.766
2018-04-09 16:00:00,711.577
2018-04-09 17:00:00,710.444
2018-04-09 18:00:00,712.207
2018-04-09 19:00:00,748.563
2018-04-09 20:00:00,722.888
2018-04-09 21:00:00,681.741
2018-04-09 22:00:00,639.15
2018-04-09 23:00:00,604.802
2018-04-10 00:00:00,588.737
2018-04-10 01:00:00,584.558
2018-04-10 02:00:00,585.298
2018-04-10 03:00:00,607.007
2018-04-10 04:00:00,662.587
2018-04-10 05:00:00,757.209
2018-04-10 06:00:00,816.278
2018-04-10 07:00:00,823.315
2018-04-10 08:00:00,841.238
2018-04-10 09:00:00,831.719
2018-04-10 10:00:00,815.161
2018-04-10 11:00:00,791.724
2018-04-10 12:00:00,744.748
2018-04-10 13:00:00,696.281
2018-04-10 14:00:00,665.835
2018-04-10 15:00:00,645.74
2018-04-10 16:00:00,644.338
2018-04-10 17:00:00,650.266
2018-04-10 18:00:00,640.03
2018-04-10 19:00:00,659.034
2018-04-10 20:00:00,660.74
2018-04-10 21:00:00,622.175
2018-04-10 22:00:00,576.66
2018-04-10 23:00:00,528.928
2018-04-11 00:00:00,503.101
2018-04-11 01:00:00,501.264
2018-04-11 02:00:00,509.935
2018-04-11 03:00:00,532.329
2018-04-11 04:00:00,577.076
2018-04-11 05:00:00,659.768
2018-04-11 06:00:00,729.652
2018-04-11 07:00:00,777.611
2018-04-11 08:00:00,800.328
2018-04-11 09:00:00,799.009
2018-04-11 10:00:00,791.893
2018-04-11 11:00:00,768.144
2018-04-11 12:00:00,727.4
2018-04-11 13:00:00,687.483
2018-04-11 14:00:00,651.693
2018-04-11 15:00:00,638.904
2018-04-11 16:00:00,641.8
2018-04-11 17:00:00,639.398
2018-04-11 18:00:00,631.038
2018-04-11 19:00:00,637.792
2018-04-11 20:00:00,635.748
2018-04-11 21:00:00,607.599
2018-04-11 22:00:00,550.779
2018-04-11 23:00:00,507.87
2018-04-12 00:00:00,495.609
2018-04-12 01:00:00,491.239
2018-04-12 02:00:00,497.228
2018-04-12 03:00:00,507.183
2018-04-12 04:00:00,550.839
2018-04-12 05:00:00,626.671
2018-04-12 06:00:00,698.214
2018-04-12 07:00:00,747.888
2018-04-12 08:00:00,755.91
2018-04-12 09:00:00,760.128
2018-04-12 10:00:00,758.16
2018-04-12 11:00:00,743.229
2018-04-12 12:00:00,727.549
2018-04-12 13:00:00,707.2
2018-04-12 14:00:00,715.828
2018-04-12 15:00:00,752.992
2018-04-12 16:00:00,765.67
2018-04-12 17:00:00,766.713
2018-04-12 18:00:00,738.417
2018-04-12 19:00:00,709.041
2018-04-12 20:00:00,688.936
2018-04-12 21:00:00,625.009
2018-04-12 22:00:00,550.575
2018-04-12 23:00:00,492.255
2018-04-13 00:00:00,454.128
2018-04-13 01:00:00,434.923
2018-04-13 02:00:00,426.181
2018-04-13 03:00:00,438.12
2018-04-13 04:00:00,472.567
2018-04-13 05:00:00,545.743
2018-04-13 06:00:00,628.769
2018-04-13 07:00:00,702.31
2018-04-13 08:00:00,755.985
2018-04-13 09:00:00,790.733
2018-04-13 10:00:00,815.025
2018-04-13 11:00:00,846.911
2018-04-13 12:00:00,891.307
2018-04-13 13:00:00,917.671
2018-04-13 14:00:00,938.06
2018-04-13 15:00:00,964.025
2018-04-13 16:00:00,977.916
2018-04-13 17:00:00,954.549
2018-04-13 18:00:00,896.784
2018-04-13 19:00:00,859.477
2018-04-13 20:00:00,796.099
2018-04-13 21:00:00,730.676
2018-04-13 22:00:00,653.309
2018-04-13 23:00:00,572.128
2018-04-14 00:00:00,505.252
2018-04-14 01:00:00,461.152
2018-04-14 02:00:00,457.358
2018-04-14 03:00:00,455.919
2018-04-14 04:00:00,451.207
2018-04-14 05:00:00,477.634
2018-04-14 06:00:00,532.387
2018-04-14 07:00:00,623.891
2018-04-14 08:00:00,710.196
2018-04-14 09:00:00,785.613
2018-04-14 10:00:00,843.137
2018-04-14 11:00:00,871.549
2018-04-14 12:00:00,922.114
2018-04-14 13:00:00,980.916
2018-04-14 14:00:00,1010.488
2018-04-14 15:00:00,1027.485
2018-04-14 16:00:00,1040.691
2018-04-14 17:00:00,1004.82
2018-04-14 18:00:00,936.758
2018-04-14 19:00:00,894.059
2018-04-14 20:00:00,837.013
2018-04-14 21:00:00,734.332
2018-04-14 22:00:00,623.518
2018-04-14 23:00:00,549.49
2018-04-15 00:00:00,486.572
2018-04-15 01:00:00,451.398
2018-04-15 02:00:00,428.529
2018-04-15 03:00:00,418.565
2018-04-15 04:00:00,423.017
2018-04-15 05:00:00,427.332
2018-04-15 06:00:00,438.477
2018-04-15 07:00:00,501.536
2018-04-15 08:00:00,555.562
2018-04-15 09:00:00,559.177
2018-04-15 10:00:00,561.084
2018-04-15 11:00:00,574.377
2018-04-15 12:00:00,576.257
2018-04-15 13:00:00,574.656
2018-04-15 14:00:00,575.843
2018-04-15 15:00:00,599.791
2018-04-15 16:00:00,601.909
2018-04-15 17:00:00,608.137
2018-04-15 18:00:00,627.63
2018-04-15 19:00:00,651.825
2018-04-15 20:00:00,665.256
2018-04-15 21:00:00,625.318
2018-04-15 22:00:00,569.168
2018-04-15 23:00:00,537.094
2018-04-16 00:00:00,509.726
2018-04-16 01:00:00,470.336
2018-04-16 02:00:00,467.61
2018-04-16 03:00:00,470.082
2018-04-16 04:00:00,504.028
2018-04-16 05:00:00,578.24
2018-04-16 06:00:00,662.407
2018-04-16 07:00:00,717.645
2018-04-16 08:00:00,767.482
2018-04-16 09:00:00,789.286
2018-04-16 10:00:00,786.273
2018-04-16 11:00:00,772.141
2018-04-16 12:00:00,746.148
2018-04-16 13:00:00,714.839
2018-04-16 14:00:00,678.511
2018-04-16 15:00:00,669.446
2018-04-16 16:00:00,671.271
2018-04-16 17:00:00,665.227
2018-04-16 18:00:00,650.855
2018-04-16 19:00:00,663.884
2018-04-16 20:00:00,668.415
2018-04-16 21:00:00,629.9
2018-04-16 22:00:00,592.739
2018-04-16 23:00:00,564.152
2018-04-17 00:00:00,558.905
2018-04-17 01:00:00,555.762
2018-04-17 02:00:00,563.811
2018-04-17 03:00:00,585.312
2018-04-17 04:00:00,620.033
2018-04-17 05:00:00,714.009
2018-04-17 06:00:00,795.155
2018-04-17 07:00:00,841.399
2018-04-17 08:00:00,879.195
2018-04-17 09:00:00,876.876
2018-04-17 10:00:00,853.886
2018-04-17 11:00:00,850.629
2018-04-17 12:00:00,821.518
2018-04-17 13:00:00,780.528
2018-04-17 14:00:00,759.382
2018-04-17 15:00:00,725.021
2018-04-17 16:00:00,705.571
2018-04-17 17:00:00,707.871
2018-04-17 18:00:00,712.093
2018-04-17 19:00:00,737.689
2018-04-17 20:00:00,722.987
2018-04-17 21:00:00,705.018
2018-04-17 22:00:00,669.408
2018-04-17 23:00:00,615.108
2018-04-18 00:00:00,599.497
2018-04-18 01:00:00,600.022
2018-04-18 02:00:00,598.934
2018-04-18 03:00:00,615.827
2018-04-18 04:00:00,667.041
2018-04-18 05:00:00,751.581
2018-04-18 06:00:00,792.375
2018-04-18 07:00:00,822.559
2018-04-18 08:00:00,829.94
2018-04-18 09:00:00,803.318
2018-04-18 10:00:00,776.203
2018-04-18 11:00:00,757.081
2018-04-18 12:00:00,712.908
2018-04-18 13:00:00,678.694
2018-04-18 14:00:00,656.24
2018-04-18 15:00:00,645.551
2018-04-18 16:00:00,640.782
2018-04-18 17:00:00,657.757
2018-04-18 18:00:00,648.187
2018-04-18 19:00:00,643.078
2018-04-18 20:00:00,628.28
2018-04-18 21:00:00,579.209
2018-04-18 22:00:00,519.277
2018-04-18 23:00:00,478.989
2018-04-19 00:00:00,458.014
2018-04-19 01:00:00,451.847
2018-04-19 02:00:00,455.671
2018-04-19 03:00:00,474.003
2018-04-19 04:00:00,515.49
2018-04-19 05:00:00,586.322
2018-04-19 06:00:00,667.443
2018-04-19 07:00:00,727.377
2018-04-19 08:00:00,753.643
2018-04-19 09:00:00,756.77
2018-04-19 10:00:00,759.731
2018-04-19 11:00:00,775.838
2018-04-19 12:00:00,749.561
2018-04-19 13:00:00,715.183
2018-04-19 14:00:00,685.371
2018-04-19 15:00:00,660.077
2018-04-19 16:00:00,658.646
2018-04-19 17:00:00,700.756
2018-04-19 18:00:00,730.873
2018-04-19 19:00:00,704.567
2018-04-19 20:00:00,688.728
2018-04-19 21:00:00,644.449
2018-04-19 22:00:00,581.962
2018-04-19 23:00:00,549.111
2018-04-20 00:00:00,534.666
2018-04-20 01:00:00,544.425
2018-04-20 02:00:00,563.777
2018-04-20 03:00:00,590.012
2018-04-20 04:00:00,632.585
2018-04-20 05:00:00,714.869
2018-04-20 06:00:00,767.112
2018-04-20 07:00:00,796.958
2018-04-20 08:00:00,815.615
2018-04-20 09:00:00,801.765
2018-04-20 10:00:00,796.893
2018-04-20 11:00:00,769.924
2018-04-20 12:00:00,732.087
2018-04-20 13:00:00,678.419
2018-04-20 14:00:00,650.296
2018-04-20 15:00:00,645.106
2018-04-20 16:00:00,647.122
2018-04-20 17:00:00,652.185
2018-04-20 18:00:00,640.364
2018-04-20 19:00:00,635.225
2018-04-20 20:00:00,619.485
2018-04-20 21:00:00,592.291
2018-04-20 22:00:00,531.691
2018-04-20 23:00:00,494.656
2018-04-21 00:00:00,478.434
2018-04-21 01:00:00,478.443
2018-04-21 02:00:00,485.614
2018-04-21 03:00:00,502.428
2018-04-21 04:00:00,521.963
2018-04-21 05:00:00,560.417
2018-04-21 06:00:00,583.669
2018-04-21 07:00:00,618.077
2018-04-21 08:00:00,649.425
2018-04-21 09:00:00,643.76
2018-04-21 10:00:00,625.52
2018-04-21 11:00:00,634.516
2018-04-21 12:00:00,644.404
2018-04-21 13:00:00,638.531
2018-04-21 14:00:00,638.984
2018-04-21 15:00:00,648.642
2018-04-21 16:00:00,656.725
2018-04-21 17:00:00,664.858
2018-04-21 18:00:00,634.209
2018-04-21 19:00:00,653.022
2018-04-21 20:00:00,635.108
2018-04-21 21:00:00,576.882
2018-04-21 22:00:00,504.188
2018-04-21 23:00:00,465.421
2018-04-22 00:00:00,430.008
2018-04-22 01:00:00,417.375
2018-04-22 02:00:00,416.025
2018-04-22 03:00:00,426.291
2018-04-22 04:00:00,441.981
2018-04-22 05:00:00,454.46
2018-04-22 06:00:00,470.564
2018-04-22 07:00:00,520.726
2018-04-22 08:00:00,551.687
2018-04-22 09:00:00,576.321
2018-04-22 10:00:00,569.851
2018-04-22 11:00:00,580.399
2018-04-22 12:00:00,592.361
2018-04-22 13:00:00,597.027
2018-04-22 14:00:00,604.381
2018-04-22 15:00:00,600.278
2018-04-22 16:00:00,607.188
2018-04-22 17:00:00,616.22
2018-04-22 18:00:00,597.676
2018-04-22 19:00:00,599.843
2018-04-22 20:00:00,590.791
2018-04-22 21:00:00,538.454
2018-04-22 22:00:00,480.366
2018-04-22 23:00:00,446.667
2018-04-23 00:00:00,440.157
2018-04-23 01:00:00,438.45
2018-04-23 02:00:00,435.921
2018-04-23 03:00:00,449.668
2018-04-23 04:00:00,490.3
2018-04-23 05:00:00,559.546
2018-04-23 06:00:00,649.013
2018-04-23 07:00:00,707.822
2018-04-23 08:00:00,743.337
2018-04-23 09:00:00,780.651
2018-04-23 10:00:00,796.622
2018-04-23 11:00:00,790.543
2018-04-23 12:00:00,767.938
2018-04-23 13:00:00,733.777
2018-04-23 14:00:00,721.908
2018-04-23 15:00:00,694.845
2018-04-23 16:00:00,687.205
2018-04-23 17:00:00,680.656
2018-04-23 18:00:00,655.696
2018-04-23 19:00:00,644.959
2018-04-23 20:00:00,634.863
2018-04-23 21:00:00,584.894
2018-04-23 22:00:00,524.995
2018-04-23 23:00:00,476.188
2018-04-24 00:00:00,451.553
2018-04-24 01:00:00,434.188
2018-04-24 02:00:00,431.451
2018-04-24 03:00:00,443.457
2018-04-24 04:00:00,486.49
2018-04-24 05:00:00,559.202
2018-04-24 06:00:00,647.66
2018-04-24 07:00:00,711.484
2018-04-24 08:00:00,744.519
2018-04-24 09:00:00,758.858
2018-04-24 10:00:00,771.491
2018-04-24 11:00:00,751.212
2018-04-24 12:00:00,720.703
2018-04-24 13:00:00,683.074
2018-04-24 14:00:00,647.554
2018-04-24 15:00:00,634.399
2018-04-24 16:00:00,643.179
2018-04-24 17:00:00,640.4
2018-04-24 18:00:00,636.307
2018-04-24 19:00:00,644.458
2018-04-24 20:00:00,644.794
2018-04-24 21:00:00,594.974
2018-04-24 22:00:00,532.84
2018-04-24 23:00:00,491.71
2018-04-25 00:00:00,465.288
2018-04-25 01:00:00,448.859
2018-04-25 02:00:00,445.744
2018-04-25 03:00:00,454.425
2018-04-25 04:00:00,496.537
2018-04-25 05:00:00,568.854
2018-04-25 06:00:00,655.649
2018-04-25 07:00:00,719.051
2018-04-25 08:00:00,760.803
2018-04-25 09:00:00,770.024
2018-04-25 10:00:00,765.931
2018-04-25 11:00:00,754.28
2018-04-25 12:00:00,721.488
2018-04-25 13:00:00,687.745
2018-04-25 14:00:00,669.969
2018-04-25 15:00:00,659.535
2018-04-25 16:00:00,660.702
2018-04-25 17:00:00,652.218
2018-04-25 18:00:00,643.801
2018-04-25 19:00:00,651.947
2018-04-25 20:00:00,638.059
2018-04-25 21:00:00,589.049
2018-04-25 22:00:00,522.519
2018-04-25 23:00:00,483.0
2018-04-26 00:00:00,448.981
2018-04-26 01:00:00,435.348
2018-04-26 02:00:00,437.265
2018-04-26 03:00:00,447.8
2018-04-26 04:00:00,490.118
2018-04-26 05:00:00,566.084
2018-04-26 06:00:00,647.797
2018-04-26 07:00:00,708.206
2018-04-26 08:00:00,744.33
2018-04-26 09:00:00,771.571
2018-04-26 10:00:00,777.873
2018-04-26 11:00:00,766.483
2018-04-26 12:00:00,764.512
2018-04-26 13:00:00,746.881
2018-04-26 14:00:00,744.858
2018-04-26 15:00:00,761.079
2018-04-26 16:00:00,777.249
2018-04-26 17:00:00,771.147
2018-04-26 18:00:00,738.973
2018-04-26 19:00:00,713.343
2018-04-26 20:00:00,682.558
2018-04-26 21:00:00,615.567
2018-04-26 22:00:00,542.697
2018-04-26 23:00:00,488.002
2018-04-27 00:00:00,447.623
2018-04-27 01:00:00,428.644
2018-04-27 02:00:00,425.567
2018-04-27 03:00:00,437.783
2018-04-27 04:00:00,481.287
2018-04-27 05:00:00,548.566
2018-04-27 06:00:00,639.035
2018-04-27 07:00:00,716.784
2018-04-27 08:00:00,745.811
2018-04-27 09:00:00,760.119
2018-04-27 10:00:00,747.278
2018-04-27 11:00:00,740.367
2018-04-27 12:00:00,720.892
2018-04-27 13:00:00,682.145
2018-04-27 14:00:00,660.334
2018-04-27 15:00:00,640.34
2018-04-27 16:00:00,647.507
2018-04-27 17:00:00,666.869
2018-04-27 18:00:00,662.099
2018-04-27 19:00:00,656.094
2018-04-27 20:00:00,645.955
2018-04-27 21:00:00,591.483
2018-04-27 22:00:00,526.346
2018-04-27 23:00:00,479.102
2018-04-28 00:00:00,441.776
2018-04-28 01:00:00,425.381
2018-04-28 02:00:00,430.122
2018-04-28 03:00:00,439.555
2018-04-28 04:00:00,449.195
2018-04-28 05:00:00,479.74
2018-04-28 06:00:00,522.024
2018-04-28 07:00:00,577.656
2018-04-28 08:00:00,626.47
2018-04-28 09:00:00,649.831
2018-04-28 10:00:00,664.864
2018-04-28 11:00:00,689.376
2018-04-28 12:00:00,731.149
2018-04-28 13:00:00,745.389
2018-04-28 14:00:00,768.834
2018-04-28 15:00:00,774.315
2018-04-28 16:00:00,762.108
2018-04-28 17:00:00,736.463
2018-04-28 18:00:00,693.059
2018-04-28 19:00:00,706.726
2018-04-28 20:00:00,669.876
2018-04-28 21:00:00,591.384
2018-04-28 22:00:00,511.173
2018-04-28 23:00:00,472.214
2018-04-29 00:00:00,441.366
2018-04-29 01:00:00,429.888
2018-04-29 02:00:00,426.254
2018-04-29 03:00:00,438.923
2018-04-29 04:00:00,460.669
2018-04-29 05:00:00,479.111
2018-04-29 06:00:00,499.134
2018-04-29 07:00:00,550.433
2018-04-29 08:00:00,600.654
2018-04-29 09:00:00,617.371
2018-04-29 10:00:00,601.821
2018-04-29 11:00:00,604.394
2018-04-29 12:00:00,584.897
2018-04-29 13:00:00,559.595
2018-04-29 14:00:00,557.799
2018-04-29 15:00:00,561.161
2018-04-29 16:00:00,562.553
2018-04-29 17:00:00,580.467
2018-04-29 18:00:00,576.689
2018-04-29 19:00:00,602.484
2018-04-29 20:00:00,607.026
2018-04-29 21:00:00,572.809
2018-04-29 22:00:00,521.92
2018-04-29 23:00:00,484.162
2018-04-30 00:00:00,480.961
2018-04-30 01:00:00,486.49
2018-04-30 02:00:00,491.202
2018-04-30 03:00:00,517.72
2018-04-30 04:00:00,567.57
2018-04-30 05:00:00,639.439
2018-04-30 06:00:00,698.675
2018-04-30 07:00:00,738.557
2018-04-30 08:00:00,760.551
2018-04-30 09:00:00,767.379
2018-04-30 10:00:00,767.609
2018-04-30 11:00:00,753.244
2018-04-30 12:00:00,728.041
2018-04-30 13:00:00,705.664
2018-04-30 14:00:00,712.346
2018-04-30 15:00:00,720.934
2018-04-30 16:00:00,744.119
2018-04-30 17:00:00,739.537
2018-04-30 18:00:00,704.98
2018-04-30 19:00:00,689.787
2018-04-30 20:00:00,656.58
2018-04-30 21:00:00,598.919
2018-04-30 22:00:00,523.048
2018-04-30 23:00:00,469.325
2018-05-01 00:00:00,434.668
2018-05-01 01:00:00,426.362
2018-05-01 02:00:00,427.87
2018-05-01 03:00:00,449.382
2018-05-01 04:00:00,497.48
2018-05-01 05:00:00,567.58
2018-05-01 06:00:00,645.328
2018-05-01 07:00:00,714.211
2018-05-01 08:00:00,763.577
2018-05-01 09:00:00,835.601
2018-05-01 10:00:00,855.157
2018-05-01 11:00:00,862.915
2018-05-01 12:00:00,862.707
2018-05-01 13:00:00,855.636
2018-05-01 14:00:00,871.9
2018-05-01 15:00:00,905.27
2018-05-01 16:00:00,928.422
2018-05-01 17:00:00,909.036
2018-05-01 18:00:00,839.731
2018-05-01 19:00:00,774.903
2018-05-01 20:00:00,715.388
2018-05-01 21:00:00,652.737
2018-05-01 22:00:00,565.361
2018-05-01 23:00:00,491.28
2018-05-02 00:00:00,455.748
2018-05-02 01:00:00,442.839
2018-05-02 02:00:00,436.253
2018-05-02 03:00:00,444.613
2018-05-02 04:00:00,483.636
2018-05-02 05:00:00,551.073
2018-05-02 06:00:00,655.427
2018-05-02 07:00:00,742.893
2018-05-02 08:00:00,804.256
2018-05-02 09:00:00,864.98
2018-05-02 10:00:00,912.219
2018-05-02 11:00:00,955.826
2018-05-02 12:00:00,1008.852
2018-05-02 13:00:00,1014.061
2018-05-02 14:00:00,1009.191
2018-05-02 15:00:00,1042.929
2018-05-02 16:00:00,1102.547
2018-05-02 17:00:00,1075.918
2018-05-02 18:00:00,947.456
2018-05-02 19:00:00,848.139
2018-05-02 20:00:00,799.751
2018-05-02 21:00:00,724.426
2018-05-02 22:00:00,633.038
2018-05-02 23:00:00,559.454
2018-05-03 00:00:00,510.84
2018-05-03 01:00:00,491.23
2018-05-03 02:00:00,480.6
2018-05-03 03:00:00,493.711
2018-05-03 04:00:00,532.444
2018-05-03 05:00:00,599.68
2018-05-03 06:00:00,716.197
2018-05-03 07:00:00,811.316
2018-05-03 08:00:00,871.0
2018-05-03 09:00:00,947.335
2018-05-03 10:00:00,999.734
2018-05-03 11:00:00,1038.851
2018-05-03 12:00:00,1094.151
2018-05-03 13:00:00,1097.112
2018-05-03 14:00:00,1110.261
2018-05-03 15:00:00,1158.783
2018-05-03 16:00:00,1180.542
2018-05-03 17:00:00,1139.585
2018-05-03 18:00:00,1045.823
2018-05-03 19:00:00,976.407
2018-05-03 20:00:00,907.166
2018-05-03 21:00:00,815.915
2018-05-03 22:00:00,728.391
2018-05-03 23:00:00,634.949
2018-05-04 00:00:00,570.756
2018-05-04 01:00:00,544.107
2018-05-04 02:00:00,528.29
2018-05-04 03:00:00,532.398
2018-05-04 04:00:00,578.805
2018-05-04 05:00:00,650.183
2018-05-04 06:00:00,755.854
2018-05-04 07:00:00,845.344
2018-05-04 08:00:00,886.821
2018-05-04 09:00:00,934.759
2018-05-04 10:00:00,983.951
2018-05-04 11:00:00,1022.925
2018-05-04 12:00:00,1085.52
2018-05-04 13:00:00,1118.024
2018-05-04 14:00:00,1145.441
2018-05-04 15:00:00,1214.571
2018-05-04 16:00:00,1200.31
2018-05-04 17:00:00,1176.595
2018-05-04 18:00:00,1084.768
2018-05-04 19:00:00,1015.157
2018-05-04 20:00:00,933.731
2018-05-04 21:00:00,815.223
2018-05-04 22:00:00,735.015
2018-05-04 23:00:00,662.609
2018-05-05 00:00:00,599.569
2018-05-05 01:00:00,559.319
2018-05-05 02:00:00,539.7
2018-05-05 03:00:00,523.506
2018-05-05 04:00:00,516.835
2018-05-05 05:00:00,550.893
2018-05-05 06:00:00,619.714
2018-05-05 07:00:00,688.215
2018-05-05 08:00:00,730.005
2018-05-05 09:00:00,744.77
2018-05-05 10:00:00,764.159
2018-05-05 11:00:00,786.188
2018-05-05 12:00:00,778.894
2018-05-05 13:00:00,766.674
2018-05-05 14:00:00,763.189
2018-05-05 15:00:00,762.597
2018-05-05 16:00:00,764.877
2018-05-05 17:00:00,738.276
2018-05-05 18:00:00,709.569
2018-05-05 19:00:00,725.198
2018-05-05 20:00:00,681.415
2018-05-05 21:00:00,597.498
2018-05-05 22:00:00,512.44
2018-05-05 23:00:00,464.492
2018-05-06 00:00:00,423.655
2018-05-06 01:00:00,403.101
2018-05-06 02:00:00,394.652
2018-05-06 03:00:00,391.764
2018-05-06 04:00:00,405.418
2018-05-06 05:00:00,422.023
2018-05-06 06:00:00,467.125
2018-05-06 07:00:00,515.524
2018-05-06 08:00:00,547.732
2018-05-06 09:00:00,556.343
2018-05-06 10:00:00,576.441
2018-05-06 11:00:00,601.891
2018-05-06 12:00:00,611.989
2018-05-06 13:00:00,618.221
2018-05-06 14:00:00,635.373
2018-05-06 15:00:00,661.085
2018-05-06 16:00:00,649.81
2018-05-06 17:00:00,616.823
2018-05-06 18:00:00,596.8
2018-05-06 19:00:00,622.939
2018-05-06 20:00:00,607.004
2018-05-06 21:00:00,553.88
2018-05-06 22:00:00,483.604
2018-05-06 23:00:00,439.631
2018-05-07 00:00:00,442.712
2018-05-07 01:00:00,434.237
2018-05-07 02:00:00,431.214
2018-05-07 03:00:00,450.452
2018-05-07 04:00:00,494.844
2018-05-07 05:00:00,564.867
2018-05-07 06:00:00,665.083
2018-05-07 07:00:00,735.666
2018-05-07 08:00:00,787.922
2018-05-07 09:00:00,834.265
2018-05-07 10:00:00,870.615
2018-05-07 11:00:00,869.033
2018-05-07 12:00:00,873.545
2018-05-07 13:00:00,861.66
2018-05-07 14:00:00,873.093
2018-05-07 15:00:00,881.004
2018-05-07 16:00:00,888.505
2018-05-07 17:00:00,859.051
2018-05-07 18:00:00,812.269
2018-05-07 19:00:00,765.87
2018-05-07 20:00:00,724.703
2018-05-07 21:00:00,657.52
2018-05-07 22:00:00,585.199
2018-05-07 23:00:00,517.205
2018-05-08 00:00:00,473.722
2018-05-08 01:00:00,451.253
2018-05-08 02:00:00,445.928
2018-05-08 03:00:00,455.042
2018-05-08 04:00:00,494.553
2018-05-08 05:00:00,569.746
2018-05-08 06:00:00,659.712
2018-05-08 07:00:00,747.721
2018-05-08 08:00:00,820.877
2018-05-08 09:00:00,881.575
2018-05-08 10:00:00,906.646
2018-05-08 11:00:00,916.558
2018-05-08 12:00:00,917.589
2018-05-08 13:00:00,905.954
2018-05-08 14:00:00,896.826
2018-05-08 15:00:00,903.472
2018-05-08 16:00:00,911.251
2018-05-08 17:00:00,891.814
2018-05-08 18:00:00,849.998
2018-05-08 19:00:00,798.11
2018-05-08 20:00:00,753.84
2018-05-08 21:00:00,666.419
2018-05-08 22:00:00,577.134
2018-05-08 23:00:00,509.908
2018-05-09 00:00:00,472.508
2018-05-09 01:00:00,450.195
2018-05-09 02:00:00,445.995
2018-05-09 03:00:00,455.128
2018-05-09 04:00:00,492.194
2018-05-09 05:00:00,566.478
2018-05-09 06:00:00,676.459
2018-05-09 07:00:00,756.017
2018-05-09 08:00:00,813.34
2018-05-09 09:00:00,875.18
2018-05-09 10:00:00,899.653
2018-05-09 11:00:00,920.274
2018-05-09 12:00:00,924.292
2018-05-09 13:00:00,896.434
2018-05-09 14:00:00,915.56
2018-05-09 15:00:00,943.292
2018-05-09 16:00:00,944.243
2018-05-09 17:00:00,916.737
2018-05-09 18:00:00,847.001
2018-05-09 19:00:00,802.474
2018-05-09 20:00:00,755.024
2018-05-09 21:00:00,684.115
2018-05-09 22:00:00,593.759
2018-05-09 23:00:00,530.601
2018-05-10 00:00:00,489.062
2018-05-10 01:00:00,466.401
2018-05-10 02:00:00,452.372
2018-05-10 03:00:00,462.133
2018-05-10 04:00:00,505.805
2018-05-10 05:00:00,575.543
2018-05-10 06:00:00,691.918
2018-05-10 07:00:00,771.283
2018-05-10 08:00:00,810.544
2018-05-10 09:00:00,849.545
2018-05-10 10:00:00,877.942
2018-05-10 11:00:00,891.795
2018-05-10 12:00:00,927.45
2018-05-10 13:00:00,948.154
2018-05-10 14:00:00,963.217
2018-05-10 15:00:00,949.131
2018-05-10 16:00:00,919.303
2018-05-10 17:00:00,887.668
2018-05-10 18:00:00,841.021
2018-05-10 19:00:00,817.018
2018-05-10 20:00:00,775.723
2018-05-10 21:00:00,700.208
2018-05-10 22:00:00,605.047
2018-05-10 23:00:00,524.301
2018-05-11 00:00:00,490.43
2018-05-11 01:00:00,468.487
2018-05-11 02:00:00,465.225
2018-05-11 03:00:00,477.078
2018-05-11 04:00:00,516.49
2018-05-11 05:00:00,593.016
2018-05-11 06:00:00,714.777
2018-05-11 07:00:00,819.759
2018-05-11 08:00:00,909.249
2018-05-11 09:00:00,1006.779
2018-05-11 10:00:00,1018.988
2018-05-11 11:00:00,1027.815
2018-05-11 12:00:00,1035.95
2018-05-11 13:00:00,1039.468
2018-05-11 14:00:00,1050.837
2018-05-11 15:00:00,1063.048
2018-05-11 16:00:00,1058.653
2018-05-11 17:00:00,1032.702
2018-05-11 18:00:00,967.683
2018-05-11 19:00:00,892.877
2018-05-11 20:00:00,838.234
2018-05-11 21:00:00,751.161
2018-05-11 22:00:00,668.315
2018-05-11 23:00:00,605.46
2018-05-12 00:00:00,545.311
2018-05-12 01:00:00,511.679
2018-05-12 02:00:00,507.345
2018-05-12 03:00:00,505.044
2018-05-12 04:00:00,507.05
2018-05-12 05:00:00,533.759
2018-05-12 06:00:00,615.503
2018-05-12 07:00:00,692.979
2018-05-12 08:00:00,760.073
2018-05-12 09:00:00,824.864
2018-05-12 10:00:00,863.091
2018-05-12 11:00:00,900.803
2018-05-12 12:00:00,961.646
2018-05-12 13:00:00,1032.258
2018-05-12 14:00:00,1114.357
2018-05-12 15:00:00,1186.438
2018-05-12 16:00:00,1199.561
2018-05-12 17:00:00,1164.502
2018-05-12 18:00:00,1130.421
2018-05-12 19:00:00,1037.917
2018-05-12 20:00:00,920.908
2018-05-12 21:00:00,781.337
2018-05-12 22:00:00,670.501
2018-05-12 23:00:00,596.468
2018-05-13 00:00:00,529.035
2018-05-13 01:00:00,488.702
2018-05-13 02:00:00,468.056
2018-05-13 03:00:00,451.773
2018-05-13 04:00:00,452.819
2018-05-13 05:00:00,463.968
2018-05-13 06:00:00,504.691
2018-05-13 07:00:00,565.656
2018-05-13 08:00:00,611.129
2018-05-13 09:00:00,617.621
2018-05-13 10:00:00,639.317
2018-05-13 11:00:00,657.386
2018-05-13 12:00:00,650.367
2018-05-13 13:00:00,616.292
2018-05-13 14:00:00,602.068
2018-05-13 15:00:00,588.732
2018-05-13 16:00:00,593.812
2018-05-13 17:00:00,594.347
2018-05-13 18:00:00,589.126
2018-05-13 19:00:00,601.679
2018-05-13 20:00:00,616.166
2018-05-13 21:00:00,566.3
2018-05-13 22:00:00,494.082
2018-05-13 23:00:00,456.404
2018-05-14 00:00:00,451.658
2018-05-14 01:00:00,447.387
2018-05-14 02:00:00,444.09
2018-05-14 03:00:00,461.12
2018-05-14 04:00:00,504.181
2018-05-14 05:00:00,580.498
2018-05-14 06:00:00,678.613
2018-05-14 07:00:00,739.233
2018-05-14 08:00:00,767.691
2018-05-14 09:00:00,796.414
2018-05-14 10:00:00,807.21
2018-05-14 11:00:00,838.376
2018-05-14 12:00:00,854.07
2018-05-14 13:00:00,860.688
2018-05-14 14:00:00,900.473
2018-05-14 15:00:00,956.55
2018-05-14 16:00:00,974.214
2018-05-14 17:00:00,938.83
2018-05-14 18:00:00,843.072
2018-05-14 19:00:00,759.032
2018-05-14 20:00:00,730.332
2018-05-14 21:00:00,668.888
2018-05-14 22:00:00,603.537
2018-05-14 23:00:00,543.01
2018-05-15 00:00:00,503.298
2018-05-15 01:00:00,482.743
2018-05-15 02:00:00,482.485
2018-05-15 03:00:00,500.485
2018-05-15 04:00:00,557.752
2018-05-15 05:00:00,636.82
2018-05-15 06:00:00,748.221
2018-05-15 07:00:00,821.271
2018-05-15 08:00:00,906.597
2018-05-15 09:00:00,990.442
2018-05-15 10:00:00,1020.548
2018-05-15 11:00:00,1058.461
2018-05-15 12:00:00,1109.747
2018-05-15 13:00:00,1131.921
2018-05-15 14:00:00,1190.461
2018-05-15 15:00:00,1290.594
2018-05-15 16:00:00,1289.959
2018-05-15 17:00:00,1231.137
2018-05-15 18:00:00,1136.836
2018-05-15 19:00:00,1075.756
2018-05-15 20:00:00,951.676
2018-05-15 21:00:00,773.757
2018-05-15 22:00:00,686.055
2018-05-15 23:00:00,611.662
2018-05-16 00:00:00,568.726
2018-05-16 01:00:00,539.459
2018-05-16 02:00:00,527.796
2018-05-16 03:00:00,536.929
2018-05-16 04:00:00,579.954
2018-05-16 05:00:00,659.764
2018-05-16 06:00:00,761.529
2018-05-16 07:00:00,824.243
2018-05-16 08:00:00,876.283
2018-05-16 09:00:00,912.705
2018-05-16 10:00:00,922.001
2018-05-16 11:00:00,924.816
2018-05-16 12:00:00,909.082
2018-05-16 13:00:00,876.03
2018-05-16 14:00:00,858.161
2018-05-16 15:00:00,822.736
2018-05-16 16:00:00,811.803
2018-05-16 17:00:00,796.107
2018-05-16 18:00:00,756.337
2018-05-16 19:00:00,730.383
2018-05-16 20:00:00,706.143
2018-05-16 21:00:00,651.991
2018-05-16 22:00:00,578.575
2018-05-16 23:00:00,515.465
2018-05-17 00:00:00,488.944
2018-05-17 01:00:00,471.498
2018-05-17 02:00:00,466.927
2018-05-17 03:00:00,486.005
2018-05-17 04:00:00,529.969
2018-05-17 05:00:00,599.648
2018-05-17 06:00:00,704.044
2018-05-17 07:00:00,767.687
2018-05-17 08:00:00,800.311
2018-05-17 09:00:00,822.642
2018-05-17 10:00:00,820.717
2018-05-17 11:00:00,818.494
2018-05-17 12:00:00,786.75
2018-05-17 13:00:00,750.316
2018-05-17 14:00:00,721.752
2018-05-17 15:00:00,709.129
2018-05-17 16:00:00,719.526
2018-05-17 17:00:00,712.793
2018-05-17 18:00:00,686.09
2018-05-17 19:00:00,682.118
2018-05-17 20:00:00,685.522
2018-05-17 21:00:00,630.365
2018-05-17 22:00:00,549.601
2018-05-17 23:00:00,495.777
2018-05-18 00:00:00,466.714
2018-05-18 01:00:00,454.41
2018-05-18 02:00:00,454.605
2018-05-18 03:00:00,475.882
2018-05-18 04:00:00,517.232
2018-05-18 05:00:00,583.523
2018-05-18 06:00:00,687.678
2018-05-18 07:00:00,747.386
2018-05-18 08:00:00,793.596
2018-05-18 09:00:00,817.34
2018-05-18 10:00:00,809.738
2018-05-18 11:00:00,801.164
2018-05-18 12:00:00,781.233
2018-05-18 13:00:00,729.738
2018-05-18 14:00:00,691.174
2018-05-18 15:00:00,657.137
2018-05-18 16:00:00,654.707
2018-05-18 17:00:00,653.643
2018-05-18 18:00:00,619.79
2018-05-18 19:00:00,624.071
2018-05-18 20:00:00,622.084
2018-05-18 21:00:00,569.003
2018-05-18 22:00:00,513.723
2018-05-18 23:00:00,464.816
2018-05-19 00:00:00,432.536
2018-05-19 01:00:00,423.792
2018-05-19 02:00:00,426.585
2018-05-19 03:00:00,435.082
2018-05-19 04:00:00,444.947
2018-05-19 05:00:00,470.765
2018-05-19 06:00:00,528.261
2018-05-19 07:00:00,590.02
2018-05-19 08:00:00,611.822
2018-05-19 09:00:00,626.471
2018-05-19 10:00:00,635.586
2018-05-19 11:00:00,632.942
2018-05-19 12:00:00,644.728
2018-05-19 13:00:00,643.187
2018-05-19 14:00:00,648.637
2018-05-19 15:00:00,670.343
2018-05-19 16:00:00,681.63
2018-05-19 17:00:00,681.578
2018-05-19 18:00:00,692.752
2018-05-19 19:00:00,694.849
2018-05-19 20:00:00,684.652
2018-05-19 21:00:00,624.255
2018-05-19 22:00:00,542.806
2018-05-19 23:00:00,486.933
2018-05-20 00:00:00,452.863
2018-05-20 01:00:00,441.201
2018-05-20 02:00:00,430.314
2018-05-20 03:00:00,425.254
2018-05-20 04:00:00,436.643
2018-05-20 05:00:00,451.443
2018-05-20 06:00:00,518.201
2018-05-20 07:00:00,596.525
2018-05-20 08:00:00,658.977
2018-05-20 09:00:00,720.859
2018-05-20 10:00:00,771.569
2018-05-20 11:00:00,840.582
2018-05-20 12:00:00,935.133
2018-05-20 13:00:00,956.75
2018-05-20 14:00:00,989.928
2018-05-20 15:00:00,1035.927
2018-05-20 16:00:00,1073.335
2018-05-20 17:00:00,1039.381
2018-05-20 18:00:00,982.692
2018-05-20 19:00:00,948.943
2018-05-20 20:00:00,863.488
2018-05-20 21:00:00,738.649
2018-05-20 22:00:00,657.038
2018-05-20 23:00:00,598.435
2018-05-21 00:00:00,590.094
2018-05-21 01:00:00,563.202
2018-05-21 02:00:00,545.945
2018-05-21 03:00:00,541.298
2018-05-21 04:00:00,575.36
2018-05-21 05:00:00,647.987
2018-05-21 06:00:00,774.393
2018-05-21 07:00:00,841.358
2018-05-21 08:00:00,905.828
2018-05-21 09:00:00,982.193
2018-05-21 10:00:00,1014.921
2018-05-21 11:00:00,1023.478
2018-05-21 12:00:00,1043.607
2018-05-21 13:00:00,1024.531
2018-05-21 14:00:00,1039.839
2018-05-21 15:00:00,1049.588
2018-05-21 16:00:00,1043.191
2018-05-21 17:00:00,1000.601
2018-05-21 18:00:00,931.419
2018-05-21 19:00:00,883.481
2018-05-21 20:00:00,819.656
2018-05-21 21:00:00,737.305
2018-05-21 22:00:00,646.639
2018-05-21 23:00:00,578.02
2018-05-22 00:00:00,529.848
2018-05-22 01:00:00,506.002
2018-05-22 02:00:00,493.769
2018-05-22 03:00:00,502.888
2018-05-22 04:00:00,540.335
2018-05-22 05:00:00,622.242
2018-05-22 06:00:00,723.377
2018-05-22 07:00:00,782.854
2018-05-22 08:00:00,811.89
2018-05-22 09:00:00,845.803
2018-05-22 10:00:00,857.956
2018-05-22 11:00:00,869.524
2018-05-22 12:00:00,876.618
2018-05-22 13:00:00,874.825
2018-05-22 14:00:00,898.015
2018-05-22 15:00:00,908.605
2018-05-22 16:00:00,851.826
2018-05-22 17:00:00,795.882
2018-05-22 18:00:00,774.841
2018-05-22 19:00:00,750.344
2018-05-22 20:00:00,735.024
2018-05-22 21:00:00,661.633
2018-05-22 22:00:00,592.139
2018-05-22 23:00:00,538.303
2018-05-23 00:00:00,499.646
2018-05-23 01:00:00,486.751
2018-05-23 02:00:00,486.203
2018-05-23 03:00:00,501.429
2018-05-23 04:00:00,543.013
2018-05-23 05:00:00,619.016
2018-05-23 06:00:00,755.468
2018-05-23 07:00:00,854.942
2018-05-23 08:00:00,973.193
2018-05-23 09:00:00,1061.949
2018-05-23 10:00:00,1071.197
2018-05-23 11:00:00,1093.853
2018-05-23 12:00:00,1101.221
2018-05-23 13:00:00,1069.468
2018-05-23 14:00:00,1055.487
2018-05-23 15:00:00,1063.864
2018-05-23 16:00:00,1052.711
2018-05-23 17:00:00,1017.467
2018-05-23 18:00:00,944.195
2018-05-23 19:00:00,883.719
2018-05-23 20:00:00,820.651
2018-05-23 21:00:00,728.342
2018-05-23 22:00:00,642.095
2018-05-23 23:00:00,570.604
2018-05-24 00:00:00,526.315
2018-05-24 01:00:00,498.622
2018-05-24 02:00:00,485.061
2018-05-24 03:00:00,493.449
2018-05-24 04:00:00,529.427
2018-05-24 05:00:00,595.146
2018-05-24 06:00:00,733.351
2018-05-24 07:00:00,844.563
2018-05-24 08:00:00,922.398
2018-05-24 09:00:00,996.997
2018-05-24 10:00:00,1018.875
2018-05-24 11:00:00,1028.828
2018-05-24 12:00:00,1040.381
2018-05-24 13:00:00,1036.727
2018-05-24 14:00:00,1057.453
2018-05-24 15:00:00,1088.31
2018-05-24 16:00:00,1077.362
2018-05-24 17:00:00,1051.017
2018-05-24 18:00:00,986.267
2018-05-24 19:00:00,910.421
2018-05-24 20:00:00,843.223
2018-05-24 21:00:00,750.645
2018-05-24 22:00:00,659.615
2018-05-24 23:00:00,591.337
2018-05-25 00:00:00,541.451
2018-05-25 01:00:00,516.245
2018-05-25 02:00:00,501.27
2018-05-25 03:00:00,511.859
2018-05-25 04:00:00,542.02
2018-05-25 05:00:00,614.739
2018-05-25 06:00:00,759.689
2018-05-25 07:00:00,849.056
2018-05-25 08:00:00,921.527
2018-05-25 09:00:00,1010.99
2018-05-25 10:00:00,1067.817
2018-05-25 11:00:00,1083.288
2018-05-25 12:00:00,1110.259
2018-05-25 13:00:00,1111.704
2018-05-25 14:00:00,1119.104
2018-05-25 15:00:00,1142.265
2018-05-25 16:00:00,1167.359
2018-05-25 17:00:00,1141.262
2018-05-25 18:00:00,1077.955
2018-05-25 19:00:00,1000.444
2018-05-25 20:00:00,910.958
2018-05-25 21:00:00,806.576
2018-05-25 22:00:00,714.968
2018-05-25 23:00:00,647.488
2018-05-26 00:00:00,600.86
2018-05-26 01:00:00,572.249
2018-05-26 02:00:00,563.574
2018-05-26 03:00:00,556.565
2018-05-26 04:00:00,568.027
2018-05-26 05:00:00,603.946
2018-05-26 06:00:00,705.735
2018-05-26 07:00:00,806.675
2018-05-26 08:00:00,904.694
2018-05-26 09:00:00,1003.951
2018-05-26 10:00:00,1049.769
2018-05-26 11:00:00,1102.81
2018-05-26 12:00:00,1147.349
2018-05-26 13:00:00,1152.757
2018-05-26 14:00:00,1123.924
2018-05-26 15:00:00,1082.206
2018-05-26 16:00:00,1053.075
2018-05-26 17:00:00,1020.517
2018-05-26 18:00:00,998.632
2018-05-26 19:00:00,947.761
2018-05-26 20:00:00,893.572
2018-05-26 21:00:00,804.883
2018-05-26 22:00:00,688.624
2018-05-26 23:00:00,618.523
2018-05-27 00:00:00,562.815
2018-05-27 01:00:00,535.442
2018-05-27 02:00:00,516.574
2018-05-27 03:00:00,514.019
2018-05-27 04:00:00,523.904
2018-05-27 05:00:00,532.282
2018-05-27 06:00:00,608.239
2018-05-27 07:00:00,705.015
2018-05-27 08:00:00,761.709
2018-05-27 09:00:00,825.654
2018-05-27 10:00:00,883.96
2018-05-27 11:00:00,938.01
2018-05-27 12:00:00,987.32
2018-05-27 13:00:00,980.442
2018-05-27 14:00:00,943.501
2018-05-27 15:00:00,931.322
2018-05-27 16:00:00,907.811
2018-05-27 17:00:00,872.236
2018-05-27 18:00:00,815.59
2018-05-27 19:00:00,787.724
2018-05-27 20:00:00,773.817
2018-05-27 21:00:00,721.823
2018-05-27 22:00:00,634.039
2018-05-27 23:00:00,551.504
2018-05-28 00:00:00,521.383
2018-05-28 01:00:00,506.749
2018-05-28 02:00:00,491.912
2018-05-28 03:00:00,498.751
2018-05-28 04:00:00,538.214
2018-05-28 05:00:00,608.585
2018-05-28 06:00:00,716.208
2018-05-28 07:00:00,772.908
2018-05-28 08:00:00,829.044
2018-05-28 09:00:00,849.137
2018-05-28 10:00:00,837.042
2018-05-28 11:00:00,838.658
2018-05-28 12:00:00,819.047
2018-05-28 13:00:00,784.99
2018-05-28 14:00:00,775.967
2018-05-28 15:00:00,793.519
2018-05-28 16:00:00,800.386
2018-05-28 17:00:00,785.432
2018-05-28 18:00:00,750.981
2018-05-28 19:00:00,732.097
2018-05-28 20:00:00,722.01
2018-05-28 21:00:00,667.478
2018-05-28 22:00:00,586.656
2018-05-28 23:00:00,528.811
2018-05-29 00:00:00,502.917
2018-05-29 01:00:00,493.206
2018-05-29 02:00:00,490.723
2018-05-29 03:00:00,504.903
2018-05-29 04:00:00,548.339
2018-05-29 05:00:00,623.448
2018-05-29 06:00:00,744.069
2018-05-29 07:00:00,811.917
2018-05-29 08:00:00,872.6
2018-05-29 09:00:00,932.561
2018-05-29 10:00:00,967.016
2018-05-29 11:00:00,996.427
2018-05-29 12:00:00,1022.288
2018-05-29 13:00:00,1006.08
2018-05-29 14:00:00,1020.819
2018-05-29 15:00:00,1038.664
2018-05-29 16:00:00,1027.786
2018-05-29 17:00:00,1012.539
2018-05-29 18:00:00,975.506
2018-05-29 19:00:00,937.953
2018-05-29 20:00:00,869.315
2018-05-29 21:00:00,780.434
2018-05-29 22:00:00,694.814
2018-05-29 23:00:00,621.349
2018-05-30 00:00:00,578.47
2018-05-30 01:00:00,561.567
2018-05-30 02:00:00,546.629
2018-05-30 03:00:00,558.097
2018-05-30 04:00:00,599.498
2018-05-30 05:00:00,673.128
2018-05-30 06:00:00,792.703
2018-05-30 07:00:00,860.528
2018-05-30 08:00:00,916.488
2018-05-30 09:00:00,972.516
2018-05-30 10:00:00,989.441
2018-05-30 11:00:00,983.225
2018-05-30 12:00:00,963.898
2018-05-30 13:00:00,950.609
2018-05-30 14:00:00,968.687
2018-05-30 15:00:00,977.425
2018-05-30 16:00:00,951.698
2018-05-30 17:00:00,906.345
2018-05-30 18:00:00,861.468
2018-05-30 19:00:00,841.296
2018-05-30 20:00:00,811.846
2018-05-30 21:00:00,748.976
2018-05-30 22:00:00,653.447
2018-05-30 23:00:00,586.174
2018-05-31 00:00:00,537.941
2018-05-31 01:00:00,518.312
2018-05-31 02:00:00,510.178
2018-05-31 03:00:00,525.747
2018-05-31 04:00:00,572.606
2018-05-31 05:00:00,646.243
2018-05-31 06:00:00,759.069
2018-05-31 07:00:00,832.87
2018-05-31 08:00:00,882.18
2018-05-31 09:00:00,935.576
2018-05-31 10:00:00,969.333
2018-05-31 11:00:00,1005.402
2018-05-31 12:00:00,1035.604
2018-05-31 13:00:00,1068.481
2018-05-31 14:00:00,1110.523
2018-05-31 15:00:00,1123.734
2018-05-31 16:00:00,1126.054
2018-05-31 17:00:00,1078.617
2018-05-31 18:00:00,959.283
2018-05-31 19:00:00,866.417
2018-05-31 20:00:00,831.95
2018-05-31 21:00:00,766.05
2018-05-31 22:00:00,676.984
2018-05-31 23:00:00,619.206
2018-06-01 00:00:00,578.475
2018-06-01 01:00:00,553.851
2018-06-01 02:00:00,543.299
2018-06-01 03:00:00,556.639
2018-06-01 04:00:00,588.059
2018-06-01 05:00:00,665.032
2018-06-01 06:00:00,815.632
2018-06-01 07:00:00,926.299
2018-06-01 08:00:00,993.995
2018-06-01 09:00:00,1083.442
2018-06-01 10:00:00,1172.246
2018-06-01 11:00:00,1187.871
2018-06-01 12:00:00,1211.685
2018-06-01 13:00:00,1211.605
2018-06-01 14:00:00,1212.346
2018-06-01 15:00:00,1217.847
2018-06-01 16:00:00,1200.873
2018-06-01 17:00:00,1188.02
2018-06-01 18:00:00,1122.441
2018-06-01 19:00:00,1048.01
2018-06-01 20:00:00,996.667
2018-06-01 21:00:00,921.136
2018-06-01 22:00:00,841.148
2018-06-01 23:00:00,742.86
2018-06-02 00:00:00,655.077
2018-06-02 01:00:00,610.137
2018-06-02 02:00:00,593.041
2018-06-02 03:00:00,589.563
2018-06-02 04:00:00,587.304
2018-06-02 05:00:00,613.655
2018-06-02 06:00:00,698.891
2018-06-02 07:00:00,771.144
2018-06-02 08:00:00,866.572
2018-06-02 09:00:00,928.193
2018-06-02 10:00:00,974.992
2018-06-02 11:00:00,1002.382
2018-06-02 12:00:00,1048.546
2018-06-02 13:00:00,1076.53
2018-06-02 14:00:00,1003.305
2018-06-02 15:00:00,916.39
2018-06-02 16:00:00,899.101
2018-06-02 17:00:00,903.413
2018-06-02 18:00:00,891.876
2018-06-02 19:00:00,858.767
2018-06-02 20:00:00,833.72
2018-06-02 21:00:00,767.197
2018-06-02 22:00:00,689.173
2018-06-02 23:00:00,626.42
2018-06-03 00:00:00,567.259
2018-06-03 01:00:00,537.384
2018-06-03 02:00:00,519.633
2018-06-03 03:00:00,514.897
2018-06-03 04:00:00,514.556
2018-06-03 05:00:00,507.505
2018-06-03 06:00:00,540.402
2018-06-03 07:00:00,596.333
2018-06-03 08:00:00,616.473
2018-06-03 09:00:00,601.945
2018-06-03 10:00:00,573.02
2018-06-03 11:00:00,566.059
2018-06-03 12:00:00,563.326
2018-06-03 13:00:00,561.711
2018-06-03 14:00:00,545.841
2018-06-03 15:00:00,529.85
2018-06-03 16:00:00,530.542
2018-06-03 17:00:00,545.372
2018-06-03 18:00:00,549.412
2018-06-03 19:00:00,557.954
2018-06-03 20:00:00,581.027
2018-06-03 21:00:00,554.346
2018-06-03 22:00:00,486.366
2018-06-03 23:00:00,446.133
2018-06-04 00:00:00,447.074
2018-06-04 01:00:00,442.192
2018-06-04 02:00:00,435.581
2018-06-04 03:00:00,444.469
2018-06-04 04:00:00,483.293
2018-06-04 05:00:00,541.457
2018-06-04 06:00:00,645.116
2018-06-04 07:00:00,701.34
2018-06-04 08:00:00,729.42
2018-06-04 09:00:00,762.108
2018-06-04 10:00:00,778.435
2018-06-04 11:00:00,789.436
2018-06-04 12:00:00,812.715
2018-06-04 13:00:00,808.481
2018-06-04 14:00:00,813.606
2018-06-04 15:00:00,845.988
2018-06-04 16:00:00,864.357
2018-06-04 17:00:00,880.286
2018-06-04 18:00:00,855.191
2018-06-04 19:00:00,791.108
2018-06-04 20:00:00,745.337
2018-06-04 21:00:00,680.07
2018-06-04 22:00:00,600.678
2018-06-04 23:00:00,541.528
2018-06-05 00:00:00,497.124
2018-06-05 01:00:00,474.063
2018-06-05 02:00:00,461.853
2018-06-05 03:00:00,463.063
2018-06-05 04:00:00,492.094
2018-06-05 05:00:00,560.74
2018-06-05 06:00:00,687.581
2018-06-05 07:00:00,787.486
2018-06-05 08:00:00,866.479
2018-06-05 09:00:00,942.035
2018-06-05 10:00:00,966.306
2018-06-05 11:00:00,989.215
2018-06-05 12:00:00,1001.418
2018-06-05 13:00:00,971.798
2018-06-05 14:00:00,971.741
2018-06-05 15:00:00,968.52
2018-06-05 16:00:00,932.299
2018-06-05 17:00:00,901.467
2018-06-05 18:00:00,848.734
2018-06-05 19:00:00,819.473
2018-06-05 20:00:00,776.155
2018-06-05 21:00:00,685.938
2018-06-05 22:00:00,610.557
2018-06-05 23:00:00,540.832
2018-06-06 00:00:00,502.553
2018-06-06 01:00:00,480.602
2018-06-06 02:00:00,470.754
2018-06-06 03:00:00,472.018
2018-06-06 04:00:00,503.316
2018-06-06 05:00:00,558.558
2018-06-06 06:00:00,675.984
2018-06-06 07:00:00,760.319
2018-06-06 08:00:00,824.854
2018-06-06 09:00:00,872.822
2018-06-06 10:00:00,891.257
2018-06-06 11:00:00,898.9
2018-06-06 12:00:00,911.823
2018-06-06 13:00:00,901.554
2018-06-06 14:00:00,894.781
2018-06-06 15:00:00,884.01
2018-06-06 16:00:00,839.969
2018-06-06 17:00:00,830.178
2018-06-06 18:00:00,779.648
2018-06-06 19:00:00,745.431
2018-06-06 20:00:00,714.225
2018-06-06 21:00:00,635.135
2018-06-06 22:00:00,569.326
2018-06-06 23:00:00,525.043
2018-06-07 00:00:00,487.79
2018-06-07 01:00:00,465.354
2018-06-07 02:00:00,455.768
2018-06-07 03:00:00,462.221
2018-06-07 04:00:00,496.201
2018-06-07 05:00:00,559.744
2018-06-07 06:00:00,674.701
2018-06-07 07:00:00,759.69
2018-06-07 08:00:00,813.761
2018-06-07 09:00:00,874.017
2018-06-07 10:00:00,909.637
2018-06-07 11:00:00,930.926
2018-06-07 12:00:00,939.383
2018-06-07 13:00:00,915.076
2018-06-07 14:00:00,911.06
2018-06-07 15:00:00,922.821
2018-06-07 16:00:00,923.824
2018-06-07 17:00:00,908.038
2018-06-07 18:00:00,871.186
2018-06-07 19:00:00,818.268
2018-06-07 20:00:00,767.443
2018-06-07 21:00:00,715.939
2018-06-07 22:00:00,642.719
2018-06-07 23:00:00,561.239
2018-06-08 00:00:00,517.155
2018-06-08 01:00:00,494.352
2018-06-08 02:00:00,484.939
2018-06-08 03:00:00,489.04
2018-06-08 04:00:00,523.34
2018-06-08 05:00:00,588.268
2018-06-08 06:00:00,725.008
2018-06-08 07:00:00,818.79
2018-06-08 08:00:00,897.352
2018-06-08 09:00:00,970.791
2018-06-08 10:00:00,1008.002
2018-06-08 11:00:00,1039.373
2018-06-08 12:00:00,1066.886
2018-06-08 13:00:00,1064.299
2018-06-08 14:00:00,1058.538
2018-06-08 15:00:00,1056.656
2018-06-08 16:00:00,1044.009
2018-06-08 17:00:00,1020.781
2018-06-08 18:00:00,956.514
2018-06-08 19:00:00,906.708
2018-06-08 20:00:00,866.919
2018-06-08 21:00:00,794.775
2018-06-08 22:00:00,702.234
2018-06-08 23:00:00,626.535
2018-06-09 00:00:00,587.341
2018-06-09 01:00:00,549.304
2018-06-09 02:00:00,537.42
2018-06-09 03:00:00,534.117
2018-06-09 04:00:00,532.313
2018-06-09 05:00:00,558.558
2018-06-09 06:00:00,637.423
2018-06-09 07:00:00,722.314
2018-06-09 08:00:00,839.063
2018-06-09 09:00:00,941.183
2018-06-09 10:00:00,1015.104
2018-06-09 11:00:00,1038.332
2018-06-09 12:00:00,1056.208
2018-06-09 13:00:00,1043.278
2018-06-09 14:00:00,1010.729
2018-06-09 15:00:00,1031.878
2018-06-09 16:00:00,1032.732
2018-06-09 17:00:00,1008.894
2018-06-09 18:00:00,945.213
2018-06-09 19:00:00,884.835
2018-06-09 20:00:00,840.825
2018-06-09 21:00:00,758.431
2018-06-09 22:00:00,664.388
2018-06-09 23:00:00,609.943
2018-06-10 00:00:00,546.926
2018-06-10 01:00:00,512.95
2018-06-10 02:00:00,491.977
2018-06-10 03:00:00,478.541
2018-06-10 04:00:00,479.314
2018-06-10 05:00:00,479.39
2018-06-10 06:00:00,529.063
2018-06-10 07:00:00,603.979
2018-06-10 08:00:00,689.536
2018-06-10 09:00:00,721.714
2018-06-10 10:00:00,732.132
2018-06-10 11:00:00,748.348
2018-06-10 12:00:00,777.473
2018-06-10 13:00:00,786.097
2018-06-10 14:00:00,807.007
2018-06-10 15:00:00,830.71
2018-06-10 16:00:00,828.64
2018-06-10 17:00:00,802.415
2018-06-10 18:00:00,778.354
2018-06-10 19:00:00,739.073
2018-06-10 20:00:00,706.181
2018-06-10 21:00:00,642.715
2018-06-10 22:00:00,573.508
2018-06-10 23:00:00,514.388
2018-06-11 00:00:00,492.619
2018-06-11 01:00:00,471.734
2018-06-11 02:00:00,460.334
2018-06-11 03:00:00,468.141
2018-06-11 04:00:00,499.721
2018-06-11 05:00:00,553.655
2018-06-11 06:00:00,660.358
2018-06-11 07:00:00,727.037
2018-06-11 08:00:00,750.725
2018-06-11 09:00:00,760.635
2018-06-11 10:00:00,768.844
2018-06-11 11:00:00,772.867
2018-06-11 12:00:00,750.943
2018-06-11 13:00:00,715.416
2018-06-11 14:00:00,689.658
2018-06-11 15:00:00,664.692
2018-06-11 16:00:00,649.348
2018-06-11 17:00:00,645.378
2018-06-11 18:00:00,627.322
2018-06-11 19:00:00,627.187
2018-06-11 20:00:00,626.593
2018-06-11 21:00:00,580.413
2018-06-11 22:00:00,528.253
2018-06-11 23:00:00,480.325
2018-06-12 00:00:00,448.549
2018-06-12 01:00:00,435.368
2018-06-12 02:00:00,428.247
2018-06-12 03:00:00,443.184
2018-06-12 04:00:00,477.665
2018-06-12 05:00:00,537.669
2018-06-12 06:00:00,653.091
2018-06-12 07:00:00,730.488
2018-06-12 08:00:00,780.407
2018-06-12 09:00:00,833.628
2018-06-12 10:00:00,871.516
2018-06-12 11:00:00,891.099
2018-06-12 12:00:00,895.773
2018-06-12 13:00:00,888.487
2018-06-12 14:00:00,897.919
2018-06-12 15:00:00,903.519
2018-06-12 16:00:00,881.153
2018-06-12 17:00:00,866.094
2018-06-12 18:00:00,840.369
2018-06-12 19:00:00,789.259
2018-06-12 20:00:00,731.925
2018-06-12 21:00:00,670.708
2018-06-12 22:00:00,620.676
2018-06-12 23:00:00,547.589
2018-06-13 00:00:00,513.758
2018-06-13 01:00:00,496.115
2018-06-13 02:00:00,483.94
2018-06-13 03:00:00,495.098
2018-06-13 04:00:00,530.646
2018-06-13 05:00:00,595.945
2018-06-13 06:00:00,720.867
2018-06-13 07:00:00,816.675
2018-06-13 08:00:00,902.857
2018-06-13 09:00:00,968.356
2018-06-13 10:00:00,1017.024
2018-06-13 11:00:00,1047.018
2018-06-13 12:00:00,1074.912
2018-06-13 13:00:00,1084.865
2018-06-13 14:00:00,1054.818
2018-06-13 15:00:00,1044.512
2018-06-13 16:00:00,1067.708
2018-06-13 17:00:00,1071.057
2018-06-13 18:00:00,1037.084
2018-06-13 19:00:00,987.772
2018-06-13 20:00:00,915.121
2018-06-13 21:00:00,818.085
2018-06-13 22:00:00,736.816
2018-06-13 23:00:00,677.092
2018-06-14 00:00:00,644.299
2018-06-14 01:00:00,635.597
2018-06-14 02:00:00,626.02
2018-06-14 03:00:00,636.569
2018-06-14 04:00:00,654.932
2018-06-14 05:00:00,722.369
2018-06-14 06:00:00,856.642
2018-06-14 07:00:00,939.196
2018-06-14 08:00:00,998.818
2018-06-14 09:00:00,1046.187
2018-06-14 10:00:00,1066.198
2018-06-14 11:00:00,1080.157
2018-06-14 12:00:00,1102.986
2018-06-14 13:00:00,1085.049
2018-06-14 14:00:00,1093.391
2018-06-14 15:00:00,1113.032
2018-06-14 16:00:00,1115.156
2018-06-14 17:00:00,1082.381
2018-06-14 18:00:00,1021.7
2018-06-14 19:00:00,948.405
2018-06-14 20:00:00,882.713
2018-06-14 21:00:00,813.9
2018-06-14 22:00:00,718.934
2018-06-14 23:00:00,638.205
2018-06-15 00:00:00,579.83
2018-06-15 01:00:00,566.293
2018-06-15 02:00:00,545.942
2018-06-15 03:00:00,533.569
2018-06-15 04:00:00,557.505
2018-06-15 05:00:00,624.733
2018-06-15 06:00:00,770.354
2018-06-15 07:00:00,881.977
2018-06-15 08:00:00,947.541
2018-06-15 09:00:00,1026.967
2018-06-15 10:00:00,1050.834
2018-06-15 11:00:00,1048.738
2018-06-15 12:00:00,1047.676
2018-06-15 13:00:00,1032.682
2018-06-15 14:00:00,1043.567
2018-06-15 15:00:00,1068.472
2018-06-15 16:00:00,1060.776
2018-06-15 17:00:00,1060.212
2018-06-15 18:00:00,988.063
2018-06-15 19:00:00,922.719
2018-06-15 20:00:00,839.236
2018-06-15 21:00:00,752.334
2018-06-15 22:00:00,671.852
2018-06-15 23:00:00,611.821
2018-06-16 00:00:00,561.249
2018-06-16 01:00:00,522.168
2018-06-16 02:00:00,504.899
2018-06-16 03:00:00,488.043
2018-06-16 04:00:00,480.293
2018-06-16 05:00:00,507.746
2018-06-16 06:00:00,603.93
2018-06-16 07:00:00,710.488
2018-06-16 08:00:00,805.24
2018-06-16 09:00:00,874.519
2018-06-16 10:00:00,930.878
2018-06-16 11:00:00,957.547
2018-06-16 12:00:00,992.67
2018-06-16 13:00:00,1011.088
2018-06-16 14:00:00,1041.133
2018-06-16 15:00:00,1076.462
2018-06-16 16:00:00,1118.115
2018-06-16 17:00:00,1109.015
2018-06-16 18:00:00,1081.421
2018-06-16 19:00:00,999.142
2018-06-16 20:00:00,925.041
2018-06-16 21:00:00,818.181
2018-06-16 22:00:00,721.383
2018-06-16 23:00:00,655.183
2018-06-17 00:00:00,581.964
2018-06-17 01:00:00,550.512
2018-06-17 02:00:00,529.085
2018-06-17 03:00:00,521.149
2018-06-17 04:00:00,519.82
2018-06-17 05:00:00,509.689
2018-06-17 06:00:00,565.258
2018-06-17 07:00:00,667.082
2018-06-17 08:00:00,747.736
2018-06-17 09:00:00,837.764
2018-06-17 10:00:00,907.165
2018-06-17 11:00:00,967.943
2018-06-17 12:00:00,1016.776
2018-06-17 13:00:00,1017.537
2018-06-17 14:00:00,1009.192
2018-06-17 15:00:00,1019.487
2018-06-17 16:00:00,1049.368
2018-06-17 17:00:00,1047.553
2018-06-17 18:00:00,1017.464
2018-06-17 19:00:00,973.162
2018-06-17 20:00:00,934.163
2018-06-17 21:00:00,850.362
2018-06-17 22:00:00,773.242
2018-06-17 23:00:00,698.243
2018-06-18 00:00:00,655.333
2018-06-18 01:00:00,646.824
2018-06-18 02:00:00,625.041
2018-06-18 03:00:00,624.963
2018-06-18 04:00:00,651.163
2018-06-18 05:00:00,733.152
2018-06-18 06:00:00,900.663
2018-06-18 07:00:00,1040.006
2018-06-18 08:00:00,1130.434
2018-06-18 09:00:00,1218.622
2018-06-18 10:00:00,1261.81
2018-06-18 11:00:00,1301.014
2018-06-18 12:00:00,1326.22
2018-06-18 13:00:00,1321.011
2018-06-18 14:00:00,1319.445
2018-06-18 15:00:00,1327.497
2018-06-18 16:00:00,1290.09
2018-06-18 17:00:00,1254.678
2018-06-18 18:00:00,1199.347
2018-06-18 19:00:00,1132.14
2018-06-18 20:00:00,1051.933
2018-06-18 21:00:00,981.471
2018-06-18 22:00:00,923.065
2018-06-18 23:00:00,833.903
2018-06-19 00:00:00,763.6
2018-06-19 01:00:00,729.433
2018-06-19 02:00:00,710.387
2018-06-19 03:00:00,713.506
2018-06-19 04:00:00,750.861
2018-06-19 05:00:00,815.473
2018-06-19 06:00:00,990.9
2018-06-19 07:00:00,1139.188
2018-06-19 08:00:00,1287.042
2018-06-19 09:00:00,1438.606
2018-06-19 10:00:00,1467.307
2018-06-19 11:00:00,1467.048
2018-06-19 12:00:00,1396.003
2018-06-19 13:00:00,1232.802
2018-06-19 14:00:00,1110.064
2018-06-19 15:00:00,1069.513
2018-06-19 16:00:00,1075.499
2018-06-19 17:00:00,1055.819
2018-06-19 18:00:00,1023.642
2018-06-19 19:00:00,966.408
2018-06-19 20:00:00,925.334
2018-06-19 21:00:00,863.296
2018-06-19 22:00:00,782.327
2018-06-19 23:00:00,710.691
2018-06-20 00:00:00,652.403
2018-06-20 01:00:00,618.419
2018-06-20 02:00:00,602.469
2018-06-20 03:00:00,599.554
2018-06-20 04:00:00,617.194
2018-06-20 05:00:00,692.711
2018-06-20 06:00:00,843.516
2018-06-20 07:00:00,915.417
2018-06-20 08:00:00,979.548
2018-06-20 09:00:00,1043.881
2018-06-20 10:00:00,1070.639
2018-06-20 11:00:00,1094.976
2018-06-20 12:00:00,1123.636
2018-06-20 13:00:00,1098.093
2018-06-20 14:00:00,1070.552
2018-06-20 15:00:00,1013.873
2018-06-20 16:00:00,990.806
2018-06-20 17:00:00,954.832
2018-06-20 18:00:00,935.559
2018-06-20 19:00:00,898.397
2018-06-20 20:00:00,840.452
2018-06-20 21:00:00,759.156
2018-06-20 22:00:00,689.785
2018-06-20 23:00:00,632.086
2018-06-21 00:00:00,585.925
2018-06-21 01:00:00,566.872
2018-06-21 02:00:00,559.874
2018-06-21 03:00:00,570.16
2018-06-21 04:00:00,603.031
2018-06-21 05:00:00,687.954
2018-06-21 06:00:00,843.225
2018-06-21 07:00:00,932.881
2018-06-21 08:00:00,1015.982
2018-06-21 09:00:00,1083.11
2018-06-21 10:00:00,1116.307
2018-06-21 11:00:00,1128.413
2018-06-21 12:00:00,1119.912
2018-06-21 13:00:00,1109.738
2018-06-21 14:00:00,1119.084
2018-06-21 15:00:00,1116.214
2018-06-21 16:00:00,1070.572
2018-06-21 17:00:00,1040.924
2018-06-21 18:00:00,973.316
2018-06-21 19:00:00,926.329
2018-06-21 20:00:00,882.523
2018-06-21 21:00:00,824.322
2018-06-21 22:00:00,743.513
2018-06-21 23:00:00,673.208
2018-06-22 00:00:00,627.435
2018-06-22 01:00:00,606.568
2018-06-22 02:00:00,593.449
2018-06-22 03:00:00,601.256
2018-06-22 04:00:00,629.763
2018-06-22 05:00:00,692.447
2018-06-22 06:00:00,807.229
2018-06-22 07:00:00,857.21
2018-06-22 08:00:00,878.555
2018-06-22 09:00:00,888.488
2018-06-22 10:00:00,904.103
2018-06-22 11:00:00,890.547
2018-06-22 12:00:00,857.951
2018-06-22 13:00:00,814.135
2018-06-22 14:00:00,773.027
2018-06-22 15:00:00,746.097
2018-06-22 16:00:00,751.051
2018-06-22 17:00:00,742.108
2018-06-22 18:00:00,719.045
2018-06-22 19:00:00,700.732
2018-06-22 20:00:00,691.691
2018-06-22 21:00:00,634.825
2018-06-22 22:00:00,582.043
2018-06-22 23:00:00,523.105
2018-06-23 00:00:00,485.738
2018-06-23 01:00:00,466.01
2018-06-23 02:00:00,465.746
2018-06-23 03:00:00,466.783
2018-06-23 04:00:00,471.931
2018-06-23 05:00:00,492.58
2018-06-23 06:00:00,563.544
2018-06-23 07:00:00,640.422
2018-06-23 08:00:00,701.063
2018-06-23 09:00:00,734.759
2018-06-23 10:00:00,746.709
2018-06-23 11:00:00,785.191
2018-06-23 12:00:00,821.652
2018-06-23 13:00:00,848.635
2018-06-23 14:00:00,885.197
2018-06-23 15:00:00,917.907
2018-06-23 16:00:00,913.768
2018-06-23 17:00:00,906.082
2018-06-23 18:00:00,880.511
2018-06-23 19:00:00,843.515
2018-06-23 20:00:00,819.205
2018-06-23 21:00:00,748.968
2018-06-23 22:00:00,663.156
2018-06-23 23:00:00,591.977
2018-06-24 00:00:00,538.059
2018-06-24 01:00:00,513.561
2018-06-24 02:00:00,485.62
2018-06-24 03:00:00,475.07
2018-06-24 04:00:00,481.851
2018-06-24 05:00:00,476.238
2018-06-24 06:00:00,530.371
2018-06-24 07:00:00,625.462
2018-06-24 08:00:00,699.398
2018-06-24 09:00:00,767.535
2018-06-24 10:00:00,834.905
2018-06-24 11:00:00,917.53
2018-06-24 12:00:00,1028.712
2018-06-24 13:00:00,1043.658
2018-06-24 14:00:00,1025.309
2018-06-24 15:00:00,996.529
2018-06-24 16:00:00,971.701
2018-06-24 17:00:00,1002.761
2018-06-24 18:00:00,980.882
2018-06-24 19:00:00,922.894
2018-06-24 20:00:00,872.533
2018-06-24 21:00:00,788.923
2018-06-24 22:00:00,703.008
2018-06-24 23:00:00,628.614
2018-06-25 00:00:00,592.475
2018-06-25 01:00:00,579.964
2018-06-25 02:00:00,564.155
2018-06-25 03:00:00,574.409
2018-06-25 04:00:00,605.872
2018-06-25 05:00:00,684.631
2018-06-25 06:00:00,833.14
2018-06-25 07:00:00,950.326
2018-06-25 08:00:00,1018.341
2018-06-25 09:00:00,1072.603
2018-06-25 10:00:00,1104.802
2018-06-25 11:00:00,1103.508
2018-06-25 12:00:00,1114.647
2018-06-25 13:00:00,1133.69
2018-06-25 14:00:00,1095.686
2018-06-25 15:00:00,1065.538
2018-06-25 16:00:00,1052.479
2018-06-25 17:00:00,1030.259
2018-06-25 18:00:00,972.802
2018-06-25 19:00:00,925.9
2018-06-25 20:00:00,877.627
2018-06-25 21:00:00,796.89
2018-06-25 22:00:00,699.293
2018-06-25 23:00:00,630.745
2018-06-26 00:00:00,573.807
2018-06-26 01:00:00,543.601
2018-06-26 02:00:00,523.96
2018-06-26 03:00:00,513.357
2018-06-26 04:00:00,539.831
2018-06-26 05:00:00,595.923
2018-06-26 06:00:00,725.517
2018-06-26 07:00:00,820.649
2018-06-26 08:00:00,903.808
2018-06-26 09:00:00,984.512
2018-06-26 10:00:00,1039.808
2018-06-26 11:00:00,1057.498
2018-06-26 12:00:00,1067.903
2018-06-26 13:00:00,1057.855
2018-06-26 14:00:00,1040.093
2018-06-26 15:00:00,1030.167
2018-06-26 16:00:00,1030.815
2018-06-26 17:00:00,979.578
2018-06-26 18:00:00,916.447
2018-06-26 19:00:00,871.408
2018-06-26 20:00:00,818.621
2018-06-26 21:00:00,741.038
2018-06-26 22:00:00,667.982
2018-06-26 23:00:00,601.686
2018-06-27 00:00:00,560.024
2018-06-27 01:00:00,542.226
2018-06-27 02:00:00,529.978
2018-06-27 03:00:00,538.59
2018-06-27 04:00:00,576.04
2018-06-27 05:00:00,635.314
2018-06-27 06:00:00,762.26
2018-06-27 07:00:00,848.078
2018-06-27 08:00:00,898.358
2018-06-27 09:00:00,941.871
2018-06-27 10:00:00,949.383
2018-06-27 11:00:00,979.672
2018-06-27 12:00:00,972.931
2018-06-27 13:00:00,949.737
2018-06-27 14:00:00,977.947
2018-06-27 15:00:00,984.686
2018-06-27 16:00:00,971.328
2018-06-27 17:00:00,980.746
2018-06-27 18:00:00,970.302
2018-06-27 19:00:00,931.664
2018-06-27 20:00:00,895.428
2018-06-27 21:00:00,816.319
2018-06-27 22:00:00,735.249
2018-06-27 23:00:00,663.737
2018-06-28 00:00:00,626.103
2018-06-28 01:00:00,600.396
2018-06-28 02:00:00,601.981
2018-06-28 03:00:00,621.046
2018-06-28 04:00:00,656.522
2018-06-28 05:00:00,734.608
2018-06-28 06:00:00,901.831
2018-06-28 07:00:00,1004.068
2018-06-28 08:00:00,1075.415
2018-06-28 09:00:00,1198.727
2018-06-28 10:00:00,1229.837
2018-06-28 11:00:00,1218.804
2018-06-28 12:00:00,1246.241
2018-06-28 13:00:00,1219.391
2018-06-28 14:00:00,1171.947
2018-06-28 15:00:00,1120.002
2018-06-28 16:00:00,1092.419
2018-06-28 17:00:00,1126.54
2018-06-28 18:00:00,1122.811
2018-06-28 19:00:00,1049.336
2018-06-28 20:00:00,976.549
2018-06-28 21:00:00,895.941
2018-06-28 22:00:00,787.156
2018-06-28 23:00:00,709.746
2018-06-29 00:00:00,653.036
2018-06-29 01:00:00,632.724
2018-06-29 02:00:00,605.222
2018-06-29 03:00:00,600.092
2018-06-29 04:00:00,631.023
2018-06-29 05:00:00,698.178
2018-06-29 06:00:00,855.15
2018-06-29 07:00:00,984.889
2018-06-29 08:00:00,1089.222
2018-06-29 09:00:00,1191.4
2018-06-29 10:00:00,1219.012
2018-06-29 11:00:00,1232.125
2018-06-29 12:00:00,1248.071
2018-06-29 13:00:00,1253.287
2018-06-29 14:00:00,1255.949
2018-06-29 15:00:00,1270.252
2018-06-29 16:00:00,1257.992
2018-06-29 17:00:00,1254.079
2018-06-29 18:00:00,1189.437
2018-06-29 19:00:00,1101.503
2018-06-29 20:00:00,1015.85
2018-06-29 21:00:00,912.849
2018-06-29 22:00:00,814.462
2018-06-29 23:00:00,739.25
2018-06-30 00:00:00,682.345
2018-06-30 01:00:00,637.773
2018-06-30 02:00:00,622.079
2018-06-30 03:00:00,605.764
2018-06-30 04:00:00,592.703
2018-06-30 05:00:00,627.43
2018-06-30 06:00:00,729.688
2018-06-30 07:00:00,848.859
2018-06-30 08:00:00,976.022
2018-06-30 09:00:00,1097.985
2018-06-30 10:00:00,1163.616
2018-06-30 11:00:00,1209.784
2018-06-30 12:00:00,1249.543
2018-06-30 13:00:00,1244.048
2018-06-30 14:00:00,1265.75
2018-06-30 15:00:00,1285.796
2018-06-30 16:00:00,1269.715
2018-06-30 17:00:00,1255.68
2018-06-30 18:00:00,1204.447
2018-06-30 19:00:00,1133.921
2018-06-30 20:00:00,1061.374
2018-06-30 21:00:00,958.807
2018-06-30 22:00:00,837.514
2018-06-30 23:00:00,749.956
2018-07-01 00:00:00,670.953
2018-07-01 01:00:00,637.724
2018-07-01 02:00:00,607.016
2018-07-01 03:00:00,591.035
2018-07-01 04:00:00,591.404
2018-07-01 05:00:00,594.524
2018-07-01 06:00:00,689.067
2018-07-01 07:00:00,799.19
2018-07-01 08:00:00,905.287
2018-07-01 09:00:00,987.763
2018-07-01 10:00:00,1038.468
2018-07-01 11:00:00,1094.279
2018-07-01 12:00:00,1134.737
2018-07-01 13:00:00,1152.971
2018-07-01 14:00:00,1196.066
2018-07-01 15:00:00,1224.931
2018-07-01 16:00:00,1234.346
2018-07-01 17:00:00,1208.368
2018-07-01 18:00:00,1143.784
2018-07-01 19:00:00,1094.39
2018-07-01 20:00:00,1044.781
2018-07-01 21:00:00,965.003
2018-07-01 22:00:00,864.967
2018-07-01 23:00:00,796.83
2018-07-02 00:00:00,753.976
2018-07-02 01:00:00,746.366
2018-07-02 02:00:00,728.647
2018-07-02 03:00:00,735.894
2018-07-02 04:00:00,769.2
2018-07-02 05:00:00,845.547
2018-07-02 06:00:00,1016.996
2018-07-02 07:00:00,1144.024
2018-07-02 08:00:00,1246.635
2018-07-02 09:00:00,1374.247
2018-07-02 10:00:00,1459.59
2018-07-02 11:00:00,1486.629
2018-07-02 12:00:00,1500.439
2018-07-02 13:00:00,1466.409
2018-07-02 14:00:00,1471.425
2018-07-02 15:00:00,1465.843
2018-07-02 16:00:00,1455.126
2018-07-02 17:00:00,1392.695
2018-07-02 18:00:00,1314.296
2018-07-02 19:00:00,1231.146
2018-07-02 20:00:00,1157.365
2018-07-02 21:00:00,1077.865
2018-07-02 22:00:00,974.923
2018-07-02 23:00:00,886.83
2018-07-03 00:00:00,829.967
2018-07-03 01:00:00,812.833
2018-07-03 02:00:00,789.367
2018-07-03 03:00:00,790.799
2018-07-03 04:00:00,823.572
2018-07-03 05:00:00,899.664
2018-07-03 06:00:00,1086.228
2018-07-03 07:00:00,1212.572
2018-07-03 08:00:00,1321.997
2018-07-03 09:00:00,1439.308
2018-07-03 10:00:00,1472.01
2018-07-03 11:00:00,1511.49
2018-07-03 12:00:00,1519.168
2018-07-03 13:00:00,1492.36
2018-07-03 14:00:00,1447.039
2018-07-03 15:00:00,1434.149
2018-07-03 16:00:00,1444.892
2018-07-03 17:00:00,1367.267
2018-07-03 18:00:00,1262.062
2018-07-03 19:00:00,1167.343
2018-07-03 20:00:00,1116.955
2018-07-03 21:00:00,1059.24
2018-07-03 22:00:00,1005.717
2018-07-03 23:00:00,904.765
2018-07-04 00:00:00,829.531
2018-07-04 01:00:00,806.793
2018-07-04 02:00:00,783.761
2018-07-04 03:00:00,780.159
2018-07-04 04:00:00,817.122
2018-07-04 05:00:00,882.291
2018-07-04 06:00:00,1035.522
2018-07-04 07:00:00,1155.532
2018-07-04 08:00:00,1253.746
2018-07-04 09:00:00,1342.653
2018-07-04 10:00:00,1372.227
2018-07-04 11:00:00,1392.886
2018-07-04 12:00:00,1424.323
2018-07-04 13:00:00,1388.67
2018-07-04 14:00:00,1392.775
2018-07-04 15:00:00,1370.678
2018-07-04 16:00:00,1329.602
2018-07-04 17:00:00,1237.253
2018-07-04 18:00:00,1164.79
2018-07-04 19:00:00,1135.945
2018-07-04 20:00:00,1081.992
2018-07-04 21:00:00,1005.558
2018-07-04 22:00:00,916.476
2018-07-04 23:00:00,843.536
2018-07-05 00:00:00,785.849
2018-07-05 01:00:00,759.657
2018-07-05 02:00:00,742.105
2018-07-05 03:00:00,752.521
2018-07-05 04:00:00,792.577
2018-07-05 05:00:00,863.478
2018-07-05 06:00:00,1053.579
2018-07-05 07:00:00,1163.065
2018-07-05 08:00:00,1255.283
2018-07-05 09:00:00,1339.459
2018-07-05 10:00:00,1368.156
2018-07-05 11:00:00,1381.698
2018-07-05 12:00:00,1396.21
2018-07-05 13:00:00,1376.037
2018-07-05 14:00:00,1342.47
2018-07-05 15:00:00,1307.969
2018-07-05 16:00:00,1310.591
2018-07-05 17:00:00,1275.128
2018-07-05 18:00:00,1222.341
2018-07-05 19:00:00,1153.762
2018-07-05 20:00:00,1089.138
2018-07-05 21:00:00,1007.917
2018-07-05 22:00:00,928.931
2018-07-05 23:00:00,847.717
2018-07-06 00:00:00,797.585
2018-07-06 01:00:00,779.988
2018-07-06 02:00:00,764.76
2018-07-06 03:00:00,773.145
2018-07-06 04:00:00,806.872
2018-07-06 05:00:00,879.822
2018-07-06 06:00:00,1022.28
2018-07-06 07:00:00,1082.45
2018-07-06 08:00:00,1141.754
2018-07-06 09:00:00,1168.626
2018-07-06 10:00:00,1163.484
2018-07-06 11:00:00,1192.992
2018-07-06 12:00:00,1211.649
2018-07-06 13:00:00,1194.171
2018-07-06 14:00:00,1227.403
2018-07-06 15:00:00,1234.459
2018-07-06 16:00:00,1170.964
2018-07-06 17:00:00,1108.627
2018-07-06 18:00:00,1055.835
2018-07-06 19:00:00,1033.138
2018-07-06 20:00:00,983.426
2018-07-06 21:00:00,912.563
2018-07-06 22:00:00,836.264
2018-07-06 23:00:00,747.952
2018-07-07 00:00:00,674.312
2018-07-07 01:00:00,630.885
2018-07-07 02:00:00,598.472
2018-07-07 03:00:00,557.763
2018-07-07 04:00:00,531.895
2018-07-07 05:00:00,552.664
2018-07-07 06:00:00,636.331
2018-07-07 07:00:00,718.531
2018-07-07 08:00:00,775.186
2018-07-07 09:00:00,836.116
2018-07-07 10:00:00,862.973
2018-07-07 11:00:00,889.314
2018-07-07 12:00:00,909.343
2018-07-07 13:00:00,921.088
2018-07-07 14:00:00,960.417
2018-07-07 15:00:00,987.172
2018-07-07 16:00:00,1012.684
2018-07-07 17:00:00,995.909
2018-07-07 18:00:00,955.831
2018-07-07 19:00:00,894.901
2018-07-07 20:00:00,852.821
2018-07-07 21:00:00,758.218
2018-07-07 22:00:00,655.631
2018-07-07 23:00:00,593.332
2018-07-08 00:00:00,526.759
2018-07-08 01:00:00,488.582
2018-07-08 02:00:00,466.716
2018-07-08 03:00:00,447.565
2018-07-08 04:00:00,442.84
2018-07-08 05:00:00,450.21
2018-07-08 06:00:00,529.173
2018-07-08 07:00:00,639.901
2018-07-08 08:00:00,702.738
2018-07-08 09:00:00,769.184
2018-07-08 10:00:00,803.327
2018-07-08 11:00:00,821.216
2018-07-08 12:00:00,848.693
2018-07-08 13:00:00,869.757
2018-07-08 14:00:00,902.345
2018-07-08 15:00:00,924.814
2018-07-08 16:00:00,949.508
2018-07-08 17:00:00,942.241
2018-07-08 18:00:00,908.065
2018-07-08 19:00:00,852.534
2018-07-08 20:00:00,824.168
2018-07-08 21:00:00,742.943
2018-07-08 22:00:00,650.001
2018-07-08 23:00:00,588.124
2018-07-09 00:00:00,553.51
2018-07-09 01:00:00,540.482
2018-07-09 02:00:00,519.824
2018-07-09 03:00:00,516.723
2018-07-09 04:00:00,551.719
2018-07-09 05:00:00,632.351
2018-07-09 06:00:00,773.885
2018-07-09 07:00:00,886.837
2018-07-09 08:00:00,961.12
2018-07-09 09:00:00,1027.329
2018-07-09 10:00:00,1073.377
2018-07-09 11:00:00,1091.259
2018-07-09 12:00:00,1107.312
2018-07-09 13:00:00,1093.244
2018-07-09 14:00:00,1107.339
2018-07-09 15:00:00,1136.564
2018-07-09 16:00:00,1151.2
2018-07-09 17:00:00,1123.189
2018-07-09 18:00:00,1058.926
2018-07-09 19:00:00,996.474
2018-07-09 20:00:00,923.076
2018-07-09 21:00:00,828.992
2018-07-09 22:00:00,730.872
2018-07-09 23:00:00,661.909
2018-07-10 00:00:00,610.599
2018-07-10 01:00:00,587.528
2018-07-10 02:00:00,572.598
2018-07-10 03:00:00,571.076
2018-07-10 04:00:00,605.469
2018-07-10 05:00:00,682.487
2018-07-10 06:00:00,841.105
2018-07-10 07:00:00,946.283
2018-07-10 08:00:00,1068.414
2018-07-10 09:00:00,1213.349
2018-07-10 10:00:00,1259.283
2018-07-10 11:00:00,1289.697
2018-07-10 12:00:00,1312.219
2018-07-10 13:00:00,1319.298
2018-07-10 14:00:00,1338.196
2018-07-10 15:00:00,1346.062
2018-07-10 16:00:00,1354.051
2018-07-10 17:00:00,1319.525
2018-07-10 18:00:00,1247.35
2018-07-10 19:00:00,1152.674
2018-07-10 20:00:00,1071.716
2018-07-10 21:00:00,988.473
2018-07-10 22:00:00,888.97
2018-07-10 23:00:00,798.17
2018-07-11 00:00:00,730.969
2018-07-11 01:00:00,714.15
2018-07-11 02:00:00,698.323
2018-07-11 03:00:00,703.513
2018-07-11 04:00:00,744.838
2018-07-11 05:00:00,798.659
2018-07-11 06:00:00,946.392
2018-07-11 07:00:00,1065.94
2018-07-11 08:00:00,1146.739
2018-07-11 09:00:00,1226.606
2018-07-11 10:00:00,1274.995
2018-07-11 11:00:00,1299.319
2018-07-11 12:00:00,1286.486
2018-07-11 13:00:00,1263.623
2018-07-11 14:00:00,1272.856
2018-07-11 15:00:00,1308.558
2018-07-11 16:00:00,1314.655
2018-07-11 17:00:00,1249.351
2018-07-11 18:00:00,1166.32
2018-07-11 19:00:00,1084.442
2018-07-11 20:00:00,1016.087
2018-07-11 21:00:00,923.354
2018-07-11 22:00:00,834.612
2018-07-11 23:00:00,755.745
2018-07-12 00:00:00,691.487
2018-07-12 01:00:00,664.611
2018-07-12 02:00:00,637.714
2018-07-12 03:00:00,625.706
2018-07-12 04:00:00,646.319
2018-07-12 05:00:00,705.556
2018-07-12 06:00:00,832.921
2018-07-12 07:00:00,929.425
2018-07-12 08:00:00,1018.402
2018-07-12 09:00:00,1076.411
2018-07-12 10:00:00,1123.253
2018-07-12 11:00:00,1155.581
2018-07-12 12:00:00,1212.148
2018-07-12 13:00:00,1189.133
2018-07-12 14:00:00,1167.978
2018-07-12 15:00:00,1189.152
2018-07-12 16:00:00,1180.122
2018-07-12 17:00:00,1119.449
2018-07-12 18:00:00,1042.557
2018-07-12 19:00:00,982.195
2018-07-12 20:00:00,916.166
2018-07-12 21:00:00,829.048
2018-07-12 22:00:00,733.821
2018-07-12 23:00:00,669.774
2018-07-13 00:00:00,625.611
2018-07-13 01:00:00,602.162
2018-07-13 02:00:00,584.265
2018-07-13 03:00:00,587.069
2018-07-13 04:00:00,616.682
2018-07-13 05:00:00,686.257
2018-07-13 06:00:00,833.365
2018-07-13 07:00:00,939.682
2018-07-13 08:00:00,1014.649
2018-07-13 09:00:00,1091.583
2018-07-13 10:00:00,1129.003
2018-07-13 11:00:00,1136.019
2018-07-13 12:00:00,1134.763
2018-07-13 13:00:00,1122.443
2018-07-13 14:00:00,1137.869
2018-07-13 15:00:00,1160.171
2018-07-13 16:00:00,1161.223
2018-07-13 17:00:00,1129.412
2018-07-13 18:00:00,1066.656
2018-07-13 19:00:00,1003.055
2018-07-13 20:00:00,935.849
2018-07-13 21:00:00,839.772
2018-07-13 22:00:00,747.324
2018-07-13 23:00:00,671.982
2018-07-14 00:00:00,614.972
2018-07-14 01:00:00,577.346
2018-07-14 02:00:00,560.406
2018-07-14 03:00:00,550.655
2018-07-14 04:00:00,546.762
2018-07-14 05:00:00,573.308
2018-07-14 06:00:00,663.13
2018-07-14 07:00:00,764.788
2018-07-14 08:00:00,869.403
2018-07-14 09:00:00,953.421
2018-07-14 10:00:00,1009.036
2018-07-14 11:00:00,1067.665
2018-07-14 12:00:00,1109.175
2018-07-14 13:00:00,1118.034
2018-07-14 14:00:00,1153.927
2018-07-14 15:00:00,1184.457
2018-07-14 16:00:00,1184.65
2018-07-14 17:00:00,1164.9
2018-07-14 18:00:00,1119.092
2018-07-14 19:00:00,1052.904
2018-07-14 20:00:00,984.336
2018-07-14 21:00:00,875.389
2018-07-14 22:00:00,767.483
2018-07-14 23:00:00,703.188
2018-07-15 00:00:00,631.279
2018-07-15 01:00:00,590.588
2018-07-15 02:00:00,563.791
2018-07-15 03:00:00,548.628
2018-07-15 04:00:00,543.461
2018-07-15 05:00:00,536.507
2018-07-15 06:00:00,589.716
2018-07-15 07:00:00,672.282
2018-07-15 08:00:00,744.63
2018-07-15 09:00:00,823.862
2018-07-15 10:00:00,871.455
2018-07-15 11:00:00,914.695
2018-07-15 12:00:00,949.576
2018-07-15 13:00:00,978.342
2018-07-15 14:00:00,1006.092
2018-07-15 15:00:00,1028.078
2018-07-15 16:00:00,993.429
2018-07-15 17:00:00,957.125
2018-07-15 18:00:00,921.419
2018-07-15 19:00:00,898.028
2018-07-15 20:00:00,900.966
2018-07-15 21:00:00,839.775
2018-07-15 22:00:00,757.659
2018-07-15 23:00:00,685.27
2018-07-16 00:00:00,659.626
2018-07-16 01:00:00,648.582
2018-07-16 02:00:00,635.43
2018-07-16 03:00:00,638.341
2018-07-16 04:00:00,672.454
2018-07-16 05:00:00,747.798
2018-07-16 06:00:00,913.68
2018-07-16 07:00:00,1035.178
2018-07-16 08:00:00,1122.821
2018-07-16 09:00:00,1229.805
2018-07-16 10:00:00,1304.343
2018-07-16 11:00:00,1350.018
2018-07-16 12:00:00,1400.28
2018-07-16 13:00:00,1414.515
2018-07-16 14:00:00,1441.923
2018-07-16 15:00:00,1424.287
2018-07-16 16:00:00,1263.686
2018-07-16 17:00:00,1139.146
2018-07-16 18:00:00,1060.008
2018-07-16 19:00:00,1044.03
2018-07-16 20:00:00,1000.44
2018-07-16 21:00:00,914.005
2018-07-16 22:00:00,845.274
2018-07-16 23:00:00,768.474
2018-07-17 00:00:00,725.934
2018-07-17 01:00:00,712.385
2018-07-17 02:00:00,699.763
2018-07-17 03:00:00,700.3
2018-07-17 04:00:00,733.565
2018-07-17 05:00:00,810.253
2018-07-17 06:00:00,969.068
2018-07-17 07:00:00,1094.765
2018-07-17 08:00:00,1205.304
2018-07-17 09:00:00,1301.117
2018-07-17 10:00:00,1329.689
2018-07-17 11:00:00,1311.44
2018-07-17 12:00:00,1311.216
2018-07-17 13:00:00,1302.561
2018-07-17 14:00:00,1198.592
2018-07-17 15:00:00,1049.98
2018-07-17 16:00:00,1040.75
2018-07-17 17:00:00,1044.989
2018-07-17 18:00:00,1044.761
2018-07-17 19:00:00,995.582
2018-07-17 20:00:00,974.085
2018-07-17 21:00:00,896.699
2018-07-17 22:00:00,738.293
2018-07-17 23:00:00,664.509
2018-07-18 00:00:00,627.882
2018-07-18 01:00:00,617.184
2018-07-18 02:00:00,594.636
2018-07-18 03:00:00,593.576
2018-07-18 04:00:00,618.248
2018-07-18 05:00:00,682.392
2018-07-18 06:00:00,800.897
2018-07-18 07:00:00,913.063
2018-07-18 08:00:00,1007.717
2018-07-18 09:00:00,1095.527
2018-07-18 10:00:00,1125.956
2018-07-18 11:00:00,1147.351
2018-07-18 12:00:00,1165.688
2018-07-18 13:00:00,1153.629
2018-07-18 14:00:00,1160.57
2018-07-18 15:00:00,1160.439
2018-07-18 16:00:00,1145.674
2018-07-18 17:00:00,1121.583
2018-07-18 18:00:00,1067.13
2018-07-18 19:00:00,1000.029
2018-07-18 20:00:00,934.704
2018-07-18 21:00:00,841.163
2018-07-18 22:00:00,735.578
2018-07-18 23:00:00,663.425
2018-07-19 00:00:00,621.187
2018-07-19 01:00:00,589.375
2018-07-19 02:00:00,570.879
2018-07-19 03:00:00,571.929
2018-07-19 04:00:00,611.569
2018-07-19 05:00:00,686.366
2018-07-19 06:00:00,819.766
2018-07-19 07:00:00,920.639
2018-07-19 08:00:00,992.169
2018-07-19 09:00:00,1053.72
2018-07-19 10:00:00,1089.284
2018-07-19 11:00:00,1097.669
2018-07-19 12:00:00,1103.362
2018-07-19 13:00:00,1103.291
2018-07-19 14:00:00,1113.056
2018-07-19 15:00:00,1136.068
2018-07-19 16:00:00,1139.959
2018-07-19 17:00:00,1104.485
2018-07-19 18:00:00,1033.413
2018-07-19 19:00:00,966.543
2018-07-19 20:00:00,897.446
2018-07-19 21:00:00,815.956
2018-07-19 22:00:00,720.389
2018-07-19 23:00:00,651.432
2018-07-20 00:00:00,606.227
2018-07-20 01:00:00,590.162
2018-07-20 02:00:00,576.321
2018-07-20 03:00:00,582.57
2018-07-20 04:00:00,615.327
2018-07-20 05:00:00,685.355
2018-07-20 06:00:00,823.274
2018-07-20 07:00:00,941.465
2018-07-20 08:00:00,1011.173
2018-07-20 09:00:00,1082.26
2018-07-20 10:00:00,1124.053
2018-07-20 11:00:00,1142.221
2018-07-20 12:00:00,1142.704
2018-07-20 13:00:00,1093.125
2018-07-20 14:00:00,1088.784
2018-07-20 15:00:00,1083.203
2018-07-20 16:00:00,1051.663
2018-07-20 17:00:00,1015.251
2018-07-20 18:00:00,978.816
2018-07-20 19:00:00,921.719
2018-07-20 20:00:00,873.453
2018-07-20 21:00:00,805.554
2018-07-20 22:00:00,720.505
2018-07-20 23:00:00,652.626
2018-07-21 00:00:00,603.785
2018-07-21 01:00:00,574.893
2018-07-21 02:00:00,568.357
2018-07-21 03:00:00,568.155
2018-07-21 04:00:00,571.141
2018-07-21 05:00:00,597.35
2018-07-21 06:00:00,656.994
2018-07-21 07:00:00,727.657
2018-07-21 08:00:00,789.222
2018-07-21 09:00:00,793.471
2018-07-21 10:00:00,776.755
2018-07-21 11:00:00,762.476
2018-07-21 12:00:00,748.097
2018-07-21 13:00:00,734.253
2018-07-21 14:00:00,728.207
2018-07-21 15:00:00,723.658
2018-07-21 16:00:00,730.144
2018-07-21 17:00:00,723.933
2018-07-21 18:00:00,742.078
2018-07-21 19:00:00,718.596
2018-07-21 20:00:00,709.097
2018-07-21 21:00:00,643.12
2018-07-21 22:00:00,568.051
2018-07-21 23:00:00,514.039
2018-07-22 00:00:00,462.236
2018-07-22 01:00:00,438.506
2018-07-22 02:00:00,427.329
2018-07-22 03:00:00,425.722
2018-07-22 04:00:00,431.028
2018-07-22 05:00:00,440.114
2018-07-22 06:00:00,488.313
2018-07-22 07:00:00,585.51
2018-07-22 08:00:00,641.077
2018-07-22 09:00:00,685.327
2018-07-22 10:00:00,710.888
2018-07-22 11:00:00,740.79
2018-07-22 12:00:00,758.263
2018-07-22 13:00:00,743.607
2018-07-22 14:00:00,780.934
2018-07-22 15:00:00,846.669
2018-07-22 16:00:00,886.556
2018-07-22 17:00:00,854.002
2018-07-22 18:00:00,786.333
2018-07-22 19:00:00,765.774
2018-07-22 20:00:00,759.581
2018-07-22 21:00:00,724.372
2018-07-22 22:00:00,649.006
2018-07-22 23:00:00,596.372
2018-07-23 00:00:00,589.022
2018-07-23 01:00:00,588.749
2018-07-23 02:00:00,587.007
2018-07-23 03:00:00,617.928
2018-07-23 04:00:00,676.809
2018-07-23 05:00:00,774.393
2018-07-23 06:00:00,900.523
2018-07-23 07:00:00,942.818
2018-07-23 08:00:00,1001.252
2018-07-23 09:00:00,1062.167
2018-07-23 10:00:00,1102.092
2018-07-23 11:00:00,1119.84
2018-07-23 12:00:00,1113.082
2018-07-23 13:00:00,1117.639
2018-07-23 14:00:00,1135.722
2018-07-23 15:00:00,1131.533
2018-07-23 16:00:00,1094.572
2018-07-23 17:00:00,1039.943
2018-07-23 18:00:00,968.305
2018-07-23 19:00:00,929.791
2018-07-23 20:00:00,891.493
2018-07-23 21:00:00,812.348
2018-07-23 22:00:00,739.589
2018-07-23 23:00:00,689.751
2018-07-24 00:00:00,656.378
2018-07-24 01:00:00,644.581
2018-07-24 02:00:00,627.054
2018-07-24 03:00:00,638.514
2018-07-24 04:00:00,690.007
2018-07-24 05:00:00,770.191
2018-07-24 06:00:00,874.17
2018-07-24 07:00:00,918.62
2018-07-24 08:00:00,951.935
2018-07-24 09:00:00,988.974
2018-07-24 10:00:00,1033.505
2018-07-24 11:00:00,1072.224
2018-07-24 12:00:00,1113.011
2018-07-24 13:00:00,1100.711
2018-07-24 14:00:00,1073.551
2018-07-24 15:00:00,1055.035
2018-07-24 16:00:00,1017.269
2018-07-24 17:00:00,946.41
2018-07-24 18:00:00,891.47
2018-07-24 19:00:00,861.129
2018-07-24 20:00:00,832.176
2018-07-24 21:00:00,771.223
2018-07-24 22:00:00,692.17
2018-07-24 23:00:00,630.769
2018-07-25 00:00:00,605.795
2018-07-25 01:00:00,596.303
2018-07-25 02:00:00,587.83
2018-07-25 03:00:00,615.59
2018-07-25 04:00:00,658.48
2018-07-25 05:00:00,731.946
2018-07-25 06:00:00,851.878
2018-07-25 07:00:00,931.991
2018-07-25 08:00:00,975.796
2018-07-25 09:00:00,999.096
2018-07-25 10:00:00,1033.696
2018-07-25 11:00:00,1066.995
2018-07-25 12:00:00,1120.043
2018-07-25 13:00:00,1131.305
2018-07-25 14:00:00,1105.69
2018-07-25 15:00:00,1109.103
2018-07-25 16:00:00,1055.896
2018-07-25 17:00:00,1010.145
2018-07-25 18:00:00,937.061
2018-07-25 19:00:00,884.069
2018-07-25 20:00:00,848.886
2018-07-25 21:00:00,787.034
2018-07-25 22:00:00,707.517
2018-07-25 23:00:00,633.075
2018-07-26 00:00:00,595.537
2018-07-26 01:00:00,581.551
2018-07-26 02:00:00,572.905
2018-07-26 03:00:00,588.665
2018-07-26 04:00:00,619.49
2018-07-26 05:00:00,694.863
2018-07-26 06:00:00,822.743
2018-07-26 07:00:00,928.48
2018-07-26 08:00:00,1024.879
2018-07-26 09:00:00,1099.34
2018-07-26 10:00:00,1152.735
2018-07-26 11:00:00,1192.698
2018-07-26 12:00:00,1201.691
2018-07-26 13:00:00,1184.266
2018-07-26 14:00:00,1200.388
2018-07-26 15:00:00,1202.118
2018-07-26 16:00:00,1198.045
2018-07-26 17:00:00,1162.802
2018-07-26 18:00:00,1098.315
2018-07-26 19:00:00,1058.016
2018-07-26 20:00:00,976.567
2018-07-26 21:00:00,880.072
2018-07-26 22:00:00,779.438
2018-07-26 23:00:00,710.799
2018-07-27 00:00:00,671.319
2018-07-27 01:00:00,655.269
2018-07-27 02:00:00,643.886
2018-07-27 03:00:00,651.572
2018-07-27 04:00:00,692.866
2018-07-27 05:00:00,766.374
2018-07-27 06:00:00,896.319
2018-07-27 07:00:00,995.415
2018-07-27 08:00:00,1097.114
2018-07-27 09:00:00,1181.279
2018-07-27 10:00:00,1236.624
2018-07-27 11:00:00,1276.971
2018-07-27 12:00:00,1316.998
2018-07-27 13:00:00,1228.713
2018-07-27 14:00:00,1211.367
2018-07-27 15:00:00,1200.325
2018-07-27 16:00:00,1127.037
2018-07-27 17:00:00,1041.61
2018-07-27 18:00:00,944.101
2018-07-27 19:00:00,901.718
2018-07-27 20:00:00,856.927
2018-07-27 21:00:00,795.171
2018-07-27 22:00:00,718.755
2018-07-27 23:00:00,655.281
2018-07-28 00:00:00,618.378
2018-07-28 01:00:00,586.536
2018-07-28 02:00:00,571.01
2018-07-28 03:00:00,560.091
2018-07-28 04:00:00,557.613
2018-07-28 05:00:00,588.325
2018-07-28 06:00:00,682.044
2018-07-28 07:00:00,820.24
2018-07-28 08:00:00,910.704
2018-07-28 09:00:00,1011.821
2018-07-28 10:00:00,1066.639
2018-07-28 11:00:00,1075.886
2018-07-28 12:00:00,1089.221
2018-07-28 13:00:00,1102.879
2018-07-28 14:00:00,1117.429
2018-07-28 15:00:00,1158.365
2018-07-28 16:00:00,1159.95
2018-07-28 17:00:00,1129.223
2018-07-28 18:00:00,1068.654
2018-07-28 19:00:00,987.321
2018-07-28 20:00:00,941.355
2018-07-28 21:00:00,843.274
2018-07-28 22:00:00,724.275
2018-07-28 23:00:00,658.258
2018-07-29 00:00:00,591.648
2018-07-29 01:00:00,554.852
2018-07-29 02:00:00,530.933
2018-07-29 03:00:00,508.773
2018-07-29 04:00:00,507.283
2018-07-29 05:00:00,505.551
2018-07-29 06:00:00,548.553
2018-07-29 07:00:00,626.938
2018-07-29 08:00:00,721.151
2018-07-29 09:00:00,793.366
2018-07-29 10:00:00,836.351
2018-07-29 11:00:00,880.1
2018-07-29 12:00:00,902.217
2018-07-29 13:00:00,927.481
2018-07-29 14:00:00,940.877
2018-07-29 15:00:00,946.39
2018-07-29 16:00:00,973.745
2018-07-29 17:00:00,977.066
2018-07-29 18:00:00,941.342
2018-07-29 19:00:00,890.715
2018-07-29 20:00:00,855.585
2018-07-29 21:00:00,785.846
2018-07-29 22:00:00,699.193
2018-07-29 23:00:00,643.712
2018-07-30 00:00:00,625.494
2018-07-30 01:00:00,600.985
2018-07-30 02:00:00,584.459
2018-07-30 03:00:00,594.065
2018-07-30 04:00:00,627.75
2018-07-30 05:00:00,707.266
2018-07-30 06:00:00,820.898
2018-07-30 07:00:00,891.862
2018-07-30 08:00:00,978.578
2018-07-30 09:00:00,1025.212
2018-07-30 10:00:00,1005.029
2018-07-30 11:00:00,998.069
2018-07-30 12:00:00,961.565
2018-07-30 13:00:00,914.623
2018-07-30 14:00:00,889.451
2018-07-30 15:00:00,875.644
2018-07-30 16:00:00,851.726
2018-07-30 17:00:00,814.272
2018-07-30 18:00:00,778.056
2018-07-30 19:00:00,760.228
2018-07-30 20:00:00,743.018
2018-07-30 21:00:00,695.975
2018-07-30 22:00:00,638.2
2018-07-30 23:00:00,578.168
2018-07-31 00:00:00,542.694
2018-07-31 01:00:00,527.01
2018-07-31 02:00:00,521.181
2018-07-31 03:00:00,538.895
2018-07-31 04:00:00,580.973
2018-07-31 05:00:00,665.088
2018-07-31 06:00:00,777.649
2018-07-31 07:00:00,853.478
2018-07-31 08:00:00,904.945
2018-07-31 09:00:00,952.538
2018-07-31 10:00:00,996.428
2018-07-31 11:00:00,990.354
2018-07-31 12:00:00,968.437
2018-07-31 13:00:00,963.223
2018-07-31 14:00:00,978.512
2018-07-31 15:00:00,1023.057
2018-07-31 16:00:00,1046.977
2018-07-31 17:00:00,1042.223
2018-07-31 18:00:00,1001.619
2018-07-31 19:00:00,952.617
2018-07-31 20:00:00,884.98
2018-07-31 21:00:00,797.209
2018-07-31 22:00:00,721.861
2018-07-31 23:00:00,657.491
2018-08-01 00:00:00,628.429
2018-08-01 01:00:00,623.263
2018-08-01 02:00:00,615.677
2018-08-01 03:00:00,613.891
2018-08-01 04:00:00,640.804
2018-08-01 05:00:00,726.06
2018-08-01 06:00:00,882.142
2018-08-01 07:00:00,1008.255
2018-08-01 08:00:00,1091.378
2018-08-01 09:00:00,1176.33
2018-08-01 10:00:00,1202.824
2018-08-01 11:00:00,1220.413
2018-08-01 12:00:00,1236.565
2018-08-01 13:00:00,1239.774
2018-08-01 14:00:00,1275.646
2018-08-01 15:00:00,1285.462
2018-08-01 16:00:00,1269.463
2018-08-01 17:00:00,1224.103
2018-08-01 18:00:00,1164.211
2018-08-01 19:00:00,1077.119
2018-08-01 20:00:00,1010.283
2018-08-01 21:00:00,941.848
2018-08-01 22:00:00,866.522
2018-08-01 23:00:00,758.378
2018-08-02 00:00:00,693.506
2018-08-02 01:00:00,675.789
2018-08-02 02:00:00,658.181
2018-08-02 03:00:00,663.155
2018-08-02 04:00:00,701.124
2018-08-02 05:00:00,766.061
2018-08-02 06:00:00,875.439
2018-08-02 07:00:00,942.067
2018-08-02 08:00:00,994.035
2018-08-02 09:00:00,1033.634
2018-08-02 10:00:00,1072.005
2018-08-02 11:00:00,1103.366
2018-08-02 12:00:00,1147.802
2018-08-02 13:00:00,1108.16
2018-08-02 14:00:00,1002.422
2018-08-02 15:00:00,924.429
2018-08-02 16:00:00,906.323
2018-08-02 17:00:00,902.48
2018-08-02 18:00:00,897.704
2018-08-02 19:00:00,869.156
2018-08-02 20:00:00,843.821
2018-08-02 21:00:00,778.344
2018-08-02 22:00:00,703.482
2018-08-02 23:00:00,635.664
2018-08-03 00:00:00,601.515
2018-08-03 01:00:00,587.952
2018-08-03 02:00:00,576.718
2018-08-03 03:00:00,588.471
2018-08-03 04:00:00,634.854
2018-08-03 05:00:00,717.009
2018-08-03 06:00:00,830.74
2018-08-03 07:00:00,891.808
2018-08-03 08:00:00,934.103
2018-08-03 09:00:00,992.357
2018-08-03 10:00:00,1048.764
2018-08-03 11:00:00,1106.314
2018-08-03 12:00:00,1143.723
2018-08-03 13:00:00,1094.574
2018-08-03 14:00:00,1085.351
2018-08-03 15:00:00,1070.52
2018-08-03 16:00:00,1036.784
2018-08-03 17:00:00,963.696
2018-08-03 18:00:00,909.158
2018-08-03 19:00:00,905.147
2018-08-03 20:00:00,865.38
2018-08-03 21:00:00,786.144
2018-08-03 22:00:00,704.591
2018-08-03 23:00:00,645.726
2018-08-04 00:00:00,616.491
2018-08-04 01:00:00,588.627
2018-08-04 02:00:00,574.378
2018-08-04 03:00:00,568.45
2018-08-04 04:00:00,572.207
2018-08-04 05:00:00,604.168
2018-08-04 06:00:00,679.693
2018-08-04 07:00:00,770.133
2018-08-04 08:00:00,884.692
2018-08-04 09:00:00,965.928
2018-08-04 10:00:00,1007.615
2018-08-04 11:00:00,1056.03
2018-08-04 12:00:00,1095.41
2018-08-04 13:00:00,1137.453
2018-08-04 14:00:00,1157.795
2018-08-04 15:00:00,1187.451
2018-08-04 16:00:00,1215.328
2018-08-04 17:00:00,1195.594
2018-08-04 18:00:00,1136.71
2018-08-04 19:00:00,1055.068
2018-08-04 20:00:00,997.235
2018-08-04 21:00:00,887.578
2018-08-04 22:00:00,782.136
2018-08-04 23:00:00,697.868
2018-08-05 00:00:00,625.351
2018-08-05 01:00:00,598.278
2018-08-05 02:00:00,572.75
2018-08-05 03:00:00,557.313
2018-08-05 04:00:00,556.137
2018-08-05 05:00:00,559.263
2018-08-05 06:00:00,628.788
2018-08-05 07:00:00,753.506
2018-08-05 08:00:00,851.438
2018-08-05 09:00:00,934.014
2018-08-05 10:00:00,977.936
2018-08-05 11:00:00,1040.732
2018-08-05 12:00:00,1103.067
2018-08-05 13:00:00,1116.474
2018-08-05 14:00:00,1132.623
2018-08-05 15:00:00,1153.693
2018-08-05 16:00:00,1129.664
2018-08-05 17:00:00,1058.688
2018-08-05 18:00:00,1002.675
2018-08-05 19:00:00,946.603
2018-08-05 20:00:00,918.874
2018-08-05 21:00:00,840.132
2018-08-05 22:00:00,760.004
2018-08-05 23:00:00,694.338
2018-08-06 00:00:00,661.946
2018-08-06 01:00:00,651.332
2018-08-06 02:00:00,632.36
2018-08-06 03:00:00,642.413
2018-08-06 04:00:00,679.99
2018-08-06 05:00:00,758.01
2018-08-06 06:00:00,893.346
2018-08-06 07:00:00,1006.933
2018-08-06 08:00:00,1089.202
2018-08-06 09:00:00,1188.985
2018-08-06 10:00:00,1252.833
2018-08-06 11:00:00,1293.555
2018-08-06 12:00:00,1325.511
2018-08-06 13:00:00,1317.302
2018-08-06 14:00:00,1260.532
2018-08-06 15:00:00,1152.531
2018-08-06 16:00:00,1178.23
2018-08-06 17:00:00,1156.008
2018-08-06 18:00:00,1104.063
2018-08-06 19:00:00,1050.674
2018-08-06 20:00:00,972.655
2018-08-06 21:00:00,877.948
2018-08-06 22:00:00,805.545
2018-08-06 23:00:00,739.819
2018-08-07 00:00:00,685.852
2018-08-07 01:00:00,671.328
2018-08-07 02:00:00,651.014
2018-08-07 03:00:00,654.113
2018-08-07 04:00:00,700.855
2018-08-07 05:00:00,771.36
2018-08-07 06:00:00,902.479
2018-08-07 07:00:00,1000.078
2018-08-07 08:00:00,1098.588
2018-08-07 09:00:00,1206.252
2018-08-07 10:00:00,1272.707
2018-08-07 11:00:00,1306.906
2018-08-07 12:00:00,1343.077
2018-08-07 13:00:00,1295.925
2018-08-07 14:00:00,1247.225
2018-08-07 15:00:00,1165.994
2018-08-07 16:00:00,1089.264
2018-08-07 17:00:00,1068.554
2018-08-07 18:00:00,1028.319
2018-08-07 19:00:00,976.112
2018-08-07 20:00:00,916.5
2018-08-07 21:00:00,846.953
2018-08-07 22:00:00,759.59
2018-08-07 23:00:00,695.229
2018-08-08 00:00:00,652.797
2018-08-08 01:00:00,630.873
2018-08-08 02:00:00,619.473
2018-08-08 03:00:00,629.886
2018-08-08 04:00:00,677.862
2018-08-08 05:00:00,751.282
2018-08-08 06:00:00,875.059
2018-08-08 07:00:00,993.92
2018-08-08 08:00:00,1089.474
2018-08-08 09:00:00,1202.871
2018-08-08 10:00:00,1271.335
2018-08-08 11:00:00,1286.359
2018-08-08 12:00:00,1304.698
2018-08-08 13:00:00,1343.052
2018-08-08 14:00:00,1338.579
2018-08-08 15:00:00,1356.404
2018-08-08 16:00:00,1362.318
2018-08-08 17:00:00,1266.849
2018-08-08 18:00:00,1166.705
2018-08-08 19:00:00,1101.172
2018-08-08 20:00:00,1051.668
2018-08-08 21:00:00,983.666
2018-08-08 22:00:00,902.764
2018-08-08 23:00:00,789.296
2018-08-09 00:00:00,724.827
2018-08-09 01:00:00,699.355
2018-08-09 02:00:00,672.387
2018-08-09 03:00:00,668.539
2018-08-09 04:00:00,706.736
2018-08-09 05:00:00,772.703
2018-08-09 06:00:00,902.467
2018-08-09 07:00:00,1031.378
2018-08-09 08:00:00,1141.537
2018-08-09 09:00:00,1237.636
2018-08-09 10:00:00,1269.447
2018-08-09 11:00:00,1293.346
2018-08-09 12:00:00,1319.831
2018-08-09 13:00:00,1297.228
2018-08-09 14:00:00,1278.93
2018-08-09 15:00:00,1290.793
2018-08-09 16:00:00,1320.388
2018-08-09 17:00:00,1250.385
2018-08-09 18:00:00,1160.413
2018-08-09 19:00:00,1096.09
2018-08-09 20:00:00,1030.946
2018-08-09 21:00:00,926.864
2018-08-09 22:00:00,837.723
2018-08-09 23:00:00,765.053
2018-08-10 00:00:00,717.247
2018-08-10 01:00:00,691.328
2018-08-10 02:00:00,667.296
2018-08-10 03:00:00,667.176
2018-08-10 04:00:00,716.79
2018-08-10 05:00:00,775.138
2018-08-10 06:00:00,913.951
2018-08-10 07:00:00,1033.488
2018-08-10 08:00:00,1130.185
2018-08-10 09:00:00,1233.439
2018-08-10 10:00:00,1285.218
2018-08-10 11:00:00,1290.657
2018-08-10 12:00:00,1286.08
2018-08-10 13:00:00,1268.752
2018-08-10 14:00:00,1267.767
2018-08-10 15:00:00,1296.451
2018-08-10 16:00:00,1296.583
2018-08-10 17:00:00,1224.713
2018-08-10 18:00:00,1150.936
2018-08-10 19:00:00,1076.458
2018-08-10 20:00:00,1014.758
2018-08-10 21:00:00,924.521
2018-08-10 22:00:00,831.118
2018-08-10 23:00:00,758.536
2018-08-11 00:00:00,710.186
2018-08-11 01:00:00,678.608
2018-08-11 02:00:00,668.758
2018-08-11 03:00:00,668.889
2018-08-11 04:00:00,672.139
2018-08-11 05:00:00,703.304
2018-08-11 06:00:00,775.554
2018-08-11 07:00:00,846.847
2018-08-11 08:00:00,934.8
2018-08-11 09:00:00,1007.847
2018-08-11 10:00:00,1032.77
2018-08-11 11:00:00,1099.215
2018-08-11 12:00:00,1179.356
2018-08-11 13:00:00,1208.703
2018-08-11 14:00:00,1241.212
2018-08-11 15:00:00,1239.674
2018-08-11 16:00:00,1179.307
2018-08-11 17:00:00,1105.607
2018-08-11 18:00:00,1057.821
2018-08-11 19:00:00,1015.288
2018-08-11 20:00:00,961.117
2018-08-11 21:00:00,878.295
2018-08-11 22:00:00,763.189
2018-08-11 23:00:00,687.017
2018-08-12 00:00:00,621.796
2018-08-12 01:00:00,586.641
2018-08-12 02:00:00,569.969
2018-08-12 03:00:00,558.616
2018-08-12 04:00:00,558.412
2018-08-12 05:00:00,566.424
2018-08-12 06:00:00,611.984
2018-08-12 07:00:00,684.939
2018-08-12 08:00:00,766.638
2018-08-12 09:00:00,814.81
2018-08-12 10:00:00,866.437
2018-08-12 11:00:00,902.967
2018-08-12 12:00:00,960.908
2018-08-12 13:00:00,1016.839
2018-08-12 14:00:00,1020.215
2018-08-12 15:00:00,942.947
2018-08-12 16:00:00,874.864
2018-08-12 17:00:00,825.811
2018-08-12 18:00:00,805.843
2018-08-12 19:00:00,815.851
2018-08-12 20:00:00,809.397
2018-08-12 21:00:00,754.878
2018-08-12 22:00:00,679.931
2018-08-12 23:00:00,619.288
2018-08-13 00:00:00,603.133
2018-08-13 01:00:00,597.65
2018-08-13 02:00:00,586.851
2018-08-13 03:00:00,604.631
2018-08-13 04:00:00,640.424
2018-08-13 05:00:00,728.327
2018-08-13 06:00:00,841.135
2018-08-13 07:00:00,928.623
2018-08-13 08:00:00,1024.107
2018-08-13 09:00:00,1103.502
2018-08-13 10:00:00,1140.454
2018-08-13 11:00:00,1177.839
2018-08-13 12:00:00,1182.627
2018-08-13 13:00:00,1166.506
2018-08-13 14:00:00,1169.118
2018-08-13 15:00:00,1141.575
2018-08-13 16:00:00,1053.589
2018-08-13 17:00:00,1001.346
2018-08-13 18:00:00,947.748
2018-08-13 19:00:00,901.214
2018-08-13 20:00:00,863.824
2018-08-13 21:00:00,787.97
2018-08-13 22:00:00,700.867
2018-08-13 23:00:00,621.3
2018-08-14 00:00:00,578.425
2018-08-14 01:00:00,563.008
2018-08-14 02:00:00,550.356
2018-08-14 03:00:00,554.722
2018-08-14 04:00:00,588.123
2018-08-14 05:00:00,661.516
2018-08-14 06:00:00,772.602
2018-08-14 07:00:00,857.738
2018-08-14 08:00:00,959.417
2018-08-14 09:00:00,1052.817
2018-08-14 10:00:00,1086.291
2018-08-14 11:00:00,1108.044
2018-08-14 12:00:00,1136.559
2018-08-14 13:00:00,1127.241
2018-08-14 14:00:00,1139.364
2018-08-14 15:00:00,1167.012
2018-08-14 16:00:00,1124.108
2018-08-14 17:00:00,1052.386
2018-08-14 18:00:00,985.591
2018-08-14 19:00:00,952.185
2018-08-14 20:00:00,893.671
2018-08-14 21:00:00,814.63
2018-08-14 22:00:00,735.703
2018-08-14 23:00:00,661.56
2018-08-15 00:00:00,614.071
2018-08-15 01:00:00,593.704
2018-08-15 02:00:00,582.326
2018-08-15 03:00:00,588.056
2018-08-15 04:00:00,623.548
2018-08-15 05:00:00,702.526
2018-08-15 06:00:00,816.66
2018-08-15 07:00:00,921.186
2018-08-15 08:00:00,1039.904
2018-08-15 09:00:00,1155.473
2018-08-15 10:00:00,1193.04
2018-08-15 11:00:00,1241.309
2018-08-15 12:00:00,1278.32
2018-08-15 13:00:00,1271.234
2018-08-15 14:00:00,1278.114
2018-08-15 15:00:00,1265.248
2018-08-15 16:00:00,1237.256
2018-08-15 17:00:00,1172.974
2018-08-15 18:00:00,1103.293
2018-08-15 19:00:00,1047.062
2018-08-15 20:00:00,993.516
2018-08-15 21:00:00,935.496
2018-08-15 22:00:00,840.201
2018-08-15 23:00:00,737.705
2018-08-16 00:00:00,672.89
2018-08-16 01:00:00,639.365
2018-08-16 02:00:00,616.171
2018-08-16 03:00:00,612.039
2018-08-16 04:00:00,647.445
2018-08-16 05:00:00,723.48
2018-08-16 06:00:00,849.417
2018-08-16 07:00:00,948.761
2018-08-16 08:00:00,1040.508
2018-08-16 09:00:00,1134.698
2018-08-16 10:00:00,1192.505
2018-08-16 11:00:00,1233.606
2018-08-16 12:00:00,1284.117
2018-08-16 13:00:00,1284.303
2018-08-16 14:00:00,1286.815
2018-08-16 15:00:00,1293.247
2018-08-16 16:00:00,1262.102
2018-08-16 17:00:00,1213.672
2018-08-16 18:00:00,1128.251
2018-08-16 19:00:00,1040.709
2018-08-16 20:00:00,993.999
2018-08-16 21:00:00,918.267
2018-08-16 22:00:00,839.496
2018-08-16 23:00:00,763.284
2018-08-17 00:00:00,715.321
2018-08-17 01:00:00,705.95
2018-08-17 02:00:00,695.015
2018-08-17 03:00:00,694.286
2018-08-17 04:00:00,733.986
2018-08-17 05:00:00,805.124
2018-08-17 06:00:00,935.103
2018-08-17 07:00:00,1042.759
2018-08-17 08:00:00,1131.956
2018-08-17 09:00:00,1237.276
2018-08-17 10:00:00,1311.716
2018-08-17 11:00:00,1342.044
2018-08-17 12:00:00,1409.783
2018-08-17 13:00:00,1438.351
2018-08-17 14:00:00,1426.204
2018-08-17 15:00:00,1399.625
2018-08-17 16:00:00,1296.194
2018-08-17 17:00:00,1199.228
2018-08-17 18:00:00,1101.481
2018-08-17 19:00:00,1025.917
2018-08-17 20:00:00,966.975
2018-08-17 21:00:00,887.768
2018-08-17 22:00:00,804.408
2018-08-17 23:00:00,728.024
2018-08-18 00:00:00,670.218
2018-08-18 01:00:00,642.334
2018-08-18 02:00:00,636.889
2018-08-18 03:00:00,629.07
2018-08-18 04:00:00,637.394
2018-08-18 05:00:00,673.776
2018-08-18 06:00:00,728.004
2018-08-18 07:00:00,803.64
2018-08-18 08:00:00,889.967
2018-08-18 09:00:00,991.15
2018-08-18 10:00:00,1070.774
2018-08-18 11:00:00,1131.2
2018-08-18 12:00:00,1169.48
2018-08-18 13:00:00,1190.323
2018-08-18 14:00:00,1184.215
2018-08-18 15:00:00,1184.813
2018-08-18 16:00:00,1166.851
2018-08-18 17:00:00,1143.203
2018-08-18 18:00:00,1101.713
2018-08-18 19:00:00,1047.677
2018-08-18 20:00:00,988.322
2018-08-18 21:00:00,894.786
2018-08-18 22:00:00,780.796
2018-08-18 23:00:00,707.974
2018-08-19 00:00:00,641.375
2018-08-19 01:00:00,595.902
2018-08-19 02:00:00,571.521
2018-08-19 03:00:00,558.981
2018-08-19 04:00:00,552.105
2018-08-19 05:00:00,552.41
2018-08-19 06:00:00,597.249
2018-08-19 07:00:00,694.394
2018-08-19 08:00:00,780.241
2018-08-19 09:00:00,864.475
2018-08-19 10:00:00,896.113
2018-08-19 11:00:00,923.759
2018-08-19 12:00:00,943.959
2018-08-19 13:00:00,970.745
2018-08-19 14:00:00,1002.907
2018-08-19 15:00:00,1024.642
2018-08-19 16:00:00,1006.899
2018-08-19 17:00:00,952.966
2018-08-19 18:00:00,902.959
2018-08-19 19:00:00,882.943
2018-08-19 20:00:00,846.503
2018-08-19 21:00:00,777.348
2018-08-19 22:00:00,696.6
2018-08-19 23:00:00,633.22
2018-08-20 00:00:00,610.902
2018-08-20 01:00:00,606.672
2018-08-20 02:00:00,592.049
2018-08-20 03:00:00,603.271
2018-08-20 04:00:00,642.574
2018-08-20 05:00:00,708.296
2018-08-20 06:00:00,800.744
2018-08-20 07:00:00,849.857
2018-08-20 08:00:00,906.252
2018-08-20 09:00:00,955.798
2018-08-20 10:00:00,955.068
2018-08-20 11:00:00,957.154
2018-08-20 12:00:00,969.024
2018-08-20 13:00:00,993.497
2018-08-20 14:00:00,1012.458
2018-08-20 15:00:00,1007.402
2018-08-20 16:00:00,1003.818
2018-08-20 17:00:00,966.573
2018-08-20 18:00:00,920.117
2018-08-20 19:00:00,893.761
2018-08-20 20:00:00,849.606
2018-08-20 21:00:00,775.401
2018-08-20 22:00:00,699.376
2018-08-20 23:00:00,632.839
2018-08-21 00:00:00,597.945
2018-08-21 01:00:00,586.912
2018-08-21 02:00:00,581.334
2018-08-21 03:00:00,596.809
2018-08-21 04:00:00,653.765
2018-08-21 05:00:00,742.489
2018-08-21 06:00:00,837.121
2018-08-21 07:00:00,903.238
2018-08-21 08:00:00,950.044
2018-08-21 09:00:00,1006.9
2018-08-21 10:00:00,1049.371
2018-08-21 11:00:00,1059.487
2018-08-21 12:00:00,1009.911
2018-08-21 13:00:00,926.9
2018-08-21 14:00:00,928.709
2018-08-21 15:00:00,977.957
2018-08-21 16:00:00,999.778
2018-08-21 17:00:00,1001.619
2018-08-21 18:00:00,956.695
2018-08-21 19:00:00,909.975
2018-08-21 20:00:00,845.226
2018-08-21 21:00:00,777.491
2018-08-21 22:00:00,705.805
2018-08-21 23:00:00,647.437
2018-08-22 00:00:00,615.791
2018-08-22 01:00:00,600.273
2018-08-22 02:00:00,587.039
2018-08-22 03:00:00,587.875
2018-08-22 04:00:00,622.619
2018-08-22 05:00:00,704.846
2018-08-22 06:00:00,820.056
2018-08-22 07:00:00,903.525
2018-08-22 08:00:00,994.224
2018-08-22 09:00:00,1078.562
2018-08-22 10:00:00,1090.273
2018-08-22 11:00:00,1069.446
2018-08-22 12:00:00,1016.894
2018-08-22 13:00:00,994.162
2018-08-22 14:00:00,1030.724
2018-08-22 15:00:00,1096.564
2018-08-22 16:00:00,1105.841
2018-08-22 17:00:00,1054.176
2018-08-22 18:00:00,986.267
2018-08-22 19:00:00,938.899
2018-08-22 20:00:00,874.85
2018-08-22 21:00:00,780.279
2018-08-22 22:00:00,688.138
2018-08-22 23:00:00,615.739
2018-08-23 00:00:00,559.087
2018-08-23 01:00:00,532.737
2018-08-23 02:00:00,514.602
2018-08-23 03:00:00,511.112
2018-08-23 04:00:00,541.124
2018-08-23 05:00:00,609.963
2018-08-23 06:00:00,702.053
2018-08-23 07:00:00,785.631
2018-08-23 08:00:00,851.987
2018-08-23 09:00:00,914.521
2018-08-23 10:00:00,951.038
2018-08-23 11:00:00,966.871
2018-08-23 12:00:00,979.421
2018-08-23 13:00:00,970.272
2018-08-23 14:00:00,961.949
2018-08-23 15:00:00,955.21
2018-08-23 16:00:00,977.313
2018-08-23 17:00:00,944.336
2018-08-23 18:00:00,881.649
2018-08-23 19:00:00,846.984
2018-08-23 20:00:00,801.579
2018-08-23 21:00:00,714.621
2018-08-23 22:00:00,633.559
2018-08-23 23:00:00,569.224
2018-08-24 00:00:00,531.371
2018-08-24 01:00:00,514.867
2018-08-24 02:00:00,498.557
2018-08-24 03:00:00,503.629
2018-08-24 04:00:00,538.376
2018-08-24 05:00:00,613.284
2018-08-24 06:00:00,714.54
2018-08-24 07:00:00,806.84
2018-08-24 08:00:00,883.071
2018-08-24 09:00:00,975.051
2018-08-24 10:00:00,1014.592
2018-08-24 11:00:00,1034.256
2018-08-24 12:00:00,1051.239
2018-08-24 13:00:00,1031.078
2018-08-24 14:00:00,1040.985
2018-08-24 15:00:00,1052.937
2018-08-24 16:00:00,1055.612
2018-08-24 17:00:00,1009.896
2018-08-24 18:00:00,946.469
2018-08-24 19:00:00,894.856
2018-08-24 20:00:00,838.762
2018-08-24 21:00:00,747.824
2018-08-24 22:00:00,660.196
2018-08-24 23:00:00,592.989
2018-08-25 00:00:00,555.781
2018-08-25 01:00:00,529.275
2018-08-25 02:00:00,515.807
2018-08-25 03:00:00,506.131
2018-08-25 04:00:00,505.079
2018-08-25 05:00:00,541.14
2018-08-25 06:00:00,608.727
2018-08-25 07:00:00,709.344
2018-08-25 08:00:00,784.666
2018-08-25 09:00:00,852.138
2018-08-25 10:00:00,895.709
2018-08-25 11:00:00,940.766
2018-08-25 12:00:00,961.614
2018-08-25 13:00:00,965.246
2018-08-25 14:00:00,989.818
2018-08-25 15:00:00,1019.992
2018-08-25 16:00:00,1044.68
2018-08-25 17:00:00,1004.912
2018-08-25 18:00:00,936.613
2018-08-25 19:00:00,886.533
2018-08-25 20:00:00,840.92
2018-08-25 21:00:00,751.623
2018-08-25 22:00:00,660.162
2018-08-25 23:00:00,600.342
2018-08-26 00:00:00,534.965
2018-08-26 01:00:00,504.104
2018-08-26 02:00:00,484.248
2018-08-26 03:00:00,467.201
2018-08-26 04:00:00,469.573
2018-08-26 05:00:00,480.725
2018-08-26 06:00:00,523.556
2018-08-26 07:00:00,619.482
2018-08-26 08:00:00,720.224
2018-08-26 09:00:00,828.517
2018-08-26 10:00:00,852.853
2018-08-26 11:00:00,882.047
2018-08-26 12:00:00,938.823
2018-08-26 13:00:00,968.976
2018-08-26 14:00:00,999.975
2018-08-26 15:00:00,1047.926
2018-08-26 16:00:00,1066.963
2018-08-26 17:00:00,1032.208
2018-08-26 18:00:00,973.99
2018-08-26 19:00:00,931.839
2018-08-26 20:00:00,886.054
2018-08-26 21:00:00,806.905
2018-08-26 22:00:00,736.653
2018-08-26 23:00:00,677.757
2018-08-27 00:00:00,659.781
2018-08-27 01:00:00,643.319
2018-08-27 02:00:00,626.72
2018-08-27 03:00:00,637.349
2018-08-27 04:00:00,676.462
2018-08-27 05:00:00,759.797
2018-08-27 06:00:00,873.521
2018-08-27 07:00:00,981.181
2018-08-27 08:00:00,1066.001
2018-08-27 09:00:00,1165.911
2018-08-27 10:00:00,1228.784
2018-08-27 11:00:00,1264.424
2018-08-27 12:00:00,1305.888
2018-08-27 13:00:00,1331.509
2018-08-27 14:00:00,1351.496
2018-08-27 15:00:00,1356.168
2018-08-27 16:00:00,1332.44
2018-08-27 17:00:00,1259.629
2018-08-27 18:00:00,1184.011
2018-08-27 19:00:00,1113.974
2018-08-27 20:00:00,1044.086
2018-08-27 21:00:00,943.718
2018-08-27 22:00:00,849.829
2018-08-27 23:00:00,783.094
2018-08-28 00:00:00,735.208
2018-08-28 01:00:00,719.479
2018-08-28 02:00:00,705.65
2018-08-28 03:00:00,710.2
2018-08-28 04:00:00,748.207
2018-08-28 05:00:00,836.772
2018-08-28 06:00:00,963.182
2018-08-28 07:00:00,1075.418
2018-08-28 08:00:00,1163.903
2018-08-28 09:00:00,1275.223
2018-08-28 10:00:00,1352.988
2018-08-28 11:00:00,1381.421
2018-08-28 12:00:00,1415.452
2018-08-28 13:00:00,1399.276
2018-08-28 14:00:00,1402.015
2018-08-28 15:00:00,1414.902
2018-08-28 16:00:00,1382.619
2018-08-28 17:00:00,1305.489
2018-08-28 18:00:00,1209.159
2018-08-28 19:00:00,1141.966
2018-08-28 20:00:00,1073.689
2018-08-28 21:00:00,994.07
2018-08-28 22:00:00,909.506
2018-08-28 23:00:00,822.107
2018-08-29 00:00:00,763.207
2018-08-29 01:00:00,749.867
2018-08-29 02:00:00,733.422
2018-08-29 03:00:00,744.919
2018-08-29 04:00:00,787.206
2018-08-29 05:00:00,865.392
2018-08-29 06:00:00,993.855
2018-08-29 07:00:00,1100.461
2018-08-29 08:00:00,1202.132
2018-08-29 09:00:00,1309.961
2018-08-29 10:00:00,1379.64
2018-08-29 11:00:00,1429.001
2018-08-29 12:00:00,1473.589
2018-08-29 13:00:00,1456.264
2018-08-29 14:00:00,1442.593
2018-08-29 15:00:00,1407.667
2018-08-29 16:00:00,1397.198
2018-08-29 17:00:00,1319.927
2018-08-29 18:00:00,1224.145
2018-08-29 19:00:00,1171.817
2018-08-29 20:00:00,1099.994
2018-08-29 21:00:00,1010.755
2018-08-29 22:00:00,926.208
2018-08-29 23:00:00,845.206
2018-08-30 00:00:00,789.671
2018-08-30 01:00:00,778.148
2018-08-30 02:00:00,752.642
2018-08-30 03:00:00,743.912
2018-08-30 04:00:00,777.371
2018-08-30 05:00:00,850.758
2018-08-30 06:00:00,975.689
2018-08-30 07:00:00,1105.728
2018-08-30 08:00:00,1210.133
2018-08-30 09:00:00,1309.196
2018-08-30 10:00:00,1338.148
2018-08-30 11:00:00,1350.88
2018-08-30 12:00:00,1357.235
2018-08-30 13:00:00,1360.925
2018-08-30 14:00:00,1351.992
2018-08-30 15:00:00,1340.246
2018-08-30 16:00:00,1313.322
2018-08-30 17:00:00,1240.446
2018-08-30 18:00:00,1138.989
2018-08-30 19:00:00,1077.05
2018-08-30 20:00:00,1027.466
2018-08-30 21:00:00,944.416
2018-08-30 22:00:00,864.522
2018-08-30 23:00:00,796.293
2018-08-31 00:00:00,745.021
2018-08-31 01:00:00,715.556
2018-08-31 02:00:00,696.306
2018-08-31 03:00:00,712.199
2018-08-31 04:00:00,755.645
2018-08-31 05:00:00,828.691
2018-08-31 06:00:00,947.831
2018-08-31 07:00:00,1046.898
2018-08-31 08:00:00,1139.844
2018-08-31 09:00:00,1208.683
2018-08-31 10:00:00,1229.049
2018-08-31 11:00:00,1306.005
2018-08-31 12:00:00,1354.382
2018-08-31 13:00:00,1312.886
2018-08-31 14:00:00,1321.988
2018-08-31 15:00:00,1323.877
2018-08-31 16:00:00,1296.747
2018-08-31 17:00:00,1215.702
2018-08-31 18:00:00,1122.47
2018-08-31 19:00:00,1073.353
2018-08-31 20:00:00,1021.189
2018-08-31 21:00:00,928.106
2018-08-31 22:00:00,812.038
2018-08-31 23:00:00,732.048
2018-09-01 00:00:00,675.802
2018-09-01 01:00:00,640.316
2018-09-01 02:00:00,629.348
2018-09-01 03:00:00,638.687
2018-09-01 04:00:00,653.775
2018-09-01 05:00:00,680.201
2018-09-01 06:00:00,731.163
2018-09-01 07:00:00,810.091
2018-09-01 08:00:00,880.649
2018-09-01 09:00:00,952.563
2018-09-01 10:00:00,1005.49
2018-09-01 11:00:00,1045.702
2018-09-01 12:00:00,1097.1
2018-09-01 13:00:00,1141.154
2018-09-01 14:00:00,1106.801
2018-09-01 15:00:00,1096.579
2018-09-01 16:00:00,1152.152
2018-09-01 17:00:00,1123.692
2018-09-01 18:00:00,1086.922
2018-09-01 19:00:00,1052.66
2018-09-01 20:00:00,974.832
2018-09-01 21:00:00,850.475
2018-09-01 22:00:00,743.422
2018-09-01 23:00:00,674.617
2018-09-02 00:00:00,613.36
2018-09-02 01:00:00,574.071
2018-09-02 02:00:00,551.805
2018-09-02 03:00:00,545.924
2018-09-02 04:00:00,541.384
2018-09-02 05:00:00,541.737
2018-09-02 06:00:00,570.042
2018-09-02 07:00:00,688.188
2018-09-02 08:00:00,790.679
2018-09-02 09:00:00,853.713
2018-09-02 10:00:00,915.311
2018-09-02 11:00:00,956.883
2018-09-02 12:00:00,1014.188
2018-09-02 13:00:00,1055.417
2018-09-02 14:00:00,1097.828
2018-09-02 15:00:00,1159.01
2018-09-02 16:00:00,1177.322
2018-09-02 17:00:00,1147.968
2018-09-02 18:00:00,1090.744
2018-09-02 19:00:00,1038.351
2018-09-02 20:00:00,991.134
2018-09-02 21:00:00,904.884
2018-09-02 22:00:00,830.135
2018-09-02 23:00:00,764.404
2018-09-03 00:00:00,737.668
2018-09-03 01:00:00,735.444
2018-09-03 02:00:00,707.057
2018-09-03 03:00:00,707.427
2018-09-03 04:00:00,746.186
2018-09-03 05:00:00,822.989
2018-09-03 06:00:00,962.133
2018-09-03 07:00:00,1080.229
2018-09-03 08:00:00,1185.676
2018-09-03 09:00:00,1283.279
2018-09-03 10:00:00,1346.052
2018-09-03 11:00:00,1401.137
2018-09-03 12:00:00,1431.88
2018-09-03 13:00:00,1418.188
2018-09-03 14:00:00,1414.908
2018-09-03 15:00:00,1403.999
2018-09-03 16:00:00,1358.812
2018-09-03 17:00:00,1314.545
2018-09-03 18:00:00,1235.306
2018-09-03 19:00:00,1163.075
2018-09-03 20:00:00,1085.766
2018-09-03 21:00:00,1003.777
2018-09-03 22:00:00,930.891
2018-09-03 23:00:00,862.496
2018-09-04 00:00:00,796.095
2018-09-04 01:00:00,761.962
2018-09-04 02:00:00,742.851
2018-09-04 03:00:00,742.546
2018-09-04 04:00:00,778.253
2018-09-04 05:00:00,850.885
2018-09-04 06:00:00,991.961
2018-09-04 07:00:00,1130.566
2018-09-04 08:00:00,1249.587
2018-09-04 09:00:00,1360.892
2018-09-04 10:00:00,1411.122
2018-09-04 11:00:00,1443.692
2018-09-04 12:00:00,1441.889
2018-09-04 13:00:00,1373.323
2018-09-04 14:00:00,1350.99
2018-09-04 15:00:00,1247.517
2018-09-04 16:00:00,1151.76
2018-09-04 17:00:00,1141.912
2018-09-04 18:00:00,1101.036
2018-09-04 19:00:00,1058.259
2018-09-04 20:00:00,1002.419
2018-09-04 21:00:00,928.123
2018-09-04 22:00:00,848.799
2018-09-04 23:00:00,771.534
2018-09-05 00:00:00,722.236
2018-09-05 01:00:00,694.266
2018-09-05 02:00:00,681.632
2018-09-05 03:00:00,682.374
2018-09-05 04:00:00,716.625
2018-09-05 05:00:00,800.429
2018-09-05 06:00:00,948.613
2018-09-05 07:00:00,1072.757
2018-09-05 08:00:00,1199.365
2018-09-05 09:00:00,1297.251
2018-09-05 10:00:00,1353.25
2018-09-05 11:00:00,1399.001
2018-09-05 12:00:00,1430.026
2018-09-05 13:00:00,1424.627
2018-09-05 14:00:00,1415.394
2018-09-05 15:00:00,1407.228
2018-09-05 16:00:00,1383.89
2018-09-05 17:00:00,1329.266
2018-09-05 18:00:00,1230.807
2018-09-05 19:00:00,1165.741
2018-09-05 20:00:00,1096.713
2018-09-05 21:00:00,994.017
2018-09-05 22:00:00,907.623
2018-09-05 23:00:00,833.597
2018-09-06 00:00:00,782.965
2018-09-06 01:00:00,758.019
2018-09-06 02:00:00,735.302
2018-09-06 03:00:00,732.141
2018-09-06 04:00:00,764.688
2018-09-06 05:00:00,846.56
2018-09-06 06:00:00,987.299
2018-09-06 07:00:00,1105.064
2018-09-06 08:00:00,1201.544
2018-09-06 09:00:00,1318.425
2018-09-06 10:00:00,1386.27
2018-09-06 11:00:00,1428.727
2018-09-06 12:00:00,1448.055
2018-09-06 13:00:00,1427.812
2018-09-06 14:00:00,1418.124
2018-09-06 15:00:00,1398.117
2018-09-06 16:00:00,1365.813
2018-09-06 17:00:00,1321.441
2018-09-06 18:00:00,1228.497
2018-09-06 19:00:00,1170.177
2018-09-06 20:00:00,1099.01
2018-09-06 21:00:00,979.042
2018-09-06 22:00:00,887.341
2018-09-06 23:00:00,811.102
2018-09-07 00:00:00,754.579
2018-09-07 01:00:00,720.816
2018-09-07 02:00:00,698.339
2018-09-07 03:00:00,692.566
2018-09-07 04:00:00,722.93
2018-09-07 05:00:00,804.289
2018-09-07 06:00:00,919.647
2018-09-07 07:00:00,1018.575
2018-09-07 08:00:00,1095.066
2018-09-07 09:00:00,1186.637
2018-09-07 10:00:00,1241.458
2018-09-07 11:00:00,1285.259
2018-09-07 12:00:00,1327.834
2018-09-07 13:00:00,1309.268
2018-09-07 14:00:00,1271.971
2018-09-07 15:00:00,1219.748
2018-09-07 16:00:00,1138.941
2018-09-07 17:00:00,1041.048
2018-09-07 18:00:00,953.091
2018-09-07 19:00:00,920.493
2018-09-07 20:00:00,880.943
2018-09-07 21:00:00,816.988
2018-09-07 22:00:00,744.021
2018-09-07 23:00:00,675.655
2018-09-08 00:00:00,626.685
2018-09-08 01:00:00,596.665
2018-09-08 02:00:00,585.437
2018-09-08 03:00:00,582.094
2018-09-08 04:00:00,583.708
2018-09-08 05:00:00,629.014
2018-09-08 06:00:00,685.438
2018-09-08 07:00:00,757.023
2018-09-08 08:00:00,820.912
2018-09-08 09:00:00,831.2
2018-09-08 10:00:00,830.328
2018-09-08 11:00:00,827.003
2018-09-08 12:00:00,795.106
2018-09-08 13:00:00,760.144
2018-09-08 14:00:00,734.52
2018-09-08 15:00:00,700.654
2018-09-08 16:00:00,694.478
2018-09-08 17:00:00,686.896
2018-09-08 18:00:00,705.171
2018-09-08 19:00:00,707.041
2018-09-08 20:00:00,683.607
2018-09-08 21:00:00,610.848
2018-09-08 22:00:00,542.237
2018-09-08 23:00:00,487.627
2018-09-09 00:00:00,442.032
2018-09-09 01:00:00,418.985
2018-09-09 02:00:00,405.938
2018-09-09 03:00:00,400.226
2018-09-09 04:00:00,406.905
2018-09-09 05:00:00,423.861
2018-09-09 06:00:00,440.994
2018-09-09 07:00:00,494.454
2018-09-09 08:00:00,521.022
2018-09-09 09:00:00,538.735
2018-09-09 10:00:00,540.256
2018-09-09 11:00:00,545.154
2018-09-09 12:00:00,555.367
2018-09-09 13:00:00,557.958
2018-09-09 14:00:00,545.39
2018-09-09 15:00:00,552.152
2018-09-09 16:00:00,561.534
2018-09-09 17:00:00,569.712
2018-09-09 18:00:00,582.08
2018-09-09 19:00:00,599.165
2018-09-09 20:00:00,596.143
2018-09-09 21:00:00,553.079
2018-09-09 22:00:00,503.001
2018-09-09 23:00:00,453.999
2018-09-10 00:00:00,449.584
2018-09-10 01:00:00,446.205
2018-09-10 02:00:00,448.193
2018-09-10 03:00:00,456.635
2018-09-10 04:00:00,493.933
2018-09-10 05:00:00,572.138
2018-09-10 06:00:00,657.171
2018-09-10 07:00:00,719.464
2018-09-10 08:00:00,761.728
2018-09-10 09:00:00,796.245
2018-09-10 10:00:00,798.048
2018-09-10 11:00:00,813.273
2018-09-10 12:00:00,801.668
2018-09-10 13:00:00,760.79
2018-09-10 14:00:00,751.404
2018-09-10 15:00:00,741.084
2018-09-10 16:00:00,755.694
2018-09-10 17:00:00,765.415
2018-09-10 18:00:00,766.704
2018-09-10 19:00:00,754.521
2018-09-10 20:00:00,735.84
2018-09-10 21:00:00,687.765
2018-09-10 22:00:00,620.565
2018-09-10 23:00:00,556.863
2018-09-11 00:00:00,528.986
2018-09-11 01:00:00,510.855
2018-09-11 02:00:00,506.641
2018-09-11 03:00:00,522.992
2018-09-11 04:00:00,564.317
2018-09-11 05:00:00,648.15
2018-09-11 06:00:00,753.259
2018-09-11 07:00:00,830.329
2018-09-11 08:00:00,878.023
2018-09-11 09:00:00,903.253
2018-09-11 10:00:00,908.175
2018-09-11 11:00:00,917.678
2018-09-11 12:00:00,906.425
2018-09-11 13:00:00,874.455
2018-09-11 14:00:00,853.662
2018-09-11 15:00:00,836.802
2018-09-11 16:00:00,848.099
2018-09-11 17:00:00,846.16
2018-09-11 18:00:00,819.099
2018-09-11 19:00:00,792.984
2018-09-11 20:00:00,766.637
2018-09-11 21:00:00,693.467
2018-09-11 22:00:00,632.69
2018-09-11 23:00:00,571.134
2018-09-12 00:00:00,533.514
2018-09-12 01:00:00,514.109
2018-09-12 02:00:00,509.192
2018-09-12 03:00:00,517.371
2018-09-12 04:00:00,560.028
2018-09-12 05:00:00,641.174
2018-09-12 06:00:00,749.138
2018-09-12 07:00:00,816.964
2018-09-12 08:00:00,870.731
2018-09-12 09:00:00,937.478
2018-09-12 10:00:00,983.357
2018-09-12 11:00:00,1010.082
2018-09-12 12:00:00,1046.764
2018-09-12 13:00:00,1026.147
2018-09-12 14:00:00,1016.608
2018-09-12 15:00:00,1046.236
2018-09-12 16:00:00,1061.786
2018-09-12 17:00:00,1023.716
2018-09-12 18:00:00,968.405
2018-09-12 19:00:00,925.509
2018-09-12 20:00:00,866.4
2018-09-12 21:00:00,792.52
2018-09-12 22:00:00,743.223
2018-09-12 23:00:00,657.423
2018-09-13 00:00:00,604.287
2018-09-13 01:00:00,589.523
2018-09-13 02:00:00,581.22
2018-09-13 03:00:00,590.52
2018-09-13 04:00:00,620.586
2018-09-13 05:00:00,712.736
2018-09-13 06:00:00,841.197
2018-09-13 07:00:00,926.736
2018-09-13 08:00:00,967.061
2018-09-13 09:00:00,998.802
2018-09-13 10:00:00,994.218
2018-09-13 11:00:00,993.705
2018-09-13 12:00:00,1007.114
2018-09-13 13:00:00,990.648
2018-09-13 14:00:00,987.461
2018-09-13 15:00:00,1009.51
2018-09-13 16:00:00,992.344
2018-09-13 17:00:00,964.424
2018-09-13 18:00:00,926.182
2018-09-13 19:00:00,889.589
2018-09-13 20:00:00,848.61
2018-09-13 21:00:00,772.393
2018-09-13 22:00:00,701.078
2018-09-13 23:00:00,640.288
2018-09-14 00:00:00,597.666
2018-09-14 01:00:00,575.336
2018-09-14 02:00:00,563.654
2018-09-14 03:00:00,567.793
2018-09-14 04:00:00,603.907
2018-09-14 05:00:00,693.314
2018-09-14 06:00:00,817.374
2018-09-14 07:00:00,886.389
2018-09-14 08:00:00,935.054
2018-09-14 09:00:00,956.735
2018-09-14 10:00:00,956.337
2018-09-14 11:00:00,963.84
2018-09-14 12:00:00,956.708
2018-09-14 13:00:00,924.455
2018-09-14 14:00:00,904.724
2018-09-14 15:00:00,901.832
2018-09-14 16:00:00,936.246
2018-09-14 17:00:00,896.773
2018-09-14 18:00:00,876.117
2018-09-14 19:00:00,858.965
2018-09-14 20:00:00,806.523
2018-09-14 21:00:00,745.678
2018-09-14 22:00:00,663.296
2018-09-14 23:00:00,599.915
2018-09-15 00:00:00,564.965
2018-09-15 01:00:00,537.929
2018-09-15 02:00:00,528.558
2018-09-15 03:00:00,524.472
2018-09-15 04:00:00,523.745
2018-09-15 05:00:00,563.954
2018-09-15 06:00:00,594.678
2018-09-15 07:00:00,662.142
2018-09-15 08:00:00,737.156
2018-09-15 09:00:00,804.11
2018-09-15 10:00:00,865.967
2018-09-15 11:00:00,930.245
2018-09-15 12:00:00,993.055
2018-09-15 13:00:00,988.77
2018-09-15 14:00:00,980.955
2018-09-15 15:00:00,994.316
2018-09-15 16:00:00,975.318
2018-09-15 17:00:00,942.726
2018-09-15 18:00:00,918.567
2018-09-15 19:00:00,883.912
2018-09-15 20:00:00,839.686
2018-09-15 21:00:00,768.694
2018-09-15 22:00:00,663.351
2018-09-15 23:00:00,589.521
2018-09-16 00:00:00,526.396
2018-09-16 01:00:00,489.362
2018-09-16 02:00:00,472.3
2018-09-16 03:00:00,463.755
2018-09-16 04:00:00,466.746
2018-09-16 05:00:00,478.809
2018-09-16 06:00:00,505.383
2018-09-16 07:00:00,574.776
2018-09-16 08:00:00,638.958
2018-09-16 09:00:00,682.216
2018-09-16 10:00:00,715.173
2018-09-16 11:00:00,743.691
2018-09-16 12:00:00,805.639
2018-09-16 13:00:00,822.319
2018-09-16 14:00:00,869.299
2018-09-16 15:00:00,904.815
2018-09-16 16:00:00,914.906
2018-09-16 17:00:00,903.524
2018-09-16 18:00:00,862.889
2018-09-16 19:00:00,822.927
2018-09-16 20:00:00,791.456
2018-09-16 21:00:00,737.76
2018-09-16 22:00:00,655.124
2018-09-16 23:00:00,595.924
2018-09-17 00:00:00,577.965
2018-09-17 01:00:00,571.232
2018-09-17 02:00:00,557.274
2018-09-17 03:00:00,566.233
2018-09-17 04:00:00,606.142
2018-09-17 05:00:00,725.43
2018-09-17 06:00:00,832.182
2018-09-17 07:00:00,914.806
2018-09-17 08:00:00,967.73
2018-09-17 09:00:00,1026.983
2018-09-17 10:00:00,1055.373
2018-09-17 11:00:00,1048.508
2018-09-17 12:00:00,1014.466
2018-09-17 13:00:00,980.359
2018-09-17 14:00:00,961.662
2018-09-17 15:00:00,919.079
2018-09-17 16:00:00,896.672
2018-09-17 17:00:00,893.365
2018-09-17 18:00:00,886.074
2018-09-17 19:00:00,861.395
2018-09-17 20:00:00,826.993
2018-09-17 21:00:00,771.17
2018-09-17 22:00:00,705.58
2018-09-17 23:00:00,647.708
2018-09-18 00:00:00,626.483
2018-09-18 01:00:00,617.233
2018-09-18 02:00:00,595.283
2018-09-18 03:00:00,594.531
2018-09-18 04:00:00,632.18
2018-09-18 05:00:00,732.499
2018-09-18 06:00:00,844.512
2018-09-18 07:00:00,921.964
2018-09-18 08:00:00,986.954
2018-09-18 09:00:00,1029.36
2018-09-18 10:00:00,1065.501
2018-09-18 11:00:00,1079.583
2018-09-18 12:00:00,1070.2
2018-09-18 13:00:00,1027.846
2018-09-18 14:00:00,1047.049
2018-09-18 15:00:00,1039.676
2018-09-18 16:00:00,1022.009
2018-09-18 17:00:00,1024.4
2018-09-18 18:00:00,968.905
2018-09-18 19:00:00,926.463
2018-09-18 20:00:00,870.211
2018-09-18 21:00:00,796.195
2018-09-18 22:00:00,712.769
2018-09-18 23:00:00,643.722
2018-09-19 00:00:00,599.327
2018-09-19 01:00:00,578.174
2018-09-19 02:00:00,563.551
2018-09-19 03:00:00,571.79
2018-09-19 04:00:00,604.008
2018-09-19 05:00:00,691.571
2018-09-19 06:00:00,802.161
2018-09-19 07:00:00,910.232
2018-09-19 08:00:00,1020.79
2018-09-19 09:00:00,1135.612
2018-09-19 10:00:00,1183.146
2018-09-19 11:00:00,1211.289
2018-09-19 12:00:00,1253.14
2018-09-19 13:00:00,1238.77
2018-09-19 14:00:00,1233.678
2018-09-19 15:00:00,1220.607
2018-09-19 16:00:00,1177.358
2018-09-19 17:00:00,1107.937
2018-09-19 18:00:00,1019.664
2018-09-19 19:00:00,971.568
2018-09-19 20:00:00,891.77
2018-09-19 21:00:00,812.445
2018-09-19 22:00:00,723.524
2018-09-19 23:00:00,644.871
2018-09-20 00:00:00,599.874
2018-09-20 01:00:00,575.062
2018-09-20 02:00:00,554.8
2018-09-20 03:00:00,556.381
2018-09-20 04:00:00,580.874
2018-09-20 05:00:00,666.824
2018-09-20 06:00:00,774.014
2018-09-20 07:00:00,855.32
2018-09-20 08:00:00,913.935
2018-09-20 09:00:00,966.399
2018-09-20 10:00:00,1028.746
2018-09-20 11:00:00,1080.833
2018-09-20 12:00:00,1124.157
2018-09-20 13:00:00,1103.782
2018-09-20 14:00:00,1077.274
2018-09-20 15:00:00,1066.59
2018-09-20 16:00:00,1040.847
2018-09-20 17:00:00,988.138
2018-09-20 18:00:00,923.229
2018-09-20 19:00:00,887.059
2018-09-20 20:00:00,839.408
2018-09-20 21:00:00,767.273
2018-09-20 22:00:00,698.889
2018-09-20 23:00:00,615.638
2018-09-21 00:00:00,569.05
2018-09-21 01:00:00,549.711
2018-09-21 02:00:00,540.349
2018-09-21 03:00:00,550.089
2018-09-21 04:00:00,590.348
2018-09-21 05:00:00,667.998
2018-09-21 06:00:00,767.614
2018-09-21 07:00:00,827.144
2018-09-21 08:00:00,851.114
2018-09-21 09:00:00,855.961
2018-09-21 10:00:00,863.391
2018-09-21 11:00:00,877.216
2018-09-21 12:00:00,877.974
2018-09-21 13:00:00,843.627
2018-09-21 14:00:00,850.308
2018-09-21 15:00:00,879.163
2018-09-21 16:00:00,898.732
2018-09-21 17:00:00,896.241
2018-09-21 18:00:00,858.528
2018-09-21 19:00:00,819.732
2018-09-21 20:00:00,804.663
2018-09-21 21:00:00,746.685
2018-09-21 22:00:00,668.629
2018-09-21 23:00:00,610.181
2018-09-22 00:00:00,575.358
2018-09-22 01:00:00,540.485
2018-09-22 02:00:00,532.806
2018-09-22 03:00:00,536.123
2018-09-22 04:00:00,548.581
2018-09-22 05:00:00,593.409
2018-09-22 06:00:00,645.596
2018-09-22 07:00:00,734.003
2018-09-22 08:00:00,828.472
2018-09-22 09:00:00,875.649
2018-09-22 10:00:00,888.778
2018-09-22 11:00:00,883.318
2018-09-22 12:00:00,921.618
2018-09-22 13:00:00,929.904
2018-09-22 14:00:00,917.417
2018-09-22 15:00:00,883.724
2018-09-22 16:00:00,860.033
2018-09-22 17:00:00,817.83
2018-09-22 18:00:00,772.24
2018-09-22 19:00:00,746.707
2018-09-22 20:00:00,713.882
2018-09-22 21:00:00,636.763
2018-09-22 22:00:00,555.407
2018-09-22 23:00:00,502.537
2018-09-23 00:00:00,455.73
2018-09-23 01:00:00,431.036
2018-09-23 02:00:00,411.229
2018-09-23 03:00:00,405.98
2018-09-23 04:00:00,406.277
2018-09-23 05:00:00,422.805
2018-09-23 06:00:00,443.256
2018-09-23 07:00:00,498.264
2018-09-23 08:00:00,536.854
2018-09-23 09:00:00,551.58
2018-09-23 10:00:00,539.176
2018-09-23 11:00:00,540.807
2018-09-23 12:00:00,548.06
2018-09-23 13:00:00,556.704
2018-09-23 14:00:00,553.997
2018-09-23 15:00:00,535.13
2018-09-23 16:00:00,535.4
2018-09-23 17:00:00,559.206
2018-09-23 18:00:00,585.924
2018-09-23 19:00:00,592.465
2018-09-23 20:00:00,589.011
2018-09-23 21:00:00,540.154
2018-09-23 22:00:00,501.566
2018-09-23 23:00:00,455.351
2018-09-24 00:00:00,446.99
2018-09-24 01:00:00,440.447
2018-09-24 02:00:00,438.137
2018-09-24 03:00:00,449.427
2018-09-24 04:00:00,489.634
2018-09-24 05:00:00,572.67
2018-09-24 06:00:00,662.596
2018-09-24 07:00:00,721.823
2018-09-24 08:00:00,761.657
2018-09-24 09:00:00,774.2
2018-09-24 10:00:00,779.724
2018-09-24 11:00:00,784.05
2018-09-24 12:00:00,756.721
2018-09-24 13:00:00,714.211
2018-09-24 14:00:00,690.531
2018-09-24 15:00:00,675.185
2018-09-24 16:00:00,671.019
2018-09-24 17:00:00,667.204
2018-09-24 18:00:00,669.854
2018-09-24 19:00:00,654.266
2018-09-24 20:00:00,646.006
2018-09-24 21:00:00,594.695
2018-09-24 22:00:00,538.459
2018-09-24 23:00:00,494.534
2018-09-25 00:00:00,469.22
2018-09-25 01:00:00,453.979
2018-09-25 02:00:00,453.755
2018-09-25 03:00:00,466.984
2018-09-25 04:00:00,508.125
2018-09-25 05:00:00,596.04
2018-09-25 06:00:00,697.75
2018-09-25 07:00:00,763.676
2018-09-25 08:00:00,814.686
2018-09-25 09:00:00,852.661
2018-09-25 10:00:00,893.485
2018-09-25 11:00:00,952.058
2018-09-25 12:00:00,953.74
2018-09-25 13:00:00,947.878
2018-09-25 14:00:00,937.216
2018-09-25 15:00:00,905.78
2018-09-25 16:00:00,901.567
2018-09-25 17:00:00,881.477
2018-09-25 18:00:00,857.447
2018-09-25 19:00:00,814.411
2018-09-25 20:00:00,766.823
2018-09-25 21:00:00,705.107
2018-09-25 22:00:00,648.199
2018-09-25 23:00:00,581.908
2018-09-26 00:00:00,544.657
2018-09-26 01:00:00,532.008
2018-09-26 02:00:00,532.505
2018-09-26 03:00:00,541.029
2018-09-26 04:00:00,580.035
2018-09-26 05:00:00,669.709
2018-09-26 06:00:00,791.137
2018-09-26 07:00:00,885.228
2018-09-26 08:00:00,962.26
2018-09-26 09:00:00,1049.404
2018-09-26 10:00:00,1109.096
2018-09-26 11:00:00,1158.832
2018-09-26 12:00:00,1182.106
2018-09-26 13:00:00,1161.929
2018-09-26 14:00:00,1190.645
2018-09-26 15:00:00,1200.522
2018-09-26 16:00:00,1158.511
2018-09-26 17:00:00,1115.92
2018-09-26 18:00:00,1040.797
2018-09-26 19:00:00,927.991
2018-09-26 20:00:00,859.141
2018-09-26 21:00:00,793.708
2018-09-26 22:00:00,725.453
2018-09-26 23:00:00,650.219
2018-09-27 00:00:00,599.277
2018-09-27 01:00:00,563.704
2018-09-27 02:00:00,544.388
2018-09-27 03:00:00,534.606
2018-09-27 04:00:00,558.697
2018-09-27 05:00:00,632.926
2018-09-27 06:00:00,722.331
2018-09-27 07:00:00,767.723
2018-09-27 08:00:00,786.752
2018-09-27 09:00:00,809.133
2018-09-27 10:00:00,795.432
2018-09-27 11:00:00,786.085
2018-09-27 12:00:00,759.211
2018-09-27 13:00:00,694.227
2018-09-27 14:00:00,659.261
2018-09-27 15:00:00,637.343
2018-09-27 16:00:00,620.426
2018-09-27 17:00:00,626.014
2018-09-27 18:00:00,652.538
2018-09-27 19:00:00,630.543
2018-09-27 20:00:00,618.577
2018-09-27 21:00:00,573.098
2018-09-27 22:00:00,517.422
2018-09-27 23:00:00,471.639
2018-09-28 00:00:00,450.402
2018-09-28 01:00:00,437.988
2018-09-28 02:00:00,432.173
2018-09-28 03:00:00,441.833
2018-09-28 04:00:00,479.114
2018-09-28 05:00:00,555.069
2018-09-28 06:00:00,635.122
2018-09-28 07:00:00,690.384
2018-09-28 08:00:00,732.624
2018-09-28 09:00:00,781.84
2018-09-28 10:00:00,802.75
2018-09-28 11:00:00,813.018
2018-09-28 12:00:00,837.115
2018-09-28 13:00:00,851.377
2018-09-28 14:00:00,857.084
2018-09-28 15:00:00,893.738
2018-09-28 16:00:00,897.565
2018-09-28 17:00:00,854.013
2018-09-28 18:00:00,797.277
2018-09-28 19:00:00,754.045
2018-09-28 20:00:00,724.744
2018-09-28 21:00:00,647.795
2018-09-28 22:00:00,571.581
2018-09-28 23:00:00,522.967
2018-09-29 00:00:00,473.483
2018-09-29 01:00:00,451.398
2018-09-29 02:00:00,450.045
2018-09-29 03:00:00,447.725
2018-09-29 04:00:00,447.407
2018-09-29 05:00:00,482.122
2018-09-29 06:00:00,530.232
2018-09-29 07:00:00,617.368
2018-09-29 08:00:00,718.854
2018-09-29 09:00:00,770.773
2018-09-29 10:00:00,818.252
2018-09-29 11:00:00,847.057
2018-09-29 12:00:00,881.001
2018-09-29 13:00:00,904.851
2018-09-29 14:00:00,937.143
2018-09-29 15:00:00,944.98
2018-09-29 16:00:00,943.165
2018-09-29 17:00:00,909.014
2018-09-29 18:00:00,853.599
2018-09-29 19:00:00,817.897
2018-09-29 20:00:00,778.394
2018-09-29 21:00:00,685.207
2018-09-29 22:00:00,587.399
2018-09-29 23:00:00,533.267
2018-09-30 00:00:00,473.758
2018-09-30 01:00:00,437.552
2018-09-30 02:00:00,419.883
2018-09-30 03:00:00,414.146
2018-09-30 04:00:00,414.619
2018-09-30 05:00:00,426.558
2018-09-30 06:00:00,445.095
2018-09-30 07:00:00,497.321
2018-09-30 08:00:00,542.255
2018-09-30 09:00:00,594.01
2018-09-30 10:00:00,642.371
2018-09-30 11:00:00,675.784
2018-09-30 12:00:00,705.691
2018-09-30 13:00:00,738.607
2018-09-30 14:00:00,766.766
2018-09-30 15:00:00,784.778
2018-09-30 16:00:00,798.478
2018-09-30 17:00:00,768.675
2018-09-30 18:00:00,748.087
2018-09-30 19:00:00,730.015
2018-09-30 20:00:00,698.142
2018-09-30 21:00:00,628.609
2018-09-30 22:00:00,562.483
2018-09-30 23:00:00,510.532
2018-10-01 00:00:00,490.051
2018-10-01 01:00:00,479.204
2018-10-01 02:00:00,468.472
2018-10-01 03:00:00,480.198
2018-10-01 04:00:00,510.669
2018-10-01 05:00:00,599.86
2018-10-01 06:00:00,690.38
2018-10-01 07:00:00,774.741
2018-10-01 08:00:00,845.467
2018-10-01 09:00:00,928.975
2018-10-01 10:00:00,984.678
2018-10-01 11:00:00,1009.751
2018-10-01 12:00:00,1027.47
2018-10-01 13:00:00,1023.757
2018-10-01 14:00:00,1041.881
2018-10-01 15:00:00,1047.106
2018-10-01 16:00:00,1028.925
2018-10-01 17:00:00,981.943
2018-10-01 18:00:00,930.702
2018-10-01 19:00:00,857.039
2018-10-01 20:00:00,800.699
2018-10-01 21:00:00,726.193
2018-10-01 22:00:00,646.878
2018-10-01 23:00:00,577.429
2018-10-02 00:00:00,538.455
2018-10-02 01:00:00,516.388
2018-10-02 02:00:00,501.406
2018-10-02 03:00:00,507.331
2018-10-02 04:00:00,538.801
2018-10-02 05:00:00,618.574
2018-10-02 06:00:00,726.454
2018-10-02 07:00:00,816.372
2018-10-02 08:00:00,900.949
2018-10-02 09:00:00,995.22
2018-10-02 10:00:00,1045.444
2018-10-02 11:00:00,1072.497
2018-10-02 12:00:00,1115.401
2018-10-02 13:00:00,1110.308
2018-10-02 14:00:00,1073.79
2018-10-02 15:00:00,1038.166
2018-10-02 16:00:00,1001.458
2018-10-02 17:00:00,951.505
2018-10-02 18:00:00,904.873
2018-10-02 19:00:00,880.621
2018-10-02 20:00:00,826.299
2018-10-02 21:00:00,734.507
2018-10-02 22:00:00,657.064
2018-10-02 23:00:00,594.763
2018-10-03 00:00:00,547.915
2018-10-03 01:00:00,531.058
2018-10-03 02:00:00,518.716
2018-10-03 03:00:00,531.069
2018-10-03 04:00:00,565.502
2018-10-03 05:00:00,650.382
2018-10-03 06:00:00,760.032
2018-10-03 07:00:00,851.707
2018-10-03 08:00:00,949.325
2018-10-03 09:00:00,1061.456
2018-10-03 10:00:00,1134.31
2018-10-03 11:00:00,1157.324
2018-10-03 12:00:00,1152.477
2018-10-03 13:00:00,1153.407
2018-10-03 14:00:00,1172.222
2018-10-03 15:00:00,1180.551
2018-10-03 16:00:00,1146.59
2018-10-03 17:00:00,1071.79
2018-10-03 18:00:00,972.884
2018-10-03 19:00:00,924.418
2018-10-03 20:00:00,857.362
2018-10-03 21:00:00,770.937
2018-10-03 22:00:00,690.673
2018-10-03 23:00:00,612.899
2018-10-04 00:00:00,571.639
2018-10-04 01:00:00,549.453
2018-10-04 02:00:00,526.824
2018-10-04 03:00:00,531.211
2018-10-04 04:00:00,566.429
2018-10-04 05:00:00,647.864
2018-10-04 06:00:00,751.662
2018-10-04 07:00:00,833.324
2018-10-04 08:00:00,902.199
2018-10-04 09:00:00,981.644
2018-10-04 10:00:00,1030.625
2018-10-04 11:00:00,1095.1
2018-10-04 12:00:00,1169.2
2018-10-04 13:00:00,1188.017
2018-10-04 14:00:00,1205.204
2018-10-04 15:00:00,1192.939
2018-10-04 16:00:00,1139.455
2018-10-04 17:00:00,1078.082
2018-10-04 18:00:00,1017.352
2018-10-04 19:00:00,965.758
2018-10-04 20:00:00,884.229
2018-10-04 21:00:00,799.147
2018-10-04 22:00:00,732.63
2018-10-04 23:00:00,652.362
2018-10-05 00:00:00,609.706
2018-10-05 01:00:00,593.09
2018-10-05 02:00:00,593.43
2018-10-05 03:00:00,607.625
2018-10-05 04:00:00,645.699
2018-10-05 05:00:00,714.521
2018-10-05 06:00:00,788.697
2018-10-05 07:00:00,833.91
2018-10-05 08:00:00,842.003
2018-10-05 09:00:00,859.721
2018-10-05 10:00:00,846.596
2018-10-05 11:00:00,823.244
2018-10-05 12:00:00,798.831
2018-10-05 13:00:00,752.436
2018-10-05 14:00:00,739.967
2018-10-05 15:00:00,748.873
2018-10-05 16:00:00,764.666
2018-10-05 17:00:00,764.873
2018-10-05 18:00:00,762.008
2018-10-05 19:00:00,721.352
2018-10-05 20:00:00,687.875
2018-10-05 21:00:00,641.26
2018-10-05 22:00:00,567.149
2018-10-05 23:00:00,520.743
2018-10-06 00:00:00,475.046
2018-10-06 01:00:00,454.166
2018-10-06 02:00:00,451.24
2018-10-06 03:00:00,454.191
2018-10-06 04:00:00,459.06
2018-10-06 05:00:00,496.354
2018-10-06 06:00:00,549.186
2018-10-06 07:00:00,627.187
2018-10-06 08:00:00,678.717
2018-10-06 09:00:00,718.821
2018-10-06 10:00:00,754.373
2018-10-06 11:00:00,777.721
2018-10-06 12:00:00,786.932
2018-10-06 13:00:00,784.5
2018-10-06 14:00:00,782.118
2018-10-06 15:00:00,786.845
2018-10-06 16:00:00,802.864
2018-10-06 17:00:00,824.677
2018-10-06 18:00:00,823.34
2018-10-06 19:00:00,809.821
2018-10-06 20:00:00,769.269
2018-10-06 21:00:00,696.85
2018-10-06 22:00:00,617.361
2018-10-06 23:00:00,558.682
2018-10-07 00:00:00,501.228
2018-10-07 01:00:00,470.535
2018-10-07 02:00:00,456.402
2018-10-07 03:00:00,454.731
2018-10-07 04:00:00,465.4
2018-10-07 05:00:00,474.741
2018-10-07 06:00:00,501.323
2018-10-07 07:00:00,587.437
2018-10-07 08:00:00,646.595
2018-10-07 09:00:00,667.065
2018-10-07 10:00:00,681.322
2018-10-07 11:00:00,718.593
2018-10-07 12:00:00,790.097
2018-10-07 13:00:00,846.729
2018-10-07 14:00:00,892.604
2018-10-07 15:00:00,932.707
2018-10-07 16:00:00,946.276
2018-10-07 17:00:00,933.535
2018-10-07 18:00:00,895.936
2018-10-07 19:00:00,847.55
2018-10-07 20:00:00,815.42
2018-10-07 21:00:00,738.634
2018-10-07 22:00:00,670.32
2018-10-07 23:00:00,599.45
2018-10-08 00:00:00,582.722
2018-10-08 01:00:00,560.551
2018-10-08 02:00:00,542.654
2018-10-08 03:00:00,551.785
2018-10-08 04:00:00,590.55
2018-10-08 05:00:00,676.01
2018-10-08 06:00:00,793.738
2018-10-08 07:00:00,899.066
2018-10-08 08:00:00,968.274
2018-10-08 09:00:00,1040.45
2018-10-08 10:00:00,1068.957
2018-10-08 11:00:00,1098.768
2018-10-08 12:00:00,1103.622
2018-10-08 13:00:00,1094.487
2018-10-08 14:00:00,1104.914
2018-10-08 15:00:00,1085.497
2018-10-08 16:00:00,1087.601
2018-10-08 17:00:00,1042.777
2018-10-08 18:00:00,978.85
2018-10-08 19:00:00,932.739
2018-10-08 20:00:00,857.207
2018-10-08 21:00:00,768.683
2018-10-08 22:00:00,686.941
2018-10-08 23:00:00,616.973
2018-10-09 00:00:00,579.037
2018-10-09 01:00:00,556.217
2018-10-09 02:00:00,544.983
2018-10-09 03:00:00,558.589
2018-10-09 04:00:00,598.386
2018-10-09 05:00:00,689.58
2018-10-09 06:00:00,815.301
2018-10-09 07:00:00,874.867
2018-10-09 08:00:00,927.584
2018-10-09 09:00:00,991.078
2018-10-09 10:00:00,1048.12
2018-10-09 11:00:00,1089.357
2018-10-09 12:00:00,1101.125
2018-10-09 13:00:00,1066.902
2018-10-09 14:00:00,1061.385
2018-10-09 15:00:00,1058.998
2018-10-09 16:00:00,1026.455
2018-10-09 17:00:00,992.015
2018-10-09 18:00:00,966.185
2018-10-09 19:00:00,909.518
2018-10-09 20:00:00,850.449
2018-10-09 21:00:00,760.065
2018-10-09 22:00:00,694.838
2018-10-09 23:00:00,619.98
2018-10-10 00:00:00,581.658
2018-10-10 01:00:00,563.863
2018-10-10 02:00:00,554.331
2018-10-10 03:00:00,563.562
2018-10-10 04:00:00,601.787
2018-10-10 05:00:00,695.803
2018-10-10 06:00:00,815.224
2018-10-10 07:00:00,907.882
2018-10-10 08:00:00,966.21
2018-10-10 09:00:00,1019.935
2018-10-10 10:00:00,1043.09
2018-10-10 11:00:00,1075.904
2018-10-10 12:00:00,1119.661
2018-10-10 13:00:00,1094.164
2018-10-10 14:00:00,1081.571
2018-10-10 15:00:00,1051.078
2018-10-10 16:00:00,1032.874
2018-10-10 17:00:00,996.841
2018-10-10 18:00:00,960.062
2018-10-10 19:00:00,925.696
2018-10-10 20:00:00,870.214
2018-10-10 21:00:00,792.656
2018-10-10 22:00:00,714.257
2018-10-10 23:00:00,650.522
2018-10-11 00:00:00,606.764
2018-10-11 01:00:00,595.172
2018-10-11 02:00:00,584.075
2018-10-11 03:00:00,594.465
2018-10-11 04:00:00,637.995
2018-10-11 05:00:00,739.069
2018-10-11 06:00:00,866.293
2018-10-11 07:00:00,927.886
2018-10-11 08:00:00,991.989
2018-10-11 09:00:00,1046.369
2018-10-11 10:00:00,1058.41
2018-10-11 11:00:00,1094.569
2018-10-11 12:00:00,1088.128
2018-10-11 13:00:00,1021.941
2018-10-11 14:00:00,987.53
2018-10-11 15:00:00,959.521
2018-10-11 16:00:00,948.808
2018-10-11 17:00:00,930.423
2018-10-11 18:00:00,895.609
2018-10-11 19:00:00,845.03
2018-10-11 20:00:00,806.757
2018-10-11 21:00:00,731.27
2018-10-11 22:00:00,664.259
2018-10-11 23:00:00,581.868
2018-10-12 00:00:00,513.243
2018-10-12 01:00:00,462.657
2018-10-12 02:00:00,442.773
2018-10-12 03:00:00,442.608
2018-10-12 04:00:00,473.837
2018-10-12 05:00:00,548.798
2018-10-12 06:00:00,638.015
2018-10-12 07:00:00,700.876
2018-10-12 08:00:00,753.665
2018-10-12 09:00:00,778.922
2018-10-12 10:00:00,785.239
2018-10-12 11:00:00,788.803
2018-10-12 12:00:00,777.599
2018-10-12 13:00:00,747.999
2018-10-12 14:00:00,732.14
2018-10-12 15:00:00,736.372
2018-10-12 16:00:00,733.052
2018-10-12 17:00:00,711.97
2018-10-12 18:00:00,688.66
2018-10-12 19:00:00,673.691
2018-10-12 20:00:00,639.7
2018-10-12 21:00:00,569.082
2018-10-12 22:00:00,506.104
2018-10-12 23:00:00,465.165
2018-10-13 00:00:00,437.119
2018-10-13 01:00:00,415.04
2018-10-13 02:00:00,418.532
2018-10-13 03:00:00,425.835
2018-10-13 04:00:00,430.534
2018-10-13 05:00:00,462.494
2018-10-13 06:00:00,508.975
2018-10-13 07:00:00,554.52
2018-10-13 08:00:00,598.032
2018-10-13 09:00:00,619.298
2018-10-13 10:00:00,623.025
2018-10-13 11:00:00,639.82
2018-10-13 12:00:00,648.146
2018-10-13 13:00:00,640.813
2018-10-13 14:00:00,645.824
2018-10-13 15:00:00,661.237
2018-10-13 16:00:00,674.116
2018-10-13 17:00:00,656.023
2018-10-13 18:00:00,675.863
2018-10-13 19:00:00,664.401
2018-10-13 20:00:00,629.271
2018-10-13 21:00:00,570.179
2018-10-13 22:00:00,513.606
2018-10-13 23:00:00,473.684
2018-10-14 00:00:00,435.925
2018-10-14 01:00:00,430.109
2018-10-14 02:00:00,424.816
2018-10-14 03:00:00,422.364
2018-10-14 04:00:00,431.649
2018-10-14 05:00:00,452.413
2018-10-14 06:00:00,472.513
2018-10-14 07:00:00,519.731
2018-10-14 08:00:00,557.728
2018-10-14 09:00:00,552.096
2018-10-14 10:00:00,549.604
2018-10-14 11:00:00,552.362
2018-10-14 12:00:00,559.759
2018-10-14 13:00:00,550.532
2018-10-14 14:00:00,535.922
2018-10-14 15:00:00,537.587
2018-10-14 16:00:00,542.396
2018-10-14 17:00:00,575.555
2018-10-14 18:00:00,586.403
2018-10-14 19:00:00,596.116
2018-10-14 20:00:00,590.146
2018-10-14 21:00:00,549.329
2018-10-14 22:00:00,491.95
2018-10-14 23:00:00,447.07
2018-10-15 00:00:00,440.48
2018-10-15 01:00:00,432.642
2018-10-15 02:00:00,432.056
2018-10-15 03:00:00,441.036
2018-10-15 04:00:00,480.224
2018-10-15 05:00:00,569.42
2018-10-15 06:00:00,661.32
2018-10-15 07:00:00,707.651
2018-10-15 08:00:00,741.236
2018-10-15 09:00:00,743.825
2018-10-15 10:00:00,757.609
2018-10-15 11:00:00,768.289
2018-10-15 12:00:00,750.157
2018-10-15 13:00:00,696.972
2018-10-15 14:00:00,667.482
2018-10-15 15:00:00,665.804
2018-10-15 16:00:00,673.071
2018-10-15 17:00:00,693.54
2018-10-15 18:00:00,712.12
2018-10-15 19:00:00,708.393
2018-10-15 20:00:00,687.507
2018-10-15 21:00:00,625.426
2018-10-15 22:00:00,555.134
2018-10-15 23:00:00,504.501
2018-10-16 00:00:00,456.037
2018-10-16 01:00:00,433.468
2018-10-16 02:00:00,430.04
2018-10-16 03:00:00,433.922
2018-10-16 04:00:00,477.967
2018-10-16 05:00:00,554.627
2018-10-16 06:00:00,641.027
2018-10-16 07:00:00,689.432
2018-10-16 08:00:00,724.288
2018-10-16 09:00:00,740.746
2018-10-16 10:00:00,750.257
2018-10-16 11:00:00,745.518
2018-10-16 12:00:00,720.396
2018-10-16 13:00:00,689.17
2018-10-16 14:00:00,669.127
2018-10-16 15:00:00,656.922
2018-10-16 16:00:00,655.868
2018-10-16 17:00:00,667.114
2018-10-16 18:00:00,657.072
2018-10-16 19:00:00,642.065
2018-10-16 20:00:00,616.676
2018-10-16 21:00:00,559.222
2018-10-16 22:00:00,501.969
2018-10-16 23:00:00,464.883
2018-10-17 00:00:00,444.767
2018-10-17 01:00:00,429.824
2018-10-17 02:00:00,427.125
2018-10-17 03:00:00,437.693
2018-10-17 04:00:00,474.975
2018-10-17 05:00:00,556.381
2018-10-17 06:00:00,648.934
2018-10-17 07:00:00,707.711
2018-10-17 08:00:00,734.775
2018-10-17 09:00:00,757.095
2018-10-17 10:00:00,768.143
2018-10-17 11:00:00,766.845
2018-10-17 12:00:00,762.825
2018-10-17 13:00:00,735.628
2018-10-17 14:00:00,734.134
2018-10-17 15:00:00,717.955
2018-10-17 16:00:00,721.034
2018-10-17 17:00:00,715.091
2018-10-17 18:00:00,681.737
2018-10-17 19:00:00,668.829
2018-10-17 20:00:00,635.625
2018-10-17 21:00:00,577.077
2018-10-17 22:00:00,511.524
2018-10-17 23:00:00,462.304
2018-10-18 00:00:00,439.015
2018-10-18 01:00:00,437.01
2018-10-18 02:00:00,438.302
2018-10-18 03:00:00,451.897
2018-10-18 04:00:00,497.641
2018-10-18 05:00:00,586.189
2018-10-18 06:00:00,662.137
2018-10-18 07:00:00,707.119
2018-10-18 08:00:00,748.451
2018-10-18 09:00:00,756.714
2018-10-18 10:00:00,765.448
2018-10-18 11:00:00,753.739
2018-10-18 12:00:00,722.48
2018-10-18 13:00:00,689.296
2018-10-18 14:00:00,673.407
2018-10-18 15:00:00,672.35
2018-10-18 16:00:00,680.593
2018-10-18 17:00:00,680.353
2018-10-18 18:00:00,667.705
2018-10-18 19:00:00,650.215
2018-10-18 20:00:00,617.944
2018-10-18 21:00:00,575.146
2018-10-18 22:00:00,529.02
2018-10-18 23:00:00,483.859
2018-10-19 00:00:00,465.408
2018-10-19 01:00:00,466.919
2018-10-19 02:00:00,467.329
2018-10-19 03:00:00,483.172
2018-10-19 04:00:00,533.677
2018-10-19 05:00:00,619.477
2018-10-19 06:00:00,696.49
2018-10-19 07:00:00,739.852
2018-10-19 08:00:00,765.654
2018-10-19 09:00:00,781.698
2018-10-19 10:00:00,772.774
2018-10-19 11:00:00,766.218
2018-10-19 12:00:00,734.763
2018-10-19 13:00:00,714.457
2018-10-19 14:00:00,706.047
2018-10-19 15:00:00,687.96
2018-10-19 16:00:00,668.929
2018-10-19 17:00:00,668.084
2018-10-19 18:00:00,668.272
2018-10-19 19:00:00,653.739
2018-10-19 20:00:00,627.644
2018-10-19 21:00:00,569.432
2018-10-19 22:00:00,513.577
2018-10-19 23:00:00,474.587
2018-10-20 00:00:00,440.869
2018-10-20 01:00:00,420.16
2018-10-20 02:00:00,423.297
2018-10-20 03:00:00,428.639
2018-10-20 04:00:00,432.081
2018-10-20 05:00:00,463.856
2018-10-20 06:00:00,506.304
2018-10-20 07:00:00,555.494
2018-10-20 08:00:00,604.312
2018-10-20 09:00:00,626.632
2018-10-20 10:00:00,625.725
2018-10-20 11:00:00,628.155
2018-10-20 12:00:00,650.736
2018-10-20 13:00:00,655.185
2018-10-20 14:00:00,654.825
2018-10-20 15:00:00,655.851
2018-10-20 16:00:00,655.006
2018-10-20 17:00:00,663.967
2018-10-20 18:00:00,673.93
2018-10-20 19:00:00,666.02
2018-10-20 20:00:00,653.674
2018-10-20 21:00:00,576.1
2018-10-20 22:00:00,513.152
2018-10-20 23:00:00,469.521
2018-10-21 00:00:00,433.332
2018-10-21 01:00:00,413.962
2018-10-21 02:00:00,423.048
2018-10-21 03:00:00,450.766
2018-10-21 04:00:00,466.619
2018-10-21 05:00:00,504.981
2018-10-21 06:00:00,538.333
2018-10-21 07:00:00,574.388
2018-10-21 08:00:00,599.216
2018-10-21 09:00:00,599.114
2018-10-21 10:00:00,613.915
2018-10-21 11:00:00,593.09
2018-10-21 12:00:00,562.762
2018-10-21 13:00:00,548.026
2018-10-21 14:00:00,558.052
2018-10-21 15:00:00,560.981
2018-10-21 16:00:00,563.795
2018-10-21 17:00:00,583.585
2018-10-21 18:00:00,613.047
2018-10-21 19:00:00,623.829
2018-10-21 20:00:00,616.587
2018-10-21 21:00:00,577.435
2018-10-21 22:00:00,535.056
2018-10-21 23:00:00,511.515
2018-10-22 00:00:00,511.082
2018-10-22 01:00:00,513.755
2018-10-22 02:00:00,515.687
2018-10-22 03:00:00,540.809
2018-10-22 04:00:00,598.985
2018-10-22 05:00:00,688.994
2018-10-22 06:00:00,764.178
2018-10-22 07:00:00,801.013
2018-10-22 08:00:00,803.049
2018-10-22 09:00:00,785.639
2018-10-22 10:00:00,765.329
2018-10-22 11:00:00,755.073
2018-10-22 12:00:00,728.185
2018-10-22 13:00:00,679.793
2018-10-22 14:00:00,653.687
2018-10-22 15:00:00,640.45
2018-10-22 16:00:00,639.94
2018-10-22 17:00:00,649.117
2018-10-22 18:00:00,645.104
2018-10-22 19:00:00,644.657
2018-10-22 20:00:00,624.489
2018-10-22 21:00:00,569.579
2018-10-22 22:00:00,527.209
2018-10-22 23:00:00,489.658
2018-10-23 00:00:00,466.126
2018-10-23 01:00:00,462.321
2018-10-23 02:00:00,472.314
2018-10-23 03:00:00,491.789
2018-10-23 04:00:00,533.806
2018-10-23 05:00:00,612.359
2018-10-23 06:00:00,690.326
2018-10-23 07:00:00,725.873
2018-10-23 08:00:00,755.141
2018-10-23 09:00:00,766.39
2018-10-23 10:00:00,767.668
2018-10-23 11:00:00,766.783
2018-10-23 12:00:00,775.227
2018-10-23 13:00:00,756.367
2018-10-23 14:00:00,742.191
2018-10-23 15:00:00,730.263
2018-10-23 16:00:00,741.339
2018-10-23 17:00:00,730.43
2018-10-23 18:00:00,684.131
2018-10-23 19:00:00,651.154
2018-10-23 20:00:00,624.937
2018-10-23 21:00:00,566.274
2018-10-23 22:00:00,510.312
2018-10-23 23:00:00,463.303
2018-10-24 00:00:00,442.68
2018-10-24 01:00:00,431.383
2018-10-24 02:00:00,434.555
2018-10-24 03:00:00,456.713
2018-10-24 04:00:00,499.248
2018-10-24 05:00:00,581.323
2018-10-24 06:00:00,679.8
2018-10-24 07:00:00,706.725
2018-10-24 08:00:00,748.383
2018-10-24 09:00:00,771.787
2018-10-24 10:00:00,767.057
2018-10-24 11:00:00,748.894
2018-10-24 12:00:00,717.712
2018-10-24 13:00:00,679.893
2018-10-24 14:00:00,656.639
2018-10-24 15:00:00,650.009
2018-10-24 16:00:00,642.712
2018-10-24 17:00:00,654.536
2018-10-24 18:00:00,661.981
2018-10-24 19:00:00,651.162
2018-10-24 20:00:00,636.199
2018-10-24 21:00:00,588.354
2018-10-24 22:00:00,545.464
2018-10-24 23:00:00,513.813
2018-10-25 00:00:00,500.275
2018-10-25 01:00:00,510.494
2018-10-25 02:00:00,518.26
2018-10-25 03:00:00,542.113
2018-10-25 04:00:00,586.954
2018-10-25 05:00:00,669.04
2018-10-25 06:00:00,746.312
2018-10-25 07:00:00,783.657
2018-10-25 08:00:00,800.353
2018-10-25 09:00:00,796.825
2018-10-25 10:00:00,778.11
2018-10-25 11:00:00,761.049
2018-10-25 12:00:00,716.845
2018-10-25 13:00:00,668.29
2018-10-25 14:00:00,643.654
2018-10-25 15:00:00,625.711
2018-10-25 16:00:00,616.915
2018-10-25 17:00:00,657.785
2018-10-25 18:00:00,672.169
2018-10-25 19:00:00,669.647
2018-10-25 20:00:00,643.239
2018-10-25 21:00:00,596.38
2018-10-25 22:00:00,539.101
2018-10-25 23:00:00,501.656
2018-10-26 00:00:00,481.529
2018-10-26 01:00:00,468.184
2018-10-26 02:00:00,473.676
2018-10-26 03:00:00,491.768
2018-10-26 04:00:00,537.509
2018-10-26 05:00:00,626.136
2018-10-26 06:00:00,736.352
2018-10-26 07:00:00,775.854
2018-10-26 08:00:00,805.902
2018-10-26 09:00:00,808.7
2018-10-26 10:00:00,794.727
2018-10-26 11:00:00,789.749
2018-10-26 12:00:00,754.416
2018-10-26 13:00:00,713.102
2018-10-26 14:00:00,698.974
2018-10-26 15:00:00,692.273
2018-10-26 16:00:00,676.715
2018-10-26 17:00:00,716.421
2018-10-26 18:00:00,724.332
2018-10-26 19:00:00,725.374
2018-10-26 20:00:00,690.984
2018-10-26 21:00:00,640.092
2018-10-26 22:00:00,599.273
2018-10-26 23:00:00,541.421
2018-10-27 00:00:00,521.798
2018-10-27 01:00:00,507.047
2018-10-27 02:00:00,500.26
2018-10-27 03:00:00,495.479
2018-10-27 04:00:00,507.13
2018-10-27 05:00:00,543.031
2018-10-27 06:00:00,586.168
2018-10-27 07:00:00,613.366
2018-10-27 08:00:00,662.368
2018-10-27 09:00:00,691.809
2018-10-27 10:00:00,705.761
2018-10-27 11:00:00,690.26
2018-10-27 12:00:00,687.929
2018-10-27 13:00:00,670.907
2018-10-27 14:00:00,640.814
2018-10-27 15:00:00,630.295
2018-10-27 16:00:00,631.017
2018-10-27 17:00:00,664.995
2018-10-27 18:00:00,680.172
2018-10-27 19:00:00,682.036
2018-10-27 20:00:00,658.399
2018-10-27 21:00:00,593.536
2018-10-27 22:00:00,535.411
2018-10-27 23:00:00,496.144
2018-10-28 00:00:00,464.13
2018-10-28 01:00:00,448.975
2018-10-28 02:00:00,443.366
2018-10-28 03:00:00,450.537
2018-10-28 04:00:00,458.357
2018-10-28 05:00:00,480.737
2018-10-28 06:00:00,508.605
2018-10-28 07:00:00,549.877
2018-10-28 08:00:00,575.872
2018-10-28 09:00:00,573.806
2018-10-28 10:00:00,562.293
2018-10-28 11:00:00,551.238
2018-10-28 12:00:00,550.254
2018-10-28 13:00:00,550.051
2018-10-28 14:00:00,551.413
2018-10-28 15:00:00,533.919
2018-10-28 16:00:00,543.187
2018-10-28 17:00:00,572.547
2018-10-28 18:00:00,592.166
2018-10-28 19:00:00,606.926
2018-10-28 20:00:00,600.365
2018-10-28 21:00:00,556.789
2018-10-28 22:00:00,497.235
2018-10-28 23:00:00,462.126
2018-10-29 00:00:00,454.465
2018-10-29 01:00:00,459.742
2018-10-29 02:00:00,456.203
2018-10-29 03:00:00,468.185
2018-10-29 04:00:00,508.042
2018-10-29 05:00:00,590.403
2018-10-29 06:00:00,676.123
2018-10-29 07:00:00,711.28
2018-10-29 08:00:00,732.421
2018-10-29 09:00:00,742.747
2018-10-29 10:00:00,739.688
2018-10-29 11:00:00,727.687
2018-10-29 12:00:00,700.664
2018-10-29 13:00:00,669.201
2018-10-29 14:00:00,652.062
2018-10-29 15:00:00,623.581
2018-10-29 16:00:00,615.427
2018-10-29 17:00:00,652.8
2018-10-29 18:00:00,666.907
2018-10-29 19:00:00,647.065
2018-10-29 20:00:00,629.954
2018-10-29 21:00:00,596.195
2018-10-29 22:00:00,529.465
2018-10-29 23:00:00,496.47
2018-10-30 00:00:00,480.645
2018-10-30 01:00:00,481.125
2018-10-30 02:00:00,484.136
2018-10-30 03:00:00,506.723
2018-10-30 04:00:00,548.313
2018-10-30 05:00:00,633.753
2018-10-30 06:00:00,721.814
2018-10-30 07:00:00,753.889
2018-10-30 08:00:00,764.244
2018-10-30 09:00:00,770.048
2018-10-30 10:00:00,753.508
2018-10-30 11:00:00,746.084
2018-10-30 12:00:00,728.926
2018-10-30 13:00:00,706.092
2018-10-30 14:00:00,696.771
2018-10-30 15:00:00,689.856
2018-10-30 16:00:00,680.503
2018-10-30 17:00:00,680.767
2018-10-30 18:00:00,667.133
2018-10-30 19:00:00,649.594
2018-10-30 20:00:00,634.278
2018-10-30 21:00:00,574.573
2018-10-30 22:00:00,510.836
2018-10-30 23:00:00,476.471
2018-10-31 00:00:00,462.833
2018-10-31 01:00:00,452.168
2018-10-31 02:00:00,453.892
2018-10-31 03:00:00,466.053
2018-10-31 04:00:00,505.343
2018-10-31 05:00:00,590.02
2018-10-31 06:00:00,687.205
2018-10-31 07:00:00,739.948
2018-10-31 08:00:00,762.249
2018-10-31 09:00:00,781.428
2018-10-31 10:00:00,771.011
2018-10-31 11:00:00,755.332
2018-10-31 12:00:00,743.55
2018-10-31 13:00:00,732.109
2018-10-31 14:00:00,703.673
2018-10-31 15:00:00,687.037
2018-10-31 16:00:00,688.935
2018-10-31 17:00:00,679.014
2018-10-31 18:00:00,672.066
2018-10-31 19:00:00,658.049
2018-10-31 20:00:00,631.328
2018-10-31 21:00:00,566.191
2018-10-31 22:00:00,511.6
2018-10-31 23:00:00,465.815
2018-11-01 00:00:00,444.77
2018-11-01 01:00:00,431.584
2018-11-01 02:00:00,428.882
2018-11-01 03:00:00,437.694
2018-11-01 04:00:00,478.343
2018-11-01 05:00:00,559.382
2018-11-01 06:00:00,651.892
2018-11-01 07:00:00,708.25
2018-11-01 08:00:00,751.922
2018-11-01 09:00:00,797.259
2018-11-01 10:00:00,818.853
2018-11-01 11:00:00,833.42
2018-11-01 12:00:00,832.896
2018-11-01 13:00:00,807.602
2018-11-01 14:00:00,800.025
2018-11-01 15:00:00,777.186
2018-11-01 16:00:00,763.846
2018-11-01 17:00:00,764.632
2018-11-01 18:00:00,733.931
2018-11-01 19:00:00,683.66
2018-11-01 20:00:00,647.609
2018-11-01 21:00:00,609.407
2018-11-01 22:00:00,559.406
2018-11-01 23:00:00,500.975
2018-11-02 00:00:00,469.868
2018-11-02 01:00:00,456.999
2018-11-02 02:00:00,447.196
2018-11-02 03:00:00,457.969
2018-11-02 04:00:00,504.148
2018-11-02 05:00:00,590.397
2018-11-02 06:00:00,708.592
2018-11-02 07:00:00,767.337
2018-11-02 08:00:00,796.766
2018-11-02 09:00:00,838.797
2018-11-02 10:00:00,846.93
2018-11-02 11:00:00,849.221
2018-11-02 12:00:00,842.097
2018-11-02 13:00:00,781.363
2018-11-02 14:00:00,743.328
2018-11-02 15:00:00,727.916
2018-11-02 16:00:00,727.42
2018-11-02 17:00:00,755.137
2018-11-02 18:00:00,741.742
2018-11-02 19:00:00,710.795
2018-11-02 20:00:00,649.459
2018-11-02 21:00:00,582.681
2018-11-02 22:00:00,521.503
2018-11-02 23:00:00,478.566
2018-11-03 00:00:00,439.267
2018-11-03 01:00:00,419.274
2018-11-03 02:00:00,421.679
2018-11-03 03:00:00,429.424
2018-11-03 04:00:00,438.317
2018-11-03 05:00:00,471.482
2018-11-03 06:00:00,526.977
2018-11-03 07:00:00,569.977
2018-11-03 08:00:00,622.735
2018-11-03 09:00:00,643.906
2018-11-03 10:00:00,638.79
2018-11-03 11:00:00,646.477
2018-11-03 12:00:00,655.583
2018-11-03 13:00:00,659.557
2018-11-03 14:00:00,657.157
2018-11-03 15:00:00,665.604
2018-11-03 16:00:00,683.03
2018-11-03 17:00:00,681.967
2018-11-03 18:00:00,687.497
2018-11-03 19:00:00,658.307
2018-11-03 20:00:00,631.32
2018-11-03 21:00:00,572.593
2018-11-03 22:00:00,520.784
2018-11-03 23:00:00,479.304
2018-11-04 00:00:00,450.788
2018-11-04 01:00:00,449.3
2018-11-04 02:00:00,449.785
2018-11-04 03:00:00,453.677
2018-11-04 04:00:00,473.318
2018-11-04 05:00:00,504.371
2018-11-04 06:00:00,535.228
2018-11-04 07:00:00,572.58
2018-11-04 08:00:00,598.076
2018-11-04 09:00:00,586.747
2018-11-04 10:00:00,576.142
2018-11-04 11:00:00,582.109
2018-11-04 12:00:00,588.422
2018-11-04 13:00:00,591.858
2018-11-04 14:00:00,592.254
2018-11-04 15:00:00,604.503
2018-11-04 16:00:00,602.671
2018-11-04 17:00:00,617.947
2018-11-04 18:00:00,617.105
2018-11-04 19:00:00,611.072
2018-11-04 20:00:00,573.002
2018-11-04 21:00:00,546.363
2018-11-04 22:00:00,490.282
2018-11-04 23:00:00,453.619
2018-11-05 00:00:00,460.942
2018-11-05 01:00:00,455.163
2018-11-05 02:00:00,447.38
2018-11-05 03:00:00,450.71
2018-11-05 04:00:00,463.745
2018-11-05 05:00:00,507.131
2018-11-05 06:00:00,584.262
2018-11-05 07:00:00,654.584
2018-11-05 08:00:00,712.854
2018-11-05 09:00:00,752.475
2018-11-05 10:00:00,770.072
2018-11-05 11:00:00,778.363
2018-11-05 12:00:00,771.873
2018-11-05 13:00:00,738.332
2018-11-05 14:00:00,697.111
2018-11-05 15:00:00,671.82
2018-11-05 16:00:00,660.984
2018-11-05 17:00:00,693.605
2018-11-05 18:00:00,702.379
2018-11-05 19:00:00,697.612
2018-11-05 20:00:00,662.144
2018-11-05 21:00:00,612.299
2018-11-05 22:00:00,572.118
2018-11-05 23:00:00,537.399
2018-11-06 00:00:00,490.129
2018-11-06 01:00:00,460.406
2018-11-06 02:00:00,453.958
2018-11-06 03:00:00,457.011
2018-11-06 04:00:00,471.927
2018-11-06 05:00:00,510.462
2018-11-06 06:00:00,586.33
2018-11-06 07:00:00,667.133
2018-11-06 08:00:00,722.915
2018-11-06 09:00:00,753.954
2018-11-06 10:00:00,762.33
2018-11-06 11:00:00,761.917
2018-11-06 12:00:00,755.037
2018-11-06 13:00:00,729.3
2018-11-06 14:00:00,687.57
2018-11-06 15:00:00,662.975
2018-11-06 16:00:00,659.25
2018-11-06 17:00:00,691.543
2018-11-06 18:00:00,700.189
2018-11-06 19:00:00,690.077
2018-11-06 20:00:00,658.937
2018-11-06 21:00:00,618.63
2018-11-06 22:00:00,579.764
2018-11-06 23:00:00,541.806
2018-11-07 00:00:00,490.534
2018-11-07 01:00:00,465.567
2018-11-07 02:00:00,452.835
2018-11-07 03:00:00,445.342
2018-11-07 04:00:00,455.914
2018-11-07 05:00:00,505.903
2018-11-07 06:00:00,596.914
2018-11-07 07:00:00,665.788
2018-11-07 08:00:00,724.179
2018-11-07 09:00:00,761.064
2018-11-07 10:00:00,769.84
2018-11-07 11:00:00,754.994
2018-11-07 12:00:00,742.027
2018-11-07 13:00:00,718.635
2018-11-07 14:00:00,677.268
2018-11-07 15:00:00,644.816
2018-11-07 16:00:00,631.437
2018-11-07 17:00:00,672.816
2018-11-07 18:00:00,697.761
2018-11-07 19:00:00,683.421
2018-11-07 20:00:00,644.147
2018-11-07 21:00:00,605.219
2018-11-07 22:00:00,564.152
2018-11-07 23:00:00,520.57
2018-11-08 00:00:00,478.07
2018-11-08 01:00:00,454.071
2018-11-08 02:00:00,444.6
2018-11-08 03:00:00,448.589
2018-11-08 04:00:00,463.885
2018-11-08 05:00:00,505.462
2018-11-08 06:00:00,597.567
2018-11-08 07:00:00,677.952
2018-11-08 08:00:00,734.834
2018-11-08 09:00:00,763.753
2018-11-08 10:00:00,768.858
2018-11-08 11:00:00,758.722
2018-11-08 12:00:00,755.912
2018-11-08 13:00:00,734.446
2018-11-08 14:00:00,714.768
2018-11-08 15:00:00,681.113
2018-11-08 16:00:00,649.107
2018-11-08 17:00:00,674.083
2018-11-08 18:00:00,683.075
2018-11-08 19:00:00,677.658
2018-11-08 20:00:00,659.095
2018-11-08 21:00:00,611.156
2018-11-08 22:00:00,575.45
2018-11-08 23:00:00,520.807
2018-11-09 00:00:00,492.473
2018-11-09 01:00:00,471.582
2018-11-09 02:00:00,472.768
2018-11-09 03:00:00,478.442
2018-11-09 04:00:00,498.762
2018-11-09 05:00:00,541.242
2018-11-09 06:00:00,628.089
2018-11-09 07:00:00,703.939
2018-11-09 08:00:00,767.072
2018-11-09 09:00:00,793.713
2018-11-09 10:00:00,790.944
2018-11-09 11:00:00,791.261
2018-11-09 12:00:00,776.859
2018-11-09 13:00:00,754.397
2018-11-09 14:00:00,723.052
2018-11-09 15:00:00,696.421
2018-11-09 16:00:00,688.846
2018-11-09 17:00:00,716.278
2018-11-09 18:00:00,732.603
2018-11-09 19:00:00,733.157
2018-11-09 20:00:00,704.827
2018-11-09 21:00:00,667.097
2018-11-09 22:00:00,624.465
2018-11-09 23:00:00,575.138
2018-11-10 00:00:00,531.763
2018-11-10 01:00:00,502.635
2018-11-10 02:00:00,499.606
2018-11-10 03:00:00,502.987
2018-11-10 04:00:00,511.569
2018-11-10 05:00:00,533.059
2018-11-10 06:00:00,605.088
2018-11-10 07:00:00,644.327
2018-11-10 08:00:00,693.381
2018-11-10 09:00:00,746.697
2018-11-10 10:00:00,742.109
2018-11-10 11:00:00,744.768
2018-11-10 12:00:00,750.707
2018-11-10 13:00:00,737.115
2018-11-10 14:00:00,732.41
2018-11-10 15:00:00,704.453
2018-11-10 16:00:00,700.523
2018-11-10 17:00:00,759.099
2018-11-10 18:00:00,799.068
2018-11-10 19:00:00,810.815
2018-11-10 20:00:00,783.145
2018-11-10 21:00:00,743.267
2018-11-10 22:00:00,703.215
2018-11-10 23:00:00,658.724
2018-11-11 00:00:00,636.966
2018-11-11 01:00:00,621.023
2018-11-11 02:00:00,627.215
2018-11-11 03:00:00,642.408
2018-11-11 04:00:00,641.941
2018-11-11 05:00:00,668.199
2018-11-11 06:00:00,707.496
2018-11-11 07:00:00,698.816
2018-11-11 08:00:00,701.219
2018-11-11 09:00:00,690.828
2018-11-11 10:00:00,676.337
2018-11-11 11:00:00,649.237
2018-11-11 12:00:00,630.069
2018-11-11 13:00:00,621.448
2018-11-11 14:00:00,605.105
2018-11-11 15:00:00,591.613
2018-11-11 16:00:00,601.75
2018-11-11 17:00:00,641.657
2018-11-11 18:00:00,685.871
2018-11-11 19:00:00,695.409
2018-11-11 20:00:00,678.053
2018-11-11 21:00:00,656.282
2018-11-11 22:00:00,634.038
2018-11-11 23:00:00,612.073
2018-11-12 00:00:00,617.674
2018-11-12 01:00:00,603.606
2018-11-12 02:00:00,587.633
2018-11-12 03:00:00,589.335
2018-11-12 04:00:00,598.665
2018-11-12 05:00:00,637.019
2018-11-12 06:00:00,722.255
2018-11-12 07:00:00,782.492
2018-11-12 08:00:00,833.231
2018-11-12 09:00:00,846.735
2018-11-12 10:00:00,837.793
2018-11-12 11:00:00,818.422
2018-11-12 12:00:00,804.549
2018-11-12 13:00:00,764.942
2018-11-12 14:00:00,723.505
2018-11-12 15:00:00,690.93
2018-11-12 16:00:00,691.429
2018-11-12 17:00:00,726.631
2018-11-12 18:00:00,757.1
2018-11-12 19:00:00,747.573
2018-11-12 20:00:00,723.246
2018-11-12 21:00:00,681.405
2018-11-12 22:00:00,644.959
2018-11-12 23:00:00,618.446
2018-11-13 00:00:00,581.642
2018-11-13 01:00:00,560.644
2018-11-13 02:00:00,548.784
2018-11-13 03:00:00,545.595
2018-11-13 04:00:00,553.788
2018-11-13 05:00:00,609.105
2018-11-13 06:00:00,713.401
2018-11-13 07:00:00,782.324
2018-11-13 08:00:00,838.688
2018-11-13 09:00:00,851.564
2018-11-13 10:00:00,866.612
2018-11-13 11:00:00,857.265
2018-11-13 12:00:00,832.175
2018-11-13 13:00:00,797.175
2018-11-13 14:00:00,750.975
2018-11-13 15:00:00,729.392
2018-11-13 16:00:00,741.036
2018-11-13 17:00:00,765.244
2018-11-13 18:00:00,782.558
2018-11-13 19:00:00,771.398
2018-11-13 20:00:00,722.015
2018-11-13 21:00:00,681.55
2018-11-13 22:00:00,655.957
2018-11-13 23:00:00,612.277
2018-11-14 00:00:00,602.584
2018-11-14 01:00:00,605.416
2018-11-14 02:00:00,595.09
2018-11-14 03:00:00,598.276
2018-11-14 04:00:00,615.302
2018-11-14 05:00:00,658.062
2018-11-14 06:00:00,758.105
2018-11-14 07:00:00,852.098
2018-11-14 08:00:00,900.188
2018-11-14 09:00:00,894.765
2018-11-14 10:00:00,870.729
2018-11-14 11:00:00,860.345
2018-11-14 12:00:00,823.111
2018-11-14 13:00:00,787.468
2018-11-14 14:00:00,747.567
2018-11-14 15:00:00,736.585
2018-11-14 16:00:00,745.174
2018-11-14 17:00:00,782.465
2018-11-14 18:00:00,805.137
2018-11-14 19:00:00,790.807
2018-11-14 20:00:00,779.106
2018-11-14 21:00:00,751.998
2018-11-14 22:00:00,734.692
2018-11-14 23:00:00,684.901
2018-11-15 00:00:00,646.374
2018-11-15 01:00:00,625.439
2018-11-15 02:00:00,627.46
2018-11-15 03:00:00,631.302
2018-11-15 04:00:00,632.044
2018-11-15 05:00:00,684.905
2018-11-15 06:00:00,795.276
2018-11-15 07:00:00,887.371
2018-11-15 08:00:00,978.863
2018-11-15 09:00:00,1025.007
2018-11-15 10:00:00,1046.193
2018-11-15 11:00:00,1044.215
2018-11-15 12:00:00,1046.397
2018-11-15 13:00:00,1030.722
2018-11-15 14:00:00,1001.857
2018-11-15 15:00:00,1007.632
2018-11-15 16:00:00,989.584
2018-11-15 17:00:00,992.883
2018-11-15 18:00:00,989.562
2018-11-15 19:00:00,970.466
2018-11-15 20:00:00,901.808
2018-11-15 21:00:00,831.718
2018-11-15 22:00:00,774.916
2018-11-15 23:00:00,718.099
2018-11-16 00:00:00,708.646
2018-11-16 01:00:00,715.056
2018-11-16 02:00:00,704.947
2018-11-16 03:00:00,685.186
2018-11-16 04:00:00,669.691
2018-11-16 05:00:00,699.45
2018-11-16 06:00:00,784.677
2018-11-16 07:00:00,842.051
2018-11-16 08:00:00,852.388
2018-11-16 09:00:00,856.106
2018-11-16 10:00:00,852.946
2018-11-16 11:00:00,828.497
2018-11-16 12:00:00,795.154
2018-11-16 13:00:00,744.524
2018-11-16 14:00:00,697.992
2018-11-16 15:00:00,668.637
2018-11-16 16:00:00,666.626
2018-11-16 17:00:00,717.403
2018-11-16 18:00:00,763.879
2018-11-16 19:00:00,749.351
2018-11-16 20:00:00,734.659
2018-11-16 21:00:00,707.775
2018-11-16 22:00:00,673.898
2018-11-16 23:00:00,623.691
2018-11-17 00:00:00,564.262
2018-11-17 01:00:00,522.08
2018-11-17 02:00:00,527.206
2018-11-17 03:00:00,542.79
2018-11-17 04:00:00,559.752
2018-11-17 05:00:00,570.89
2018-11-17 06:00:00,614.395
2018-11-17 07:00:00,637.741
2018-11-17 08:00:00,671.393
2018-11-17 09:00:00,718.753
2018-11-17 10:00:00,734.176
2018-11-17 11:00:00,726.484
2018-11-17 12:00:00,691.602
2018-11-17 13:00:00,669.233
2018-11-17 14:00:00,652.809
2018-11-17 15:00:00,656.001
2018-11-17 16:00:00,653.624
2018-11-17 17:00:00,702.346
2018-11-17 18:00:00,728.074
2018-11-17 19:00:00,744.733
2018-11-17 20:00:00,718.072
2018-11-17 21:00:00,677.22
2018-11-17 22:00:00,653.133
2018-11-17 23:00:00,602.204
2018-11-18 00:00:00,571.175
2018-11-18 01:00:00,560.277
2018-11-18 02:00:00,553.299
2018-11-18 03:00:00,565.488
2018-11-18 04:00:00,575.538
2018-11-18 05:00:00,593.416
2018-11-18 06:00:00,640.145
2018-11-18 07:00:00,643.625
2018-11-18 08:00:00,660.073
2018-11-18 09:00:00,653.35
2018-11-18 10:00:00,634.462
2018-11-18 11:00:00,629.85
2018-11-18 12:00:00,627.94
2018-11-18 13:00:00,605.293
2018-11-18 14:00:00,582.712
2018-11-18 15:00:00,580.266
2018-11-18 16:00:00,600.727
2018-11-18 17:00:00,648.385
2018-11-18 18:00:00,658.202
2018-11-18 19:00:00,670.531
2018-11-18 20:00:00,657.897
2018-11-18 21:00:00,637.561
2018-11-18 22:00:00,606.751
2018-11-18 23:00:00,573.099
2018-11-19 00:00:00,560.808
2018-11-19 01:00:00,548.271
2018-11-19 02:00:00,550.835
2018-11-19 03:00:00,553.561
2018-11-19 04:00:00,569.432
2018-11-19 05:00:00,619.174
2018-11-19 06:00:00,687.26
2018-11-19 07:00:00,752.163
2018-11-19 08:00:00,798.662
2018-11-19 09:00:00,808.505
2018-11-19 10:00:00,803.582
2018-11-19 11:00:00,787.602
2018-11-19 12:00:00,772.112
2018-11-19 13:00:00,717.096
2018-11-19 14:00:00,680.829
2018-11-19 15:00:00,657.832
2018-11-19 16:00:00,647.74
2018-11-19 17:00:00,673.518
2018-11-19 18:00:00,703.648
2018-11-19 19:00:00,691.456
2018-11-19 20:00:00,666.743
2018-11-19 21:00:00,625.065
2018-11-19 22:00:00,572.004
2018-11-19 23:00:00,543.498
2018-11-20 00:00:00,506.544
2018-11-20 01:00:00,482.312
2018-11-20 02:00:00,477.384
2018-11-20 03:00:00,482.687
2018-11-20 04:00:00,496.518
2018-11-20 05:00:00,540.986
2018-11-20 06:00:00,617.179
2018-11-20 07:00:00,700.196
2018-11-20 08:00:00,753.766
2018-11-20 09:00:00,785.205
2018-11-20 10:00:00,786.856
2018-11-20 11:00:00,765.126
2018-11-20 12:00:00,756.231
2018-11-20 13:00:00,741.095
2018-11-20 14:00:00,722.608
2018-11-20 15:00:00,676.452
2018-11-20 16:00:00,686.56
2018-11-20 17:00:00,726.314
2018-11-20 18:00:00,753.638
2018-11-20 19:00:00,762.674
2018-11-20 20:00:00,722.472
2018-11-20 21:00:00,690.852
2018-11-20 22:00:00,660.746
2018-11-20 23:00:00,623.091
2018-11-21 00:00:00,585.982
2018-11-21 01:00:00,567.886
2018-11-21 02:00:00,564.654
2018-11-21 03:00:00,584.64
2018-11-21 04:00:00,606.015
2018-11-21 05:00:00,668.734
2018-11-21 06:00:00,778.771
2018-11-21 07:00:00,828.134
2018-11-21 08:00:00,842.525
2018-11-21 09:00:00,845.044
2018-11-21 10:00:00,836.513
2018-11-21 11:00:00,813.534
2018-11-21 12:00:00,789.416
2018-11-21 13:00:00,749.898
2018-11-21 14:00:00,712.73
2018-11-21 15:00:00,679.91
2018-11-21 16:00:00,671.131
2018-11-21 17:00:00,748.794
2018-11-21 18:00:00,768.763
2018-11-21 19:00:00,772.555
2018-11-21 20:00:00,756.131
2018-11-21 21:00:00,715.845
2018-11-21 22:00:00,686.44
2018-11-21 23:00:00,635.107
2018-11-22 00:00:00,607.096
2018-11-22 01:00:00,591.041
2018-11-22 02:00:00,618.29
2018-11-22 03:00:00,651.266
2018-11-22 04:00:00,688.075
2018-11-22 05:00:00,757.958
2018-11-22 06:00:00,859.415
2018-11-22 07:00:00,965.472
2018-11-22 08:00:00,987.876
2018-11-22 09:00:00,981.917
2018-11-22 10:00:00,974.506
2018-11-22 11:00:00,969.024
2018-11-22 12:00:00,958.356
2018-11-22 13:00:00,953.321
2018-11-22 14:00:00,881.89
2018-11-22 15:00:00,865.504
2018-11-22 16:00:00,901.73
2018-11-22 17:00:00,941.491
2018-11-22 18:00:00,963.127
2018-11-22 19:00:00,975.514
2018-11-22 20:00:00,959.715
2018-11-22 21:00:00,903.17
2018-11-22 22:00:00,879.872
2018-11-22 23:00:00,834.931
2018-11-23 00:00:00,802.519
2018-11-23 01:00:00,778.074
2018-11-23 02:00:00,776.058
2018-11-23 03:00:00,775.096
2018-11-23 04:00:00,789.31
2018-11-23 05:00:00,840.785
2018-11-23 06:00:00,930.553
2018-11-23 07:00:00,1000.837
2018-11-23 08:00:00,1039.406
2018-11-23 09:00:00,1053.545
2018-11-23 10:00:00,1038.553
2018-11-23 11:00:00,1023.365
2018-11-23 12:00:00,990.238
2018-11-23 13:00:00,941.54
2018-11-23 14:00:00,904.271
2018-11-23 15:00:00,879.304
2018-11-23 16:00:00,892.211
2018-11-23 17:00:00,934.075
2018-11-23 18:00:00,939.536
2018-11-23 19:00:00,911.282
2018-11-23 20:00:00,877.28
2018-11-23 21:00:00,841.83
2018-11-23 22:00:00,811.466
2018-11-23 23:00:00,765.121
2018-11-24 00:00:00,715.255
2018-11-24 01:00:00,671.085
2018-11-24 02:00:00,662.253
2018-11-24 03:00:00,669.99
2018-11-24 04:00:00,687.049
2018-11-24 05:00:00,695.22
2018-11-24 06:00:00,735.646
2018-11-24 07:00:00,761.664
2018-11-24 08:00:00,800.168
2018-11-24 09:00:00,825.336
2018-11-24 10:00:00,833.764
2018-11-24 11:00:00,823.801
2018-11-24 12:00:00,794.803
2018-11-24 13:00:00,822.543
2018-11-24 14:00:00,791.13
2018-11-24 15:00:00,816.61
2018-11-24 16:00:00,859.531
2018-11-24 17:00:00,883.955
2018-11-24 18:00:00,850.999
2018-11-24 19:00:00,835.688
2018-11-24 20:00:00,788.924
2018-11-24 21:00:00,774.112
2018-11-24 22:00:00,721.412
2018-11-24 23:00:00,655.543
2018-11-25 00:00:00,604.625
2018-11-25 01:00:00,575.216
2018-11-25 02:00:00,573.398
2018-11-25 03:00:00,580.117
2018-11-25 04:00:00,586.172
2018-11-25 05:00:00,604.967
2018-11-25 06:00:00,641.148
2018-11-25 07:00:00,642.991
2018-11-25 08:00:00,680.574
2018-11-25 09:00:00,681.431
2018-11-25 10:00:00,665.326
2018-11-25 11:00:00,627.093
2018-11-25 12:00:00,600.6
2018-11-25 13:00:00,583.853
2018-11-25 14:00:00,580.194
2018-11-25 15:00:00,571.009
2018-11-25 16:00:00,575.564
2018-11-25 17:00:00,600.43
2018-11-25 18:00:00,632.545
2018-11-25 19:00:00,658.001
2018-11-25 20:00:00,640.123
2018-11-25 21:00:00,627.629
2018-11-25 22:00:00,576.408
2018-11-25 23:00:00,540.912
2018-11-26 00:00:00,533.982
2018-11-26 01:00:00,506.51
2018-11-26 02:00:00,497.937
2018-11-26 03:00:00,498.553
2018-11-26 04:00:00,509.378
2018-11-26 05:00:00,550.002
2018-11-26 06:00:00,633.549
2018-11-26 07:00:00,713.592
2018-11-26 08:00:00,765.749
2018-11-26 09:00:00,777.168
2018-11-26 10:00:00,789.519
2018-11-26 11:00:00,792.674
2018-11-26 12:00:00,781.704
2018-11-26 13:00:00,754.672
2018-11-26 14:00:00,716.204
2018-11-26 15:00:00,697.804
2018-11-26 16:00:00,692.998
2018-11-26 17:00:00,726.784
2018-11-26 18:00:00,757.097
2018-11-26 19:00:00,776.887
2018-11-26 20:00:00,751.253
2018-11-26 21:00:00,709.686
2018-11-26 22:00:00,655.009
2018-11-26 23:00:00,619.438
2018-11-27 00:00:00,586.637
2018-11-27 01:00:00,557.416
2018-11-27 02:00:00,562.917
2018-11-27 03:00:00,581.726
2018-11-27 04:00:00,606.328
2018-11-27 05:00:00,650.713
2018-11-27 06:00:00,728.565
2018-11-27 07:00:00,802.442
2018-11-27 08:00:00,872.61
2018-11-27 09:00:00,923.588
2018-11-27 10:00:00,932.682
2018-11-27 11:00:00,918.281
2018-11-27 12:00:00,897.585
2018-11-27 13:00:00,872.514
2018-11-27 14:00:00,831.962
2018-11-27 15:00:00,830.419
2018-11-27 16:00:00,840.537
2018-11-27 17:00:00,862.401
2018-11-27 18:00:00,883.773
2018-11-27 19:00:00,912.231
2018-11-27 20:00:00,863.796
2018-11-27 21:00:00,817.968
2018-11-27 22:00:00,785.541
2018-11-27 23:00:00,761.186
2018-11-28 00:00:00,734.325
2018-11-28 01:00:00,709.009
2018-11-28 02:00:00,725.439
2018-11-28 03:00:00,729.256
2018-11-28 04:00:00,723.565
2018-11-28 05:00:00,763.427
2018-11-28 06:00:00,871.575
2018-11-28 07:00:00,976.136
2018-11-28 08:00:00,1053.122
2018-11-28 09:00:00,1058.519
2018-11-28 10:00:00,1011.153
2018-11-28 11:00:00,996.867
2018-11-28 12:00:00,968.101
2018-11-28 13:00:00,945.844
2018-11-28 14:00:00,871.623
2018-11-28 15:00:00,837.935
2018-11-28 16:00:00,830.649
2018-11-28 17:00:00,900.549
2018-11-28 18:00:00,947.566
2018-11-28 19:00:00,918.794
2018-11-28 20:00:00,920.11
2018-11-28 21:00:00,887.939
2018-11-28 22:00:00,837.81
2018-11-28 23:00:00,794.862
2018-11-29 00:00:00,752.212
2018-11-29 01:00:00,729.079
2018-11-29 02:00:00,722.985
2018-11-29 03:00:00,733.467
2018-11-29 04:00:00,746.813
2018-11-29 05:00:00,788.761
2018-11-29 06:00:00,873.923
2018-11-29 07:00:00,932.842
2018-11-29 08:00:00,955.793
2018-11-29 09:00:00,953.884
2018-11-29 10:00:00,940.08
2018-11-29 11:00:00,914.171
2018-11-29 12:00:00,870.337
2018-11-29 13:00:00,837.378
2018-11-29 14:00:00,781.474
2018-11-29 15:00:00,748.564
2018-11-29 16:00:00,767.216
2018-11-29 17:00:00,800.287
2018-11-29 18:00:00,819.118
2018-11-29 19:00:00,822.001
2018-11-29 20:00:00,782.993
2018-11-29 21:00:00,735.978
2018-11-29 22:00:00,707.108
2018-11-29 23:00:00,667.805
2018-11-30 00:00:00,632.239
2018-11-30 01:00:00,603.285
2018-11-30 02:00:00,599.303
2018-11-30 03:00:00,609.72
2018-11-30 04:00:00,629.406
2018-11-30 05:00:00,671.864
2018-11-30 06:00:00,754.498
2018-11-30 07:00:00,832.475
2018-11-30 08:00:00,878.905
2018-11-30 09:00:00,885.693
2018-11-30 10:00:00,873.282
2018-11-30 11:00:00,872.623
2018-11-30 12:00:00,848.619
2018-11-30 13:00:00,802.639
2018-11-30 14:00:00,750.527
2018-11-30 15:00:00,728.851
2018-11-30 16:00:00,733.302
2018-11-30 17:00:00,766.765
2018-11-30 18:00:00,791.372
2018-11-30 19:00:00,789.493
2018-11-30 20:00:00,765.05
2018-11-30 21:00:00,717.163
2018-11-30 22:00:00,681.399
2018-11-30 23:00:00,640.386
2018-12-01 00:00:00,623.384
2018-12-01 01:00:00,611.295
2018-12-01 02:00:00,601.329
2018-12-01 03:00:00,607.699
2018-12-01 04:00:00,617.92
2018-12-01 05:00:00,623.273
2018-12-01 06:00:00,660.48
2018-12-01 07:00:00,687.98
2018-12-01 08:00:00,722.193
2018-12-01 09:00:00,772.705
2018-12-01 10:00:00,797.57
2018-12-01 11:00:00,807.646
2018-12-01 12:00:00,800.717
2018-12-01 13:00:00,798.891
2018-12-01 14:00:00,810.575
2018-12-01 15:00:00,794.801
2018-12-01 16:00:00,804.024
2018-12-01 17:00:00,842.516
2018-12-01 18:00:00,857.4
2018-12-01 19:00:00,844.806
2018-12-01 20:00:00,811.121
2018-12-01 21:00:00,755.712
2018-12-01 22:00:00,702.834
2018-12-01 23:00:00,646.129
2018-12-02 00:00:00,593.387
2018-12-02 01:00:00,558.312
2018-12-02 02:00:00,536.005
2018-12-02 03:00:00,519.622
2018-12-02 04:00:00,519.126
2018-12-02 05:00:00,529.249
2018-12-02 06:00:00,547.525
2018-12-02 07:00:00,560.939
2018-12-02 08:00:00,597.477
2018-12-02 09:00:00,638.049
2018-12-02 10:00:00,664.087
2018-12-02 11:00:00,665.11
2018-12-02 12:00:00,668.063
2018-12-02 13:00:00,644.678
2018-12-02 14:00:00,620.475
2018-12-02 15:00:00,599.37
2018-12-02 16:00:00,616.38
2018-12-02 17:00:00,661.806
2018-12-02 18:00:00,692.105
2018-12-02 19:00:00,695.607
2018-12-02 20:00:00,660.611
2018-12-02 21:00:00,611.257
2018-12-02 22:00:00,571.855
2018-12-02 23:00:00,526.102
2018-12-03 00:00:00,513.405
2018-12-03 01:00:00,491.15
2018-12-03 02:00:00,476.954
2018-12-03 03:00:00,472.515
2018-12-03 04:00:00,485.558
2018-12-03 05:00:00,519.934
2018-12-03 06:00:00,593.898
2018-12-03 07:00:00,672.928
2018-12-03 08:00:00,728.521
2018-12-03 09:00:00,756.137
2018-12-03 10:00:00,766.903
2018-12-03 11:00:00,769.109
2018-12-03 12:00:00,771.445
2018-12-03 13:00:00,749.131
2018-12-03 14:00:00,703.552
2018-12-03 15:00:00,676.314
2018-12-03 16:00:00,662.662
2018-12-03 17:00:00,697.726
2018-12-03 18:00:00,735.332
2018-12-03 19:00:00,718.493
2018-12-03 20:00:00,696.104
2018-12-03 21:00:00,663.919
2018-12-03 22:00:00,617.487
2018-12-03 23:00:00,591.808
2018-12-04 00:00:00,556.929
2018-12-04 01:00:00,548.364
2018-12-04 02:00:00,540.41
2018-12-04 03:00:00,554.386
2018-12-04 04:00:00,562.67
2018-12-04 05:00:00,589.811
2018-12-04 06:00:00,669.883
2018-12-04 07:00:00,761.39
2018-12-04 08:00:00,830.212
2018-12-04 09:00:00,872.317
2018-12-04 10:00:00,897.731
2018-12-04 11:00:00,888.056
2018-12-04 12:00:00,879.205
2018-12-04 13:00:00,861.099
2018-12-04 14:00:00,838.412
2018-12-04 15:00:00,813.435
2018-12-04 16:00:00,808.88
2018-12-04 17:00:00,835.472
2018-12-04 18:00:00,838.757
2018-12-04 19:00:00,845.953
2018-12-04 20:00:00,831.146
2018-12-04 21:00:00,801.535
2018-12-04 22:00:00,768.239
2018-12-04 23:00:00,716.171
2018-12-05 00:00:00,688.111
2018-12-05 01:00:00,663.996
2018-12-05 02:00:00,658.499
2018-12-05 03:00:00,666.907
2018-12-05 04:00:00,678.624
2018-12-05 05:00:00,725.891
2018-12-05 06:00:00,809.867
2018-12-05 07:00:00,901.016
2018-12-05 08:00:00,977.309
2018-12-05 09:00:00,990.331
2018-12-05 10:00:00,979.856
2018-12-05 11:00:00,954.547
2018-12-05 12:00:00,933.424
2018-12-05 13:00:00,911.288
2018-12-05 14:00:00,843.44
2018-12-05 15:00:00,810.159
2018-12-05 16:00:00,824.249
2018-12-05 17:00:00,867.958
2018-12-05 18:00:00,895.327
2018-12-05 19:00:00,882.596
2018-12-05 20:00:00,868.444
2018-12-05 21:00:00,832.233
2018-12-05 22:00:00,800.798
2018-12-05 23:00:00,762.399
2018-12-06 00:00:00,732.987
2018-12-06 01:00:00,704.704
2018-12-06 02:00:00,680.739
2018-12-06 03:00:00,669.142
2018-12-06 04:00:00,678.668
2018-12-06 05:00:00,716.995
2018-12-06 06:00:00,797.394
2018-12-06 07:00:00,873.117
2018-12-06 08:00:00,910.762
2018-12-06 09:00:00,921.562
2018-12-06 10:00:00,910.096
2018-12-06 11:00:00,900.363
2018-12-06 12:00:00,877.408
2018-12-06 13:00:00,830.902
2018-12-06 14:00:00,776.713
2018-12-06 15:00:00,750.402
2018-12-06 16:00:00,756.901
2018-12-06 17:00:00,798.486
2018-12-06 18:00:00,828.566
2018-12-06 19:00:00,826.26
2018-12-06 20:00:00,793.815
2018-12-06 21:00:00,768.214
2018-12-06 22:00:00,740.143
2018-12-06 23:00:00,690.193
2018-12-07 00:00:00,653.515
2018-12-07 01:00:00,629.754
2018-12-07 02:00:00,628.792
2018-12-07 03:00:00,640.409
2018-12-07 04:00:00,645.18
2018-12-07 05:00:00,683.975
2018-12-07 06:00:00,776.862
2018-12-07 07:00:00,891.536
2018-12-07 08:00:00,937.813
2018-12-07 09:00:00,964.426
2018-12-07 10:00:00,925.893
2018-12-07 11:00:00,912.515
2018-12-07 12:00:00,872.422
2018-12-07 13:00:00,818.965
2018-12-07 14:00:00,780.741
2018-12-07 15:00:00,771.852
2018-12-07 16:00:00,773.352
2018-12-07 17:00:00,814.278
2018-12-07 18:00:00,860.352
2018-12-07 19:00:00,864.674
2018-12-07 20:00:00,835.112
2018-12-07 21:00:00,806.545
2018-12-07 22:00:00,785.567
2018-12-07 23:00:00,742.7
2018-12-08 00:00:00,707.452
2018-12-08 01:00:00,675.242
2018-12-08 02:00:00,664.764
2018-12-08 03:00:00,677.819
2018-12-08 04:00:00,705.917
2018-12-08 05:00:00,733.519
2018-12-08 06:00:00,792.581
2018-12-08 07:00:00,844.312
2018-12-08 08:00:00,864.003
2018-12-08 09:00:00,881.653
2018-12-08 10:00:00,863.666
2018-12-08 11:00:00,863.373
2018-12-08 12:00:00,832.682
2018-12-08 13:00:00,845.072
2018-12-08 14:00:00,819.314
2018-12-08 15:00:00,812.451
2018-12-08 16:00:00,847.282
2018-12-08 17:00:00,891.005
2018-12-08 18:00:00,907.533
2018-12-08 19:00:00,901.785
2018-12-08 20:00:00,885.017
2018-12-08 21:00:00,837.768
2018-12-08 22:00:00,806.661
2018-12-08 23:00:00,768.878
2018-12-09 00:00:00,726.27
2018-12-09 01:00:00,683.988
2018-12-09 02:00:00,681.768
2018-12-09 03:00:00,692.007
2018-12-09 04:00:00,696.482
2018-12-09 05:00:00,708.718
2018-12-09 06:00:00,736.482
2018-12-09 07:00:00,768.919
2018-12-09 08:00:00,807.01
2018-12-09 09:00:00,849.781
2018-12-09 10:00:00,861.63
2018-12-09 11:00:00,869.751
2018-12-09 12:00:00,868.95
2018-12-09 13:00:00,863.569
2018-12-09 14:00:00,883.217
2018-12-09 15:00:00,901.313
2018-12-09 16:00:00,898.964
2018-12-09 17:00:00,909.143
2018-12-09 18:00:00,928.171
2018-12-09 19:00:00,932.912
2018-12-09 20:00:00,896.841
2018-12-09 21:00:00,855.719
2018-12-09 22:00:00,821.08
2018-12-09 23:00:00,795.725
2018-12-10 00:00:00,787.887
2018-12-10 01:00:00,776.256
2018-12-10 02:00:00,765.654
2018-12-10 03:00:00,762.965
2018-12-10 04:00:00,777.088
2018-12-10 05:00:00,807.635
2018-12-10 06:00:00,911.017
2018-12-10 07:00:00,1023.339
2018-12-10 08:00:00,1055.216
2018-12-10 09:00:00,1044.705
2018-12-10 10:00:00,1024.282
2018-12-10 11:00:00,991.296
2018-12-10 12:00:00,961.107
2018-12-10 13:00:00,910.546
2018-12-10 14:00:00,843.524
2018-12-10 15:00:00,802.768
2018-12-10 16:00:00,819.699
2018-12-10 17:00:00,892.759
2018-12-10 18:00:00,915.905
2018-12-10 19:00:00,919.257
2018-12-10 20:00:00,883.056
2018-12-10 21:00:00,847.041
2018-12-10 22:00:00,828.857
2018-12-10 23:00:00,786.645
2018-12-11 00:00:00,762.502
2018-12-11 01:00:00,734.103
2018-12-11 02:00:00,737.766
2018-12-11 03:00:00,755.062
2018-12-11 04:00:00,777.775
2018-12-11 05:00:00,821.512
2018-12-11 06:00:00,920.716
2018-12-11 07:00:00,997.892
2018-12-11 08:00:00,998.835
2018-12-11 09:00:00,971.446
2018-12-11 10:00:00,948.162
2018-12-11 11:00:00,911.114
2018-12-11 12:00:00,887.444
2018-12-11 13:00:00,820.435
2018-12-11 14:00:00,755.643
2018-12-11 15:00:00,724.029
2018-12-11 16:00:00,726.903
2018-12-11 17:00:00,776.438
2018-12-11 18:00:00,826.288
2018-12-11 19:00:00,829.251
2018-12-11 20:00:00,796.819
2018-12-11 21:00:00,767.815
2018-12-11 22:00:00,758.146
2018-12-11 23:00:00,686.271
2018-12-12 00:00:00,652.445
2018-12-12 01:00:00,662.315
2018-12-12 02:00:00,663.101
2018-12-12 03:00:00,666.671
2018-12-12 04:00:00,680.649
2018-12-12 05:00:00,717.791
2018-12-12 06:00:00,802.561
2018-12-12 07:00:00,872.051
2018-12-12 08:00:00,901.184
2018-12-12 09:00:00,909.649
2018-12-12 10:00:00,894.18
2018-12-12 11:00:00,859.598
2018-12-12 12:00:00,831.235
2018-12-12 13:00:00,800.103
2018-12-12 14:00:00,764.213
2018-12-12 15:00:00,742.688
2018-12-12 16:00:00,745.628
2018-12-12 17:00:00,786.52
2018-12-12 18:00:00,830.982
2018-12-12 19:00:00,843.189
2018-12-12 20:00:00,812.418
2018-12-12 21:00:00,773.3
2018-12-12 22:00:00,751.675
2018-12-12 23:00:00,709.105
2018-12-13 00:00:00,661.183
2018-12-13 01:00:00,622.454
2018-12-13 02:00:00,604.816
2018-12-13 03:00:00,595.527
2018-12-13 04:00:00,609.658
2018-12-13 05:00:00,647.554
2018-12-13 06:00:00,742.416
2018-12-13 07:00:00,830.69
2018-12-13 08:00:00,864.907
2018-12-13 09:00:00,874.652
2018-12-13 10:00:00,862.265
2018-12-13 11:00:00,837.674
2018-12-13 12:00:00,816.203
2018-12-13 13:00:00,764.572
2018-12-13 14:00:00,706.989
2018-12-13 15:00:00,683.992
2018-12-13 16:00:00,671.814
2018-12-13 17:00:00,706.498
2018-12-13 18:00:00,741.754
2018-12-13 19:00:00,746.473
2018-12-13 20:00:00,727.463
2018-12-13 21:00:00,686.81
2018-12-13 22:00:00,641.466
2018-12-13 23:00:00,607.269
2018-12-14 00:00:00,587.762
2018-12-14 01:00:00,558.812
2018-12-14 02:00:00,550.242
2018-12-14 03:00:00,562.384
2018-12-14 04:00:00,586.078
2018-12-14 05:00:00,634.753
2018-12-14 06:00:00,720.056
2018-12-14 07:00:00,800.681
2018-12-14 08:00:00,861.348
2018-12-14 09:00:00,880.239
2018-12-14 10:00:00,875.494
2018-12-14 11:00:00,863.452
2018-12-14 12:00:00,847.51
2018-12-14 13:00:00,812.355
2018-12-14 14:00:00,780.468
2018-12-14 15:00:00,757.585
2018-12-14 16:00:00,762.202
2018-12-14 17:00:00,779.542
2018-12-14 18:00:00,797.17
2018-12-14 19:00:00,804.316
2018-12-14 20:00:00,771.593
2018-12-14 21:00:00,726.769
2018-12-14 22:00:00,677.041
2018-12-14 23:00:00,628.696
2018-12-15 00:00:00,588.623
2018-12-15 01:00:00,553.836
2018-12-15 02:00:00,533.645
2018-12-15 03:00:00,522.526
2018-12-15 04:00:00,523.857
2018-12-15 05:00:00,536.703
2018-12-15 06:00:00,579.162
2018-12-15 07:00:00,627.73
2018-12-15 08:00:00,662.197
2018-12-15 09:00:00,702.111
2018-12-15 10:00:00,724.026
2018-12-15 11:00:00,718.487
2018-12-15 12:00:00,728.646
2018-12-15 13:00:00,725.261
2018-12-15 14:00:00,713.346
2018-12-15 15:00:00,702.911
2018-12-15 16:00:00,719.074
2018-12-15 17:00:00,754.139
2018-12-15 18:00:00,773.645
2018-12-15 19:00:00,766.517
2018-12-15 20:00:00,720.889
2018-12-15 21:00:00,683.22
2018-12-15 22:00:00,652.741
2018-12-15 23:00:00,588.626
2018-12-16 00:00:00,543.95
2018-12-16 01:00:00,510.369
2018-12-16 02:00:00,496.725
2018-12-16 03:00:00,486.995
2018-12-16 04:00:00,490.52
2018-12-16 05:00:00,510.926
2018-12-16 06:00:00,542.936
2018-12-16 07:00:00,565.691
2018-12-16 08:00:00,626.935
2018-12-16 09:00:00,680.938
2018-12-16 10:00:00,712.486
2018-12-16 11:00:00,707.412
2018-12-16 12:00:00,721.899
2018-12-16 13:00:00,742.475
2018-12-16 14:00:00,737.699
2018-12-16 15:00:00,730.053
2018-12-16 16:00:00,737.726
2018-12-16 17:00:00,787.976
2018-12-16 18:00:00,802.283
2018-12-16 19:00:00,805.903
2018-12-16 20:00:00,766.587
2018-12-16 21:00:00,716.174
2018-12-16 22:00:00,672.458
2018-12-16 23:00:00,626.988
2018-12-17 00:00:00,604.045
2018-12-17 01:00:00,580.9
2018-12-17 02:00:00,570.575
2018-12-17 03:00:00,575.527
2018-12-17 04:00:00,584.774
2018-12-17 05:00:00,613.964
2018-12-17 06:00:00,697.387
2018-12-17 07:00:00,789.528
2018-12-17 08:00:00,812.147
2018-12-17 09:00:00,817.398
2018-12-17 10:00:00,814.666
2018-12-17 11:00:00,800.189
2018-12-17 12:00:00,784.882
2018-12-17 13:00:00,750.562
2018-12-17 14:00:00,711.507
2018-12-17 15:00:00,696.004
2018-12-17 16:00:00,687.98
2018-12-17 17:00:00,732.785
2018-12-17 18:00:00,770.098
2018-12-17 19:00:00,778.457
2018-12-17 20:00:00,756.788
2018-12-17 21:00:00,730.659
2018-12-17 22:00:00,715.038
2018-12-17 23:00:00,661.162
2018-12-18 00:00:00,625.839
2018-12-18 01:00:00,614.535
2018-12-18 02:00:00,602.592
2018-12-18 03:00:00,595.554
2018-12-18 04:00:00,599.348
2018-12-18 05:00:00,650.718
2018-12-18 06:00:00,762.362
2018-12-18 07:00:00,871.115
2018-12-18 08:00:00,878.472
2018-12-18 09:00:00,875.56
2018-12-18 10:00:00,894.421
2018-12-18 11:00:00,869.758
2018-12-18 12:00:00,837.506
2018-12-18 13:00:00,807.607
2018-12-18 14:00:00,751.441
2018-12-18 15:00:00,733.337
2018-12-18 16:00:00,727.217
2018-12-18 17:00:00,758.626
2018-12-18 18:00:00,787.557
2018-12-18 19:00:00,791.052
2018-12-18 20:00:00,762.589
2018-12-18 21:00:00,754.519
2018-12-18 22:00:00,705.917
2018-12-18 23:00:00,684.195
2018-12-19 00:00:00,673.648
2018-12-19 01:00:00,664.926
2018-12-19 02:00:00,671.418
2018-12-19 03:00:00,671.483
2018-12-19 04:00:00,673.713
2018-12-19 05:00:00,720.251
2018-12-19 06:00:00,808.186
2018-12-19 07:00:00,892.844
2018-12-19 08:00:00,921.081
2018-12-19 09:00:00,917.402
2018-12-19 10:00:00,919.905
2018-12-19 11:00:00,891.466
2018-12-19 12:00:00,843.299
2018-12-19 13:00:00,794.541
2018-12-19 14:00:00,737.206
2018-12-19 15:00:00,713.156
2018-12-19 16:00:00,718.886
2018-12-19 17:00:00,753.855
2018-12-19 18:00:00,779.665
2018-12-19 19:00:00,785.425
2018-12-19 20:00:00,767.728
2018-12-19 21:00:00,747.941
2018-12-19 22:00:00,716.288
2018-12-19 23:00:00,668.432
2018-12-20 00:00:00,616.976
2018-12-20 01:00:00,593.968
2018-12-20 02:00:00,594.909
2018-12-20 03:00:00,610.057
2018-12-20 04:00:00,624.018
2018-12-20 05:00:00,666.754
2018-12-20 06:00:00,736.071
2018-12-20 07:00:00,809.878
2018-12-20 08:00:00,867.646
2018-12-20 09:00:00,892.646
2018-12-20 10:00:00,908.239
2018-12-20 11:00:00,905.824
2018-12-20 12:00:00,911.131
2018-12-20 13:00:00,881.716
2018-12-20 14:00:00,859.784
2018-12-20 15:00:00,839.618
2018-12-20 16:00:00,838.618
2018-12-20 17:00:00,861.608
2018-12-20 18:00:00,873.926
2018-12-20 19:00:00,856.547
2018-12-20 20:00:00,810.25
2018-12-20 21:00:00,736.028
2018-12-20 22:00:00,668.954
2018-12-20 23:00:00,607.281
2018-12-21 00:00:00,555.074
2018-12-21 01:00:00,506.947
2018-12-21 02:00:00,479.22
2018-12-21 03:00:00,472.946
2018-12-21 04:00:00,472.83
2018-12-21 05:00:00,506.681
2018-12-21 06:00:00,584.502
2018-12-21 07:00:00,674.537
2018-12-21 08:00:00,745.42
2018-12-21 09:00:00,769.522
2018-12-21 10:00:00,778.476
2018-12-21 11:00:00,768.273
2018-12-21 12:00:00,775.946
2018-12-21 13:00:00,747.699
2018-12-21 14:00:00,698.811
2018-12-21 15:00:00,668.895
2018-12-21 16:00:00,668.432
2018-12-21 17:00:00,693.544
2018-12-21 18:00:00,712.941
2018-12-21 19:00:00,700.538
2018-12-21 20:00:00,670.689
2018-12-21 21:00:00,629.105
2018-12-21 22:00:00,603.802
2018-12-21 23:00:00,584.332
2018-12-22 00:00:00,560.044
2018-12-22 01:00:00,540.962
2018-12-22 02:00:00,523.745
2018-12-22 03:00:00,530.661
2018-12-22 04:00:00,557.336
2018-12-22 05:00:00,554.373
2018-12-22 06:00:00,589.446
2018-12-22 07:00:00,627.572
2018-12-22 08:00:00,659.435
2018-12-22 09:00:00,701.035
2018-12-22 10:00:00,702.509
2018-12-22 11:00:00,704.172
2018-12-22 12:00:00,712.719
2018-12-22 13:00:00,693.227
2018-12-22 14:00:00,682.843
2018-12-22 15:00:00,697.326
2018-12-22 16:00:00,721.174
2018-12-22 17:00:00,739.806
2018-12-22 18:00:00,763.489
2018-12-22 19:00:00,760.602
2018-12-22 20:00:00,760.71
2018-12-22 21:00:00,737.973
2018-12-22 22:00:00,688.878
2018-12-22 23:00:00,626.899
2018-12-23 00:00:00,580.564
2018-12-23 01:00:00,549.123
2018-12-23 02:00:00,537.772
2018-12-23 03:00:00,539.964
2018-12-23 04:00:00,557.194
2018-12-23 05:00:00,575.166
2018-12-23 06:00:00,622.698
2018-12-23 07:00:00,665.006
2018-12-23 08:00:00,664.09
2018-12-23 09:00:00,652.749
2018-12-23 10:00:00,651.084
2018-12-23 11:00:00,650.913
2018-12-23 12:00:00,652.717
2018-12-23 13:00:00,647.402
2018-12-23 14:00:00,620.425
2018-12-23 15:00:00,621.558
2018-12-23 16:00:00,640.027
2018-12-23 17:00:00,682.503
2018-12-23 18:00:00,712.529
2018-12-23 19:00:00,719.109
2018-12-23 20:00:00,700.173
2018-12-23 21:00:00,664.489
2018-12-23 22:00:00,633.437
2018-12-23 23:00:00,585.299
2018-12-24 00:00:00,577.588
2018-12-24 01:00:00,557.546
2018-12-24 02:00:00,552.544
2018-12-24 03:00:00,555.985
2018-12-24 04:00:00,567.422
2018-12-24 05:00:00,614.124
2018-12-24 06:00:00,704.207
2018-12-24 07:00:00,783.967
2018-12-24 08:00:00,832.453
2018-12-24 09:00:00,856.511
2018-12-24 10:00:00,862.261
2018-12-24 11:00:00,855.362
2018-12-24 12:00:00,871.472
2018-12-24 13:00:00,836.997
2018-12-24 14:00:00,774.911
2018-12-24 15:00:00,745.148
2018-12-24 16:00:00,729.503
2018-12-24 17:00:00,767.705
2018-12-24 18:00:00,789.222
2018-12-24 19:00:00,781.471
2018-12-24 20:00:00,748.453
2018-12-24 21:00:00,721.61
2018-12-24 22:00:00,715.318
2018-12-24 23:00:00,672.089
2018-12-25 00:00:00,633.521
2018-12-25 01:00:00,611.772
2018-12-25 02:00:00,612.922
2018-12-25 03:00:00,634.006
2018-12-25 04:00:00,641.204
2018-12-25 05:00:00,687.546
2018-12-25 06:00:00,771.51
2018-12-25 07:00:00,847.802
2018-12-25 08:00:00,881.692
2018-12-25 09:00:00,892.84
2018-12-25 10:00:00,898.423
2018-12-25 11:00:00,887.892
2018-12-25 12:00:00,881.884
2018-12-25 13:00:00,857.108
2018-12-25 14:00:00,798.822
2018-12-25 15:00:00,765.257
2018-12-25 16:00:00,772.601
2018-12-25 17:00:00,827.266
2018-12-25 18:00:00,880.862
2018-12-25 19:00:00,868.263
2018-12-25 20:00:00,844.536
2018-12-25 21:00:00,798.788
2018-12-25 22:00:00,762.067
2018-12-25 23:00:00,721.807
2018-12-26 00:00:00,708.382
2018-12-26 01:00:00,689.916
2018-12-26 02:00:00,686.177
2018-12-26 03:00:00,692.483
2018-12-26 04:00:00,693.871
2018-12-26 05:00:00,739.11
2018-12-26 06:00:00,833.56
2018-12-26 07:00:00,911.462
2018-12-26 08:00:00,936.091
2018-12-26 09:00:00,930.823
2018-12-26 10:00:00,917.809
2018-12-26 11:00:00,888.823
2018-12-26 12:00:00,866.767
2018-12-26 13:00:00,821.126
2018-12-26 14:00:00,755.611
2018-12-26 15:00:00,729.696
2018-12-26 16:00:00,728.991
2018-12-26 17:00:00,763.285
2018-12-26 18:00:00,777.508
2018-12-26 19:00:00,784.579
2018-12-26 20:00:00,776.244
2018-12-26 21:00:00,755.843
2018-12-26 22:00:00,720.821
2018-12-26 23:00:00,684.143
2018-12-27 00:00:00,656.581
2018-12-27 01:00:00,635.046
2018-12-27 02:00:00,622.148
2018-12-27 03:00:00,635.145
2018-12-27 04:00:00,662.075
2018-12-27 05:00:00,701.438
2018-12-27 06:00:00,788.272
2018-12-27 07:00:00,878.108
2018-12-27 08:00:00,906.217
2018-12-27 09:00:00,888.285
2018-12-27 10:00:00,866.114
2018-12-27 11:00:00,836.788
2018-12-27 12:00:00,813.359
2018-12-27 13:00:00,782.8
2018-12-27 14:00:00,738.074
2018-12-27 15:00:00,702.985
2018-12-27 16:00:00,690.474
2018-12-27 17:00:00,729.759
2018-12-27 18:00:00,767.741
2018-12-27 19:00:00,764.966
2018-12-27 20:00:00,716.714
2018-12-27 21:00:00,676.161
2018-12-27 22:00:00,643.4
2018-12-27 23:00:00,606.413
2018-12-28 00:00:00,581.129
2018-12-28 01:00:00,556.034
2018-12-28 02:00:00,538.811
2018-12-28 03:00:00,538.183
2018-12-28 04:00:00,551.583
2018-12-28 05:00:00,592.131
2018-12-28 06:00:00,662.054
2018-12-28 07:00:00,747.23
2018-12-28 08:00:00,800.99
2018-12-28 09:00:00,834.618
2018-12-28 10:00:00,836.209
2018-12-28 11:00:00,841.628
2018-12-28 12:00:00,835.162
2018-12-28 13:00:00,795.461
2018-12-28 14:00:00,749.536
2018-12-28 15:00:00,720.086
2018-12-28 16:00:00,712.939
2018-12-28 17:00:00,748.575
2018-12-28 18:00:00,758.244
2018-12-28 19:00:00,740.819
2018-12-28 20:00:00,712.393
2018-12-28 21:00:00,675.844
2018-12-28 22:00:00,630.835
2018-12-28 23:00:00,580.78
2018-12-29 00:00:00,536.844
2018-12-29 01:00:00,509.302
2018-12-29 02:00:00,501.406
2018-12-29 03:00:00,511.237
2018-12-29 04:00:00,528.743
2018-12-29 05:00:00,541.793
2018-12-29 06:00:00,584.144
2018-12-29 07:00:00,639.194
2018-12-29 08:00:00,655.406
2018-12-29 09:00:00,665.751
2018-12-29 10:00:00,674.305
2018-12-29 11:00:00,680.736
2018-12-29 12:00:00,681.893
2018-12-29 13:00:00,675.108
2018-12-29 14:00:00,674.933
2018-12-29 15:00:00,668.381
2018-12-29 16:00:00,668.019
2018-12-29 17:00:00,728.367
2018-12-29 18:00:00,766.267
2018-12-29 19:00:00,786.967
2018-12-29 20:00:00,754.551
2018-12-29 21:00:00,717.768
2018-12-29 22:00:00,690.483
2018-12-29 23:00:00,637.384
2018-12-30 00:00:00,573.865
2018-12-30 01:00:00,543.689
2018-12-30 02:00:00,534.083
2018-12-30 03:00:00,539.32
2018-12-30 04:00:00,542.14
2018-12-30 05:00:00,556.984
2018-12-30 06:00:00,579.542
2018-12-30 07:00:00,605.666
2018-12-30 08:00:00,652.605
2018-12-30 09:00:00,676.491
2018-12-30 10:00:00,678.644
2018-12-30 11:00:00,656.44
2018-12-30 12:00:00,653.978
2018-12-30 13:00:00,650.601
2018-12-30 14:00:00,642.646
2018-12-30 15:00:00,648.661
2018-12-30 16:00:00,647.656
2018-12-30 17:00:00,700.068
2018-12-30 18:00:00,708.286
2018-12-30 19:00:00,728.082
2018-12-30 20:00:00,711.905
2018-12-30 21:00:00,691.426
2018-12-30 22:00:00,662.024
2018-12-30 23:00:00,622.318
2018-12-31 00:00:00,617.421
2018-12-31 01:00:00,601.15
2018-12-31 02:00:00,592.921
2018-12-31 03:00:00,597.397
2018-12-31 04:00:00,613.44
2018-12-31 05:00:00,638.979
2018-12-31 06:00:00,715.347
2018-12-31 07:00:00,799.739
2018-12-31 08:00:00,837.507
2018-12-31 09:00:00,859.837
2018-12-31 10:00:00,869.287
2018-12-31 11:00:00,860.812
2018-12-31 12:00:00,857.5
2018-12-31 13:00:00,826.155
2018-12-31 14:00:00,790.525
2018-12-31 15:00:00,767.864
2018-12-31 16:00:00,755.241
2018-12-31 17:00:00,788.88
2018-12-31 18:00:00,807.975
2018-12-31 19:00:00,796.669
2018-12-31 20:00:00,760.575
2018-12-31 21:00:00,708.407
2018-12-31 22:00:00,664.08
2018-12-31 23:00:00,611.072
