timestamp,drtpwd,drv3ec,drss5y,drvq1b,drucvh,drsupg,drtn2f,drtkw1,drtqr9,drswst
2018-01-01 00:00:00,49.584,49.606,39.045,28.123,48.589,239.963,70.439,177.615,53.626,23.979
2018-01-01 01:00:00,66.919,64.338,52.547,36.462,63.888,324.248,94.216,240.362,70.42,32.055
2018-01-01 02:00:00,63.944,64.092,50.488,35.712,62.892,328.094,94.378,241.243,70.405,32.492
2018-01-01 03:00:00,64.441,71.367,50.334,35.435,64.395,334.586,96.958,246.362,72.32,31.807
2018-01-01 04:00:00,67.637,73.186,50.842,37.282,64.43,342.489,99.369,252.854,75.218,33.753
2018-01-01 05:00:00,70.992,76.166,54.358,40.921,73.258,362.993,105.779,277.58,83.773,35.891
2018-01-01 06:00:00,78.266,81.854,65.476,43.903,85.173,402.291,113.283,307.54,98.739,42.336
2018-01-01 07:00:00,88.181,88.919,73.195,43.713,91.51,430.46,124.779,328.975,104.058,45.894
2018-01-01 08:00:00,92.973,87.261,72.305,45.233,94.706,437.037,131.392,333.915,106.609,45.986
2018-01-01 09:00:00,88.855,85.86,69.258,43.781,91.011,450.057,133.748,337.551,105.149,45.089
2018-01-01 10:00:00,89.414,77.342,74.427,42.983,87.018,443.028,133.777,337.113,97.969,46.536
2018-01-01 11:00:00,86.434,71.966,72.9,42.276,82.155,435.541,135.891,338.244,97.232,40.329
2018-01-01 12:00:00,79.754,67.641,66.757,43.074,80.918,429.985,128.831,338.283,94.436,40.495
2018-01-01 13:00:00,76.389,62.124,64.449,40.005,76.797,409.501,124.275,329.891,92.735,39.363
2018-01-01 14:00:00,74.45,60.748,60.665,36.442,68.665,396.672,118.419,313.301,92.093,37.296
2018-01-01 15:00:00,76.109,58.787,60.616,36.608,69.865,397.933,113.686,319.86,93.636,37.773
2018-01-01 16:00:00,80.582,66.332,65.389,41.115,76.586,426.802,122.599,328.984,103.803,45.409
2018-01-01 17:00:00,81.429,71.729,74.448,44.023,88.493,453.887,138.483,355.417,118.883,48.623
2018-01-01 18:00:00,83.2,72.94,79.322,45.414,94.586,467.652,141.015,368.741,122.11,45.181
2018-01-01 19:00:00,85.851,75.532,76.944,47.438,95.935,454.39,147.046,372.05,115.726,45.694
2018-01-01 20:00:00,84.305,76.832,73.805,45.92,89.216,439.293,136.153,359.614,118.114,45.175
2018-01-01 21:00:00,83.155,78.693,67.259,43.328,87.205,415.079,124.347,331.851,109.602,42.776
2018-01-01 22:00:00,75.583,76.121,63.393,43.473,84.664,383.073,112.746,299.209,102.301,37.572
2018-01-01 23:00:00,76.925,72.804,58.153,42.905,77.481,354.455,105.872,263.596,88.583,35.31
2018-01-02 00:00:00,68.955,67.798,56.498,42.636,72.126,329.031,101.258,246.325,79.323,34.837
2018-01-02 01:00:00,68.468,65.757,55.625,40.201,68.322,324.455,98.768,238.979,72.142,33.306
2018-01-02 02:00:00,64.64,66.364,56.076,41.03,65.224,324.11,96.811,239.024,72.023,34.144
2018-01-02 03:00:00,64.322,72.952,54.97,42.371,65.958,329.794,98.027,241.96,72.484,33.135
2018-01-02 04:00:00,65.881,74.584,54.71,41.604,70.553,338.633,101.462,248.306,75.078,34.555
2018-01-02 05:00:00,68.08,76.277,54.633,42.539,76.433,366.533,112.319,265.763,80.562,37.842
2018-01-02 06:00:00,75.211,88.012,66.596,45.769,84.638,402.066,122.764,301.551,91.844,42.235
2018-01-02 07:00:00,84.009,89.95,74.377,47.873,94.032,431.957,131.293,329.062,99.558,48.146
2018-01-02 08:00:00,88.407,95.691,76.105,47.953,95.205,443.541,138.145,333.802,107.706,46.662
2018-01-02 09:00:00,89.683,86.024,71.721,47.702,92.408,452.042,135.019,335.571,106.425,44.208
2018-01-02 10:00:00,86.313,78.007,67.274,45.896,94.826,430.5,130.322,337.12,104.005,42.84
2018-01-02 11:00:00,80.761,70.478,64.895,40.228,81.364,421.101,128.581,322.554,99.626,39.463
2018-01-02 12:00:00,74.262,66.299,63.885,40.739,77.814,403.196,120.694,316.073,96.35,41.11
2018-01-02 13:00:00,74.776,59.771,62.073,37.584,75.632,374.568,118.938,307.069,95.359,37.969
2018-01-02 14:00:00,71.152,57.372,58.635,33.236,70.209,361.227,110.625,292.508,93.535,33.89
2018-01-02 15:00:00,70.455,60.424,59.764,34.294,71.945,352.312,107.681,289.691,89.677,32.059
2018-01-02 16:00:00,78.542,70.632,62.7,36.856,77.737,372.825,112.283,309.228,97.301,35.323
2018-01-02 17:00:00,82.362,71.234,70.396,41.286,86.237,403.712,126.027,328.453,110.509,39.04
2018-01-02 18:00:00,82.421,70.376,71.074,45.14,90.723,417.021,133.145,342.888,111.397,45.604
2018-01-02 19:00:00,82.852,71.47,72.53,44.022,94.559,412.298,131.586,339.972,111.179,44.625
2018-01-02 20:00:00,81.862,71.924,67.372,43.384,84.426,398.364,136.299,319.117,103.555,41.521
2018-01-02 21:00:00,81.3,63.019,62.943,41.604,83.232,370.067,124.091,299.365,95.392,39.057
2018-01-02 22:00:00,74.766,59.013,55.777,36.654,78.309,337.997,109.357,260.852,87.147,34.017
2018-01-02 23:00:00,69.98,54.664,47.477,33.361,65.193,299.317,96.23,229.666,72.871,34.327
2018-01-03 00:00:00,69.139,51.28,44.151,33.023,61.132,265.029,87.401,210.122,65.617,33.286
2018-01-03 01:00:00,65.586,45.623,41.858,31.521,56.399,252.725,84.457,200.225,62.243,30.379
2018-01-03 02:00:00,62.24,43.688,41.455,30.088,55.246,247.791,85.33,199.093,63.447,31.148
2018-01-03 03:00:00,61.745,48.161,41.399,29.622,55.645,251.344,88.853,200.945,62.455,29.892
2018-01-03 04:00:00,63.723,51.981,44.393,29.886,57.274,264.567,93.228,208.556,64.4,31.324
2018-01-03 05:00:00,66.844,58.699,47.953,32.549,64.143,293.035,100.449,231.14,72.16,33.261
2018-01-03 06:00:00,76.23,62.177,61.84,35.645,74.177,332.79,113.843,259.253,85.399,37.799
2018-01-03 07:00:00,84.614,66.109,68.28,39.084,79.471,371.586,125.916,292.189,90.892,42.426
2018-01-03 08:00:00,91.228,67.043,68.815,41.832,80.99,391.533,126.902,295.483,93.519,43.131
2018-01-03 09:00:00,81.39,65.731,67.366,42.437,79.306,400.617,124.205,299.727,95.16,40.896
2018-01-03 10:00:00,75.419,62.489,62.494,41.006,76.655,380.24,121.567,291.324,91.606,40.588
2018-01-03 11:00:00,69.56,57.231,59.693,35.397,71.908,360.204,115.384,279.912,84.81,35.589
2018-01-03 12:00:00,64.22,55.68,57.532,31.529,71.324,339.242,106.738,267.919,80.963,33.316
2018-01-03 13:00:00,61.213,52.353,54.865,28.872,64.576,320.827,95.777,247.512,78.324,31.415
2018-01-03 14:00:00,61.434,49.694,51.324,27.515,60.065,311.995,97.628,242.859,72.742,28.939
2018-01-03 15:00:00,63.233,47.805,52.783,31.29,62.504,316.003,95.809,243.286,73.206,29.084
2018-01-03 16:00:00,66.993,53.717,58.422,36.743,68.72,335.612,100.556,268.735,82.872,35.105
2018-01-03 17:00:00,70.776,58.495,67.237,36.87,80.454,365.734,116.23,299.651,90.331,40.888
2018-01-03 18:00:00,73.779,64.157,74.66,42.549,82.059,379.623,125.647,304.948,100.704,41.979
2018-01-03 19:00:00,77.984,67.402,78.389,40.499,80.192,377.16,123.796,303.62,101.56,40.236
2018-01-03 20:00:00,74.795,69.111,74.016,43.249,78.773,374.079,119.38,290.136,95.953,40.758
2018-01-03 21:00:00,77.486,65.439,66.461,43.712,75.805,356.946,113.791,272.798,88.31,38.197
2018-01-03 22:00:00,69.626,63.348,61.46,39.385,68.358,330.486,102.872,246.539,78.777,34.956
2018-01-03 23:00:00,61.917,56.632,56.219,35.752,60.995,296.189,94.389,222.451,69.194,29.859
2018-01-04 00:00:00,59.122,53.663,51.734,34.659,57.087,282.283,86.12,206.387,65.069,29.972
2018-01-04 01:00:00,58.908,51.277,48.67,32.494,53.908,273.779,84.812,191.562,63.114,28.71
2018-01-04 02:00:00,57.256,52.149,45.837,31.598,51.941,267.518,82.161,186.365,61.763,28.992
2018-01-04 03:00:00,56.351,56.855,43.883,33.326,51.998,265.261,80.679,187.724,61.32,27.5
2018-01-04 04:00:00,55.85,56.662,44.174,32.319,54.192,272.058,83.152,196.846,61.016,29.277
2018-01-04 05:00:00,56.78,56.425,46.357,33.541,58.901,292.781,88.345,219.329,67.691,31.832
2018-01-04 06:00:00,61.339,60.812,57.368,35.323,67.155,325.693,96.824,245.992,76.217,33.735
2018-01-04 07:00:00,68.884,63.836,63.424,38.881,71.954,358.828,107.664,271.998,86.77,37.916
2018-01-04 08:00:00,73.532,63.076,63.044,39.074,78.337,380.824,110.51,286.561,89.408,38.322
2018-01-04 09:00:00,76.349,67.053,62.143,39.369,75.885,403.064,116.275,298.026,95.061,36.59
2018-01-04 10:00:00,74.986,66.866,64.33,37.585,73.892,400.444,125.271,308.503,93.81,36.217
2018-01-04 11:00:00,73.146,60.986,61.913,34.633,74.485,389.38,125.93,311.317,92.553,35.908
2018-01-04 12:00:00,69.64,60.703,58.949,33.38,76.81,390.282,118.499,296.813,98.427,33.614
2018-01-04 13:00:00,65.133,58.288,56.208,33.727,70.22,372.546,112.754,287.893,87.554,32.116
2018-01-04 14:00:00,60.7,55.887,57.298,32.745,67.201,358.863,108.356,285.212,82.076,31.636
2018-01-04 15:00:00,63.19,57.817,58.942,29.997,66.166,359.371,108.568,290.376,83.914,32.548
2018-01-04 16:00:00,66.409,59.629,61.254,31.994,68.44,385.447,116.068,316.323,94.239,35.062
2018-01-04 17:00:00,68.473,65.738,64.425,34.532,72.168,408.674,127.486,328.548,100.004,37.991
2018-01-04 18:00:00,71.537,67.453,67.362,34.701,80.61,426.874,137.073,314.25,110.085,38.712
2018-01-04 19:00:00,75.077,63.631,67.492,36.937,79.511,422.062,134.79,308.084,108.72,37.742
2018-01-04 20:00:00,69.026,58.296,66.338,32.629,74.68,409.744,127.562,306.148,106.606,35.248
2018-01-04 21:00:00,64.655,56.007,64.429,31.493,68.979,395.656,123.444,294.577,95.38,35.469
2018-01-04 22:00:00,57.941,50.959,54.839,29.13,60.49,346.472,110.679,272.404,82.196,32.019
2018-01-04 23:00:00,52.408,45.253,47.506,26.122,55.848,290.701,101.676,238.961,70.709,26.491
2018-01-05 00:00:00,49.886,43.9,42.32,23.867,48.448,262.358,87.698,208.096,62.947,24.693
2018-01-05 01:00:00,48.938,39.727,39.523,21.721,45.525,244.942,82.419,197.574,57.572,23.624
2018-01-05 02:00:00,48.058,39.037,38.072,21.982,46.732,240.297,78.644,193.377,57.057,23.869
2018-01-05 03:00:00,48.914,43.393,40.568,22.25,47.696,251.519,76.343,194.459,56.058,23.2
2018-01-05 04:00:00,52.625,46.199,42.67,23.209,48.792,263.996,79.222,204.887,62.725,25.058
2018-01-05 05:00:00,56.308,48.831,46.242,24.82,57.22,290.047,87.728,223.915,69.635,29.798
2018-01-05 06:00:00,63.463,54.975,60.069,29.415,68.855,334.463,102.629,255.62,79.253,31.842
2018-01-05 07:00:00,71.932,60.052,67.447,34.445,73.721,368.84,113.115,295.784,89.962,35.114
2018-01-05 08:00:00,85.153,63.408,68.237,34.195,77.675,386.24,120.362,312.223,96.43,35.38
2018-01-05 09:00:00,83.383,64.484,68.769,35.133,81.564,403.418,124.772,322.443,98.545,36.412
2018-01-05 10:00:00,88.551,64.145,67.591,37.97,81.373,415.957,130.652,348.394,98.764,37.064
2018-01-05 11:00:00,86.413,66.49,64.514,38.545,79.515,413.471,132.682,339.041,97.358,37.953
2018-01-05 12:00:00,84.417,67.107,64.472,36.882,78.544,403.205,132.594,328.804,98.644,41.734
2018-01-05 13:00:00,82.173,65.512,62.92,37.831,79.593,389.813,128.096,316.432,94.541,42.872
2018-01-05 14:00:00,79.541,63.549,59.757,38.386,74.463,376.529,118.994,314.149,96.883,41.434
2018-01-05 15:00:00,82.501,67.013,58.994,34.167,72.682,390.798,123.148,330.47,100.239,38.01
2018-01-05 16:00:00,85.162,72.108,62.017,37.578,79.835,428.446,128.457,350.84,106.367,45.302
2018-01-05 17:00:00,87.402,80.787,70.505,38.664,88.715,459.042,146.347,364.88,114.803,45.567
2018-01-05 18:00:00,86.898,76.3,73.946,43.291,93.944,465.217,157.286,379.793,125.175,45.634
2018-01-05 19:00:00,89.742,77.954,70.553,42.801,93.218,464.892,161.222,376.396,120.047,47.216
2018-01-05 20:00:00,89.798,75.432,69.402,42.263,92.26,454.732,146.738,379.209,111.623,46.493
2018-01-05 21:00:00,86.194,72.559,66.697,40.913,84.172,432.677,136.13,356.342,107.495,43.716
2018-01-05 22:00:00,80.872,69.022,58.977,35.805,75.289,400.469,120.876,324.572,100.988,40.101
2018-01-05 23:00:00,75.658,64.079,51.006,33.772,68.734,361.776,110.624,298.624,87.412,39.258
2018-01-06 00:00:00,70.041,58.168,49.658,34.046,61.864,335.069,102.005,275.291,77.954,35.107
2018-01-06 01:00:00,67.192,55.7,44.562,33.251,59.876,314.493,94.002,254.122,75.853,32.541
2018-01-06 02:00:00,65.696,54.241,42.908,32.273,60.356,314.713,93.5,246.679,74.545,31.648
2018-01-06 03:00:00,65.197,58.719,45.05,31.764,59.931,319.041,95.275,248.166,75.157,29.801
2018-01-06 04:00:00,67.813,58.371,45.191,31.957,59.582,325.636,95.807,260.015,76.094,31.149
2018-01-06 05:00:00,71.326,60.877,45.938,33.397,64.457,335.744,98.199,264.139,81.291,32.664
2018-01-06 06:00:00,75.902,67.196,57.83,35.519,71.501,358.426,103.439,278.463,87.183,36.578
2018-01-06 07:00:00,78.151,72.815,67.326,37.566,76.714,377.204,112.788,300.492,93.04,39.685
2018-01-06 08:00:00,80.277,75.167,71.571,39.482,82.713,402.329,118.669,317.539,101.04,39.647
2018-01-06 09:00:00,88.855,78.263,76.21,39.247,89.823,425.119,124.262,331.767,107.428,41.592
2018-01-06 10:00:00,96.416,81.667,70.56,39.246,90.517,417.355,130.465,327.565,105.41,44.03
2018-01-06 11:00:00,98.312,81.734,71.423,38.344,86.421,408.217,131.964,335.724,107.379,42.828
2018-01-06 12:00:00,94.426,75.551,65.335,37.866,80.129,399.873,143.383,335.27,111.013,41.835
2018-01-06 13:00:00,90.198,73.965,61.223,37.221,76.992,383.77,140.273,317.476,113.907,38.843
2018-01-06 14:00:00,84.721,76.927,62.268,35.97,76.588,376.427,127.587,315.534,105.592,36.415
2018-01-06 15:00:00,83.339,76.275,64.386,38.534,76.872,370.217,129.175,309.493,104.087,38.483
2018-01-06 16:00:00,86.172,82.944,67.827,39.755,81.828,412.822,139.588,340.368,108.668,41.97
2018-01-06 17:00:00,89.953,80.809,74.956,42.882,87.869,461.063,141.219,361.571,115.284,44.845
2018-01-06 18:00:00,92.34,81.139,77.903,45.714,91.692,475.986,148.995,384.948,123.952,45.432
2018-01-06 19:00:00,90.805,78.113,81.33,46.196,94.44,474.932,155.989,383.015,125.826,46.657
2018-01-06 20:00:00,94.701,75.181,77.92,44.772,89.178,467.591,146.967,367.682,119.281,46.777
2018-01-06 21:00:00,87.73,71.234,74.049,43.587,85.966,449.454,137.53,349.234,112.994,45.777
2018-01-06 22:00:00,79.462,69.104,65.399,40.073,77.11,415.038,123.677,325.545,107.074,42.849
2018-01-06 23:00:00,74.29,64.824,58.696,35.867,69.343,370.743,114.746,305.578,96.412,35.81
2018-01-07 00:00:00,70.602,63.206,57.125,34.668,64.518,346.175,103.795,274.465,84.146,35.55
2018-01-07 01:00:00,69.477,62.314,54.288,32.51,61.905,333.868,100.499,259.277,82.391,32.747
2018-01-07 02:00:00,67.4,63.36,53.025,32.619,61.884,330.663,96.655,253.835,83.167,33.585
2018-01-07 03:00:00,67.951,70.495,53.827,32.882,60.728,338.458,95.177,254.602,82.806,31.65
2018-01-07 04:00:00,70.795,71.678,54.822,32.531,61.585,340.533,99.705,261.951,82.921,32.843
2018-01-07 05:00:00,72.617,75.313,57.491,32.997,70.108,351.136,104.25,269.88,85.653,33.722
2018-01-07 06:00:00,77.897,77.802,64.849,35.332,78.32,372.393,108.969,286.613,89.967,36.495
2018-01-07 07:00:00,82.506,84.279,73.743,39.323,83.847,392.814,117.76,308.785,95.502,40.985
2018-01-07 08:00:00,84.761,84.478,73.487,39.426,90.279,402.537,126.125,319.276,103.8,42.694
2018-01-07 09:00:00,78.148,86.875,69.263,37.003,87.425,417.252,128.961,323.79,105.948,43.31
2018-01-07 10:00:00,79.174,82.849,68.044,35.296,85.01,413.007,127.892,316.17,100.611,44.275
2018-01-07 11:00:00,80.53,74.014,69.962,32.814,82.517,391.541,120.863,312.651,97.729,36.668
2018-01-07 12:00:00,70.575,72.441,66.154,32.82,77.143,383.645,121.302,300.116,103.844,37.539
2018-01-07 13:00:00,66.803,64.368,61.581,30.968,73.564,362.208,111.484,295.079,97.872,34.188
2018-01-07 14:00:00,68.213,61.587,59.825,30.078,68.579,349.245,105.603,295.296,93.418,36.727
2018-01-07 15:00:00,72.42,62.273,62.822,32.347,69.221,341.887,109.685,287.375,81.367,34.408
2018-01-07 16:00:00,75.615,67.707,62.951,36.383,78.488,365.361,112.126,306.817,88.204,36.713
2018-01-07 17:00:00,82.665,73.086,71.253,40.622,88.112,398.426,122.081,330.414,99.335,40.786
2018-01-07 18:00:00,83.488,74.767,73.098,42.903,85.019,417.319,128.418,346.33,115.074,43.856
2018-01-07 19:00:00,81.488,73.262,72.565,43.776,84.864,407.136,131.793,347.816,108.853,43.69
2018-01-07 20:00:00,77.417,65.941,68.87,41.294,82.584,398.958,124.518,334.743,103.43,41.142
2018-01-07 21:00:00,69.706,62.223,60.853,39.475,76.066,365.803,115.014,303.09,101.115,38.298
2018-01-07 22:00:00,63.798,56.055,55.548,37.302,68.872,338.424,98.703,270.747,92.648,34.154
2018-01-07 23:00:00,58.996,50.085,47.787,33.711,60.79,297.274,87.743,237.003,73.343,30.455
2018-01-08 00:00:00,54.437,45.549,45.138,31.31,55.088,266.35,80.932,212.211,64.441,26.738
2018-01-08 01:00:00,52.051,43.493,42.132,28.285,49.566,253.709,77.183,198.714,60.315,24.86
2018-01-08 02:00:00,50.335,43.765,41.205,27.739,47.06,249.733,75.878,197.726,58.853,25.705
2018-01-08 03:00:00,49.927,49.671,42.478,28.433,45.965,250.691,72.041,194.341,57.522,24.571
2018-01-08 04:00:00,50.522,52.948,43.79,28.818,47.72,253.756,75.302,196.658,61.713,24.932
2018-01-08 05:00:00,53.568,54.147,46.453,30.909,53.073,272.429,83.38,213.519,65.978,27.638
2018-01-08 06:00:00,60.423,56.438,55.014,33.448,59.789,310.982,95.236,241.891,77.544,32.951
2018-01-08 07:00:00,63.372,64.158,66.002,34.607,66.364,339.315,107.707,270.144,85.08,36.311
2018-01-08 08:00:00,74.136,64.398,63.318,35.763,71.229,360.132,111.865,271.375,88.309,36.743
2018-01-08 09:00:00,72.532,62.175,63.7,36.236,71.704,361.189,113.739,281.949,92.706,37.107
2018-01-08 10:00:00,71.809,63.303,64.856,35.944,71.108,358.003,111.263,291.518,92.145,37.087
2018-01-08 11:00:00,71.707,61.665,60.618,33.552,70.1,352.185,108.031,285.753,87.126,36.908
2018-01-08 12:00:00,68.034,62.815,57.101,33.594,64.552,341.434,113.724,274.634,83.444,31.77
2018-01-08 13:00:00,66.743,58.207,57.283,29.918,59.37,326.787,108.15,263.592,80.31,29.585
2018-01-08 14:00:00,64.175,59.741,54.664,27.3,60.833,323.978,98.013,253.278,77.837,29.463
2018-01-08 15:00:00,63.266,58.582,49.51,32.986,63.446,315.192,96.446,255.028,80.16,32.569
2018-01-08 16:00:00,63.027,62.501,53.989,34.386,67.686,327.913,101.914,263.219,83.291,35.249
2018-01-08 17:00:00,66.07,63.01,58.965,33.906,72.199,358.017,116.451,285.012,94.82,37.406
2018-01-08 18:00:00,67.747,64.993,63.937,37.536,78.7,374.876,116.336,304.401,98.05,37.775
2018-01-08 19:00:00,66.532,64.452,66.28,33.072,80.871,368.611,109.898,288.032,96.042,35.721
2018-01-08 20:00:00,65.461,60.354,64.529,30.517,72.729,346.441,107.58,274.323,90.128,32.985
2018-01-08 21:00:00,60.539,56.487,55.456,27.51,64.872,315.014,103.332,261.95,77.085,30.328
2018-01-08 22:00:00,55.816,53.803,49.232,24.269,56.045,286.074,86.677,225.726,68.523,26.853
2018-01-08 23:00:00,51.128,48.303,40.602,22.665,50.236,250.197,78.109,195.154,57.867,24.048
2018-01-09 00:00:00,44.601,44.114,35.638,20.672,46.557,222.969,69.751,173.942,50.84,21.889
2018-01-09 01:00:00,42.134,41.435,33.552,18.552,42.026,209.45,62.277,161.056,46.476,19.807
2018-01-09 02:00:00,39.883,40.407,32.558,17.681,39.974,206.487,61.297,159.735,45.266,19.389
2018-01-09 03:00:00,40.252,45.057,32.845,18.114,38.242,206.66,62.611,162.827,45.785,18.389
2018-01-09 04:00:00,40.772,46.928,33.354,18.097,38.956,213.262,66.957,166.943,48.368,19.749
2018-01-09 05:00:00,41.823,48.511,37.24,19.809,44.084,236.197,71.658,184.76,55.157,22.434
2018-01-09 06:00:00,47.963,54.559,47.401,23.584,54.337,273.893,84.383,219.412,67.841,26.553
2018-01-09 07:00:00,55.015,57.644,52.808,25.876,60.884,300.915,95.371,249.581,76.486,27.713
2018-01-09 08:00:00,60.304,59.652,55.272,26.36,61.382,314.143,96.362,254.936,78.615,29.836
2018-01-09 09:00:00,63.617,56.755,56.83,25.023,64.28,322.895,95.88,247.307,78.747,30.348
2018-01-09 10:00:00,61.681,52.463,57.349,24.764,63.626,311.931,98.8,247.154,77.285,30.966
2018-01-09 11:00:00,60.078,51.188,53.288,26.468,64.823,313.456,97.706,245.621,75.614,29.048
2018-01-09 12:00:00,59.653,49.309,49.299,24.811,62.745,312.841,95.359,250.974,77.153,32.01
2018-01-09 13:00:00,56.197,51.956,50.757,23.509,57.939,295.982,92.083,244.04,72.856,28.22
2018-01-09 14:00:00,50.201,45.186,44.982,22.663,53.543,286.462,87.686,230.646,67.363,28.881
2018-01-09 15:00:00,52.82,47.397,45.224,23.817,52.205,278.646,90.247,224.895,71.306,23.964
2018-01-09 16:00:00,55.187,49.71,49.207,25.569,61.343,297.873,96.009,248.373,77.339,29.585
2018-01-09 17:00:00,59.638,57.133,53.685,33.422,66.799,336.611,106.509,273.038,90.601,31.972
2018-01-09 18:00:00,61.477,60.799,60.078,39.764,72.715,351.233,114.157,277.934,95.046,36.166
2018-01-09 19:00:00,62.16,61.36,59.062,40.953,71.556,350.968,113.531,282.775,92.129,34.354
2018-01-09 20:00:00,58.463,52.055,57.427,40.767,70.638,329.434,109.095,273.602,89.95,31.414
2018-01-09 21:00:00,57.26,54.066,52.863,38.504,65.127,301.665,98.316,246.27,85.31,30.527
2018-01-09 22:00:00,53.516,46.901,46.034,36.691,58.636,269.639,83.311,220.529,66.05,26.609
2018-01-09 23:00:00,45.013,42.767,41.837,33.048,48.03,233.776,71.314,190.388,53.243,23.016
2018-01-10 00:00:00,41.751,40.941,37.728,30.281,43.593,217.793,67.382,173.715,50.215,21.045
2018-01-10 01:00:00,40.353,41.575,35.85,26.915,41.218,204.178,62.874,164.133,47.1,19.51
2018-01-10 02:00:00,39.257,42.161,37.505,25.983,40.836,201.482,62.27,163.463,46.981,20.63
2018-01-10 03:00:00,39.535,47.383,37.823,26.937,41.934,208.39,62.473,164.99,47.705,20.083
2018-01-10 04:00:00,41.255,50.08,36.101,28.437,44.48,219.518,65.577,174.061,51.771,22.418
2018-01-10 05:00:00,46.73,53.521,39.717,29.437,52.311,249.588,75.142,195.298,56.99,25.54
2018-01-10 06:00:00,54.532,62.194,55.8,31.198,64.846,288.981,87.742,226.783,68.465,30.4
2018-01-10 07:00:00,60.4,64.254,61.605,31.477,72.842,328.847,100.139,258.057,75.353,36.323
2018-01-10 08:00:00,65.719,64.536,65.903,32.127,83.012,339.891,104.375,265.239,82.026,35.304
2018-01-10 09:00:00,62.709,60.926,60.72,31.322,78.649,334.795,102.122,260.154,86.003,33.73
2018-01-10 10:00:00,62.411,58.55,60.147,30.576,68.485,322.348,103.301,261.447,78.902,34.015
2018-01-10 11:00:00,59.784,52.343,58.409,28.032,63.296,315.368,100.202,253.757,75.994,33.796
2018-01-10 12:00:00,57.083,48.972,54.644,26.36,62.79,304.163,99.112,239.412,75.474,30.991
2018-01-10 13:00:00,53.653,46.455,51.12,25.509,57.853,293.679,91.307,231.261,71.559,27.807
2018-01-10 14:00:00,49.554,44.28,45.374,23.416,56.104,279.472,93.289,228.954,68.876,25.592
2018-01-10 15:00:00,53.851,44.679,46.794,23.194,56.454,279.086,92.136,236.405,68.315,28.005
2018-01-10 16:00:00,56.052,50.951,48.523,25.422,61.542,304.509,91.113,251.913,76.338,30.511
2018-01-10 17:00:00,64.6,56.467,57.988,29.709,73.38,333.729,107.612,279.474,87.204,33.679
2018-01-10 18:00:00,63.027,56.309,60.374,33.306,78.17,343.219,111.877,291.089,90.306,34.494
2018-01-10 19:00:00,62.906,58.308,59.194,37.649,75.284,342.647,113.565,293.228,91.391,36.946
2018-01-10 20:00:00,59.923,58.726,58.277,34.047,70.175,327.891,109.245,280.535,87.459,34.522
2018-01-10 21:00:00,55.478,53.752,52.327,30.563,60.722,298.823,107.154,252.961,83.643,31.028
2018-01-10 22:00:00,51.311,45.39,46.351,29.0,55.929,274.271,87.606,223.468,65.483,26.18
2018-01-10 23:00:00,44.311,38.921,36.807,24.954,47.635,236.42,73.426,187.959,55.749,23.527
2018-01-11 00:00:00,39.021,34.252,34.378,23.003,40.569,210.253,64.364,163.906,48.041,19.296
2018-01-11 01:00:00,37.304,32.456,32.361,21.702,38.185,191.063,60.824,151.908,45.887,17.647
2018-01-11 02:00:00,35.557,31.615,28.72,19.633,39.179,187.726,57.057,147.5,43.732,17.411
2018-01-11 03:00:00,36.421,34.511,28.893,19.576,37.592,189.821,57.198,147.412,43.195,16.327
2018-01-11 04:00:00,37.103,34.642,30.394,19.57,36.85,194.785,58.266,151.516,44.971,18.208
2018-01-11 05:00:00,40.581,38.368,33.017,21.628,42.583,216.998,66.059,168.579,53.316,21.33
2018-01-11 06:00:00,47.89,45.852,44.691,24.885,51.82,255.35,78.9,199.683,61.727,24.636
2018-01-11 07:00:00,53.38,45.167,51.213,27.568,56.979,279.218,91.093,219.14,71.127,27.567
2018-01-11 08:00:00,60.091,45.338,48.742,26.028,62.156,293.298,91.991,227.775,78.397,27.876
2018-01-11 09:00:00,58.789,45.65,47.08,28.371,60.537,305.533,91.866,243.04,75.776,31.521
2018-01-11 10:00:00,57.108,43.943,49.014,30.082,59.825,296.105,93.916,242.369,72.842,29.078
2018-01-11 11:00:00,55.948,43.403,47.284,24.25,58.577,283.543,92.766,250.766,70.735,26.708
2018-01-11 12:00:00,55.211,40.844,47.418,24.511,60.08,274.646,93.46,236.395,67.785,27.591
2018-01-11 13:00:00,53.166,40.905,45.324,23.308,57.238,269.295,85.67,216.686,64.132,27.118
2018-01-11 14:00:00,53.734,42.891,43.897,20.955,56.395,256.459,83.195,212.477,58.514,26.524
2018-01-11 15:00:00,51.717,39.104,43.745,21.647,54.88,259.915,81.603,209.256,61.478,26.611
2018-01-11 16:00:00,53.97,41.963,47.102,21.133,60.704,279.266,84.409,230.696,73.163,29.909
2018-01-11 17:00:00,57.016,48.842,53.833,25.802,67.803,312.431,97.742,262.84,84.216,32.651
2018-01-11 18:00:00,63.059,50.937,53.017,27.81,69.369,322.313,104.489,265.587,85.891,35.014
2018-01-11 19:00:00,60.89,53.253,51.972,28.424,67.908,312.765,101.668,257.139,79.917,33.439
2018-01-11 20:00:00,57.461,51.912,52.681,30.223,64.254,307.714,95.014,244.882,74.358,29.626
2018-01-11 21:00:00,48.817,48.672,46.88,28.768,58.455,278.762,88.169,224.38,68.663,29.332
2018-01-11 22:00:00,41.88,41.798,38.272,23.936,49.539,241.343,73.88,191.935,58.766,27.619
2018-01-11 23:00:00,36.344,34.83,30.212,21.969,40.918,198.225,66.568,156.155,44.186,22.168
2018-01-12 00:00:00,32.266,31.37,26.414,20.213,38.623,173.26,54.053,140.661,40.605,19.165
2018-01-12 01:00:00,29.781,26.997,24.814,19.994,33.388,159.847,49.105,127.055,36.837,17.412
2018-01-12 02:00:00,28.93,25.793,23.101,17.268,32.853,155.749,46.84,125.268,36.172,16.55
2018-01-12 03:00:00,27.935,27.061,23.347,16.169,31.818,159.295,47.492,127.769,35.568,14.695
2018-01-12 04:00:00,29.148,27.818,24.619,16.309,33.824,167.938,50.93,135.615,39.103,14.675
2018-01-12 05:00:00,32.387,31.124,27.16,17.538,40.13,184.019,56.894,149.369,43.973,16.621
2018-01-12 06:00:00,39.886,37.287,36.538,20.468,45.584,219.767,66.036,177.547,55.521,22.175
2018-01-12 07:00:00,44.42,41.038,42.95,23.59,50.941,255.12,79.133,206.57,65.292,27.116
2018-01-12 08:00:00,48.705,43.466,45.053,24.126,56.345,273.053,81.518,216.577,66.058,28.195
2018-01-12 09:00:00,51.219,44.838,46.709,25.659,62.079,282.169,83.533,219.754,73.062,26.205
2018-01-12 10:00:00,53.074,45.692,45.672,26.702,60.014,277.093,86.313,229.831,74.476,24.584
2018-01-12 11:00:00,54.996,43.805,45.873,23.16,55.309,276.287,91.931,234.811,70.703,24.545
2018-01-12 12:00:00,52.169,40.666,42.133,21.832,54.843,271.969,91.825,231.054,69.404,25.163
2018-01-12 13:00:00,51.236,39.421,42.543,20.978,52.872,268.193,85.919,217.199,65.777,22.329
2018-01-12 14:00:00,49.891,39.985,40.9,23.761,53.703,249.362,82.473,207.176,62.881,23.242
2018-01-12 15:00:00,46.928,41.322,40.894,20.652,53.357,246.499,84.305,201.499,63.781,22.833
2018-01-12 16:00:00,46.295,47.791,44.001,24.172,60.348,265.442,89.419,222.11,67.901,26.546
2018-01-12 17:00:00,48.751,48.951,52.532,24.209,62.007,301.227,99.182,243.995,76.56,27.541
2018-01-12 18:00:00,50.763,52.369,51.331,26.743,64.227,316.321,102.285,259.76,82.277,28.821
2018-01-12 19:00:00,48.773,51.592,49.586,25.012,62.054,304.675,99.625,251.127,80.824,29.522
2018-01-12 20:00:00,47.306,44.138,48.33,23.873,57.316,285.452,100.244,235.077,76.692,28.612
2018-01-12 21:00:00,47.107,40.492,46.118,21.451,58.022,258.6,88.008,213.17,65.757,25.537
2018-01-12 22:00:00,39.346,35.322,36.909,19.513,46.85,223.202,70.243,179.636,53.271,20.795
2018-01-12 23:00:00,35.618,27.879,30.493,18.558,39.503,186.812,57.905,148.72,44.187,16.846
2018-01-13 00:00:00,32.456,24.687,25.003,16.988,35.105,156.835,49.551,124.328,38.045,15.863
2018-01-13 01:00:00,31.264,21.435,24.17,15.647,34.147,144.701,46.497,116.207,33.754,15.048
2018-01-13 02:00:00,30.746,21.873,21.53,15.771,32.135,135.772,45.399,110.937,31.928,14.596
2018-01-13 03:00:00,31.054,21.948,20.366,15.868,32.3,135.075,41.323,111.016,31.071,14.079
2018-01-13 04:00:00,32.478,23.26,20.493,16.455,33.761,135.853,43.463,111.87,31.728,15.295
2018-01-13 05:00:00,34.437,26.821,22.173,18.524,38.686,144.933,49.042,116.017,32.71,18.391
2018-01-13 06:00:00,39.581,31.392,27.134,19.931,44.288,164.717,57.338,136.215,38.802,20.688
2018-01-13 07:00:00,45.086,37.137,35.257,23.387,53.494,199.235,67.365,159.193,44.715,24.169
2018-01-13 08:00:00,49.513,40.662,42.283,26.207,61.499,229.743,75.283,184.218,54.261,29.242
2018-01-13 09:00:00,63.982,46.035,47.229,26.221,63.975,259.258,84.881,203.645,63.608,32.221
2018-01-13 10:00:00,65.469,47.475,51.579,29.102,68.999,272.331,96.367,209.509,70.158,32.197
2018-01-13 11:00:00,63.3,47.601,53.185,28.802,69.676,290.997,97.152,229.905,68.708,31.244
2018-01-13 12:00:00,61.534,51.871,56.176,29.558,67.547,299.023,97.504,244.157,69.821,32.852
2018-01-13 13:00:00,61.54,49.836,52.062,28.43,61.576,289.356,90.815,241.071,71.203,32.557
2018-01-13 14:00:00,60.898,53.398,49.014,28.958,64.533,290.186,95.566,227.644,74.877,30.843
2018-01-13 15:00:00,60.691,53.174,50.646,28.711,70.618,291.156,100.827,236.275,74.194,32.818
2018-01-13 16:00:00,67.783,55.528,57.655,31.068,73.497,326.801,110.178,259.935,83.712,36.11
2018-01-13 17:00:00,76.087,60.474,65.01,37.459,81.075,366.459,123.961,286.557,92.769,39.399
2018-01-13 18:00:00,78.153,64.767,67.583,39.572,84.743,380.295,124.566,311.615,96.261,41.811
2018-01-13 19:00:00,71.679,68.583,69.368,40.898,83.716,393.254,125.026,310.403,99.368,42.955
2018-01-13 20:00:00,68.424,66.692,70.119,39.491,81.698,386.805,121.061,293.907,94.252,38.84
2018-01-13 21:00:00,67.566,63.037,61.986,38.561,77.844,357.983,115.731,268.335,88.625,37.216
2018-01-13 22:00:00,65.504,55.355,53.292,36.209,68.366,331.837,105.973,251.392,80.754,31.669
2018-01-13 23:00:00,60.408,48.436,45.584,32.478,60.651,296.613,91.911,222.328,69.68,27.624
2018-01-14 00:00:00,57.562,44.915,43.137,30.476,55.246,275.732,79.858,196.874,60.77,25.686
2018-01-14 01:00:00,57.18,42.795,40.776,29.204,53.52,262.338,74.622,187.646,56.875,24.626
2018-01-14 02:00:00,55.602,42.347,40.737,28.978,52.531,259.693,75.703,185.582,57.358,25.969
2018-01-14 03:00:00,55.616,48.301,41.876,29.056,50.978,267.012,80.499,189.541,57.818,24.445
2018-01-14 04:00:00,57.842,48.801,43.772,29.057,52.149,276.094,84.171,198.564,60.663,25.526
2018-01-14 05:00:00,61.931,52.97,47.666,30.657,57.011,292.332,87.776,210.305,64.305,27.746
2018-01-14 06:00:00,66.476,56.877,53.717,32.788,63.586,313.289,91.416,228.112,69.276,31.014
2018-01-14 07:00:00,70.621,60.234,58.719,35.521,69.713,334.431,103.457,247.525,77.484,34.956
2018-01-14 08:00:00,74.968,62.637,61.789,36.939,76.88,351.088,106.927,258.733,84.496,38.301
2018-01-14 09:00:00,75.996,61.449,67.15,36.108,76.87,360.844,116.983,268.073,89.557,39.475
2018-01-14 10:00:00,73.364,57.176,65.088,36.612,71.51,359.402,112.129,267.655,87.858,38.439
2018-01-14 11:00:00,71.502,56.544,61.21,33.295,69.631,348.009,108.018,255.195,87.941,42.057
2018-01-14 12:00:00,67.678,55.347,59.919,33.385,69.353,340.495,106.988,248.51,79.263,35.132
2018-01-14 13:00:00,65.219,52.329,64.568,31.811,69.855,316.448,103.764,235.173,77.866,37.979
2018-01-14 14:00:00,62.975,55.152,63.753,30.978,63.685,310.439,97.129,234.743,78.319,31.167
2018-01-14 15:00:00,67.106,60.034,58.047,31.409,66.022,316.918,95.446,242.271,79.902,29.496
2018-01-14 16:00:00,76.477,61.947,68.602,34.56,73.502,351.874,106.173,264.184,91.115,35.941
2018-01-14 17:00:00,74.063,66.233,72.936,37.36,84.171,389.024,118.869,292.703,99.561,40.653
2018-01-14 18:00:00,73.738,64.992,68.759,41.439,85.296,395.977,122.303,303.579,101.686,40.72
2018-01-14 19:00:00,76.039,66.197,70.607,44.93,82.481,401.843,124.188,306.278,102.498,40.933
2018-01-14 20:00:00,74.376,65.947,69.509,43.252,77.064,390.373,114.247,298.358,98.773,40.909
2018-01-14 21:00:00,67.759,63.719,63.117,43.347,74.922,373.228,111.896,287.064,90.099,36.875
2018-01-14 22:00:00,68.767,61.246,57.015,40.439,74.733,341.708,98.567,256.129,85.484,32.445
2018-01-14 23:00:00,64.519,58.065,51.845,38.276,63.693,303.972,91.616,229.829,75.155,29.399
2018-01-15 00:00:00,61.331,55.403,46.427,38.595,57.937,281.859,88.523,217.315,70.162,28.963
2018-01-15 01:00:00,61.05,53.963,45.516,36.34,54.68,275.258,84.261,211.674,66.787,28.366
2018-01-15 02:00:00,60.654,55.339,44.005,37.418,52.391,276.457,82.681,212.802,64.454,28.868
2018-01-15 03:00:00,60.627,59.39,44.422,37.486,52.765,282.565,83.198,218.322,64.431,27.023
2018-01-15 04:00:00,63.164,59.586,45.84,36.779,56.958,289.216,86.507,230.871,69.278,30.417
2018-01-15 05:00:00,66.155,61.939,49.325,40.006,63.022,313.15,93.944,251.64,77.064,31.776
2018-01-15 06:00:00,71.33,67.459,63.455,40.863,70.989,360.514,106.783,290.277,85.007,35.617
2018-01-15 07:00:00,82.11,69.474,68.332,43.637,77.981,395.851,120.38,317.365,96.023,38.208
2018-01-15 08:00:00,87.532,69.405,68.545,46.019,78.128,404.49,122.76,326.673,102.607,39.311
2018-01-15 09:00:00,86.938,66.26,67.618,42.759,76.371,412.453,124.785,319.626,102.255,37.209
2018-01-15 10:00:00,86.995,64.448,64.208,39.646,77.142,395.007,124.66,324.159,101.961,37.423
2018-01-15 11:00:00,78.548,59.859,63.328,38.395,74.376,386.36,121.169,319.19,97.27,37.076
2018-01-15 12:00:00,73.862,59.64,59.733,36.663,74.107,385.669,119.08,310.39,90.311,34.803
2018-01-15 13:00:00,68.474,56.651,56.118,33.252,68.896,367.721,108.234,295.315,87.467,30.846
2018-01-15 14:00:00,62.367,53.304,54.397,30.424,66.722,367.525,101.129,280.54,85.917,28.89
2018-01-15 15:00:00,61.712,53.493,57.462,29.108,62.5,357.985,102.877,281.973,84.505,31.082
2018-01-15 16:00:00,64.414,56.706,60.112,34.47,66.933,376.401,108.627,304.626,95.13,31.743
2018-01-15 17:00:00,73.179,62.218,65.106,38.009,77.68,397.882,119.753,330.38,107.649,35.156
2018-01-15 18:00:00,74.656,64.186,68.191,40.137,82.155,408.239,124.463,338.33,109.912,38.349
2018-01-15 19:00:00,75.279,64.733,70.453,40.878,76.763,405.428,125.502,333.093,108.622,36.019
2018-01-15 20:00:00,74.805,61.767,66.996,40.639,75.223,377.815,121.129,312.99,100.739,34.687
2018-01-15 21:00:00,72.278,59.107,57.639,36.786,69.953,356.113,112.621,289.459,89.483,34.039
2018-01-15 22:00:00,66.988,57.298,53.815,32.883,66.37,322.99,97.601,261.646,78.344,29.019
2018-01-15 23:00:00,61.454,50.883,45.752,30.507,54.904,283.324,86.734,219.774,67.433,25.297
2018-01-16 00:00:00,57.904,42.412,42.18,29.036,50.206,254.744,78.142,200.583,61.656,22.455
2018-01-16 01:00:00,55.684,40.368,39.643,28.774,46.447,240.218,72.507,187.348,57.282,21.581
2018-01-16 02:00:00,52.645,39.878,38.45,28.806,44.463,233.805,71.175,185.088,56.163,22.238
2018-01-16 03:00:00,52.522,43.223,37.644,29.106,44.449,238.558,73.781,184.842,56.01,21.909
2018-01-16 04:00:00,54.471,44.037,38.373,29.745,44.925,243.743,75.681,190.101,59.604,22.348
2018-01-16 05:00:00,56.297,47.417,40.613,31.371,50.43,269.264,81.449,213.297,67.79,24.798
2018-01-16 06:00:00,61.863,53.224,53.701,34.251,59.062,309.471,93.085,240.971,76.244,31.486
2018-01-16 07:00:00,68.519,60.856,61.709,36.476,72.399,334.113,101.699,267.425,85.442,32.978
2018-01-16 08:00:00,75.684,59.414,64.314,37.122,73.845,345.286,105.178,275.167,92.552,32.925
2018-01-16 09:00:00,74.22,56.332,60.487,36.768,71.728,358.187,111.276,277.871,88.924,32.266
2018-01-16 10:00:00,73.735,54.885,60.51,36.443,66.497,355.27,111.347,278.168,85.269,30.939
2018-01-16 11:00:00,69.136,51.642,58.659,34.097,67.964,351.433,105.17,278.26,83.581,29.561
2018-01-16 12:00:00,64.65,52.612,60.356,31.009,64.404,330.818,102.417,267.871,84.357,30.636
2018-01-16 13:00:00,61.69,52.456,56.71,29.279,59.685,312.862,95.899,254.436,77.173,28.686
2018-01-16 14:00:00,56.383,47.481,52.174,29.422,56.998,299.221,88.406,241.712,70.29,28.373
2018-01-16 15:00:00,56.971,45.489,49.483,29.334,61.731,298.563,89.076,230.876,70.822,29.554
2018-01-16 16:00:00,62.406,51.061,54.409,30.22,66.979,315.58,99.438,256.865,76.477,29.785
2018-01-16 17:00:00,61.278,58.78,61.436,32.232,69.001,352.026,110.033,279.256,88.459,33.248
2018-01-16 18:00:00,63.353,63.149,66.842,35.263,76.914,360.407,118.409,295.102,99.267,36.143
2018-01-16 19:00:00,69.65,62.232,63.086,35.43,75.697,358.055,113.45,290.881,91.909,36.066
2018-01-16 20:00:00,67.294,58.415,59.773,36.453,71.978,350.34,104.702,287.288,87.778,33.906
2018-01-16 21:00:00,61.277,56.485,53.414,32.013,63.736,318.383,97.761,265.51,81.208,32.825
2018-01-16 22:00:00,56.572,51.976,50.658,28.988,57.591,282.554,86.298,220.871,71.241,30.26
2018-01-16 23:00:00,50.256,43.713,40.355,26.812,49.333,251.562,75.775,188.132,60.122,24.288
2018-01-17 00:00:00,45.619,38.779,34.566,24.345,44.435,221.7,65.015,168.797,51.554,21.363
2018-01-17 01:00:00,43.358,40.487,31.6,23.027,39.778,207.784,61.95,159.697,47.182,20.412
2018-01-17 02:00:00,41.583,35.716,30.437,22.724,38.69,202.679,59.919,154.06,47.366,18.964
2018-01-17 03:00:00,41.594,39.797,31.563,22.642,38.704,206.328,61.061,156.158,46.465,17.59
2018-01-17 04:00:00,43.065,41.269,33.051,23.552,38.811,210.928,62.863,160.877,49.292,18.628
2018-01-17 05:00:00,46.386,42.518,36.962,25.835,45.944,231.432,69.748,181.886,56.571,20.509
2018-01-17 06:00:00,53.92,51.489,46.57,30.0,56.668,268.817,82.861,209.975,66.936,26.629
2018-01-17 07:00:00,57.542,57.49,54.246,30.452,64.286,293.764,94.353,235.658,76.185,29.273
2018-01-17 08:00:00,66.764,58.567,54.87,31.598,65.699,316.938,99.806,247.097,80.913,29.447
2018-01-17 09:00:00,70.467,55.715,52.133,34.662,64.332,327.05,99.518,253.112,89.277,31.04
2018-01-17 10:00:00,70.31,57.556,55.046,31.233,64.378,319.189,97.545,264.843,87.365,31.803
2018-01-17 11:00:00,63.404,56.531,56.927,29.972,62.391,321.044,96.091,278.784,82.214,31.497
2018-01-17 12:00:00,62.548,54.338,55.569,27.708,63.459,317.207,96.813,269.714,79.641,34.281
2018-01-17 13:00:00,65.992,52.866,50.904,25.053,59.888,304.747,95.503,257.143,76.326,30.395
2018-01-17 14:00:00,59.119,55.997,47.13,23.497,56.533,298.573,95.924,247.469,73.278,31.167
2018-01-17 15:00:00,56.865,53.101,48.458,25.374,55.673,291.679,92.673,246.708,75.283,28.6
2018-01-17 16:00:00,57.094,56.519,54.402,31.292,61.497,313.05,103.737,258.239,86.693,29.921
2018-01-17 17:00:00,64.014,63.352,60.03,33.193,69.034,346.913,110.995,284.886,89.089,34.517
2018-01-17 18:00:00,63.221,63.981,63.412,32.646,73.761,365.3,110.057,299.072,95.093,35.209
2018-01-17 19:00:00,62.662,67.212,65.302,35.487,72.528,355.199,109.82,292.439,93.742,33.313
2018-01-17 20:00:00,62.324,60.85,60.64,36.15,73.535,336.911,106.33,275.508,88.358,34.011
2018-01-17 21:00:00,58.762,57.861,57.572,32.942,65.898,312.705,97.313,254.131,78.512,32.259
2018-01-17 22:00:00,51.213,50.189,54.194,30.186,59.679,270.572,85.666,219.344,67.788,26.089
2018-01-17 23:00:00,46.438,45.629,41.29,27.621,52.011,232.549,73.578,186.426,57.119,24.017
2018-01-18 00:00:00,42.565,39.649,37.905,24.372,50.951,219.642,68.383,169.715,51.602,23.068
2018-01-18 01:00:00,40.494,37.571,35.643,23.124,47.233,212.219,66.404,160.981,47.953,21.831
2018-01-18 02:00:00,40.016,39.432,34.758,23.776,46.838,213.133,66.994,162.115,47.889,21.327
2018-01-18 03:00:00,42.131,44.55,36.085,24.778,46.64,223.638,68.184,167.413,49.689,19.51
2018-01-18 04:00:00,46.051,45.847,37.099,25.708,48.105,232.383,72.695,182.473,54.441,20.838
2018-01-18 05:00:00,49.44,48.933,37.52,27.629,55.77,259.22,79.382,202.846,60.2,22.582
2018-01-18 06:00:00,56.551,55.994,50.891,29.836,66.625,309.993,91.919,236.024,73.083,28.361
2018-01-18 07:00:00,61.905,60.656,56.676,34.205,66.273,338.46,107.831,260.431,79.822,36.304
2018-01-18 08:00:00,69.639,61.342,53.382,34.997,73.898,350.648,108.753,270.985,84.955,36.914
2018-01-18 09:00:00,68.439,57.906,55.369,34.91,71.378,355.3,111.796,277.93,86.292,31.672
2018-01-18 10:00:00,67.023,55.999,60.105,34.191,66.92,348.348,110.414,274.517,86.168,30.204
2018-01-18 11:00:00,64.118,54.716,61.824,29.988,65.72,343.298,105.668,263.91,82.819,30.758
2018-01-18 12:00:00,61.191,48.455,53.848,28.001,63.761,332.201,102.039,263.603,79.306,30.869
2018-01-18 13:00:00,59.062,47.357,50.075,29.737,59.744,316.396,97.6,245.082,75.181,33.202
2018-01-18 14:00:00,53.99,42.377,49.684,28.582,57.023,308.526,92.938,236.266,77.698,29.219
2018-01-18 15:00:00,51.919,46.632,50.421,29.289,56.405,302.24,93.693,229.525,76.687,28.692
2018-01-18 16:00:00,56.656,56.564,54.935,28.94,60.311,323.696,100.449,248.515,82.229,30.752
2018-01-18 17:00:00,62.598,59.969,60.673,34.968,68.727,358.589,111.721,279.587,92.869,35.497
2018-01-18 18:00:00,63.722,58.076,63.255,34.123,72.605,373.401,117.778,296.53,97.135,36.755
2018-01-18 19:00:00,66.88,61.596,63.292,33.1,73.756,369.012,116.989,294.821,92.383,35.22
2018-01-18 20:00:00,71.047,60.022,62.251,33.784,74.992,359.815,111.228,283.805,87.017,34.57
2018-01-18 21:00:00,66.147,61.628,55.74,30.035,66.007,333.479,107.934,267.818,81.956,31.962
2018-01-18 22:00:00,59.439,55.767,50.703,27.984,59.322,298.869,97.809,234.018,75.429,28.044
2018-01-18 23:00:00,52.939,48.772,44.853,25.838,50.205,269.325,87.6,204.652,65.457,25.174
2018-01-19 00:00:00,49.633,45.976,40.717,24.957,46.174,252.588,78.336,187.095,57.659,21.702
2018-01-19 01:00:00,47.128,44.453,38.992,23.214,41.505,240.732,75.303,177.64,54.505,24.408
2018-01-19 02:00:00,44.731,43.033,35.59,22.425,39.826,237.578,74.374,179.371,53.801,21.481
2018-01-19 03:00:00,42.621,46.137,35.188,21.946,39.621,237.623,72.152,183.017,55.393,18.968
2018-01-19 04:00:00,43.624,47.164,36.491,22.109,41.624,240.17,74.235,187.144,58.562,19.667
2018-01-19 05:00:00,47.22,47.447,38.928,24.589,47.757,261.66,78.748,206.573,62.223,22.663
2018-01-19 06:00:00,54.614,52.191,51.086,29.54,61.301,298.698,92.982,238.168,75.006,27.487
2018-01-19 07:00:00,62.086,57.254,56.983,31.713,65.949,338.524,103.537,261.878,90.223,34.216
2018-01-19 08:00:00,67.041,57.75,59.594,33.096,71.084,339.879,106.169,264.045,86.75,34.529
2018-01-19 09:00:00,64.485,58.331,56.098,33.081,67.089,333.823,105.881,263.928,86.561,32.512
2018-01-19 10:00:00,65.428,54.444,54.573,32.432,65.593,328.206,104.054,265.827,82.915,33.021
2018-01-19 11:00:00,65.127,53.547,53.328,30.377,65.235,316.97,103.313,259.147,78.037,29.609
2018-01-19 12:00:00,62.643,52.701,53.791,28.525,62.405,315.533,99.535,254.054,79.481,31.571
2018-01-19 13:00:00,58.445,50.6,52.784,27.896,59.154,305.941,98.463,243.283,75.582,29.051
2018-01-19 14:00:00,58.758,46.809,52.521,27.863,60.266,298.238,91.896,233.746,72.072,26.871
2018-01-19 15:00:00,58.924,46.176,54.627,27.736,59.116,299.28,95.079,232.899,73.073,29.284
2018-01-19 16:00:00,62.587,51.096,55.777,31.748,61.755,316.162,98.83,255.296,75.904,31.158
2018-01-19 17:00:00,63.434,58.392,67.825,31.046,73.14,340.119,111.5,273.998,92.226,34.372
2018-01-19 18:00:00,63.646,59.888,64.444,32.774,78.62,359.908,112.854,287.682,95.914,37.722
2018-01-19 19:00:00,67.355,57.905,62.578,33.646,78.219,353.536,113.065,283.872,96.907,35.171
2018-01-19 20:00:00,62.469,57.426,57.945,33.403,75.254,335.881,110.633,274.005,89.972,34.656
2018-01-19 21:00:00,56.893,50.803,52.674,29.846,67.593,310.277,101.3,249.15,84.804,33.458
2018-01-19 22:00:00,52.304,46.268,47.33,27.531,60.129,273.952,88.335,215.655,72.658,27.782
2018-01-19 23:00:00,48.03,40.127,41.222,24.124,51.139,237.062,74.139,188.393,60.724,25.045
2018-01-20 00:00:00,41.343,35.958,37.342,21.949,46.617,219.237,66.437,168.822,51.752,22.468
2018-01-20 01:00:00,39.96,32.905,34.341,21.316,42.197,207.31,62.19,157.141,47.76,20.725
2018-01-20 02:00:00,39.064,32.886,33.555,21.282,39.347,203.174,62.075,152.982,45.496,21.093
2018-01-20 03:00:00,37.871,37.318,33.005,21.93,39.252,201.511,61.831,152.992,45.967,20.875
2018-01-20 04:00:00,39.098,38.928,32.74,22.605,40.027,206.208,63.285,157.948,48.19,21.553
2018-01-20 05:00:00,42.268,39.873,34.403,24.754,41.627,217.676,65.645,165.683,49.343,24.34
2018-01-20 06:00:00,45.339,41.458,44.306,24.04,47.237,236.634,73.389,181.915,55.137,28.179
2018-01-20 07:00:00,50.73,44.833,50.486,27.024,55.062,254.804,81.078,203.065,61.535,29.798
2018-01-20 08:00:00,52.934,47.936,52.84,28.873,59.725,282.29,92.044,223.179,70.723,30.665
2018-01-20 09:00:00,53.213,51.138,51.281,26.247,63.971,285.395,92.772,226.667,72.287,32.894
2018-01-20 10:00:00,53.213,48.623,50.748,24.742,62.157,284.47,95.894,221.96,71.766,27.916
2018-01-20 11:00:00,55.593,43.993,53.114,25.038,57.44,266.527,85.836,218.457,67.071,25.519
2018-01-20 12:00:00,55.773,40.83,48.587,25.545,56.041,260.172,85.399,224.109,70.735,24.607
2018-01-20 13:00:00,51.54,43.531,45.703,24.4,50.559,243.169,82.508,209.296,66.373,24.186
2018-01-20 14:00:00,49.483,40.081,43.673,23.982,49.507,242.958,78.717,202.549,66.428,22.925
2018-01-20 15:00:00,45.506,42.133,48.673,26.116,52.327,246.095,79.66,211.747,65.591,21.208
2018-01-20 16:00:00,46.525,49.295,55.993,27.302,57.537,267.852,84.632,224.807,70.278,26.463
2018-01-20 17:00:00,53.339,52.071,55.864,28.713,66.0,296.89,95.659,245.728,79.22,30.291
2018-01-20 18:00:00,54.053,51.834,55.717,28.72,72.064,309.208,100.264,259.985,84.588,29.414
2018-01-20 19:00:00,54.073,50.522,58.179,27.321,70.771,315.277,106.213,262.014,84.068,30.84
2018-01-20 20:00:00,51.519,49.561,55.626,28.845,67.956,308.8,99.965,249.582,78.085,30.914
2018-01-20 21:00:00,52.046,45.58,48.752,25.94,63.78,282.352,88.854,229.366,70.066,28.446
2018-01-20 22:00:00,44.58,37.786,41.973,23.44,55.697,251.377,78.913,199.984,62.908,22.343
2018-01-20 23:00:00,39.557,32.753,38.01,20.765,52.163,215.996,67.279,170.31,53.477,20.101
2018-01-21 00:00:00,35.482,28.874,36.808,18.506,42.927,197.904,60.623,150.923,43.559,18.578
2018-01-21 01:00:00,34.926,27.667,32.979,17.34,40.702,185.872,54.547,140.733,40.028,18.273
2018-01-21 02:00:00,33.975,25.719,31.054,15.862,39.877,183.962,54.822,143.438,39.062,18.183
2018-01-21 03:00:00,34.296,27.135,30.588,15.663,39.337,190.146,56.718,147.415,38.937,17.445
2018-01-21 04:00:00,34.792,28.596,31.18,15.796,39.251,193.833,59.122,147.06,39.889,18.229
2018-01-21 05:00:00,36.406,31.452,31.62,17.408,41.123,206.98,62.601,153.979,42.422,19.519
2018-01-21 06:00:00,41.333,34.891,39.44,18.803,46.054,230.161,71.091,176.795,47.977,21.71
2018-01-21 07:00:00,47.933,37.463,44.417,21.377,51.659,249.742,80.139,193.828,58.182,26.578
2018-01-21 08:00:00,50.97,42.209,47.092,23.241,56.501,265.298,86.488,213.017,66.711,28.211
2018-01-21 09:00:00,47.292,45.16,47.588,24.357,61.681,270.353,91.603,227.955,69.474,27.329
2018-01-21 10:00:00,46.849,45.82,49.26,25.468,57.567,262.036,94.805,227.603,70.463,28.002
2018-01-21 11:00:00,47.817,46.279,51.088,24.005,61.145,261.257,88.65,220.503,72.744,26.436
2018-01-21 12:00:00,48.217,44.313,48.969,23.662,58.324,251.167,85.397,215.292,69.741,24.282
2018-01-21 13:00:00,47.758,44.164,43.702,22.178,56.189,241.219,77.841,207.206,64.838,25.118
2018-01-21 14:00:00,43.019,44.525,42.087,22.063,51.571,240.307,76.868,198.305,61.547,21.691
2018-01-21 15:00:00,45.911,43.71,44.179,24.956,55.893,243.325,81.38,199.655,65.098,22.395
2018-01-21 16:00:00,48.421,45.614,49.569,26.596,58.476,257.86,92.085,226.489,70.852,23.1
2018-01-21 17:00:00,52.323,55.179,57.257,28.482,66.595,297.301,100.348,257.687,78.323,28.174
2018-01-21 18:00:00,56.394,55.006,58.672,28.294,69.108,318.439,108.473,262.055,82.956,30.689
2018-01-21 19:00:00,57.769,53.029,60.0,28.662,71.695,316.157,106.086,256.468,90.289,30.242
2018-01-21 20:00:00,54.701,48.376,59.411,28.353,68.008,312.384,98.77,249.812,79.426,29.912
2018-01-21 21:00:00,49.166,45.311,58.22,27.138,62.068,287.873,86.715,227.474,75.676,28.254
2018-01-21 22:00:00,48.071,42.375,52.519,24.691,55.542,257.807,75.543,205.438,67.01,26.084
2018-01-21 23:00:00,43.188,35.701,43.125,22.787,47.475,230.837,68.319,180.728,55.525,21.347
2018-01-22 00:00:00,39.797,31.999,35.024,20.232,42.212,208.477,64.045,165.832,50.388,19.095
2018-01-22 01:00:00,38.412,29.998,31.837,19.565,37.781,197.65,60.54,155.907,46.391,18.364
2018-01-22 02:00:00,37.08,28.709,30.031,18.527,36.21,191.725,59.0,153.827,44.23,18.074
2018-01-22 03:00:00,38.279,32.488,29.644,18.167,36.019,194.856,57.03,154.377,43.603,16.55
2018-01-22 04:00:00,38.438,33.645,30.963,18.927,38.492,201.099,59.798,159.076,45.769,17.614
2018-01-22 05:00:00,41.519,35.691,34.301,20.284,44.916,220.399,65.837,174.213,51.496,18.703
2018-01-22 06:00:00,46.289,44.065,46.094,23.082,52.002,253.641,80.049,202.202,63.395,23.62
2018-01-22 07:00:00,51.07,47.207,53.074,25.259,58.158,277.178,89.989,230.513,72.322,26.476
2018-01-22 08:00:00,59.388,47.281,54.924,27.088,63.04,302.199,96.727,241.317,77.648,28.257
2018-01-22 09:00:00,61.785,52.417,50.303,26.646,61.189,320.719,98.449,255.194,81.084,27.846
2018-01-22 10:00:00,62.751,55.247,55.433,27.99,61.587,324.905,97.882,263.296,81.222,28.964
2018-01-22 11:00:00,66.498,53.243,56.847,27.285,60.897,320.393,99.076,270.837,78.182,29.482
2018-01-22 12:00:00,65.487,56.899,54.684,27.5,61.208,321.026,102.509,274.044,81.41,29.772
2018-01-22 13:00:00,63.814,54.347,49.421,28.761,63.256,314.6,97.447,265.591,80.039,27.448
2018-01-22 14:00:00,61.025,53.463,47.672,28.563,57.388,319.427,93.764,259.46,77.203,26.334
2018-01-22 15:00:00,62.151,54.98,49.599,25.881,59.645,315.961,95.384,252.249,81.15,28.067
2018-01-22 16:00:00,62.58,56.098,53.423,27.44,61.295,333.461,101.892,265.704,86.541,30.17
2018-01-22 17:00:00,66.786,61.614,61.415,32.062,69.464,376.018,112.212,297.869,97.552,31.147
2018-01-22 18:00:00,67.382,63.187,61.55,34.35,70.422,377.809,119.019,307.642,99.969,31.588
2018-01-22 19:00:00,68.938,59.373,61.419,32.299,70.997,372.044,115.424,292.966,96.787,32.076
2018-01-22 20:00:00,64.729,54.161,59.255,34.936,64.823,351.972,111.626,270.964,90.076,31.251
2018-01-22 21:00:00,62.434,54.445,54.795,32.138,63.385,325.464,104.099,253.731,84.208,31.646
2018-01-22 22:00:00,55.406,48.913,45.283,29.653,55.879,282.31,88.029,227.035,72.387,26.34
2018-01-22 23:00:00,47.645,44.435,38.0,26.734,45.099,244.527,73.529,188.664,61.647,21.532
2018-01-23 00:00:00,44.431,39.342,35.224,23.369,41.685,220.589,66.904,173.003,52.489,19.487
2018-01-23 01:00:00,44.342,39.53,32.329,20.701,39.967,207.884,63.091,163.529,50.644,17.62
2018-01-23 02:00:00,42.35,35.911,31.267,19.346,37.69,203.537,59.199,162.339,50.7,17.697
2018-01-23 03:00:00,41.519,40.161,31.376,19.218,37.798,206.911,59.575,163.042,50.822,16.319
2018-01-23 04:00:00,44.895,41.95,31.749,19.439,39.183,217.71,63.72,172.075,52.89,17.367
2018-01-23 05:00:00,48.37,43.297,34.954,21.738,43.213,238.558,71.222,187.635,60.289,20.473
2018-01-23 06:00:00,52.723,51.049,47.795,23.73,53.369,273.206,81.645,218.753,67.79,24.578
2018-01-23 07:00:00,61.496,53.46,54.237,28.148,60.204,301.475,91.771,246.317,74.788,27.933
2018-01-23 08:00:00,63.785,57.628,58.107,29.853,65.459,319.436,99.377,262.466,82.712,31.456
2018-01-23 09:00:00,66.328,53.827,55.765,30.042,66.178,334.557,99.789,270.465,84.045,32.231
2018-01-23 10:00:00,66.009,56.483,55.255,31.479,65.128,340.766,99.048,274.277,87.601,28.482
2018-01-23 11:00:00,64.473,54.934,55.18,31.068,60.845,336.305,106.009,274.17,88.371,28.424
2018-01-23 12:00:00,61.633,53.081,52.947,28.096,59.994,325.731,104.643,274.786,82.011,30.072
2018-01-23 13:00:00,60.332,54.469,49.568,26.601,57.083,313.187,100.174,272.227,76.627,30.391
2018-01-23 14:00:00,58.215,51.204,50.423,25.049,52.193,304.383,96.249,256.592,73.233,28.76
2018-01-23 15:00:00,56.389,48.905,49.213,24.509,55.246,308.14,96.819,252.34,75.46,26.336
2018-01-23 16:00:00,57.719,49.809,51.551,26.063,58.778,320.033,102.744,264.777,85.21,28.637
2018-01-23 17:00:00,63.881,56.259,57.056,30.335,70.272,348.579,117.043,283.357,96.8,32.106
2018-01-23 18:00:00,62.81,58.806,58.428,31.833,72.699,354.087,116.634,282.389,100.598,32.551
2018-01-23 19:00:00,62.334,56.581,57.101,30.753,73.175,353.328,113.305,285.192,92.073,30.945
2018-01-23 20:00:00,59.156,53.506,54.808,30.188,67.046,331.082,106.3,280.455,84.336,28.532
2018-01-23 21:00:00,54.802,51.018,48.763,28.334,64.979,311.335,96.614,256.686,78.225,27.675
2018-01-23 22:00:00,48.758,46.095,44.181,24.3,53.581,273.883,86.199,215.158,64.034,24.395
2018-01-23 23:00:00,47.126,37.335,36.299,19.326,44.564,232.374,73.989,180.991,54.311,20.17
2018-01-24 00:00:00,42.382,33.903,31.912,18.382,40.282,200.666,64.247,160.711,47.998,17.603
2018-01-24 01:00:00,37.891,30.298,28.003,16.679,37.236,189.619,59.452,148.827,44.706,16.617
2018-01-24 02:00:00,38.746,30.828,27.374,16.108,34.957,191.199,58.053,145.449,43.477,15.821
2018-01-24 03:00:00,36.973,33.471,27.837,16.584,35.101,198.497,56.896,147.226,44.488,15.754
2018-01-24 04:00:00,37.138,33.573,30.333,16.767,36.104,203.608,59.774,151.805,47.482,16.786
2018-01-24 05:00:00,40.87,36.242,33.52,19.771,41.931,210.522,64.406,172.153,53.3,19.834
2018-01-24 06:00:00,46.767,43.312,44.57,22.81,51.645,243.94,76.152,200.799,63.134,21.573
2018-01-24 07:00:00,53.79,44.238,51.509,25.715,58.778,276.675,90.924,220.33,71.699,26.909
2018-01-24 08:00:00,62.735,47.564,54.612,27.118,64.466,300.529,92.421,235.28,76.453,28.592
2018-01-24 09:00:00,61.964,52.13,53.58,28.761,64.659,318.302,97.475,238.735,83.297,29.072
2018-01-24 10:00:00,65.275,50.218,54.224,31.451,64.371,325.015,97.543,254.968,83.355,27.82
2018-01-24 11:00:00,63.413,53.394,55.494,30.907,71.404,311.224,103.904,261.087,83.964,29.776
2018-01-24 12:00:00,60.184,53.039,53.634,28.554,67.514,306.636,103.345,255.643,78.02,29.147
2018-01-24 13:00:00,57.457,49.796,50.729,26.237,61.171,295.385,96.43,243.517,75.563,27.075
2018-01-24 14:00:00,54.634,51.065,50.128,26.334,57.145,291.254,92.042,239.58,76.439,25.647
2018-01-24 15:00:00,56.536,52.705,48.432,26.705,60.584,298.713,92.338,234.778,80.997,27.722
2018-01-24 16:00:00,58.922,53.498,50.901,29.767,65.269,320.999,100.208,251.223,81.316,32.493
2018-01-24 17:00:00,62.091,58.583,55.769,34.632,70.818,350.83,111.299,292.645,92.896,35.054
2018-01-24 18:00:00,67.765,59.983,60.395,37.033,73.877,373.568,115.36,319.391,98.676,37.793
2018-01-24 19:00:00,70.764,61.158,63.216,38.897,78.091,371.917,112.652,312.35,95.826,35.241
2018-01-24 20:00:00,72.849,59.728,63.088,39.034,72.846,357.161,107.371,296.586,92.011,35.933
2018-01-24 21:00:00,68.562,56.915,57.425,36.141,71.747,332.64,108.28,279.665,86.465,31.715
2018-01-24 22:00:00,61.703,56.039,50.38,32.665,64.49,302.801,96.844,247.515,81.35,27.973
2018-01-24 23:00:00,55.024,48.489,46.033,30.763,59.563,270.551,84.054,214.237,70.75,24.591
2018-01-25 00:00:00,50.434,41.695,39.937,28.444,52.11,252.745,78.275,196.55,62.159,22.463
2018-01-25 01:00:00,47.882,39.968,37.742,26.9,46.14,240.845,73.13,186.544,57.37,21.263
2018-01-25 02:00:00,47.727,39.833,36.196,27.025,44.512,235.741,71.058,182.3,56.641,21.586
2018-01-25 03:00:00,48.004,44.576,37.705,27.599,44.467,245.223,71.169,183.919,56.067,21.758
2018-01-25 04:00:00,50.394,49.276,39.109,28.579,45.54,258.67,75.63,192.619,59.584,23.434
2018-01-25 05:00:00,54.773,51.351,43.282,30.322,50.06,277.897,83.182,212.349,65.372,25.475
2018-01-25 06:00:00,65.613,57.676,52.343,33.641,61.793,309.379,99.013,244.421,78.469,29.729
2018-01-25 07:00:00,73.303,58.539,57.605,40.208,69.577,330.76,106.86,271.246,83.934,34.343
2018-01-25 08:00:00,74.832,57.983,60.11,46.852,72.155,345.67,113.553,281.682,90.557,33.456
2018-01-25 09:00:00,76.999,58.221,61.009,38.289,72.246,361.9,116.806,302.055,95.355,32.384
2018-01-25 10:00:00,77.174,61.316,59.144,37.38,69.419,370.058,118.248,299.773,91.549,32.66
2018-01-25 11:00:00,70.543,53.779,58.169,36.889,68.16,363.933,119.949,289.463,87.397,30.286
2018-01-25 12:00:00,64.008,52.001,56.757,33.167,64.53,355.034,112.623,282.798,88.518,32.666
2018-01-25 13:00:00,64.162,53.524,53.088,31.152,64.371,339.278,102.753,276.084,85.113,33.551
2018-01-25 14:00:00,59.572,52.874,48.813,31.076,61.366,325.017,96.499,274.553,81.986,30.696
2018-01-25 15:00:00,61.789,53.655,50.54,31.645,61.502,322.048,102.627,261.327,80.057,29.336
2018-01-25 16:00:00,65.443,57.627,56.477,33.544,64.567,345.38,108.178,279.677,89.894,32.269
2018-01-25 17:00:00,67.72,66.698,64.264,37.784,74.89,377.852,117.445,307.47,97.958,39.084
2018-01-25 18:00:00,70.624,69.297,66.471,40.546,81.6,390.926,123.013,310.538,106.975,35.819
2018-01-25 19:00:00,71.093,65.995,65.199,40.445,79.241,383.375,118.873,321.627,102.659,38.07
2018-01-25 20:00:00,70.507,63.376,64.373,40.228,74.558,370.871,114.431,305.275,92.978,36.89
2018-01-25 21:00:00,67.727,58.529,60.349,38.835,67.401,349.008,111.76,280.54,88.704,33.722
2018-01-25 22:00:00,63.28,57.656,53.832,36.215,63.739,317.82,98.152,258.127,78.454,29.577
2018-01-25 23:00:00,57.677,52.302,44.957,31.56,58.321,282.155,84.332,227.144,69.832,25.191
2018-01-26 00:00:00,52.935,46.84,41.0,32.564,55.186,255.866,77.704,207.662,65.285,25.12
2018-01-26 01:00:00,51.865,43.085,38.114,33.333,51.592,245.583,73.574,198.907,59.881,23.593
2018-01-26 02:00:00,49.984,42.182,38.501,29.429,49.918,248.866,72.198,199.286,59.556,23.146
2018-01-26 03:00:00,50.03,46.738,39.191,30.159,48.476,250.431,72.657,198.767,59.616,22.64
2018-01-26 04:00:00,52.113,48.904,39.596,31.286,50.583,252.48,78.425,203.083,63.359,25.33
2018-01-26 05:00:00,55.93,53.141,44.439,35.16,57.683,276.857,87.437,223.814,68.636,27.87
2018-01-26 06:00:00,60.78,60.645,55.519,40.133,67.604,320.28,98.039,252.697,80.96,32.908
2018-01-26 07:00:00,67.659,63.125,65.883,41.471,75.844,338.305,108.855,279.677,88.42,37.032
2018-01-26 08:00:00,72.065,63.778,64.392,42.617,73.712,357.495,109.766,295.836,92.343,37.385
2018-01-26 09:00:00,70.06,61.371,59.927,37.203,73.506,368.794,111.389,287.064,88.823,35.213
2018-01-26 10:00:00,66.547,57.03,59.041,35.136,73.828,355.136,108.119,275.192,86.528,30.894
2018-01-26 11:00:00,63.354,54.906,58.261,32.158,66.656,350.815,107.939,272.015,87.836,30.23
2018-01-26 12:00:00,62.031,51.239,57.763,31.828,63.116,335.631,104.38,266.62,80.361,30.479
2018-01-26 13:00:00,59.911,49.072,56.197,33.421,58.869,316.03,99.14,250.89,71.042,27.146
2018-01-26 14:00:00,53.386,46.028,48.857,27.62,58.385,305.311,92.978,237.981,69.999,25.518
2018-01-26 15:00:00,52.678,44.707,48.989,26.61,57.435,299.551,88.799,237.221,68.34,25.592
2018-01-26 16:00:00,56.203,49.724,55.164,28.776,62.778,311.534,94.751,261.197,76.252,27.042
2018-01-26 17:00:00,60.848,60.072,61.454,34.007,71.256,350.674,111.546,290.764,90.354,31.504
2018-01-26 18:00:00,65.31,63.531,62.642,38.686,76.253,371.208,118.997,302.625,100.351,32.836
2018-01-26 19:00:00,68.316,63.122,63.308,41.291,79.291,373.25,123.731,298.176,96.171,32.595
2018-01-26 20:00:00,70.707,63.869,62.645,41.205,74.514,354.059,111.021,293.405,92.275,34.626
2018-01-26 21:00:00,66.862,61.529,57.513,39.959,70.104,325.931,108.31,271.263,81.13,35.229
2018-01-26 22:00:00,61.647,57.089,52.929,36.469,61.411,302.224,97.944,240.419,71.171,28.617
2018-01-26 23:00:00,56.833,51.935,44.28,33.538,53.837,266.557,82.792,207.748,61.582,28.661
2018-01-27 00:00:00,53.705,45.455,40.601,31.749,49.591,241.728,75.342,184.531,57.91,25.044
2018-01-27 01:00:00,50.026,43.75,38.161,30.36,47.056,230.465,72.661,171.471,52.546,22.842
2018-01-27 02:00:00,48.819,43.844,36.046,30.143,45.122,223.538,71.926,168.923,53.091,22.798
2018-01-27 03:00:00,47.949,47.545,35.047,30.175,45.448,218.726,70.737,169.272,53.49,22.78
2018-01-27 04:00:00,51.991,47.832,34.866,30.067,46.663,223.671,71.375,175.622,58.048,24.146
2018-01-27 05:00:00,56.915,49.561,37.085,32.856,49.47,235.207,74.054,183.394,58.686,25.976
2018-01-27 06:00:00,61.555,52.902,44.219,35.534,55.231,258.779,82.526,198.059,62.03,29.224
2018-01-27 07:00:00,63.507,55.339,49.482,36.028,58.668,277.987,89.34,213.996,70.605,33.783
2018-01-27 08:00:00,65.289,61.433,55.088,37.794,61.718,307.105,100.227,233.627,83.568,37.925
2018-01-27 09:00:00,66.388,59.649,53.969,35.768,74.673,302.403,102.338,242.695,87.568,34.412
2018-01-27 10:00:00,65.313,55.877,52.581,34.748,65.954,293.21,101.295,235.047,81.26,31.135
2018-01-27 11:00:00,62.426,51.503,50.528,31.49,66.827,284.744,96.091,228.179,79.128,26.932
2018-01-27 12:00:00,60.574,52.376,59.602,28.264,59.828,274.017,87.688,225.159,78.793,28.652
2018-01-27 13:00:00,54.52,50.372,55.463,27.726,56.683,253.76,84.922,207.815,66.924,27.865
2018-01-27 14:00:00,52.842,47.603,46.074,23.678,54.739,241.408,79.494,201.558,65.6,26.968
2018-01-27 15:00:00,53.119,44.982,44.569,23.882,57.201,252.765,81.239,204.196,65.398,24.615
2018-01-27 16:00:00,54.713,47.723,44.67,27.754,58.018,268.434,92.173,212.892,70.753,27.802
2018-01-27 17:00:00,55.227,56.877,53.335,28.788,65.542,300.608,99.402,243.342,80.263,28.008
2018-01-27 18:00:00,55.712,54.961,56.483,29.629,67.695,318.585,108.335,261.313,86.568,28.868
2018-01-27 19:00:00,55.684,52.884,57.501,30.269,66.944,313.555,100.961,254.766,83.768,29.789
2018-01-27 20:00:00,52.414,48.255,57.262,28.814,61.783,301.464,90.823,244.573,76.059,28.139
2018-01-27 21:00:00,46.039,47.31,50.76,26.446,54.794,270.038,86.246,221.017,67.064,25.457
2018-01-27 22:00:00,41.366,39.24,41.876,22.423,49.136,232.586,76.901,188.024,63.837,23.468
2018-01-27 23:00:00,36.918,32.2,35.742,20.149,41.331,196.197,63.744,154.699,50.551,18.393
2018-01-28 00:00:00,34.751,27.955,26.363,16.592,36.734,165.477,51.615,133.471,43.575,16.626
2018-01-28 01:00:00,33.74,25.009,24.368,15.44,33.514,153.455,47.694,121.73,40.206,15.627
2018-01-28 02:00:00,32.399,24.585,24.534,14.263,32.106,149.635,46.474,118.795,36.764,15.904
2018-01-28 03:00:00,32.42,26.136,24.594,14.614,31.847,151.211,46.552,119.393,36.242,15.728
2018-01-28 04:00:00,33.448,26.972,25.54,14.108,32.607,154.903,48.256,124.163,36.718,15.971
2018-01-28 05:00:00,33.681,29.797,26.783,14.994,35.235,164.248,50.793,134.119,40.688,17.35
2018-01-28 06:00:00,39.049,32.944,35.206,16.667,40.611,187.586,58.101,147.604,45.687,19.527
2018-01-28 07:00:00,43.658,36.82,41.135,19.263,46.485,203.622,69.56,163.63,49.508,23.601
2018-01-28 08:00:00,46.796,42.751,45.263,24.806,51.699,231.225,81.18,184.829,58.914,27.398
2018-01-28 09:00:00,48.288,45.605,46.244,23.107,53.528,248.987,85.393,200.38,67.477,29.201
2018-01-28 10:00:00,46.52,46.051,47.5,23.385,52.42,258.946,83.557,203.152,66.79,29.021
2018-01-28 11:00:00,47.674,44.051,43.846,22.395,53.137,255.282,81.919,200.996,63.675,24.779
2018-01-28 12:00:00,50.282,45.492,47.678,23.652,52.958,245.011,83.447,200.003,60.061,23.085
2018-01-28 13:00:00,47.001,42.603,48.654,21.691,52.977,242.904,75.973,193.859,61.88,22.878
2018-01-28 14:00:00,45.8,43.82,47.325,20.79,50.18,233.109,71.29,193.083,59.657,23.791
2018-01-28 15:00:00,45.06,40.886,47.689,21.768,48.447,242.499,73.165,201.222,62.574,23.814
2018-01-28 16:00:00,51.143,42.869,53.806,21.616,52.453,258.477,77.099,215.652,69.743,25.874
2018-01-28 17:00:00,49.367,49.543,58.406,23.868,61.75,297.76,96.02,247.008,75.925,30.714
2018-01-28 18:00:00,50.221,53.366,62.376,27.161,68.812,311.148,101.282,252.754,83.694,34.503
2018-01-28 19:00:00,51.78,54.801,59.305,26.634,67.968,313.361,102.512,254.375,86.856,32.075
2018-01-28 20:00:00,52.206,47.487,56.597,28.066,66.003,298.425,99.588,247.478,87.63,31.686
2018-01-28 21:00:00,52.891,46.877,55.119,27.839,62.134,277.7,95.176,224.104,76.071,30.994
2018-01-28 22:00:00,47.669,42.745,47.747,26.595,55.777,250.395,85.763,192.584,71.602,24.958
2018-01-28 23:00:00,41.976,36.156,36.768,23.433,46.66,219.642,71.506,167.126,54.524,21.455
2018-01-29 00:00:00,38.554,33.891,32.491,21.349,41.684,200.872,63.164,154.574,46.987,19.323
2018-01-29 01:00:00,37.125,32.084,30.158,19.456,39.707,190.593,59.618,146.817,42.51,17.726
2018-01-29 02:00:00,36.792,32.431,29.68,19.305,37.911,186.353,57.713,141.219,40.435,17.785
2018-01-29 03:00:00,36.984,36.704,30.842,19.046,38.315,191.096,57.635,143.054,40.98,17.782
2018-01-29 04:00:00,38.888,38.64,34.937,19.545,39.862,199.894,62.81,150.541,45.246,20.08
2018-01-29 05:00:00,44.104,42.386,36.4,21.794,46.135,225.476,73.499,170.474,53.364,21.677
2018-01-29 06:00:00,52.234,48.829,45.89,24.516,56.742,262.27,86.767,205.767,64.611,26.978
2018-01-29 07:00:00,55.127,49.264,50.407,25.471,66.332,292.735,94.262,231.888,75.174,31.26
2018-01-29 08:00:00,61.318,54.74,51.96,27.469,70.412,312.497,98.074,249.36,77.149,31.852
2018-01-29 09:00:00,64.06,61.351,50.808,27.516,66.323,324.622,97.235,257.966,79.786,31.661
2018-01-29 10:00:00,64.944,60.99,53.409,27.518,64.947,319.88,97.98,259.742,82.231,32.861
2018-01-29 11:00:00,61.536,55.999,50.97,27.342,62.355,310.736,102.77,269.232,80.186,30.455
2018-01-29 12:00:00,59.397,50.895,49.751,30.355,58.241,303.388,99.034,255.581,78.807,29.287
2018-01-29 13:00:00,59.619,50.451,46.369,25.576,56.817,287.521,96.898,241.621,74.663,27.707
2018-01-29 14:00:00,58.054,50.059,43.798,23.488,57.863,281.335,90.008,234.127,68.953,27.132
2018-01-29 15:00:00,56.917,48.917,44.917,24.854,59.013,279.233,89.921,231.106,72.679,27.021
2018-01-29 16:00:00,57.975,55.515,49.81,27.938,60.523,307.345,93.702,247.984,80.502,28.987
2018-01-29 17:00:00,61.296,60.567,57.278,29.336,70.609,337.902,105.14,274.144,87.42,31.462
2018-01-29 18:00:00,66.775,63.155,59.072,32.273,73.507,350.891,116.312,284.756,96.875,31.323
2018-01-29 19:00:00,64.633,59.275,61.268,32.304,72.99,343.712,111.658,281.959,94.32,31.043
2018-01-29 20:00:00,61.825,55.185,56.823,31.074,67.969,334.69,106.149,276.973,89.113,30.933
2018-01-29 21:00:00,59.912,54.297,56.624,29.902,62.89,312.834,102.194,267.683,81.812,29.583
2018-01-29 22:00:00,55.967,53.85,47.829,27.624,55.796,287.858,93.725,232.156,72.541,26.196
2018-01-29 23:00:00,50.465,45.034,38.812,24.746,49.782,247.825,82.305,204.879,62.761,21.664
2018-01-30 00:00:00,44.89,39.903,35.175,23.951,42.058,226.54,68.493,186.183,56.821,19.78
2018-01-30 01:00:00,42.009,37.417,34.001,21.57,42.384,215.906,62.602,174.981,54.037,19.583
2018-01-30 02:00:00,41.71,36.563,33.035,23.165,40.331,215.169,62.02,177.107,53.321,17.898
2018-01-30 03:00:00,41.736,41.11,33.504,24.086,38.226,218.363,62.336,175.186,53.114,17.718
2018-01-30 04:00:00,45.091,42.709,34.891,24.872,40.042,224.908,66.374,179.113,54.512,18.179
2018-01-30 05:00:00,48.181,44.827,38.314,27.235,46.052,250.559,71.896,206.602,63.435,20.52
2018-01-30 06:00:00,53.668,51.689,49.613,30.613,56.49,294.194,85.211,243.881,74.709,25.234
2018-01-30 07:00:00,58.269,53.25,55.474,32.101,61.041,314.941,101.75,267.631,84.419,28.926
2018-01-30 08:00:00,64.204,55.787,55.763,32.84,65.508,339.705,99.319,279.73,90.528,32.683
2018-01-30 09:00:00,64.302,57.376,60.709,35.553,68.58,367.1,101.687,290.101,95.58,31.579
2018-01-30 10:00:00,67.099,55.736,56.254,33.385,67.648,358.332,106.58,293.976,88.589,31.362
2018-01-30 11:00:00,66.371,56.314,55.546,32.479,64.829,355.591,105.271,301.3,89.15,29.378
2018-01-30 12:00:00,64.952,53.425,55.436,31.82,62.025,340.604,103.95,291.719,89.463,30.864
2018-01-30 13:00:00,61.35,53.896,55.464,30.186,59.055,323.12,98.633,271.528,80.818,28.802
2018-01-30 14:00:00,58.803,50.681,53.151,29.607,57.454,323.126,98.211,261.141,78.021,27.79
2018-01-30 15:00:00,65.167,50.733,53.619,27.957,62.773,324.279,96.681,261.143,79.829,29.333
2018-01-30 16:00:00,63.582,54.204,53.314,31.522,67.014,335.846,101.452,261.703,81.525,31.22
2018-01-30 17:00:00,67.578,60.031,62.114,33.362,76.868,365.984,113.318,289.0,94.157,34.777
2018-01-30 18:00:00,67.629,64.988,61.843,37.191,83.094,385.598,118.448,298.858,100.784,35.754
2018-01-30 19:00:00,69.992,61.101,60.999,38.707,76.973,388.673,122.639,297.352,98.615,37.392
2018-01-30 20:00:00,69.876,60.252,60.406,36.847,75.691,369.606,115.837,296.317,93.585,37.355
2018-01-30 21:00:00,62.995,55.192,54.888,34.693,73.744,352.962,111.467,271.098,87.121,33.765
2018-01-30 22:00:00,58.554,51.34,50.38,32.464,62.613,332.372,101.271,243.308,77.964,29.038
2018-01-30 23:00:00,53.697,45.623,45.471,29.095,53.975,294.01,88.549,213.253,66.921,26.111
2018-01-31 00:00:00,49.981,44.214,41.311,28.244,49.616,268.159,81.463,203.193,64.112,24.34
2018-01-31 01:00:00,49.31,42.697,40.436,26.802,48.189,252.974,78.477,195.543,59.781,23.733
2018-01-31 02:00:00,48.192,41.075,38.288,26.954,45.724,247.589,74.291,183.267,57.03,23.322
2018-01-31 03:00:00,48.141,45.895,39.107,27.533,45.761,247.819,72.132,188.214,57.764,22.45
2018-01-31 04:00:00,50.946,45.737,40.824,28.199,48.381,252.983,76.947,203.885,61.036,24.083
2018-01-31 05:00:00,55.188,48.952,43.187,30.37,52.566,270.199,87.065,221.032,65.629,25.702
2018-01-31 06:00:00,65.177,56.28,56.583,32.461,60.368,313.696,101.948,252.067,74.374,30.425
2018-01-31 07:00:00,68.818,57.567,62.483,35.325,69.004,342.936,105.924,273.822,84.162,36.824
2018-01-31 08:00:00,71.977,55.723,62.697,38.736,74.045,361.991,113.227,286.095,89.83,36.018
2018-01-31 09:00:00,69.176,54.31,64.658,37.953,71.804,363.166,114.39,287.163,90.717,34.046
2018-01-31 10:00:00,67.563,54.178,60.974,36.557,70.445,360.167,107.012,284.765,85.208,33.776
2018-01-31 11:00:00,64.952,53.353,54.854,32.313,67.803,348.168,104.538,280.88,83.179,31.445
2018-01-31 12:00:00,61.515,47.33,58.353,29.822,63.674,327.473,105.753,271.752,84.81,30.087
2018-01-31 13:00:00,61.799,47.052,56.649,27.779,60.986,306.676,101.498,253.065,80.543,28.228
2018-01-31 14:00:00,55.692,46.53,51.358,27.275,56.784,291.142,92.203,239.308,72.243,26.889
2018-01-31 15:00:00,57.672,46.994,48.672,27.323,57.599,296.386,88.823,240.594,73.683,30.035
2018-01-31 16:00:00,57.781,54.625,51.836,29.723,63.231,318.396,98.142,253.542,76.986,32.584
2018-01-31 17:00:00,62.45,59.793,58.72,32.959,70.139,351.99,112.939,281.846,86.946,32.3
2018-01-31 18:00:00,64.329,60.46,64.209,34.013,74.313,361.0,112.892,300.414,97.719,34.885
2018-01-31 19:00:00,63.719,60.405,64.044,33.653,76.769,358.339,109.879,289.747,95.334,35.152
2018-01-31 20:00:00,61.862,55.696,64.028,32.862,71.078,345.59,104.638,284.808,85.828,32.388
2018-01-31 21:00:00,60.943,54.771,56.325,31.326,67.119,318.704,102.362,258.673,84.778,30.824
2018-01-31 22:00:00,53.721,50.345,49.166,30.649,64.479,285.536,88.818,226.099,70.143,25.649
2018-01-31 23:00:00,45.857,39.902,42.215,26.803,54.641,248.615,73.934,197.055,57.485,23.107
2018-02-01 00:00:00,41.839,35.847,38.461,24.991,44.518,222.639,65.739,171.113,50.755,22.015
2018-02-01 01:00:00,40.413,32.748,33.157,23.148,42.507,204.804,61.48,162.022,47.231,20.132
2018-02-01 02:00:00,39.024,33.389,33.372,22.503,40.28,199.777,59.419,158.183,46.442,18.724
2018-02-01 03:00:00,39.97,36.672,35.244,22.29,39.781,206.652,59.912,162.757,46.343,17.596
2018-02-01 04:00:00,41.017,38.01,36.766,22.303,40.353,212.133,65.169,169.094,50.008,18.79
2018-02-01 05:00:00,44.872,40.797,38.397,25.334,45.011,236.129,69.783,188.398,55.992,20.957
2018-02-01 06:00:00,50.698,47.246,49.89,28.749,55.311,272.908,85.589,219.196,68.161,26.401
2018-02-01 07:00:00,56.877,49.905,53.011,29.547,61.141,295.812,93.367,237.93,74.098,28.447
2018-02-01 08:00:00,64.052,54.679,53.748,31.529,61.806,314.224,97.614,257.585,86.238,29.349
2018-02-01 09:00:00,63.266,55.878,57.712,31.003,64.573,331.806,104.189,261.696,91.989,26.709
2018-02-01 10:00:00,65.821,55.59,60.963,30.427,65.153,328.999,102.648,269.429,85.872,28.755
2018-02-01 11:00:00,64.279,50.791,52.143,31.197,64.516,320.023,99.73,264.04,79.931,28.022
2018-02-01 12:00:00,60.062,52.036,50.472,28.48,62.508,318.493,97.394,251.475,76.275,32.225
2018-02-01 13:00:00,57.611,51.216,49.726,25.247,60.287,300.396,95.343,241.039,70.026,29.551
2018-02-01 14:00:00,54.817,48.925,49.923,23.89,56.992,291.414,93.399,230.181,69.406,27.422
2018-02-01 15:00:00,54.161,47.092,48.431,24.118,57.221,282.322,91.036,229.925,70.45,26.904
2018-02-01 16:00:00,52.775,49.013,51.314,26.004,57.714,294.882,96.18,235.381,76.793,30.638
2018-02-01 17:00:00,58.099,55.647,59.202,28.605,66.424,327.611,105.828,264.396,82.776,34.157
2018-02-01 18:00:00,61.87,54.823,59.511,31.321,68.965,341.381,111.054,274.036,88.851,34.565
2018-02-01 19:00:00,62.082,54.703,57.632,31.332,70.483,335.806,113.38,271.348,93.473,37.117
2018-02-01 20:00:00,60.139,55.676,57.725,33.113,65.731,318.534,108.971,266.521,88.276,33.661
2018-02-01 21:00:00,58.081,53.914,53.484,30.124,62.955,289.99,102.999,247.477,79.143,29.557
2018-02-01 22:00:00,49.942,47.901,46.318,26.32,59.831,255.367,88.363,208.167,65.343,26.151
2018-02-01 23:00:00,44.029,41.007,39.051,22.937,49.275,215.596,69.119,171.909,52.742,24.684
2018-02-02 00:00:00,39.939,36.021,33.593,22.816,42.922,191.034,60.472,150.514,45.812,20.861
2018-02-02 01:00:00,38.352,33.299,28.826,20.621,38.272,178.596,56.456,140.344,42.755,17.881
2018-02-02 02:00:00,36.956,32.358,28.041,19.501,37.204,176.045,55.485,137.019,42.165,18.007
2018-02-02 03:00:00,36.854,38.555,27.971,19.433,37.456,180.395,57.167,140.965,42.243,17.253
2018-02-02 04:00:00,38.761,42.819,30.135,20.81,39.172,189.43,63.258,150.134,45.668,18.444
2018-02-02 05:00:00,42.568,42.028,34.12,23.512,45.257,215.881,70.386,176.657,53.257,21.761
2018-02-02 06:00:00,48.632,47.499,46.24,26.809,55.645,268.427,84.505,210.606,65.522,28.72
2018-02-02 07:00:00,59.367,49.274,54.32,29.06,65.18,304.717,93.827,231.165,71.138,31.726
2018-02-02 08:00:00,64.868,52.349,58.089,32.048,72.135,329.389,105.467,245.043,78.608,30.964
2018-02-02 09:00:00,66.881,54.468,56.884,32.223,72.516,350.702,110.286,266.436,85.21,32.365
2018-02-02 10:00:00,68.963,58.421,63.141,32.463,74.522,350.461,113.523,279.913,85.434,33.294
2018-02-02 11:00:00,70.537,58.802,58.324,32.187,76.561,349.377,114.709,286.787,93.002,32.903
2018-02-02 12:00:00,64.617,55.567,57.796,32.085,68.733,347.707,113.708,290.551,91.68,35.122
2018-02-02 13:00:00,65.606,53.646,58.692,31.379,64.72,347.869,110.758,272.268,86.246,35.349
2018-02-02 14:00:00,62.585,53.25,56.717,29.894,65.398,344.42,103.828,267.161,87.292,32.486
2018-02-02 15:00:00,66.032,56.888,53.95,31.409,68.362,342.488,107.571,268.832,91.956,31.979
2018-02-02 16:00:00,71.74,64.509,58.495,36.475,72.9,363.213,117.226,276.129,98.182,36.021
2018-02-02 17:00:00,75.506,75.12,67.182,40.377,86.047,402.518,132.467,324.258,109.6,40.615
2018-02-02 18:00:00,80.546,74.207,70.999,43.101,90.097,416.716,137.327,345.253,119.607,41.708
2018-02-02 19:00:00,83.139,73.837,71.148,44.87,87.291,433.664,144.504,350.473,114.121,42.302
2018-02-02 20:00:00,79.793,72.035,75.53,43.096,82.738,422.239,141.641,353.162,109.095,43.415
2018-02-02 21:00:00,75.729,71.144,70.553,40.56,78.549,402.002,125.102,331.127,104.676,41.621
2018-02-02 22:00:00,73.8,64.918,63.294,38.083,69.139,365.633,109.888,282.305,91.36,34.658
2018-02-02 23:00:00,64.722,59.744,55.92,35.764,62.984,327.302,99.274,253.222,80.638,31.723
2018-02-03 00:00:00,61.29,53.911,50.636,33.994,56.804,300.521,88.579,236.09,70.466,29.115
2018-02-03 01:00:00,60.699,52.085,46.779,31.555,53.608,280.741,84.295,223.37,67.138,26.915
2018-02-03 02:00:00,58.53,51.159,45.261,31.699,52.537,280.757,83.136,216.297,66.235,27.3
2018-02-03 03:00:00,59.654,52.631,46.035,31.967,53.1,286.267,83.019,216.34,67.247,26.059
2018-02-03 04:00:00,61.543,53.681,48.282,31.846,56.609,289.602,86.833,221.061,69.282,27.609
2018-02-03 05:00:00,64.301,55.602,50.295,34.056,61.684,303.164,90.334,227.583,72.093,29.572
2018-02-03 06:00:00,68.133,60.219,57.01,36.386,69.038,332.455,97.427,245.667,77.893,33.876
2018-02-03 07:00:00,72.273,64.746,62.325,38.686,73.374,348.872,107.347,263.289,82.841,37.014
2018-02-03 08:00:00,72.948,66.399,65.895,40.785,76.659,376.279,112.12,284.14,90.498,38.3
2018-02-03 09:00:00,73.925,65.147,66.467,38.277,75.41,365.888,110.381,290.087,94.362,39.903
2018-02-03 10:00:00,74.572,60.788,61.109,35.937,72.604,356.315,104.918,280.271,91.381,38.621
2018-02-03 11:00:00,71.094,57.281,62.084,31.992,65.256,339.951,104.748,268.682,88.676,36.14
2018-02-03 12:00:00,68.304,58.433,61.485,31.14,64.229,329.442,103.665,257.44,84.424,40.946
2018-02-03 13:00:00,66.169,56.837,55.753,29.79,65.061,317.2,95.232,246.713,78.913,34.166
2018-02-03 14:00:00,63.318,55.744,53.084,28.728,62.282,301.835,92.532,247.733,77.044,29.803
2018-02-03 15:00:00,63.183,53.586,56.078,28.033,64.018,302.109,101.059,246.618,73.212,30.305
2018-02-03 16:00:00,66.014,58.244,57.907,31.893,67.374,323.49,102.213,256.564,79.973,33.088
2018-02-03 17:00:00,66.377,61.154,65.447,37.355,71.076,361.67,115.529,291.473,90.142,36.232
2018-02-03 18:00:00,67.514,62.667,70.302,38.147,77.862,376.61,124.741,305.836,99.179,38.045
2018-02-03 19:00:00,70.602,66.884,72.458,43.907,76.657,381.316,119.759,316.087,104.345,38.881
2018-02-03 20:00:00,71.386,68.682,71.789,43.372,73.554,369.755,112.63,307.33,100.569,38.297
2018-02-03 21:00:00,69.923,65.674,62.237,40.925,69.548,346.045,106.231,295.579,94.222,35.608
2018-02-03 22:00:00,61.812,60.763,55.528,37.707,69.69,311.503,94.401,252.789,80.251,31.477
2018-02-03 23:00:00,55.059,56.479,48.53,34.511,54.662,266.014,81.674,209.888,69.235,28.257
2018-02-04 00:00:00,54.064,48.7,40.272,33.053,49.781,238.528,73.732,187.264,60.293,26.196
2018-02-04 01:00:00,51.003,45.654,36.256,29.992,47.077,228.345,68.592,172.942,56.105,24.868
2018-02-04 02:00:00,45.705,42.322,36.128,29.147,45.488,224.713,66.462,168.359,52.935,23.689
2018-02-04 03:00:00,45.673,45.459,35.948,28.313,43.931,224.743,65.464,169.207,52.883,22.884
2018-02-04 04:00:00,45.156,45.383,36.086,27.045,42.96,224.698,67.344,169.808,53.357,21.863
2018-02-04 05:00:00,46.761,46.315,37.228,27.556,45.906,236.075,70.795,178.791,55.051,22.404
2018-02-04 06:00:00,50.31,50.272,45.07,28.921,51.772,255.746,81.51,191.795,59.752,28.267
2018-02-04 07:00:00,54.268,51.305,49.215,29.572,54.997,271.094,88.054,201.031,64.507,28.781
2018-02-04 08:00:00,56.036,53.402,54.062,33.128,59.779,287.26,90.84,225.551,75.944,32.611
2018-02-04 09:00:00,58.431,59.736,58.222,34.615,60.528,292.986,95.999,235.701,81.948,31.021
2018-02-04 10:00:00,59.68,57.15,56.941,35.251,67.778,288.952,97.327,226.489,83.27,32.781
2018-02-04 11:00:00,58.663,58.694,53.334,31.697,60.541,282.853,92.361,229.514,77.612,31.415
2018-02-04 12:00:00,59.87,54.548,55.259,29.972,60.306,271.379,88.597,227.421,81.52,30.806
2018-02-04 13:00:00,54.834,52.341,50.497,28.741,58.357,257.684,81.89,221.03,70.853,25.4
2018-02-04 14:00:00,51.081,50.073,46.56,27.201,65.709,255.235,82.612,209.145,67.768,27.021
2018-02-04 15:00:00,54.875,51.193,48.165,26.753,59.969,262.44,85.102,215.274,66.349,27.365
2018-02-04 16:00:00,52.125,48.49,51.632,27.274,62.647,279.125,86.987,227.864,69.688,27.98
2018-02-04 17:00:00,55.242,56.395,56.743,30.543,67.339,310.567,98.338,252.461,80.652,32.557
2018-02-04 18:00:00,57.94,60.889,57.716,30.379,69.617,319.368,104.018,255.702,83.209,33.237
2018-02-04 19:00:00,59.068,56.225,56.966,32.925,73.872,320.614,102.865,256.728,87.728,32.977
2018-02-04 20:00:00,56.088,54.964,55.575,31.784,72.446,306.875,96.351,256.095,78.208,32.491
2018-02-04 21:00:00,54.113,50.776,49.012,29.47,64.194,285.355,90.552,231.654,74.731,30.897
2018-02-04 22:00:00,47.626,43.443,42.152,27.028,58.436,254.935,75.823,199.291,63.916,27.844
2018-02-04 23:00:00,42.066,37.577,33.932,22.713,49.675,206.705,63.879,165.857,53.752,24.139
2018-02-05 00:00:00,37.773,35.614,31.629,20.944,42.05,185.041,57.824,145.888,45.007,19.569
2018-02-05 01:00:00,36.057,34.588,28.046,19.889,39.117,174.313,54.988,134.74,40.939,17.359
2018-02-05 02:00:00,34.447,31.884,27.58,17.993,35.834,172.802,52.353,133.099,40.028,17.075
2018-02-05 03:00:00,34.212,36.252,28.813,18.12,35.789,174.749,52.39,133.494,39.961,15.938
2018-02-05 04:00:00,36.871,38.319,30.593,19.066,37.513,184.368,58.64,141.106,41.98,17.234
2018-02-05 05:00:00,39.239,38.564,35.255,20.103,43.632,205.573,63.902,165.043,52.233,19.054
2018-02-05 06:00:00,44.359,44.264,46.16,23.394,54.22,243.407,76.307,193.884,61.486,23.802
2018-02-05 07:00:00,49.719,47.503,50.425,25.66,57.678,266.362,85.423,211.778,70.243,27.255
2018-02-05 08:00:00,54.962,48.723,50.778,28.394,57.495,286.024,90.75,230.724,74.578,28.059
2018-02-05 09:00:00,57.674,49.657,53.484,26.898,58.39,299.449,93.646,244.244,75.467,27.291
2018-02-05 10:00:00,56.212,47.455,56.527,28.874,61.913,304.358,95.459,239.77,78.23,28.75
2018-02-05 11:00:00,57.443,48.281,55.547,29.485,61.51,314.924,98.059,248.027,75.52,28.942
2018-02-05 12:00:00,56.63,47.703,52.39,27.137,63.682,308.352,99.985,248.537,77.197,30.592
2018-02-05 13:00:00,57.355,47.192,49.854,26.474,63.999,299.02,97.997,238.624,76.001,29.006
2018-02-05 14:00:00,54.86,45.399,50.828,26.64,59.089,292.814,96.607,237.246,72.198,28.662
2018-02-05 15:00:00,53.407,46.674,48.705,28.19,59.657,299.02,92.805,236.059,73.613,29.15
2018-02-05 16:00:00,57.561,51.514,51.144,31.165,62.903,315.107,94.421,244.694,78.987,32.366
2018-02-05 17:00:00,66.141,59.007,58.633,34.806,67.544,345.827,106.18,282.249,90.012,33.651
2018-02-05 18:00:00,65.423,58.436,62.41,40.662,74.812,361.612,108.082,297.359,98.22,35.744
2018-02-05 19:00:00,67.218,61.877,64.325,40.275,76.358,361.167,111.969,295.008,98.976,36.715
2018-02-05 20:00:00,67.369,69.18,62.349,41.434,71.295,352.982,111.401,282.352,92.815,37.473
2018-02-05 21:00:00,65.745,75.422,60.892,40.808,69.239,325.418,107.034,269.22,84.14,34.668
2018-02-05 22:00:00,58.582,54.115,57.428,36.482,64.549,296.056,94.058,237.242,75.595,28.174
2018-02-05 23:00:00,53.304,47.588,47.675,34.797,57.26,257.253,80.019,202.787,63.598,25.115
2018-02-06 00:00:00,49.467,46.12,45.291,33.922,53.37,235.579,72.537,183.93,55.823,24.319
2018-02-06 01:00:00,48.78,42.34,40.726,31.871,49.244,227.687,67.337,171.593,52.994,22.563
2018-02-06 02:00:00,45.594,41.255,37.81,31.306,46.879,222.561,66.45,172.731,52.568,23.187
2018-02-06 03:00:00,46.613,44.663,38.7,31.081,46.54,227.372,67.688,174.481,52.262,22.379
2018-02-06 04:00:00,47.765,45.568,39.768,30.878,47.636,233.765,69.804,180.78,56.22,23.665
2018-02-06 05:00:00,51.364,48.756,42.799,33.456,52.754,257.786,77.149,198.848,62.687,26.656
2018-02-06 06:00:00,57.831,57.773,56.028,36.634,59.855,297.105,88.203,236.988,74.059,32.293
2018-02-06 07:00:00,62.461,56.2,60.837,37.777,65.588,319.756,98.264,248.215,83.088,34.287
2018-02-06 08:00:00,71.63,59.027,61.065,38.011,73.806,336.435,107.384,264.462,86.341,36.322
2018-02-06 09:00:00,73.476,59.052,61.964,35.962,69.907,348.421,106.059,272.581,89.376,31.174
2018-02-06 10:00:00,71.765,58.778,64.764,36.244,69.544,343.404,109.39,277.98,89.409,31.56
2018-02-06 11:00:00,66.441,54.901,62.896,33.083,66.968,350.005,105.029,271.497,87.436,33.35
2018-02-06 12:00:00,62.476,52.725,56.981,29.564,64.109,333.764,100.48,262.415,81.596,34.254
2018-02-06 13:00:00,59.028,53.761,53.992,27.739,59.611,319.515,95.944,250.12,79.304,32.254
2018-02-06 14:00:00,55.686,51.153,50.431,26.874,54.294,305.376,89.493,243.586,77.605,28.393
2018-02-06 15:00:00,54.024,49.792,49.73,25.924,57.28,307.034,88.622,237.259,75.087,29.092
2018-02-06 16:00:00,55.526,55.207,51.642,27.551,64.825,308.96,95.061,245.929,78.848,28.965
2018-02-06 17:00:00,60.586,57.14,58.613,32.754,75.278,343.431,110.076,275.489,86.567,34.378
2018-02-06 18:00:00,63.43,57.711,63.793,36.978,78.864,347.041,114.817,291.031,91.692,35.717
2018-02-06 19:00:00,69.056,65.858,65.726,36.807,79.096,351.778,113.224,288.024,91.196,38.522
2018-02-06 20:00:00,69.172,63.929,62.056,38.553,76.885,347.646,111.753,275.096,91.221,39.022
2018-02-06 21:00:00,63.563,59.438,56.156,37.821,75.3,313.175,107.347,261.83,84.993,34.445
2018-02-06 22:00:00,58.842,55.028,52.251,34.523,70.264,283.145,93.983,227.264,69.433,31.423
2018-02-06 23:00:00,54.287,48.707,47.239,33.234,59.416,251.112,77.738,193.497,61.142,28.745
2018-02-07 00:00:00,50.624,48.449,42.507,31.693,54.481,231.306,71.257,174.808,54.899,26.396
2018-02-07 01:00:00,50.343,46.729,40.027,31.441,51.427,222.992,68.424,169.561,51.392,24.273
2018-02-07 02:00:00,50.313,46.702,38.828,31.809,49.959,225.172,68.388,168.56,51.932,25.48
2018-02-07 03:00:00,50.307,52.066,41.025,32.639,51.92,229.421,70.786,172.922,55.085,25.222
2018-02-07 04:00:00,52.489,53.052,42.121,34.386,52.741,241.76,74.667,185.004,60.418,27.032
2018-02-07 05:00:00,57.168,57.096,45.993,36.64,58.067,268.094,83.247,212.053,66.749,29.271
2018-02-07 06:00:00,66.303,62.953,57.899,39.504,67.267,308.217,95.076,242.458,75.806,33.377
2018-02-07 07:00:00,72.591,61.429,61.502,39.532,72.871,331.943,101.659,258.49,82.06,37.181
2018-02-07 08:00:00,75.607,61.489,59.743,41.037,76.894,344.274,107.48,270.14,86.133,35.799
2018-02-07 09:00:00,72.64,65.46,60.747,39.838,78.201,354.332,109.483,272.29,88.194,35.927
2018-02-07 10:00:00,73.599,65.262,62.411,39.267,75.242,342.296,108.675,275.02,87.832,36.582
2018-02-07 11:00:00,71.112,62.531,59.61,36.815,71.838,340.714,110.863,270.889,79.792,37.077
2018-02-07 12:00:00,69.856,61.474,59.664,34.041,68.996,332.784,106.955,267.242,80.043,34.062
2018-02-07 13:00:00,68.814,58.079,61.13,32.495,69.431,330.903,106.379,266.11,80.077,32.729
2018-02-07 14:00:00,63.85,54.119,54.989,31.08,64.976,319.217,106.882,253.259,79.382,32.314
2018-02-07 15:00:00,63.027,55.256,52.469,31.804,66.338,313.206,107.546,256.121,85.028,32.692
2018-02-07 16:00:00,63.625,58.444,52.693,32.468,66.703,322.422,106.472,276.873,86.391,34.663
2018-02-07 17:00:00,69.795,65.884,56.21,34.248,70.026,349.545,113.35,287.892,97.682,38.13
2018-02-07 18:00:00,69.5,67.47,60.199,38.421,73.644,362.32,122.079,295.402,103.499,40.221
2018-02-07 19:00:00,72.458,68.284,64.756,37.886,74.071,356.546,119.571,297.779,98.715,38.008
2018-02-07 20:00:00,68.832,61.038,62.557,36.211,77.557,348.328,115.604,284.016,99.921,36.491
2018-02-07 21:00:00,62.86,56.555,53.651,35.921,72.779,322.272,108.343,266.593,87.098,33.362
2018-02-07 22:00:00,57.099,51.179,46.16,31.194,62.589,285.245,92.785,229.188,71.288,26.855
2018-02-07 23:00:00,50.654,46.09,38.806,26.689,54.484,249.573,77.22,194.62,60.161,23.241
2018-02-08 00:00:00,46.948,40.361,36.192,24.385,48.841,225.914,69.341,179.546,52.64,21.734
2018-02-08 01:00:00,45.156,38.133,35.677,22.882,45.637,211.393,66.926,168.862,50.811,19.734
2018-02-08 02:00:00,44.184,36.465,34.225,23.344,43.584,209.344,68.171,168.549,51.238,20.126
2018-02-08 03:00:00,43.224,40.89,34.958,24.03,44.618,221.531,70.7,175.279,52.86,19.622
2018-02-08 04:00:00,47.001,44.651,36.455,24.998,46.45,231.591,76.304,189.894,57.226,21.651
2018-02-08 05:00:00,50.362,47.626,40.036,27.247,50.952,265.07,83.634,215.315,66.563,25.795
2018-02-08 06:00:00,58.746,52.865,53.023,30.457,62.777,315.825,91.749,235.395,78.11,29.857
2018-02-08 07:00:00,62.076,56.015,59.279,32.338,71.137,335.471,99.738,255.4,82.236,34.075
2018-02-08 08:00:00,69.992,58.809,62.562,32.274,71.799,347.992,106.735,272.424,87.942,32.784
2018-02-08 09:00:00,68.773,59.275,60.347,34.46,68.76,355.774,112.302,280.3,91.375,34.321
2018-02-08 10:00:00,65.867,59.017,57.755,36.475,71.382,354.478,109.871,279.604,94.243,33.364
2018-02-08 11:00:00,65.69,54.892,58.386,36.269,68.013,348.853,111.985,274.6,89.828,33.418
2018-02-08 12:00:00,63.344,52.993,58.341,32.992,65.386,332.997,107.647,264.992,82.874,33.713
2018-02-08 13:00:00,61.765,54.675,51.366,29.926,60.055,314.627,98.265,254.808,76.033,30.391
2018-02-08 14:00:00,56.54,52.676,47.307,28.308,59.059,304.859,96.637,243.417,77.028,26.227
2018-02-08 15:00:00,58.151,48.983,49.352,29.727,57.936,301.355,97.837,240.954,76.299,26.475
2018-02-08 16:00:00,61.878,52.378,52.466,31.983,63.363,304.999,100.73,251.53,78.452,30.737
2018-02-08 17:00:00,65.895,59.45,62.005,36.629,71.898,342.981,111.976,284.267,90.82,33.632
2018-02-08 18:00:00,69.706,61.866,67.044,40.983,77.584,363.108,115.013,307.238,101.326,35.003
2018-02-08 19:00:00,74.468,62.896,67.263,43.506,79.728,378.357,118.977,312.246,100.691,35.241
2018-02-08 20:00:00,74.804,64.092,69.84,45.739,76.087,366.14,121.371,312.247,96.374,34.199
2018-02-08 21:00:00,68.538,60.607,64.992,44.175,76.2,335.726,112.015,285.236,91.355,34.21
2018-02-08 22:00:00,64.16,60.659,57.996,41.937,72.128,310.737,101.291,247.897,78.089,29.906
2018-02-08 23:00:00,59.072,55.427,49.011,38.773,61.167,273.657,86.033,211.477,65.79,26.69
2018-02-09 00:00:00,59.097,51.863,46.725,38.237,58.921,250.72,77.838,195.357,59.621,25.736
2018-02-09 01:00:00,57.347,51.558,45.986,37.49,54.451,244.727,77.194,188.552,57.379,24.91
2018-02-09 02:00:00,56.757,53.425,45.43,36.115,53.789,248.633,76.729,188.978,58.744,26.421
2018-02-09 03:00:00,56.011,60.382,46.033,36.596,53.97,254.787,81.62,190.763,59.208,25.929
2018-02-09 04:00:00,57.326,62.426,46.421,38.292,56.278,268.839,86.335,195.114,62.591,28.732
2018-02-09 05:00:00,59.837,65.535,51.078,43.02,64.783,296.522,96.61,222.484,71.753,33.766
2018-02-09 06:00:00,68.309,69.963,61.946,46.424,76.959,333.089,111.505,256.985,79.742,38.889
2018-02-09 07:00:00,74.725,71.617,67.855,46.698,85.585,356.181,114.669,272.705,84.512,42.705
2018-02-09 08:00:00,78.118,65.432,64.918,45.908,84.591,368.123,119.89,284.523,89.854,40.014
2018-02-09 09:00:00,74.424,59.246,61.942,40.363,84.037,365.585,122.342,285.636,89.45,37.265
2018-02-09 10:00:00,77.363,56.912,59.818,39.567,76.61,351.759,111.926,281.779,87.031,37.023
2018-02-09 11:00:00,71.921,57.735,62.918,35.233,70.704,342.235,105.723,275.241,87.645,36.076
2018-02-09 12:00:00,64.401,58.527,58.759,31.901,68.362,333.304,104.207,270.309,79.729,31.0
2018-02-09 13:00:00,60.494,51.182,54.855,29.005,66.196,318.751,97.026,261.46,76.726,29.932
2018-02-09 14:00:00,61.229,49.881,53.947,28.32,63.657,305.76,93.766,249.861,76.69,31.857
2018-02-09 15:00:00,62.245,49.254,56.193,27.73,63.72,315.069,95.688,243.312,76.427,31.323
2018-02-09 16:00:00,60.158,52.197,59.996,28.036,67.938,324.294,95.589,259.771,79.102,32.47
2018-02-09 17:00:00,62.268,59.766,62.456,31.165,77.355,349.511,109.384,287.671,94.318,33.284
2018-02-09 18:00:00,64.547,65.287,65.224,35.696,76.455,363.473,117.414,298.239,97.515,35.729
2018-02-09 19:00:00,70.298,66.472,65.51,38.582,78.216,365.222,117.187,299.84,96.275,35.695
2018-02-09 20:00:00,65.621,65.59,63.1,39.342,73.863,359.559,113.444,291.163,95.739,35.273
2018-02-09 21:00:00,62.294,57.681,56.418,37.092,69.704,330.75,105.784,267.026,86.216,32.038
2018-02-09 22:00:00,56.476,51.355,49.744,34.181,61.308,293.01,92.857,229.712,74.053,27.9
2018-02-09 23:00:00,51.23,45.92,42.718,28.615,51.744,249.672,76.369,192.002,60.848,23.219
2018-02-10 00:00:00,47.257,44.134,37.271,27.324,46.426,227.465,67.693,171.937,53.911,21.123
2018-02-10 01:00:00,44.562,39.385,33.186,25.515,43.07,209.869,64.497,159.821,48.772,19.42
2018-02-10 02:00:00,43.288,37.121,31.52,24.81,41.706,204.293,63.197,157.176,47.464,19.321
2018-02-10 03:00:00,42.244,41.984,31.1,24.687,40.883,204.382,62.786,157.922,49.011,18.513
2018-02-10 04:00:00,42.967,42.181,31.406,24.592,41.611,209.434,64.014,163.355,50.615,19.297
2018-02-10 05:00:00,45.67,42.336,33.487,25.852,44.458,218.885,66.28,172.16,51.681,21.126
2018-02-10 06:00:00,48.661,46.081,39.585,27.605,49.91,237.681,71.109,182.171,57.31,24.235
2018-02-10 07:00:00,53.838,48.568,42.153,28.343,52.865,247.832,78.8,194.044,62.288,29.773
2018-02-10 08:00:00,58.281,54.622,49.49,29.049,56.953,279.69,87.962,220.557,68.342,32.249
2018-02-10 09:00:00,61.111,60.841,51.396,29.45,60.935,297.147,92.26,232.821,73.988,29.026
2018-02-10 10:00:00,60.48,57.508,51.38,29.625,59.133,285.536,91.349,235.596,72.812,29.463
2018-02-10 11:00:00,59.61,55.11,53.717,30.979,58.721,273.444,90.294,228.219,75.015,27.021
2018-02-10 12:00:00,60.748,55.09,49.999,27.6,59.238,279.34,89.234,228.236,80.68,25.343
2018-02-10 13:00:00,59.509,48.601,49.907,26.07,55.371,281.785,84.705,215.409,72.296,22.793
2018-02-10 14:00:00,58.781,47.836,50.298,24.485,54.589,270.679,82.049,209.671,66.9,25.09
2018-02-10 15:00:00,53.315,52.4,54.56,23.97,54.754,261.989,85.774,211.295,66.734,23.99
2018-02-10 16:00:00,55.541,50.986,50.768,24.839,57.175,273.998,88.018,219.742,73.475,25.871
2018-02-10 17:00:00,56.664,51.95,56.568,26.868,61.37,304.303,97.532,242.311,80.437,28.29
2018-02-10 18:00:00,58.601,55.876,58.198,29.179,69.38,328.256,102.589,266.44,85.277,31.053
2018-02-10 19:00:00,56.927,57.91,60.095,33.255,71.101,322.542,104.407,268.373,85.822,30.649
2018-02-10 20:00:00,52.875,55.08,58.732,30.725,68.729,312.019,98.088,266.156,85.186,31.362
2018-02-10 21:00:00,50.873,51.951,49.874,28.35,63.552,284.555,94.929,246.705,76.171,28.654
2018-02-10 22:00:00,46.17,46.039,42.149,26.615,57.176,253.339,78.941,203.581,69.11,24.151
2018-02-10 23:00:00,40.188,37.166,34.742,21.973,47.22,212.519,64.573,168.715,53.766,20.512
2018-02-11 00:00:00,37.66,33.733,30.577,20.805,40.559,184.54,57.273,146.846,43.514,17.74
2018-02-11 01:00:00,35.487,31.377,27.094,18.044,37.663,175.116,54.912,133.058,41.061,16.366
2018-02-11 02:00:00,35.053,29.836,27.485,17.567,36.084,171.064,51.576,133.018,39.714,16.608
2018-02-11 03:00:00,33.703,32.472,27.008,17.993,34.431,170.707,52.407,134.988,39.055,15.46
2018-02-11 04:00:00,35.309,33.351,27.948,17.98,35.597,174.82,56.921,136.979,39.66,16.274
2018-02-11 05:00:00,37.138,35.097,32.093,19.334,39.633,185.446,57.5,146.909,42.688,18.16
2018-02-11 06:00:00,41.485,40.344,38.657,20.271,45.713,203.803,63.521,166.172,48.163,19.635
2018-02-11 07:00:00,44.129,46.666,41.188,21.144,46.731,220.804,71.367,184.955,54.025,22.152
2018-02-11 08:00:00,48.933,46.309,48.37,24.047,50.625,249.991,79.199,205.754,63.774,25.802
2018-02-11 09:00:00,46.464,49.973,50.057,25.339,54.099,268.067,84.982,217.901,69.021,27.517
2018-02-11 10:00:00,50.41,50.93,52.807,28.812,56.899,273.096,92.978,218.921,77.118,26.917
2018-02-11 11:00:00,51.633,50.095,50.996,30.311,59.113,268.951,88.378,226.898,72.631,25.77
2018-02-11 12:00:00,53.989,52.572,49.295,29.805,55.613,270.339,85.915,236.053,71.444,26.171
2018-02-11 13:00:00,54.979,50.233,48.081,30.189,56.966,264.872,81.401,233.064,73.622,26.2
2018-02-11 14:00:00,56.696,51.514,45.263,28.913,56.17,267.92,81.996,229.304,70.686,26.836
2018-02-11 15:00:00,56.703,50.295,48.514,29.559,54.273,261.577,85.13,227.308,69.844,29.148
2018-02-11 16:00:00,55.981,54.684,51.397,27.121,57.131,277.245,92.487,232.215,73.858,28.697
2018-02-11 17:00:00,58.643,55.922,58.325,30.717,67.836,313.387,101.172,263.293,80.811,31.452
2018-02-11 18:00:00,58.84,55.417,60.997,30.581,68.436,334.9,112.556,275.947,84.961,33.441
2018-02-11 19:00:00,57.929,55.931,59.777,30.671,70.178,324.371,111.514,277.632,92.403,31.163
2018-02-11 20:00:00,54.803,58.672,57.219,30.108,68.977,316.523,107.681,263.389,85.528,29.111
2018-02-11 21:00:00,50.928,52.008,48.98,27.352,66.831,284.272,92.582,236.884,79.138,28.021
2018-02-11 22:00:00,45.387,43.956,42.041,24.55,56.835,254.745,81.506,206.516,68.74,24.092
2018-02-11 23:00:00,45.919,38.906,36.601,20.544,45.003,225.138,68.927,178.104,57.578,19.656
2018-02-12 00:00:00,40.214,33.971,32.46,19.395,38.778,199.522,62.356,159.247,48.005,17.493
2018-02-12 01:00:00,36.757,30.285,29.106,18.624,36.61,184.019,57.462,150.076,42.742,16.154
2018-02-12 02:00:00,34.805,30.171,29.198,16.788,35.268,181.963,55.331,145.233,41.215,16.356
2018-02-12 03:00:00,34.515,33.272,26.577,16.657,34.86,186.768,54.291,146.469,42.262,15.569
2018-02-12 04:00:00,35.14,35.257,28.079,19.041,36.431,192.259,58.205,151.907,43.915,15.722
2018-02-12 05:00:00,37.301,37.867,31.518,21.106,40.363,215.276,66.183,172.072,50.705,19.617
2018-02-12 06:00:00,43.204,42.105,43.389,24.143,53.856,248.706,75.227,201.344,60.357,27.849
2018-02-12 07:00:00,47.206,46.433,50.205,26.67,59.685,268.055,82.913,222.947,67.419,23.671
2018-02-12 08:00:00,58.054,48.686,51.436,28.48,62.613,285.461,93.342,237.6,75.589,24.573
2018-02-12 09:00:00,58.264,51.338,52.969,29.588,59.702,314.302,94.324,250.685,80.514,25.298
2018-02-12 10:00:00,61.271,53.627,52.681,28.301,61.214,316.792,95.003,255.767,82.33,27.982
2018-02-12 11:00:00,60.026,51.302,51.768,26.623,62.755,316.594,95.576,261.954,87.163,25.691
2018-02-12 12:00:00,57.704,48.618,48.751,25.691,60.698,304.133,98.141,251.739,82.679,26.241
2018-02-12 13:00:00,56.385,45.043,44.948,24.404,58.158,291.106,90.618,240.643,75.214,26.387
2018-02-12 14:00:00,56.205,46.113,44.232,24.331,56.679,278.588,87.248,229.311,69.664,24.174
2018-02-12 15:00:00,54.444,44.743,48.077,26.501,54.949,276.616,86.269,225.123,68.96,25.32
2018-02-12 16:00:00,49.925,46.394,46.472,25.239,56.439,293.669,89.894,234.111,70.907,28.735
2018-02-12 17:00:00,52.702,54.134,53.37,27.661,66.315,314.789,100.67,259.044,83.184,31.294
2018-02-12 18:00:00,56.632,58.582,53.905,30.405,68.843,337.021,106.538,282.492,92.75,30.444
2018-02-12 19:00:00,59.667,59.75,57.431,33.024,69.584,344.408,108.426,284.899,93.886,32.781
2018-02-12 20:00:00,59.699,58.815,57.02,34.35,69.588,325.269,108.563,273.79,88.937,33.267
2018-02-12 21:00:00,56.277,51.63,54.746,31.962,65.77,303.833,107.047,259.149,79.467,28.639
2018-02-12 22:00:00,54.423,48.695,51.554,29.361,58.935,276.991,88.617,224.924,69.931,25.981
2018-02-12 23:00:00,48.748,45.818,43.494,26.197,50.182,231.828,75.401,196.127,60.663,22.009
2018-02-13 00:00:00,44.78,40.565,38.276,25.064,44.474,219.393,69.061,182.049,54.79,20.444
2018-02-13 01:00:00,43.59,36.72,33.12,24.001,43.706,210.681,66.788,181.18,50.365,19.526
2018-02-13 02:00:00,41.872,36.713,32.663,24.178,43.691,207.04,62.252,176.619,49.527,19.418
2018-02-13 03:00:00,42.041,41.575,34.17,24.538,42.935,211.742,64.267,171.204,51.272,18.47
2018-02-13 04:00:00,44.613,46.243,36.095,26.537,45.694,218.491,69.12,178.511,56.115,20.672
2018-02-13 05:00:00,49.028,46.429,39.113,29.663,53.284,247.961,75.44,200.699,62.24,24.298
2018-02-13 06:00:00,56.927,53.482,53.36,33.878,64.667,295.683,88.404,234.075,73.844,28.934
2018-02-13 07:00:00,62.673,56.487,62.729,38.362,70.448,317.569,98.574,255.413,77.755,32.31
2018-02-13 08:00:00,68.472,60.271,56.31,37.875,72.359,333.462,101.667,268.802,85.887,33.442
2018-02-13 09:00:00,66.694,55.554,55.064,35.08,75.187,343.717,101.535,275.93,89.937,32.2
2018-02-13 10:00:00,66.741,54.319,56.728,34.479,64.342,347.897,102.857,266.91,82.351,34.309
2018-02-13 11:00:00,65.412,52.397,56.178,31.231,62.965,328.809,103.598,260.283,79.416,29.308
2018-02-13 12:00:00,62.796,50.772,50.687,30.514,60.511,312.609,103.332,249.445,77.523,29.747
2018-02-13 13:00:00,59.658,47.368,49.949,26.791,57.481,298.235,96.019,236.303,72.77,28.411
2018-02-13 14:00:00,56.06,46.181,46.583,23.604,55.373,284.142,95.665,227.117,70.138,26.181
2018-02-13 15:00:00,55.297,45.052,47.6,25.96,53.026,283.559,93.277,233.628,74.116,26.548
2018-02-13 16:00:00,56.9,45.08,48.321,28.023,60.545,300.419,94.21,247.578,75.942,27.631
2018-02-13 17:00:00,62.378,53.388,54.128,30.789,66.125,329.426,106.644,272.011,82.026,29.559
2018-02-13 18:00:00,61.83,57.89,59.487,32.143,74.677,343.355,111.525,288.996,89.674,32.159
2018-02-13 19:00:00,64.897,58.628,58.736,34.407,77.708,353.777,113.538,294.282,99.638,32.862
2018-02-13 20:00:00,68.491,55.297,57.636,36.729,79.157,345.945,109.555,284.03,91.207,35.86
2018-02-13 21:00:00,60.99,51.254,53.169,36.26,72.144,315.151,103.794,266.06,80.902,32.985
2018-02-13 22:00:00,54.963,48.211,45.712,34.818,62.794,281.821,86.342,228.564,72.366,27.381
2018-02-13 23:00:00,51.879,47.177,39.404,32.328,50.848,249.16,76.439,192.882,59.11,23.277
2018-02-14 00:00:00,47.948,40.932,39.516,30.383,45.632,220.39,69.758,174.767,52.307,22.541
2018-02-14 01:00:00,45.993,38.131,33.48,28.639,42.399,205.602,63.672,163.507,48.565,20.807
2018-02-14 02:00:00,44.416,39.085,33.212,28.719,40.877,200.787,62.237,163.5,48.393,21.959
2018-02-14 03:00:00,44.662,43.089,33.82,30.209,40.737,207.108,61.455,165.889,49.234,21.13
2018-02-14 04:00:00,45.646,41.122,35.231,30.567,41.332,215.545,65.387,172.108,51.894,23.271
2018-02-14 05:00:00,50.005,42.721,36.358,33.512,48.822,233.336,73.957,192.867,61.314,25.729
2018-02-14 06:00:00,54.285,48.969,48.797,37.6,57.745,270.703,87.079,219.287,71.326,30.828
2018-02-14 07:00:00,58.606,51.253,55.987,36.706,66.576,296.109,95.113,237.012,83.413,33.088
2018-02-14 08:00:00,67.221,52.545,52.995,36.921,70.648,319.599,102.888,251.479,81.644,32.273
2018-02-14 09:00:00,68.939,53.587,53.25,35.935,67.736,326.32,106.55,264.601,85.243,31.055
2018-02-14 10:00:00,68.502,52.791,57.427,31.305,69.342,321.762,104.115,255.276,83.371,29.814
2018-02-14 11:00:00,62.963,49.133,56.701,31.651,59.306,304.589,96.475,259.273,79.953,26.986
2018-02-14 12:00:00,57.148,45.846,54.749,30.023,56.742,294.084,91.222,247.583,74.911,28.328
2018-02-14 13:00:00,55.528,44.463,46.876,23.205,52.281,277.755,88.448,220.804,69.962,25.823
2018-02-14 14:00:00,51.806,43.667,42.883,21.343,51.845,272.304,82.212,216.186,65.256,22.496
2018-02-14 15:00:00,49.361,40.862,45.068,20.555,54.27,264.558,81.423,211.308,63.623,22.579
2018-02-14 16:00:00,48.935,45.53,45.719,20.915,62.697,268.853,88.541,228.52,67.624,25.121
2018-02-14 17:00:00,53.932,54.94,48.529,24.951,65.605,299.512,93.746,254.911,77.744,30.472
2018-02-14 18:00:00,54.843,55.784,56.343,28.931,66.243,322.736,101.022,263.315,81.538,30.468
2018-02-14 19:00:00,59.359,54.95,57.585,32.141,68.238,322.78,107.148,257.08,83.761,31.897
2018-02-14 20:00:00,55.381,53.932,59.833,31.759,70.367,311.999,103.122,251.568,86.028,31.18
2018-02-14 21:00:00,54.04,48.724,54.959,31.277,64.667,289.224,96.381,240.202,73.31,28.875
2018-02-14 22:00:00,53.224,41.932,47.292,28.182,54.837,260.275,82.859,209.397,62.914,25.738
2018-02-14 23:00:00,46.178,36.387,37.665,25.199,45.572,222.508,71.61,177.721,54.415,22.777
2018-02-15 00:00:00,42.149,34.771,36.762,24.546,41.959,200.797,66.859,157.943,46.467,19.509
2018-02-15 01:00:00,40.021,30.929,32.736,23.797,40.154,194.484,61.938,144.338,44.497,19.353
2018-02-15 02:00:00,38.865,30.903,29.786,23.079,39.041,192.228,61.145,142.916,43.348,19.378
2018-02-15 03:00:00,38.984,35.668,31.43,23.345,40.272,195.093,60.252,144.87,43.022,18.494
2018-02-15 04:00:00,41.543,38.73,32.379,24.067,42.862,203.993,62.868,150.098,45.719,19.226
2018-02-15 05:00:00,46.34,43.1,37.727,26.864,48.197,228.886,70.566,172.011,53.073,22.125
2018-02-15 06:00:00,52.285,50.426,47.609,28.213,57.686,270.459,87.408,204.232,64.871,29.431
2018-02-15 07:00:00,56.758,54.956,51.733,29.451,64.598,286.502,93.241,219.906,70.252,33.228
2018-02-15 08:00:00,57.527,52.902,55.923,30.896,73.526,312.902,94.492,232.954,73.609,30.86
2018-02-15 09:00:00,56.328,49.649,54.585,30.662,70.517,321.51,95.262,231.399,73.157,27.8
2018-02-15 10:00:00,56.315,46.885,51.812,29.56,64.685,306.46,92.559,235.371,69.803,30.528
2018-02-15 11:00:00,56.959,47.329,51.626,26.926,63.837,284.577,94.433,230.87,72.725,25.879
2018-02-15 12:00:00,56.153,43.809,56.057,25.456,58.627,274.301,90.067,214.454,69.288,25.16
2018-02-15 13:00:00,51.986,40.467,45.915,22.795,53.633,259.811,85.672,206.576,63.729,25.024
2018-02-15 14:00:00,49.272,41.392,43.483,22.144,55.094,254.591,82.488,210.275,60.374,21.857
2018-02-15 15:00:00,52.382,40.038,40.987,20.853,56.692,261.977,83.635,210.133,60.967,24.876
2018-02-15 16:00:00,54.709,42.707,43.999,21.723,56.224,274.51,88.376,215.96,67.694,25.736
2018-02-15 17:00:00,56.791,46.696,49.132,25.371,63.895,296.125,99.524,249.944,73.166,27.354
2018-02-15 18:00:00,53.215,47.692,51.636,28.082,70.828,310.361,108.22,259.268,78.798,29.787
2018-02-15 19:00:00,55.826,47.588,53.29,27.603,71.061,317.446,103.05,264.239,81.019,30.858
2018-02-15 20:00:00,55.99,47.427,53.357,28.684,66.481,309.43,97.47,249.735,77.551,31.454
2018-02-15 21:00:00,49.096,42.749,48.75,30.635,61.083,283.872,92.862,225.122,67.029,30.011
2018-02-15 22:00:00,45.269,39.496,40.713,27.589,54.016,241.703,80.231,188.889,59.682,23.982
2018-02-15 23:00:00,35.793,32.152,35.08,22.664,44.653,200.052,65.066,159.549,47.94,21.398
2018-02-16 00:00:00,31.112,29.836,30.928,21.86,39.369,169.563,56.765,135.752,40.146,19.51
2018-02-16 01:00:00,32.697,25.267,28.206,21.997,37.072,157.945,52.596,124.939,37.151,17.701
2018-02-16 02:00:00,32.836,24.304,27.682,18.744,36.03,157.925,51.89,120.392,36.147,17.266
2018-02-16 03:00:00,31.621,26.385,26.389,18.93,34.915,162.708,52.171,124.49,36.996,15.577
2018-02-16 04:00:00,36.017,29.363,28.492,18.36,37.215,175.693,56.691,131.993,40.244,16.231
2018-02-16 05:00:00,35.695,33.549,31.569,19.729,42.408,199.62,63.581,153.625,47.575,18.527
2018-02-16 06:00:00,42.26,41.753,42.172,22.742,50.828,233.043,74.529,183.635,58.105,22.899
2018-02-16 07:00:00,46.252,43.145,46.599,26.706,57.289,256.389,82.606,204.074,65.722,25.042
2018-02-16 08:00:00,50.838,47.464,56.784,27.14,60.18,281.309,90.702,225.823,68.364,25.688
2018-02-16 09:00:00,50.954,47.671,50.792,26.621,61.591,298.532,91.318,234.004,72.957,28.29
2018-02-16 10:00:00,51.833,47.734,49.204,25.754,59.083,299.407,90.646,232.484,75.014,27.066
2018-02-16 11:00:00,52.56,43.569,47.831,27.896,61.51,290.326,93.505,234.361,75.771,27.347
2018-02-16 12:00:00,51.289,44.134,49.66,27.348,60.477,275.737,94.926,228.321,69.339,25.573
2018-02-16 13:00:00,50.908,43.297,46.031,24.337,56.734,266.961,89.289,219.941,64.922,24.626
2018-02-16 14:00:00,47.389,42.232,40.835,22.235,55.303,259.067,87.865,216.072,63.303,26.559
2018-02-16 15:00:00,48.84,45.679,43.487,22.762,60.208,258.452,90.874,218.775,63.426,26.306
2018-02-16 16:00:00,52.051,45.713,49.151,26.133,62.603,272.262,88.265,224.733,69.472,26.852
2018-02-16 17:00:00,52.53,54.172,53.034,28.143,64.26,303.557,97.181,247.695,83.934,29.045
2018-02-16 18:00:00,57.281,54.951,54.64,31.975,74.334,328.382,103.706,271.479,87.32,31.761
2018-02-16 19:00:00,61.851,57.947,57.185,33.167,75.79,335.901,106.332,273.317,87.291,31.992
2018-02-16 20:00:00,63.346,53.537,57.461,32.368,69.881,328.465,106.401,271.23,85.644,30.227
2018-02-16 21:00:00,57.753,48.965,51.295,31.091,64.006,314.755,105.852,252.394,80.429,27.795
2018-02-16 22:00:00,52.305,46.409,47.805,27.57,57.144,278.963,88.282,216.837,73.987,24.189
2018-02-16 23:00:00,46.539,42.382,38.708,25.372,48.948,241.951,74.506,182.936,58.169,20.957
2018-02-17 00:00:00,40.721,34.938,34.378,24.649,45.312,220.116,69.233,165.166,50.5,19.448
2018-02-17 01:00:00,39.53,33.319,31.069,22.666,42.065,206.899,70.922,157.785,47.191,18.584
2018-02-17 02:00:00,40.069,34.311,30.449,22.325,41.107,206.114,65.636,155.721,46.548,18.345
2018-02-17 03:00:00,40.153,37.105,31.949,23.119,41.99,206.642,62.249,158.156,47.544,17.745
2018-02-17 04:00:00,42.363,39.043,32.655,23.825,42.888,215.183,65.901,170.594,49.498,18.941
2018-02-17 05:00:00,45.075,42.556,35.172,25.972,47.707,227.009,69.112,178.564,53.032,21.409
2018-02-17 06:00:00,51.031,47.826,45.058,30.545,58.093,247.649,75.607,189.239,57.311,26.171
2018-02-17 07:00:00,55.096,49.551,50.984,31.558,61.423,262.025,81.028,205.98,63.677,29.662
2018-02-17 08:00:00,57.193,49.295,51.689,32.096,63.56,284.238,87.058,225.815,72.504,33.249
2018-02-17 09:00:00,57.617,49.912,53.709,32.802,62.731,295.079,95.518,229.731,83.454,30.218
2018-02-17 10:00:00,56.241,50.019,56.631,29.752,60.158,288.29,94.128,227.718,75.79,29.46
2018-02-17 11:00:00,56.024,47.874,52.077,27.648,64.787,281.239,92.044,226.698,71.896,27.243
2018-02-17 12:00:00,55.184,49.432,48.503,24.096,65.57,276.753,90.554,232.345,72.291,27.344
2018-02-17 13:00:00,53.599,51.526,45.612,23.746,60.468,271.628,85.806,234.892,68.654,25.883
2018-02-17 14:00:00,49.885,47.394,47.649,21.808,57.304,271.447,84.53,223.455,67.39,24.033
2018-02-17 15:00:00,51.692,50.01,44.795,21.25,56.872,271.688,88.308,230.984,72.551,26.408
2018-02-17 16:00:00,53.98,50.337,53.646,24.455,61.885,285.882,94.157,250.049,77.305,29.637
2018-02-17 17:00:00,57.082,55.326,59.201,28.004,68.292,327.018,101.512,270.043,86.883,29.26
2018-02-17 18:00:00,59.985,55.968,59.984,31.601,71.107,352.404,112.757,291.029,89.721,31.698
2018-02-17 19:00:00,59.869,57.06,60.917,32.635,71.628,360.03,113.267,295.783,90.494,30.871
2018-02-17 20:00:00,59.901,58.207,58.359,30.941,67.467,352.95,108.24,284.182,86.783,33.408
2018-02-17 21:00:00,55.246,52.562,53.363,30.224,63.616,329.943,98.545,257.654,82.46,29.145
2018-02-17 22:00:00,49.967,50.345,46.634,29.965,58.059,282.123,86.851,220.124,72.432,26.31
2018-02-17 23:00:00,44.849,39.692,40.782,23.578,47.887,234.656,70.482,186.38,60.707,21.77
2018-02-18 00:00:00,40.897,34.851,36.091,21.336,41.589,210.778,63.347,160.356,49.926,20.739
2018-02-18 01:00:00,40.748,32.522,31.638,19.912,39.569,199.299,59.306,145.72,45.118,19.299
2018-02-18 02:00:00,37.64,33.517,30.401,19.991,37.776,193.982,56.297,143.744,44.36,18.373
2018-02-18 03:00:00,37.011,42.362,30.536,19.662,38.478,195.962,56.63,146.349,43.566,16.956
2018-02-18 04:00:00,39.252,44.471,31.016,20.522,39.055,200.431,59.306,150.531,44.445,17.425
2018-02-18 05:00:00,40.765,48.342,32.681,21.722,44.165,213.223,63.087,161.189,47.59,20.126
2018-02-18 06:00:00,45.576,49.546,42.312,25.298,49.15,233.914,70.435,176.577,55.923,22.269
2018-02-18 07:00:00,47.953,48.076,45.015,25.097,52.834,249.911,74.833,196.727,62.751,24.116
2018-02-18 08:00:00,50.594,50.612,49.508,25.936,56.809,278.66,84.98,221.535,73.227,25.781
2018-02-18 09:00:00,50.008,50.586,52.375,27.148,58.139,283.522,89.237,221.912,73.284,28.378
2018-02-18 10:00:00,55.574,53.803,51.293,27.656,56.499,273.246,90.658,222.651,70.032,27.845
2018-02-18 11:00:00,55.706,54.783,50.796,32.065,59.339,284.087,93.864,230.343,72.975,29.83
2018-02-18 12:00:00,53.871,50.776,48.188,36.75,60.107,279.017,90.272,221.931,77.722,28.116
2018-02-18 13:00:00,52.002,45.976,46.577,25.867,57.436,268.69,87.228,215.027,71.832,25.393
2018-02-18 14:00:00,48.226,42.845,45.93,23.969,52.862,254.212,84.189,211.44,65.776,23.8
2018-02-18 15:00:00,47.728,45.637,48.446,26.475,52.175,251.326,80.163,206.745,66.721,26.4
2018-02-18 16:00:00,46.82,49.06,47.283,24.649,56.645,263.306,82.663,207.276,74.416,25.558
2018-02-18 17:00:00,54.605,52.027,54.037,27.243,62.275,297.566,94.556,239.03,79.202,27.567
2018-02-18 18:00:00,56.279,53.47,60.167,32.914,71.909,311.369,99.62,257.064,83.124,31.048
2018-02-18 19:00:00,58.284,53.266,58.767,33.236,73.659,316.549,104.927,263.082,83.833,32.273
2018-02-18 20:00:00,58.479,54.171,61.282,35.896,69.415,322.264,99.578,254.147,79.65,34.214
2018-02-18 21:00:00,56.341,49.144,55.681,31.096,68.491,302.035,98.32,235.458,78.775,30.207
2018-02-18 22:00:00,52.632,45.662,47.925,29.881,60.741,268.717,89.697,215.121,72.783,25.185
2018-02-18 23:00:00,50.758,40.813,44.023,27.804,53.996,233.996,78.706,189.644,61.539,23.438
2018-02-19 00:00:00,48.391,38.299,38.521,27.266,48.056,213.066,65.642,172.179,54.33,22.785
2018-02-19 01:00:00,46.864,37.129,35.98,26.665,44.994,207.097,63.61,164.71,50.058,21.036
2018-02-19 02:00:00,46.46,37.517,37.378,27.029,43.387,209.993,64.869,163.656,49.111,20.607
2018-02-19 03:00:00,49.603,43.573,39.611,28.178,45.322,218.851,67.043,170.57,51.62,19.546
2018-02-19 04:00:00,52.39,45.978,42.357,28.942,48.302,232.332,71.785,178.372,55.459,21.169
2018-02-19 05:00:00,54.969,50.224,44.757,33.118,53.347,257.518,83.73,199.127,62.868,24.883
2018-02-19 06:00:00,62.13,57.255,55.132,37.167,65.05,296.353,96.354,225.795,75.243,29.66
2018-02-19 07:00:00,66.12,59.845,59.612,36.887,68.971,316.304,103.046,240.845,81.146,32.332
2018-02-19 08:00:00,68.946,58.482,60.777,36.499,70.051,330.53,103.71,254.75,82.674,32.7
2018-02-19 09:00:00,64.62,50.687,54.666,33.067,68.842,322.951,101.372,253.598,82.903,29.74
2018-02-19 10:00:00,58.478,47.783,52.954,30.729,64.086,314.883,107.898,247.896,81.851,31.202
2018-02-19 11:00:00,56.742,46.92,55.488,26.604,65.305,303.86,98.649,243.263,74.496,30.763
2018-02-19 12:00:00,53.183,42.523,57.905,23.579,63.56,288.212,93.07,233.987,71.748,27.565
2018-02-19 13:00:00,49.751,40.922,51.149,22.49,57.609,269.302,90.268,222.125,66.719,24.685
2018-02-19 14:00:00,47.723,38.533,45.492,23.77,52.949,263.265,85.195,213.514,61.994,24.047
2018-02-19 15:00:00,48.782,37.862,48.672,22.219,56.243,260.353,87.19,214.089,63.569,23.241
2018-02-19 16:00:00,47.854,39.563,49.658,21.677,62.921,282.948,90.9,224.505,69.714,26.815
2018-02-19 17:00:00,54.738,46.175,53.618,26.325,64.953,301.762,100.308,248.637,75.687,29.62
2018-02-19 18:00:00,54.995,50.857,55.845,28.879,69.285,327.211,102.165,259.639,84.941,31.171
2018-02-19 19:00:00,55.581,49.3,54.585,28.422,71.63,322.446,99.913,260.663,87.137,30.554
2018-02-19 20:00:00,53.618,51.924,55.83,27.215,64.964,301.403,98.209,246.317,75.977,29.377
2018-02-19 21:00:00,51.808,49.542,50.213,25.162,59.961,280.474,88.205,232.124,69.853,28.877
2018-02-19 22:00:00,44.358,40.531,41.676,21.506,51.075,241.444,74.892,198.241,60.94,24.433
2018-02-19 23:00:00,39.074,33.293,33.22,19.589,43.999,199.911,63.07,158.537,47.76,18.001
2018-02-20 00:00:00,34.363,29.228,27.754,18.769,38.324,170.716,55.397,136.138,41.508,16.9
2018-02-20 01:00:00,32.415,26.909,24.994,17.214,34.985,157.167,49.897,126.051,38.022,16.379
2018-02-20 02:00:00,32.595,25.771,25.169,15.932,33.002,152.214,48.072,124.17,37.615,16.024
2018-02-20 03:00:00,32.472,28.217,25.848,16.276,33.29,153.356,48.523,125.468,36.43,14.914
2018-02-20 04:00:00,34.439,30.873,27.673,18.41,34.436,159.368,52.895,130.376,40.876,15.727
2018-02-20 05:00:00,37.29,33.595,33.208,19.284,39.445,180.525,60.031,147.072,49.989,18.872
2018-02-20 06:00:00,44.943,40.738,42.705,22.104,50.237,211.911,71.313,173.166,58.597,23.734
2018-02-20 07:00:00,50.727,44.195,48.898,26.507,56.888,240.85,82.086,196.321,64.574,27.537
2018-02-20 08:00:00,58.862,47.194,48.574,24.452,60.786,265.001,87.057,208.119,72.633,26.37
2018-02-20 09:00:00,57.003,48.665,48.606,25.152,58.094,272.031,87.209,221.367,72.845,30.001
2018-02-20 10:00:00,59.091,49.342,48.177,25.512,58.874,268.458,91.751,225.513,71.462,30.205
2018-02-20 11:00:00,55.358,44.083,49.173,28.175,57.536,261.301,85.375,227.3,65.557,27.033
2018-02-20 12:00:00,54.872,42.563,43.918,24.296,57.182,258.373,84.811,218.737,65.583,26.985
2018-02-20 13:00:00,50.815,40.93,40.075,25.495,54.849,254.748,88.012,208.243,62.079,24.668
2018-02-20 14:00:00,47.235,38.569,38.518,21.816,52.163,256.862,85.232,202.33,58.514,22.74
2018-02-20 15:00:00,47.855,40.9,41.027,20.818,54.097,265.54,84.053,202.514,60.401,23.88
2018-02-20 16:00:00,48.794,45.048,43.063,20.223,54.852,280.956,86.59,212.435,65.35,26.971
2018-02-20 17:00:00,53.882,49.482,47.855,25.746,60.464,302.19,86.784,237.986,75.513,28.318
2018-02-20 18:00:00,55.185,51.319,50.636,26.641,64.519,310.661,99.514,250.183,79.663,29.315
2018-02-20 19:00:00,56.547,51.766,51.226,28.06,72.789,300.709,98.152,258.864,83.267,34.607
2018-02-20 20:00:00,53.448,50.821,51.234,26.337,67.341,289.476,91.473,254.148,76.485,30.752
2018-02-20 21:00:00,51.231,47.458,49.496,24.858,57.947,268.747,88.697,231.498,71.639,26.889
2018-02-20 22:00:00,43.051,45.367,38.939,22.571,50.994,227.147,74.764,196.846,64.941,23.489
2018-02-20 23:00:00,39.057,36.606,32.874,19.958,41.294,184.878,60.291,160.058,49.812,19.856
2018-02-21 00:00:00,36.305,30.915,28.307,17.536,36.939,167.09,49.527,141.728,40.98,17.446
2018-02-21 01:00:00,33.892,28.13,25.941,15.759,35.249,156.392,47.807,132.414,38.333,16.453
2018-02-21 02:00:00,32.335,27.415,26.679,15.588,34.274,155.731,46.565,131.997,37.693,16.2
2018-02-21 03:00:00,32.791,30.847,29.138,16.274,34.051,161.592,48.105,133.794,38.859,15.557
2018-02-21 04:00:00,35.615,33.417,30.065,16.612,34.824,171.189,53.665,141.331,43.667,16.366
2018-02-21 05:00:00,39.758,36.196,36.246,17.991,40.642,194.292,59.421,163.596,50.698,18.252
2018-02-21 06:00:00,44.743,42.304,41.81,20.603,49.055,228.182,69.855,193.4,60.414,23.123
2018-02-21 07:00:00,48.582,45.127,47.721,21.949,55.72,254.722,81.781,214.249,66.924,24.7
2018-02-21 08:00:00,51.451,46.254,44.836,22.733,57.109,268.728,90.105,227.824,72.586,25.628
2018-02-21 09:00:00,51.654,43.171,48.068,23.927,61.045,275.466,88.272,230.942,74.921,28.105
2018-02-21 10:00:00,52.136,44.21,47.935,24.026,59.555,269.425,93.375,224.658,70.365,26.551
2018-02-21 11:00:00,49.871,42.583,45.773,23.513,57.396,267.168,88.447,217.715,65.022,24.416
2018-02-21 12:00:00,49.598,41.808,47.678,20.422,54.962,273.29,88.326,216.295,66.625,23.3
2018-02-21 13:00:00,47.558,37.14,45.831,20.773,53.396,279.13,86.682,220.045,66.549,23.098
2018-02-21 14:00:00,45.669,37.214,42.498,21.146,48.391,293.187,88.428,227.696,63.493,22.81
2018-02-21 15:00:00,44.914,38.119,43.339,20.154,53.044,303.825,93.648,233.767,60.507,21.618
2018-02-21 16:00:00,45.671,42.036,43.582,20.33,54.074,318.178,96.707,245.841,67.107,24.361
2018-02-21 17:00:00,46.761,45.456,47.592,21.564,57.434,333.12,102.902,251.184,76.388,26.443
2018-02-21 18:00:00,46.984,50.679,49.808,25.275,59.658,337.658,99.915,253.83,83.753,26.239
2018-02-21 19:00:00,50.384,46.345,51.071,25.291,61.169,310.459,101.241,246.116,85.694,25.301
2018-02-21 20:00:00,47.111,46.386,49.628,24.014,57.508,288.319,95.845,240.25,77.586,28.559
2018-02-21 21:00:00,45.302,44.425,48.594,22.526,57.592,256.067,82.025,215.948,67.297,23.378
2018-02-21 22:00:00,41.503,39.491,36.591,21.327,46.13,218.618,69.701,175.97,54.863,20.448
2018-02-21 23:00:00,34.393,34.333,30.139,17.515,38.019,178.33,59.366,143.217,44.554,16.641
2018-02-22 00:00:00,30.974,26.975,26.398,17.007,35.283,154.087,51.63,125.894,37.601,15.803
2018-02-22 01:00:00,30.708,24.667,25.004,16.014,35.048,144.459,48.928,119.445,36.281,14.112
2018-02-22 02:00:00,30.107,24.868,23.603,17.136,32.921,146.127,47.067,116.356,36.122,14.019
2018-02-22 03:00:00,30.54,28.64,24.738,17.589,32.384,152.212,48.765,120.144,36.738,13.642
2018-02-22 04:00:00,31.92,30.337,26.907,18.336,35.656,162.39,53.025,129.371,40.305,15.55
2018-02-22 05:00:00,35.717,35.459,31.322,20.837,39.602,185.952,60.24,148.523,49.149,19.341
2018-02-22 06:00:00,43.735,40.972,43.03,24.535,49.86,227.966,71.71,176.657,58.922,24.012
2018-02-22 07:00:00,46.506,42.441,49.341,26.81,56.685,254.956,79.593,197.775,66.278,25.417
2018-02-22 08:00:00,54.735,46.735,48.313,29.051,59.77,283.575,92.87,220.833,70.676,24.75
2018-02-22 09:00:00,56.904,44.364,53.383,27.773,61.927,295.092,95.814,230.767,73.719,25.046
2018-02-22 10:00:00,58.156,45.301,57.032,25.932,61.293,294.915,95.146,235.771,77.313,25.676
2018-02-22 11:00:00,56.117,47.563,55.441,26.687,59.546,296.299,91.09,232.697,75.951,24.565
2018-02-22 12:00:00,53.894,45.266,47.842,27.214,57.137,291.76,89.511,234.268,71.546,25.82
2018-02-22 13:00:00,54.367,43.068,47.52,24.333,55.005,278.398,87.709,224.32,64.585,28.132
2018-02-22 14:00:00,51.839,40.389,46.236,21.884,56.184,277.468,86.1,214.967,65.716,23.11
2018-02-22 15:00:00,54.664,42.13,47.513,21.92,56.065,286.27,87.549,218.684,66.92,23.703
2018-02-22 16:00:00,56.481,45.517,51.574,23.801,60.251,311.631,90.957,236.515,74.97,26.416
2018-02-22 17:00:00,60.753,51.823,56.483,27.752,67.659,331.433,103.605,260.042,82.134,31.226
2018-02-22 18:00:00,59.692,55.628,61.713,31.366,76.23,344.1,108.869,281.911,92.518,32.687
2018-02-22 19:00:00,61.318,55.656,61.262,33.288,75.383,350.133,105.777,286.356,91.64,32.09
2018-02-22 20:00:00,59.2,53.572,59.498,31.03,73.735,339.475,106.364,274.372,84.353,32.896
2018-02-22 21:00:00,57.305,48.686,56.311,31.717,67.793,304.989,101.689,252.748,80.594,29.749
2018-02-22 22:00:00,51.06,44.244,50.282,30.502,59.116,281.212,84.762,219.687,67.396,25.848
2018-02-22 23:00:00,44.967,41.895,41.133,26.917,48.446,240.632,71.573,188.768,53.871,24.353
2018-02-23 00:00:00,41.579,40.358,37.556,25.817,42.532,214.855,64.479,168.643,47.673,20.322
2018-02-23 01:00:00,40.987,37.628,32.821,23.891,41.568,202.863,60.028,157.485,45.778,18.597
2018-02-23 02:00:00,39.457,35.477,32.953,24.279,40.621,205.08,59.51,157.376,46.451,18.677
2018-02-23 03:00:00,40.976,40.163,34.131,24.367,40.964,209.1,61.754,162.61,47.087,17.994
2018-02-23 04:00:00,42.892,42.383,36.809,25.602,42.937,220.489,67.239,169.238,50.924,19.144
2018-02-23 05:00:00,47.259,45.788,40.23,29.447,50.568,246.823,75.667,190.638,58.553,21.812
2018-02-23 06:00:00,50.768,50.855,52.002,31.539,60.728,281.134,85.315,218.895,68.54,26.774
2018-02-23 07:00:00,56.24,52.599,55.248,33.246,68.02,303.992,96.534,233.197,76.952,30.611
2018-02-23 08:00:00,60.375,52.636,57.09,30.634,69.42,313.339,102.746,242.58,80.086,28.923
2018-02-23 09:00:00,56.755,52.146,52.398,31.02,66.199,311.974,102.564,243.093,81.517,27.791
2018-02-23 10:00:00,58.207,47.861,50.794,31.077,64.638,303.325,97.91,250.488,80.303,28.021
2018-02-23 11:00:00,57.504,46.078,50.419,29.476,66.28,297.337,96.162,247.532,74.796,27.836
2018-02-23 12:00:00,56.625,48.056,50.051,28.742,63.873,295.78,97.288,239.708,72.321,31.56
2018-02-23 13:00:00,54.434,46.035,50.407,26.059,57.619,286.442,94.173,230.786,70.986,31.295
2018-02-23 14:00:00,54.926,47.558,48.336,23.892,56.739,278.01,91.665,228.496,68.961,26.613
2018-02-23 15:00:00,52.651,45.845,51.039,24.815,56.585,286.387,87.083,234.864,76.755,27.901
2018-02-23 16:00:00,53.702,49.206,53.394,27.099,60.547,292.668,91.96,247.253,74.319,30.838
2018-02-23 17:00:00,59.171,54.988,57.638,29.012,69.679,317.909,107.088,262.38,84.523,35.671
2018-02-23 18:00:00,59.001,55.247,56.967,33.114,69.772,341.6,107.163,274.673,92.657,34.651
2018-02-23 19:00:00,58.12,56.319,58.914,34.05,71.032,343.392,110.596,282.004,92.16,32.158
2018-02-23 20:00:00,58.144,54.189,59.645,30.316,66.735,326.401,108.161,270.713,83.845,32.255
2018-02-23 21:00:00,55.048,48.121,55.006,27.941,63.446,302.607,104.805,243.567,77.46,27.752
2018-02-23 22:00:00,49.709,41.562,44.934,26.326,55.254,262.736,84.284,209.932,64.227,23.636
2018-02-23 23:00:00,42.871,36.193,38.283,22.255,46.605,218.282,69.572,175.55,52.433,21.036
2018-02-24 00:00:00,38.22,33.727,32.224,20.362,40.515,194.113,61.853,157.126,47.066,19.697
2018-02-24 01:00:00,36.35,30.269,28.162,18.587,37.484,180.236,58.001,149.451,44.379,18.683
2018-02-24 02:00:00,34.95,29.0,27.47,18.319,35.601,177.319,55.44,142.564,40.262,17.253
2018-02-24 03:00:00,34.396,33.927,27.62,17.79,35.561,177.392,55.382,139.14,40.865,15.843
2018-02-24 04:00:00,34.129,37.111,28.274,16.651,34.415,183.386,56.523,144.333,42.058,15.909
2018-02-24 05:00:00,36.348,37.636,30.264,17.126,37.882,192.445,60.115,151.025,44.403,17.186
2018-02-24 06:00:00,40.649,36.416,37.075,18.846,43.253,211.058,67.809,165.38,46.955,19.308
2018-02-24 07:00:00,42.079,36.903,41.419,21.844,45.788,214.985,71.672,177.734,49.825,21.099
2018-02-24 08:00:00,47.261,43.391,45.578,27.002,54.387,235.797,76.615,201.308,59.541,22.411
2018-02-24 09:00:00,44.452,47.094,47.483,25.499,57.051,248.941,79.733,213.37,70.788,26.856
2018-02-24 10:00:00,48.492,49.692,48.759,25.456,61.641,238.718,85.405,217.282,69.815,23.128
2018-02-24 11:00:00,48.647,43.565,46.197,23.888,58.237,241.35,79.871,209.393,64.747,23.754
2018-02-24 12:00:00,48.675,45.449,52.555,24.882,54.726,244.645,81.823,205.795,65.053,23.259
2018-02-24 13:00:00,48.856,43.779,47.079,25.288,53.472,232.275,77.451,204.545,64.684,20.846
2018-02-24 14:00:00,47.208,42.687,43.366,23.296,51.463,233.536,78.083,205.707,62.658,20.768
2018-02-24 15:00:00,45.855,41.946,48.11,22.048,51.906,247.498,78.306,205.139,61.74,21.318
2018-02-24 16:00:00,47.543,44.812,51.079,23.449,56.374,265.438,82.096,218.647,72.058,23.744
2018-02-24 17:00:00,51.836,48.087,50.317,26.123,65.301,287.127,87.744,237.498,73.427,25.476
2018-02-24 18:00:00,54.054,50.558,54.054,31.711,67.99,309.889,96.864,261.226,79.711,27.207
2018-02-24 19:00:00,52.296,52.793,55.476,32.01,72.705,314.249,103.536,270.048,82.096,28.397
2018-02-24 20:00:00,50.728,53.572,56.003,30.098,68.144,304.248,102.489,262.241,84.306,28.447
2018-02-24 21:00:00,48.842,51.333,49.749,28.047,62.156,289.04,97.178,238.926,75.909,27.285
2018-02-24 22:00:00,47.246,43.735,42.361,27.815,55.711,259.479,90.954,208.959,65.489,24.308
2018-02-24 23:00:00,42.506,36.072,34.329,23.342,49.475,209.903,69.375,174.27,54.408,20.689
2018-02-25 00:00:00,39.389,33.599,31.134,20.895,43.109,190.512,61.47,148.291,45.722,18.951
2018-02-25 01:00:00,37.124,32.584,29.31,20.338,40.538,179.501,57.412,137.002,42.067,17.796
2018-02-25 02:00:00,36.325,31.864,29.422,19.725,38.775,177.516,56.193,135.92,41.341,17.774
2018-02-25 03:00:00,36.906,35.97,29.007,20.004,37.122,178.41,57.169,139.756,41.192,16.057
2018-02-25 04:00:00,37.421,39.136,29.075,20.809,37.643,185.081,58.384,144.799,42.837,17.054
2018-02-25 05:00:00,39.5,41.717,30.804,21.219,41.095,197.052,60.9,154.317,46.104,18.428
2018-02-25 06:00:00,43.585,41.117,39.351,22.19,43.883,209.972,66.92,162.6,49.042,21.436
2018-02-25 07:00:00,46.504,42.556,45.604,22.898,50.587,229.506,78.582,174.308,53.579,24.65
2018-02-25 08:00:00,54.23,50.024,51.382,26.411,58.026,267.354,86.457,203.054,67.235,26.8
2018-02-25 09:00:00,54.917,57.803,51.952,29.262,57.054,284.766,91.002,221.373,75.387,27.906
2018-02-25 10:00:00,63.455,58.927,52.576,30.014,56.803,291.789,96.467,223.711,74.888,28.835
2018-02-25 11:00:00,63.346,61.713,50.657,26.908,54.5,294.726,96.871,231.544,72.917,28.511
2018-02-25 12:00:00,61.03,60.223,51.102,25.996,55.926,276.986,95.008,237.82,73.479,29.152
2018-02-25 13:00:00,58.483,52.59,47.896,27.676,53.656,268.507,86.956,226.767,70.721,26.296
2018-02-25 14:00:00,54.798,55.463,46.19,27.872,52.645,266.261,88.836,229.279,68.608,23.73
2018-02-25 15:00:00,55.658,54.636,49.613,30.852,54.427,267.825,93.935,223.51,70.457,25.916
2018-02-25 16:00:00,57.361,58.339,52.531,27.156,57.179,285.163,90.756,233.729,73.681,28.084
2018-02-25 17:00:00,59.152,57.857,56.457,28.589,65.786,308.656,96.973,256.008,80.698,31.479
2018-02-25 18:00:00,61.712,59.881,60.592,31.255,69.93,327.107,107.27,265.219,88.434,32.887
2018-02-25 19:00:00,57.69,55.498,57.053,29.747,68.031,319.892,105.995,262.979,90.715,32.432
2018-02-25 20:00:00,55.812,60.598,55.721,27.383,65.24,316.064,100.76,246.889,86.803,32.369
2018-02-25 21:00:00,53.094,54.355,53.124,28.186,63.103,288.111,90.589,231.325,82.729,30.398
2018-02-25 22:00:00,47.25,44.903,44.557,25.259,58.603,259.623,79.657,205.834,67.561,25.82
2018-02-25 23:00:00,42.388,39.105,36.981,24.678,50.002,218.564,67.086,173.495,56.101,23.286
2018-02-26 00:00:00,38.853,35.155,32.636,21.918,42.125,195.822,60.163,154.959,48.331,19.209
2018-02-26 01:00:00,37.33,34.04,29.433,21.068,37.736,184.478,55.703,148.98,43.575,17.101
2018-02-26 02:00:00,35.761,34.627,28.161,20.927,35.349,179.301,53.561,143.154,42.398,16.8
2018-02-26 03:00:00,35.582,38.734,28.856,21.02,35.399,183.559,55.728,143.093,41.506,15.731
2018-02-26 04:00:00,36.366,38.676,29.99,22.283,36.255,188.32,58.646,151.327,44.564,15.956
2018-02-26 05:00:00,39.095,39.472,32.174,25.304,42.681,209.134,65.494,172.014,51.701,19.205
2018-02-26 06:00:00,46.514,44.126,45.702,26.801,50.029,252.82,76.92,203.735,59.955,26.666
2018-02-26 07:00:00,50.225,45.905,49.268,27.295,56.847,280.252,84.38,216.34,66.277,28.411
2018-02-26 08:00:00,55.896,46.907,51.548,27.775,57.857,297.007,91.807,231.856,72.916,28.706
2018-02-26 09:00:00,59.765,49.501,51.452,25.889,60.987,311.958,98.326,236.858,76.731,28.1
2018-02-26 10:00:00,62.321,52.291,53.975,29.261,59.016,301.631,96.976,237.83,71.014,25.666
2018-02-26 11:00:00,54.073,54.248,53.213,28.198,56.219,288.932,96.063,231.928,74.557,24.71
2018-02-26 12:00:00,56.143,50.434,47.775,22.962,54.025,286.499,91.002,230.27,73.247,22.255
2018-02-26 13:00:00,51.579,38.919,43.388,21.443,56.788,270.242,84.559,222.576,64.374,21.591
2018-02-26 14:00:00,46.059,38.22,42.249,20.76,50.101,254.58,80.37,208.742,61.878,22.924
2018-02-26 15:00:00,44.783,38.124,41.249,22.039,48.838,256.196,80.828,203.947,69.869,21.658
2018-02-26 16:00:00,43.989,41.325,43.504,23.129,53.764,272.157,82.178,214.176,68.308,23.403
2018-02-26 17:00:00,48.413,47.66,48.035,25.973,58.0,292.987,90.788,235.423,73.653,26.155
2018-02-26 18:00:00,55.481,50.722,53.749,29.226,63.897,312.879,102.144,253.874,86.45,28.208
2018-02-26 19:00:00,56.671,52.574,54.968,29.572,69.159,311.073,100.297,252.83,91.526,29.436
2018-02-26 20:00:00,54.658,51.545,53.339,27.98,67.518,307.949,95.753,247.062,80.315,28.168
2018-02-26 21:00:00,51.078,47.152,51.534,27.246,59.738,277.077,95.127,231.533,73.696,25.648
2018-02-26 22:00:00,44.917,39.564,42.402,24.934,50.063,239.292,77.716,206.995,59.393,23.412
2018-02-26 23:00:00,42.967,33.454,34.982,20.685,43.971,206.075,66.355,171.875,49.644,20.725
2018-02-27 00:00:00,38.78,29.887,29.489,18.987,40.84,187.11,59.907,148.65,43.77,18.161
2018-02-27 01:00:00,35.555,29.626,27.365,17.471,39.107,176.828,53.038,143.592,40.051,16.208
2018-02-27 02:00:00,33.392,28.919,26.822,16.593,37.953,174.975,52.253,142.084,41.182,16.629
2018-02-27 03:00:00,36.128,31.061,28.591,17.687,37.855,179.77,57.736,141.814,41.856,16.871
2018-02-27 04:00:00,38.662,31.6,31.062,19.548,38.888,195.392,61.947,150.208,45.517,17.026
2018-02-27 05:00:00,42.358,34.243,35.167,22.135,45.708,223.784,70.214,175.243,53.251,20.354
2018-02-27 06:00:00,47.971,41.142,48.605,24.346,57.206,261.703,84.692,200.288,64.274,27.823
2018-02-27 07:00:00,50.331,41.666,54.136,27.561,63.385,275.188,88.689,221.414,69.023,28.803
2018-02-27 08:00:00,54.962,44.841,54.312,32.026,61.61,287.373,90.767,230.232,71.973,28.851
2018-02-27 09:00:00,53.966,48.063,53.878,26.499,59.7,283.349,96.211,233.123,74.226,26.565
2018-02-27 10:00:00,53.628,47.03,52.598,27.279,56.999,282.753,93.015,228.166,71.999,26.542
2018-02-27 11:00:00,51.143,41.201,47.824,26.253,54.646,276.519,93.543,227.496,67.363,27.499
2018-02-27 12:00:00,49.399,39.125,48.157,22.939,50.252,268.312,90.296,223.718,65.341,23.855
2018-02-27 13:00:00,48.226,38.238,46.716,21.491,48.837,256.1,81.911,212.32,60.576,21.526
2018-02-27 14:00:00,48.316,42.691,40.259,19.312,49.761,244.796,80.793,199.16,60.347,20.76
2018-02-27 15:00:00,45.21,42.411,43.046,20.829,49.888,252.978,75.012,197.225,60.586,21.259
2018-02-27 16:00:00,43.899,41.379,42.201,22.245,52.096,264.061,81.969,210.779,69.793,24.785
2018-02-27 17:00:00,46.878,46.931,45.494,26.658,61.246,281.951,90.271,229.53,76.758,26.337
2018-02-27 18:00:00,53.407,48.474,51.841,29.419,67.198,296.466,96.885,246.321,81.724,29.49
2018-02-27 19:00:00,57.734,49.562,51.267,30.871,64.58,311.985,103.693,258.776,81.082,29.479
2018-02-27 20:00:00,52.648,50.913,54.939,31.219,59.281,301.301,100.138,250.104,79.022,28.03
2018-02-27 21:00:00,47.508,46.088,53.941,29.621,58.304,278.555,94.064,231.019,70.572,25.871
2018-02-27 22:00:00,43.544,40.961,46.726,27.462,53.287,242.858,77.502,189.206,57.675,23.085
2018-02-27 23:00:00,38.167,33.81,38.806,23.549,44.187,197.71,66.523,156.385,46.149,20.346
2018-02-28 00:00:00,36.739,29.374,33.14,20.634,41.813,173.378,59.729,140.447,41.637,19.108
2018-02-28 01:00:00,35.739,26.792,29.2,20.815,39.567,165.677,54.851,132.909,39.537,19.345
2018-02-28 02:00:00,34.26,27.577,28.449,19.363,36.521,163.314,55.923,130.361,38.909,17.657
2018-02-28 03:00:00,34.199,29.719,29.264,19.116,35.894,165.541,55.353,131.951,38.523,16.818
2018-02-28 04:00:00,36.496,31.724,31.1,19.706,37.767,176.083,60.016,137.891,42.146,18.877
2018-02-28 05:00:00,38.701,34.665,33.844,23.277,41.993,196.221,69.346,156.47,49.22,21.647
2018-02-28 06:00:00,43.661,41.821,46.77,28.834,51.762,233.873,77.173,183.375,58.423,25.003
2018-02-28 07:00:00,46.726,43.867,50.361,28.805,58.327,257.866,86.447,205.22,68.419,26.78
2018-02-28 08:00:00,48.546,44.178,54.607,28.109,61.853,272.756,87.916,214.213,73.3,27.266
2018-02-28 09:00:00,51.945,42.229,50.206,24.08,56.969,273.456,84.533,218.754,70.964,26.634
2018-02-28 10:00:00,49.282,44.812,49.587,24.743,57.44,269.784,87.123,219.21,70.274,24.899
2018-02-28 11:00:00,49.51,44.346,43.908,24.387,54.228,265.589,87.52,223.976,72.332,21.873
2018-02-28 12:00:00,48.44,42.653,46.581,23.067,55.302,262.3,87.511,219.54,66.436,24.478
2018-02-28 13:00:00,44.928,43.531,50.804,19.977,51.233,258.603,83.862,214.57,62.923,21.269
2018-02-28 14:00:00,45.77,42.221,44.36,21.194,47.894,258.127,86.043,211.182,63.686,19.621
2018-02-28 15:00:00,48.347,37.335,43.182,19.814,49.419,266.016,83.876,210.481,66.747,19.27
2018-02-28 16:00:00,46.351,43.2,45.497,19.637,52.014,271.165,93.299,217.22,68.894,25.045
2018-02-28 17:00:00,47.328,45.79,47.446,21.903,55.988,285.772,90.418,239.002,73.467,27.405
2018-02-28 18:00:00,51.553,51.451,51.348,26.135,64.057,306.037,95.603,253.745,79.073,27.393
2018-02-28 19:00:00,52.988,51.314,54.251,25.209,64.746,303.427,98.96,250.16,77.148,29.92
2018-02-28 20:00:00,50.287,48.375,52.872,24.788,65.343,286.118,100.406,239.29,74.782,28.401
2018-02-28 21:00:00,48.833,46.37,46.529,23.65,61.268,261.962,88.863,217.083,68.262,24.088
2018-02-28 22:00:00,41.511,39.614,39.699,22.692,48.987,223.541,72.483,187.784,54.694,21.889
2018-02-28 23:00:00,34.001,32.144,32.912,19.881,39.527,179.061,58.6,151.722,43.816,18.678
2018-03-01 00:00:00,29.604,30.101,28.953,18.331,34.241,155.405,53.079,127.736,37.628,16.149
2018-03-01 01:00:00,28.571,28.994,27.71,17.461,31.638,146.507,48.098,119.934,34.716,15.321
2018-03-01 02:00:00,28.167,28.763,28.389,16.395,31.217,147.442,45.675,116.635,35.193,15.415
2018-03-01 03:00:00,27.622,32.269,28.918,16.719,31.803,147.48,46.98,119.072,34.848,14.942
2018-03-01 04:00:00,30.061,34.63,29.708,17.031,33.684,156.723,51.084,124.166,38.247,15.165
2018-03-01 05:00:00,33.688,38.566,32.961,18.903,40.263,179.26,57.943,142.014,46.003,17.878
2018-03-01 06:00:00,40.379,44.251,44.262,23.949,48.719,221.21,68.005,171.606,54.83,22.073
2018-03-01 07:00:00,46.66,47.675,47.247,25.979,50.523,245.201,78.014,194.311,64.408,23.512
2018-03-01 08:00:00,48.223,43.225,48.596,24.382,56.478,252.726,87.083,209.108,69.995,26.917
2018-03-01 09:00:00,51.285,43.926,46.942,24.487,54.905,257.432,86.127,211.446,67.403,25.657
2018-03-01 10:00:00,50.683,44.383,44.937,28.673,54.905,254.801,86.14,225.113,66.382,24.499
2018-03-01 11:00:00,50.775,44.661,43.957,27.567,52.775,264.969,83.971,217.085,69.138,23.286
2018-03-01 12:00:00,49.461,42.361,42.368,25.057,49.291,255.94,86.019,210.634,64.391,22.418
2018-03-01 13:00:00,48.098,39.821,40.978,24.521,47.798,250.581,82.842,205.765,61.647,21.758
2018-03-01 14:00:00,45.896,39.954,40.097,22.407,47.362,246.48,80.929,200.771,59.219,20.732
2018-03-01 15:00:00,45.34,39.508,40.377,22.465,46.838,240.012,76.943,205.311,64.275,20.524
2018-03-01 16:00:00,43.26,45.587,44.768,21.801,48.465,250.059,75.43,207.461,66.898,21.856
2018-03-01 17:00:00,48.623,46.454,46.89,22.798,55.14,278.244,79.13,224.853,74.938,24.829
2018-03-01 18:00:00,48.768,46.3,47.865,26.089,61.307,290.028,87.479,247.534,78.521,25.347
2018-03-01 19:00:00,50.829,49.005,50.319,27.329,63.69,299.929,90.469,251.377,76.771,24.914
2018-03-01 20:00:00,54.058,47.121,48.793,29.492,68.368,294.199,91.926,251.864,72.88,26.239
2018-03-01 21:00:00,55.643,44.478,45.572,26.704,65.417,280.606,84.899,236.226,68.416,25.376
2018-03-01 22:00:00,44.049,39.76,38.182,25.71,50.078,233.844,75.431,196.752,60.771,21.355
2018-03-01 23:00:00,37.894,35.682,31.37,21.175,41.809,197.519,61.509,164.163,55.814,18.757
2018-03-02 00:00:00,36.473,30.692,28.785,20.623,37.276,177.224,58.561,146.556,43.3,16.642
2018-03-02 01:00:00,35.013,28.169,27.565,19.265,36.377,168.125,52.45,138.394,40.321,15.542
2018-03-02 02:00:00,35.309,27.998,27.365,19.353,35.576,168.981,50.014,139.974,43.818,15.628
2018-03-02 03:00:00,33.726,29.75,28.119,18.137,35.185,173.41,51.006,140.554,40.855,14.947
2018-03-02 04:00:00,35.881,31.496,30.744,18.435,37.431,185.746,54.675,150.14,43.252,16.309
2018-03-02 05:00:00,38.801,35.55,33.229,20.559,40.918,213.613,62.999,176.936,51.133,19.075
2018-03-02 06:00:00,44.754,41.771,43.307,22.662,51.871,246.499,78.185,200.246,60.096,22.385
2018-03-02 07:00:00,50.206,46.384,48.397,24.355,53.109,273.549,86.241,227.678,68.216,24.588
2018-03-02 08:00:00,57.373,48.559,50.2,25.838,57.764,298.041,90.672,248.299,75.056,25.515
2018-03-02 09:00:00,59.295,51.731,52.082,27.187,60.881,319.265,92.813,260.199,76.049,27.411
2018-03-02 10:00:00,61.67,50.494,51.927,26.976,63.746,326.155,97.273,263.82,75.125,26.014
2018-03-02 11:00:00,60.404,50.029,54.564,26.475,60.57,315.42,99.42,264.788,75.856,31.076
2018-03-02 12:00:00,60.845,48.536,50.095,26.107,58.781,318.454,93.244,269.339,79.686,30.143
2018-03-02 13:00:00,57.432,44.857,49.491,24.216,59.849,316.427,90.29,258.367,77.765,31.554
2018-03-02 14:00:00,55.637,44.468,47.755,22.943,55.042,304.715,87.17,239.274,72.282,26.163
2018-03-02 15:00:00,52.445,46.994,47.982,23.813,53.953,299.759,87.432,239.458,71.011,26.086
2018-03-02 16:00:00,54.857,46.693,49.13,25.763,58.184,304.264,89.38,249.284,77.074,27.793
2018-03-02 17:00:00,60.41,49.223,52.707,26.109,60.43,315.375,93.812,257.513,80.2,30.921
2018-03-02 18:00:00,56.939,50.057,51.944,29.486,66.802,337.247,100.614,264.561,86.584,32.328
2018-03-02 19:00:00,55.883,53.782,52.634,31.356,70.569,340.537,100.052,269.24,89.008,31.253
2018-03-02 20:00:00,53.599,55.879,50.206,27.652,69.072,322.485,101.769,266.819,86.345,32.246
2018-03-02 21:00:00,58.974,48.272,48.413,27.283,64.209,295.53,92.381,246.839,73.086,29.548
2018-03-02 22:00:00,48.535,40.326,41.636,22.713,52.163,257.787,79.772,206.837,61.989,23.77
2018-03-02 23:00:00,40.487,34.675,35.639,19.302,45.27,217.799,64.506,178.027,51.707,19.06
2018-03-03 00:00:00,34.805,32.88,31.691,18.435,40.43,191.533,56.866,157.937,44.327,17.817
2018-03-03 01:00:00,32.175,30.259,29.738,17.894,36.785,177.964,53.661,141.391,42.046,16.397
2018-03-03 02:00:00,31.558,27.197,27.079,18.11,36.418,177.366,53.129,140.117,41.402,15.958
2018-03-03 03:00:00,32.389,30.351,27.787,17.998,36.174,184.806,53.788,150.627,43.091,14.819
2018-03-03 04:00:00,33.421,31.096,28.576,17.753,36.543,188.572,55.848,152.442,43.424,15.468
2018-03-03 05:00:00,35.006,34.71,30.779,19.551,38.621,199.435,58.669,158.876,45.191,17.085
2018-03-03 06:00:00,37.244,35.556,37.324,20.422,43.277,212.485,62.85,163.296,49.067,20.866
2018-03-03 07:00:00,41.986,40.963,42.659,21.296,45.748,233.336,72.844,189.017,53.9,23.754
2018-03-03 08:00:00,47.757,43.576,47.336,22.825,55.062,257.331,80.06,219.32,69.792,24.738
2018-03-03 09:00:00,46.801,46.714,52.95,24.601,57.668,278.58,83.61,225.678,72.548,24.821
2018-03-03 10:00:00,48.836,43.652,56.55,23.724,54.969,280.282,84.748,224.868,68.42,23.915
2018-03-03 11:00:00,53.531,44.286,50.394,21.305,53.48,274.123,81.487,216.874,67.274,22.458
2018-03-03 12:00:00,53.737,43.411,45.957,22.835,50.03,278.758,83.448,216.597,71.175,23.027
2018-03-03 13:00:00,47.432,42.327,44.688,21.304,53.903,264.262,81.23,214.024,69.545,22.58
2018-03-03 14:00:00,43.525,44.589,44.724,20.382,53.484,254.162,75.565,202.065,71.572,23.861
2018-03-03 15:00:00,45.375,41.254,44.945,19.352,57.07,244.238,75.645,209.994,69.727,22.983
2018-03-03 16:00:00,46.306,43.475,47.231,22.32,56.523,260.737,82.38,219.971,72.063,24.42
2018-03-03 17:00:00,50.485,44.544,50.814,26.448,59.76,282.934,93.792,243.791,76.854,24.48
2018-03-03 18:00:00,52.132,49.753,55.054,28.146,66.69,309.855,101.329,258.014,81.962,27.05
2018-03-03 19:00:00,51.383,48.325,56.003,27.435,68.124,313.559,99.872,267.132,83.671,29.067
2018-03-03 20:00:00,47.656,50.412,56.693,28.155,67.463,320.971,100.954,260.976,80.219,29.352
2018-03-03 21:00:00,44.495,47.074,52.937,26.56,61.278,294.041,96.521,237.073,77.147,27.446
2018-03-03 22:00:00,39.347,40.896,42.501,25.87,50.05,248.691,76.654,207.682,65.897,22.148
2018-03-03 23:00:00,35.104,34.333,36.186,19.801,43.667,209.097,64.037,176.718,54.679,18.25
2018-03-04 00:00:00,33.499,30.776,30.024,17.522,38.245,189.016,53.569,148.699,44.536,17.433
2018-03-04 01:00:00,32.796,28.925,28.27,16.996,35.608,179.026,52.02,138.352,40.848,16.349
2018-03-04 02:00:00,30.947,27.361,27.423,16.796,34.801,175.187,51.649,134.154,39.678,16.024
2018-03-04 03:00:00,30.695,29.678,27.463,16.736,33.662,178.932,51.914,139.078,39.07,15.343
2018-03-04 04:00:00,32.675,31.512,28.071,17.37,34.932,177.81,52.449,141.376,40.467,14.781
2018-03-04 05:00:00,34.658,33.739,30.01,18.51,38.615,191.456,55.664,152.427,43.616,16.071
2018-03-04 06:00:00,38.899,38.069,36.691,20.521,42.166,205.443,60.628,161.479,45.571,17.684
2018-03-04 07:00:00,43.001,40.124,42.842,21.169,45.263,219.324,65.659,173.542,50.216,20.754
2018-03-04 08:00:00,47.853,44.481,47.003,23.517,56.09,252.075,78.365,188.746,58.792,25.037
2018-03-04 09:00:00,47.77,42.156,49.256,24.333,57.839,260.085,83.534,198.721,62.241,25.035
2018-03-04 10:00:00,53.323,46.623,47.439,24.523,60.442,256.948,81.159,206.292,60.618,24.972
2018-03-04 11:00:00,53.357,49.947,47.834,22.792,63.347,265.569,84.77,207.894,59.244,25.885
2018-03-04 12:00:00,46.432,47.163,49.956,24.074,58.957,251.304,82.51,198.256,58.877,26.649
2018-03-04 13:00:00,46.68,45.418,49.946,21.633,54.935,242.4,76.991,197.32,58.078,23.827
2018-03-04 14:00:00,44.816,40.948,43.577,20.216,53.133,241.922,75.819,189.75,59.371,23.129
2018-03-04 15:00:00,47.357,43.87,44.005,25.414,58.256,245.119,76.982,196.948,65.337,24.32
2018-03-04 16:00:00,48.277,46.256,45.247,22.336,55.743,260.636,79.774,202.673,63.359,24.343
2018-03-04 17:00:00,49.977,46.24,52.062,24.23,58.094,283.517,88.08,218.993,69.603,26.244
2018-03-04 18:00:00,50.7,49.02,56.848,26.091,66.814,299.394,97.436,241.657,76.694,28.523
2018-03-04 19:00:00,49.777,54.246,58.402,29.996,63.494,305.236,97.373,248.995,81.081,28.763
2018-03-04 20:00:00,55.012,47.43,57.606,29.82,65.386,302.184,96.853,245.317,80.168,29.449
2018-03-04 21:00:00,51.015,46.832,53.212,26.586,62.82,290.871,85.497,226.732,72.132,27.111
2018-03-04 22:00:00,44.872,40.732,45.36,24.27,54.144,252.969,74.59,199.964,65.383,23.64
2018-03-04 23:00:00,39.201,35.203,37.985,22.131,44.288,216.365,63.849,170.072,55.944,21.448
2018-03-05 00:00:00,38.331,32.047,32.6,19.923,41.076,195.38,60.643,161.276,47.019,20.172
2018-03-05 01:00:00,37.653,33.149,29.94,18.667,37.875,193.308,58.199,153.706,45.07,18.719
2018-03-05 02:00:00,35.682,31.477,30.316,17.843,36.747,190.059,56.543,152.572,45.265,17.822
2018-03-05 03:00:00,36.011,33.324,31.205,18.658,35.862,194.941,56.28,154.272,45.138,17.668
2018-03-05 04:00:00,39.318,35.312,31.084,18.714,36.532,204.021,61.307,160.974,48.875,18.414
2018-03-05 05:00:00,40.518,37.217,34.459,21.615,42.273,223.833,65.85,179.873,53.957,19.824
2018-03-05 06:00:00,45.212,40.853,44.829,23.761,50.368,253.107,77.54,199.605,60.486,24.059
2018-03-05 07:00:00,49.64,44.562,49.065,27.164,55.784,280.726,87.563,216.408,67.802,25.974
2018-03-05 08:00:00,55.629,47.011,51.71,28.556,59.9,303.789,96.63,232.812,73.804,25.706
2018-03-05 09:00:00,56.044,47.114,56.764,29.845,60.325,308.482,96.132,247.332,74.653,24.438
2018-03-05 10:00:00,58.662,48.452,56.369,28.336,62.776,300.432,94.959,241.101,75.274,25.064
2018-03-05 11:00:00,54.599,46.98,53.426,25.969,62.24,296.914,94.585,235.855,70.195,24.357
2018-03-05 12:00:00,53.507,46.029,50.827,23.946,59.643,284.31,96.895,232.543,67.158,25.876
2018-03-05 13:00:00,51.075,46.948,44.699,23.65,56.07,273.624,88.418,221.972,70.53,23.284
2018-03-05 14:00:00,51.376,44.526,45.664,21.107,51.954,266.407,83.542,215.869,63.559,22.122
2018-03-05 15:00:00,49.243,43.549,43.162,20.76,51.595,270.302,82.299,216.512,62.154,21.325
2018-03-05 16:00:00,50.35,46.907,45.069,23.124,54.806,274.023,85.045,225.65,66.428,24.215
2018-03-05 17:00:00,51.023,45.708,48.844,24.915,60.321,291.82,92.614,238.676,75.499,26.389
2018-03-05 18:00:00,54.507,50.481,51.401,28.65,65.06,318.574,97.56,255.493,84.993,29.676
2018-03-05 19:00:00,57.667,51.78,53.266,30.055,64.913,319.82,101.88,259.608,84.318,28.917
2018-03-05 20:00:00,57.458,50.576,59.008,29.752,68.59,313.372,101.421,259.258,81.687,28.112
2018-03-05 21:00:00,53.672,47.508,56.206,28.284,60.474,290.518,100.195,252.48,75.396,27.079
2018-03-05 22:00:00,48.088,43.882,45.243,25.626,51.0,251.548,87.059,224.199,66.547,22.458
2018-03-05 23:00:00,41.366,37.886,35.429,23.555,45.579,216.847,72.654,186.922,53.371,20.126
2018-03-06 00:00:00,40.042,36.05,34.669,23.907,41.448,196.087,62.741,162.496,48.389,18.582
2018-03-06 01:00:00,38.887,34.34,32.488,22.885,40.023,186.584,58.841,150.056,44.597,17.558
2018-03-06 02:00:00,38.206,31.862,31.383,21.897,39.627,185.686,58.225,149.51,44.479,17.66
2018-03-06 03:00:00,39.018,34.397,31.053,22.61,40.631,190.446,59.45,151.977,43.828,16.852
2018-03-06 04:00:00,42.104,35.222,33.202,23.77,40.7,201.164,62.933,157.683,46.468,18.13
2018-03-06 05:00:00,45.372,37.935,36.495,26.251,45.764,220.801,69.753,178.142,52.116,20.145
2018-03-06 06:00:00,51.057,42.936,49.024,27.373,54.804,254.847,80.261,198.603,60.789,25.003
2018-03-06 07:00:00,54.418,48.131,51.584,28.009,60.401,273.51,91.708,220.453,67.086,27.713
2018-03-06 08:00:00,57.122,48.252,48.801,28.696,66.198,291.144,95.585,234.009,73.15,27.212
2018-03-06 09:00:00,53.682,46.346,49.44,29.119,63.256,296.531,91.705,248.869,79.935,25.62
2018-03-06 10:00:00,55.468,49.003,48.705,27.062,57.828,292.07,91.642,260.992,77.011,27.864
2018-03-06 11:00:00,55.199,47.693,48.529,24.199,57.857,292.185,96.226,259.264,76.141,25.606
2018-03-06 12:00:00,58.3,46.69,47.012,21.752,55.053,286.813,91.201,246.625,77.537,25.021
2018-03-06 13:00:00,61.05,44.586,42.399,21.595,51.845,277.207,84.421,235.791,71.335,23.369
2018-03-06 14:00:00,52.502,40.728,40.034,19.774,50.463,266.069,79.907,227.909,67.085,22.501
2018-03-06 15:00:00,47.374,43.011,39.472,20.029,48.555,265.275,86.595,223.278,66.315,22.373
2018-03-06 16:00:00,46.665,42.601,41.367,20.611,50.824,276.895,85.766,231.889,71.123,22.27
2018-03-06 17:00:00,47.514,45.759,46.804,21.085,56.975,294.513,92.273,245.57,77.792,23.105
2018-03-06 18:00:00,51.778,48.679,53.007,24.721,60.712,315.657,99.63,258.921,81.762,25.663
2018-03-06 19:00:00,60.122,51.465,55.766,28.543,66.457,316.725,101.359,263.2,83.002,26.37
2018-03-06 20:00:00,57.773,49.784,55.539,28.261,65.599,310.507,99.442,257.663,92.511,28.309
2018-03-06 21:00:00,52.196,48.582,50.64,25.169,57.875,285.165,93.56,242.308,78.826,27.255
2018-03-06 22:00:00,47.301,41.981,43.31,24.874,48.808,245.903,78.937,208.923,64.081,22.86
2018-03-06 23:00:00,42.702,35.567,38.939,22.618,41.527,214.86,70.503,175.938,54.149,20.243
2018-03-07 00:00:00,37.933,33.206,35.543,20.524,40.235,195.608,61.513,161.619,47.545,18.506
2018-03-07 01:00:00,36.645,30.729,31.911,19.283,37.819,183.249,57.46,148.639,45.264,17.425
2018-03-07 02:00:00,36.441,30.348,30.183,18.602,37.723,183.259,55.163,146.665,42.775,16.549
2018-03-07 03:00:00,36.723,33.587,29.798,18.969,36.46,187.114,56.093,148.777,43.802,16.2
2018-03-07 04:00:00,37.676,34.017,32.028,19.446,36.984,194.257,60.156,154.59,47.472,16.965
2018-03-07 05:00:00,40.885,36.839,36.187,21.485,43.948,215.53,64.551,174.933,53.825,20.059
2018-03-07 06:00:00,46.59,41.534,46.382,24.307,52.482,250.674,75.183,203.049,60.46,24.633
2018-03-07 07:00:00,53.916,46.934,50.774,25.212,58.031,282.372,87.068,229.716,67.116,26.033
2018-03-07 08:00:00,58.871,49.187,52.165,25.983,59.846,302.741,91.595,242.719,71.835,27.614
2018-03-07 09:00:00,60.416,48.381,51.892,27.453,61.082,320.669,95.495,255.888,76.046,26.401
2018-03-07 10:00:00,61.125,46.99,51.775,26.407,60.119,333.445,101.553,262.216,77.227,26.985
2018-03-07 11:00:00,59.538,49.023,50.552,26.25,58.738,323.371,99.404,264.988,80.431,26.769
2018-03-07 12:00:00,61.201,48.24,51.497,25.25,57.471,319.346,99.909,263.251,77.725,28.495
2018-03-07 13:00:00,61.081,48.103,50.579,24.27,53.848,320.828,95.071,255.036,72.957,26.319
2018-03-07 14:00:00,58.337,45.44,52.093,23.664,53.737,309.457,95.106,246.182,72.47,26.198
2018-03-07 15:00:00,57.258,48.388,47.546,24.242,59.247,310.958,93.92,245.973,75.981,26.698
2018-03-07 16:00:00,55.866,48.384,49.787,28.95,55.737,325.013,94.462,243.729,78.997,32.377
2018-03-07 17:00:00,57.56,53.721,53.048,27.831,60.458,335.525,102.36,261.153,84.977,32.822
2018-03-07 18:00:00,60.538,54.6,56.02,28.446,68.582,348.055,111.458,279.012,89.526,33.888
2018-03-07 19:00:00,61.246,57.785,57.646,30.407,70.535,348.37,108.898,277.647,91.904,33.951
2018-03-07 20:00:00,59.45,58.767,59.877,29.824,67.784,346.555,102.695,279.593,85.973,31.1
2018-03-07 21:00:00,56.15,50.193,56.192,28.896,67.054,322.998,100.325,260.635,85.231,28.154
2018-03-07 22:00:00,52.784,44.714,47.39,26.158,57.989,286.664,87.847,226.241,71.45,28.181
2018-03-07 23:00:00,46.808,39.722,39.837,25.265,49.799,254.906,75.533,195.614,58.659,21.908
2018-03-08 00:00:00,41.159,35.866,35.549,22.151,44.262,234.184,64.127,181.844,52.627,20.598
2018-03-08 01:00:00,39.34,33.246,32.135,19.795,38.149,223.197,60.522,165.919,52.137,18.167
2018-03-08 02:00:00,38.624,32.802,31.868,19.6,36.997,215.259,60.006,165.534,51.006,18.16
2018-03-08 03:00:00,37.958,36.559,32.148,19.542,37.379,215.4,60.267,166.051,50.334,16.69
2018-03-08 04:00:00,38.529,38.351,32.878,19.905,38.144,218.798,64.324,171.372,53.339,17.64
2018-03-08 05:00:00,41.316,40.389,34.45,22.804,44.935,238.758,69.034,189.678,59.41,19.08
2018-03-08 06:00:00,49.071,44.741,43.961,25.512,50.896,266.991,80.227,206.707,67.345,23.174
2018-03-08 07:00:00,55.328,47.586,50.565,27.145,58.291,296.491,91.314,235.191,74.183,27.235
2018-03-08 08:00:00,62.296,49.074,52.674,27.202,57.937,313.92,94.055,251.166,81.57,26.807
2018-03-08 09:00:00,60.794,50.29,52.44,26.896,58.339,315.14,94.252,258.82,82.8,25.855
2018-03-08 10:00:00,59.168,54.735,52.975,28.193,61.091,307.35,95.512,249.975,78.126,30.344
2018-03-08 11:00:00,58.728,50.722,57.424,29.324,61.739,304.943,96.398,249.969,77.571,27.166
2018-03-08 12:00:00,57.704,48.724,59.844,26.931,57.7,303.246,92.013,251.894,77.382,28.835
2018-03-08 13:00:00,56.411,47.302,51.119,23.344,53.654,286.589,86.6,230.367,75.985,28.528
2018-03-08 14:00:00,52.726,44.158,43.985,21.403,51.383,288.215,84.134,220.314,73.9,26.926
2018-03-08 15:00:00,52.96,44.356,45.527,23.121,55.528,280.284,83.896,218.096,70.131,24.059
2018-03-08 16:00:00,56.46,46.286,48.142,23.656,58.772,285.958,86.348,226.57,71.331,24.652
2018-03-08 17:00:00,57.264,51.316,53.894,28.513,61.969,302.753,94.451,241.252,73.13,30.059
2018-03-08 18:00:00,61.702,54.531,54.867,29.854,66.371,328.779,103.386,268.911,84.125,31.785
2018-03-08 19:00:00,63.69,56.678,58.346,29.072,67.039,333.958,103.899,270.889,82.926,31.047
2018-03-08 20:00:00,56.55,55.066,56.73,30.203,65.726,328.24,100.561,266.2,83.58,30.983
2018-03-08 21:00:00,55.323,49.231,53.162,27.604,63.281,306.995,101.354,258.14,81.912,30.661
2018-03-08 22:00:00,49.903,44.151,46.032,23.689,54.206,275.874,82.363,215.299,67.968,26.114
2018-03-08 23:00:00,46.142,38.871,38.891,23.542,49.661,229.334,71.18,185.816,55.987,23.513
2018-03-09 00:00:00,42.082,35.9,35.638,22.141,45.458,206.129,64.495,171.954,50.295,22.322
2018-03-09 01:00:00,42.042,33.121,32.628,19.508,42.788,199.861,62.921,161.542,46.637,19.029
2018-03-09 02:00:00,44.185,33.653,34.115,19.933,41.419,202.166,63.436,159.069,47.142,19.187
2018-03-09 03:00:00,43.245,39.169,33.076,19.558,38.584,207.044,66.241,160.813,47.987,18.049
2018-03-09 04:00:00,44.427,39.74,35.638,20.159,39.896,213.32,66.388,166.509,53.269,18.865
2018-03-09 05:00:00,46.942,42.145,38.158,21.685,44.276,235.941,69.165,188.244,58.768,21.274
2018-03-09 06:00:00,51.344,46.658,47.461,24.864,54.254,265.414,77.761,211.417,65.541,26.338
2018-03-09 07:00:00,54.072,50.866,56.309,26.12,59.888,285.272,84.102,228.23,71.399,29.061
2018-03-09 08:00:00,58.744,51.803,56.668,28.223,62.121,301.761,89.175,235.852,77.636,29.552
2018-03-09 09:00:00,59.747,52.739,57.212,27.485,60.873,304.529,94.677,240.053,80.346,27.887
2018-03-09 10:00:00,60.993,49.326,57.42,27.948,63.119,298.075,91.208,240.846,71.001,27.27
2018-03-09 11:00:00,56.133,50.309,57.424,27.686,63.318,292.039,93.138,239.789,71.9,26.316
2018-03-09 12:00:00,53.148,47.763,55.932,24.403,56.569,287.432,92.431,233.82,72.121,28.736
2018-03-09 13:00:00,53.334,45.864,49.502,22.969,55.212,278.78,86.551,231.699,67.372,27.521
2018-03-09 14:00:00,49.207,42.841,48.534,23.609,51.204,274.955,84.758,224.119,63.884,24.918
2018-03-09 15:00:00,50.767,40.821,45.679,24.505,51.804,271.912,84.313,218.336,67.214,24.473
2018-03-09 16:00:00,51.942,45.543,49.407,24.859,54.999,288.156,90.099,228.71,71.554,25.543
2018-03-09 17:00:00,54.048,50.101,49.904,26.155,60.18,304.762,93.947,244.604,74.504,28.122
2018-03-09 18:00:00,54.366,52.679,54.82,29.608,64.851,323.406,101.153,260.992,85.574,29.359
2018-03-09 19:00:00,59.522,53.06,55.526,32.01,66.447,330.526,104.383,265.63,89.657,29.393
2018-03-09 20:00:00,61.37,50.184,56.778,32.033,66.861,318.765,100.472,263.205,82.368,31.166
2018-03-09 21:00:00,62.907,50.241,52.592,29.823,68.052,295.526,100.836,246.417,74.989,29.388
2018-03-09 22:00:00,53.455,45.688,44.422,26.557,55.766,255.882,87.336,207.648,65.777,26.013
2018-03-09 23:00:00,47.832,38.838,38.873,25.894,50.549,224.698,70.889,177.01,53.404,24.719
2018-03-10 00:00:00,41.62,34.656,33.839,21.629,45.407,208.954,64.551,166.923,49.904,21.792
2018-03-10 01:00:00,39.991,33.741,31.998,20.344,41.915,195.806,61.11,158.209,48.517,19.935
2018-03-10 02:00:00,38.191,32.55,32.176,21.114,38.742,192.936,60.677,154.927,45.383,19.115
2018-03-10 03:00:00,36.82,36.143,32.68,21.083,38.433,195.258,59.7,156.439,44.472,16.74
2018-03-10 04:00:00,37.838,37.265,33.56,20.169,39.15,202.58,60.313,158.665,46.161,17.097
2018-03-10 05:00:00,41.387,37.805,34.732,21.341,42.71,211.053,63.733,165.162,50.175,19.053
2018-03-10 06:00:00,42.286,38.912,39.831,23.627,47.741,218.76,69.978,173.649,52.962,21.324
2018-03-10 07:00:00,44.545,41.633,45.127,25.285,54.716,237.688,74.892,184.553,55.779,24.867
2018-03-10 08:00:00,48.632,47.58,51.08,26.711,52.69,265.345,81.375,206.495,64.175,25.211
2018-03-10 09:00:00,50.041,49.445,53.992,26.138,52.932,278.537,90.186,221.269,68.399,25.414
2018-03-10 10:00:00,53.838,50.303,53.994,28.978,56.419,279.646,91.613,229.93,65.278,27.225
2018-03-10 11:00:00,57.308,51.731,51.803,25.086,57.945,272.981,90.038,228.108,66.527,29.066
2018-03-10 12:00:00,56.828,50.246,51.057,23.724,58.08,260.269,94.376,237.02,72.079,27.507
2018-03-10 13:00:00,54.119,47.214,46.308,25.793,53.974,257.224,90.387,224.867,69.948,23.824
2018-03-10 14:00:00,55.886,47.808,45.549,23.836,55.42,252.746,87.156,209.396,69.696,23.04
2018-03-10 15:00:00,49.645,46.073,48.418,23.693,53.984,249.119,85.159,212.849,66.222,22.944
2018-03-10 16:00:00,51.333,49.226,49.036,25.651,54.205,263.987,86.338,218.893,69.243,24.376
2018-03-10 17:00:00,53.929,57.439,54.051,29.646,59.222,287.5,91.77,237.786,76.802,28.315
2018-03-10 18:00:00,55.198,56.673,57.885,28.514,65.294,312.239,98.542,254.289,83.346,27.915
2018-03-10 19:00:00,57.914,55.618,59.114,28.871,72.361,312.224,97.723,262.85,87.98,31.332
2018-03-10 20:00:00,56.17,55.468,58.54,28.745,69.81,317.137,98.127,263.674,82.447,30.182
2018-03-10 21:00:00,52.157,48.282,52.872,28.864,64.608,295.886,94.559,250.452,77.469,29.189
2018-03-10 22:00:00,44.689,41.226,44.661,25.852,52.694,249.126,84.79,210.827,67.699,24.872
2018-03-10 23:00:00,41.193,35.734,38.418,24.306,44.676,216.846,69.557,186.098,57.079,22.742
2018-03-11 00:00:00,37.441,30.763,32.508,20.21,45.266,188.811,59.493,154.166,44.786,18.702
2018-03-11 01:00:00,35.736,28.602,30.896,17.929,41.751,180.65,55.667,143.737,41.447,18.386
2018-03-11 02:00:00,35.409,32.882,31.947,18.062,36.024,185.629,55.768,145.929,42.589,17.08
2018-03-11 03:00:00,36.579,34.9,31.952,19.05,36.846,191.388,58.679,151.153,44.149,17.356
2018-03-11 04:00:00,39.437,38.236,33.87,20.113,41.898,201.166,62.139,159.256,48.671,17.804
2018-03-11 05:00:00,43.103,41.52,40.585,21.04,46.87,221.183,70.412,173.438,53.386,20.34
2018-03-11 06:00:00,46.965,43.03,44.486,25.045,50.939,238.934,75.845,187.27,55.431,24.501
2018-03-11 07:00:00,49.84,48.482,52.96,23.96,53.285,262.258,86.833,203.682,67.878,25.165
2018-03-11 08:00:00,51.088,49.704,52.409,28.452,53.864,274.06,88.248,218.234,72.827,26.058
2018-03-11 09:00:00,53.177,50.5,54.39,29.619,54.319,283.591,91.691,216.718,72.097,26.247
2018-03-11 10:00:00,54.563,51.612,47.832,25.489,55.179,278.847,92.119,215.988,70.869,25.455
2018-03-11 11:00:00,52.758,51.34,48.436,23.657,54.954,263.737,89.215,210.072,68.355,26.724
2018-03-11 12:00:00,49.239,51.036,47.094,21.824,53.112,247.753,82.714,190.064,68.783,24.258
2018-03-11 13:00:00,47.546,46.566,47.823,22.005,54.209,234.774,78.45,197.235,61.716,22.696
2018-03-11 14:00:00,44.992,46.207,48.369,22.715,59.073,234.624,75.379,199.195,61.569,24.194
2018-03-11 15:00:00,44.778,45.542,47.16,24.121,56.492,240.334,77.224,198.537,62.24,25.203
2018-03-11 16:00:00,48.075,45.474,48.352,26.191,60.68,265.028,79.235,215.014,67.396,24.519
2018-03-11 17:00:00,50.625,48.246,49.384,26.615,65.897,279.848,88.324,223.477,73.427,25.169
2018-03-11 18:00:00,51.547,50.431,53.717,26.618,68.585,290.975,93.314,237.522,79.695,26.731
2018-03-11 19:00:00,49.799,50.218,54.115,28.548,65.957,296.131,91.94,237.961,75.991,27.883
2018-03-11 20:00:00,48.745,48.915,50.318,28.414,65.089,275.39,86.088,223.812,74.912,27.301
2018-03-11 21:00:00,45.964,47.46,42.151,24.923,60.549,236.321,73.098,192.105,66.542,23.783
2018-03-11 22:00:00,41.567,39.826,37.659,22.917,50.476,213.399,64.919,171.269,55.176,21.152
2018-03-11 23:00:00,39.53,37.357,34.325,21.408,44.027,202.933,60.574,159.714,48.322,18.389
2018-03-12 00:00:00,40.007,36.554,33.17,20.625,39.913,194.996,58.993,154.697,46.167,16.57
2018-03-12 01:00:00,39.864,36.618,30.792,20.029,40.409,194.335,58.221,154.21,44.742,17.242
2018-03-12 02:00:00,39.56,39.655,33.386,19.257,39.893,203.534,58.735,157.765,45.968,16.289
2018-03-12 03:00:00,41.907,37.057,34.947,19.63,39.559,214.28,61.59,165.631,49.717,17.061
2018-03-12 04:00:00,44.174,40.433,35.76,21.188,43.439,236.989,68.302,188.236,57.263,21.94
2018-03-12 05:00:00,51.966,49.931,49.147,23.789,55.113,274.946,81.229,209.855,66.461,25.101
2018-03-12 06:00:00,58.081,51.381,56.234,26.164,61.046,300.06,88.132,228.933,72.654,28.542
2018-03-12 07:00:00,62.861,50.773,55.331,28.507,67.675,313.009,92.402,240.263,79.272,31.014
2018-03-12 08:00:00,60.701,52.539,54.896,28.254,65.31,313.493,98.708,241.081,78.984,29.529
2018-03-12 09:00:00,60.141,47.904,50.581,30.447,61.133,305.188,96.14,239.232,75.676,25.635
2018-03-12 10:00:00,55.044,49.034,52.211,26.011,62.058,301.496,94.569,235.249,74.719,24.633
2018-03-12 11:00:00,55.515,46.495,48.957,24.427,56.547,282.808,90.228,230.939,69.612,25.458
2018-03-12 12:00:00,49.273,42.779,48.026,20.765,51.57,269.425,85.648,218.0,66.32,26.056
2018-03-12 13:00:00,49.517,40.978,46.367,21.02,50.531,270.514,83.739,212.207,63.354,25.694
2018-03-12 14:00:00,48.753,40.441,42.246,21.101,51.25,270.52,83.245,214.237,64.02,24.097
2018-03-12 15:00:00,49.624,41.919,44.761,21.801,56.268,276.484,87.355,217.385,68.434,27.247
2018-03-12 16:00:00,51.394,44.886,49.807,23.652,56.169,283.59,97.446,229.632,75.939,29.25
2018-03-12 17:00:00,52.937,49.882,52.383,24.415,59.993,302.857,101.008,244.549,83.882,28.088
2018-03-12 18:00:00,56.362,50.308,54.121,28.188,70.777,314.381,100.833,254.344,86.17,30.381
2018-03-12 19:00:00,56.859,50.808,54.584,26.941,72.363,307.718,102.316,260.136,85.101,29.647
2018-03-12 20:00:00,53.89,45.19,51.567,25.322,62.775,290.584,97.11,247.909,77.288,27.252
2018-03-12 21:00:00,50.297,40.486,41.999,22.082,53.811,251.147,78.884,204.048,63.106,23.921
2018-03-12 22:00:00,45.438,36.848,36.886,20.169,45.45,215.07,67.915,170.769,53.823,20.69
2018-03-12 23:00:00,37.006,32.182,32.809,18.586,41.909,193.103,61.912,154.688,46.641,18.365
2018-03-13 00:00:00,35.179,30.845,29.591,17.919,37.068,181.901,58.651,147.196,43.374,16.977
2018-03-13 01:00:00,35.119,30.841,29.609,17.786,35.633,180.265,56.285,146.064,43.974,16.408
2018-03-13 02:00:00,36.785,34.463,29.699,18.653,35.641,185.305,55.635,148.339,43.424,15.832
2018-03-13 03:00:00,36.62,34.539,30.114,19.021,36.837,196.358,61.481,158.399,45.555,16.571
2018-03-13 04:00:00,40.02,37.895,34.718,21.57,40.502,222.839,69.865,181.373,52.531,19.151
2018-03-13 05:00:00,46.68,42.944,46.543,23.654,49.542,261.272,79.638,209.775,63.545,23.068
2018-03-13 06:00:00,50.872,44.669,51.526,24.625,54.029,285.8,85.575,231.739,73.772,25.7
2018-03-13 07:00:00,58.502,50.184,53.614,26.322,57.955,306.488,94.951,254.118,82.045,26.45
2018-03-13 08:00:00,63.732,50.291,54.488,28.506,59.969,329.589,95.532,269.283,86.322,27.408
2018-03-13 09:00:00,64.702,53.876,56.953,29.067,60.326,328.821,102.306,274.588,88.79,28.292
2018-03-13 10:00:00,66.094,51.029,53.861,28.103,59.166,329.475,106.175,277.478,87.761,27.618
2018-03-13 11:00:00,64.729,50.592,50.91,26.929,57.798,339.813,104.559,278.539,83.913,26.351
2018-03-13 12:00:00,59.686,49.806,49.036,27.593,56.771,326.892,95.306,274.986,80.832,27.432
2018-03-13 13:00:00,57.851,49.056,47.073,23.806,57.061,318.815,98.28,267.177,75.34,27.818
2018-03-13 14:00:00,60.743,48.71,49.381,23.093,56.338,310.099,97.286,261.965,75.057,27.021
2018-03-13 15:00:00,58.304,49.963,52.507,24.564,58.47,315.165,100.625,263.616,79.891,26.242
2018-03-13 16:00:00,57.953,53.683,55.478,26.022,59.325,318.541,105.331,275.703,86.127,27.548
2018-03-13 17:00:00,59.637,56.312,59.109,28.572,63.635,328.448,106.097,283.089,90.694,28.779
2018-03-13 18:00:00,60.412,56.556,58.48,29.379,67.988,341.047,110.518,294.918,92.624,30.011
2018-03-13 19:00:00,58.886,55.231,54.98,32.084,67.084,328.409,109.056,284.733,87.774,31.269
2018-03-13 20:00:00,55.129,50.484,52.179,29.905,64.034,303.379,107.691,259.811,81.894,31.223
2018-03-13 21:00:00,49.909,43.276,44.004,27.663,59.914,262.882,88.525,223.523,68.825,29.244
2018-03-13 22:00:00,43.272,37.349,39.982,24.424,55.308,228.131,74.391,188.679,57.044,22.798
2018-03-13 23:00:00,41.104,34.318,35.402,22.029,42.756,199.866,66.381,169.328,50.195,19.974
2018-03-14 00:00:00,38.584,32.293,32.853,20.017,37.863,189.701,61.893,158.563,44.612,18.229
2018-03-14 01:00:00,36.34,31.097,31.417,19.189,38.293,189.896,59.191,157.727,44.399,17.664
2018-03-14 02:00:00,36.835,34.021,31.509,19.386,38.791,191.492,58.47,156.515,44.559,16.983
2018-03-14 03:00:00,38.813,35.505,33.287,20.082,39.07,196.412,61.442,161.277,47.392,17.979
2018-03-14 04:00:00,41.625,39.233,35.296,21.994,43.975,218.435,69.328,180.085,52.516,21.008
2018-03-14 05:00:00,49.666,43.595,46.848,23.856,51.968,257.141,81.719,209.584,61.832,26.468
2018-03-14 06:00:00,55.092,47.942,56.15,25.32,58.747,284.962,88.483,232.562,71.949,28.203
2018-03-14 07:00:00,59.087,49.837,58.207,26.83,60.393,304.367,95.623,242.975,76.22,26.839
2018-03-14 08:00:00,60.915,50.445,56.018,27.097,61.703,312.742,95.221,251.982,79.748,27.038
2018-03-14 09:00:00,64.087,48.78,51.151,26.543,60.964,303.582,94.471,262.896,78.622,27.186
2018-03-14 10:00:00,60.446,48.424,50.468,24.72,57.778,303.284,95.191,255.279,72.049,27.13
2018-03-14 11:00:00,61.543,45.795,48.792,22.612,56.95,293.733,92.818,240.217,72.006,27.874
2018-03-14 12:00:00,58.896,44.994,47.455,22.233,58.913,279.178,88.105,231.239,69.952,27.016
2018-03-14 13:00:00,52.61,46.656,44.802,25.09,58.834,266.149,86.965,219.684,66.324,25.458
2018-03-14 14:00:00,53.43,45.425,42.578,24.829,53.598,264.523,84.074,220.985,66.344,23.845
2018-03-14 15:00:00,53.313,50.467,46.18,24.347,57.235,275.768,85.267,226.075,71.667,26.784
2018-03-14 16:00:00,54.601,52.692,48.816,23.223,60.39,289.746,88.146,227.002,76.423,26.008
2018-03-14 17:00:00,56.978,51.721,51.669,26.48,67.263,299.042,93.542,241.459,81.01,28.152
2018-03-14 18:00:00,59.336,53.972,54.023,29.934,68.481,315.862,99.377,253.488,84.052,27.555
2018-03-14 19:00:00,58.551,55.071,57.532,29.528,64.479,305.671,96.507,259.169,83.116,27.787
2018-03-14 20:00:00,54.9,50.939,52.394,29.384,59.265,291.196,92.683,242.031,75.191,28.908
2018-03-14 21:00:00,52.291,43.907,44.285,25.238,49.525,252.168,81.871,203.608,64.532,25.157
2018-03-14 22:00:00,44.835,35.949,38.936,23.37,43.194,215.272,66.853,174.095,56.141,20.694
2018-03-14 23:00:00,40.602,32.901,36.809,22.903,41.85,191.538,61.135,159.422,48.166,18.557
2018-03-15 00:00:00,38.9,30.248,32.365,21.849,37.794,180.839,56.29,149.543,43.897,17.741
2018-03-15 01:00:00,36.831,30.387,30.839,19.443,36.81,178.789,55.262,149.17,42.18,18.116
2018-03-15 02:00:00,35.863,34.17,30.725,19.333,36.72,182.145,55.89,152.763,42.325,17.466
2018-03-15 03:00:00,38.282,35.064,32.096,20.125,38.152,190.919,60.409,158.043,44.471,18.58
2018-03-15 04:00:00,41.932,37.023,35.314,21.194,42.82,212.934,66.589,172.943,53.241,20.601
2018-03-15 05:00:00,48.995,42.581,47.201,24.424,49.313,254.157,78.447,202.358,62.246,24.427
2018-03-15 06:00:00,52.619,47.182,52.315,25.891,54.121,274.156,86.397,228.737,69.798,28.198
2018-03-15 07:00:00,58.901,49.373,51.767,26.526,59.424,283.988,93.545,239.278,81.658,32.819
2018-03-15 08:00:00,62.572,51.586,50.72,27.137,58.201,296.971,94.959,251.338,82.619,27.558
2018-03-15 09:00:00,63.296,50.263,53.231,30.299,55.682,300.514,91.86,248.338,75.518,27.112
2018-03-15 10:00:00,60.556,49.645,53.966,27.267,56.366,294.354,90.205,245.981,79.152,26.658
2018-03-15 11:00:00,54.915,49.88,51.381,24.953,58.316,284.829,92.544,238.452,78.374,28.609
2018-03-15 12:00:00,51.767,47.24,53.026,24.903,53.422,275.349,91.918,231.396,68.827,24.124
2018-03-15 13:00:00,48.639,42.241,44.488,22.696,48.801,265.503,82.336,221.07,64.63,24.282
2018-03-15 14:00:00,49.318,46.439,44.091,23.111,51.082,260.054,87.246,215.984,65.387,23.584
2018-03-15 15:00:00,53.328,47.376,49.85,24.111,56.639,264.121,83.326,223.929,67.024,23.845
2018-03-15 16:00:00,56.381,48.889,55.487,24.46,59.335,275.53,95.534,228.717,69.941,27.129
2018-03-15 17:00:00,54.771,49.238,55.057,27.274,59.698,285.836,99.63,235.604,77.499,35.395
2018-03-15 18:00:00,58.041,50.918,56.927,27.216,68.632,308.242,101.207,258.54,85.825,30.736
2018-03-15 19:00:00,57.76,51.283,60.649,28.251,66.028,304.743,100.455,259.08,83.246,29.479
2018-03-15 20:00:00,52.672,49.193,60.98,27.27,63.025,286.82,97.862,236.136,75.854,28.178
2018-03-15 21:00:00,47.937,43.839,53.901,24.761,55.851,245.359,85.682,203.524,62.556,24.798
2018-03-15 22:00:00,43.639,37.004,43.879,22.462,47.134,212.062,75.132,172.632,51.692,21.341
2018-03-15 23:00:00,38.825,33.627,36.855,21.573,41.98,189.054,63.27,159.019,46.461,20.079
2018-03-16 00:00:00,37.134,32.008,31.819,19.812,40.34,179.681,58.819,150.645,45.509,17.521
2018-03-16 01:00:00,36.563,30.48,31.209,19.357,38.476,178.008,57.116,150.986,44.171,17.644
2018-03-16 02:00:00,36.668,34.353,32.338,19.3,37.546,182.926,59.523,156.784,43.297,16.859
2018-03-16 03:00:00,38.409,34.539,32.314,20.073,40.381,192.41,63.56,157.719,47.138,17.783
2018-03-16 04:00:00,41.317,38.184,36.048,23.124,44.495,211.259,66.433,177.108,56.638,20.376
2018-03-16 05:00:00,48.635,43.629,47.407,26.925,52.225,251.969,79.154,212.235,69.571,23.772
2018-03-16 06:00:00,56.359,51.331,55.45,27.068,57.99,287.41,89.022,240.021,77.017,26.746
2018-03-16 07:00:00,61.25,50.59,54.621,28.616,61.916,306.445,100.269,252.543,86.245,28.132
2018-03-16 08:00:00,64.128,45.707,53.493,30.213,63.653,322.273,103.484,262.833,83.231,27.27
2018-03-16 09:00:00,63.162,45.839,58.223,31.786,65.225,326.116,103.787,263.316,80.965,27.88
2018-03-16 10:00:00,62.156,46.491,59.432,29.234,64.679,310.759,102.621,261.375,83.23,28.015
2018-03-16 11:00:00,62.055,44.503,51.496,27.058,62.499,304.028,106.529,268.712,80.701,30.587
2018-03-16 12:00:00,60.918,42.391,54.342,26.229,61.366,305.278,101.701,247.783,73.584,27.779
2018-03-16 13:00:00,54.259,43.418,49.618,26.644,59.033,296.829,92.28,239.736,74.59,26.562
2018-03-16 14:00:00,54.019,46.135,47.401,25.939,57.458,297.071,98.119,235.071,71.479,28.257
2018-03-16 15:00:00,56.141,45.963,52.595,29.695,58.264,293.594,95.188,241.469,75.15,27.145
2018-03-16 16:00:00,60.542,54.97,51.869,29.273,62.183,307.416,99.24,255.736,78.22,27.253
2018-03-16 17:00:00,60.544,56.109,55.513,31.223,64.271,329.117,104.408,274.911,90.523,27.476
2018-03-16 18:00:00,66.474,57.686,59.553,34.06,71.64,337.049,117.768,281.549,94.313,30.342
2018-03-16 19:00:00,62.28,58.98,61.352,37.103,70.248,329.741,111.518,271.944,89.749,31.662
2018-03-16 20:00:00,63.558,55.627,54.797,32.881,67.776,311.709,103.292,257.036,83.357,31.701
2018-03-16 21:00:00,54.373,51.054,47.311,29.136,58.222,279.596,92.906,232.506,69.111,24.601
2018-03-16 22:00:00,51.306,44.275,39.815,26.665,50.939,244.774,76.191,200.861,58.809,22.951
2018-03-16 23:00:00,46.137,42.115,36.766,24.703,46.7,217.855,68.873,185.249,53.454,20.724
2018-03-17 00:00:00,42.293,38.022,33.061,24.07,43.421,206.13,65.52,166.586,52.986,18.993
2018-03-17 01:00:00,42.348,36.347,32.507,24.448,43.653,200.412,67.991,165.408,53.38,19.132
2018-03-17 02:00:00,44.869,40.547,33.594,24.101,41.709,203.976,67.635,175.706,52.994,18.414
2018-03-17 03:00:00,45.471,41.694,34.855,24.037,41.339,209.725,67.78,184.388,55.717,19.155
2018-03-17 04:00:00,47.012,43.227,37.57,26.416,44.485,219.837,70.283,180.304,56.36,20.703
2018-03-17 05:00:00,50.646,46.016,46.299,28.873,50.665,239.327,77.784,194.213,60.201,25.606
2018-03-17 06:00:00,54.647,48.891,51.043,30.715,59.796,257.267,82.672,207.179,65.972,27.726
2018-03-17 07:00:00,58.748,51.719,54.597,30.684,55.281,281.21,88.174,227.067,79.644,27.788
2018-03-17 08:00:00,60.318,52.727,55.13,31.795,58.793,285.181,94.76,238.281,75.303,28.201
2018-03-17 09:00:00,62.827,53.575,57.121,32.963,64.898,280.144,93.454,236.444,73.13,30.201
2018-03-17 10:00:00,61.782,53.954,57.555,31.497,62.283,280.981,98.674,228.616,77.787,29.733
2018-03-17 11:00:00,56.971,54.191,58.741,29.525,63.758,283.937,90.153,226.042,80.046,29.06
2018-03-17 12:00:00,55.816,51.57,49.653,30.03,60.627,274.33,88.631,221.201,71.824,29.392
2018-03-17 13:00:00,58.402,59.246,49.073,29.134,60.394,273.975,91.586,226.353,76.975,24.204
2018-03-17 14:00:00,58.079,53.902,48.899,27.086,59.69,291.459,89.919,246.352,80.152,25.264
2018-03-17 15:00:00,57.845,56.763,50.243,28.614,58.84,299.948,100.377,257.541,81.853,27.466
2018-03-17 16:00:00,58.473,55.458,52.331,30.412,63.898,316.366,105.556,270.77,88.673,28.326
2018-03-17 17:00:00,60.907,57.937,55.577,31.833,69.943,327.335,108.68,284.068,93.385,31.179
2018-03-17 18:00:00,63.125,60.964,57.876,36.516,77.611,350.058,118.128,296.503,94.687,31.25
2018-03-17 19:00:00,64.935,61.213,58.648,36.041,77.138,355.029,115.128,293.095,96.496,31.66
2018-03-17 20:00:00,61.717,58.7,57.045,37.343,70.096,334.86,105.66,280.893,94.968,31.0
2018-03-17 21:00:00,59.161,55.349,49.672,37.617,66.34,294.064,90.557,247.102,81.976,27.102
2018-03-17 22:00:00,54.431,53.359,43.599,36.315,57.331,264.358,83.478,214.831,68.407,26.239
2018-03-17 23:00:00,52.696,50.107,42.867,36.898,52.997,241.811,77.271,198.666,62.124,24.834
2018-03-18 00:00:00,52.639,50.3,44.615,34.076,51.602,236.796,73.297,187.413,59.506,22.928
2018-03-18 01:00:00,50.56,50.246,42.539,33.362,53.169,238.664,72.432,187.314,60.122,24.122
2018-03-18 02:00:00,51.663,54.424,40.465,34.623,52.367,245.947,74.409,189.685,60.701,23.933
2018-03-18 03:00:00,52.264,54.65,41.786,34.85,54.911,253.149,79.897,198.25,62.261,25.492
2018-03-18 04:00:00,55.877,58.022,44.487,35.505,61.697,267.518,87.949,206.64,65.178,27.804
2018-03-18 05:00:00,61.572,61.017,51.46,38.014,72.629,296.747,94.224,224.397,70.654,31.045
2018-03-18 06:00:00,61.339,63.203,55.949,39.209,74.168,299.591,98.181,236.706,79.032,35.526
2018-03-18 07:00:00,64.634,63.811,59.431,39.737,83.604,319.226,102.37,254.764,82.278,35.308
2018-03-18 08:00:00,66.511,60.618,61.525,34.14,76.009,332.037,103.621,262.949,82.609,40.673
2018-03-18 09:00:00,61.822,57.774,57.339,32.771,68.2,318.942,102.484,257.088,79.067,37.74
2018-03-18 10:00:00,64.658,56.704,56.288,32.093,67.438,308.294,100.142,252.041,77.247,30.744
2018-03-18 11:00:00,59.341,51.999,57.106,36.577,66.468,305.65,100.248,246.292,81.207,29.421
2018-03-18 12:00:00,58.34,51.116,57.918,32.151,60.918,293.342,98.557,229.759,79.487,28.246
2018-03-18 13:00:00,59.042,52.867,53.545,28.559,56.498,285.713,98.784,229.891,78.231,25.773
2018-03-18 14:00:00,54.553,50.395,48.831,27.429,57.916,287.958,91.844,236.886,76.345,28.398
2018-03-18 15:00:00,54.825,51.998,50.028,25.813,62.47,294.487,91.847,240.693,80.347,27.274
2018-03-18 16:00:00,60.739,51.269,50.738,26.881,64.39,297.588,90.379,241.269,79.292,26.732
2018-03-18 17:00:00,60.498,51.7,55.725,28.731,65.918,302.625,98.941,250.545,86.28,28.787
2018-03-18 18:00:00,64.079,54.611,66.935,31.544,72.413,318.49,104.905,267.184,91.735,31.437
2018-03-18 19:00:00,61.459,58.206,60.21,31.864,74.896,322.226,107.4,269.561,91.713,31.855
2018-03-18 20:00:00,58.569,53.71,53.8,32.284,71.961,308.884,99.193,259.769,87.139,33.489
2018-03-18 21:00:00,55.813,50.148,47.154,32.579,63.795,278.611,86.81,229.634,79.866,27.731
2018-03-18 22:00:00,51.858,45.032,41.692,31.058,62.577,250.773,78.368,202.798,62.943,25.141
2018-03-18 23:00:00,50.651,43.454,40.596,28.514,56.123,233.792,71.914,186.545,56.986,24.134
2018-03-19 00:00:00,48.19,42.077,38.781,26.419,55.141,225.399,70.761,181.046,55.415,22.75
2018-03-19 01:00:00,46.483,44.272,37.169,25.836,54.27,225.934,69.383,182.537,54.854,23.605
2018-03-19 02:00:00,47.868,50.042,37.799,25.908,52.981,232.229,70.946,189.12,56.059,23.32
2018-03-19 03:00:00,49.941,52.182,41.198,27.35,53.852,238.38,75.221,195.241,63.101,25.487
2018-03-19 04:00:00,53.888,50.968,46.724,29.743,62.779,259.692,83.914,216.382,69.635,29.347
2018-03-19 05:00:00,61.439,58.894,57.323,35.02,74.99,294.689,97.736,244.008,75.709,33.567
2018-03-19 06:00:00,67.851,62.7,59.156,38.476,81.201,322.395,102.528,265.223,82.997,36.113
2018-03-19 07:00:00,74.206,62.086,57.283,36.545,79.306,338.189,112.434,282.349,85.652,36.314
2018-03-19 08:00:00,71.913,56.682,58.306,34.576,76.794,351.893,113.063,276.6,88.841,38.356
2018-03-19 09:00:00,66.637,53.935,58.802,35.388,67.952,347.885,111.288,276.329,86.974,31.902
2018-03-19 10:00:00,62.621,50.806,58.376,36.75,65.927,340.199,110.802,268.035,84.97,29.503
2018-03-19 11:00:00,61.104,47.898,54.898,40.275,61.261,327.702,110.677,261.915,81.672,30.435
2018-03-19 12:00:00,60.387,47.178,53.512,29.662,61.46,304.343,101.504,258.558,76.2,30.178
2018-03-19 13:00:00,54.886,48.863,46.034,28.971,57.262,293.594,100.082,246.528,76.086,25.562
2018-03-19 14:00:00,52.889,46.87,45.341,26.575,56.606,284.288,96.511,236.301,75.159,25.226
2018-03-19 15:00:00,54.076,45.37,48.476,26.755,60.032,288.042,96.585,237.492,73.098,25.159
2018-03-19 16:00:00,51.984,47.81,48.411,26.507,63.753,301.018,99.272,247.283,81.766,26.209
2018-03-19 17:00:00,53.84,49.483,54.505,28.855,66.557,312.956,102.468,259.426,85.123,27.548
2018-03-19 18:00:00,58.848,53.972,59.708,31.456,69.027,327.153,108.713,270.876,88.045,30.103
2018-03-19 19:00:00,59.287,56.063,54.377,32.548,65.648,327.247,106.476,273.711,88.749,28.695
2018-03-19 20:00:00,57.89,54.518,50.65,34.079,63.602,299.355,98.92,261.276,85.399,30.244
2018-03-19 21:00:00,54.741,47.39,45.427,30.062,58.626,268.119,88.498,232.165,75.395,25.855
2018-03-19 22:00:00,47.519,44.475,41.12,29.578,53.094,235.972,81.178,202.831,63.071,22.664
2018-03-19 23:00:00,44.605,42.558,38.25,30.268,50.475,214.569,71.494,180.072,54.019,21.394
2018-03-20 00:00:00,43.467,40.416,36.449,28.318,47.753,208.151,68.497,168.815,50.434,20.871
2018-03-20 01:00:00,43.408,40.068,37.855,26.12,47.368,208.208,67.837,168.648,51.082,21.578
2018-03-20 02:00:00,43.748,45.035,38.365,25.411,49.932,210.975,68.538,173.434,52.186,20.783
2018-03-20 03:00:00,45.747,48.607,41.13,27.921,51.931,217.358,70.5,179.315,54.757,23.177
2018-03-20 04:00:00,49.695,52.995,44.181,32.25,58.891,242.198,75.147,200.056,61.235,26.871
2018-03-20 05:00:00,55.609,58.784,52.621,33.686,69.611,282.029,86.648,230.775,71.25,33.971
2018-03-20 06:00:00,59.766,60.187,57.523,35.238,75.248,303.393,93.284,250.969,79.623,36.614
2018-03-20 07:00:00,66.226,60.43,59.693,35.193,79.067,310.354,100.58,256.936,84.068,34.805
2018-03-20 08:00:00,63.29,57.19,56.905,31.298,73.84,313.454,100.917,260.704,87.15,31.207
2018-03-20 09:00:00,61.462,52.673,52.853,28.965,68.266,304.096,107.032,258.481,80.252,28.219
2018-03-20 10:00:00,59.715,52.128,50.776,29.1,61.77,300.392,100.166,243.976,78.349,26.756
2018-03-20 11:00:00,55.771,45.87,46.547,26.196,57.367,289.56,93.763,228.201,74.764,27.844
2018-03-20 12:00:00,51.516,43.533,43.752,23.3,51.347,279.121,87.836,215.504,66.758,25.225
2018-03-20 13:00:00,49.901,39.122,41.492,20.703,53.195,260.0,82.965,211.299,64.215,22.709
2018-03-20 14:00:00,49.022,37.618,41.33,19.528,50.6,254.774,81.283,208.532,64.471,21.743
2018-03-20 15:00:00,47.339,40.283,42.249,19.744,52.197,258.494,80.388,220.336,66.349,23.607
2018-03-20 16:00:00,49.879,43.885,49.03,23.604,54.81,270.591,84.263,221.766,65.888,24.16
2018-03-20 17:00:00,49.399,46.611,50.959,24.907,59.793,279.679,94.571,240.028,71.255,23.72
2018-03-20 18:00:00,54.314,50.293,53.525,27.709,63.689,297.408,101.875,256.892,74.273,29.856
2018-03-20 19:00:00,53.983,48.867,54.624,27.982,64.723,298.726,96.803,249.63,76.257,29.588
2018-03-20 20:00:00,51.355,48.103,52.474,26.325,61.551,286.116,94.252,237.015,73.674,26.97
2018-03-20 21:00:00,46.15,42.815,43.723,25.568,54.591,240.904,77.139,206.648,66.392,22.211
2018-03-20 22:00:00,42.932,40.534,37.916,23.708,49.212,208.788,64.52,178.177,53.95,20.363
2018-03-20 23:00:00,41.891,35.804,36.198,25.114,47.004,191.262,62.821,162.308,47.31,18.141
2018-03-21 00:00:00,40.883,35.135,34.574,25.924,44.626,186.207,60.608,152.611,45.391,17.46
2018-03-21 01:00:00,41.092,36.783,31.206,26.295,42.811,184.528,60.607,150.542,45.122,17.456
2018-03-21 02:00:00,41.952,41.072,32.47,29.442,42.663,190.627,61.896,155.913,46.174,16.806
2018-03-21 03:00:00,45.063,43.344,33.555,30.044,45.74,198.984,66.689,161.24,49.17,19.309
2018-03-21 04:00:00,49.831,46.592,36.368,32.306,51.86,221.241,73.069,183.091,56.825,20.804
2018-03-21 05:00:00,55.627,52.648,47.154,35.664,64.416,260.511,85.464,214.113,64.301,24.671
2018-03-21 06:00:00,59.565,52.932,51.617,36.488,68.515,282.401,90.438,231.162,70.658,28.515
2018-03-21 07:00:00,64.464,51.723,53.134,35.878,70.075,305.368,99.287,247.685,78.56,30.166
2018-03-21 08:00:00,61.26,53.041,54.745,35.128,68.036,322.129,99.511,252.309,81.583,30.427
2018-03-21 09:00:00,62.403,48.886,53.948,34.113,68.327,325.666,100.999,260.801,82.128,28.834
2018-03-21 10:00:00,59.391,52.53,57.119,30.574,64.649,323.384,102.29,256.837,77.89,27.936
2018-03-21 11:00:00,57.972,52.297,50.534,25.278,60.188,299.874,99.481,252.326,74.915,28.649
2018-03-21 12:00:00,55.165,45.768,47.26,24.713,58.398,288.389,90.91,238.153,68.762,27.764
2018-03-21 13:00:00,52.861,42.836,41.835,23.76,54.908,269.312,87.833,222.527,65.949,26.66
2018-03-21 14:00:00,51.204,41.329,42.658,22.092,53.612,262.251,94.425,217.412,67.903,26.006
2018-03-21 15:00:00,50.146,41.091,44.969,22.531,54.496,271.255,86.971,220.366,69.218,28.057
2018-03-21 16:00:00,50.124,45.895,46.181,23.696,55.42,284.972,90.96,236.715,75.183,28.102
2018-03-21 17:00:00,52.036,46.367,52.071,24.631,57.759,292.473,92.862,238.982,80.034,30.427
2018-03-21 18:00:00,53.999,52.023,55.704,29.253,63.342,309.473,96.245,252.979,84.887,30.211
2018-03-21 19:00:00,52.35,49.325,58.321,28.417,62.92,296.344,94.385,252.99,79.031,27.771
2018-03-21 20:00:00,54.293,47.177,51.354,23.932,63.775,275.444,94.277,234.535,71.37,27.165
2018-03-21 21:00:00,48.6,40.354,43.775,22.518,55.042,245.577,77.501,202.037,61.664,22.206
2018-03-21 22:00:00,39.54,34.754,36.076,20.893,45.011,212.573,66.828,171.94,49.627,19.259
2018-03-21 23:00:00,34.586,30.011,31.392,19.849,40.36,190.472,56.691,152.301,43.729,17.495
2018-03-22 00:00:00,33.22,27.934,29.861,17.938,38.227,176.601,53.175,141.705,40.764,15.924
2018-03-22 01:00:00,31.791,27.372,29.716,17.571,36.925,175.413,52.808,140.722,40.791,15.722
2018-03-22 02:00:00,32.241,30.752,28.962,17.576,36.797,181.124,54.137,142.171,40.567,15.035
2018-03-22 03:00:00,34.61,32.059,30.709,17.336,37.849,191.123,55.881,154.365,44.644,15.94
2018-03-22 04:00:00,35.854,35.336,34.182,20.393,41.363,203.143,62.461,174.452,50.538,17.696
2018-03-22 05:00:00,43.962,38.174,45.167,23.076,51.143,246.902,73.429,209.276,61.437,21.481
2018-03-22 06:00:00,50.241,42.434,49.055,27.087,57.064,272.369,82.525,237.132,70.235,27.294
2018-03-22 07:00:00,54.007,44.58,50.666,26.101,58.004,293.965,87.324,249.407,73.795,25.577
2018-03-22 08:00:00,53.68,46.714,50.438,25.571,57.59,299.433,89.513,259.843,78.764,24.497
2018-03-22 09:00:00,54.987,46.158,51.76,26.149,56.067,307.768,89.287,263.4,74.479,24.514
2018-03-22 10:00:00,54.563,48.369,48.971,24.777,59.391,291.534,94.403,259.339,75.517,22.984
2018-03-22 11:00:00,54.125,44.472,47.97,24.099,57.218,283.56,91.755,248.487,70.902,24.699
2018-03-22 12:00:00,52.051,39.113,43.585,22.16,51.751,274.556,84.471,235.405,65.716,21.601
2018-03-22 13:00:00,47.369,41.667,40.576,23.567,47.433,259.617,80.651,215.718,64.638,20.658
2018-03-22 14:00:00,45.167,39.229,41.941,21.222,48.404,263.142,78.222,212.819,66.408,20.71
2018-03-22 15:00:00,46.903,41.563,43.324,21.135,52.094,261.693,81.938,217.287,68.307,22.157
2018-03-22 16:00:00,49.389,47.465,46.778,22.801,58.376,268.425,87.561,233.583,71.624,24.126
2018-03-22 17:00:00,51.073,46.044,47.646,23.695,64.09,286.83,90.863,238.827,73.034,25.37
2018-03-22 18:00:00,55.979,48.586,50.282,25.436,65.804,301.523,93.437,253.882,78.213,26.809
2018-03-22 19:00:00,54.626,46.051,51.53,26.117,63.444,291.102,93.475,261.336,76.055,28.2
2018-03-22 20:00:00,52.122,44.435,48.261,26.505,61.506,277.31,93.853,238.585,70.971,25.834
2018-03-22 21:00:00,46.731,40.277,40.754,24.549,52.109,238.522,79.604,203.423,61.204,21.859
2018-03-22 22:00:00,39.018,36.308,35.792,23.112,43.424,205.469,63.529,179.024,49.074,18.611
2018-03-22 23:00:00,34.721,31.849,33.293,21.284,40.681,186.954,56.08,161.763,44.073,16.292
2018-03-23 00:00:00,33.66,30.183,31.359,19.822,39.469,179.14,53.69,153.956,42.973,15.772
2018-03-23 01:00:00,33.012,29.715,30.565,20.84,38.251,169.568,53.755,147.781,41.713,16.678
2018-03-23 02:00:00,33.798,33.762,31.188,21.431,39.331,172.51,54.408,148.744,42.779,16.04
2018-03-23 03:00:00,35.631,36.561,33.349,21.787,41.474,181.101,59.194,157.443,45.786,17.034
2018-03-23 04:00:00,38.478,39.475,37.107,24.567,46.309,199.444,67.229,179.313,52.479,21.168
2018-03-23 05:00:00,44.48,44.506,46.875,28.574,56.529,237.907,78.208,206.713,64.027,25.722
2018-03-23 06:00:00,50.631,48.509,52.907,30.917,62.007,263.611,85.678,229.187,69.046,27.052
2018-03-23 07:00:00,53.459,50.479,53.806,32.019,67.402,272.328,88.612,239.891,72.13,26.83
2018-03-23 08:00:00,54.689,49.531,51.079,30.595,60.274,285.665,97.15,245.359,75.316,27.86
2018-03-23 09:00:00,56.695,46.436,51.924,27.995,56.66,291.173,99.882,238.324,69.486,25.2
2018-03-23 10:00:00,54.279,49.022,49.247,26.829,58.546,283.349,93.973,232.147,64.561,25.498
2018-03-23 11:00:00,56.296,43.426,46.814,25.31,54.991,267.085,91.157,222.226,68.73,23.691
2018-03-23 12:00:00,51.336,40.135,44.548,22.741,51.693,265.019,86.24,212.055,67.218,22.68
2018-03-23 13:00:00,45.001,39.499,41.871,22.751,47.661,254.145,79.246,203.705,64.047,22.798
2018-03-23 14:00:00,43.661,39.255,41.916,19.494,48.686,250.558,78.078,205.948,61.914,24.219
2018-03-23 15:00:00,43.449,42.1,45.47,21.922,52.324,257.372,83.804,214.424,68.825,23.764
2018-03-23 16:00:00,46.503,44.187,48.827,20.294,53.928,267.17,88.2,225.297,69.824,24.81
2018-03-23 17:00:00,47.909,48.63,48.722,21.052,60.3,283.044,94.56,239.496,73.107,27.465
2018-03-23 18:00:00,52.34,50.928,51.585,25.814,64.026,305.091,95.418,254.881,79.016,27.152
2018-03-23 19:00:00,54.604,50.753,53.203,26.472,61.344,289.966,94.275,255.433,74.844,26.859
2018-03-23 20:00:00,49.16,47.078,50.786,24.375,60.456,277.91,88.601,241.416,70.698,26.267
2018-03-23 21:00:00,43.638,43.648,47.118,21.58,53.482,231.772,73.016,200.8,60.631,24.177
2018-03-23 22:00:00,37.689,35.339,35.145,18.911,44.167,194.03,62.95,171.184,51.564,18.814
2018-03-23 23:00:00,35.817,29.938,29.89,18.695,39.929,176.273,57.298,153.012,45.099,17.209
2018-03-24 00:00:00,32.854,28.236,27.714,18.495,39.254,169.0,55.298,143.206,41.913,16.903
2018-03-24 01:00:00,32.537,27.829,28.19,18.414,38.038,165.541,54.824,138.125,40.97,17.349
2018-03-24 02:00:00,32.823,31.119,28.566,19.432,38.488,165.997,52.679,141.273,41.319,16.863
2018-03-24 03:00:00,34.267,32.948,28.45,20.059,38.755,171.379,55.05,144.321,42.385,18.567
2018-03-24 04:00:00,37.195,35.696,31.369,21.687,42.304,181.847,58.057,151.114,44.884,20.518
2018-03-24 05:00:00,41.72,38.785,41.566,23.14,48.413,203.3,64.619,166.5,50.165,21.937
2018-03-24 06:00:00,45.406,40.295,46.545,23.948,52.322,218.903,67.03,183.481,53.955,26.02
2018-03-24 07:00:00,47.639,46.045,46.623,25.409,54.309,240.615,75.533,204.16,60.777,27.999
2018-03-24 08:00:00,49.328,46.564,47.75,24.388,54.654,259.526,81.491,215.323,67.438,26.386
2018-03-24 09:00:00,51.396,47.106,49.314,24.692,56.125,262.807,92.986,206.478,67.677,28.719
2018-03-24 10:00:00,49.458,50.413,46.374,24.577,52.378,253.131,87.65,208.476,66.666,27.573
2018-03-24 11:00:00,50.032,50.876,47.762,22.713,50.64,249.251,80.374,202.232,65.395,24.546
2018-03-24 12:00:00,51.067,50.451,45.226,22.043,48.55,234.324,76.094,190.103,66.847,22.464
2018-03-24 13:00:00,47.016,43.222,47.347,21.277,50.648,231.652,80.442,190.648,62.615,20.686
2018-03-24 14:00:00,46.297,40.747,44.789,23.877,56.663,237.248,82.563,192.088,61.716,21.298
2018-03-24 15:00:00,47.112,40.233,45.055,24.382,55.007,249.734,85.727,199.156,62.526,22.414
2018-03-24 16:00:00,49.008,46.55,47.057,24.324,63.105,263.801,85.98,211.737,67.927,25.092
2018-03-24 17:00:00,50.18,44.42,50.588,23.751,65.791,275.003,90.708,223.494,69.886,25.982
2018-03-24 18:00:00,51.496,49.826,56.93,26.886,61.422,295.491,96.681,249.081,79.223,27.033
2018-03-24 19:00:00,52.075,49.236,55.599,30.224,63.991,295.68,98.711,244.276,79.169,29.265
2018-03-24 20:00:00,50.897,44.816,49.657,28.397,64.772,278.086,94.962,234.885,71.732,27.721
2018-03-24 21:00:00,43.86,39.019,40.304,28.294,55.436,239.039,79.587,196.751,61.026,23.083
2018-03-24 22:00:00,38.878,34.852,32.451,21.133,44.372,204.367,64.798,167.124,52.88,19.449
2018-03-24 23:00:00,36.676,31.209,31.668,19.806,41.525,183.067,58.604,149.008,45.69,18.157
2018-03-25 00:00:00,35.448,28.933,28.855,18.853,38.588,174.359,54.217,139.768,41.325,17.091
2018-03-25 01:00:00,34.434,28.832,29.101,18.281,37.906,173.046,53.148,136.852,42.182,17.776
2018-03-25 02:00:00,34.692,32.737,29.669,18.771,38.22,175.36,53.324,139.625,42.475,16.522
2018-03-25 03:00:00,36.903,35.139,30.402,19.111,38.167,178.471,55.565,144.949,43.211,16.92
2018-03-25 04:00:00,38.371,37.563,33.835,20.288,42.16,191.82,60.303,157.988,46.863,19.099
2018-03-25 05:00:00,43.521,38.921,43.332,22.416,46.585,212.264,69.607,172.747,50.547,21.539
2018-03-25 06:00:00,45.614,41.351,44.851,23.088,48.609,229.551,73.684,189.446,58.04,26.31
2018-03-25 07:00:00,47.44,44.192,49.808,23.884,58.487,255.502,82.442,212.407,69.512,26.658
2018-03-25 08:00:00,51.019,46.187,50.662,23.244,57.464,267.336,85.309,222.832,73.292,26.798
2018-03-25 09:00:00,49.521,48.646,49.764,23.349,57.527,261.535,84.422,221.082,70.332,26.815
2018-03-25 10:00:00,50.159,48.394,54.757,23.621,58.144,256.659,83.819,221.961,69.979,25.686
2018-03-25 11:00:00,49.347,47.464,53.295,22.297,56.12,253.113,84.771,225.045,69.836,25.949
2018-03-25 12:00:00,48.073,47.605,42.253,21.011,55.515,246.831,78.45,211.832,61.391,26.416
2018-03-25 13:00:00,43.723,42.545,43.621,24.647,53.174,246.337,77.126,206.831,64.307,23.582
2018-03-25 14:00:00,44.466,43.494,45.59,22.725,50.647,253.403,76.103,203.978,65.699,19.998
2018-03-25 15:00:00,45.393,42.378,44.463,23.837,54.634,252.99,72.832,201.629,68.844,21.632
2018-03-25 16:00:00,49.686,45.741,48.335,23.564,56.895,261.83,79.028,216.486,66.921,25.457
2018-03-25 17:00:00,45.936,45.205,49.994,23.545,59.75,264.769,77.846,230.1,69.869,25.981
2018-03-25 18:00:00,48.511,48.458,54.812,26.746,64.991,284.377,91.106,248.301,79.549,25.227
2018-03-25 19:00:00,49.463,49.683,55.307,26.228,67.238,285.014,94.423,247.142,77.444,25.441
2018-03-25 20:00:00,52.224,51.417,49.218,25.024,64.855,272.835,85.758,231.903,73.287,25.696
2018-03-25 21:00:00,43.999,44.882,42.994,24.393,54.005,240.877,75.446,205.599,63.806,22.794
2018-03-25 22:00:00,40.28,37.907,38.426,23.798,46.259,217.505,65.76,177.366,54.541,20.622
2018-03-25 23:00:00,38.441,37.138,36.007,23.187,43.8,191.558,60.499,162.27,48.483,18.315
2018-03-26 00:00:00,38.217,35.045,34.104,22.78,41.066,187.021,58.502,156.997,46.475,18.158
2018-03-26 01:00:00,38.967,36.97,35.538,22.617,41.717,188.48,58.436,156.154,46.049,18.286
2018-03-26 02:00:00,39.678,43.615,35.468,23.231,41.08,193.202,61.075,155.693,47.421,18.394
2018-03-26 03:00:00,42.99,44.7,37.986,26.023,42.507,203.979,66.189,166.559,51.354,19.819
2018-03-26 04:00:00,45.274,49.047,42.277,28.289,49.134,226.184,71.637,184.273,56.788,22.586
2018-03-26 05:00:00,52.666,52.884,54.342,31.925,56.687,256.073,82.787,212.35,70.981,28.001
2018-03-26 06:00:00,54.06,55.805,60.319,32.186,61.263,274.827,87.648,224.812,76.054,30.639
2018-03-26 07:00:00,57.5,51.026,54.931,33.055,64.595,290.995,95.845,235.848,77.137,31.191
2018-03-26 08:00:00,55.817,49.236,51.022,29.415,63.237,289.551,97.818,238.094,78.751,29.761
2018-03-26 09:00:00,54.073,49.995,49.656,26.911,60.536,285.03,93.666,233.736,73.587,27.338
2018-03-26 10:00:00,53.875,45.93,47.425,24.91,54.823,281.611,88.984,235.119,70.734,24.174
2018-03-26 11:00:00,50.086,43.552,48.905,22.6,52.988,276.613,94.942,232.202,68.042,26.335
2018-03-26 12:00:00,49.1,43.169,45.446,20.335,49.791,261.909,88.76,222.566,66.416,27.001
2018-03-26 13:00:00,48.334,38.414,44.821,20.374,48.661,252.438,79.086,211.182,62.526,23.419
2018-03-26 14:00:00,44.515,37.635,41.423,17.555,47.773,248.906,78.543,212.478,62.811,19.569
2018-03-26 15:00:00,44.075,37.998,40.553,18.271,54.091,247.916,78.602,216.994,70.26,21.09
2018-03-26 16:00:00,46.517,41.407,46.353,21.162,54.902,259.648,82.351,219.048,75.684,25.061
2018-03-26 17:00:00,51.436,45.049,49.153,21.81,59.661,274.741,84.895,230.667,75.41,25.747
2018-03-26 18:00:00,52.177,52.675,50.274,25.103,64.448,294.875,93.547,249.077,82.393,26.6
2018-03-26 19:00:00,51.957,49.798,51.74,25.832,62.42,288.532,94.812,252.446,81.23,26.425
2018-03-26 20:00:00,48.345,49.546,53.542,25.134,60.784,270.371,87.823,244.959,74.484,26.685
2018-03-26 21:00:00,47.77,43.366,43.61,25.207,52.0,232.798,74.324,211.3,63.78,20.978
2018-03-26 22:00:00,40.865,38.79,36.761,21.784,45.292,205.311,65.731,178.914,54.048,18.608
2018-03-26 23:00:00,38.094,36.592,34.698,21.841,44.061,187.256,59.069,162.408,49.599,17.26
2018-03-27 00:00:00,37.743,34.234,34.639,21.044,40.798,185.012,56.756,154.714,46.968,16.384
2018-03-27 01:00:00,37.098,34.625,33.499,21.637,39.894,183.663,55.842,156.608,46.022,17.534
2018-03-27 02:00:00,38.437,39.827,35.177,23.178,39.662,189.457,58.51,161.039,47.239,17.522
2018-03-27 03:00:00,42.218,43.173,36.758,24.183,41.145,196.189,63.916,168.841,51.468,19.082
2018-03-27 04:00:00,47.298,46.442,40.736,26.629,45.59,220.351,72.021,191.476,58.595,21.333
2018-03-27 05:00:00,52.58,53.139,53.036,29.579,56.834,255.573,84.811,218.024,68.347,27.034
2018-03-27 06:00:00,56.582,54.259,59.054,32.198,62.215,278.884,89.319,232.27,78.241,30.489
2018-03-27 07:00:00,57.547,51.198,57.848,32.406,61.946,286.393,96.096,232.646,81.761,29.336
2018-03-27 08:00:00,58.276,48.366,50.757,27.991,60.248,296.546,90.218,226.256,75.588,28.429
2018-03-27 09:00:00,56.787,48.262,46.67,25.54,59.933,283.898,87.664,223.352,74.01,27.221
2018-03-27 10:00:00,53.886,46.024,48.288,22.524,59.076,272.269,86.115,229.348,71.007,24.693
2018-03-27 11:00:00,50.428,44.584,54.266,22.457,52.741,269.707,87.759,224.986,74.022,23.409
2018-03-27 12:00:00,48.021,41.949,40.917,19.544,48.703,259.904,80.957,211.448,64.523,22.322
2018-03-27 13:00:00,46.058,37.378,43.803,18.876,45.529,246.184,77.363,206.739,61.926,20.57
2018-03-27 14:00:00,44.456,37.269,44.476,18.59,46.038,243.646,78.255,206.875,63.614,21.368
2018-03-27 15:00:00,45.343,40.595,50.72,19.475,51.521,245.89,83.458,210.579,65.268,22.778
2018-03-27 16:00:00,46.521,43.805,49.28,19.495,57.351,270.228,86.754,220.137,67.795,24.759
2018-03-27 17:00:00,49.572,45.407,51.687,22.856,57.468,279.911,84.571,228.555,72.225,24.356
2018-03-27 18:00:00,50.581,50.133,54.936,23.962,60.229,287.081,95.018,245.417,80.674,26.247
2018-03-27 19:00:00,51.323,49.764,52.378,24.071,59.177,289.685,93.108,247.647,73.727,26.793
2018-03-27 20:00:00,52.092,50.469,48.335,23.938,56.821,271.564,86.161,231.627,66.9,24.207
2018-03-27 21:00:00,45.983,39.146,40.406,22.8,47.615,228.496,71.646,200.213,57.685,20.314
2018-03-27 22:00:00,37.955,33.269,33.906,19.523,40.88,193.81,59.528,166.949,46.254,17.182
2018-03-27 23:00:00,34.211,31.413,29.921,16.438,37.162,173.153,55.081,150.036,43.502,16.22
2018-03-28 00:00:00,32.338,28.28,27.155,15.593,35.018,161.901,50.535,138.05,39.828,15.317
2018-03-28 01:00:00,32.706,27.544,27.411,15.611,34.322,159.733,49.351,136.47,39.533,14.913
2018-03-28 02:00:00,31.896,30.525,27.712,15.606,34.046,162.152,49.79,138.557,39.509,15.088
2018-03-28 03:00:00,32.392,30.675,29.496,16.958,34.536,166.913,52.207,146.266,42.606,16.417
2018-03-28 04:00:00,37.619,33.295,31.726,18.835,38.441,186.942,58.354,160.16,47.945,19.951
2018-03-28 05:00:00,42.854,38.711,43.841,22.721,47.87,218.376,70.073,185.508,56.474,22.745
2018-03-28 06:00:00,47.586,45.253,48.247,25.101,53.965,243.008,79.626,209.466,60.933,28.772
2018-03-28 07:00:00,52.368,42.656,48.409,25.088,56.442,263.441,84.358,226.821,71.993,30.852
2018-03-28 08:00:00,54.247,43.975,53.19,23.469,56.362,287.434,87.533,229.556,71.346,26.593
2018-03-28 09:00:00,54.804,43.179,53.949,23.109,57.325,288.679,91.494,231.758,69.325,25.81
2018-03-28 10:00:00,54.548,43.258,48.887,23.38,55.601,283.018,86.079,232.782,68.308,25.758
2018-03-28 11:00:00,50.289,40.845,41.768,21.644,54.573,257.723,83.359,229.444,67.798,25.553
2018-03-28 12:00:00,45.532,38.676,41.928,20.653,50.827,252.094,80.64,213.194,61.591,21.252
2018-03-28 13:00:00,45.125,37.985,41.63,17.53,46.036,249.464,75.059,196.895,59.045,18.599
2018-03-28 14:00:00,43.186,36.48,39.284,18.003,46.376,249.522,78.932,194.292,60.989,18.854
2018-03-28 15:00:00,44.629,39.179,40.94,20.463,50.185,264.669,80.984,199.914,63.98,21.098
2018-03-28 16:00:00,45.719,45.797,42.646,20.584,49.837,272.209,83.979,221.766,68.923,21.525
2018-03-28 17:00:00,49.295,44.331,44.554,21.301,54.717,279.716,86.229,228.352,74.165,22.2
2018-03-28 18:00:00,51.709,48.476,48.81,22.65,57.116,286.662,94.127,244.291,76.731,25.769
2018-03-28 19:00:00,48.257,50.635,47.578,22.942,59.263,284.082,97.086,236.979,70.09,25.389
2018-03-28 20:00:00,45.694,43.897,46.711,23.033,60.024,253.742,86.451,222.682,69.185,23.781
2018-03-28 21:00:00,39.663,36.674,40.377,23.179,49.915,217.108,70.81,192.403,52.966,20.012
2018-03-28 22:00:00,35.534,31.538,35.212,20.535,41.886,180.126,58.305,159.71,42.917,22.564
2018-03-28 23:00:00,34.741,30.322,30.702,18.853,37.405,162.956,53.04,146.127,41.362,18.317
2018-03-29 00:00:00,33.924,28.464,28.49,16.565,35.055,152.297,50.855,140.426,40.125,15.668
2018-03-29 01:00:00,33.244,27.119,28.971,16.345,34.119,151.691,50.789,137.074,38.616,15.009
2018-03-29 02:00:00,34.125,29.984,29.858,16.652,34.027,156.923,52.623,139.209,37.95,14.856
2018-03-29 03:00:00,36.941,32.257,31.471,17.706,34.311,166.756,55.585,147.627,40.907,16.736
2018-03-29 04:00:00,39.01,35.581,34.312,19.966,37.345,187.213,61.612,167.833,46.771,20.692
2018-03-29 05:00:00,45.736,44.468,46.318,22.721,46.541,224.87,74.543,191.69,58.288,23.895
2018-03-29 06:00:00,50.241,44.347,49.334,25.163,52.028,251.105,79.169,208.239,63.217,26.572
2018-03-29 07:00:00,55.102,42.681,49.004,26.003,54.656,262.039,85.42,218.141,69.021,27.693
2018-03-29 08:00:00,54.484,47.911,49.325,24.91,54.748,280.97,88.763,221.306,69.085,25.476
2018-03-29 09:00:00,57.215,46.204,51.218,24.461,53.969,277.135,89.393,218.899,68.284,29.959
2018-03-29 10:00:00,53.393,45.227,49.86,24.579,56.545,269.99,87.077,225.086,68.504,27.381
2018-03-29 11:00:00,52.49,41.793,45.284,23.173,53.044,263.26,84.486,214.399,63.754,26.27
2018-03-29 12:00:00,50.607,42.299,43.346,21.258,54.178,248.374,80.917,211.613,60.99,23.441
2018-03-29 13:00:00,48.586,36.733,45.213,17.246,51.382,239.654,75.473,203.56,58.772,21.509
2018-03-29 14:00:00,44.955,37.335,40.505,16.988,51.1,240.486,75.156,198.73,58.775,21.497
2018-03-29 15:00:00,46.25,43.214,40.924,18.743,51.235,250.497,81.628,204.934,63.705,22.894
2018-03-29 16:00:00,46.322,40.776,49.448,20.047,57.713,262.204,86.605,215.345,70.198,23.722
2018-03-29 17:00:00,46.438,42.384,50.626,20.526,58.922,274.176,92.091,230.124,69.744,25.287
2018-03-29 18:00:00,50.229,48.699,48.481,21.513,61.116,280.332,93.694,243.511,75.197,27.345
2018-03-29 19:00:00,51.663,48.333,50.193,22.473,59.543,281.802,91.256,240.286,78.846,26.73
2018-03-29 20:00:00,46.652,47.403,48.496,23.36,56.244,262.127,84.118,227.589,72.055,26.161
2018-03-29 21:00:00,41.878,36.797,41.56,18.574,52.39,220.95,68.441,195.743,58.981,22.846
2018-03-29 22:00:00,35.505,30.335,34.41,17.398,40.188,183.775,59.613,160.939,46.077,17.358
2018-03-29 23:00:00,33.255,27.716,29.096,15.441,34.28,162.28,50.681,136.554,39.477,16.189
2018-03-30 00:00:00,31.847,26.137,26.032,14.62,33.251,153.75,49.569,126.777,39.039,14.787
2018-03-30 01:00:00,30.099,24.969,24.788,14.075,32.852,147.555,48.743,124.862,36.821,14.921
2018-03-30 02:00:00,29.821,26.17,25.011,14.797,32.03,147.37,49.916,126.026,38.031,13.768
2018-03-30 03:00:00,31.236,28.154,25.205,15.868,32.691,156.924,53.311,130.568,39.551,15.132
2018-03-30 04:00:00,34.664,31.365,29.78,16.717,36.213,175.473,59.253,144.427,48.077,16.747
2018-03-30 05:00:00,41.883,35.733,39.298,19.716,43.725,210.315,66.276,172.757,58.431,20.348
2018-03-30 06:00:00,43.925,38.864,43.919,20.773,53.861,233.152,74.988,199.867,64.562,23.472
2018-03-30 07:00:00,49.261,40.648,44.936,22.012,55.386,257.581,78.972,212.217,68.973,24.178
2018-03-30 08:00:00,53.086,44.579,41.774,21.917,54.978,268.032,83.907,219.099,70.832,25.346
2018-03-30 09:00:00,52.395,42.996,41.759,23.339,54.518,267.396,85.292,226.266,73.134,24.22
2018-03-30 10:00:00,50.921,40.642,42.631,24.278,56.955,261.929,91.888,220.211,68.27,25.245
2018-03-30 11:00:00,51.716,40.422,41.647,23.82,54.843,255.509,87.474,216.285,67.49,21.736
2018-03-30 12:00:00,47.144,36.706,39.782,20.052,51.172,259.426,82.953,206.633,61.999,21.808
2018-03-30 13:00:00,46.577,36.778,41.594,19.35,48.49,253.76,79.028,197.346,60.508,20.712
2018-03-30 14:00:00,46.25,36.123,38.381,18.005,54.449,243.416,76.374,199.475,57.79,21.626
2018-03-30 15:00:00,45.885,39.566,40.733,18.63,54.541,247.48,77.909,205.645,63.633,22.3
2018-03-30 16:00:00,46.598,42.786,42.106,19.677,58.175,263.698,84.072,210.64,67.838,22.863
2018-03-30 17:00:00,48.147,42.51,47.39,23.289,60.088,274.213,90.046,219.608,72.723,25.371
2018-03-30 18:00:00,52.729,46.387,53.313,26.928,58.396,286.559,94.8,228.594,76.374,26.274
2018-03-30 19:00:00,49.536,45.64,52.87,25.144,61.423,288.115,91.431,232.527,73.349,25.184
2018-03-30 20:00:00,46.377,42.328,51.994,23.191,61.445,264.233,83.242,218.186,69.754,23.444
2018-03-30 21:00:00,41.954,36.428,40.86,21.23,49.495,226.63,74.116,192.872,55.436,20.54
2018-03-30 22:00:00,36.708,32.311,33.552,18.259,41.572,184.623,61.219,164.042,45.458,15.851
2018-03-30 23:00:00,32.733,31.501,30.05,18.879,35.944,165.882,52.725,140.001,39.009,15.004
2018-03-31 00:00:00,30.568,32.001,28.742,17.626,34.61,155.207,51.648,129.586,37.054,14.577
2018-03-31 01:00:00,30.545,27.247,27.51,17.33,33.909,156.338,51.725,128.822,37.334,14.617
2018-03-31 02:00:00,29.691,27.669,26.927,17.655,33.311,158.893,52.801,129.859,39.744,14.076
2018-03-31 03:00:00,31.278,34.197,27.102,18.138,34.24,167.2,56.194,135.775,42.106,15.45
2018-03-31 04:00:00,34.024,42.901,30.294,19.572,38.106,178.787,56.942,144.333,44.664,15.653
2018-03-31 05:00:00,36.718,34.181,40.767,21.975,42.705,203.388,62.153,156.345,47.44,18.99
2018-03-31 06:00:00,40.315,37.55,44.081,22.973,49.055,215.394,68.351,174.893,54.185,24.415
2018-03-31 07:00:00,46.691,41.7,48.313,23.572,52.235,246.202,76.004,192.596,62.286,26.441
2018-03-31 08:00:00,51.927,43.595,50.372,24.141,54.198,241.584,83.028,198.03,69.071,26.705
2018-03-31 09:00:00,53.279,45.219,47.407,25.552,52.758,242.788,81.919,209.013,63.721,20.486
2018-03-31 10:00:00,51.35,42.136,46.557,22.503,52.517,236.05,77.695,195.832,66.129,20.472
2018-03-31 11:00:00,48.164,44.43,46.44,22.946,50.052,244.695,74.78,199.894,71.127,22.237
2018-03-31 12:00:00,48.346,49.002,47.989,21.167,52.68,229.14,73.071,191.863,63.2,19.818
2018-03-31 13:00:00,46.907,48.674,45.266,18.798,50.08,230.539,71.237,183.832,56.801,18.524
2018-03-31 14:00:00,45.619,46.756,41.404,19.953,46.461,226.44,73.617,188.888,58.725,18.244
2018-03-31 15:00:00,45.486,45.3,42.322,18.352,49.363,243.713,75.104,197.836,62.502,23.38
2018-03-31 16:00:00,46.636,45.384,47.169,19.51,55.754,261.48,77.507,207.763,68.257,25.19
2018-03-31 17:00:00,45.365,46.079,46.499,20.945,58.626,274.825,82.22,228.034,73.474,23.815
2018-03-31 18:00:00,47.358,47.103,47.677,23.708,62.766,290.015,90.753,245.591,80.75,23.332
2018-03-31 19:00:00,45.892,46.621,49.81,27.292,65.869,291.393,93.388,238.939,80.486,25.165
2018-03-31 20:00:00,44.488,44.281,49.111,26.166,56.342,260.78,88.794,220.034,69.413,24.469
2018-03-31 21:00:00,37.37,36.398,40.539,23.44,47.363,216.315,72.272,189.853,57.757,21.924
2018-03-31 22:00:00,33.877,30.719,34.347,20.931,39.818,179.198,58.104,161.279,45.131,17.37
2018-03-31 23:00:00,30.315,26.404,29.175,17.374,34.471,159.704,49.502,137.064,38.771,15.446
2018-04-01 00:00:00,28.225,24.749,25.819,14.972,33.734,148.76,45.923,120.679,36.671,14.199
2018-04-01 01:00:00,26.831,24.472,25.067,14.49,32.687,145.466,44.662,118.48,34.817,13.642
2018-04-01 02:00:00,27.047,23.815,25.154,14.196,31.426,146.542,45.291,119.76,34.361,12.8
2018-04-01 03:00:00,28.69,26.439,26.153,13.918,31.968,151.411,47.237,123.93,35.678,13.575
2018-04-01 04:00:00,30.457,30.173,27.945,14.758,34.756,162.068,50.476,134.222,39.426,14.764
2018-04-01 05:00:00,36.094,35.332,33.505,16.578,38.967,177.884,55.757,146.999,44.433,16.808
2018-04-01 06:00:00,36.49,36.912,39.569,18.819,47.488,182.837,60.809,156.678,47.711,18.942
2018-04-01 07:00:00,38.514,41.814,40.711,20.25,53.501,212.955,69.436,175.781,53.755,20.849
2018-04-01 08:00:00,42.483,44.154,43.104,20.95,53.014,226.328,74.802,177.652,57.034,23.875
2018-04-01 09:00:00,44.767,38.745,46.719,22.417,58.014,227.584,72.341,186.706,62.367,30.36
2018-04-01 10:00:00,45.195,39.961,48.484,24.387,53.669,233.18,72.531,186.159,57.813,23.637
2018-04-01 11:00:00,44.875,41.304,45.959,19.588,51.803,223.104,71.25,184.012,59.406,24.715
2018-04-01 12:00:00,42.699,38.342,45.132,18.905,50.462,221.868,66.015,184.169,59.43,24.497
2018-04-01 13:00:00,40.626,39.277,44.381,17.308,45.542,212.955,69.695,181.621,58.872,22.593
2018-04-01 14:00:00,39.932,40.704,40.944,17.408,48.393,219.175,74.137,183.076,65.999,22.166
2018-04-01 15:00:00,39.55,41.232,40.957,19.277,51.05,228.772,76.384,188.479,58.01,23.569
2018-04-01 16:00:00,41.24,39.093,42.881,20.095,54.977,240.899,79.901,193.464,59.548,24.402
2018-04-01 17:00:00,42.71,40.045,44.705,19.851,52.857,248.802,78.071,199.101,62.304,23.861
2018-04-01 18:00:00,43.91,45.769,49.226,22.37,56.57,258.523,78.12,219.232,68.031,26.249
2018-04-01 19:00:00,46.767,45.34,53.61,23.404,59.642,265.608,81.022,220.297,71.05,30.482
2018-04-01 20:00:00,47.493,41.411,49.989,25.132,57.988,255.033,83.252,216.472,69.255,28.41
2018-04-01 21:00:00,44.065,37.158,42.39,24.674,51.604,222.154,78.005,188.825,61.633,22.075
2018-04-01 22:00:00,36.286,31.632,33.711,20.891,41.479,194.672,65.787,159.683,50.068,20.033
2018-04-01 23:00:00,34.63,29.701,30.953,20.514,39.345,173.476,55.681,140.642,44.278,18.982
2018-04-02 00:00:00,34.563,28.614,28.595,20.105,36.898,164.149,54.778,135.24,41.522,16.793
2018-04-02 01:00:00,34.026,28.331,27.9,19.687,35.553,162.096,52.623,136.063,40.113,17.174
2018-04-02 02:00:00,34.077,32.173,28.253,19.789,35.305,165.541,52.103,136.275,40.419,16.727
2018-04-02 03:00:00,35.137,34.508,30.787,20.256,37.726,173.515,55.714,145.512,44.371,16.73
2018-04-02 04:00:00,39.393,36.686,33.964,22.358,41.783,197.177,60.884,166.29,52.213,18.762
2018-04-02 05:00:00,45.811,42.074,44.096,25.179,51.235,233.001,72.119,188.352,58.702,23.165
2018-04-02 06:00:00,52.277,46.294,50.265,26.628,58.029,258.561,81.453,210.837,65.754,29.481
2018-04-02 07:00:00,58.746,49.689,49.911,28.272,61.433,286.452,88.492,229.433,70.128,29.858
2018-04-02 08:00:00,55.822,45.082,50.379,29.237,60.46,305.788,91.587,233.748,78.763,30.392
2018-04-02 09:00:00,54.323,44.269,54.18,26.909,59.592,305.847,92.299,240.055,77.982,26.251
2018-04-02 10:00:00,52.374,43.511,50.393,25.953,57.185,299.531,92.446,244.892,71.364,26.111
2018-04-02 11:00:00,50.994,40.429,47.388,23.466,56.983,290.817,88.387,237.418,67.603,28.531
2018-04-02 12:00:00,49.945,39.536,46.516,20.209,53.194,273.777,85.628,229.119,64.717,23.307
2018-04-02 13:00:00,50.732,37.109,45.033,20.688,47.757,265.272,79.166,220.38,61.875,21.508
2018-04-02 14:00:00,46.525,35.579,42.37,20.976,47.395,256.895,78.976,207.279,64.791,22.169
2018-04-02 15:00:00,44.7,41.647,39.089,21.033,47.712,255.864,82.455,211.417,67.402,22.982
2018-04-02 16:00:00,47.514,40.244,42.368,21.411,52.623,263.544,87.212,218.526,70.591,21.574
2018-04-02 17:00:00,51.121,42.839,48.15,22.139,56.494,265.544,83.482,228.475,67.355,21.216
2018-04-02 18:00:00,52.014,45.183,48.759,26.435,60.343,277.183,86.839,238.579,71.42,23.376
2018-04-02 19:00:00,50.009,45.555,47.816,25.257,61.202,279.116,86.474,243.89,75.863,25.093
2018-04-02 20:00:00,50.435,44.585,47.765,25.404,61.177,268.02,85.679,250.36,74.409,25.107
2018-04-02 21:00:00,45.73,38.722,41.63,25.445,52.688,236.794,74.638,205.38,63.606,22.23
2018-04-02 22:00:00,39.244,35.613,35.258,22.937,42.932,203.597,62.734,170.35,49.55,17.898
2018-04-02 23:00:00,36.862,31.112,31.381,22.021,37.526,180.774,56.593,152.543,45.856,17.492
2018-04-03 00:00:00,35.945,30.139,30.413,20.425,35.902,171.159,54.224,145.321,42.227,17.649
2018-04-03 01:00:00,34.814,29.884,31.202,19.588,37.279,171.049,53.161,144.587,41.709,17.188
2018-04-03 02:00:00,35.116,33.337,31.491,20.269,37.5,176.098,54.62,148.399,42.865,16.57
2018-04-03 03:00:00,37.458,35.7,33.035,21.155,38.301,184.461,58.821,155.869,47.325,17.375
2018-04-03 04:00:00,40.643,40.368,35.487,22.43,42.986,208.975,66.226,175.433,53.456,20.091
2018-04-03 05:00:00,52.933,43.027,42.672,25.941,49.352,248.236,78.642,199.704,61.979,23.516
2018-04-03 06:00:00,53.256,43.351,48.542,26.974,55.402,267.141,85.099,216.613,70.906,27.039
2018-04-03 07:00:00,56.341,42.774,51.282,26.473,55.939,286.157,91.653,232.635,74.822,28.685
2018-04-03 08:00:00,57.35,45.232,50.502,26.277,57.204,292.741,94.56,240.826,74.424,28.993
2018-04-03 09:00:00,52.116,46.06,47.975,23.121,56.728,288.188,89.336,233.625,72.623,24.723
2018-04-03 10:00:00,53.308,42.617,48.892,23.424,53.894,284.237,88.048,224.781,71.629,23.443
2018-04-03 11:00:00,47.893,40.63,46.449,23.458,52.644,271.376,89.259,222.847,67.69,23.514
2018-04-03 12:00:00,46.305,40.828,46.404,20.401,51.54,257.36,85.745,219.363,62.565,21.809
2018-04-03 13:00:00,45.227,39.414,44.43,19.303,50.61,249.077,82.394,219.54,57.432,24.05
2018-04-03 14:00:00,46.621,38.529,50.709,19.702,52.115,250.145,82.936,212.725,62.805,24.229
2018-04-03 15:00:00,47.546,40.086,48.506,20.068,53.96,260.516,84.126,225.624,69.178,27.122
2018-04-03 16:00:00,48.229,41.611,52.462,20.505,56.361,268.796,84.257,231.885,73.997,26.269
2018-04-03 17:00:00,50.725,44.393,45.993,21.841,60.38,276.879,89.211,230.357,74.943,28.546
2018-04-03 18:00:00,52.477,51.481,48.651,26.079,64.588,288.295,94.856,245.118,75.651,26.45
2018-04-03 19:00:00,53.034,51.041,53.692,28.573,62.896,289.054,94.834,244.907,75.535,26.414
2018-04-03 20:00:00,56.476,45.277,53.107,23.438,59.57,286.624,92.531,250.314,77.363,28.036
2018-04-03 21:00:00,45.995,39.814,43.77,24.253,48.718,251.634,77.889,207.897,61.351,24.161
2018-04-03 22:00:00,39.595,34.531,33.974,19.721,41.992,204.982,65.163,168.856,47.857,21.159
2018-04-03 23:00:00,37.085,29.98,30.564,17.653,38.832,181.224,55.435,147.227,42.472,18.513
2018-04-04 00:00:00,35.745,28.914,26.986,16.512,36.01,166.305,52.478,137.572,41.407,16.349
2018-04-04 01:00:00,34.371,29.83,27.088,16.697,34.448,160.759,51.484,134.574,40.319,16.003
2018-04-04 02:00:00,34.929,32.987,27.559,16.593,33.991,164.599,51.701,135.208,38.828,15.613
2018-04-04 03:00:00,34.794,33.528,28.447,16.947,35.613,170.167,55.731,142.768,41.193,16.042
2018-04-04 04:00:00,37.446,36.058,32.423,18.272,39.879,191.91,61.226,159.497,47.769,19.795
2018-04-04 05:00:00,41.909,41.969,42.439,19.47,48.068,225.943,71.417,180.523,55.646,22.588
2018-04-04 06:00:00,47.684,47.765,49.617,21.682,52.921,247.73,82.845,207.234,61.4,23.206
2018-04-04 07:00:00,57.807,46.251,49.869,23.8,56.664,268.644,86.445,222.291,66.702,25.329
2018-04-04 08:00:00,57.318,47.235,48.616,25.592,56.786,279.958,90.183,229.44,73.699,24.937
2018-04-04 09:00:00,57.734,48.514,51.027,23.831,56.566,284.073,92.246,234.267,71.536,24.156
2018-04-04 10:00:00,58.613,48.724,52.352,24.358,55.755,283.324,92.963,237.49,69.679,24.456
2018-04-04 11:00:00,57.089,46.842,50.578,23.863,55.754,278.054,87.854,229.718,67.737,26.112
2018-04-04 12:00:00,55.118,44.652,45.45,21.416,53.823,265.664,83.71,223.691,66.305,25.426
2018-04-04 13:00:00,53.958,42.136,41.477,21.511,53.606,253.023,81.388,214.075,63.862,22.717
2018-04-04 14:00:00,55.208,40.736,42.923,21.328,55.883,250.033,85.255,214.144,64.736,22.697
2018-04-04 15:00:00,50.997,41.395,45.426,21.476,54.021,252.243,84.394,216.073,71.599,24.884
2018-04-04 16:00:00,50.729,42.969,47.855,21.979,52.044,266.496,89.576,219.434,68.234,24.905
2018-04-04 17:00:00,50.955,43.187,43.676,21.862,56.01,265.799,95.555,226.28,73.592,23.618
2018-04-04 18:00:00,56.709,50.089,46.765,23.682,60.957,279.239,94.759,231.391,74.031,26.179
2018-04-04 19:00:00,55.017,50.977,47.916,27.015,59.311,285.1,91.494,245.445,77.893,28.525
2018-04-04 20:00:00,52.041,45.113,48.241,31.367,61.362,271.242,92.118,246.331,73.017,32.153
2018-04-04 21:00:00,46.17,41.718,40.272,27.271,54.774,237.206,82.832,209.774,58.145,23.305
2018-04-04 22:00:00,41.489,36.244,36.867,22.733,49.673,204.23,68.922,174.336,48.132,20.54
2018-04-04 23:00:00,38.319,32.164,32.88,20.502,44.921,187.365,62.611,157.605,42.789,18.998
2018-04-05 00:00:00,37.38,30.764,30.682,20.646,43.15,176.676,60.418,150.515,41.577,17.382
2018-04-05 01:00:00,38.162,30.465,31.092,20.982,43.614,175.915,60.439,148.543,41.195,17.915
2018-04-05 02:00:00,37.367,35.524,32.947,21.255,43.053,180.812,63.696,156.684,43.108,17.231
2018-04-05 03:00:00,40.002,36.789,36.502,22.046,41.786,194.461,69.716,172.565,51.049,19.314
2018-04-05 04:00:00,44.611,40.953,36.928,26.118,46.959,213.229,76.786,188.219,55.753,22.595
2018-04-05 05:00:00,50.434,46.701,45.793,28.147,57.965,246.184,83.725,212.497,63.76,25.663
2018-04-05 06:00:00,53.576,49.497,51.399,30.344,64.477,271.631,91.4,240.021,74.128,27.904
2018-04-05 07:00:00,62.573,52.21,52.321,31.26,64.787,295.152,97.135,239.89,81.309,27.531
2018-04-05 08:00:00,62.813,50.5,53.01,30.289,64.34,306.717,99.667,244.511,81.2,27.733
2018-04-05 09:00:00,60.546,47.5,54.168,29.187,61.819,305.115,98.761,247.239,77.099,30.123
2018-04-05 10:00:00,56.589,45.252,54.569,27.269,59.877,301.35,97.358,246.275,77.639,29.914
2018-04-05 11:00:00,54.892,43.517,49.26,25.372,57.949,290.746,96.104,243.049,76.193,30.101
2018-04-05 12:00:00,52.347,43.271,46.143,25.527,55.891,274.061,91.282,237.593,71.104,26.889
2018-04-05 13:00:00,48.986,42.039,43.227,23.581,52.128,266.306,84.48,229.557,65.976,26.451
2018-04-05 14:00:00,48.408,42.199,39.433,21.865,50.259,263.902,80.051,207.986,62.568,24.919
2018-04-05 15:00:00,48.772,42.344,42.499,21.329,52.434,265.968,80.422,207.545,65.92,23.179
2018-04-05 16:00:00,48.635,43.903,46.465,23.981,56.404,274.594,85.165,216.804,72.082,24.31
2018-04-05 17:00:00,48.891,44.35,49.829,26.839,58.511,280.878,84.046,229.989,72.23,25.868
2018-04-05 18:00:00,55.52,47.061,55.5,29.1,62.608,296.125,92.342,237.045,75.55,25.894
2018-04-05 19:00:00,56.65,52.163,54.951,31.373,67.459,311.418,102.476,246.16,76.613,28.422
2018-04-05 20:00:00,53.215,52.297,55.727,28.12,66.451,291.77,103.05,244.06,74.921,26.236
2018-04-05 21:00:00,48.368,43.569,44.198,26.957,53.762,256.546,85.701,211.494,70.318,23.414
2018-04-05 22:00:00,43.814,39.661,37.893,25.042,47.233,216.11,68.821,178.119,59.399,19.799
2018-04-05 23:00:00,40.63,35.647,34.228,23.709,42.131,188.652,64.52,160.644,51.362,18.548
2018-04-06 00:00:00,39.804,35.47,32.991,22.45,40.205,178.959,61.101,150.878,46.909,18.267
2018-04-06 01:00:00,38.888,37.448,33.351,21.775,40.008,180.945,57.945,151.127,43.827,18.323
2018-04-06 02:00:00,38.923,42.03,35.935,23.36,39.695,191.579,60.386,156.311,45.623,18.074
2018-04-06 03:00:00,40.155,43.05,38.759,25.98,43.316,202.228,65.691,163.828,48.927,19.86
2018-04-06 04:00:00,42.18,44.138,40.252,28.336,49.763,224.128,72.902,182.435,55.417,22.457
2018-04-06 05:00:00,46.654,51.698,52.795,32.648,53.34,256.871,83.733,209.068,65.764,29.031
2018-04-06 06:00:00,52.355,53.123,55.897,34.315,59.403,283.386,89.003,232.978,73.446,31.053
2018-04-06 07:00:00,56.9,47.92,53.565,30.431,61.898,296.948,92.648,232.006,74.05,28.418
2018-04-06 08:00:00,56.829,45.694,52.578,27.363,64.581,299.392,96.365,233.507,76.632,28.78
2018-04-06 09:00:00,59.831,48.929,54.223,27.539,63.373,294.437,99.312,235.355,74.986,29.104
2018-04-06 10:00:00,61.828,46.6,53.132,24.655,64.447,289.898,92.976,236.061,70.157,27.513
2018-04-06 11:00:00,53.758,45.156,52.69,22.094,58.713,286.604,86.354,231.839,66.869,27.041
2018-04-06 12:00:00,55.061,39.936,49.383,21.292,55.002,274.079,85.031,225.778,64.017,25.104
2018-04-06 13:00:00,56.956,40.743,46.083,20.143,53.384,275.905,86.27,219.724,66.0,25.434
2018-04-06 14:00:00,53.239,42.677,45.092,20.196,55.218,285.118,89.814,220.573,69.996,27.418
2018-04-06 15:00:00,56.258,47.46,49.929,22.695,58.474,292.422,87.213,228.938,71.432,28.116
2018-04-06 16:00:00,57.215,54.018,54.714,23.194,66.478,300.966,94.407,237.072,74.241,30.409
2018-04-06 17:00:00,53.163,51.586,54.862,25.003,65.094,296.215,93.598,241.761,77.869,30.153
2018-04-06 18:00:00,53.661,53.08,54.997,25.811,63.383,302.169,93.737,246.886,82.557,30.658
2018-04-06 19:00:00,55.273,54.007,54.74,28.245,64.799,311.646,96.459,251.482,80.18,30.56
2018-04-06 20:00:00,54.779,53.14,54.151,28.318,63.652,292.709,95.486,244.811,75.468,28.905
2018-04-06 21:00:00,47.55,43.065,44.761,27.57,56.005,253.443,77.019,211.869,60.023,26.063
2018-04-06 22:00:00,40.768,39.492,35.378,22.451,46.876,208.624,65.148,171.092,49.834,21.997
2018-04-06 23:00:00,38.655,35.961,31.312,21.487,39.263,182.502,59.104,148.749,46.37,18.853
2018-04-07 00:00:00,35.538,34.41,28.769,20.081,37.497,171.944,55.326,138.268,42.139,16.517
2018-04-07 01:00:00,32.48,30.516,28.556,18.902,35.733,171.02,53.154,136.32,40.142,16.657
2018-04-07 02:00:00,32.652,36.389,28.245,18.284,35.401,175.198,53.14,139.01,40.312,15.814
2018-04-07 03:00:00,34.211,42.423,29.333,17.496,37.008,182.067,55.35,141.95,42.635,16.135
2018-04-07 04:00:00,36.997,41.754,30.767,18.597,39.596,185.884,58.492,153.298,43.872,18.313
2018-04-07 05:00:00,39.668,39.245,36.508,23.275,43.997,201.337,65.567,162.075,46.675,20.458
2018-04-07 06:00:00,45.453,42.716,43.682,27.96,48.534,223.113,72.854,176.741,55.279,24.32
2018-04-07 07:00:00,48.618,43.524,47.863,23.538,52.634,250.279,79.154,209.448,65.069,23.317
2018-04-07 08:00:00,50.872,45.506,50.908,23.481,57.447,268.821,83.127,220.223,68.874,26.488
2018-04-07 09:00:00,55.548,43.915,50.792,22.964,58.896,264.059,88.217,225.43,65.573,25.591
2018-04-07 10:00:00,52.09,43.0,47.2,23.077,55.726,264.868,86.148,205.892,69.74,24.59
2018-04-07 11:00:00,50.573,45.728,50.391,22.076,56.392,257.943,83.775,202.635,67.752,24.916
2018-04-07 12:00:00,52.397,46.515,49.565,22.153,52.591,251.438,79.168,194.773,60.594,25.96
2018-04-07 13:00:00,50.206,39.49,47.999,20.299,51.939,232.972,82.686,190.228,58.081,22.83
2018-04-07 14:00:00,49.884,38.34,44.435,20.722,51.633,235.981,75.103,188.431,56.455,24.296
2018-04-07 15:00:00,44.893,41.839,50.32,20.314,55.811,242.548,75.759,191.86,59.353,25.229
2018-04-07 16:00:00,45.002,45.14,45.732,25.462,54.826,247.286,82.347,193.607,65.783,26.244
2018-04-07 17:00:00,46.385,45.538,47.29,21.398,55.058,250.442,79.836,201.778,66.646,24.233
2018-04-07 18:00:00,47.445,48.063,49.768,25.531,56.437,265.593,90.675,218.121,70.82,26.118
2018-04-07 19:00:00,47.092,48.933,51.672,26.382,59.498,284.169,96.778,229.603,76.47,30.051
2018-04-07 20:00:00,46.954,47.073,51.276,25.271,60.973,272.29,97.277,226.833,73.605,31.073
2018-04-07 21:00:00,44.232,43.205,44.68,25.617,51.416,238.213,82.337,194.362,64.23,24.454
2018-04-07 22:00:00,39.463,35.553,37.056,22.414,43.723,198.44,62.33,165.65,53.706,20.64
2018-04-07 23:00:00,36.664,31.725,32.521,22.258,40.998,179.686,56.184,148.774,44.895,18.445
2018-04-08 00:00:00,35.879,29.719,30.383,23.863,39.098,169.574,53.766,138.701,42.363,17.883
2018-04-08 01:00:00,36.345,30.363,30.798,21.716,37.559,171.269,56.534,138.101,42.168,17.884
2018-04-08 02:00:00,36.57,35.342,31.33,22.185,38.144,175.986,55.402,142.521,41.928,17.162
2018-04-08 03:00:00,38.742,38.442,32.282,23.275,39.017,182.542,58.578,146.187,44.154,19.9
2018-04-08 04:00:00,42.476,42.042,37.249,24.512,44.249,198.357,63.593,161.692,48.849,19.976
2018-04-08 05:00:00,46.319,47.352,45.229,26.109,47.899,214.567,68.525,171.103,52.99,23.567
2018-04-08 06:00:00,47.177,46.077,46.074,26.669,52.095,231.643,73.402,183.754,59.687,26.082
2018-04-08 07:00:00,48.648,45.697,48.483,26.809,54.822,246.12,77.947,195.216,68.782,25.296
2018-04-08 08:00:00,44.917,49.362,55.243,26.867,57.15,248.208,78.831,203.446,70.933,24.481
2018-04-08 09:00:00,54.531,46.241,54.647,24.839,50.508,249.951,78.424,200.392,71.816,24.974
2018-04-08 10:00:00,57.46,45.984,51.118,24.64,50.202,247.987,80.504,206.528,66.968,24.268
2018-04-08 11:00:00,51.091,43.2,46.02,23.699,56.694,243.618,77.069,199.036,65.496,26.691
2018-04-08 12:00:00,47.104,39.737,45.566,21.655,50.782,226.193,75.955,188.366,57.776,25.334
2018-04-08 13:00:00,44.505,41.841,43.448,19.996,48.978,223.483,72.202,184.31,59.136,25.385
2018-04-08 14:00:00,43.784,42.296,44.091,21.623,50.604,229.544,74.061,182.873,57.032,25.441
2018-04-08 15:00:00,44.195,43.024,46.74,22.597,53.145,246.659,78.763,191.843,60.438,26.593
2018-04-08 16:00:00,45.175,42.13,48.038,21.994,54.645,253.149,77.157,207.61,63.802,27.796
2018-04-08 17:00:00,47.589,43.052,50.16,25.133,57.747,263.062,82.547,217.491,64.025,25.35
2018-04-08 18:00:00,47.779,50.019,51.207,26.982,64.569,286.48,86.746,233.058,74.053,25.009
2018-04-08 19:00:00,49.589,48.167,54.492,27.75,64.043,293.056,89.292,241.631,81.209,28.205
2018-04-08 20:00:00,49.753,44.283,53.875,27.054,62.121,278.845,91.137,231.859,75.804,29.317
2018-04-08 21:00:00,43.818,40.453,49.133,25.353,55.61,240.256,76.696,201.54,68.722,24.481
2018-04-08 22:00:00,39.602,35.72,37.427,25.554,46.744,204.071,67.512,170.916,58.388,20.654
2018-04-08 23:00:00,37.991,33.49,34.232,21.004,41.142,189.362,61.73,157.965,50.153,18.711
2018-04-09 00:00:00,37.38,32.258,32.296,19.651,38.353,181.493,60.579,159.459,46.609,17.706
2018-04-09 01:00:00,36.705,31.66,31.326,19.988,37.577,181.973,60.112,153.759,46.038,18.043
2018-04-09 02:00:00,37.146,35.964,31.848,21.271,38.233,190.777,60.593,155.752,45.393,17.604
2018-04-09 03:00:00,38.771,39.402,33.602,22.214,40.239,198.467,63.285,167.101,48.213,18.618
2018-04-09 04:00:00,42.964,41.112,37.504,24.0,45.874,217.914,70.941,184.823,55.795,21.226
2018-04-09 05:00:00,50.951,45.117,48.931,28.182,55.017,252.394,79.521,212.182,65.844,24.484
2018-04-09 06:00:00,54.799,45.809,56.498,28.137,58.782,278.315,93.125,232.485,70.175,31.537
2018-04-09 07:00:00,61.927,46.644,57.164,29.117,62.754,297.184,97.589,241.367,75.344,29.337
2018-04-09 08:00:00,63.929,46.506,55.183,28.398,63.099,312.635,96.898,257.261,77.222,27.454
2018-04-09 09:00:00,62.175,46.356,49.6,28.687,60.025,297.62,96.704,253.908,77.27,27.0
2018-04-09 10:00:00,59.253,50.181,49.709,27.728,58.572,299.098,94.536,246.851,73.8,25.452
2018-04-09 11:00:00,55.347,50.045,48.001,26.695,55.849,283.706,88.713,233.421,71.326,26.118
2018-04-09 12:00:00,56.098,41.264,46.616,23.849,53.2,267.009,86.139,218.502,67.226,23.636
2018-04-09 13:00:00,50.264,39.72,42.728,22.032,47.464,256.218,79.55,215.831,61.684,22.809
2018-04-09 14:00:00,48.645,39.771,41.475,21.499,47.296,250.405,77.702,209.979,63.826,23.231
2018-04-09 15:00:00,47.073,39.934,43.11,20.787,50.288,254.292,82.302,203.643,66.651,24.244
2018-04-09 16:00:00,47.219,41.467,44.488,21.94,54.096,262.474,82.961,207.805,69.978,24.166
2018-04-09 17:00:00,48.117,45.615,47.324,22.258,60.854,268.476,84.256,224.285,69.158,22.35
2018-04-09 18:00:00,49.535,45.305,51.335,22.774,57.426,284.119,90.372,237.678,72.412,24.749
2018-04-09 19:00:00,49.613,44.863,53.911,25.406,59.632,288.422,94.456,242.985,73.968,25.998
2018-04-09 20:00:00,50.421,47.962,54.32,25.925,63.897,281.615,95.474,234.073,72.812,25.648
2018-04-09 21:00:00,44.374,42.299,43.431,23.248,54.631,239.226,78.347,203.527,60.985,22.227
2018-04-09 22:00:00,41.514,37.068,35.93,22.146,44.845,195.15,64.83,166.059,52.106,19.516
2018-04-09 23:00:00,38.078,34.921,32.498,21.184,41.127,176.02,63.265,148.571,46.216,17.581
2018-04-10 00:00:00,38.136,32.173,30.516,20.449,39.587,170.118,57.651,140.415,43.058,16.992
2018-04-10 01:00:00,37.724,32.587,29.267,20.85,37.314,167.275,56.642,139.187,43.425,16.877
2018-04-10 02:00:00,37.374,37.541,29.408,21.669,36.2,170.472,56.71,143.38,43.103,16.199
2018-04-10 03:00:00,38.69,40.17,32.176,22.967,37.083,180.738,59.985,150.576,46.556,17.012
2018-04-10 04:00:00,41.35,43.548,34.205,26.434,42.075,201.963,66.3,170.316,55.286,18.491
2018-04-10 05:00:00,47.021,52.104,43.672,27.258,49.54,233.698,77.87,192.261,63.376,24.111
2018-04-10 06:00:00,50.571,51.665,49.687,28.268,57.996,258.7,88.082,209.731,71.563,27.181
2018-04-10 07:00:00,56.78,56.027,52.843,27.927,57.964,279.052,92.236,220.356,76.871,26.565
2018-04-10 08:00:00,56.002,60.929,51.617,28.491,57.259,288.86,94.361,231.053,77.043,25.695
2018-04-10 09:00:00,58.446,55.348,51.206,29.125,57.301,283.932,94.607,234.46,74.398,27.187
2018-04-10 10:00:00,60.275,47.247,49.421,23.788,52.473,280.69,91.867,233.853,72.16,24.846
2018-04-10 11:00:00,55.038,44.134,49.64,22.556,53.188,276.553,89.65,232.622,71.333,24.459
2018-04-10 12:00:00,51.12,42.255,50.171,21.715,49.321,267.21,86.948,220.487,67.613,22.785
2018-04-10 13:00:00,47.461,42.525,47.345,19.001,47.798,267.484,81.259,218.003,66.437,22.904
2018-04-10 14:00:00,51.009,44.385,47.39,19.389,53.689,264.824,80.348,215.423,63.375,24.695
2018-04-10 15:00:00,47.553,42.068,53.505,20.744,54.068,267.826,87.164,213.183,67.961,25.342
2018-04-10 16:00:00,46.067,46.924,53.578,21.909,54.019,280.53,90.226,217.752,70.676,22.877
2018-04-10 17:00:00,48.232,47.11,49.401,25.492,58.71,289.428,87.126,227.494,72.941,23.793
2018-04-10 18:00:00,51.626,47.394,52.788,22.376,63.322,293.427,90.524,238.028,77.336,24.798
2018-04-10 19:00:00,53.493,51.505,51.886,25.777,60.439,307.411,94.803,240.249,73.345,26.201
2018-04-10 20:00:00,53.18,50.643,53.854,28.34,60.08,296.7,92.277,235.702,73.242,25.727
2018-04-10 21:00:00,49.279,51.243,48.026,24.172,53.986,255.316,80.435,203.692,62.481,26.81
2018-04-10 22:00:00,41.242,44.654,39.463,21.814,45.377,210.937,62.73,171.611,51.653,20.481
2018-04-10 23:00:00,38.266,40.263,33.782,22.648,42.27,189.259,57.626,153.266,49.272,19.751
2018-04-11 00:00:00,37.399,40.816,33.165,21.276,40.611,180.071,55.157,149.272,47.313,17.874
2018-04-11 01:00:00,36.555,38.34,32.698,21.956,38.062,180.486,54.807,145.312,45.366,18.413
2018-04-11 02:00:00,36.549,36.825,32.852,22.666,37.568,184.011,56.522,147.983,45.24,18.197
2018-04-11 03:00:00,39.594,38.379,36.243,23.77,37.711,193.175,59.283,157.828,49.551,19.376
2018-04-11 04:00:00,42.547,40.728,38.988,25.701,43.509,218.558,65.572,176.808,57.475,21.534
2018-04-11 05:00:00,49.873,48.846,49.18,28.185,52.557,247.273,76.295,194.576,65.969,24.724
2018-04-11 06:00:00,52.966,53.437,53.51,27.937,55.549,274.392,87.11,216.535,73.686,29.521
2018-04-11 07:00:00,56.457,50.821,55.555,27.411,62.555,288.782,89.696,226.21,75.178,29.31
2018-04-11 08:00:00,55.592,48.481,52.309,27.737,62.116,298.484,89.936,226.438,74.738,27.106
2018-04-11 09:00:00,53.399,44.672,48.405,25.745,62.542,281.912,90.127,222.578,72.804,28.612
2018-04-11 10:00:00,51.904,45.18,44.115,24.18,56.638,273.584,88.48,221.959,67.47,25.859
2018-04-11 11:00:00,50.75,43.468,42.341,22.753,53.161,264.981,84.894,213.855,66.32,23.248
2018-04-11 12:00:00,48.355,41.241,39.91,21.249,51.07,247.675,82.736,199.883,62.981,21.581
2018-04-11 13:00:00,46.843,38.541,37.953,19.812,47.531,241.222,80.866,201.104,61.364,20.303
2018-04-11 14:00:00,44.789,38.78,37.457,19.855,47.489,251.525,79.157,199.295,59.326,23.171
2018-04-11 15:00:00,44.38,38.271,41.069,18.707,48.818,255.492,79.921,199.853,60.604,30.782
2018-04-11 16:00:00,48.621,40.864,44.518,20.553,54.004,264.773,83.31,210.94,66.405,26.739
2018-04-11 17:00:00,45.489,41.811,46.144,20.622,53.68,262.958,83.198,222.857,66.433,23.348
2018-04-11 18:00:00,48.167,43.433,48.699,20.929,55.128,268.215,86.965,228.369,72.128,23.101
2018-04-11 19:00:00,49.135,48.601,50.119,24.856,57.785,281.926,93.547,233.86,73.012,24.299
2018-04-11 20:00:00,49.291,46.653,52.553,22.828,56.518,271.991,91.418,225.811,67.32,25.028
2018-04-11 21:00:00,42.042,38.808,41.965,21.9,49.237,229.533,76.532,199.712,57.936,22.468
2018-04-11 22:00:00,35.851,34.459,35.743,19.277,43.081,195.631,62.718,160.082,48.273,20.91
2018-04-11 23:00:00,33.657,31.076,31.998,19.05,39.283,169.439,57.144,144.815,43.339,17.493
2018-04-12 00:00:00,33.468,31.36,29.951,17.292,36.836,164.901,55.006,138.619,41.417,16.348
2018-04-12 01:00:00,33.94,34.092,29.109,16.73,35.276,165.706,53.647,140.351,41.688,16.909
2018-04-12 02:00:00,34.548,38.639,29.524,18.53,35.421,171.254,54.442,147.293,44.08,16.284
2018-04-12 03:00:00,35.793,42.477,30.94,18.449,37.912,181.032,59.892,151.067,47.216,17.063
2018-04-12 04:00:00,39.142,43.828,35.073,20.145,43.173,199.5,66.285,168.46,54.003,20.576
2018-04-12 05:00:00,44.219,46.572,49.678,22.22,49.45,231.322,76.849,190.311,61.081,24.419
2018-04-12 06:00:00,45.997,49.383,53.127,23.276,54.362,257.736,85.426,209.953,65.186,26.776
2018-04-12 07:00:00,49.984,43.114,49.549,24.827,53.488,272.182,85.9,213.648,68.283,27.325
2018-04-12 08:00:00,49.252,42.314,48.243,24.303,57.406,269.25,85.007,212.843,69.305,24.464
2018-04-12 09:00:00,49.792,40.742,46.545,22.755,57.375,260.528,82.011,211.039,65.854,24.407
2018-04-12 10:00:00,49.408,41.097,43.704,23.288,49.475,260.756,82.126,212.221,60.002,23.574
2018-04-12 11:00:00,51.175,43.209,43.329,20.26,46.213,256.091,79.678,208.897,58.923,21.476
2018-04-12 12:00:00,48.005,41.159,41.826,20.042,46.642,253.548,78.406,207.957,59.918,21.458
2018-04-12 13:00:00,45.013,37.192,39.833,18.474,46.819,243.686,81.393,197.077,59.897,20.542
2018-04-12 14:00:00,43.615,36.48,41.958,17.263,43.514,241.143,78.349,192.876,57.675,21.904
2018-04-12 15:00:00,43.872,39.526,40.686,18.658,49.157,249.614,77.925,200.309,63.914,23.227
2018-04-12 16:00:00,43.433,43.497,43.062,19.985,56.903,253.081,80.817,216.36,67.023,25.087
2018-04-12 17:00:00,45.247,44.724,48.693,25.154,54.053,258.176,86.771,215.039,66.451,25.56
2018-04-12 18:00:00,47.758,45.036,48.194,23.289,58.425,265.373,91.072,218.636,67.594,23.981
2018-04-12 19:00:00,50.38,46.172,50.97,21.353,56.241,270.344,87.63,221.236,71.597,24.617
2018-04-12 20:00:00,47.996,47.901,46.122,23.05,55.496,265.436,88.342,226.03,70.086,26.737
2018-04-12 21:00:00,40.991,37.396,39.701,21.73,48.343,219.351,73.798,188.475,57.808,22.014
2018-04-12 22:00:00,35.305,33.131,31.734,18.308,38.726,182.733,56.232,152.996,47.611,17.96
2018-04-12 23:00:00,29.876,28.639,29.037,16.697,35.771,160.577,50.586,133.435,38.78,15.319
2018-04-13 00:00:00,29.155,26.819,27.894,15.4,33.246,150.228,47.162,124.238,35.741,14.036
2018-04-13 01:00:00,28.915,26.426,26.302,14.663,31.762,146.632,47.055,124.24,34.611,13.842
2018-04-13 02:00:00,29.132,28.843,24.705,15.323,31.819,147.727,46.669,123.995,35.405,13.355
2018-04-13 03:00:00,30.353,28.99,25.37,15.57,32.057,152.367,50.613,129.754,37.71,13.985
2018-04-13 04:00:00,34.476,32.011,29.197,17.945,37.346,171.998,56.082,148.454,44.732,16.716
2018-04-13 05:00:00,39.055,36.317,38.598,18.847,45.995,204.318,68.405,168.508,52.308,20.694
2018-04-13 06:00:00,40.37,41.19,42.327,20.201,50.882,229.937,76.054,191.732,59.197,21.425
2018-04-13 07:00:00,44.965,42.616,42.12,23.774,54.604,239.751,81.992,197.867,62.211,24.604
2018-04-13 08:00:00,51.016,38.135,42.056,22.887,56.645,256.214,85.117,205.303,62.612,24.595
2018-04-13 09:00:00,49.671,38.135,43.111,22.29,58.828,265.823,86.671,206.499,62.914,24.075
2018-04-13 10:00:00,49.569,37.792,44.811,21.432,54.663,260.751,85.149,212.79,66.387,24.267
2018-04-13 11:00:00,47.19,39.647,43.156,22.314,52.342,252.789,81.153,209.186,66.147,21.669
2018-04-13 12:00:00,46.513,39.002,37.935,19.931,50.039,248.553,75.56,198.044,60.907,20.885
2018-04-13 13:00:00,51.787,38.738,35.611,17.906,48.474,243.945,78.158,194.626,58.582,20.175
2018-04-13 14:00:00,53.714,36.639,35.571,17.144,45.509,245.052,76.93,193.867,61.178,23.087
2018-04-13 15:00:00,46.627,39.865,39.519,18.032,48.331,257.423,76.537,204.164,63.262,22.597
2018-04-13 16:00:00,44.72,40.665,41.53,20.964,50.165,272.929,79.244,209.806,61.025,22.358
2018-04-13 17:00:00,45.487,43.164,45.107,22.62,53.521,275.528,80.643,206.026,62.86,23.421
2018-04-13 18:00:00,45.872,47.383,43.74,21.587,54.46,276.975,81.836,216.455,67.044,24.319
2018-04-13 19:00:00,46.115,49.117,44.027,21.77,57.76,277.435,87.94,220.472,69.132,23.711
2018-04-13 20:00:00,44.057,44.752,45.608,21.361,56.819,258.386,86.912,212.019,71.794,23.611
2018-04-13 21:00:00,37.124,38.112,40.332,20.3,49.809,214.047,72.685,173.533,56.166,18.044
2018-04-13 22:00:00,32.568,31.226,30.125,17.767,39.885,173.702,56.151,141.231,42.919,15.791
2018-04-13 23:00:00,29.634,25.449,25.336,16.161,33.583,148.097,47.957,127.895,37.777,13.532
2018-04-14 00:00:00,29.029,23.237,22.163,15.459,32.798,136.774,45.031,116.223,34.631,13.241
2018-04-14 01:00:00,27.557,22.617,21.265,14.992,32.836,133.253,44.297,112.83,33.302,13.24
2018-04-14 02:00:00,27.466,23.415,22.033,14.827,31.862,131.696,43.317,113.404,33.026,12.037
2018-04-14 03:00:00,28.457,24.774,23.247,14.592,31.498,136.86,45.46,118.788,34.508,12.778
2018-04-14 04:00:00,30.997,26.403,24.754,16.311,33.248,143.692,47.617,126.657,37.972,13.777
2018-04-14 05:00:00,32.657,27.668,31.307,18.917,39.982,155.666,50.418,133.089,39.787,15.169
2018-04-14 06:00:00,36.419,33.614,38.519,20.96,47.83,184.936,59.232,156.562,46.569,19.805
2018-04-14 07:00:00,41.513,40.051,43.097,21.869,48.847,213.504,70.21,180.279,56.205,22.516
2018-04-14 08:00:00,46.414,43.68,45.458,22.585,53.054,232.036,75.76,191.553,57.688,22.978
2018-04-14 09:00:00,49.052,48.958,43.52,23.018,53.94,235.082,76.794,191.821,63.372,26.408
2018-04-14 10:00:00,49.311,46.424,43.169,22.526,55.658,229.399,72.948,196.45,62.518,24.723
2018-04-14 11:00:00,51.779,50.401,42.645,24.361,53.782,230.986,76.554,194.355,64.473,25.582
2018-04-14 12:00:00,48.783,49.955,43.707,23.024,53.504,232.116,77.021,200.614,60.682,24.499
2018-04-14 13:00:00,48.262,47.521,42.313,20.333,56.584,230.417,77.397,202.671,59.663,25.192
2018-04-14 14:00:00,47.093,46.441,40.796,20.282,58.039,233.296,79.515,204.835,63.951,28.336
2018-04-14 15:00:00,50.073,49.245,41.346,20.486,59.242,244.533,82.704,205.125,65.949,24.762
2018-04-14 16:00:00,50.379,47.952,46.632,23.854,66.137,263.116,87.958,208.677,69.352,27.661
2018-04-14 17:00:00,49.586,49.782,49.038,25.961,65.069,259.887,85.668,216.442,72.833,28.03
2018-04-14 18:00:00,48.886,52.16,49.956,27.747,66.913,276.849,89.186,227.682,72.613,29.822
2018-04-14 19:00:00,51.531,52.492,56.077,31.18,69.419,290.198,93.903,242.522,80.732,31.066
2018-04-14 20:00:00,49.383,52.44,53.481,29.545,64.387,281.777,90.556,237.084,79.944,30.819
2018-04-14 21:00:00,45.782,43.423,41.08,28.581,56.458,240.359,81.914,202.715,68.979,25.462
2018-04-14 22:00:00,40.362,39.656,33.832,23.864,47.723,204.672,68.141,174.352,57.543,20.635
2018-04-14 23:00:00,38.632,32.448,31.573,21.317,42.327,188.738,60.582,151.408,49.175,21.207
2018-04-15 00:00:00,37.08,32.302,29.312,20.261,40.862,177.86,55.194,141.805,45.316,19.838
2018-04-15 01:00:00,36.533,32.016,28.859,19.863,39.02,174.392,53.484,140.478,43.418,18.319
2018-04-15 02:00:00,37.206,35.148,28.971,19.989,38.906,175.978,54.767,144.798,43.432,17.315
2018-04-15 03:00:00,38.58,36.181,30.247,21.678,41.605,179.491,57.739,149.396,45.502,17.333
2018-04-15 04:00:00,41.072,38.435,32.61,21.742,43.416,194.845,60.991,159.467,49.29,19.385
2018-04-15 05:00:00,44.785,40.304,38.863,22.893,44.98,206.16,65.901,169.722,50.924,21.967
2018-04-15 06:00:00,47.218,43.617,43.947,24.535,47.226,235.49,74.147,189.093,57.415,25.739
2018-04-15 07:00:00,49.943,47.888,49.53,24.065,53.463,259.35,87.868,208.467,68.713,27.247
2018-04-15 08:00:00,54.909,52.241,57.285,25.062,60.222,274.374,90.289,230.973,73.018,32.033
2018-04-15 09:00:00,56.909,54.668,54.066,25.208,63.041,274.232,90.266,247.155,75.666,35.154
2018-04-15 10:00:00,58.327,54.906,51.893,23.855,58.216,273.053,91.515,241.766,71.344,30.36
2018-04-15 11:00:00,57.073,51.365,51.533,23.782,59.32,282.339,92.025,241.275,76.524,31.376
2018-04-15 12:00:00,56.189,50.302,53.076,23.896,60.575,279.15,91.847,228.406,69.61,30.421
2018-04-15 13:00:00,56.884,47.652,49.939,25.221,61.378,268.643,90.046,224.941,69.891,27.342
2018-04-15 14:00:00,58.211,46.395,51.869,26.248,57.178,271.733,92.201,227.667,72.505,25.747
2018-04-15 15:00:00,60.056,52.303,52.101,24.062,60.732,293.694,86.086,239.751,76.746,26.955
2018-04-15 16:00:00,58.428,47.608,51.715,22.997,59.686,295.721,93.877,246.181,74.391,30.442
2018-04-15 17:00:00,58.856,51.031,53.986,24.544,59.859,294.409,94.078,245.076,77.976,30.009
2018-04-15 18:00:00,56.353,49.008,56.852,25.079,61.896,297.649,97.683,246.959,81.166,32.341
2018-04-15 19:00:00,57.101,51.452,56.831,26.319,63.065,310.562,100.716,257.254,85.054,33.734
2018-04-15 20:00:00,55.505,48.872,53.919,27.131,67.187,303.336,96.71,244.061,80.606,34.656
2018-04-15 21:00:00,51.546,42.915,45.592,23.984,57.266,268.559,84.718,212.953,71.735,26.429
2018-04-15 22:00:00,45.787,38.357,39.126,21.5,47.619,232.976,71.697,180.447,59.282,22.492
2018-04-15 23:00:00,42.546,36.065,34.736,20.711,42.332,204.169,67.158,161.462,50.553,21.524
2018-04-16 00:00:00,41.196,32.491,32.646,19.828,39.737,196.676,63.2,158.19,49.764,20.927
2018-04-16 01:00:00,40.913,31.872,31.477,18.906,38.748,193.762,60.851,154.268,49.955,19.044
2018-04-16 02:00:00,40.785,36.116,31.964,18.989,39.045,192.722,59.575,154.334,50.329,17.59
2018-04-16 03:00:00,42.138,37.227,32.134,19.688,38.853,197.465,62.916,164.481,50.34,18.23
2018-04-16 04:00:00,44.107,40.332,34.948,22.319,46.996,212.839,69.296,184.229,53.604,20.512
2018-04-16 05:00:00,49.093,44.421,44.924,25.366,53.162,237.724,75.394,201.106,61.097,24.574
2018-04-16 06:00:00,55.778,47.718,49.085,28.503,62.441,270.885,83.403,225.986,66.783,26.935
2018-04-16 07:00:00,61.795,48.495,52.344,26.466,64.624,289.406,92.431,235.527,75.732,28.018
2018-04-16 08:00:00,60.523,49.57,50.915,27.991,63.994,301.646,92.249,243.517,76.704,28.407
2018-04-16 09:00:00,60.989,51.577,50.231,29.535,62.587,296.072,95.108,259.382,79.016,28.964
2018-04-16 10:00:00,59.124,52.114,48.749,26.542,61.345,293.303,94.206,261.832,74.633,28.094
2018-04-16 11:00:00,60.081,48.565,47.098,25.981,57.877,281.709,93.815,246.937,69.899,27.139
2018-04-16 12:00:00,59.137,45.813,48.377,24.291,55.809,270.078,91.122,240.233,68.251,25.037
2018-04-16 13:00:00,57.382,44.953,44.276,24.142,54.706,267.831,89.619,235.105,68.808,24.304
2018-04-16 14:00:00,58.752,43.386,41.084,22.6,52.476,272.26,91.512,224.759,68.237,23.531
2018-04-16 15:00:00,60.654,48.32,42.162,23.786,51.671,271.957,94.381,231.387,70.161,24.585
2018-04-16 16:00:00,60.486,51.024,44.912,25.578,53.414,285.98,97.064,239.486,72.264,27.702
2018-04-16 17:00:00,58.389,53.426,47.348,28.166,60.136,283.96,93.372,241.041,76.845,25.413
2018-04-16 18:00:00,63.162,56.211,48.505,28.109,60.889,277.381,91.218,239.448,78.019,25.63
2018-04-16 19:00:00,62.635,52.77,53.65,26.722,63.636,285.59,93.112,248.528,79.784,29.066
2018-04-16 20:00:00,54.909,47.934,49.314,26.063,60.404,266.594,90.901,237.285,74.561,25.705
2018-04-16 21:00:00,47.281,40.429,39.306,22.687,49.189,227.661,83.74,193.854,57.62,21.378
2018-04-16 22:00:00,41.534,36.956,33.777,19.264,41.157,185.583,62.487,156.659,45.428,18.398
2018-04-16 23:00:00,35.704,32.54,28.483,17.892,36.779,161.86,55.207,135.408,39.331,16.043
2018-04-17 00:00:00,33.361,28.566,28.45,16.602,35.16,152.154,51.14,123.647,35.854,16.097
2018-04-17 01:00:00,31.812,27.384,26.712,16.083,34.054,150.591,49.784,123.07,34.553,17.045
2018-04-17 02:00:00,31.971,30.059,26.631,16.153,33.629,152.096,50.87,125.517,34.646,14.596
2018-04-17 03:00:00,32.546,31.774,27.535,16.647,35.149,157.995,54.322,130.978,37.916,15.34
2018-04-17 04:00:00,36.921,34.338,30.605,19.027,38.447,175.626,60.872,148.135,45.2,17.207
2018-04-17 05:00:00,42.86,37.605,41.667,22.309,46.842,210.46,72.892,169.621,51.817,21.774
2018-04-17 06:00:00,45.488,42.663,47.425,22.803,52.508,241.189,76.947,197.226,62.476,23.623
2018-04-17 07:00:00,52.083,48.27,48.97,23.876,55.583,261.891,83.608,212.688,66.752,23.539
2018-04-17 08:00:00,52.846,49.356,47.239,23.953,55.588,272.797,86.044,224.264,71.333,21.649
2018-04-17 09:00:00,54.108,46.463,48.165,24.171,56.34,271.389,83.949,230.046,71.601,25.227
2018-04-17 10:00:00,55.264,43.898,51.967,24.145,56.904,269.19,84.3,233.531,66.61,22.914
2018-04-17 11:00:00,53.586,43.348,51.812,22.972,55.637,261.958,89.701,230.385,64.492,24.889
2018-04-17 12:00:00,51.165,43.111,45.111,19.88,48.044,249.499,81.884,214.165,61.341,24.47
2018-04-17 13:00:00,48.997,41.888,40.926,20.838,48.632,245.622,79.146,205.682,57.506,20.665
2018-04-17 14:00:00,46.891,39.098,40.071,19.777,49.127,252.319,77.053,206.095,59.908,23.43
2018-04-17 15:00:00,47.458,38.901,42.153,20.342,52.339,252.303,76.979,206.509,62.58,24.947
2018-04-17 16:00:00,48.72,41.508,45.775,19.705,53.669,260.741,78.936,209.441,64.764,25.925
2018-04-17 17:00:00,49.706,44.237,49.879,20.916,58.003,269.146,82.344,220.681,69.132,24.709
2018-04-17 18:00:00,51.387,48.812,48.699,22.189,59.023,277.28,87.414,224.15,74.288,25.893
2018-04-17 19:00:00,51.504,46.369,49.848,23.756,61.994,284.891,92.786,233.595,73.497,27.506
2018-04-17 20:00:00,52.833,44.817,50.048,25.827,61.357,277.424,89.651,232.875,68.681,26.425
2018-04-17 21:00:00,45.934,40.103,41.507,22.527,52.395,231.389,78.667,202.999,58.161,21.507
2018-04-17 22:00:00,37.941,33.144,34.924,18.977,42.78,194.557,64.513,166.707,47.012,19.364
2018-04-17 23:00:00,35.648,29.33,30.395,17.781,39.65,173.635,56.366,145.866,42.514,16.362
2018-04-18 00:00:00,33.722,28.405,27.664,16.736,38.298,163.418,54.008,138.486,39.453,16.126
2018-04-18 01:00:00,32.705,27.49,27.428,16.428,35.102,164.246,51.892,138.612,38.303,16.551
2018-04-18 02:00:00,33.66,30.837,29.226,16.565,35.395,167.796,52.747,140.304,39.353,15.108
2018-04-18 03:00:00,35.264,32.229,30.713,18.392,35.98,175.335,56.884,149.859,42.111,15.923
2018-04-18 04:00:00,37.883,36.327,32.671,20.017,39.323,194.748,63.248,170.832,48.023,18.636
2018-04-18 05:00:00,44.494,40.641,44.536,21.01,45.224,224.694,69.01,191.319,57.338,23.998
2018-04-18 06:00:00,47.908,46.157,48.232,23.459,50.066,248.812,78.612,211.1,63.679,26.923
2018-04-18 07:00:00,51.84,45.859,50.214,26.393,57.543,265.483,82.384,218.661,67.656,25.793
2018-04-18 08:00:00,52.55,43.079,53.732,26.147,56.146,273.126,82.568,225.224,70.671,27.294
2018-04-18 09:00:00,55.636,43.956,50.831,25.086,54.147,266.454,83.347,222.895,69.394,28.616
2018-04-18 10:00:00,54.327,49.402,46.981,25.864,53.198,266.596,86.453,218.577,67.3,27.102
2018-04-18 11:00:00,53.384,42.41,45.853,23.031,51.264,256.244,87.509,212.128,66.959,25.947
2018-04-18 12:00:00,50.631,39.193,42.929,21.983,51.262,248.913,82.855,206.18,61.406,23.64
2018-04-18 13:00:00,48.141,39.771,41.109,21.336,52.59,244.33,78.133,196.732,59.259,21.569
2018-04-18 14:00:00,47.739,37.747,41.205,20.229,51.29,240.04,72.245,196.011,66.982,21.861
2018-04-18 15:00:00,44.246,36.689,41.965,20.097,53.028,250.239,76.892,202.258,71.421,23.626
2018-04-18 16:00:00,47.419,40.661,43.348,21.99,55.694,257.882,84.727,202.991,70.102,22.504
2018-04-18 17:00:00,46.27,40.751,44.355,23.089,57.583,264.791,85.082,218.63,67.505,24.24
2018-04-18 18:00:00,49.969,41.453,46.941,23.756,58.101,269.444,86.712,224.683,67.484,24.307
2018-04-18 19:00:00,51.797,45.691,50.105,24.698,60.363,279.493,90.621,227.911,69.209,25.785
2018-04-18 20:00:00,47.905,45.044,48.845,24.265,58.83,267.977,89.697,218.154,68.548,25.785
2018-04-18 21:00:00,39.826,41.268,43.22,22.774,50.794,226.58,74.017,191.029,56.453,21.005
2018-04-18 22:00:00,35.664,31.659,35.093,19.936,44.437,190.163,59.265,154.616,44.208,16.896
2018-04-18 23:00:00,32.153,26.953,30.577,16.794,37.027,165.085,52.376,134.251,38.389,15.648
2018-04-19 00:00:00,30.744,26.604,27.357,15.679,34.82,154.709,49.27,127.673,37.521,14.562
2018-04-19 01:00:00,29.946,25.266,26.113,15.504,33.002,153.953,49.58,126.755,37.178,14.254
2018-04-19 02:00:00,30.813,26.79,26.38,16.589,33.519,154.939,50.51,128.282,37.289,14.673
2018-04-19 03:00:00,31.865,29.545,27.351,16.476,34.031,159.474,54.491,133.877,40.252,15.535
2018-04-19 04:00:00,35.165,32.714,30.256,18.455,39.281,177.632,60.946,155.155,46.902,16.906
2018-04-19 05:00:00,42.885,37.11,39.435,21.002,46.177,207.586,67.627,173.264,55.657,20.732
2018-04-19 06:00:00,46.553,39.667,45.695,21.26,52.265,242.495,78.004,194.257,62.171,24.009
2018-04-19 07:00:00,49.989,39.393,47.66,21.863,57.322,260.26,86.773,213.608,67.223,23.783
2018-04-19 08:00:00,53.208,38.755,47.744,22.959,55.605,282.201,90.361,241.702,69.369,24.089
2018-04-19 09:00:00,57.303,41.301,49.254,22.383,54.649,288.796,87.585,245.445,72.66,24.891
2018-04-19 10:00:00,54.881,38.877,48.285,21.904,52.489,281.269,88.816,245.73,69.852,24.545
2018-04-19 11:00:00,49.963,40.421,48.458,20.438,50.863,272.27,90.006,233.513,72.342,23.611
2018-04-19 12:00:00,47.555,39.625,47.658,18.833,53.826,258.081,86.743,219.532,64.654,22.98
2018-04-19 13:00:00,49.741,39.344,40.026,21.396,50.151,248.88,79.193,203.071,62.67,21.784
2018-04-19 14:00:00,46.394,38.5,42.763,21.236,46.853,248.354,82.328,201.954,63.378,22.941
2018-04-19 15:00:00,46.288,38.446,47.506,19.939,51.747,258.457,81.51,213.142,63.302,24.4
2018-04-19 16:00:00,47.637,41.062,45.863,23.585,52.063,261.29,85.537,219.432,69.436,23.672
2018-04-19 17:00:00,49.846,43.895,49.126,25.684,55.803,268.791,81.099,218.396,73.566,22.381
2018-04-19 18:00:00,50.043,45.849,48.443,24.28,53.144,280.163,86.355,225.256,76.478,23.76
2018-04-19 19:00:00,50.403,49.632,53.672,24.582,62.902,287.15,89.77,236.157,74.415,24.131
2018-04-19 20:00:00,48.617,50.662,51.408,24.907,60.722,275.559,88.316,232.317,70.638,24.527
2018-04-19 21:00:00,43.484,39.531,44.851,21.59,51.784,238.074,75.116,194.928,59.63,22.395
2018-04-19 22:00:00,38.93,34.297,33.874,19.005,42.255,198.517,61.333,164.032,49.158,17.849
2018-04-19 23:00:00,34.276,31.391,30.169,17.958,37.077,180.309,55.162,145.018,42.627,15.877
2018-04-20 00:00:00,34.157,31.109,26.856,17.402,34.367,168.161,53.25,136.038,39.99,15.424
2018-04-20 01:00:00,32.208,26.892,27.415,17.186,33.955,168.601,50.084,137.356,39.391,16.127
2018-04-20 02:00:00,31.763,29.871,28.587,17.76,33.817,173.011,51.784,139.12,39.647,15.213
2018-04-20 03:00:00,38.138,31.384,29.976,18.582,35.557,180.103,56.588,146.347,43.558,16.091
2018-04-20 04:00:00,38.954,33.425,34.28,19.728,39.33,196.928,62.687,163.182,49.571,19.832
2018-04-20 05:00:00,42.604,37.441,43.093,21.729,48.306,228.722,68.782,182.098,56.526,23.851
2018-04-20 06:00:00,48.185,40.349,48.722,23.751,54.571,253.723,78.612,208.969,64.466,28.674
2018-04-20 07:00:00,51.464,44.521,48.421,25.278,58.778,271.62,85.151,220.116,67.588,24.6
2018-04-20 08:00:00,52.784,44.712,48.768,24.738,59.455,284.494,91.338,226.828,74.548,24.515
2018-04-20 09:00:00,53.132,41.995,50.116,25.086,59.558,290.959,89.421,230.46,69.219,23.824
2018-04-20 10:00:00,53.981,41.274,48.48,25.153,58.95,288.523,91.873,228.935,70.846,24.266
2018-04-20 11:00:00,50.617,41.37,48.315,24.254,60.093,264.906,88.305,223.329,68.505,26.262
2018-04-20 12:00:00,49.602,40.704,43.698,22.355,55.312,259.952,80.864,209.074,64.973,24.089
2018-04-20 13:00:00,45.741,40.244,40.565,21.429,50.334,244.941,76.001,202.344,61.052,25.125
2018-04-20 14:00:00,45.19,42.522,39.695,20.227,50.621,242.069,80.133,197.733,62.67,23.213
2018-04-20 15:00:00,48.981,40.929,44.291,22.619,52.977,257.507,80.547,203.502,62.34,23.422
2018-04-20 16:00:00,50.683,43.166,45.429,22.049,56.387,260.892,78.65,221.165,66.368,26.156
2018-04-20 17:00:00,51.269,44.802,44.976,21.772,56.714,272.137,82.135,218.117,65.438,27.708
2018-04-20 18:00:00,51.663,46.588,47.749,24.454,57.083,280.479,90.543,224.627,75.073,25.572
2018-04-20 19:00:00,51.359,47.37,49.063,23.759,56.998,287.964,93.319,230.452,74.977,28.412
2018-04-20 20:00:00,48.842,46.153,46.121,23.605,56.243,270.442,92.673,230.65,70.308,25.543
2018-04-20 21:00:00,42.195,39.884,43.361,23.264,50.314,233.01,77.045,191.357,57.398,23.967
2018-04-20 22:00:00,37.522,35.044,35.793,18.883,41.969,195.977,67.625,158.076,49.152,17.874
2018-04-20 23:00:00,34.628,29.456,28.723,17.327,35.556,170.693,55.622,138.888,41.073,17.534
2018-04-21 00:00:00,32.723,29.638,26.794,16.541,34.565,159.058,54.857,132.566,38.532,14.897
2018-04-21 01:00:00,32.722,27.008,27.225,16.608,34.083,155.449,52.404,131.874,38.451,14.948
2018-04-21 02:00:00,32.57,29.801,27.389,16.61,35.005,155.789,51.904,132.714,38.165,14.709
2018-04-21 03:00:00,34.868,32.866,27.715,18.14,35.694,163.15,55.682,135.226,39.63,14.991
2018-04-21 04:00:00,38.619,34.653,29.183,18.777,38.639,173.844,58.935,142.745,41.635,16.751
2018-04-21 05:00:00,39.919,37.084,35.132,18.641,42.034,198.525,61.025,145.119,44.986,18.702
2018-04-21 06:00:00,43.355,38.701,41.584,20.176,47.057,210.544,65.151,164.662,52.003,21.356
2018-04-21 07:00:00,43.468,39.904,46.553,21.425,47.603,225.017,69.298,183.239,55.724,21.018
2018-04-21 08:00:00,44.917,41.857,45.11,20.535,48.283,243.606,74.891,191.812,59.132,20.812
2018-04-21 09:00:00,46.436,44.864,48.301,23.332,49.381,230.577,75.882,188.65,63.515,20.736
2018-04-21 10:00:00,46.38,43.933,46.06,23.262,45.948,232.184,76.54,191.346,61.727,22.086
2018-04-21 11:00:00,51.438,41.384,46.261,21.007,46.542,240.664,76.859,189.81,64.506,23.69
2018-04-21 12:00:00,45.942,37.628,42.164,18.894,47.355,229.376,76.374,191.688,63.459,20.232
2018-04-21 13:00:00,43.02,37.169,41.295,20.749,45.921,224.595,73.966,177.532,61.622,20.364
2018-04-21 14:00:00,42.646,39.809,42.445,18.624,52.255,240.236,72.935,183.464,60.748,19.354
2018-04-21 15:00:00,42.622,42.26,41.515,18.314,51.518,243.979,75.521,196.273,60.014,19.581
2018-04-21 16:00:00,42.993,42.946,43.552,19.455,50.744,244.84,79.195,206.862,63.428,20.597
2018-04-21 17:00:00,42.133,42.628,43.294,21.664,54.467,251.911,79.581,209.292,68.952,19.954
2018-04-21 18:00:00,43.173,45.286,44.147,21.203,53.464,252.993,83.902,208.668,73.28,21.323
2018-04-21 19:00:00,43.181,44.973,49.528,23.513,58.437,263.628,90.799,216.981,75.215,22.416
2018-04-21 20:00:00,47.702,45.478,51.344,25.381,57.345,250.785,88.2,220.337,72.222,23.085
2018-04-21 21:00:00,42.719,39.389,40.651,24.378,53.653,209.573,78.873,180.44,58.638,20.84
2018-04-21 22:00:00,37.11,30.235,31.746,20.485,41.795,172.318,57.443,144.224,46.625,17.623
2018-04-21 23:00:00,34.125,27.553,29.935,19.085,37.838,155.905,52.786,130.222,39.872,15.32
2018-04-22 00:00:00,33.271,26.647,27.428,18.958,36.403,147.464,51.072,125.34,35.813,14.789
2018-04-22 01:00:00,33.134,26.976,27.994,18.803,35.782,147.41,49.451,123.419,35.078,15.868
2018-04-22 02:00:00,32.524,30.588,29.363,19.287,35.187,152.079,51.445,125.49,36.099,14.948
2018-04-22 03:00:00,35.384,32.857,30.545,19.65,37.541,159.605,55.598,130.149,38.122,15.872
2018-04-22 04:00:00,36.789,35.116,35.097,21.594,41.254,175.079,60.792,140.62,42.921,17.616
2018-04-22 05:00:00,38.558,36.384,40.748,21.538,44.785,186.915,62.235,143.351,44.343,20.628
2018-04-22 06:00:00,41.112,38.005,42.619,22.066,47.175,202.703,65.192,156.365,49.014,23.436
2018-04-22 07:00:00,39.301,40.282,41.37,23.202,47.269,214.252,73.976,168.466,53.636,22.382
2018-04-22 08:00:00,41.372,44.17,46.002,23.027,46.777,221.304,76.361,177.919,59.245,22.363
2018-04-22 09:00:00,43.536,38.19,43.761,21.675,49.191,224.232,69.928,182.047,57.415,19.969
2018-04-22 10:00:00,49.162,37.533,40.713,25.042,50.471,216.304,67.211,187.009,55.427,20.066
2018-04-22 11:00:00,45.263,39.535,41.997,22.323,48.552,220.729,70.184,181.406,58.765,19.853
2018-04-22 12:00:00,42.371,39.862,42.032,20.016,47.972,215.337,74.767,174.67,56.39,18.013
2018-04-22 13:00:00,44.664,38.953,43.219,15.369,50.175,215.395,73.773,177.473,52.87,19.613
2018-04-22 14:00:00,44.094,42.619,40.787,17.396,51.17,227.99,75.416,185.209,53.886,18.669
2018-04-22 15:00:00,43.328,44.33,40.818,17.407,49.165,247.104,78.606,195.026,59.129,20.37
2018-04-22 16:00:00,42.424,43.383,40.049,18.404,53.58,258.134,81.553,210.878,65.891,24.423
2018-04-22 17:00:00,42.34,43.06,41.505,18.472,53.273,260.629,81.595,210.654,67.314,26.519
2018-04-22 18:00:00,43.811,41.702,45.781,19.522,53.486,258.947,82.881,210.907,65.267,21.934
2018-04-22 19:00:00,43.068,42.626,44.802,20.084,56.451,261.924,85.37,211.869,65.57,21.163
2018-04-22 20:00:00,43.921,45.034,49.042,21.512,55.099,255.769,77.517,199.669,65.335,24.896
2018-04-22 21:00:00,37.561,36.43,43.309,19.515,48.469,208.106,65.82,165.788,54.103,19.81
2018-04-22 22:00:00,33.176,30.762,33.005,17.778,41.594,168.325,53.235,138.464,43.589,15.618
2018-04-22 23:00:00,30.693,27.7,29.657,17.693,37.056,151.909,48.25,123.289,39.021,15.278
2018-04-23 00:00:00,30.958,26.889,27.884,17.457,35.159,144.187,47.039,120.064,35.052,15.0
2018-04-23 01:00:00,30.401,27.625,27.557,18.007,34.536,147.693,46.814,121.177,34.098,15.207
2018-04-23 02:00:00,31.558,31.342,28.608,18.671,35.177,152.167,48.664,124.695,35.948,15.155
2018-04-23 03:00:00,34.475,35.022,30.2,19.499,37.167,162.192,54.937,137.263,41.858,16.507
2018-04-23 04:00:00,39.965,38.632,35.027,22.644,41.833,186.884,62.49,158.406,51.583,19.528
2018-04-23 05:00:00,44.161,41.768,47.98,24.747,48.166,207.134,71.3,173.304,58.625,26.116
2018-04-23 06:00:00,46.636,42.038,51.586,23.932,52.427,235.65,74.856,190.36,59.455,25.041
2018-04-23 07:00:00,48.26,40.881,46.118,24.644,55.163,251.212,79.632,198.158,62.951,22.723
2018-04-23 08:00:00,48.334,42.581,43.988,24.17,52.143,258.634,84.561,207.267,64.654,22.805
2018-04-23 09:00:00,48.86,41.907,42.542,22.392,52.398,253.646,87.509,212.519,66.346,24.13
2018-04-23 10:00:00,47.653,42.347,42.037,19.894,48.805,257.722,87.854,219.522,65.026,22.124
2018-04-23 11:00:00,45.39,44.253,41.451,19.298,50.118,257.698,89.098,219.378,67.908,23.028
2018-04-23 12:00:00,47.282,41.823,39.818,19.624,49.297,272.226,82.559,206.691,61.982,22.623
2018-04-23 13:00:00,46.097,40.608,38.674,19.657,52.732,266.003,80.765,201.2,58.68,21.223
2018-04-23 14:00:00,47.191,42.715,39.76,20.485,50.165,270.769,87.688,213.986,62.58,20.694
2018-04-23 15:00:00,47.831,44.413,42.274,18.773,54.95,297.271,92.111,220.642,71.193,24.328
2018-04-23 16:00:00,50.138,45.878,46.568,21.3,59.921,303.028,95.148,226.479,70.986,23.912
2018-04-23 17:00:00,53.873,44.776,46.134,22.043,60.628,304.751,89.866,226.358,72.177,24.363
2018-04-23 18:00:00,48.352,43.703,44.894,21.031,56.822,287.496,93.699,219.672,70.801,22.557
2018-04-23 19:00:00,46.477,43.972,46.126,18.55,54.757,283.286,90.134,215.643,72.999,22.954
2018-04-23 20:00:00,44.879,39.569,45.21,19.713,53.435,270.841,82.926,213.049,64.164,21.555
2018-04-23 21:00:00,40.155,34.972,44.377,17.784,43.924,219.308,63.358,178.478,53.316,18.368
2018-04-23 22:00:00,32.717,27.837,33.828,16.325,36.006,168.868,52.584,144.862,45.296,15.836
2018-04-23 23:00:00,30.637,24.588,26.051,16.934,33.568,146.876,44.895,126.624,38.42,13.679
2018-04-24 00:00:00,26.446,24.019,23.659,16.088,34.73,134.877,41.872,116.07,35.198,13.098
2018-04-24 01:00:00,26.57,23.696,23.462,16.798,32.472,133.256,40.643,114.853,32.926,14.164
2018-04-24 02:00:00,26.194,25.238,25.437,17.318,32.135,136.383,42.201,119.58,34.147,14.232
2018-04-24 03:00:00,27.541,28.757,26.894,18.334,34.21,141.743,48.046,127.471,36.542,14.149
2018-04-24 04:00:00,32.181,32.598,30.308,20.141,38.793,165.666,54.662,146.864,42.754,15.901
2018-04-24 05:00:00,39.288,36.431,38.686,21.935,46.199,192.615,63.936,162.937,51.033,20.586
2018-04-24 06:00:00,43.302,36.959,48.773,22.942,50.152,231.078,71.641,189.279,62.331,25.214
2018-04-24 07:00:00,43.475,36.961,46.306,21.326,52.131,244.743,74.192,199.25,63.553,25.307
2018-04-24 08:00:00,45.468,39.018,45.487,20.016,52.522,250.175,80.56,203.836,64.786,21.667
2018-04-24 09:00:00,46.602,40.041,43.717,19.171,51.9,261.777,77.873,208.744,66.985,20.98
2018-04-24 10:00:00,49.336,42.858,43.791,19.979,50.5,266.226,80.108,220.346,64.69,21.746
2018-04-24 11:00:00,49.219,46.714,42.073,20.562,50.997,276.097,84.969,227.237,68.734,21.536
2018-04-24 12:00:00,48.514,48.958,40.158,20.183,51.191,282.138,90.208,221.354,67.012,23.043
2018-04-24 13:00:00,49.029,44.879,42.787,20.734,49.028,290.463,93.587,218.516,70.253,22.298
2018-04-24 14:00:00,50.875,45.028,44.176,20.968,51.264,306.075,91.918,215.771,75.336,21.812
2018-04-24 15:00:00,53.579,49.265,44.309,23.083,57.328,322.279,94.987,216.174,83.951,24.812
2018-04-24 16:00:00,53.641,55.969,45.374,23.196,56.921,322.735,101.809,226.217,81.673,26.335
2018-04-24 17:00:00,51.138,52.379,45.936,25.047,61.616,310.631,96.373,220.415,77.506,24.293
2018-04-24 18:00:00,47.618,50.462,46.417,23.785,58.776,303.508,93.915,220.294,71.795,25.11
2018-04-24 19:00:00,48.288,46.839,45.572,22.625,59.507,295.499,90.401,219.687,74.434,24.683
2018-04-24 20:00:00,45.074,46.168,41.654,21.253,53.508,268.429,86.178,214.347,71.385,25.459
2018-04-24 21:00:00,36.443,39.728,34.624,19.141,43.193,218.795,68.416,174.714,56.796,18.918
2018-04-24 22:00:00,29.614,28.48,28.243,16.88,34.307,170.625,52.658,137.306,39.932,14.39
2018-04-24 23:00:00,26.721,23.79,24.214,15.277,30.127,146.019,42.99,117.085,33.748,11.775
2018-04-25 00:00:00,25.117,22.148,21.681,17.082,27.971,133.64,40.615,109.005,32.577,10.676
2018-04-25 01:00:00,24.603,21.184,20.627,14.133,25.603,130.142,38.705,105.017,31.661,10.753
2018-04-25 02:00:00,24.605,20.708,20.759,15.237,25.254,129.785,38.629,106.557,30.641,11.276
2018-04-25 03:00:00,25.227,22.654,22.327,16.866,26.875,133.541,40.548,112.612,33.89,11.413
2018-04-25 04:00:00,28.911,26.719,27.618,17.165,32.026,153.06,48.054,132.933,39.963,13.279
2018-04-25 05:00:00,31.97,31.387,36.355,19.273,37.878,182.506,54.016,153.667,47.819,15.866
2018-04-25 06:00:00,38.878,36.35,42.518,22.631,47.121,215.265,65.517,174.91,57.095,19.077
2018-04-25 07:00:00,44.351,38.385,46.701,23.066,47.718,243.487,79.421,198.936,59.282,21.84
2018-04-25 08:00:00,46.171,40.884,50.737,23.173,50.218,258.355,82.529,205.268,60.592,23.355
2018-04-25 09:00:00,47.706,43.532,48.185,22.004,53.329,257.728,80.291,218.068,63.442,24.518
2018-04-25 10:00:00,47.8,44.512,46.627,20.834,50.821,260.194,80.51,214.364,66.293,24.363
2018-04-25 11:00:00,50.278,40.448,42.333,20.964,49.831,252.038,78.745,210.91,67.554,25.707
2018-04-25 12:00:00,47.899,37.453,38.762,21.636,47.713,247.567,80.049,205.511,62.751,22.392
2018-04-25 13:00:00,45.979,37.301,42.211,22.675,45.174,239.229,76.629,206.411,61.118,20.607
2018-04-25 14:00:00,46.757,39.128,39.751,20.879,46.929,242.562,75.484,200.203,61.223,21.725
2018-04-25 15:00:00,46.608,39.209,40.792,17.374,49.074,252.799,76.154,205.095,67.973,24.063
2018-04-25 16:00:00,46.354,39.369,42.078,21.875,53.348,256.687,85.218,222.419,71.288,23.538
2018-04-25 17:00:00,46.947,40.679,47.713,17.847,53.914,256.886,87.353,219.285,71.031,22.053
2018-04-25 18:00:00,48.456,41.865,43.357,18.162,53.955,265.193,87.277,216.934,68.499,21.08
2018-04-25 19:00:00,51.107,43.518,44.997,21.125,61.001,272.995,90.592,229.18,70.786,21.118
2018-04-25 20:00:00,46.705,42.067,45.855,19.634,57.446,271.031,85.083,217.457,65.935,22.445
2018-04-25 21:00:00,37.43,36.394,37.319,19.654,47.785,226.654,68.951,186.78,54.779,19.064
2018-04-25 22:00:00,31.454,29.064,29.955,15.549,36.079,177.026,52.273,143.21,41.671,15.481
2018-04-25 23:00:00,28.887,24.244,24.271,14.132,30.913,149.522,49.302,126.668,37.611,12.676
2018-04-26 00:00:00,27.595,22.606,22.484,12.708,30.043,138.74,43.072,117.215,34.595,12.333
2018-04-26 01:00:00,26.745,21.822,21.93,12.86,28.083,134.508,42.617,112.644,33.789,12.328
2018-04-26 02:00:00,26.196,22.458,21.763,13.832,27.498,135.141,42.365,114.727,32.892,11.709
2018-04-26 03:00:00,26.998,23.678,22.972,13.734,29.68,142.076,44.911,121.206,35.926,12.616
2018-04-26 04:00:00,30.331,27.764,26.91,16.363,33.073,162.286,50.658,136.715,42.951,14.443
2018-04-26 05:00:00,35.423,30.798,32.802,18.133,38.667,188.84,60.573,152.499,49.249,17.211
2018-04-26 06:00:00,40.768,36.724,38.0,18.963,46.572,227.285,71.129,181.544,56.477,19.089
2018-04-26 07:00:00,44.617,39.831,41.214,20.054,54.721,245.221,78.054,202.026,58.638,20.668
2018-04-26 08:00:00,48.859,41.634,45.816,22.053,58.655,252.861,80.246,209.933,63.788,23.431
2018-04-26 09:00:00,48.747,41.691,45.282,21.348,56.472,251.838,84.637,210.184,64.269,20.305
2018-04-26 10:00:00,49.644,37.313,42.854,21.147,50.037,255.076,81.443,212.599,63.56,19.604
2018-04-26 11:00:00,48.084,37.559,40.648,20.474,50.913,252.47,79.446,207.522,60.038,20.253
2018-04-26 12:00:00,45.043,36.588,38.996,21.036,48.562,254.426,77.087,196.224,59.444,20.503
2018-04-26 13:00:00,43.649,38.373,37.718,18.749,47.112,256.769,73.825,194.465,60.609,18.603
2018-04-26 14:00:00,44.341,38.717,36.215,17.697,50.248,269.281,77.347,202.56,61.744,19.965
2018-04-26 15:00:00,43.82,37.469,39.084,18.808,49.792,272.939,80.735,209.87,67.97,20.787
2018-04-26 16:00:00,43.982,41.79,41.588,20.243,51.48,280.911,81.565,211.975,69.741,23.436
2018-04-26 17:00:00,44.419,43.797,45.076,18.712,53.463,283.138,77.369,211.393,70.071,23.206
2018-04-26 18:00:00,45.56,45.382,42.79,19.795,53.208,279.873,82.027,210.192,73.431,23.665
2018-04-26 19:00:00,48.703,44.945,45.677,22.306,56.326,276.997,89.031,214.32,70.723,23.225
2018-04-26 20:00:00,43.773,43.96,52.896,23.458,55.622,252.643,83.037,209.561,68.624,23.009
2018-04-26 21:00:00,38.051,37.486,40.457,20.909,45.517,211.013,69.248,174.973,55.479,19.431
2018-04-26 22:00:00,32.468,30.2,30.386,16.303,39.79,168.294,55.77,139.14,42.545,15.496
2018-04-26 23:00:00,29.063,26.394,25.404,14.26,34.714,145.424,46.881,122.073,34.8,14.426
2018-04-27 00:00:00,27.701,24.045,23.435,12.171,30.41,135.927,46.461,113.943,33.734,13.396
2018-04-27 01:00:00,28.489,22.856,22.02,12.038,28.591,133.674,43.016,111.293,31.901,13.826
2018-04-27 02:00:00,25.966,22.923,23.881,12.648,28.1,135.401,44.938,111.724,31.482,13.8
2018-04-27 03:00:00,29.083,24.819,25.172,13.47,29.588,141.022,49.854,119.281,34.917,14.511
2018-04-27 04:00:00,31.407,29.184,28.721,15.065,33.261,162.717,55.101,140.888,41.79,17.294
2018-04-27 05:00:00,37.797,34.731,36.598,18.029,41.36,187.834,61.26,158.274,48.403,18.981
2018-04-27 06:00:00,41.492,38.943,42.285,21.389,50.016,225.064,72.252,181.113,57.58,22.418
2018-04-27 07:00:00,46.235,36.522,42.493,22.21,50.847,243.129,75.738,195.582,59.955,24.068
2018-04-27 08:00:00,48.158,37.106,43.838,20.935,51.581,244.662,79.915,200.195,63.633,23.101
2018-04-27 09:00:00,48.412,41.338,43.766,19.885,52.738,252.618,80.175,205.196,63.606,22.588
2018-04-27 10:00:00,49.545,45.973,41.618,18.588,53.511,252.4,84.614,207.171,61.787,23.071
2018-04-27 11:00:00,46.829,43.659,42.972,18.185,50.666,252.823,80.961,208.686,60.014,24.127
2018-04-27 12:00:00,45.756,43.108,38.8,18.104,49.365,245.214,76.567,205.335,58.557,24.868
2018-04-27 13:00:00,46.678,39.135,37.458,17.424,47.617,231.971,73.382,193.972,59.603,22.688
2018-04-27 14:00:00,44.708,36.1,37.076,17.21,47.894,235.413,71.946,185.359,61.381,22.183
2018-04-27 15:00:00,48.086,39.387,38.64,16.887,48.498,245.209,79.091,197.824,65.699,22.057
2018-04-27 16:00:00,44.205,41.173,41.979,17.729,52.281,253.028,81.592,210.347,65.607,23.91
2018-04-27 17:00:00,45.016,43.973,41.538,19.555,53.737,254.384,80.379,218.409,65.302,22.993
2018-04-27 18:00:00,47.396,44.426,43.768,21.701,56.418,256.697,82.647,215.362,68.7,24.351
2018-04-27 19:00:00,47.432,42.904,43.906,23.366,54.825,271.283,84.611,219.692,68.519,23.867
2018-04-27 20:00:00,44.732,41.881,44.053,20.865,54.991,263.463,84.239,214.074,67.071,23.224
2018-04-27 21:00:00,39.854,38.95,36.548,18.508,44.168,216.016,69.139,180.929,54.455,22.555
2018-04-27 22:00:00,32.755,32.311,29.793,16.888,37.031,178.947,54.195,147.812,43.819,16.084
2018-04-27 23:00:00,27.574,27.064,26.023,14.515,32.763,152.213,47.798,128.122,37.15,14.691
2018-04-28 00:00:00,27.085,23.313,23.119,13.184,30.498,143.32,44.041,118.54,34.21,13.023
2018-04-28 01:00:00,26.654,22.623,21.63,12.805,28.713,139.222,43.442,114.588,32.809,12.983
2018-04-28 02:00:00,25.98,24.117,22.185,12.606,27.804,138.231,43.501,116.087,34.152,11.878
2018-04-28 03:00:00,26.15,26.746,22.912,12.781,27.701,140.967,45.484,120.162,34.518,12.227
2018-04-28 04:00:00,28.884,26.468,23.914,14.027,31.047,147.945,47.23,127.999,35.665,13.817
2018-04-28 05:00:00,30.478,26.747,29.601,15.005,33.451,156.833,49.143,126.855,37.53,13.704
2018-04-28 06:00:00,34.744,32.652,32.572,16.401,39.034,187.823,59.249,147.578,43.935,15.988
2018-04-28 07:00:00,40.955,35.157,39.706,18.279,45.677,214.999,66.682,173.625,51.878,19.433
2018-04-28 08:00:00,44.235,39.25,46.928,19.843,46.552,225.252,73.202,189.314,58.758,22.05
2018-04-28 09:00:00,43.56,39.104,46.028,22.368,47.428,227.81,75.714,188.159,62.555,20.705
2018-04-28 10:00:00,43.505,41.031,42.655,19.709,46.034,228.687,70.153,185.437,59.964,20.536
2018-04-28 11:00:00,44.725,40.134,44.675,18.09,43.757,229.84,72.527,183.633,59.813,20.084
2018-04-28 12:00:00,42.566,43.487,41.606,16.931,42.626,232.783,75.462,185.767,57.332,18.994
2018-04-28 13:00:00,44.152,44.775,40.454,17.502,45.464,247.066,76.375,187.419,58.521,19.74
2018-04-28 14:00:00,46.673,43.658,41.384,19.906,48.728,275.004,79.941,191.375,59.406,19.477
2018-04-28 15:00:00,44.865,49.509,45.721,18.738,51.513,303.516,92.513,195.979,65.167,20.15
2018-04-28 16:00:00,46.011,49.118,50.456,18.35,51.774,333.59,94.229,208.483,71.532,22.778
2018-04-28 17:00:00,49.799,47.426,48.205,20.444,50.668,331.612,90.225,204.647,73.138,21.855
2018-04-28 18:00:00,49.733,45.421,45.48,20.79,54.932,307.062,88.728,203.779,69.211,21.85
2018-04-28 19:00:00,45.387,45.253,44.214,20.102,53.831,295.77,90.064,220.283,71.066,23.004
2018-04-28 20:00:00,42.648,44.173,43.403,22.243,56.783,275.433,84.064,212.031,67.887,24.873
2018-04-28 21:00:00,36.894,35.894,36.913,18.251,47.593,228.795,68.398,174.784,58.375,19.308
2018-04-28 22:00:00,30.11,27.25,27.372,15.332,36.508,170.626,52.754,144.284,44.594,17.364
2018-04-28 23:00:00,26.546,22.869,23.924,13.582,31.678,147.73,45.634,123.777,36.791,13.082
2018-04-29 00:00:00,25.507,21.68,22.487,12.685,29.171,134.597,40.166,111.349,34.255,12.174
2018-04-29 01:00:00,26.011,21.285,20.645,11.469,28.166,128.211,39.138,111.146,32.656,11.619
2018-04-29 02:00:00,25.098,20.994,21.17,11.556,27.469,128.573,39.029,112.989,30.993,11.382
2018-04-29 03:00:00,24.634,22.798,24.462,11.638,28.185,129.698,40.228,114.027,31.865,11.35
2018-04-29 04:00:00,28.287,25.376,23.237,12.443,32.305,137.774,44.607,125.39,34.687,13.409
2018-04-29 05:00:00,28.721,27.603,28.469,13.976,34.222,145.188,44.713,131.973,34.705,14.953
2018-04-29 06:00:00,33.917,29.752,36.859,15.148,38.674,168.982,54.381,151.184,42.14,18.302
2018-04-29 07:00:00,38.113,38.32,37.184,18.36,44.189,200.218,66.853,169.963,48.218,20.216
2018-04-29 08:00:00,42.474,42.026,43.519,21.459,46.483,218.644,68.888,180.889,58.075,23.057
2018-04-29 09:00:00,43.218,41.722,45.886,19.498,48.59,211.49,71.469,183.29,58.445,21.704
2018-04-29 10:00:00,47.745,42.753,42.394,18.149,46.101,216.051,74.01,188.698,56.402,21.036
2018-04-29 11:00:00,50.579,43.65,42.073,18.514,51.444,226.965,72.609,195.921,55.481,21.904
2018-04-29 12:00:00,43.77,40.151,39.276,16.34,49.584,217.516,70.25,192.502,56.385,21.57
2018-04-29 13:00:00,43.286,40.267,42.252,18.065,46.452,213.998,66.025,195.22,52.086,19.939
2018-04-29 14:00:00,44.76,42.828,43.126,17.837,43.598,213.765,65.558,191.354,52.638,20.197
2018-04-29 15:00:00,42.146,42.918,48.799,19.904,47.271,233.184,72.097,184.02,54.313,22.288
2018-04-29 16:00:00,44.187,43.383,46.013,19.654,53.984,239.152,72.758,193.39,58.206,25.311
2018-04-29 17:00:00,47.065,42.049,44.475,19.067,53.946,240.094,76.748,199.769,60.137,25.82
2018-04-29 18:00:00,45.208,40.754,43.766,21.33,56.115,247.299,81.32,212.588,64.631,25.209
2018-04-29 19:00:00,46.363,44.326,47.411,22.949,59.791,257.588,84.747,223.935,68.041,25.965
2018-04-29 20:00:00,45.169,44.268,45.574,25.071,59.971,247.137,81.258,206.204,67.277,27.231
2018-04-29 21:00:00,39.021,39.128,39.36,22.101,48.374,215.888,67.514,179.11,59.238,23.824
2018-04-29 22:00:00,35.952,30.02,31.257,19.059,40.512,180.705,55.197,147.734,47.198,18.813
2018-04-29 23:00:00,31.843,26.111,27.342,16.173,34.973,159.888,48.2,131.115,42.74,16.672
2018-04-30 00:00:00,30.891,24.657,26.279,14.607,32.42,151.299,45.649,125.593,37.822,15.477
2018-04-30 01:00:00,29.86,24.427,26.622,14.243,30.955,150.922,46.772,124.434,36.272,14.721
2018-04-30 02:00:00,29.613,25.64,27.054,15.343,31.835,154.971,48.37,128.328,36.891,13.926
2018-04-30 03:00:00,30.651,26.65,27.561,15.916,33.512,162.938,52.735,137.186,40.744,14.726
2018-04-30 04:00:00,34.652,29.915,30.097,18.039,38.954,183.045,58.502,153.376,47.363,16.986
2018-04-30 05:00:00,39.032,34.105,38.868,19.958,43.233,206.877,64.384,171.756,55.183,21.534
2018-04-30 06:00:00,43.49,37.711,46.112,20.367,52.454,243.511,74.888,195.586,62.716,24.106
2018-04-30 07:00:00,49.65,39.48,48.281,22.427,55.481,269.875,82.886,203.506,64.474,25.522
2018-04-30 08:00:00,50.067,42.526,50.03,22.091,53.59,279.165,88.119,212.566,66.838,23.393
2018-04-30 09:00:00,52.349,42.292,51.229,23.553,53.403,276.839,90.73,225.025,67.285,23.296
2018-04-30 10:00:00,52.756,43.176,50.299,22.362,53.731,273.511,90.579,218.571,65.977,22.333
2018-04-30 11:00:00,50.431,40.92,48.747,21.005,52.203,262.737,84.701,220.348,65.763,24.35
2018-04-30 12:00:00,49.289,37.168,44.095,20.57,46.935,256.408,80.784,210.776,64.308,24.316
2018-04-30 13:00:00,45.593,36.8,43.248,19.046,45.552,249.67,78.731,204.16,62.078,21.15
2018-04-30 14:00:00,43.021,38.797,42.731,18.625,45.651,242.158,79.301,203.709,63.606,20.564
2018-04-30 15:00:00,44.051,37.23,45.536,19.147,50.152,249.672,77.142,209.45,67.651,23.012
2018-04-30 16:00:00,42.821,41.286,47.769,18.172,51.709,259.261,80.98,209.766,71.272,25.524
2018-04-30 17:00:00,45.31,41.157,46.004,19.808,51.704,252.939,80.708,211.868,69.097,23.654
2018-04-30 18:00:00,45.881,44.512,45.213,21.836,55.313,262.543,86.12,217.877,67.073,24.652
2018-04-30 19:00:00,48.306,47.796,48.955,22.374,58.946,269.416,94.101,227.915,70.875,26.793
2018-04-30 20:00:00,49.143,46.059,46.439,21.111,58.213,260.764,86.087,220.318,69.653,27.896
2018-04-30 21:00:00,41.583,42.79,44.535,18.592,47.713,214.849,72.954,187.845,55.143,21.475
2018-04-30 22:00:00,35.706,34.503,33.216,16.61,40.009,178.217,58.392,153.482,44.873,18.734
2018-04-30 23:00:00,33.162,29.731,27.869,15.008,35.924,162.049,51.654,137.498,42.183,17.788
2018-05-01 00:00:00,31.092,27.09,24.824,14.67,32.475,151.259,52.094,129.776,39.51,17.547
2018-05-01 01:00:00,31.132,27.67,24.472,14.747,30.515,145.729,48.22,125.774,39.505,14.063
2018-05-01 02:00:00,30.36,29.641,25.44,14.672,30.283,148.804,48.575,129.198,39.42,13.427
2018-05-01 03:00:00,32.313,30.009,27.418,15.327,32.221,156.996,51.7,136.475,42.177,14.074
2018-05-01 04:00:00,36.338,31.392,29.82,16.131,35.116,175.659,55.3,150.286,49.131,16.914
2018-05-01 05:00:00,40.177,35.554,38.823,18.382,39.964,200.406,62.777,166.692,58.398,21.579
2018-05-01 06:00:00,43.793,39.248,44.862,20.786,45.626,236.674,71.464,189.844,62.869,26.017
2018-05-01 07:00:00,46.205,39.64,43.362,22.471,47.079,251.827,76.039,205.276,62.694,25.016
2018-05-01 08:00:00,50.173,39.531,41.211,22.52,48.812,254.012,76.778,203.199,64.453,23.136
2018-05-01 09:00:00,52.323,41.71,41.359,23.148,51.042,259.874,81.417,205.356,65.051,21.235
2018-05-01 10:00:00,49.169,41.703,43.672,22.024,52.424,258.098,81.198,210.118,65.504,25.15
2018-05-01 11:00:00,47.568,44.081,43.342,20.794,51.341,250.058,83.729,212.968,63.414,23.96
2018-05-01 12:00:00,44.058,42.454,39.689,22.044,47.103,240.034,81.254,205.349,60.522,23.634
2018-05-01 13:00:00,43.658,39.639,38.147,21.428,45.64,242.693,77.99,199.433,59.906,20.021
2018-05-01 14:00:00,44.54,38.876,39.865,18.794,45.692,246.284,79.021,194.775,62.173,20.124
2018-05-01 15:00:00,43.621,43.123,40.948,17.47,49.601,260.486,80.419,195.955,65.025,22.259
2018-05-01 16:00:00,46.479,47.126,44.438,18.211,54.154,281.9,90.273,213.022,71.809,22.307
2018-05-01 17:00:00,47.098,47.509,44.627,19.802,53.78,288.847,87.837,217.221,70.976,24.219
2018-05-01 18:00:00,44.653,42.899,45.817,20.476,54.28,290.226,84.8,213.115,69.299,21.632
2018-05-01 19:00:00,42.946,51.289,47.563,20.638,54.629,286.017,85.924,210.824,71.193,25.003
2018-05-01 20:00:00,43.073,44.253,43.221,18.681,54.932,274.678,82.698,207.871,68.183,27.319
2018-05-01 21:00:00,36.992,36.277,36.492,16.353,45.363,230.799,69.0,173.663,57.177,20.938
2018-05-01 22:00:00,29.765,27.605,30.945,13.873,37.779,182.624,55.807,142.513,44.625,14.208
2018-05-01 23:00:00,27.25,26.371,24.811,13.526,33.32,151.752,46.221,122.555,35.738,14.126
2018-05-02 00:00:00,25.956,22.462,21.69,12.873,29.816,134.921,41.654,108.763,33.744,17.359
2018-05-02 01:00:00,25.368,21.475,20.247,12.857,28.095,130.699,39.344,104.951,31.831,12.477
2018-05-02 02:00:00,25.063,21.077,20.462,12.61,27.849,127.993,41.404,105.374,30.071,11.378
2018-05-02 03:00:00,25.994,22.789,21.515,13.326,28.822,132.008,45.525,109.41,31.646,12.794
2018-05-02 04:00:00,30.033,25.909,24.602,15.778,34.874,148.034,48.75,123.432,37.705,14.219
2018-05-02 05:00:00,33.08,32.004,33.671,17.207,42.222,174.263,54.902,142.699,44.148,17.02
2018-05-02 06:00:00,38.802,37.741,36.76,17.617,47.947,209.08,66.618,171.625,53.029,20.271
2018-05-02 07:00:00,43.037,38.33,38.213,20.308,46.149,235.618,70.175,194.253,64.969,22.282
2018-05-02 08:00:00,46.275,41.594,41.998,21.338,51.853,265.591,81.67,221.254,65.973,20.396
2018-05-02 09:00:00,51.53,46.177,45.283,21.632,58.031,304.961,94.996,250.6,70.072,19.208
2018-05-02 10:00:00,58.217,51.43,50.502,22.115,64.988,344.735,102.447,279.467,82.201,21.79
2018-05-02 11:00:00,63.776,57.278,53.099,22.818,71.188,375.618,111.394,303.833,91.568,24.666
2018-05-02 12:00:00,64.441,61.569,54.171,24.711,71.369,408.776,120.161,315.162,95.528,24.815
2018-05-02 13:00:00,66.973,68.53,57.056,25.047,75.626,432.654,129.773,331.311,106.147,26.84
2018-05-02 14:00:00,72.799,72.496,60.86,26.421,78.367,462.237,133.637,346.403,114.585,31.706
2018-05-02 15:00:00,75.074,78.108,61.105,27.484,85.045,495.373,140.958,361.649,124.668,34.963
2018-05-02 16:00:00,71.711,83.26,65.058,30.531,89.683,493.619,143.05,363.701,127.325,34.441
2018-05-02 17:00:00,68.143,69.366,63.564,28.753,88.538,486.322,136.347,361.23,124.801,34.585
2018-05-02 18:00:00,65.008,65.214,64.045,25.774,83.238,454.945,126.891,331.13,116.369,31.128
2018-05-02 19:00:00,60.437,62.53,59.58,22.462,76.831,419.441,122.263,302.179,111.232,27.608
2018-05-02 20:00:00,54.497,57.07,50.421,22.163,68.801,368.534,112.98,273.504,91.667,25.277
2018-05-02 21:00:00,44.278,47.989,38.097,19.602,60.033,303.112,90.261,229.841,74.506,26.422
2018-05-02 22:00:00,37.8,36.82,29.747,14.251,44.874,238.392,72.746,180.898,57.851,18.991
2018-05-02 23:00:00,32.012,31.667,25.795,11.686,36.573,196.385,60.887,150.19,46.89,14.199
2018-05-03 00:00:00,28.432,27.872,22.624,10.465,33.926,168.639,53.902,131.695,39.898,12.958
2018-05-03 01:00:00,28.351,25.325,19.982,10.384,30.713,156.396,50.206,118.798,37.161,11.859
2018-05-03 02:00:00,27.21,23.266,19.258,9.501,28.391,149.688,47.778,113.08,38.989,10.187
2018-05-03 03:00:00,26.025,23.258,19.961,10.315,27.134,147.766,47.9,112.254,35.798,11.34
2018-05-03 04:00:00,28.823,24.346,23.092,10.597,28.202,158.438,51.442,125.38,39.285,12.696
2018-05-03 05:00:00,33.031,28.423,28.229,11.947,36.283,189.141,58.816,144.593,46.189,15.139
2018-05-03 06:00:00,39.661,33.027,37.735,15.184,43.817,238.153,74.832,173.489,56.49,17.579
2018-05-03 07:00:00,46.334,40.784,40.344,17.227,48.963,269.845,84.642,195.237,64.65,20.363
2018-05-03 08:00:00,53.619,44.883,44.961,19.5,53.66,306.578,98.334,230.356,71.192,22.393
2018-05-03 09:00:00,61.242,44.726,49.459,21.101,54.789,358.815,111.809,282.36,82.073,23.474
2018-05-03 10:00:00,59.472,49.849,56.411,21.397,52.938,394.646,112.108,310.631,89.404,23.66
2018-05-03 11:00:00,56.375,46.581,58.935,22.548,53.431,420.045,116.328,308.372,89.848,22.785
2018-05-03 12:00:00,50.858,41.859,56.167,19.84,57.735,401.458,108.03,295.651,83.793,21.795
2018-05-03 13:00:00,53.404,43.969,47.364,18.414,52.834,356.941,97.954,272.835,78.659,23.098
2018-05-03 14:00:00,57.194,44.978,49.836,19.423,59.522,356.717,101.61,260.865,76.547,27.415
2018-05-03 15:00:00,57.013,50.194,52.984,19.278,71.863,378.642,112.003,256.381,82.215,30.082
2018-05-03 16:00:00,58.275,54.981,59.376,19.315,74.147,400.598,124.37,266.137,86.928,31.259
2018-05-03 17:00:00,56.341,53.37,59.249,21.077,73.652,400.163,117.459,253.869,91.681,32.371
2018-05-03 18:00:00,53.323,53.334,55.6,20.52,71.942,381.91,111.058,236.364,89.563,29.172
2018-05-03 19:00:00,50.239,52.744,54.767,21.474,68.02,362.759,106.17,235.995,86.065,30.67
2018-05-03 20:00:00,46.637,51.169,47.66,22.435,64.6,348.754,103.319,226.331,74.672,23.975
2018-05-03 21:00:00,40.303,44.243,43.038,16.988,53.59,294.058,82.152,190.741,58.211,19.637
2018-05-03 22:00:00,35.454,34.138,33.344,13.973,40.426,237.216,64.292,146.908,44.322,17.193
2018-05-03 23:00:00,29.239,27.334,27.039,11.863,33.382,191.166,53.076,124.45,38.345,12.994
2018-05-04 00:00:00,25.79,22.786,23.096,11.83,28.504,170.225,45.976,113.193,33.83,11.469
2018-05-04 01:00:00,25.097,22.127,20.168,11.3,27.031,160.873,42.901,106.372,32.139,11.277
2018-05-04 02:00:00,24.42,20.546,20.01,11.372,26.449,151.571,40.876,104.106,30.824,11.106
2018-05-04 03:00:00,25.169,21.499,19.772,11.455,26.252,151.994,43.146,106.471,31.392,10.542
2018-05-04 04:00:00,28.0,23.539,20.579,13.332,27.657,167.531,46.587,115.044,36.808,12.316
2018-05-04 05:00:00,31.882,28.689,27.829,15.159,33.733,194.755,53.218,135.39,45.464,14.741
2018-05-04 06:00:00,37.979,33.026,35.167,18.156,43.476,236.01,70.768,172.568,54.773,17.278
2018-05-04 07:00:00,45.848,36.909,40.268,20.671,49.206,274.165,80.632,191.756,62.016,18.488
2018-05-04 08:00:00,50.026,38.614,41.651,21.486,48.497,306.618,84.098,203.237,69.962,19.814
2018-05-04 09:00:00,54.134,42.884,46.876,22.477,49.554,333.608,93.173,211.662,73.279,19.973
2018-05-04 10:00:00,55.244,45.956,47.074,23.095,51.33,339.082,95.903,223.744,74.839,20.442
2018-05-04 11:00:00,55.841,45.71,54.196,19.106,53.736,345.085,99.045,218.88,76.588,20.928
2018-05-04 12:00:00,52.842,46.219,59.952,22.044,54.719,362.697,101.293,224.415,75.715,20.436
2018-05-04 13:00:00,50.193,41.985,55.027,18.597,56.164,386.697,108.372,230.669,77.603,21.6
2018-05-04 14:00:00,50.586,40.581,55.697,18.407,60.174,406.034,111.163,222.577,84.125,24.066
2018-05-04 15:00:00,53.26,40.217,57.302,17.65,65.739,416.65,114.385,219.269,86.101,29.028
2018-05-04 16:00:00,55.596,45.019,64.297,19.315,72.566,425.353,122.64,219.239,88.498,32.268
2018-05-04 17:00:00,55.926,44.543,59.878,21.065,73.118,427.423,119.539,214.242,83.671,30.866
2018-05-04 18:00:00,54.064,41.893,52.504,19.456,66.237,411.844,118.135,224.96,81.291,27.886
2018-05-04 19:00:00,49.64,44.36,52.051,20.631,65.029,393.748,119.011,218.529,80.645,27.642
2018-05-04 20:00:00,50.599,44.142,57.213,21.771,63.283,368.432,113.555,219.126,72.777,27.047
2018-05-04 21:00:00,40.794,35.076,43.851,16.367,47.956,311.525,91.142,200.31,58.283,22.383
2018-05-04 22:00:00,31.508,29.128,31.457,14.823,37.27,237.101,63.991,160.226,44.809,15.476
2018-05-04 23:00:00,25.993,25.481,23.952,12.38,31.274,190.263,54.377,131.44,39.378,12.769
2018-05-05 00:00:00,24.58,21.813,20.624,12.426,27.753,173.208,47.509,115.633,33.74,11.478
2018-05-05 01:00:00,23.564,20.497,19.442,20.03,26.066,156.383,42.601,108.643,30.698,10.288
2018-05-05 02:00:00,23.88,19.758,18.294,18.245,26.42,139.571,40.747,108.326,29.698,10.547
2018-05-05 03:00:00,24.83,20.587,19.775,19.061,26.236,133.071,39.491,104.984,30.319,11.079
2018-05-05 04:00:00,27.448,21.764,20.689,20.01,26.649,134.243,39.35,107.303,30.23,10.586
2018-05-05 05:00:00,28.741,24.947,22.282,20.328,30.07,144.553,41.907,112.111,33.039,12.653
2018-05-05 06:00:00,34.147,30.002,27.885,22.426,36.608,174.375,52.846,130.622,41.995,14.479
2018-05-05 07:00:00,40.068,39.394,36.727,23.257,41.029,213.03,61.673,157.049,49.427,17.773
2018-05-05 08:00:00,44.415,39.704,39.649,19.643,44.477,231.844,72.331,184.597,56.361,19.072
2018-05-05 09:00:00,46.389,43.152,41.634,17.405,47.399,242.862,75.194,188.941,57.827,22.309
2018-05-05 10:00:00,45.077,46.086,42.0,17.726,50.479,258.194,76.575,200.93,67.559,21.976
2018-05-05 11:00:00,51.503,48.039,47.658,19.07,53.413,275.665,82.102,205.424,66.991,22.288
2018-05-05 12:00:00,49.431,48.56,50.104,19.036,51.949,290.398,90.173,220.187,67.759,21.951
2018-05-05 13:00:00,49.014,49.831,47.967,25.509,54.573,305.933,93.54,230.563,72.723,20.797
2018-05-05 14:00:00,51.968,51.481,49.715,19.432,62.679,333.516,98.654,246.617,76.234,23.224
2018-05-05 15:00:00,55.363,57.075,53.14,17.057,71.226,361.345,102.18,264.998,81.891,27.06
2018-05-05 16:00:00,57.483,59.261,58.067,19.75,68.333,370.027,107.905,276.53,90.575,29.67
2018-05-05 17:00:00,54.475,56.522,53.693,20.804,71.408,368.572,109.282,274.36,91.185,30.957
2018-05-05 18:00:00,49.164,53.729,50.415,22.283,65.623,353.252,105.506,270.814,86.524,28.802
2018-05-05 19:00:00,45.516,47.77,46.775,20.286,60.184,335.622,102.984,242.399,84.436,26.333
2018-05-05 20:00:00,42.458,44.084,43.831,19.608,57.465,312.013,94.57,232.153,78.3,22.903
2018-05-05 21:00:00,35.828,36.839,38.051,16.552,48.541,253.592,76.809,183.483,70.023,18.308
2018-05-05 22:00:00,30.114,27.74,26.683,14.537,38.408,199.723,57.3,144.188,50.225,13.974
2018-05-05 23:00:00,28.01,23.546,22.982,13.224,31.574,162.07,47.926,121.13,37.658,12.227
2018-05-06 00:00:00,25.576,21.134,20.998,12.592,29.555,143.406,40.417,107.258,33.447,10.661
2018-05-06 01:00:00,24.621,19.885,20.444,12.888,27.25,136.756,38.008,100.754,30.837,10.585
2018-05-06 02:00:00,23.686,20.241,21.428,13.977,26.735,131.562,37.749,99.66,28.626,10.163
2018-05-06 03:00:00,24.265,21.127,20.607,14.153,27.374,129.759,39.161,99.918,29.769,10.673
2018-05-06 04:00:00,25.324,22.847,21.897,14.283,29.472,133.958,39.382,104.515,32.576,11.873
2018-05-06 05:00:00,27.43,25.385,24.527,14.913,32.198,145.244,41.093,111.153,34.029,13.261
2018-05-06 06:00:00,32.312,28.183,30.441,17.114,39.606,169.689,49.211,134.96,38.794,15.596
2018-05-06 07:00:00,33.944,34.276,38.146,18.14,45.811,197.746,58.524,157.575,47.877,18.79
2018-05-06 08:00:00,38.993,35.025,36.194,18.432,46.784,212.874,61.998,173.671,55.32,18.725
2018-05-06 09:00:00,43.389,35.307,39.208,19.755,47.117,217.424,69.711,180.458,61.279,18.478
2018-05-06 10:00:00,40.922,38.61,37.776,19.708,43.882,217.686,72.133,177.207,56.437,19.61
2018-05-06 11:00:00,45.264,40.833,40.545,16.803,47.782,223.904,70.14,181.279,54.612,20.669
2018-05-06 12:00:00,42.215,39.062,36.348,15.976,45.742,219.248,71.678,178.448,56.668,19.391
2018-05-06 13:00:00,40.968,35.245,35.509,18.885,42.775,216.598,66.826,164.783,59.549,20.566
2018-05-06 14:00:00,42.43,38.364,35.625,21.672,43.489,225.343,65.086,173.339,60.677,18.145
2018-05-06 15:00:00,41.567,39.914,36.163,16.137,46.952,231.984,69.856,177.636,60.925,18.594
2018-05-06 16:00:00,43.083,46.368,40.439,16.724,48.812,237.837,72.676,184.546,63.85,19.794
2018-05-06 17:00:00,42.383,42.867,43.028,21.437,48.875,236.617,73.839,187.245,65.617,21.202
2018-05-06 18:00:00,42.394,40.452,44.582,22.37,49.74,242.996,72.887,191.563,65.707,19.419
2018-05-06 19:00:00,42.283,44.128,47.686,19.675,53.152,254.092,80.432,203.252,63.32,20.999
2018-05-06 20:00:00,38.778,42.781,40.851,19.723,53.851,243.558,77.693,200.799,65.102,23.791
2018-05-06 21:00:00,33.811,36.237,37.271,17.224,46.295,214.882,67.839,173.543,56.7,19.055
2018-05-06 22:00:00,28.581,28.111,28.423,13.226,35.027,172.281,54.794,141.093,44.544,15.588
2018-05-06 23:00:00,28.181,24.389,23.224,11.758,29.728,143.094,44.626,121.42,34.401,13.054
2018-05-07 00:00:00,26.039,22.399,22.093,11.488,29.248,135.067,40.887,114.269,33.942,11.601
2018-05-07 01:00:00,24.945,21.992,20.466,11.641,26.916,132.215,39.178,110.319,31.831,12.035
2018-05-07 02:00:00,24.471,22.182,20.838,11.476,27.043,130.064,38.749,109.913,31.15,11.513
2018-05-07 03:00:00,25.746,22.675,22.455,13.336,27.102,135.224,42.18,114.133,32.576,11.933
2018-05-07 04:00:00,26.721,24.941,23.186,13.58,30.973,148.425,46.113,125.617,37.025,14.567
2018-05-07 05:00:00,31.315,28.479,36.181,15.993,36.159,175.985,55.827,143.421,47.832,19.007
2018-05-07 06:00:00,37.992,33.551,39.853,16.641,43.578,216.207,67.312,168.571,51.046,18.836
2018-05-07 07:00:00,42.708,41.604,42.323,15.694,47.505,238.519,72.68,186.899,58.456,18.754
2018-05-07 08:00:00,48.473,40.525,46.833,17.559,50.461,252.681,81.786,192.683,63.022,20.155
2018-05-07 09:00:00,48.523,43.326,45.325,20.978,53.519,266.326,79.584,205.828,63.449,23.9
2018-05-07 10:00:00,49.184,42.552,43.434,20.908,52.176,278.624,88.41,215.512,68.627,20.084
2018-05-07 11:00:00,47.824,45.733,44.202,19.324,54.405,283.332,89.533,213.188,64.355,20.45
2018-05-07 12:00:00,49.308,46.92,42.399,19.428,57.435,294.916,88.293,213.215,64.09,23.822
2018-05-07 13:00:00,53.411,45.045,41.62,18.451,57.729,301.248,87.749,197.969,67.563,21.752
2018-05-07 14:00:00,53.617,46.732,43.467,19.717,56.778,305.484,90.369,195.45,70.015,20.751
2018-05-07 15:00:00,52.803,48.765,42.427,21.707,62.283,310.512,93.017,202.616,74.42,23.655
2018-05-07 16:00:00,54.679,51.926,43.971,22.427,67.184,309.306,93.619,219.265,74.693,28.336
2018-05-07 17:00:00,54.327,50.505,50.138,21.782,68.85,303.968,91.216,218.348,77.585,29.691
2018-05-07 18:00:00,49.406,46.912,48.627,22.001,65.873,281.835,83.024,215.32,70.102,30.72
2018-05-07 19:00:00,49.768,48.314,44.777,21.435,60.109,275.992,84.919,219.71,75.547,23.938
2018-05-07 20:00:00,44.527,45.181,47.423,19.46,59.285,262.831,84.226,211.787,68.167,23.516
2018-05-07 21:00:00,35.684,36.958,39.932,17.056,50.054,216.792,68.227,178.969,57.909,20.126
2018-05-07 22:00:00,31.105,28.494,32.515,14.696,37.102,172.928,54.398,146.78,44.893,14.613
2018-05-07 23:00:00,27.15,23.819,26.533,14.108,34.411,143.521,48.009,125.363,37.095,11.659
2018-05-08 00:00:00,25.948,22.327,23.259,14.124,30.686,133.837,43.157,117.715,34.936,11.552
2018-05-08 01:00:00,25.57,22.496,21.591,14.804,28.698,133.695,42.792,113.46,32.212,11.642
2018-05-08 02:00:00,25.383,22.473,22.229,15.272,27.754,133.113,42.035,114.717,32.41,12.149
2018-05-08 03:00:00,26.199,24.506,24.162,16.082,29.711,137.923,44.495,119.33,35.335,12.432
2018-05-08 04:00:00,30.153,28.911,25.352,17.515,33.669,154.23,49.14,133.828,40.831,14.224
2018-05-08 05:00:00,32.957,34.623,33.291,19.903,40.195,182.121,57.108,156.207,48.597,18.063
2018-05-08 06:00:00,39.946,36.14,40.462,21.292,45.741,212.655,69.607,180.883,54.742,20.551
2018-05-08 07:00:00,45.124,37.549,41.768,21.523,47.718,239.96,72.835,189.799,63.561,21.321
2018-05-08 08:00:00,46.802,40.199,42.43,18.935,52.763,253.058,77.826,202.687,67.481,22.118
2018-05-08 09:00:00,48.763,40.658,43.282,21.315,50.581,269.327,83.618,215.28,70.094,23.746
2018-05-08 10:00:00,55.9,41.118,43.78,20.79,50.079,287.392,85.88,214.348,66.219,24.219
2018-05-08 11:00:00,53.299,45.371,44.953,21.335,58.093,300.903,92.068,212.533,66.551,24.396
2018-05-08 12:00:00,53.058,49.074,48.902,23.388,60.049,313.806,99.381,202.0,67.659,23.896
2018-05-08 13:00:00,53.386,46.817,50.155,21.76,62.403,320.857,102.045,196.242,68.254,22.765
2018-05-08 14:00:00,58.317,49.584,52.062,22.16,69.536,341.695,100.68,200.198,69.614,25.593
2018-05-08 15:00:00,61.842,54.34,53.491,24.546,76.853,366.594,105.413,205.687,78.655,28.68
2018-05-08 16:00:00,60.973,58.398,58.349,27.256,81.56,381.497,111.486,215.151,84.575,32.268
2018-05-08 17:00:00,62.382,59.657,56.452,27.951,80.928,375.422,114.593,221.71,80.68,30.478
2018-05-08 18:00:00,58.069,55.228,53.508,25.322,73.637,347.61,101.96,216.081,74.411,29.99
2018-05-08 19:00:00,55.802,48.502,52.956,23.587,69.161,315.48,94.577,219.106,70.823,26.898
2018-05-08 20:00:00,53.042,47.279,49.677,21.447,60.961,288.755,90.745,207.65,68.012,23.009
2018-05-08 21:00:00,50.711,39.3,41.842,16.288,48.771,242.13,75.23,180.007,52.898,19.364
2018-05-08 22:00:00,35.822,31.196,29.253,15.159,41.692,185.232,57.533,138.285,44.002,13.484
2018-05-08 23:00:00,28.188,24.686,22.907,12.785,33.102,155.441,44.423,118.472,36.783,11.759
2018-05-09 00:00:00,25.777,22.191,20.828,12.717,30.106,138.987,39.642,112.421,32.128,11.504
2018-05-09 01:00:00,25.185,21.325,20.038,12.312,27.916,130.073,39.08,110.442,31.202,11.552
2018-05-09 02:00:00,25.905,21.666,21.071,13.276,28.067,127.746,38.649,111.058,31.144,10.895
2018-05-09 03:00:00,25.593,24.121,22.373,14.577,30.043,131.583,42.204,116.009,33.347,11.906
2018-05-09 04:00:00,29.282,26.998,24.433,17.071,33.075,146.63,46.401,128.201,37.887,13.532
2018-05-09 05:00:00,33.685,30.294,29.878,18.474,39.033,175.763,53.376,148.086,45.645,15.892
2018-05-09 06:00:00,37.486,35.056,37.075,19.582,46.301,212.585,67.08,172.622,58.682,18.076
2018-05-09 07:00:00,43.067,37.352,38.795,19.584,49.309,240.134,73.701,186.228,60.711,19.714
2018-05-09 08:00:00,48.188,38.38,42.122,19.789,52.161,265.863,81.203,201.122,69.763,18.762
2018-05-09 09:00:00,51.212,45.766,44.041,20.523,55.054,292.174,88.301,207.239,70.963,20.134
2018-05-09 10:00:00,55.494,44.356,50.892,23.304,63.852,321.12,94.732,209.611,67.39,22.59
2018-05-09 11:00:00,56.246,49.252,53.858,23.763,62.475,343.164,103.371,217.056,68.593,23.59
2018-05-09 12:00:00,55.803,51.735,51.182,22.784,64.343,354.482,108.167,209.796,66.701,22.297
2018-05-09 13:00:00,58.69,53.286,53.544,26.004,69.888,376.095,112.073,205.678,69.776,25.188
2018-05-09 14:00:00,60.987,52.623,53.494,26.396,77.556,388.421,114.454,199.968,73.009,27.972
2018-05-09 15:00:00,62.06,54.353,56.561,27.188,86.066,404.716,121.109,208.081,78.149,32.843
2018-05-09 16:00:00,64.078,61.559,57.49,29.207,88.562,398.968,123.615,218.078,83.714,35.202
2018-05-09 17:00:00,63.828,58.232,57.52,27.465,86.746,374.807,115.451,212.158,78.959,34.363
2018-05-09 18:00:00,55.5,52.249,54.248,23.666,77.654,335.854,102.433,204.563,75.769,33.458
2018-05-09 19:00:00,47.779,48.78,50.687,21.217,75.272,305.341,95.98,212.549,68.16,31.991
2018-05-09 20:00:00,45.24,42.816,43.503,20.106,62.538,280.345,86.541,210.572,67.142,24.947
2018-05-09 21:00:00,39.734,36.99,39.081,16.103,50.652,237.028,69.366,179.691,57.345,19.375
2018-05-09 22:00:00,34.614,29.292,31.662,13.34,43.784,180.486,58.079,144.824,43.562,16.08
2018-05-09 23:00:00,26.361,24.573,27.29,11.13,32.861,146.519,48.971,126.755,37.401,13.185
2018-05-10 00:00:00,27.041,22.726,23.676,10.065,26.599,132.847,42.677,114.118,32.887,12.138
2018-05-10 01:00:00,24.791,22.47,20.543,9.939,25.96,130.772,38.796,112.044,31.207,11.262
2018-05-10 02:00:00,25.032,22.143,20.928,11.157,26.087,129.993,39.464,112.509,30.909,10.855
2018-05-10 03:00:00,26.204,23.204,22.295,12.198,26.628,136.839,41.59,117.387,32.97,11.131
2018-05-10 04:00:00,28.724,25.192,23.693,14.638,30.65,147.572,45.771,130.412,38.105,12.662
2018-05-10 05:00:00,34.193,31.243,29.592,17.142,39.625,177.361,53.884,153.278,46.104,16.302
2018-05-10 06:00:00,42.742,34.614,36.937,17.607,42.511,212.712,64.786,178.769,53.286,20.018
2018-05-10 07:00:00,44.78,36.062,41.784,19.39,46.923,232.931,77.889,196.561,57.502,20.903
2018-05-10 08:00:00,47.828,36.897,44.846,21.377,52.583,239.932,79.294,201.112,64.91,20.875
2018-05-10 09:00:00,45.281,38.462,41.19,21.19,53.204,253.25,80.4,205.275,64.882,20.522
2018-05-10 10:00:00,49.017,41.456,42.249,21.108,60.052,255.605,79.129,206.807,68.524,21.514
2018-05-10 11:00:00,51.2,44.45,49.403,22.46,61.568,276.588,89.811,209.142,67.946,21.439
2018-05-10 12:00:00,51.746,45.302,46.944,21.773,62.412,299.665,89.974,200.454,65.866,22.84
2018-05-10 13:00:00,51.583,43.6,42.657,20.606,57.245,305.386,88.065,191.038,62.384,20.807
2018-05-10 14:00:00,48.015,45.274,42.073,19.909,56.332,310.999,88.37,189.838,64.142,19.661
2018-05-10 15:00:00,47.625,46.476,43.831,21.217,58.2,323.185,91.682,192.29,63.213,20.241
2018-05-10 16:00:00,49.169,45.237,46.014,20.712,61.245,334.26,96.92,205.358,68.02,24.632
2018-05-10 17:00:00,52.72,46.075,45.666,21.759,62.275,334.792,101.884,206.352,72.686,25.215
2018-05-10 18:00:00,51.055,44.993,43.804,22.577,61.271,315.796,99.201,205.106,69.669,23.982
2018-05-10 19:00:00,46.439,47.447,46.496,23.019,60.058,304.964,89.788,212.049,71.053,23.512
2018-05-10 20:00:00,44.728,44.593,46.42,21.938,57.112,286.729,85.994,215.249,66.321,25.656
2018-05-10 21:00:00,37.105,35.883,42.388,18.089,52.016,253.078,75.197,182.419,52.284,21.04
2018-05-10 22:00:00,30.381,28.917,35.507,14.207,35.91,196.018,59.991,147.029,40.767,15.46
2018-05-10 23:00:00,26.897,25.691,30.371,11.47,30.794,160.56,47.707,120.948,35.199,12.629
2018-05-11 00:00:00,24.71,22.224,24.591,10.876,26.891,142.403,41.411,109.52,31.794,11.78
2018-05-11 01:00:00,23.29,20.86,19.987,10.419,25.483,137.931,39.29,103.524,30.139,10.002
2018-05-11 02:00:00,23.545,20.312,19.629,10.784,25.117,135.333,38.329,102.227,31.168,9.88
2018-05-11 03:00:00,24.097,21.283,22.002,10.721,24.801,134.549,39.78,106.748,31.309,10.244
2018-05-11 04:00:00,26.095,24.088,23.012,12.986,28.269,147.149,43.094,116.106,35.189,12.179
2018-05-11 05:00:00,28.535,29.025,28.734,15.137,38.022,175.509,51.022,137.128,43.198,15.716
2018-05-11 06:00:00,36.736,35.634,34.882,18.133,45.357,204.234,65.115,165.665,53.163,18.606
2018-05-11 07:00:00,44.408,33.425,35.969,18.424,49.194,230.066,72.636,185.244,57.255,18.746
2018-05-11 08:00:00,43.097,36.097,36.304,20.741,48.604,242.613,81.362,201.07,63.199,20.826
2018-05-11 09:00:00,43.243,39.383,41.66,24.853,49.56,247.781,81.517,209.548,64.82,20.54
2018-05-11 10:00:00,45.611,43.41,40.659,21.182,48.137,255.887,82.669,218.092,66.465,20.988
2018-05-11 11:00:00,45.327,42.599,43.242,20.445,49.432,258.48,83.212,213.609,65.435,21.514
2018-05-11 12:00:00,44.287,41.904,42.051,19.215,47.362,264.696,82.443,206.402,60.458,21.91
2018-05-11 13:00:00,42.206,39.349,39.344,17.486,44.812,273.32,81.141,204.218,62.783,22.652
2018-05-11 14:00:00,43.382,42.285,42.772,16.676,45.336,278.71,84.921,203.645,65.237,24.761
2018-05-11 15:00:00,44.658,44.005,43.493,18.098,50.877,298.909,81.816,219.934,70.134,21.453
2018-05-11 16:00:00,44.703,45.475,44.48,21.286,53.744,309.117,86.416,225.993,75.385,24.159
2018-05-11 17:00:00,46.09,45.374,44.939,22.256,56.454,299.395,83.889,223.611,71.016,24.523
2018-05-11 18:00:00,45.205,42.636,42.173,21.837,57.622,281.787,82.833,214.704,72.433,25.253
2018-05-11 19:00:00,43.586,43.236,43.637,21.587,55.037,280.173,90.402,212.51,69.542,23.602
2018-05-11 20:00:00,43.912,40.721,43.713,19.366,54.373,264.753,83.834,202.225,64.041,22.73
2018-05-11 21:00:00,36.482,34.564,35.105,17.628,44.962,221.716,69.498,176.676,55.746,17.838
2018-05-11 22:00:00,30.853,29.278,29.545,16.924,36.196,177.307,55.446,145.868,44.704,14.276
2018-05-11 23:00:00,27.747,25.488,26.335,16.226,32.753,154.207,49.322,120.141,40.458,13.511
2018-05-12 00:00:00,26.587,23.417,24.685,15.96,30.114,137.46,43.089,110.49,37.034,12.875
2018-05-12 01:00:00,26.483,23.527,23.42,15.497,30.043,130.26,42.194,109.741,31.991,12.607
2018-05-12 02:00:00,26.199,24.556,22.314,16.485,30.436,129.432,43.052,111.54,31.796,12.919
2018-05-12 03:00:00,27.348,27.064,22.458,18.013,31.384,133.583,45.952,115.246,33.43,13.103
2018-05-12 04:00:00,30.019,28.776,24.829,20.168,32.533,138.512,47.644,115.687,36.005,13.767
2018-05-12 05:00:00,33.183,29.573,28.445,19.478,35.737,149.099,47.754,123.51,39.764,15.087
2018-05-12 06:00:00,33.974,32.12,33.402,21.807,39.271,175.412,58.079,146.084,43.924,18.275
2018-05-12 07:00:00,38.298,37.772,37.797,19.443,41.038,204.753,68.073,167.796,50.209,18.434
2018-05-12 08:00:00,40.264,38.798,42.996,18.87,46.165,220.084,69.16,175.093,56.154,22.012
2018-05-12 09:00:00,43.154,37.085,49.017,17.55,46.071,220.364,70.988,179.034,62.268,21.511
2018-05-12 10:00:00,49.146,39.635,42.845,18.367,47.336,218.435,68.243,181.059,59.937,20.135
2018-05-12 11:00:00,46.151,45.721,41.53,18.845,44.789,221.787,68.738,193.556,59.811,19.972
2018-05-12 12:00:00,41.771,44.373,41.182,16.641,44.212,222.713,68.453,184.506,59.949,21.396
2018-05-12 13:00:00,46.12,39.32,41.812,18.891,48.029,211.463,74.188,174.514,55.403,19.927
2018-05-12 14:00:00,50.796,40.717,43.737,18.927,49.521,216.215,73.885,181.395,54.568,21.309
2018-05-12 15:00:00,42.213,41.767,43.676,17.77,48.371,233.144,74.374,188.001,61.046,23.096
2018-05-12 16:00:00,41.531,44.495,45.147,20.462,48.9,240.301,75.198,195.549,63.428,24.2
2018-05-12 17:00:00,40.977,45.675,43.472,20.005,50.952,246.492,76.913,192.187,64.677,21.291
2018-05-12 18:00:00,40.955,41.592,45.942,19.765,51.63,242.633,80.885,197.919,63.574,21.252
2018-05-12 19:00:00,43.96,42.567,46.664,22.306,52.456,258.49,81.832,214.571,70.621,22.87
2018-05-12 20:00:00,43.664,40.097,44.221,22.796,56.336,250.699,80.752,209.141,65.647,22.856
2018-05-12 21:00:00,37.197,33.907,40.85,17.158,48.883,217.348,69.726,179.353,57.204,20.194
2018-05-12 22:00:00,33.531,28.602,32.356,16.027,38.697,180.4,60.377,145.8,47.183,17.171
2018-05-12 23:00:00,28.088,25.808,26.83,14.196,36.397,155.92,52.844,131.612,39.495,14.973
2018-05-13 00:00:00,27.629,24.166,23.633,14.099,33.307,144.812,47.536,117.709,34.271,13.533
2018-05-13 01:00:00,26.594,22.389,23.054,14.711,29.563,142.431,45.419,116.289,34.146,13.547
2018-05-13 02:00:00,27.046,24.088,23.933,15.447,30.22,143.095,46.314,116.116,34.232,13.141
2018-05-13 03:00:00,28.557,26.294,24.163,15.811,30.232,146.26,49.827,121.154,37.261,12.634
2018-05-13 04:00:00,31.065,28.592,25.214,16.995,31.718,154.248,51.877,124.987,39.537,13.976
2018-05-13 05:00:00,34.726,29.922,28.867,17.661,35.874,163.126,54.081,133.222,40.232,17.145
2018-05-13 06:00:00,35.222,32.455,34.427,16.899,48.457,185.25,59.186,146.933,44.568,19.821
2018-05-13 07:00:00,40.024,34.284,37.134,19.059,51.369,205.355,66.188,166.118,51.469,21.815
2018-05-13 08:00:00,40.192,37.623,44.931,20.462,46.475,214.74,65.376,174.975,57.3,22.574
2018-05-13 09:00:00,40.621,39.793,43.501,19.562,47.06,221.306,65.832,183.502,60.859,20.541
2018-05-13 10:00:00,44.0,40.415,41.486,19.142,47.369,223.679,72.963,184.187,52.963,19.83
2018-05-13 11:00:00,45.229,44.063,39.311,18.493,47.633,226.544,72.3,187.846,53.519,20.654
2018-05-13 12:00:00,44.504,41.813,38.256,17.629,50.326,214.553,72.217,174.963,55.144,20.684
2018-05-13 13:00:00,46.811,43.063,37.29,19.243,49.687,222.066,71.041,183.757,59.89,21.507
2018-05-13 14:00:00,44.458,46.569,43.378,21.147,53.331,241.049,70.714,185.755,61.018,19.419
2018-05-13 15:00:00,44.888,44.211,43.71,19.857,61.251,263.396,80.514,184.08,65.614,22.896
2018-05-13 16:00:00,48.96,45.301,47.549,21.257,65.291,272.386,84.304,195.94,69.435,23.238
2018-05-13 17:00:00,48.477,47.946,45.63,20.314,61.882,283.792,84.198,195.213,68.254,25.258
2018-05-13 18:00:00,46.859,46.125,46.364,21.235,59.795,272.303,83.967,190.454,67.518,24.817
2018-05-13 19:00:00,41.659,41.07,44.408,21.009,57.481,264.189,79.375,204.308,65.61,23.795
2018-05-13 20:00:00,39.916,40.397,44.331,20.87,60.184,253.051,79.503,206.707,63.329,22.316
2018-05-13 21:00:00,34.128,35.306,40.535,19.318,50.082,212.415,67.955,178.336,55.127,21.22
2018-05-13 22:00:00,30.8,26.972,31.002,14.174,36.966,176.546,52.761,139.497,43.685,14.311
2018-05-13 23:00:00,27.733,23.127,25.487,13.742,32.601,148.193,45.732,121.617,35.986,12.333
2018-05-14 00:00:00,26.136,20.987,22.007,13.383,29.055,134.771,42.835,114.062,33.695,11.499
2018-05-14 01:00:00,25.714,21.251,20.52,13.777,27.269,132.482,40.89,110.572,31.616,11.061
2018-05-14 02:00:00,25.412,21.093,20.571,14.135,27.999,131.006,39.839,111.477,30.88,11.059
2018-05-14 03:00:00,26.976,23.486,23.02,15.558,30.692,136.08,42.303,115.263,33.622,11.603
2018-05-14 04:00:00,28.402,26.268,22.454,17.813,32.872,149.468,44.883,124.205,36.582,13.942
2018-05-14 05:00:00,33.389,29.047,29.842,20.438,36.342,176.798,53.181,147.173,45.304,16.019
2018-05-14 06:00:00,38.823,32.967,39.65,20.46,46.844,213.096,67.424,180.918,58.934,17.73
2018-05-14 07:00:00,44.261,36.693,41.361,22.112,49.603,242.617,76.079,190.476,60.047,18.985
2018-05-14 08:00:00,48.604,39.383,42.373,22.604,51.044,242.866,79.537,195.83,63.213,19.582
2018-05-14 09:00:00,48.17,39.244,41.659,22.77,54.083,255.711,78.649,204.26,61.212,19.194
2018-05-14 10:00:00,50.986,38.615,38.628,21.384,51.436,255.998,81.086,203.767,61.908,21.97
2018-05-14 11:00:00,49.206,43.315,40.55,23.265,51.626,260.062,81.02,208.077,65.572,21.114
2018-05-14 12:00:00,50.893,44.334,41.542,23.553,56.972,271.256,83.31,204.125,64.386,21.605
2018-05-14 13:00:00,52.201,48.391,43.517,26.005,61.349,292.954,88.696,208.128,68.599,21.359
2018-05-14 14:00:00,55.844,51.498,46.869,26.465,66.636,315.768,98.735,213.048,72.212,25.236
2018-05-14 15:00:00,59.804,54.737,50.965,27.345,73.162,350.923,108.556,218.633,82.38,28.622
2018-05-14 16:00:00,65.022,58.978,52.281,29.467,76.312,385.409,115.516,223.797,88.218,30.96
2018-05-14 17:00:00,63.441,60.734,52.407,29.892,72.619,388.263,113.428,224.251,79.582,29.522
2018-05-14 18:00:00,57.733,55.338,50.72,27.786,67.536,371.435,108.726,221.818,78.121,28.506
2018-05-14 19:00:00,54.736,54.48,49.338,25.942,64.635,346.458,103.435,225.791,77.865,26.42
2018-05-14 20:00:00,49.992,46.378,46.476,20.322,62.026,313.767,93.278,212.808,69.744,25.758
2018-05-14 21:00:00,41.652,38.262,43.623,17.614,46.331,263.22,74.834,176.975,58.498,22.132
2018-05-14 22:00:00,31.839,29.151,33.482,14.433,36.237,207.813,61.495,141.182,47.032,16.244
2018-05-14 23:00:00,26.352,24.472,25.095,13.217,30.712,171.353,46.49,118.018,37.299,11.044
2018-05-15 00:00:00,24.996,22.358,22.269,10.596,28.688,152.109,41.621,110.509,32.805,10.816
2018-05-15 01:00:00,23.797,20.909,19.683,10.725,26.683,143.531,39.72,107.843,31.945,10.276
2018-05-15 02:00:00,23.701,20.878,18.65,11.831,25.286,137.384,38.895,104.047,30.738,10.429
2018-05-15 03:00:00,25.544,21.161,20.191,13.007,26.102,138.425,40.086,106.703,32.45,10.687
2018-05-15 04:00:00,27.05,24.469,23.427,13.848,28.856,146.134,43.258,115.04,35.845,11.508
2018-05-15 05:00:00,31.222,30.002,30.792,15.849,35.808,178.324,50.542,142.17,45.164,15.553
2018-05-15 06:00:00,36.485,32.078,37.859,16.494,42.305,225.937,65.511,168.767,54.326,18.11
2018-05-15 07:00:00,41.575,32.865,39.347,18.436,47.635,260.793,74.678,190.1,60.327,19.732
2018-05-15 08:00:00,48.766,38.286,40.632,18.851,55.041,306.315,83.828,225.569,68.715,19.65
2018-05-15 09:00:00,52.902,44.222,44.681,22.217,57.188,352.992,98.704,258.803,75.348,21.174
2018-05-15 10:00:00,56.851,46.103,51.055,22.167,58.404,390.558,110.239,294.745,87.699,23.997
2018-05-15 11:00:00,57.985,48.633,51.047,22.857,59.591,411.402,115.423,314.034,93.114,24.891
2018-05-15 12:00:00,61.356,44.078,48.795,19.897,62.793,412.456,116.482,297.851,94.393,22.834
2018-05-15 13:00:00,60.963,41.007,54.9,18.795,62.243,430.951,123.456,289.09,98.475,26.647
2018-05-15 14:00:00,58.919,39.548,51.398,18.566,54.935,443.145,122.075,301.596,104.36,25.154
2018-05-15 15:00:00,53.09,39.398,47.771,19.491,56.075,417.149,117.134,277.879,108.239,23.747
2018-05-15 16:00:00,49.266,39.694,46.907,19.925,57.766,374.545,98.012,267.464,96.744,23.786
2018-05-15 17:00:00,47.989,41.749,43.937,17.792,55.506,327.591,92.789,242.463,85.917,25.431
2018-05-15 18:00:00,46.008,42.617,42.478,18.866,54.502,302.72,90.781,216.396,75.911,22.143
2018-05-15 19:00:00,49.148,41.939,43.057,20.769,56.652,308.865,93.66,223.908,75.416,21.174
2018-05-15 20:00:00,45.556,43.41,42.517,21.057,54.99,285.157,86.678,207.699,72.436,21.281
2018-05-15 21:00:00,39.402,36.053,35.099,18.397,45.276,235.718,67.003,174.876,60.539,21.321
2018-05-15 22:00:00,31.477,27.801,27.755,15.607,34.965,196.348,52.442,138.322,45.937,15.238
2018-05-15 23:00:00,26.726,26.361,23.704,13.032,31.257,154.043,47.227,117.588,39.077,12.585
2018-05-16 00:00:00,26.345,25.768,21.902,12.729,30.561,139.987,42.369,108.185,36.511,11.133
2018-05-16 01:00:00,24.74,22.954,20.221,12.313,29.352,132.151,39.283,103.155,31.629,10.749
2018-05-16 02:00:00,25.198,21.571,19.98,12.771,27.942,129.446,38.766,104.133,30.269,10.549
2018-05-16 03:00:00,25.026,22.197,21.383,14.425,27.374,131.899,41.133,107.07,32.652,11.631
2018-05-16 04:00:00,27.828,24.663,23.87,15.56,30.416,141.73,43.814,116.75,35.601,12.94
2018-05-16 05:00:00,32.52,30.677,31.07,17.75,37.638,175.295,52.875,139.083,43.1,16.534
2018-05-16 06:00:00,38.856,36.44,39.681,19.999,46.892,205.501,65.167,171.358,50.775,20.462
2018-05-16 07:00:00,41.341,35.733,41.114,20.644,51.405,230.592,73.218,193.211,56.042,21.191
2018-05-16 08:00:00,44.852,36.144,40.755,19.079,51.718,247.999,78.122,205.586,57.104,19.849
2018-05-16 09:00:00,48.078,41.908,42.944,21.37,51.904,256.619,79.207,214.773,61.421,19.716
2018-05-16 10:00:00,45.509,38.972,43.307,20.809,48.417,256.322,80.273,216.241,61.296,20.603
2018-05-16 11:00:00,46.853,41.528,42.514,21.751,50.287,258.296,80.856,204.011,64.604,19.508
2018-05-16 12:00:00,47.437,41.937,40.37,19.007,50.955,257.667,78.751,205.545,64.024,19.208
2018-05-16 13:00:00,49.111,41.021,42.447,20.468,53.416,257.735,79.5,195.435,62.015,22.088
2018-05-16 14:00:00,49.416,42.721,43.726,21.6,55.201,266.833,78.683,192.797,63.125,22.732
2018-05-16 15:00:00,48.069,44.809,42.927,20.649,61.951,275.046,81.994,195.573,65.074,22.364
2018-05-16 16:00:00,50.765,49.516,44.132,22.124,63.637,281.868,81.423,202.41,65.615,24.697
2018-05-16 17:00:00,48.791,49.044,42.858,23.225,67.629,276.308,82.317,201.166,65.984,26.231
2018-05-16 18:00:00,47.085,47.709,42.812,20.596,60.843,265.195,82.263,196.851,67.369,27.834
2018-05-16 19:00:00,46.861,48.301,45.3,18.639,59.65,265.555,84.007,211.529,65.728,23.964
2018-05-16 20:00:00,42.803,47.659,44.63,18.27,51.632,260.026,78.95,204.134,61.642,25.982
2018-05-16 21:00:00,37.071,38.869,40.954,16.944,46.536,218.028,66.628,178.973,53.288,22.207
2018-05-16 22:00:00,30.745,29.279,31.216,14.541,36.494,175.199,54.464,144.908,40.588,15.513
2018-05-16 23:00:00,27.612,25.856,23.991,13.374,29.764,148.328,44.433,123.999,36.318,11.86
2018-05-17 00:00:00,25.924,23.364,22.452,13.897,27.697,135.472,41.748,115.469,34.599,11.165
2018-05-17 01:00:00,25.395,21.886,20.561,12.749,26.638,133.219,40.028,111.16,31.959,10.597
2018-05-17 02:00:00,28.651,20.707,19.99,11.962,25.499,131.403,41.02,110.973,33.677,10.553
2018-05-17 03:00:00,26.876,21.531,20.17,12.599,26.011,136.047,42.214,117.791,34.909,11.442
2018-05-17 04:00:00,26.983,25.916,21.89,13.936,28.936,145.1,44.208,124.543,37.625,13.589
2018-05-17 05:00:00,32.178,31.097,31.177,15.898,34.073,175.302,53.214,144.036,44.893,15.594
2018-05-17 06:00:00,36.534,34.396,37.692,18.093,41.227,216.598,64.64,166.687,52.112,18.689
2018-05-17 07:00:00,40.98,37.317,39.221,20.136,47.64,235.773,70.42,186.733,58.672,21.344
2018-05-17 08:00:00,43.557,40.629,40.266,22.08,51.138,249.825,76.203,201.658,63.712,20.615
2018-05-17 09:00:00,48.429,42.314,39.901,21.161,49.402,251.794,82.641,205.753,65.374,19.912
2018-05-17 10:00:00,55.152,40.174,42.326,19.56,60.331,255.702,84.715,215.789,65.144,22.815
2018-05-17 11:00:00,53.088,43.509,46.018,20.075,61.572,271.526,87.363,215.412,67.679,22.477
2018-05-17 12:00:00,53.661,46.957,49.527,20.25,65.622,298.769,95.373,225.441,72.002,23.942
2018-05-17 13:00:00,56.459,49.243,50.997,18.614,72.845,322.848,101.478,228.028,77.602,24.73
2018-05-17 14:00:00,60.899,50.831,51.693,21.156,78.987,355.36,103.026,236.005,85.674,27.203
2018-05-17 15:00:00,64.479,57.966,57.39,23.682,83.173,382.799,113.538,249.832,89.807,30.524
2018-05-17 16:00:00,63.425,59.786,56.849,25.028,86.445,396.28,118.519,250.599,95.631,32.785
2018-05-17 17:00:00,61.012,59.095,57.995,24.02,83.047,397.424,118.886,238.098,92.789,31.927
2018-05-17 18:00:00,56.4,58.611,57.602,23.382,79.588,382.134,112.994,224.264,83.199,32.104
2018-05-17 19:00:00,54.299,54.163,56.582,20.36,73.733,360.528,106.493,230.172,80.126,29.852
2018-05-17 20:00:00,48.629,53.811,49.365,19.556,62.98,325.345,101.845,216.514,73.38,28.417
2018-05-17 21:00:00,42.524,39.827,36.825,16.45,51.038,271.205,84.584,177.673,57.361,21.896
2018-05-17 22:00:00,33.149,32.274,29.253,16.057,40.227,217.483,63.104,143.297,42.663,17.034
2018-05-17 23:00:00,27.188,24.932,24.935,12.464,32.739,172.209,50.764,121.372,35.939,13.691
2018-05-18 00:00:00,26.359,22.367,22.758,12.159,28.113,150.002,42.838,112.18,31.772,11.087
2018-05-18 01:00:00,23.64,20.675,19.701,12.806,26.602,140.216,40.736,105.304,30.622,10.178
2018-05-18 02:00:00,23.297,20.072,18.966,13.804,25.876,133.383,39.204,104.31,30.11,10.293
2018-05-18 03:00:00,25.129,21.505,19.355,15.261,26.293,133.224,40.979,107.08,31.072,11.786
2018-05-18 04:00:00,26.734,24.56,21.411,16.167,27.364,142.154,42.98,114.101,34.854,14.779
2018-05-18 05:00:00,30.939,31.348,27.107,18.402,33.737,173.062,50.472,135.351,45.576,15.307
2018-05-18 06:00:00,37.061,35.432,35.613,19.037,41.492,210.228,65.135,168.432,56.57,19.07
2018-05-18 07:00:00,44.393,36.594,45.255,19.5,50.355,235.831,73.239,187.153,62.706,19.52
2018-05-18 08:00:00,46.381,37.833,42.753,20.385,47.633,250.824,79.189,200.643,70.05,20.85
2018-05-18 09:00:00,47.316,43.959,41.13,20.701,48.432,260.282,87.544,202.533,61.555,22.54
2018-05-18 10:00:00,46.769,43.944,41.284,19.227,50.164,265.449,82.959,208.875,65.863,20.972
2018-05-18 11:00:00,48.118,42.328,42.068,18.881,50.451,274.7,86.438,205.196,65.432,21.419
2018-05-18 12:00:00,46.315,39.678,42.889,18.072,50.942,275.043,87.927,203.677,63.729,23.781
2018-05-18 13:00:00,45.798,40.666,43.996,20.339,53.936,281.82,92.978,199.119,63.192,24.276
2018-05-18 14:00:00,51.213,41.914,50.901,22.01,57.576,289.951,92.323,198.838,66.864,22.974
2018-05-18 15:00:00,52.267,46.735,53.52,23.369,65.495,300.329,94.01,198.845,71.567,26.552
2018-05-18 16:00:00,51.327,51.857,54.867,25.915,72.524,299.474,99.867,210.283,74.537,33.626
2018-05-18 17:00:00,52.787,54.304,48.075,24.577,73.515,296.937,95.783,213.632,74.258,35.304
2018-05-18 18:00:00,52.104,49.376,45.589,24.942,67.589,279.958,87.349,210.332,71.914,32.56
2018-05-18 19:00:00,45.486,45.746,45.423,20.956,60.363,269.869,90.055,214.38,71.843,28.973
2018-05-18 20:00:00,43.571,40.786,42.052,18.409,57.585,259.575,84.953,209.155,68.46,23.381
2018-05-18 21:00:00,37.913,34.404,36.947,17.495,48.139,231.73,67.401,184.542,56.604,18.772
2018-05-18 22:00:00,29.775,29.372,30.618,17.889,38.73,180.63,52.636,146.901,44.324,16.888
2018-05-18 23:00:00,27.751,24.917,25.949,13.067,32.899,146.201,44.826,124.874,38.784,12.387
2018-05-19 00:00:00,26.731,23.386,22.539,12.735,29.099,135.465,42.394,114.744,33.985,11.234
2018-05-19 01:00:00,26.019,22.421,21.682,13.14,27.456,134.195,41.147,113.355,32.619,10.647
2018-05-19 02:00:00,25.627,22.798,21.721,14.325,27.66,132.875,42.286,115.913,32.916,10.576
2018-05-19 03:00:00,25.923,23.913,22.714,15.4,29.568,136.234,43.947,121.005,36.193,11.937
2018-05-19 04:00:00,28.237,24.569,24.18,16.448,30.989,139.212,45.467,120.76,35.423,12.928
2018-05-19 05:00:00,29.249,27.401,28.366,16.443,34.468,153.727,49.554,126.859,38.362,13.532
2018-05-19 06:00:00,32.669,30.222,33.649,16.249,38.268,176.445,54.149,146.499,44.377,15.591
2018-05-19 07:00:00,38.12,38.257,40.154,17.78,44.712,200.736,62.933,164.426,54.824,19.853
2018-05-19 08:00:00,44.054,39.848,41.902,18.523,44.099,226.742,71.127,185.918,59.405,20.716
2018-05-19 09:00:00,41.794,43.649,40.278,18.446,48.343,228.297,74.999,183.613,63.715,21.064
2018-05-19 10:00:00,42.349,45.204,40.394,18.288,51.484,232.824,71.9,185.236,58.34,22.579
2018-05-19 11:00:00,43.441,42.29,41.585,17.503,49.718,230.45,71.196,187.713,63.663,21.595
2018-05-19 12:00:00,44.048,43.774,43.823,16.861,45.763,226.249,71.767,188.144,57.728,19.553
2018-05-19 13:00:00,41.9,39.126,40.144,16.053,46.665,219.644,68.332,180.026,58.547,20.151
2018-05-19 14:00:00,41.472,41.982,41.513,16.357,44.708,224.055,66.796,176.819,57.756,23.371
2018-05-19 15:00:00,40.891,46.598,39.947,15.584,45.028,227.234,68.76,182.559,57.734,20.437
2018-05-19 16:00:00,43.565,47.536,43.288,15.828,48.28,238.321,77.24,197.638,60.994,20.817
2018-05-19 17:00:00,42.971,42.181,41.07,18.488,50.785,240.968,80.38,198.441,62.895,22.725
2018-05-19 18:00:00,45.626,38.529,41.441,18.235,53.256,241.855,79.735,201.399,63.409,21.102
2018-05-19 19:00:00,44.442,41.704,44.12,19.02,52.757,261.856,85.302,213.185,70.158,22.922
2018-05-19 20:00:00,42.242,40.555,47.637,20.528,52.416,258.875,80.025,210.385,65.452,24.637
2018-05-19 21:00:00,37.802,36.27,40.161,19.192,45.667,212.165,69.423,174.024,56.314,21.956
2018-05-19 22:00:00,32.776,28.531,33.318,15.142,40.121,173.561,55.891,140.583,46.776,15.817
2018-05-19 23:00:00,28.153,23.616,25.432,12.741,31.876,151.013,47.082,121.392,38.854,13.928
2018-05-20 00:00:00,26.11,22.674,23.741,12.081,28.794,137.101,42.174,110.396,32.557,12.296
2018-05-20 01:00:00,25.041,21.477,20.181,11.713,27.287,132.056,41.301,106.306,31.005,12.152
2018-05-20 02:00:00,24.768,20.509,19.938,11.681,26.001,130.666,40.402,107.881,30.381,11.416
2018-05-20 03:00:00,25.896,22.409,19.855,11.513,26.061,133.604,42.549,109.114,32.351,11.306
2018-05-20 04:00:00,28.067,22.061,21.483,10.948,27.644,134.582,42.81,112.209,34.521,12.325
2018-05-20 05:00:00,28.683,22.92,24.844,15.005,31.942,145.769,44.094,119.083,35.4,15.684
2018-05-20 06:00:00,32.564,27.814,30.217,14.205,38.11,162.626,51.416,134.319,41.766,15.281
2018-05-20 07:00:00,36.773,31.889,36.695,15.864,43.503,194.735,59.015,154.263,46.967,18.499
2018-05-20 08:00:00,41.619,36.168,38.663,16.82,44.984,216.3,72.902,179.846,53.23,19.549
2018-05-20 09:00:00,44.072,40.378,38.294,20.973,42.937,237.277,80.557,191.035,57.736,23.09
2018-05-20 10:00:00,42.907,39.175,40.478,16.709,44.728,252.512,74.156,199.821,58.417,20.258
2018-05-20 11:00:00,45.632,43.991,42.774,19.857,47.957,261.01,77.278,221.591,63.554,22.798
2018-05-20 12:00:00,45.357,42.528,42.498,19.519,44.336,276.633,81.185,236.633,58.133,22.481
2018-05-20 13:00:00,42.725,44.667,39.717,17.697,45.516,269.497,79.307,209.558,65.412,19.621
2018-05-20 14:00:00,46.008,46.424,44.043,16.46,47.758,286.376,79.609,218.472,61.445,19.878
2018-05-20 15:00:00,49.526,52.065,50.883,18.807,53.329,309.797,84.452,232.975,71.776,23.911
2018-05-20 16:00:00,51.007,51.322,48.133,21.667,54.412,331.296,92.888,244.036,78.017,23.305
2018-05-20 17:00:00,52.127,52.81,48.545,19.444,56.948,334.424,95.224,257.023,75.465,23.582
2018-05-20 18:00:00,46.058,50.026,45.956,19.355,57.848,327.529,88.64,242.195,74.36,24.11
2018-05-20 19:00:00,44.767,49.164,45.137,19.286,58.112,307.29,87.279,233.882,74.397,22.356
2018-05-20 20:00:00,44.78,50.728,41.959,21.728,49.813,290.381,83.128,216.851,73.583,23.047
2018-05-20 21:00:00,39.066,37.443,34.412,19.055,42.979,247.402,68.445,186.646,59.282,20.319
2018-05-20 22:00:00,32.594,29.576,27.906,14.514,37.382,190.369,51.783,145.815,43.062,13.153
2018-05-20 23:00:00,26.496,24.963,21.801,13.158,32.269,156.495,44.706,121.043,35.867,12.285
2018-05-21 00:00:00,25.63,21.517,19.799,12.43,28.108,140.365,40.087,108.035,32.332,10.884
2018-05-21 01:00:00,24.412,21.096,19.163,12.382,27.084,132.167,39.171,104.086,30.415,11.417
2018-05-21 02:00:00,23.836,20.858,19.647,13.339,27.25,128.542,38.627,103.117,30.332,10.827
2018-05-21 03:00:00,24.598,22.362,19.706,14.243,28.563,130.271,41.899,107.279,32.954,11.111
2018-05-21 04:00:00,28.113,24.457,22.173,15.97,31.296,139.835,45.028,112.587,37.495,12.968
2018-05-21 05:00:00,33.0,31.249,30.272,17.549,35.745,172.001,53.907,139.435,43.65,15.587
2018-05-21 06:00:00,36.173,36.079,37.385,18.376,44.086,217.602,63.145,169.928,55.208,17.672
2018-05-21 07:00:00,41.835,39.649,43.16,17.594,49.235,249.892,73.746,196.335,62.06,20.377
2018-05-21 08:00:00,53.394,41.151,40.688,19.003,54.402,274.112,76.952,208.495,68.915,20.288
2018-05-21 09:00:00,52.534,41.719,45.581,19.58,52.442,298.727,84.103,225.169,72.575,22.071
2018-05-21 10:00:00,56.803,44.706,44.811,19.127,52.952,321.541,87.713,242.362,74.688,21.911
2018-05-21 11:00:00,57.977,48.57,45.352,20.171,56.739,337.027,93.112,257.135,78.319,23.483
2018-05-21 12:00:00,57.995,48.96,44.792,21.89,60.104,348.305,101.005,268.496,82.159,24.975
2018-05-21 13:00:00,58.91,48.212,48.545,21.083,65.53,365.066,103.698,277.689,83.866,23.374
2018-05-21 14:00:00,61.373,52.756,54.324,22.256,67.429,383.612,108.867,293.159,90.775,24.286
2018-05-21 15:00:00,63.491,58.475,56.666,24.059,73.161,408.066,117.013,311.354,99.744,29.966
2018-05-21 16:00:00,65.56,61.427,57.703,24.881,78.877,430.694,125.261,316.574,106.013,30.912
2018-05-21 17:00:00,67.622,63.472,60.933,27.322,85.272,427.767,128.3,321.415,108.754,31.925
2018-05-21 18:00:00,60.394,60.957,61.015,25.744,80.973,406.81,116.186,306.701,100.884,31.473
2018-05-21 19:00:00,53.039,56.7,54.173,23.777,71.255,377.203,109.027,282.57,94.676,29.054
2018-05-21 20:00:00,46.344,47.663,47.092,20.415,59.885,338.921,99.065,250.601,80.349,24.12
2018-05-21 21:00:00,41.294,39.431,39.458,19.02,47.105,277.741,80.981,212.126,67.026,20.142
2018-05-21 22:00:00,32.399,31.91,30.061,14.555,37.774,205.299,58.206,157.137,45.619,14.848
2018-05-21 23:00:00,27.019,24.982,24.124,12.393,31.351,171.188,48.416,127.129,36.234,11.923
2018-05-22 00:00:00,24.572,21.756,20.939,12.149,28.159,148.493,42.415,111.198,33.933,11.141
2018-05-22 01:00:00,24.184,20.6,20.08,11.294,27.184,139.931,41.149,103.106,31.027,11.988
2018-05-22 02:00:00,24.476,20.622,19.644,11.735,26.256,133.844,38.344,101.909,30.76,13.171
2018-05-22 03:00:00,26.616,21.096,21.014,12.465,25.447,134.454,40.714,105.733,32.491,12.82
2018-05-22 04:00:00,29.18,22.852,23.178,14.301,29.474,146.212,45.288,114.742,34.98,12.208
2018-05-22 05:00:00,31.988,29.034,30.114,16.667,36.34,172.689,53.191,137.32,43.698,13.954
2018-05-22 06:00:00,37.458,35.52,35.401,18.051,42.31,213.299,66.785,169.249,56.401,17.334
2018-05-22 07:00:00,43.089,35.9,38.952,17.964,44.541,236.67,76.669,188.074,54.118,20.755
2018-05-22 08:00:00,47.877,38.528,40.837,20.191,47.606,254.262,82.722,200.189,61.752,20.922
2018-05-22 09:00:00,48.854,39.745,42.214,18.766,50.984,267.444,83.064,209.229,65.877,21.182
2018-05-22 10:00:00,48.251,39.61,40.75,20.68,51.587,271.886,89.319,225.565,68.071,24.324
2018-05-22 11:00:00,50.689,42.961,42.824,21.919,48.953,271.423,88.235,227.635,71.197,24.95
2018-05-22 12:00:00,53.61,44.095,38.1,19.304,45.633,264.175,82.561,216.834,68.884,19.358
2018-05-22 13:00:00,47.36,44.458,37.323,18.366,46.065,258.718,79.562,207.398,65.518,19.053
2018-05-22 14:00:00,46.508,41.131,35.4,17.633,46.659,251.196,74.86,205.014,63.889,20.224
2018-05-22 15:00:00,41.833,42.417,35.775,20.654,53.2,253.328,79.919,204.354,68.054,21.187
2018-05-22 16:00:00,42.102,41.407,37.967,20.84,47.672,262.819,81.829,208.044,69.009,20.676
2018-05-22 17:00:00,44.108,41.22,38.353,21.726,50.464,270.148,77.31,204.481,69.713,23.908
2018-05-22 18:00:00,46.365,40.201,40.502,18.383,51.999,262.403,77.019,202.124,65.019,21.845
2018-05-22 19:00:00,46.339,44.896,42.78,20.095,53.299,264.792,80.59,206.508,71.997,21.908
2018-05-22 20:00:00,44.134,43.924,42.803,19.911,52.989,258.215,77.443,204.752,73.209,21.968
2018-05-22 21:00:00,39.282,41.158,38.691,19.002,47.52,221.347,69.02,177.361,57.085,19.628
2018-05-22 22:00:00,31.913,28.256,31.363,14.26,36.42,174.224,54.396,137.863,42.578,14.74
2018-05-22 23:00:00,27.199,24.912,26.33,11.766,30.515,150.264,48.582,118.743,37.228,11.603
2018-05-23 00:00:00,25.701,22.897,23.817,11.622,26.942,134.864,43.723,109.003,32.452,11.414
2018-05-23 01:00:00,24.86,22.107,20.746,11.724,25.949,131.562,40.586,103.973,31.714,10.877
2018-05-23 02:00:00,23.965,20.537,19.854,10.826,26.172,126.795,39.604,103.964,30.41,10.933
2018-05-23 03:00:00,24.915,22.501,21.004,11.583,27.202,131.302,41.308,107.989,31.921,11.161
2018-05-23 04:00:00,26.684,23.205,22.414,13.938,29.036,144.106,42.719,114.261,36.12,11.769
2018-05-23 05:00:00,31.694,30.225,30.72,16.582,35.06,179.714,54.455,135.416,41.841,15.477
2018-05-23 06:00:00,36.828,35.028,37.719,18.134,45.357,211.44,68.256,166.688,52.407,19.807
2018-05-23 07:00:00,42.739,37.418,41.745,21.66,51.202,236.314,76.797,186.81,59.75,21.47
2018-05-23 08:00:00,51.134,42.112,40.682,20.23,48.05,264.798,83.784,199.942,65.912,22.081
2018-05-23 09:00:00,51.962,45.404,41.082,20.536,51.874,291.892,90.532,225.859,71.032,21.578
2018-05-23 10:00:00,56.194,49.459,45.221,23.104,57.562,315.893,103.212,247.212,74.017,23.444
2018-05-23 11:00:00,60.504,56.097,50.239,25.691,62.246,344.608,109.882,268.889,78.773,23.737
2018-05-23 12:00:00,61.913,56.156,53.725,25.018,66.096,370.408,115.169,281.39,85.012,28.245
2018-05-23 13:00:00,61.68,60.186,54.825,25.622,67.484,389.751,119.896,296.716,92.584,26.896
2018-05-23 14:00:00,65.788,59.615,59.43,26.293,71.098,416.271,123.781,314.25,98.733,29.781
2018-05-23 15:00:00,67.298,60.146,59.004,27.689,78.911,439.084,130.865,341.137,108.192,30.444
2018-05-23 16:00:00,68.616,59.708,63.134,25.503,78.344,433.7,127.803,348.348,115.023,33.162
2018-05-23 17:00:00,64.257,57.326,60.093,25.619,77.512,411.342,124.157,326.757,109.441,34.746
2018-05-23 18:00:00,59.814,50.828,54.94,23.171,72.527,379.892,113.681,311.19,100.776,31.228
2018-05-23 19:00:00,53.526,48.261,53.24,24.981,67.37,363.733,105.485,277.659,91.981,29.582
2018-05-23 20:00:00,48.802,43.51,49.286,19.918,59.731,334.393,98.776,236.131,76.798,25.583
2018-05-23 21:00:00,38.491,39.19,39.242,16.06,46.424,283.73,83.433,195.715,60.03,22.336
2018-05-23 22:00:00,30.809,32.39,30.55,14.582,36.671,217.999,59.995,147.695,43.492,14.927
2018-05-23 23:00:00,27.212,25.92,24.22,13.847,33.638,170.44,48.616,120.317,36.801,12.604
2018-05-24 00:00:00,24.634,21.743,21.05,12.181,28.276,149.737,41.996,108.394,33.951,10.884
2018-05-24 01:00:00,24.017,20.394,19.329,11.933,27.296,139.746,39.338,105.419,30.923,11.179
2018-05-24 02:00:00,24.214,19.706,19.003,12.571,26.988,132.614,38.655,104.839,30.761,10.923
2018-05-24 03:00:00,25.641,21.376,20.131,13.983,27.939,131.488,40.244,106.481,31.796,11.269
2018-05-24 04:00:00,28.858,23.637,22.52,15.11,29.633,140.751,43.571,119.249,36.253,12.97
2018-05-24 05:00:00,33.698,27.601,28.675,17.318,38.31,176.856,53.528,137.982,45.924,16.646
2018-05-24 06:00:00,39.376,33.386,34.648,19.929,44.893,221.485,69.278,169.404,57.285,18.883
2018-05-24 07:00:00,45.691,36.827,41.347,22.234,48.452,251.046,79.368,193.779,63.123,19.781
2018-05-24 08:00:00,47.445,39.33,44.392,19.537,52.689,279.476,80.282,205.884,62.865,19.902
2018-05-24 09:00:00,50.777,41.195,43.09,21.959,53.905,304.282,90.553,213.123,66.038,21.732
2018-05-24 10:00:00,49.419,44.498,44.615,22.092,58.83,323.66,95.126,213.224,69.23,22.202
2018-05-24 11:00:00,51.04,46.192,49.18,22.706,55.408,334.248,96.112,213.207,74.382,21.823
2018-05-24 12:00:00,53.839,47.631,47.939,20.874,58.028,329.051,98.489,211.168,69.597,22.846
2018-05-24 13:00:00,54.689,48.228,49.08,20.372,57.566,344.629,104.711,205.43,71.606,23.362
2018-05-24 14:00:00,56.544,49.081,51.467,20.623,62.375,362.138,107.983,204.673,72.744,25.412
2018-05-24 15:00:00,60.088,53.949,55.188,22.36,68.29,386.087,111.345,217.221,76.658,28.147
2018-05-24 16:00:00,61.774,59.288,56.357,24.627,74.692,403.028,117.194,232.928,87.254,31.383
2018-05-24 17:00:00,63.285,59.002,59.088,24.133,79.527,420.295,118.29,235.864,87.582,31.3
2018-05-24 18:00:00,58.873,57.506,56.687,22.374,74.7,394.046,112.797,230.343,78.925,29.823
2018-05-24 19:00:00,53.932,52.609,52.415,21.955,68.124,373.999,104.907,222.854,75.281,26.188
2018-05-24 20:00:00,45.839,45.963,45.369,19.733,59.783,314.778,99.641,206.464,66.713,25.843
2018-05-24 21:00:00,38.841,39.162,38.706,20.301,50.374,261.448,75.504,177.535,54.495,22.663
2018-05-24 22:00:00,31.311,30.113,34.512,14.134,37.931,200.011,58.937,142.646,45.398,16.995
2018-05-24 23:00:00,26.105,25.53,23.553,12.888,31.966,160.514,49.372,120.398,38.701,13.615
2018-05-25 00:00:00,25.155,23.438,22.122,12.113,29.045,143.865,42.887,112.652,33.607,11.28
2018-05-25 01:00:00,23.561,21.919,18.756,12.381,29.685,138.157,40.326,103.638,30.097,11.28
2018-05-25 02:00:00,23.79,21.538,18.629,12.601,28.482,132.161,38.825,104.431,30.091,10.593
2018-05-25 03:00:00,24.472,22.236,19.654,12.605,27.612,134.431,40.061,109.039,31.881,10.819
2018-05-25 04:00:00,27.206,24.348,21.79,13.57,29.107,146.8,41.459,114.684,34.454,12.608
2018-05-25 05:00:00,31.627,30.194,29.644,17.442,38.06,180.583,51.717,137.633,44.292,16.71
2018-05-25 06:00:00,36.149,36.46,34.049,17.081,47.818,219.545,67.195,178.066,53.586,19.251
2018-05-25 07:00:00,49.19,42.746,40.732,17.858,47.338,259.038,76.024,196.544,62.748,19.618
2018-05-25 08:00:00,53.699,47.991,43.586,19.789,54.636,308.751,83.885,227.801,73.179,19.904
2018-05-25 09:00:00,59.694,53.607,48.221,22.295,68.941,356.226,101.285,262.294,85.516,23.974
2018-05-25 10:00:00,65.361,62.051,53.989,23.619,70.943,398.077,115.623,294.409,87.887,24.526
2018-05-25 11:00:00,69.301,63.882,59.714,26.583,74.906,433.417,127.066,324.249,98.176,27.792
2018-05-25 12:00:00,70.984,68.157,60.592,26.711,79.568,464.88,137.312,336.727,104.583,29.432
2018-05-25 13:00:00,72.869,69.377,63.623,26.573,80.522,475.942,141.425,354.033,115.908,29.481
2018-05-25 14:00:00,76.93,67.024,65.284,26.389,80.046,488.013,139.947,365.657,121.817,31.65
2018-05-25 15:00:00,70.696,66.132,69.335,24.605,79.453,479.01,136.883,362.73,124.269,36.416
2018-05-25 16:00:00,69.628,65.494,71.872,26.436,79.584,461.504,139.289,364.587,125.733,35.924
2018-05-25 17:00:00,68.661,70.202,69.92,24.689,74.642,444.805,132.958,346.877,119.153,34.772
2018-05-25 18:00:00,63.194,67.421,67.097,24.782,75.28,419.495,130.975,325.209,111.901,35.381
2018-05-25 19:00:00,59.749,62.793,63.841,25.373,68.567,400.589,126.031,306.35,103.753,32.191
2018-05-25 20:00:00,54.753,57.953,59.415,23.796,61.721,373.125,120.879,287.251,92.574,33.237
2018-05-25 21:00:00,48.067,50.446,48.263,20.215,50.947,322.627,95.884,240.998,79.328,24.815
2018-05-25 22:00:00,39.541,41.459,37.169,15.961,37.57,265.881,76.004,195.155,60.845,18.551
2018-05-25 23:00:00,31.759,33.749,31.725,12.889,32.209,213.418,60.506,156.753,48.23,15.273
2018-05-26 00:00:00,27.803,27.067,27.265,11.004,29.601,190.583,51.12,134.581,42.468,12.671
2018-05-26 01:00:00,25.65,24.466,23.763,10.68,25.986,178.37,47.469,122.239,39.319,11.247
2018-05-26 02:00:00,25.696,22.839,22.137,10.389,26.444,168.414,43.809,117.542,35.91,10.458
2018-05-26 03:00:00,25.346,22.651,20.526,10.083,26.323,164.451,42.08,116.638,33.817,10.578
2018-05-26 04:00:00,25.955,24.021,19.943,10.234,26.521,166.619,40.023,111.878,34.376,10.556
2018-05-26 05:00:00,26.81,25.882,23.244,12.606,29.329,183.423,44.755,121.832,38.071,11.757
2018-05-26 06:00:00,32.401,30.192,31.535,14.745,36.642,220.118,55.863,153.391,43.906,14.518
2018-05-26 07:00:00,39.771,37.099,39.621,16.964,43.098,283.152,72.042,195.744,49.906,17.804
2018-05-26 08:00:00,45.657,41.853,51.261,18.474,51.763,341.873,88.741,244.514,59.399,22.86
2018-05-26 09:00:00,51.651,44.189,55.099,19.586,55.305,386.273,100.433,279.856,67.218,25.226
2018-05-26 10:00:00,59.116,47.672,65.273,19.603,64.414,419.784,104.767,311.97,76.524,28.388
2018-05-26 11:00:00,60.451,48.692,70.606,17.537,70.214,452.499,106.025,328.593,86.42,31.139
2018-05-26 12:00:00,67.611,46.182,74.43,17.709,77.776,466.324,110.179,331.316,90.121,32.856
2018-05-26 13:00:00,71.577,45.291,72.325,15.863,83.212,475.236,117.195,336.796,99.574,39.836
2018-05-26 14:00:00,68.304,46.615,74.574,16.771,76.885,485.281,119.277,349.998,101.775,37.797
2018-05-26 15:00:00,61.857,46.779,74.223,22.328,70.895,477.496,127.117,342.173,106.069,35.38
2018-05-26 16:00:00,56.572,48.804,79.958,23.43,72.126,467.068,127.109,314.284,101.497,33.941
2018-05-26 17:00:00,53.426,48.239,74.7,24.291,69.914,435.301,106.191,287.644,97.147,31.138
2018-05-26 18:00:00,47.79,51.115,64.33,21.839,70.495,391.712,95.931,257.166,86.003,29.279
2018-05-26 19:00:00,46.703,48.674,62.548,23.196,66.232,363.716,97.525,251.019,82.151,28.134
2018-05-26 20:00:00,42.932,45.742,60.187,21.961,60.63,343.68,97.45,237.077,82.042,27.306
2018-05-26 21:00:00,37.543,37.685,45.248,16.416,49.443,293.78,82.761,204.176,67.702,20.946
2018-05-26 22:00:00,32.392,29.336,34.974,13.238,38.391,227.933,62.133,161.892,50.021,15.763
2018-05-26 23:00:00,27.262,24.384,28.369,11.232,33.123,190.887,51.236,127.898,39.608,13.124
2018-05-27 00:00:00,25.247,22.587,24.702,10.178,28.932,165.569,43.781,113.359,32.947,12.132
2018-05-27 01:00:00,24.18,20.581,22.352,9.469,27.251,152.47,40.384,104.107,31.291,11.336
2018-05-27 02:00:00,23.963,20.072,20.645,10.176,26.099,135.813,39.089,99.753,30.88,10.787
2018-05-27 03:00:00,24.183,22.222,19.94,10.427,26.141,132.457,39.837,100.375,30.33,10.355
2018-05-27 04:00:00,26.028,24.253,19.756,10.661,26.412,131.987,39.099,102.545,29.409,10.373
2018-05-27 05:00:00,27.595,24.028,21.094,11.725,28.382,143.639,40.834,111.9,32.561,11.104
2018-05-27 06:00:00,33.577,27.109,26.252,13.693,33.995,166.517,48.272,129.327,39.565,13.601
2018-05-27 07:00:00,40.137,35.539,31.981,15.526,40.34,196.7,62.115,150.407,46.719,16.468
2018-05-27 08:00:00,39.324,34.993,35.15,17.774,45.506,207.865,68.97,172.246,51.213,21.398
2018-05-27 09:00:00,40.081,36.714,37.433,17.125,52.829,215.833,67.397,178.235,51.941,19.943
2018-05-27 10:00:00,44.433,38.464,40.806,18.97,48.151,214.855,67.194,180.756,57.208,18.691
2018-05-27 11:00:00,41.256,39.414,41.879,20.251,42.739,215.821,66.973,180.56,56.34,21.349
2018-05-27 12:00:00,42.286,38.973,37.552,18.094,42.497,211.117,66.759,177.041,56.553,22.626
2018-05-27 13:00:00,41.922,40.031,33.428,17.035,45.724,210.266,63.171,170.321,53.273,21.519
2018-05-27 14:00:00,38.304,42.57,32.969,18.8,45.094,216.43,67.052,170.138,51.351,22.701
2018-05-27 15:00:00,40.301,40.484,37.121,16.94,49.305,226.019,70.941,175.484,52.286,19.351
2018-05-27 16:00:00,44.542,40.469,37.995,16.762,47.13,240.047,67.937,180.555,60.169,22.583
2018-05-27 17:00:00,40.827,41.165,37.18,18.75,52.397,235.788,68.439,184.06,61.665,22.773
2018-05-27 18:00:00,42.85,40.85,38.492,17.479,54.395,235.714,75.472,187.888,62.973,20.703
2018-05-27 19:00:00,42.113,39.144,44.236,21.181,52.812,242.112,79.992,197.762,62.41,22.452
2018-05-27 20:00:00,37.967,38.07,41.492,20.228,49.933,240.241,74.057,195.908,68.209,22.92
2018-05-27 21:00:00,35.15,34.947,36.411,17.815,45.596,207.56,68.693,170.557,56.034,19.748
2018-05-27 22:00:00,30.28,26.596,29.481,14.668,36.755,166.739,55.792,142.676,45.594,15.878
2018-05-27 23:00:00,27.29,24.2,24.774,12.548,32.341,149.271,46.016,123.269,37.78,13.227
2018-05-28 00:00:00,25.808,22.535,22.185,11.263,29.318,138.099,43.071,115.435,32.392,11.486
2018-05-28 01:00:00,25.654,21.533,21.258,11.896,27.037,133.792,41.132,112.052,31.829,11.044
2018-05-28 02:00:00,25.089,21.543,20.534,11.88,25.857,132.662,40.502,112.03,31.494,11.073
2018-05-28 03:00:00,26.796,22.663,22.059,12.036,26.957,138.825,42.272,115.348,33.457,11.48
2018-05-28 04:00:00,28.158,24.014,24.091,12.818,31.996,147.508,45.511,120.874,37.83,12.484
2018-05-28 05:00:00,33.804,28.359,30.668,15.329,38.542,185.451,54.72,146.798,46.29,15.589
2018-05-28 06:00:00,38.238,32.61,38.268,18.604,45.095,216.663,63.925,175.033,57.483,20.253
2018-05-28 07:00:00,44.364,36.543,39.031,18.61,46.233,240.098,71.09,189.899,65.364,19.751
2018-05-28 08:00:00,47.368,40.084,38.606,18.966,47.352,249.114,72.427,196.692,65.895,19.915
2018-05-28 09:00:00,48.85,39.564,41.591,20.033,48.028,249.243,78.547,213.556,62.633,20.761
2018-05-28 10:00:00,47.203,41.352,40.086,18.724,47.696,253.212,79.276,211.943,62.594,21.734
2018-05-28 11:00:00,47.111,42.793,38.114,18.107,49.3,249.668,81.351,208.03,60.874,18.927
2018-05-28 12:00:00,44.231,38.39,36.607,19.233,50.139,242.736,82.186,203.675,58.068,18.41
2018-05-28 13:00:00,43.442,37.262,34.862,20.277,49.723,242.21,76.805,193.04,58.606,17.949
2018-05-28 14:00:00,43.192,38.026,36.13,21.26,49.218,237.314,74.78,192.741,61.008,18.525
2018-05-28 15:00:00,41.324,36.74,40.276,23.626,57.731,245.519,79.265,199.177,65.088,22.412
2018-05-28 16:00:00,44.447,41.144,42.104,25.941,62.791,269.386,79.219,216.818,68.319,26.159
2018-05-28 17:00:00,44.729,44.444,44.32,25.967,67.165,274.812,80.407,214.306,71.158,27.742
2018-05-28 18:00:00,45.926,47.896,46.156,23.153,64.115,272.142,80.735,208.488,71.474,26.791
2018-05-28 19:00:00,45.039,46.105,49.131,22.04,61.393,277.128,83.948,212.716,67.719,25.024
2018-05-28 20:00:00,41.716,41.821,45.35,22.654,56.585,266.789,82.986,207.829,63.413,24.466
2018-05-28 21:00:00,36.81,35.709,44.086,17.378,50.143,222.832,69.941,178.577,54.787,19.211
2018-05-28 22:00:00,31.277,28.317,30.862,14.226,38.183,177.692,53.541,141.421,46.91,15.318
2018-05-28 23:00:00,27.068,23.219,23.817,11.52,33.068,151.008,45.873,116.955,34.497,11.799
2018-05-29 00:00:00,24.882,22.543,20.628,11.111,28.753,136.158,42.227,110.936,33.135,11.177
2018-05-29 01:00:00,23.484,20.9,19.925,10.216,25.865,129.535,40.75,107.467,31.135,10.928
2018-05-29 02:00:00,23.289,20.167,19.557,9.635,25.624,129.339,40.555,105.766,31.332,11.144
2018-05-29 03:00:00,24.173,20.903,20.531,10.799,25.831,131.587,41.698,109.092,33.991,10.653
2018-05-29 04:00:00,26.596,23.959,24.311,11.916,27.982,145.858,45.601,115.682,34.963,12.501
2018-05-29 05:00:00,30.893,28.41,29.471,14.63,34.912,180.69,54.69,137.627,42.655,16.787
2018-05-29 06:00:00,37.63,33.773,36.899,15.971,42.428,215.913,64.878,173.467,52.167,19.461
2018-05-29 07:00:00,45.794,34.019,41.809,20.599,47.438,241.604,72.996,201.197,59.676,20.711
2018-05-29 08:00:00,58.076,42.695,44.724,23.013,54.177,283.405,84.355,229.618,68.923,21.311
2018-05-29 09:00:00,61.845,48.62,49.363,24.01,56.508,348.688,101.032,263.038,76.427,25.813
2018-05-29 10:00:00,65.406,55.013,57.427,27.191,69.181,396.956,111.186,303.994,87.209,27.382
2018-05-29 11:00:00,68.161,61.444,65.788,27.672,78.979,425.989,119.888,317.183,94.143,30.087
2018-05-29 12:00:00,71.278,65.674,62.989,27.863,83.741,445.404,126.557,313.426,100.717,32.004
2018-05-29 13:00:00,71.444,68.805,66.356,28.927,81.837,464.561,134.188,321.064,105.551,32.55
2018-05-29 14:00:00,73.89,73.29,67.392,30.711,88.103,486.565,136.171,331.148,112.87,33.513
2018-05-29 15:00:00,78.574,77.905,72.983,32.574,98.015,506.761,150.372,341.92,126.622,39.013
2018-05-29 16:00:00,80.743,80.64,74.838,33.829,99.243,520.868,146.383,350.023,130.461,40.759
2018-05-29 17:00:00,77.64,78.583,76.195,34.051,100.112,519.215,145.374,343.082,130.069,40.061
2018-05-29 18:00:00,73.023,74.5,76.736,32.248,94.522,491.724,138.642,318.136,122.684,37.214
2018-05-29 19:00:00,64.819,60.071,66.255,27.692,84.22,453.953,130.053,292.109,106.721,35.329
2018-05-29 20:00:00,55.959,51.151,58.974,22.706,69.647,408.067,120.062,271.602,90.663,31.104
2018-05-29 21:00:00,43.782,39.313,47.599,17.033,56.288,330.062,88.485,216.299,69.284,23.323
2018-05-29 22:00:00,32.975,30.848,36.983,13.502,40.34,250.381,63.933,157.87,51.759,16.049
2018-05-29 23:00:00,27.615,25.23,28.33,11.289,32.303,194.927,49.134,132.119,39.624,13.833
2018-05-30 00:00:00,25.662,22.623,22.036,10.917,28.712,164.623,43.305,113.386,32.967,11.415
2018-05-30 01:00:00,23.951,21.468,19.627,10.497,26.841,148.779,40.336,107.882,31.282,10.696
2018-05-30 02:00:00,24.171,20.488,19.297,11.19,26.248,141.13,39.191,101.948,30.779,10.449
2018-05-30 03:00:00,25.439,21.081,19.524,12.718,28.052,137.999,40.195,107.772,32.061,10.847
2018-05-30 04:00:00,25.851,22.859,21.867,13.731,31.188,146.241,40.515,112.692,34.349,12.15
2018-05-30 05:00:00,29.885,28.043,28.864,15.572,35.709,184.372,51.845,135.988,44.52,17.444
2018-05-30 06:00:00,40.151,32.446,35.458,16.398,43.668,234.681,69.2,173.429,55.631,20.064
2018-05-30 07:00:00,45.899,38.909,39.071,17.989,47.509,269.367,80.556,200.423,64.974,22.861
2018-05-30 08:00:00,49.137,41.257,41.354,18.985,51.07,304.67,89.679,224.9,68.159,21.851
2018-05-30 09:00:00,53.023,42.173,45.244,22.281,61.067,336.072,94.681,231.255,74.663,21.632
2018-05-30 10:00:00,54.483,48.592,48.799,25.314,61.395,346.65,98.752,235.928,78.722,23.361
2018-05-30 11:00:00,59.666,50.425,55.848,26.068,65.724,363.033,105.322,238.428,78.752,25.804
2018-05-30 12:00:00,59.701,51.657,58.095,24.748,70.68,365.838,105.856,227.185,78.576,26.545
2018-05-30 13:00:00,61.864,53.277,59.282,26.113,74.688,374.326,107.47,223.622,80.099,29.328
2018-05-30 14:00:00,63.657,57.569,62.975,29.954,78.281,393.853,112.653,223.867,85.713,32.364
2018-05-30 15:00:00,66.779,61.718,68.649,31.2,83.734,407.861,118.719,238.914,89.305,34.574
2018-05-30 16:00:00,69.575,64.348,66.925,31.807,83.761,423.156,120.227,250.907,91.768,40.316
2018-05-30 17:00:00,68.431,62.995,66.464,33.043,85.894,413.941,114.736,246.713,87.848,39.358
2018-05-30 18:00:00,59.64,57.066,62.452,29.076,85.417,372.905,109.333,245.115,80.361,36.115
2018-05-30 19:00:00,55.272,50.721,56.393,27.179,78.47,335.205,103.258,229.313,77.242,34.385
2018-05-30 20:00:00,52.641,47.806,51.617,22.445,67.556,302.57,100.084,214.426,73.779,31.033
2018-05-30 21:00:00,39.452,39.781,43.403,17.357,57.064,246.702,78.224,178.634,55.999,26.428
2018-05-30 22:00:00,32.778,30.653,32.022,15.326,42.132,196.523,59.93,141.456,45.153,18.599
2018-05-30 23:00:00,30.755,24.616,26.522,11.825,33.795,164.616,49.667,119.527,35.425,14.471
2018-05-31 00:00:00,24.084,22.163,23.589,10.277,31.529,144.535,41.363,108.107,32.334,11.825
2018-05-31 01:00:00,23.603,21.137,20.265,10.103,27.604,136.826,39.451,104.655,30.804,10.353
2018-05-31 02:00:00,23.466,20.213,20.034,10.46,26.327,129.453,38.868,104.804,30.039,10.367
2018-05-31 03:00:00,24.657,20.937,19.942,11.584,28.067,131.909,40.539,108.383,31.183,10.795
2018-05-31 04:00:00,25.687,23.759,20.773,13.374,28.252,142.201,42.76,116.903,35.205,11.437
2018-05-31 05:00:00,31.546,29.992,28.946,16.031,34.541,178.347,51.703,141.26,44.885,14.65
2018-05-31 06:00:00,37.545,31.781,38.228,17.281,41.398,221.755,64.577,176.695,52.862,17.126
2018-05-31 07:00:00,46.179,34.653,40.969,19.064,46.114,255.844,75.971,203.9,64.163,19.927
2018-05-31 08:00:00,50.698,42.557,45.685,20.176,56.092,298.83,84.437,224.04,70.402,23.186
2018-05-31 09:00:00,55.565,51.22,49.946,23.943,64.322,336.32,97.973,255.826,80.609,26.214
2018-05-31 10:00:00,66.242,61.421,57.735,26.181,69.927,367.551,103.459,286.384,83.661,27.108
2018-05-31 11:00:00,67.11,66.39,61.84,31.015,78.522,396.093,114.876,295.528,91.308,29.111
2018-05-31 12:00:00,69.077,68.227,59.681,36.687,82.236,415.904,123.749,301.644,100.439,30.453
2018-05-31 13:00:00,74.871,67.257,61.986,36.028,86.444,433.854,125.949,297.503,105.913,31.868
2018-05-31 14:00:00,77.479,70.072,66.671,39.172,87.108,463.324,138.333,300.591,112.774,33.368
2018-05-31 15:00:00,82.197,78.679,68.436,41.992,89.766,492.474,151.964,314.532,123.817,34.597
2018-05-31 16:00:00,84.716,79.267,69.675,39.225,93.094,509.939,156.337,327.767,126.743,36.034
2018-05-31 17:00:00,81.818,77.066,63.125,40.479,92.815,496.079,147.68,326.425,123.974,39.128
2018-05-31 18:00:00,77.127,73.827,60.686,38.419,82.405,463.429,133.995,311.068,113.961,34.73
2018-05-31 19:00:00,75.971,66.096,57.949,33.845,79.59,427.876,123.513,291.662,104.237,30.845
2018-05-31 20:00:00,64.64,60.503,57.734,29.71,75.929,394.028,115.606,265.5,90.952,29.446
2018-05-31 21:00:00,54.543,49.112,47.409,24.403,66.518,330.261,95.971,216.422,70.831,23.167
2018-05-31 22:00:00,43.26,39.26,36.228,20.541,48.567,262.078,75.77,169.507,55.631,18.657
2018-05-31 23:00:00,35.96,31.956,28.647,15.186,40.487,211.797,60.655,136.456,45.07,15.635
2018-06-01 00:00:00,32.733,29.475,25.338,12.393,34.696,187.933,53.215,120.133,39.064,13.27
2018-06-01 01:00:00,31.629,27.314,21.977,11.45,32.215,176.472,49.654,110.154,36.965,12.198
2018-06-01 02:00:00,30.057,25.761,21.888,11.303,31.678,171.543,47.112,107.185,35.869,11.831
2018-06-01 03:00:00,30.518,27.462,23.271,11.838,31.066,171.336,47.673,111.083,34.848,13.314
2018-06-01 04:00:00,32.233,32.705,25.834,12.898,34.499,189.442,50.577,118.422,39.315,14.996
2018-06-01 05:00:00,38.308,37.241,32.139,14.712,39.632,223.87,64.991,146.957,51.067,15.287
2018-06-01 06:00:00,43.755,44.055,37.04,18.567,46.049,259.62,76.24,183.703,62.385,17.25
2018-06-01 07:00:00,53.976,51.782,39.358,21.139,52.409,286.978,86.844,214.41,70.274,19.653
2018-06-01 08:00:00,60.571,54.471,45.469,25.089,59.783,319.144,96.129,244.139,80.545,22.353
2018-06-01 09:00:00,64.234,64.198,49.792,27.813,62.288,335.634,96.623,283.634,89.38,21.956
2018-06-01 10:00:00,64.178,70.451,47.365,29.024,65.979,347.491,100.114,307.728,87.346,25.238
2018-06-01 11:00:00,64.977,70.294,49.534,29.673,70.583,350.833,103.011,305.419,89.976,26.28
2018-06-01 12:00:00,68.959,67.596,54.885,31.157,79.133,358.632,107.224,289.964,91.252,29.233
2018-06-01 13:00:00,71.606,68.067,50.847,32.637,85.758,372.78,107.988,295.617,90.647,30.044
2018-06-01 14:00:00,71.632,72.569,54.921,34.669,94.319,394.004,120.117,300.678,94.277,31.71
2018-06-01 15:00:00,74.665,77.317,61.919,36.372,101.272,423.538,125.949,321.185,107.173,38.46
2018-06-01 16:00:00,77.526,79.103,65.736,36.333,102.361,451.796,134.033,336.275,118.711,39.186
2018-06-01 17:00:00,76.024,75.875,65.15,35.028,100.846,449.195,131.304,338.1,118.07,38.618
2018-06-01 18:00:00,75.483,75.798,63.288,33.615,86.885,429.175,128.509,318.468,108.816,35.352
2018-06-01 19:00:00,67.012,66.78,60.354,35.963,76.194,409.356,117.81,304.029,107.717,31.201
2018-06-01 20:00:00,60.637,57.199,54.894,30.375,71.189,378.05,106.663,274.927,92.907,28.33
2018-06-01 21:00:00,52.57,47.232,42.932,25.965,56.889,323.967,85.537,228.757,72.952,29.41
2018-06-01 22:00:00,41.504,35.185,33.588,18.401,43.762,256.742,68.211,182.293,56.399,20.839
2018-06-01 23:00:00,35.505,27.68,28.799,12.706,35.657,213.575,57.156,150.73,46.964,15.688
2018-06-02 00:00:00,32.164,26.099,25.616,10.43,31.21,191.655,49.503,133.907,40.919,13.361
2018-06-02 01:00:00,29.35,24.189,22.52,10.287,28.443,183.527,47.079,122.826,38.6,11.74
2018-06-02 02:00:00,28.401,23.343,22.139,9.847,27.354,176.518,45.8,121.825,36.012,11.271
2018-06-02 03:00:00,28.003,23.695,22.403,9.57,27.43,173.233,44.678,120.408,34.425,11.132
2018-06-02 04:00:00,28.099,23.657,23.99,9.786,26.914,170.316,43.085,113.122,34.173,11.132
2018-06-02 05:00:00,31.042,26.075,23.694,11.13,29.872,191.442,50.328,128.47,40.487,11.631
2018-06-02 06:00:00,36.25,31.909,32.974,12.963,37.762,229.91,61.29,177.441,49.715,15.169
2018-06-02 07:00:00,49.007,46.911,41.369,15.455,44.177,281.52,79.878,223.644,65.468,20.078
2018-06-02 08:00:00,57.24,59.133,51.631,20.294,50.168,335.909,96.48,263.438,79.42,22.784
2018-06-02 09:00:00,65.921,56.517,56.553,18.492,58.282,366.783,106.585,297.742,89.635,24.029
2018-06-02 10:00:00,71.653,62.34,70.447,19.818,61.216,403.176,121.15,325.609,102.015,23.408
2018-06-02 11:00:00,71.807,65.549,74.479,20.883,61.685,438.077,134.599,328.967,104.67,29.692
2018-06-02 12:00:00,72.262,70.192,66.38,23.74,68.706,465.002,143.386,302.596,104.956,28.578
2018-06-02 13:00:00,74.733,68.064,73.129,22.96,77.314,475.716,143.021,306.497,110.292,32.067
2018-06-02 14:00:00,77.054,74.441,76.344,26.419,79.795,473.835,141.737,323.805,119.359,33.125
2018-06-02 15:00:00,82.236,76.445,74.893,27.755,83.675,492.434,145.345,335.421,131.338,36.639
2018-06-02 16:00:00,79.987,75.866,78.401,28.799,84.09,507.358,150.314,354.677,128.798,38.83
2018-06-02 17:00:00,76.696,73.142,73.125,30.73,81.837,490.04,144.596,325.153,122.227,37.369
2018-06-02 18:00:00,68.648,66.434,71.55,27.997,75.826,464.705,130.8,289.465,112.148,34.872
2018-06-02 19:00:00,63.311,59.857,63.418,25.507,68.489,418.601,120.987,266.884,97.487,31.916
2018-06-02 20:00:00,55.509,51.054,56.567,22.436,63.635,368.392,111.848,236.896,86.48,27.716
2018-06-02 21:00:00,43.864,37.971,46.896,18.629,49.806,300.294,88.839,188.657,66.636,22.144
2018-06-02 22:00:00,34.068,30.093,32.266,13.392,35.927,229.878,66.316,142.655,48.354,17.61
2018-06-02 23:00:00,28.728,25.121,26.609,11.997,30.105,182.832,51.76,120.281,37.536,14.104
2018-06-03 00:00:00,25.197,22.509,23.333,10.346,27.885,157.516,42.542,103.27,32.113,11.928
2018-06-03 01:00:00,24.051,20.105,20.133,10.926,26.436,144.658,39.667,98.944,30.54,10.526
2018-06-03 02:00:00,23.387,20.724,19.415,11.961,26.258,137.76,38.703,99.299,30.736,10.167
2018-06-03 03:00:00,24.802,21.293,21.362,12.7,27.906,134.0,39.237,100.665,30.432,10.581
2018-06-03 04:00:00,24.292,21.941,22.066,14.067,29.068,129.351,38.156,100.629,30.33,10.922
2018-06-03 05:00:00,25.9,24.69,23.03,14.614,29.562,145.933,42.318,113.505,33.296,13.017
2018-06-03 06:00:00,30.665,28.124,27.942,14.887,36.848,177.338,57.642,137.616,43.349,14.989
2018-06-03 07:00:00,35.157,34.946,33.953,16.003,40.782,208.098,63.776,162.021,48.346,17.229
2018-06-03 08:00:00,39.294,40.452,38.288,16.779,45.243,232.165,70.968,172.491,50.236,18.816
2018-06-03 09:00:00,39.645,39.647,39.835,17.567,48.429,248.418,70.61,174.534,53.312,19.437
2018-06-03 10:00:00,41.744,43.929,43.591,19.436,51.46,253.585,72.634,173.817,63.033,18.372
2018-06-03 11:00:00,46.213,46.398,43.077,17.37,50.758,257.586,79.72,183.781,60.118,21.087
2018-06-03 12:00:00,45.753,45.149,46.475,19.199,56.495,263.933,83.432,184.305,60.464,24.629
2018-06-03 13:00:00,47.768,49.56,44.108,21.838,57.961,275.226,82.559,180.874,61.217,25.135
2018-06-03 14:00:00,49.061,55.09,47.304,23.412,66.643,292.747,85.27,190.837,67.155,25.956
2018-06-03 15:00:00,54.215,59.035,56.302,25.722,73.769,306.409,92.377,208.473,69.627,29.633
2018-06-03 16:00:00,55.116,60.988,55.8,28.069,78.093,314.544,93.414,217.687,73.824,32.658
2018-06-03 17:00:00,51.973,58.115,50.64,26.739,73.927,302.699,91.273,209.021,73.648,34.208
2018-06-03 18:00:00,48.817,47.472,48.522,25.161,66.065,280.375,90.967,194.758,73.574,31.254
2018-06-03 19:00:00,42.118,44.657,43.714,21.981,61.032,271.809,85.336,188.978,68.315,27.086
2018-06-03 20:00:00,39.223,40.039,41.86,19.507,55.246,251.453,78.303,193.002,60.416,23.862
2018-06-03 21:00:00,34.251,32.88,33.78,16.71,46.441,207.135,62.631,162.215,54.09,17.192
2018-06-03 22:00:00,28.725,26.891,27.33,13.497,36.996,170.004,52.515,134.335,42.022,14.191
2018-06-03 23:00:00,25.634,22.988,22.02,13.913,30.699,144.077,41.919,113.174,35.427,12.27
2018-06-04 00:00:00,24.236,22.494,21.419,12.301,26.776,133.387,40.029,108.472,32.878,11.838
2018-06-04 01:00:00,24.123,21.852,20.668,10.76,25.333,129.761,39.399,108.19,31.061,11.575
2018-06-04 02:00:00,24.006,22.215,20.453,11.043,26.08,131.73,39.189,109.03,31.562,10.601
2018-06-04 03:00:00,25.244,22.163,21.313,12.769,27.211,135.92,43.508,117.682,33.203,12.054
2018-06-04 04:00:00,26.827,25.185,23.109,13.639,29.649,150.863,45.238,125.706,39.476,13.959
2018-06-04 05:00:00,33.036,32.207,28.72,15.39,38.322,181.35,55.522,151.208,45.914,16.455
2018-06-04 06:00:00,38.835,33.09,35.136,17.433,46.699,213.485,65.352,181.395,54.817,19.779
2018-06-04 07:00:00,43.728,34.288,40.351,19.632,46.915,230.499,71.743,193.261,57.976,20.276
2018-06-04 08:00:00,44.431,37.74,39.436,20.227,48.61,240.564,76.455,195.059,63.974,20.639
2018-06-04 09:00:00,49.45,38.708,42.755,20.084,51.536,243.407,85.491,198.009,62.498,21.496
2018-06-04 10:00:00,50.433,38.545,48.423,20.759,44.869,243.826,78.584,210.194,59.131,20.653
2018-06-04 11:00:00,48.578,39.156,41.406,20.169,43.946,243.057,79.223,209.985,60.985,22.211
2018-06-04 12:00:00,43.585,37.519,37.62,21.164,44.593,239.438,76.849,197.561,57.517,20.253
2018-06-04 13:00:00,43.117,36.327,37.007,19.043,43.524,224.188,73.397,194.226,56.74,17.709
2018-06-04 14:00:00,44.736,38.629,35.863,18.091,44.116,224.42,71.954,194.117,57.027,18.441
2018-06-04 15:00:00,45.027,36.814,35.667,19.861,47.157,237.274,75.71,191.52,64.452,24.916
2018-06-04 16:00:00,45.004,38.737,39.345,19.95,51.166,246.107,77.848,201.528,65.995,24.449
2018-06-04 17:00:00,45.255,41.837,39.588,19.811,48.977,244.527,72.814,201.12,62.707,20.384
2018-06-04 18:00:00,42.222,40.189,38.169,19.679,48.878,247.967,71.112,198.432,63.85,20.49
2018-06-04 19:00:00,42.162,40.228,37.897,20.56,48.667,242.95,73.818,200.132,65.137,21.159
2018-06-04 20:00:00,41.619,38.623,38.277,19.476,49.024,238.752,73.357,201.908,62.559,21.11
2018-06-04 21:00:00,38.688,33.969,34.221,17.493,44.52,205.388,64.009,168.928,55.232,18.631
2018-06-04 22:00:00,31.171,28.747,28.319,13.75,36.244,174.133,50.867,137.233,43.534,15.637
2018-06-04 23:00:00,28.251,24.432,24.024,13.298,30.156,149.696,45.057,123.244,36.325,14.51
2018-06-05 00:00:00,27.246,22.093,22.719,12.581,29.814,137.139,42.554,115.165,33.488,12.435
2018-06-05 01:00:00,26.251,22.108,21.162,12.464,27.482,133.783,41.487,112.14,32.778,11.737
2018-06-05 02:00:00,25.551,22.984,20.815,12.52,27.646,136.267,41.563,114.123,32.924,11.574
2018-06-05 03:00:00,27.347,23.852,22.278,13.876,28.076,139.81,44.753,121.103,35.053,12.415
2018-06-05 04:00:00,29.623,27.651,25.036,14.47,32.382,148.609,49.916,128.187,39.95,13.308
2018-06-05 05:00:00,34.086,32.502,31.877,15.596,38.38,181.265,58.233,148.808,50.119,18.748
2018-06-05 06:00:00,36.772,36.671,41.26,17.836,44.399,211.364,64.945,172.737,54.224,21.102
2018-06-05 07:00:00,40.859,38.779,44.233,20.169,47.938,231.155,72.126,185.909,58.569,18.505
2018-06-05 08:00:00,43.246,37.794,43.3,18.761,47.972,241.615,77.341,197.809,61.404,18.452
2018-06-05 09:00:00,44.214,38.56,42.44,18.435,48.028,243.878,77.064,201.08,65.563,21.91
2018-06-05 10:00:00,44.219,38.228,39.328,18.863,45.998,246.933,79.288,201.423,62.129,24.393
2018-06-05 11:00:00,43.701,38.523,38.065,19.152,44.239,248.919,80.094,198.146,58.318,23.625
2018-06-05 12:00:00,43.853,37.634,38.26,18.414,43.462,239.99,72.248,191.567,57.885,23.301
2018-06-05 13:00:00,44.015,35.549,36.945,16.86,42.363,232.865,71.888,187.0,57.834,19.291
2018-06-05 14:00:00,42.974,35.792,36.677,17.164,40.289,238.001,68.89,183.459,56.74,18.152
2018-06-05 15:00:00,42.884,36.396,38.628,18.279,45.306,254.602,72.391,195.388,58.549,19.801
2018-06-05 16:00:00,40.772,37.92,43.656,18.434,46.074,260.551,74.063,196.941,62.381,20.049
2018-06-05 17:00:00,41.772,39.705,40.431,18.019,51.011,256.555,76.658,193.409,61.573,22.059
2018-06-05 18:00:00,40.591,40.257,38.629,18.322,51.326,244.207,74.175,197.797,63.212,18.22
2018-06-05 19:00:00,43.702,41.816,39.888,19.216,51.091,248.943,74.244,213.243,66.804,18.739
2018-06-05 20:00:00,43.086,38.533,42.173,18.006,53.796,235.235,75.298,200.583,62.055,20.777
2018-06-05 21:00:00,40.835,36.006,32.369,16.223,44.906,205.814,64.2,169.79,50.729,16.595
2018-06-05 22:00:00,31.374,29.218,26.423,14.377,35.775,162.069,51.419,138.838,39.207,13.904
2018-06-05 23:00:00,26.879,24.041,22.705,12.822,29.889,142.588,44.859,118.289,34.527,13.226
2018-06-06 00:00:00,25.063,22.011,20.648,11.446,28.389,133.214,41.987,112.79,32.156,11.906
2018-06-06 01:00:00,24.408,21.799,21.008,11.064,26.811,129.02,39.576,109.314,31.713,11.641
2018-06-06 02:00:00,24.723,21.978,22.217,11.37,27.5,130.135,39.907,109.741,31.648,11.146
2018-06-06 03:00:00,25.768,24.573,25.668,12.632,27.522,139.13,42.592,114.339,34.357,11.842
2018-06-06 04:00:00,27.883,25.978,27.756,13.88,30.39,147.118,46.395,124.73,39.49,12.944
2018-06-06 05:00:00,31.71,29.988,33.915,15.949,37.738,174.53,57.485,148.416,47.045,17.07
2018-06-06 06:00:00,35.307,37.342,39.131,16.609,43.206,196.354,64.588,173.849,52.449,18.577
2018-06-06 07:00:00,44.128,40.479,40.376,18.588,47.028,226.67,71.782,188.496,57.363,17.082
2018-06-06 08:00:00,49.725,40.795,40.325,19.362,46.143,247.068,73.773,192.229,60.076,17.103
2018-06-06 09:00:00,48.245,39.929,40.399,20.648,47.463,253.348,78.797,202.368,58.687,20.182
2018-06-06 10:00:00,49.292,39.571,39.116,18.033,50.251,266.048,82.894,201.617,61.876,25.04
2018-06-06 11:00:00,47.602,39.712,38.995,17.97,48.828,272.998,82.729,200.703,60.401,20.627
2018-06-06 12:00:00,44.933,39.348,36.421,17.237,48.258,266.725,81.574,200.058,57.513,21.665
2018-06-06 13:00:00,46.628,39.976,39.277,17.745,49.198,278.172,81.941,193.412,58.868,20.058
2018-06-06 14:00:00,44.72,38.489,35.68,21.687,50.841,301.18,83.737,204.251,60.918,21.996
2018-06-06 15:00:00,45.27,42.553,42.313,16.737,51.004,302.25,89.524,214.683,67.65,22.897
2018-06-06 16:00:00,45.933,44.71,45.676,20.036,55.221,316.023,92.015,213.066,70.748,24.983
2018-06-06 17:00:00,45.74,44.622,43.13,18.103,56.599,322.48,86.28,218.84,71.579,25.604
2018-06-06 18:00:00,45.061,42.466,44.702,17.79,61.045,307.646,85.819,205.262,68.486,20.373
2018-06-06 19:00:00,44.26,41.68,41.967,17.727,54.864,294.491,86.048,200.765,65.798,20.621
2018-06-06 20:00:00,43.545,40.384,41.271,16.964,51.539,276.83,82.494,201.058,64.679,20.896
2018-06-06 21:00:00,35.021,33.326,35.382,16.713,44.512,235.788,67.046,172.233,52.762,18.359
2018-06-06 22:00:00,29.596,27.0,26.581,14.148,35.746,183.455,53.218,140.57,40.575,15.925
2018-06-06 23:00:00,26.356,22.523,23.308,12.38,30.862,152.681,44.737,120.761,33.696,14.543
2018-06-07 00:00:00,25.016,20.662,20.561,11.959,27.279,139.191,41.031,109.854,32.533,10.814
2018-06-07 01:00:00,24.451,20.719,18.814,12.216,27.043,131.817,38.267,103.469,31.55,10.711
2018-06-07 02:00:00,24.873,20.285,18.946,12.727,26.206,131.232,38.372,106.67,32.196,10.636
2018-06-07 03:00:00,25.799,22.885,21.028,14.16,26.424,135.543,41.786,111.349,33.279,12.592
2018-06-07 04:00:00,27.893,25.136,24.508,15.255,30.676,149.628,44.409,121.102,36.047,14.568
2018-06-07 05:00:00,31.982,32.263,28.302,17.705,38.586,173.135,56.171,145.267,44.727,16.627
2018-06-07 06:00:00,37.849,38.32,34.337,18.429,45.234,205.01,63.935,171.141,55.994,18.155
2018-06-07 07:00:00,43.104,33.684,36.793,17.531,45.176,223.635,65.198,183.79,59.452,19.272
2018-06-07 08:00:00,43.24,37.243,40.423,17.72,46.651,248.642,70.788,190.929,62.421,20.346
2018-06-07 09:00:00,46.196,37.854,41.127,19.004,48.784,256.65,74.936,197.749,62.44,19.542
2018-06-07 10:00:00,47.069,38.39,43.999,20.076,50.668,276.759,79.22,202.026,60.661,19.796
2018-06-07 11:00:00,55.049,38.673,46.969,19.966,50.148,291.203,80.197,209.804,61.486,20.007
2018-06-07 12:00:00,48.472,37.662,43.532,17.915,47.508,297.21,82.327,203.996,60.431,24.296
2018-06-07 13:00:00,45.346,36.244,43.129,16.892,48.413,306.669,81.213,201.058,58.969,22.745
2018-06-07 14:00:00,49.534,39.771,44.583,17.609,52.494,317.388,85.719,207.233,62.117,24.382
2018-06-07 15:00:00,50.522,44.867,44.002,19.178,61.194,321.26,86.435,210.745,62.906,27.344
2018-06-07 16:00:00,51.012,44.52,48.328,20.929,62.587,320.714,93.032,224.864,71.769,30.662
2018-06-07 17:00:00,50.1,47.527,48.74,20.937,56.747,321.589,93.904,226.351,76.897,25.136
2018-06-07 18:00:00,44.98,47.065,42.88,19.735,59.47,316.727,87.604,218.418,70.19,21.171
2018-06-07 19:00:00,43.436,43.544,41.21,18.815,53.105,301.835,82.288,210.847,69.088,22.366
2018-06-07 20:00:00,42.15,40.514,42.597,18.115,53.633,285.906,84.648,197.587,65.404,24.334
2018-06-07 21:00:00,34.612,31.987,36.688,15.912,47.044,243.733,69.221,165.589,56.054,19.906
2018-06-07 22:00:00,29.668,26.551,26.566,13.973,34.514,196.168,58.167,134.058,40.691,15.082
2018-06-07 23:00:00,26.393,23.321,21.413,11.477,30.19,154.858,45.512,116.335,34.006,12.676
2018-06-08 00:00:00,24.657,21.558,19.833,10.718,27.131,137.455,41.036,105.874,32.722,10.441
2018-06-08 01:00:00,23.822,20.655,18.652,10.835,26.25,134.53,38.27,100.979,30.727,10.414
2018-06-08 02:00:00,24.315,20.056,18.959,11.196,25.58,131.9,38.353,101.819,30.165,10.293
2018-06-08 03:00:00,24.95,21.506,20.248,11.982,26.885,133.887,39.569,108.182,31.823,12.56
2018-06-08 04:00:00,27.661,23.174,22.921,12.916,30.026,147.049,44.251,119.759,33.965,13.764
2018-06-08 05:00:00,31.249,31.46,29.423,15.452,37.249,187.5,52.367,144.564,42.327,15.203
2018-06-08 06:00:00,37.272,33.994,37.742,17.421,42.784,219.22,64.118,163.806,53.287,17.275
2018-06-08 07:00:00,43.204,38.288,41.627,18.292,47.076,251.831,75.487,189.691,56.832,18.129
2018-06-08 08:00:00,47.766,40.344,39.466,19.168,53.73,286.287,80.136,213.2,64.0,21.536
2018-06-08 09:00:00,54.2,45.039,42.272,20.27,54.64,336.358,92.581,246.038,70.625,24.363
2018-06-08 10:00:00,63.326,51.409,48.058,20.054,63.46,361.672,100.955,268.617,79.309,22.33
2018-06-08 11:00:00,59.724,51.508,48.402,21.997,60.989,380.364,110.584,276.62,83.174,24.313
2018-06-08 12:00:00,57.644,49.863,50.815,20.407,62.173,379.592,114.918,288.937,82.009,23.667
2018-06-08 13:00:00,62.029,49.766,51.787,19.862,64.39,386.636,111.068,294.007,93.313,27.508
2018-06-08 14:00:00,64.38,52.927,58.333,20.7,75.556,394.695,116.142,305.315,101.1,27.505
2018-06-08 15:00:00,66.563,61.076,62.071,23.213,78.483,415.943,123.147,327.932,104.0,31.296
2018-06-08 16:00:00,66.205,60.825,60.329,25.718,83.241,432.725,126.594,331.581,106.765,33.639
2018-06-08 17:00:00,65.691,60.83,60.642,24.76,81.825,427.126,120.685,327.469,101.097,33.127
2018-06-08 18:00:00,59.953,55.081,57.963,22.713,77.105,408.3,113.854,297.437,95.516,32.513
2018-06-08 19:00:00,53.717,47.065,56.002,21.32,65.663,377.444,105.379,271.276,84.144,28.528
2018-06-08 20:00:00,49.627,45.613,54.552,18.392,56.024,338.097,99.155,237.839,70.172,25.26
2018-06-08 21:00:00,41.673,35.769,39.092,15.204,49.27,258.429,74.225,188.161,56.919,20.39
2018-06-08 22:00:00,32.839,28.828,29.403,13.201,36.749,205.922,58.091,144.82,41.807,16.723
2018-06-08 23:00:00,26.481,23.407,23.362,11.784,30.645,172.903,48.92,121.062,34.324,12.38
2018-06-09 00:00:00,25.746,21.151,19.852,11.731,28.289,150.712,43.83,106.972,30.819,10.472
2018-06-09 01:00:00,24.564,20.301,18.31,12.318,27.532,142.681,41.431,100.872,30.525,10.243
2018-06-09 02:00:00,24.184,20.228,18.46,12.72,27.817,136.65,39.341,102.071,30.103,10.35
2018-06-09 03:00:00,24.188,20.769,18.711,13.148,28.3,134.431,38.817,103.014,30.474,10.868
2018-06-09 04:00:00,25.639,21.437,19.687,13.929,27.958,131.375,38.346,101.396,29.13,11.632
2018-06-09 05:00:00,27.329,23.716,22.026,14.952,32.097,149.35,42.355,111.44,32.608,12.59
2018-06-09 06:00:00,31.128,28.889,28.469,16.112,35.946,180.822,51.444,138.4,40.35,12.942
2018-06-09 07:00:00,35.852,36.328,36.928,17.675,37.729,225.707,63.93,166.859,51.434,15.885
2018-06-09 08:00:00,44.959,38.896,43.274,17.239,43.442,273.87,74.466,189.41,59.693,17.532
2018-06-09 09:00:00,49.257,44.44,45.219,17.709,52.488,308.379,79.296,218.611,59.746,19.244
2018-06-09 10:00:00,52.152,48.601,51.024,16.228,56.747,330.682,90.022,241.535,65.442,21.309
2018-06-09 11:00:00,53.115,47.913,54.491,18.397,56.463,356.73,101.201,255.969,70.344,21.422
2018-06-09 12:00:00,54.635,47.596,54.381,17.48,63.809,382.908,104.363,266.408,81.853,23.011
2018-06-09 13:00:00,57.993,49.708,56.287,17.802,66.509,390.34,118.894,281.147,85.991,24.61
2018-06-09 14:00:00,61.962,57.399,59.843,19.513,68.999,398.201,116.777,289.275,90.714,27.257
2018-06-09 15:00:00,65.462,57.616,65.1,21.548,72.803,406.658,119.221,306.687,94.521,32.323
2018-06-09 16:00:00,62.261,57.821,61.682,23.414,76.937,398.243,119.161,317.248,100.533,31.044
2018-06-09 17:00:00,63.954,56.218,63.109,22.321,78.326,389.768,116.365,307.956,98.613,31.015
2018-06-09 18:00:00,58.525,53.767,53.458,22.963,79.624,367.806,116.754,282.884,94.924,31.116
2018-06-09 19:00:00,51.107,48.96,50.799,19.998,67.144,353.938,109.723,255.464,88.919,28.347
2018-06-09 20:00:00,47.855,44.165,44.778,18.442,57.165,328.07,99.448,238.757,78.043,24.923
2018-06-09 21:00:00,38.072,33.902,37.555,15.768,47.908,271.595,79.801,200.965,63.362,20.574
2018-06-09 22:00:00,30.182,27.961,27.166,13.035,36.235,213.95,57.889,152.062,47.196,14.646
2018-06-09 23:00:00,26.611,23.612,23.029,12.6,30.831,177.2,46.872,122.825,37.343,11.676
2018-06-10 00:00:00,24.755,21.247,19.321,12.465,27.989,153.675,40.605,108.189,31.315,10.939
2018-06-10 01:00:00,23.711,20.68,19.156,13.28,26.571,141.773,38.414,100.958,30.027,10.543
2018-06-10 02:00:00,23.79,21.276,19.36,13.847,27.096,134.424,37.816,99.025,28.796,11.545
2018-06-10 03:00:00,25.616,23.227,20.424,14.521,28.125,131.624,38.511,99.116,29.143,11.571
2018-06-10 04:00:00,24.836,23.227,20.336,14.988,28.918,128.831,38.509,98.424,29.478,11.648
2018-06-10 05:00:00,26.936,25.386,23.543,15.444,30.931,144.805,42.018,109.918,33.203,13.843
2018-06-10 06:00:00,30.566,28.736,27.688,15.77,36.644,175.323,48.062,130.749,40.784,14.32
2018-06-10 07:00:00,36.022,32.748,34.0,18.161,39.141,208.573,57.001,155.547,46.995,15.766
2018-06-10 08:00:00,39.194,34.716,39.529,20.05,45.416,237.119,64.527,181.176,56.812,16.814
2018-06-10 09:00:00,40.368,37.584,44.531,15.95,47.235,257.555,72.378,201.387,57.043,19.621
2018-06-10 10:00:00,44.51,42.446,43.412,16.278,46.987,279.354,78.459,212.154,61.124,18.906
2018-06-10 11:00:00,50.725,45.402,48.045,16.624,51.223,300.012,82.633,216.431,70.497,20.023
2018-06-10 12:00:00,51.401,47.542,47.155,17.266,53.817,320.638,86.73,220.319,72.431,21.075
2018-06-10 13:00:00,51.503,50.382,49.737,17.401,57.848,335.359,92.266,220.15,77.905,22.056
2018-06-10 14:00:00,53.965,55.763,57.352,19.868,66.297,361.399,99.626,222.553,82.982,25.263
2018-06-10 15:00:00,61.587,56.089,59.84,23.231,72.447,383.209,105.531,242.848,87.233,31.887
2018-06-10 16:00:00,63.641,62.798,60.789,23.364,77.106,395.574,113.836,249.768,93.208,30.698
2018-06-10 17:00:00,57.964,54.067,62.037,25.133,75.677,400.904,111.016,245.481,91.973,31.728
2018-06-10 18:00:00,54.942,52.302,58.677,22.259,73.51,373.863,109.649,230.823,82.536,29.816
2018-06-10 19:00:00,49.17,46.02,53.248,20.161,62.345,342.262,101.737,212.917,76.447,28.485
2018-06-10 20:00:00,42.466,41.216,49.361,21.038,53.894,302.606,89.724,211.155,69.373,24.603
2018-06-10 21:00:00,34.989,32.804,36.541,18.72,48.016,252.723,75.262,176.397,56.636,18.435
2018-06-10 22:00:00,28.798,27.972,28.193,13.952,36.079,196.603,56.707,138.011,42.834,15.76
2018-06-10 23:00:00,25.443,23.258,24.594,13.06,31.356,155.47,47.828,113.782,34.704,14.587
2018-06-11 00:00:00,24.618,20.971,21.806,12.266,27.103,139.529,41.219,107.357,31.691,14.679
2018-06-11 01:00:00,23.533,21.098,20.192,11.891,26.03,135.579,40.01,102.988,30.736,10.231
2018-06-11 02:00:00,23.469,21.378,19.283,13.359,27.813,130.991,38.183,102.817,30.858,11.288
2018-06-11 03:00:00,24.353,22.825,20.472,14.645,29.163,133.688,40.576,111.198,32.34,12.373
2018-06-11 04:00:00,26.927,26.863,24.48,17.694,31.568,148.134,42.662,120.823,36.945,13.609
2018-06-11 05:00:00,31.572,30.961,29.298,19.698,36.872,182.541,54.388,141.076,45.581,17.741
2018-06-11 06:00:00,39.52,32.503,32.803,18.771,46.269,217.106,61.465,163.485,51.575,17.612
2018-06-11 07:00:00,43.022,35.376,35.236,17.691,50.033,227.075,73.86,178.938,57.384,18.195
2018-06-11 08:00:00,45.678,37.575,39.437,19.364,47.686,248.116,79.742,190.995,61.717,19.158
2018-06-11 09:00:00,47.658,38.881,40.985,19.947,50.061,271.778,85.339,204.252,65.826,21.243
2018-06-11 10:00:00,50.408,45.008,41.709,18.623,52.001,285.114,84.719,216.095,65.865,21.075
2018-06-11 11:00:00,47.647,45.437,44.237,19.379,59.068,294.51,85.957,217.43,66.722,22.031
2018-06-11 12:00:00,51.806,42.771,42.924,19.917,56.271,299.07,92.75,211.273,65.805,23.413
2018-06-11 13:00:00,49.704,46.587,43.819,20.89,57.758,303.1,94.168,212.482,68.225,24.905
2018-06-11 14:00:00,51.144,46.854,48.837,20.092,64.286,314.364,95.984,218.916,77.553,26.197
2018-06-11 15:00:00,53.325,56.504,52.205,23.355,74.025,342.577,100.256,224.931,80.761,29.488
2018-06-11 16:00:00,57.83,57.163,53.896,26.016,76.344,357.374,110.746,233.404,81.196,31.854
2018-06-11 17:00:00,58.907,55.672,58.587,28.106,77.891,334.407,106.618,233.069,79.278,31.717
2018-06-11 18:00:00,52.939,51.835,53.944,25.052,72.013,311.636,95.128,221.145,74.278,29.363
2018-06-11 19:00:00,47.888,46.992,48.845,23.387,62.554,291.989,88.959,212.419,68.763,26.563
2018-06-11 20:00:00,43.008,45.379,46.022,17.979,53.519,265.502,80.936,201.273,64.073,22.588
2018-06-11 21:00:00,40.273,38.227,38.665,15.189,40.024,217.427,65.546,167.486,51.71,19.151
2018-06-11 22:00:00,33.182,28.331,27.713,14.245,33.843,172.499,51.327,135.515,39.874,13.567
2018-06-11 23:00:00,27.267,24.839,22.42,12.003,30.316,145.764,44.195,117.226,34.417,11.827
2018-06-12 00:00:00,24.725,20.775,19.771,12.02,31.469,135.933,41.248,105.521,31.042,11.163
2018-06-12 01:00:00,23.669,21.312,20.729,12.35,29.924,130.923,38.42,102.994,30.744,11.012
2018-06-12 02:00:00,23.94,21.136,19.761,14.057,27.179,128.579,37.903,103.393,30.543,10.629
2018-06-12 03:00:00,26.077,21.724,21.547,15.636,28.921,132.506,40.594,110.021,32.885,12.163
2018-06-12 04:00:00,27.68,24.376,24.129,17.145,32.107,145.73,43.787,120.387,35.97,14.265
2018-06-12 05:00:00,31.882,29.227,28.981,17.917,37.263,177.235,51.391,142.989,43.136,17.478
2018-06-12 06:00:00,37.961,35.591,37.309,18.888,43.378,207.729,61.328,168.905,51.184,21.471
2018-06-12 07:00:00,40.799,38.473,43.063,19.826,45.834,238.281,70.528,182.767,57.733,17.919
2018-06-12 08:00:00,49.717,40.362,41.89,19.254,49.126,274.895,81.268,202.684,63.641,18.756
2018-06-12 09:00:00,50.835,43.858,45.38,22.566,52.88,304.453,89.983,230.389,66.805,19.637
2018-06-12 10:00:00,56.585,51.32,47.716,22.212,61.347,318.302,97.364,251.93,74.864,20.861
2018-06-12 11:00:00,61.022,52.607,48.401,21.788,62.186,351.519,103.143,274.514,84.502,23.351
2018-06-12 12:00:00,60.892,57.908,50.582,25.95,62.751,364.945,115.1,291.956,90.89,27.935
2018-06-12 13:00:00,64.384,63.542,53.439,27.355,67.846,386.12,119.895,309.077,95.159,29.719
2018-06-12 14:00:00,67.971,66.996,58.912,28.275,76.026,399.174,125.774,320.365,104.025,29.97
2018-06-12 15:00:00,71.332,69.586,69.762,29.434,82.576,430.166,130.494,340.607,114.438,35.055
2018-06-12 16:00:00,71.254,72.164,65.599,30.71,84.502,437.73,129.409,343.488,121.848,35.34
2018-06-12 17:00:00,70.153,66.648,61.055,27.775,84.215,432.545,129.492,330.064,116.214,33.148
2018-06-12 18:00:00,66.616,64.998,61.397,26.183,83.103,408.728,121.261,307.64,108.256,31.919
2018-06-12 19:00:00,60.845,59.115,54.478,25.051,73.031,368.002,115.448,282.567,98.942,32.626
2018-06-12 20:00:00,56.096,59.87,52.347,22.712,65.948,331.194,103.849,254.618,86.251,28.252
2018-06-12 21:00:00,46.811,48.066,43.226,18.244,51.173,272.252,86.939,208.275,69.449,22.199
2018-06-12 22:00:00,39.207,38.818,30.423,14.776,41.402,213.793,69.837,158.58,52.573,18.632
2018-06-12 23:00:00,32.218,30.729,24.519,11.64,34.848,168.32,49.998,126.258,41.555,14.435
2018-06-13 00:00:00,27.2,26.131,21.363,9.862,29.178,145.413,43.118,111.48,36.094,12.723
2018-06-13 01:00:00,25.282,24.502,19.502,9.217,26.325,138.283,41.755,105.898,32.395,11.362
2018-06-13 02:00:00,25.034,24.294,18.804,9.77,26.041,134.721,40.24,104.163,31.725,10.819
2018-06-13 03:00:00,24.214,24.152,20.445,10.777,26.96,137.092,41.253,107.609,33.229,11.374
2018-06-13 04:00:00,26.295,27.427,22.87,12.056,28.006,144.732,43.681,113.292,35.484,13.143
2018-06-13 05:00:00,34.924,31.461,29.882,14.989,37.25,180.466,55.975,139.364,46.694,15.149
2018-06-13 06:00:00,39.463,42.396,34.986,15.252,45.123,221.369,67.507,171.056,56.934,22.632
2018-06-13 07:00:00,47.633,44.762,41.952,18.592,50.712,247.513,75.79,197.431,65.476,18.676
2018-06-13 08:00:00,54.801,54.128,44.709,22.117,56.304,293.305,92.725,231.788,75.843,20.371
2018-06-13 09:00:00,59.989,60.728,43.63,25.122,61.76,336.805,107.476,266.278,85.99,21.199
2018-06-13 10:00:00,69.139,70.535,46.734,28.063,63.479,368.53,110.378,307.493,93.298,23.203
2018-06-13 11:00:00,72.781,73.68,47.781,28.387,68.735,357.924,106.566,313.098,94.968,23.95
2018-06-13 12:00:00,69.094,71.656,45.235,29.404,68.554,332.104,103.296,289.414,96.245,23.189
2018-06-13 13:00:00,63.47,74.136,38.773,31.353,64.528,325.159,108.732,268.883,96.154,21.539
2018-06-13 14:00:00,61.672,80.271,37.912,31.008,68.602,315.373,101.136,251.403,91.844,22.579
2018-06-13 15:00:00,56.975,72.353,44.129,31.986,64.784,315.007,98.137,242.633,94.078,24.093
2018-06-13 16:00:00,53.937,69.22,46.821,32.034,65.685,329.324,98.921,252.62,90.149,24.6
2018-06-13 17:00:00,54.828,65.081,43.224,30.7,62.263,317.809,96.481,255.91,85.789,25.565
2018-06-13 18:00:00,51.117,63.24,45.378,27.04,62.271,312.904,95.508,252.051,83.004,22.751
2018-06-13 19:00:00,47.927,66.884,43.431,25.237,58.14,307.159,86.128,240.983,78.514,21.948
2018-06-13 20:00:00,47.328,56.989,41.294,23.143,55.421,288.889,86.808,234.546,72.501,21.65
2018-06-13 21:00:00,40.443,44.332,36.04,22.872,46.794,258.561,74.516,198.886,57.818,18.631
2018-06-13 22:00:00,33.383,34.369,31.273,16.376,38.658,207.157,58.56,155.398,46.326,15.475
2018-06-13 23:00:00,27.699,28.978,25.471,13.236,31.134,177.08,49.247,130.269,37.258,13.02
2018-06-14 00:00:00,25.429,25.737,22.823,11.053,27.565,162.418,45.145,118.541,34.032,11.889
2018-06-14 01:00:00,24.414,24.336,22.027,10.153,26.666,160.885,42.781,112.891,32.554,10.881
2018-06-14 02:00:00,24.323,23.721,20.166,10.575,27.716,159.39,41.066,111.572,32.939,10.416
2018-06-14 03:00:00,25.111,24.373,21.812,10.999,26.834,158.081,41.904,114.593,34.257,11.186
2018-06-14 04:00:00,27.832,27.037,25.817,11.308,29.014,173.614,47.719,125.581,38.621,11.701
2018-06-14 05:00:00,33.131,34.772,30.909,14.351,38.584,219.344,61.886,157.142,50.067,15.979
2018-06-14 06:00:00,39.021,40.287,40.363,18.696,46.198,260.025,77.156,193.648,61.966,17.728
2018-06-14 07:00:00,45.265,38.86,44.666,18.221,46.173,300.582,84.69,229.101,69.623,18.723
2018-06-14 08:00:00,51.41,43.33,47.452,18.541,50.001,334.57,91.978,254.097,80.368,21.07
2018-06-14 09:00:00,49.537,50.446,55.112,18.459,51.19,361.493,97.768,267.121,88.337,23.151
2018-06-14 10:00:00,50.658,55.713,53.726,18.973,55.102,362.415,99.143,272.741,83.541,20.722
2018-06-14 11:00:00,52.252,52.811,56.184,19.523,51.626,355.34,103.011,280.598,83.179,19.888
2018-06-14 12:00:00,50.718,50.421,52.084,19.537,51.371,352.065,98.544,278.87,83.992,20.05
2018-06-14 13:00:00,48.029,51.164,44.529,21.933,46.978,338.879,91.897,267.716,85.143,20.113
2018-06-14 14:00:00,46.801,48.202,42.793,19.663,47.601,338.256,93.495,275.793,85.096,19.067
2018-06-14 15:00:00,48.829,49.392,42.202,19.645,51.238,343.056,97.332,279.509,88.303,22.541
2018-06-14 16:00:00,51.656,49.105,43.9,22.827,56.806,334.851,96.015,268.005,85.139,22.284
2018-06-14 17:00:00,49.531,48.801,46.94,23.556,55.644,317.233,92.908,263.886,80.093,22.12
2018-06-14 18:00:00,45.101,52.428,48.433,21.502,53.757,310.924,87.545,246.731,77.882,21.562
2018-06-14 19:00:00,46.11,51.781,46.472,19.816,56.875,308.047,86.326,240.234,72.732,21.278
2018-06-14 20:00:00,43.551,42.031,43.072,19.514,54.106,290.014,84.582,222.557,67.981,20.974
2018-06-14 21:00:00,38.056,33.679,36.593,15.907,42.564,236.971,74.412,177.095,55.107,17.694
2018-06-14 22:00:00,30.928,28.812,28.156,13.813,36.664,188.545,56.871,139.291,37.447,14.808
2018-06-14 23:00:00,26.421,23.19,23.784,11.932,29.504,161.192,46.631,117.87,33.68,12.097
2018-06-15 00:00:00,24.574,21.228,21.626,10.439,26.562,142.816,40.486,108.497,30.969,10.993
2018-06-15 01:00:00,24.191,20.49,21.224,9.906,25.331,137.479,41.847,102.314,29.502,10.345
2018-06-15 02:00:00,23.978,20.381,19.553,10.368,25.339,132.255,39.626,103.148,29.71,10.265
2018-06-15 03:00:00,24.677,21.712,20.377,11.905,25.949,134.978,40.292,112.605,32.677,10.69
2018-06-15 04:00:00,27.87,23.368,23.557,13.132,28.664,146.35,42.69,125.401,36.607,12.506
2018-06-15 05:00:00,33.999,27.644,29.778,15.338,39.683,180.968,53.5,139.719,42.465,15.521
2018-06-15 06:00:00,37.278,31.379,35.534,16.328,42.274,212.718,65.128,162.922,55.447,17.386
2018-06-15 07:00:00,43.21,33.482,42.085,18.607,44.823,231.645,74.119,175.02,59.791,19.446
2018-06-15 08:00:00,46.134,36.883,41.998,19.044,45.538,241.688,76.31,190.687,64.704,21.614
2018-06-15 09:00:00,46.162,41.112,42.939,20.214,47.433,252.708,79.336,199.178,62.489,22.588
2018-06-15 10:00:00,46.187,39.754,39.847,19.614,46.756,251.989,76.286,203.721,60.192,20.075
2018-06-15 11:00:00,47.444,41.546,40.03,19.404,45.967,250.79,77.736,204.369,59.702,20.378
2018-06-15 12:00:00,47.65,47.889,39.293,22.21,49.129,246.66,74.787,191.383,59.742,17.842
2018-06-15 13:00:00,49.898,48.525,35.818,21.294,55.587,247.416,75.226,188.899,59.483,18.111
2018-06-15 14:00:00,52.29,54.22,39.555,24.306,60.083,253.456,80.844,190.557,67.432,20.698
2018-06-15 15:00:00,56.404,56.83,44.068,26.951,70.256,290.142,87.771,208.397,76.837,27.446
2018-06-15 16:00:00,60.557,64.87,46.941,27.598,73.952,316.37,99.461,231.945,88.054,29.923
2018-06-15 17:00:00,60.304,63.424,47.986,27.447,76.495,329.843,105.1,242.335,89.16,31.41
2018-06-15 18:00:00,56.169,57.192,49.312,25.724,76.307,331.604,105.595,243.321,85.13,29.735
2018-06-15 19:00:00,51.543,53.991,46.747,23.089,67.069,313.938,96.631,230.164,81.093,26.775
2018-06-15 20:00:00,45.413,46.328,46.614,18.548,54.167,284.698,87.085,216.47,72.497,22.272
2018-06-15 21:00:00,37.73,40.854,36.63,15.506,44.237,233.529,69.559,176.92,56.97,18.117
2018-06-15 22:00:00,30.904,28.521,27.713,11.915,34.134,186.597,53.604,137.667,40.471,14.0
2018-06-15 23:00:00,26.174,23.882,22.552,11.486,29.065,154.283,44.584,113.168,33.489,11.743
2018-06-16 00:00:00,24.547,21.03,19.701,11.0,27.182,136.924,41.123,105.156,32.06,11.213
2018-06-16 01:00:00,23.663,20.0,19.269,10.824,26.665,130.07,40.49,100.608,30.457,10.63
2018-06-16 02:00:00,24.005,20.662,19.381,11.121,26.157,127.663,38.83,101.508,30.463,10.424
2018-06-16 03:00:00,25.23,20.452,20.223,12.024,27.206,130.431,39.382,103.451,30.902,11.949
2018-06-16 04:00:00,24.959,21.712,20.329,13.313,27.617,127.55,39.308,101.072,29.442,11.843
2018-06-16 05:00:00,27.734,24.015,25.321,13.869,33.18,144.537,43.029,111.878,33.162,13.024
2018-06-16 06:00:00,29.905,30.762,31.837,15.632,36.318,169.373,51.205,138.27,39.699,15.445
2018-06-16 07:00:00,33.281,37.261,34.622,17.17,40.239,207.18,65.652,168.05,49.336,20.174
2018-06-16 08:00:00,41.624,44.443,40.063,17.553,42.836,260.814,74.71,205.804,59.684,18.477
2018-06-16 09:00:00,48.056,48.362,48.453,18.507,50.669,289.797,76.649,238.537,64.167,19.697
2018-06-16 10:00:00,53.285,53.623,52.169,20.343,51.795,313.296,90.884,264.035,74.106,25.119
2018-06-16 11:00:00,60.593,59.338,51.532,20.764,56.814,343.323,100.437,278.059,82.041,26.329
2018-06-16 12:00:00,62.911,64.91,55.567,23.689,61.55,367.108,108.737,296.143,85.787,28.895
2018-06-16 13:00:00,63.558,66.576,70.656,27.152,66.924,390.494,111.167,309.515,94.282,29.213
2018-06-16 14:00:00,67.844,69.852,65.438,30.704,74.142,401.194,116.358,320.749,103.668,29.689
2018-06-16 15:00:00,71.195,75.719,64.822,30.348,80.732,419.459,123.674,331.668,110.572,34.032
2018-06-16 16:00:00,75.473,78.543,69.802,32.074,90.014,428.394,133.04,353.745,118.333,37.292
2018-06-16 17:00:00,75.883,75.636,72.673,33.541,92.23,432.758,138.323,347.754,122.893,38.101
2018-06-16 18:00:00,70.503,72.995,67.869,30.033,85.121,416.243,124.046,331.956,112.669,35.408
2018-06-16 19:00:00,62.238,65.731,60.59,27.884,77.634,400.751,117.079,308.818,106.846,33.044
2018-06-16 20:00:00,53.737,54.495,54.523,25.87,69.782,364.801,104.495,278.332,93.64,29.294
2018-06-16 21:00:00,41.59,45.677,41.656,20.241,51.63,295.161,80.371,224.387,73.894,20.972
2018-06-16 22:00:00,33.14,32.491,30.201,14.297,39.385,223.476,63.277,168.898,54.041,15.676
2018-06-16 23:00:00,29.339,24.3,24.297,11.253,31.697,184.725,51.781,138.125,40.681,12.613
2018-06-17 00:00:00,26.188,22.36,21.166,10.197,28.479,157.706,41.806,114.754,34.211,11.983
2018-06-17 01:00:00,23.871,20.887,19.207,10.09,26.893,147.426,39.451,104.029,32.648,10.307
2018-06-17 02:00:00,23.541,20.372,18.749,10.31,26.157,139.158,37.501,100.936,29.772,10.101
2018-06-17 03:00:00,23.931,20.244,19.484,10.93,25.82,133.18,39.127,99.273,29.854,10.622
2018-06-17 04:00:00,25.886,21.27,20.221,11.795,27.107,133.489,37.512,98.832,30.4,10.506
2018-06-17 05:00:00,26.981,26.059,22.456,12.918,29.398,150.35,41.114,113.453,32.755,12.957
2018-06-17 06:00:00,31.316,31.121,27.556,15.17,33.805,185.908,47.775,140.729,40.374,15.73
2018-06-17 07:00:00,36.29,33.964,36.537,16.815,38.43,226.663,61.463,173.64,50.614,21.387
2018-06-17 08:00:00,48.13,39.272,51.236,17.464,43.615,272.453,74.895,212.829,62.565,19.989
2018-06-17 09:00:00,54.882,47.38,50.998,20.605,57.264,312.703,87.179,251.685,78.021,19.457
2018-06-17 10:00:00,63.679,58.176,57.762,22.729,65.447,349.062,96.912,271.146,89.196,21.895
2018-06-17 11:00:00,72.411,61.81,70.144,25.077,67.702,376.528,103.105,271.582,96.756,26.942
2018-06-17 12:00:00,70.415,70.065,66.325,27.251,75.596,392.563,120.154,268.802,102.749,31.025
2018-06-17 13:00:00,72.604,75.589,69.264,30.503,82.186,418.249,130.148,263.431,109.197,34.211
2018-06-17 14:00:00,79.137,79.504,74.582,36.194,87.057,440.964,134.528,254.896,110.645,40.605
2018-06-17 15:00:00,79.233,77.141,76.629,37.064,93.947,453.144,141.485,253.667,114.392,41.565
2018-06-17 16:00:00,79.85,79.423,79.816,38.584,97.734,449.035,147.555,245.015,105.656,42.002
2018-06-17 17:00:00,75.945,73.703,79.731,37.542,95.574,414.636,130.574,233.539,99.93,41.279
2018-06-17 18:00:00,71.497,62.856,71.878,35.237,90.462,412.891,119.949,220.658,87.252,42.395
2018-06-17 19:00:00,60.493,56.336,63.099,32.442,83.041,384.345,110.706,219.249,82.206,33.984
2018-06-17 20:00:00,54.721,52.316,55.095,28.565,73.199,348.102,100.679,208.594,75.649,29.965
2018-06-17 21:00:00,44.517,41.191,46.729,21.59,58.792,286.467,86.946,172.405,62.606,23.864
2018-06-17 22:00:00,35.568,29.07,37.081,16.737,42.019,230.607,65.623,137.802,45.47,16.382
2018-06-17 23:00:00,29.797,23.931,28.961,13.411,33.977,182.581,52.608,120.216,37.205,13.582
2018-06-18 00:00:00,26.662,21.14,26.002,11.514,28.983,159.898,45.172,106.585,31.872,12.101
2018-06-18 01:00:00,26.881,21.717,24.188,10.058,26.752,151.432,41.97,101.977,30.293,11.052
2018-06-18 02:00:00,26.302,20.876,22.076,9.351,26.73,145.899,41.767,102.537,31.388,10.936
2018-06-18 03:00:00,27.45,22.272,22.472,10.003,28.065,148.403,43.802,107.728,32.764,11.421
2018-06-18 04:00:00,28.201,23.535,26.02,11.113,27.386,158.492,45.283,113.383,34.771,13.118
2018-06-18 05:00:00,34.444,29.573,31.995,14.929,36.788,202.632,57.383,139.881,43.624,15.312
2018-06-18 06:00:00,39.478,34.905,36.294,16.807,46.596,244.827,68.227,166.044,52.206,16.711
2018-06-18 07:00:00,51.023,37.514,41.163,19.185,54.51,286.807,79.778,185.139,59.623,18.57
2018-06-18 08:00:00,60.402,41.009,51.28,21.315,62.503,338.226,92.802,219.112,66.121,21.555
2018-06-18 09:00:00,66.339,50.991,60.169,25.382,74.985,397.841,113.328,273.101,81.085,25.005
2018-06-18 10:00:00,72.56,60.109,66.758,33.592,87.633,435.763,123.904,308.089,96.298,31.22
2018-06-18 11:00:00,83.427,68.824,73.981,34.548,91.766,474.32,139.527,345.184,107.712,35.098
2018-06-18 12:00:00,86.379,72.079,73.012,35.115,93.262,517.38,152.464,376.603,118.123,36.155
2018-06-18 13:00:00,87.232,73.289,74.905,30.14,101.326,524.852,155.521,387.201,123.989,38.079
2018-06-18 14:00:00,86.329,75.119,79.242,27.262,103.178,542.438,158.033,392.527,129.187,42.048
2018-06-18 15:00:00,83.769,65.147,86.238,29.037,95.889,556.659,155.008,397.768,133.193,43.529
2018-06-18 16:00:00,79.969,59.877,80.16,32.365,88.03,544.994,149.007,378.253,127.469,41.749
2018-06-18 17:00:00,75.756,56.23,65.719,30.219,85.627,499.958,136.96,367.975,114.526,38.104
2018-06-18 18:00:00,69.799,55.72,65.943,30.139,83.924,411.994,110.3,326.962,105.266,35.146
2018-06-18 19:00:00,65.167,53.072,64.333,27.498,78.637,373.969,107.118,285.974,92.539,35.076
2018-06-18 20:00:00,62.559,49.784,58.729,24.244,77.217,359.59,105.563,267.503,86.458,34.077
2018-06-18 21:00:00,53.475,42.312,48.085,20.638,63.622,311.22,89.428,232.918,72.387,28.688
2018-06-18 22:00:00,42.493,32.926,38.271,17.866,50.863,253.761,72.359,192.52,57.437,23.286
2018-06-18 23:00:00,36.718,32.111,32.319,13.851,44.293,209.743,63.276,163.053,45.241,18.847
2018-06-19 00:00:00,33.303,29.176,29.249,11.269,37.88,185.589,57.086,148.074,41.977,17.954
2018-06-19 01:00:00,30.917,27.668,26.906,10.925,35.127,189.452,55.141,139.472,39.76,15.785
2018-06-19 02:00:00,29.809,25.477,25.634,10.391,34.402,189.454,51.172,138.988,40.824,14.504
2018-06-19 03:00:00,27.578,24.964,25.273,9.847,33.676,193.694,50.282,142.062,42.013,14.924
2018-06-19 04:00:00,31.159,26.313,28.64,12.122,33.902,200.766,54.362,146.609,42.465,16.229
2018-06-19 05:00:00,35.945,31.364,35.373,14.687,42.731,236.606,66.326,174.9,55.695,20.149
2018-06-19 06:00:00,46.964,41.465,41.32,18.156,51.405,294.298,75.066,205.954,63.901,22.911
2018-06-19 07:00:00,58.489,43.436,47.084,17.416,59.694,328.509,92.982,243.841,74.291,25.207
2018-06-19 08:00:00,59.071,48.602,55.467,19.05,62.161,357.271,102.654,280.076,85.243,27.804
2018-06-19 09:00:00,64.887,57.81,57.575,22.464,66.384,379.254,114.077,305.899,90.32,27.808
2018-06-19 10:00:00,66.94,59.781,58.911,21.715,70.516,391.247,115.23,319.582,94.226,28.158
2018-06-19 11:00:00,68.138,58.892,61.918,21.947,71.645,393.027,119.483,331.621,96.861,28.387
2018-06-19 12:00:00,68.863,59.081,58.138,23.22,70.205,400.089,123.099,336.82,96.259,28.443
2018-06-19 13:00:00,68.006,63.083,60.643,23.997,74.086,413.943,124.595,343.447,104.608,30.047
2018-06-19 14:00:00,70.279,66.137,63.252,25.24,76.904,428.523,125.412,344.736,110.857,31.573
2018-06-19 15:00:00,70.347,69.687,68.211,28.746,80.376,440.266,131.031,361.064,117.47,34.67
2018-06-19 16:00:00,74.655,74.831,68.028,31.477,85.199,450.559,137.39,371.554,118.233,37.756
2018-06-19 17:00:00,71.818,72.58,67.169,31.064,86.076,444.259,133.454,353.525,119.361,38.259
2018-06-19 18:00:00,68.663,69.644,63.055,28.386,80.497,420.377,120.366,333.615,112.544,34.219
2018-06-19 19:00:00,61.316,58.93,57.648,26.311,73.803,384.668,111.585,302.035,97.696,30.314
2018-06-19 20:00:00,52.987,51.488,50.707,21.308,61.677,346.859,102.964,266.902,81.176,28.801
2018-06-19 21:00:00,43.024,37.387,39.527,16.701,50.621,280.611,83.019,213.777,64.432,20.376
2018-06-19 22:00:00,32.827,28.911,28.752,13.723,37.411,225.568,59.471,157.579,46.078,15.334
2018-06-19 23:00:00,27.082,23.594,24.224,11.521,30.228,175.363,48.37,124.613,36.782,12.343
2018-06-20 00:00:00,24.833,21.482,21.903,10.442,27.182,152.904,41.748,110.072,33.759,11.098
2018-06-20 01:00:00,24.061,20.687,19.071,10.977,25.991,146.562,40.038,104.133,30.625,10.548
2018-06-20 02:00:00,23.915,20.445,19.453,11.189,26.593,137.763,38.499,102.35,31.466,10.564
2018-06-20 03:00:00,24.094,22.046,20.311,11.892,27.232,139.429,39.725,104.652,32.021,12.026
2018-06-20 04:00:00,25.711,24.517,22.159,13.081,29.005,149.586,42.431,110.752,36.396,13.545
2018-06-20 05:00:00,29.484,30.966,30.846,16.229,35.472,188.025,51.726,138.728,44.713,16.241
2018-06-20 06:00:00,37.199,33.32,33.239,18.656,40.512,227.487,64.567,177.871,54.731,17.294
2018-06-20 07:00:00,43.968,33.567,35.705,19.277,45.931,257.059,76.407,196.834,62.387,18.416
2018-06-20 08:00:00,50.976,39.907,41.322,20.935,46.156,297.956,88.557,232.495,70.734,18.981
2018-06-20 09:00:00,56.267,49.712,47.412,20.66,53.576,338.226,101.949,273.636,81.219,23.142
2018-06-20 10:00:00,60.908,54.119,48.22,21.32,58.588,365.918,111.511,290.0,85.157,27.354
2018-06-20 11:00:00,63.702,59.067,51.927,22.822,63.839,391.679,115.265,307.333,94.366,26.129
2018-06-20 12:00:00,66.835,59.996,58.15,25.599,68.464,399.969,120.013,324.486,100.087,27.873
2018-06-20 13:00:00,69.122,64.526,58.428,24.75,76.036,398.897,119.254,327.595,111.09,28.215
2018-06-20 14:00:00,71.594,67.116,57.809,27.87,78.812,410.962,124.388,331.026,115.028,29.99
2018-06-20 15:00:00,73.822,70.866,65.39,29.596,81.737,428.884,135.698,343.725,120.04,34.057
2018-06-20 16:00:00,75.918,70.911,63.119,32.443,83.716,434.99,130.149,338.585,120.805,34.039
2018-06-20 17:00:00,73.698,68.683,57.885,32.433,85.18,419.513,124.143,320.337,113.863,31.95
2018-06-20 18:00:00,69.286,64.865,58.753,29.768,84.687,381.671,116.515,295.317,107.59,33.319
2018-06-20 19:00:00,61.638,59.32,55.472,25.004,76.657,353.752,105.352,269.094,96.151,34.796
2018-06-20 20:00:00,55.475,53.952,51.871,21.5,65.196,330.319,96.172,245.747,84.82,27.395
2018-06-20 21:00:00,43.698,40.703,41.184,17.469,52.933,274.113,72.403,197.256,65.108,21.744
2018-06-20 22:00:00,35.923,33.486,29.627,13.457,37.682,215.508,57.414,151.507,46.21,15.264
2018-06-20 23:00:00,27.786,29.385,23.661,12.172,31.687,176.105,47.373,131.802,38.584,12.483
2018-06-21 00:00:00,25.139,25.299,21.171,10.581,28.412,155.653,41.551,118.031,35.387,11.283
2018-06-21 01:00:00,25.758,22.569,20.112,9.842,26.124,146.413,39.767,108.005,34.05,10.773
2018-06-21 02:00:00,24.797,22.755,19.319,9.877,25.91,139.64,39.49,105.253,33.31,10.455
2018-06-21 03:00:00,24.482,23.607,19.438,10.033,26.052,140.096,41.696,107.496,33.428,11.42
2018-06-21 04:00:00,26.905,27.269,22.065,12.239,30.552,149.142,47.449,115.666,37.434,13.203
2018-06-21 05:00:00,30.837,35.282,27.78,13.34,34.926,182.366,56.518,141.89,47.876,15.054
2018-06-21 06:00:00,36.712,39.105,33.697,15.297,43.351,230.721,68.846,173.181,55.417,16.127
2018-06-21 07:00:00,44.958,41.82,38.877,21.331,48.666,270.911,77.403,209.314,58.903,18.149
2018-06-21 08:00:00,52.31,44.961,44.174,20.599,49.635,323.597,85.555,256.905,65.819,22.048
2018-06-21 09:00:00,57.548,49.123,49.579,22.336,49.404,365.089,93.901,289.089,68.801,21.591
2018-06-21 10:00:00,57.7,52.024,53.475,24.854,54.395,382.659,100.334,302.3,69.992,22.574
2018-06-21 11:00:00,57.842,56.782,56.408,23.578,62.885,393.881,101.747,296.077,71.118,26.929
2018-06-21 12:00:00,59.672,55.06,57.214,24.247,67.46,390.287,102.827,284.104,70.793,25.801
2018-06-21 13:00:00,62.468,61.255,61.583,26.105,69.055,392.645,110.554,285.099,79.04,24.795
2018-06-21 14:00:00,68.695,66.091,64.384,27.934,74.959,416.686,121.617,288.577,92.936,28.25
2018-06-21 15:00:00,69.714,68.074,65.56,28.353,81.536,447.071,129.773,303.576,104.039,34.51
2018-06-21 16:00:00,70.921,67.256,71.651,30.687,84.255,457.163,133.151,305.568,107.685,36.146
2018-06-21 17:00:00,72.953,66.769,71.694,27.113,82.483,452.346,129.958,294.343,107.964,35.582
2018-06-21 18:00:00,66.354,60.643,69.296,26.811,78.252,433.864,124.714,286.346,105.491,32.692
2018-06-21 19:00:00,57.875,57.314,63.231,22.915,73.18,392.971,112.973,261.561,95.719,29.759
2018-06-21 20:00:00,50.805,51.39,51.007,20.275,60.968,340.397,101.188,239.713,77.755,29.161
2018-06-21 21:00:00,40.11,38.098,39.721,15.561,46.075,279.089,80.805,189.498,59.614,21.027
2018-06-21 22:00:00,31.052,27.746,29.648,13.11,35.045,221.265,58.706,145.358,43.274,14.615
2018-06-21 23:00:00,25.944,24.602,23.701,11.967,29.472,172.201,46.288,119.85,35.108,12.594
2018-06-22 00:00:00,24.124,21.994,20.329,11.173,27.064,148.331,40.031,106.172,31.486,10.904
2018-06-22 01:00:00,23.446,20.571,19.283,11.236,26.419,139.147,38.232,100.57,29.756,10.678
2018-06-22 02:00:00,23.597,20.913,19.117,12.141,27.337,133.045,38.323,100.102,30.526,10.591
2018-06-22 03:00:00,25.587,21.805,20.067,13.241,27.357,136.616,39.425,105.119,32.451,11.12
2018-06-22 04:00:00,30.513,25.317,23.287,15.116,29.815,148.804,44.493,115.655,38.479,13.076
2018-06-22 05:00:00,30.908,33.492,28.846,16.719,37.409,184.55,55.643,142.6,44.577,17.583
2018-06-22 06:00:00,35.885,33.676,36.418,16.933,43.934,217.249,62.488,169.679,53.513,17.24
2018-06-22 07:00:00,44.553,35.462,38.185,19.278,50.642,245.813,72.362,185.986,54.436,17.347
2018-06-22 08:00:00,47.241,37.4,38.84,18.626,47.989,272.689,82.786,203.536,63.378,19.107
2018-06-22 09:00:00,48.955,40.91,42.995,18.264,50.555,304.133,89.496,225.172,69.304,20.687
2018-06-22 10:00:00,50.064,46.042,46.491,20.237,57.548,319.797,92.427,239.051,73.623,21.689
2018-06-22 11:00:00,54.447,48.247,48.364,21.786,60.665,337.032,103.315,242.025,81.776,23.056
2018-06-22 12:00:00,55.178,49.725,51.131,22.157,63.913,348.604,107.932,236.625,79.87,23.305
2018-06-22 13:00:00,57.843,53.91,54.941,21.913,68.25,374.077,110.6,244.6,86.183,24.942
2018-06-22 14:00:00,64.128,58.76,57.963,25.083,79.394,399.939,118.416,248.082,92.023,27.594
2018-06-22 15:00:00,66.164,61.743,61.92,27.726,84.209,425.014,124.942,249.769,99.671,33.838
2018-06-22 16:00:00,69.007,63.253,64.237,30.404,84.706,425.124,128.059,247.817,97.707,36.123
2018-06-22 17:00:00,66.847,62.031,62.07,31.374,83.56,403.414,118.897,237.854,89.782,34.508
2018-06-22 18:00:00,56.992,56.077,54.218,27.716,79.066,365.351,105.991,224.939,81.323,33.726
2018-06-22 19:00:00,49.763,49.339,52.187,27.123,69.203,331.889,94.29,216.818,73.742,29.429
2018-06-22 20:00:00,48.831,44.008,50.698,23.878,60.171,304.159,89.108,207.33,68.406,27.203
2018-06-22 21:00:00,41.031,38.253,40.085,16.802,52.642,246.433,73.945,175.566,57.59,20.643
2018-06-22 22:00:00,31.979,29.719,30.917,13.69,40.205,192.078,56.498,139.735,41.109,15.394
2018-06-22 23:00:00,26.678,24.324,25.559,10.589,32.157,165.346,48.219,114.834,34.784,12.383
2018-06-23 00:00:00,25.238,21.291,23.691,10.505,28.972,149.397,42.773,104.388,32.391,11.118
2018-06-23 01:00:00,23.783,19.488,21.463,10.504,27.037,144.213,40.723,101.382,30.986,10.734
2018-06-23 02:00:00,23.403,20.016,18.945,10.746,25.854,140.359,40.742,101.285,30.214,9.932
2018-06-23 03:00:00,23.737,22.426,18.888,11.042,25.348,139.655,39.204,102.384,29.854,10.551
2018-06-23 04:00:00,24.975,22.201,20.098,11.055,26.252,131.656,38.857,99.621,29.644,11.462
2018-06-23 05:00:00,26.473,24.429,22.967,11.54,30.549,143.423,44.366,110.319,32.455,12.266
2018-06-23 06:00:00,31.708,29.821,29.421,13.456,36.528,170.676,56.054,130.091,38.666,14.549
2018-06-23 07:00:00,35.808,36.117,35.548,17.367,43.017,197.198,61.922,157.041,48.638,16.798
2018-06-23 08:00:00,42.877,35.461,35.233,18.919,44.548,213.45,67.652,167.474,53.216,17.523
2018-06-23 09:00:00,46.388,38.947,38.842,16.749,42.469,229.495,72.525,178.74,56.07,22.1
2018-06-23 10:00:00,46.321,39.995,42.414,16.916,43.972,231.748,75.403,184.304,55.073,17.913
2018-06-23 11:00:00,45.349,40.405,38.276,16.947,49.946,226.047,71.546,188.024,57.541,18.907
2018-06-23 12:00:00,43.677,41.26,34.958,16.494,43.346,222.949,68.828,173.644,53.873,21.195
2018-06-23 13:00:00,40.829,36.03,34.634,16.969,42.995,214.331,72.335,172.327,52.493,19.459
2018-06-23 14:00:00,42.686,38.163,36.662,17.36,42.598,217.711,71.426,171.034,55.203,20.421
2018-06-23 15:00:00,39.696,42.189,37.315,18.66,43.05,229.408,73.088,180.362,55.165,18.615
2018-06-23 16:00:00,39.525,41.38,37.721,20.131,49.39,245.749,74.232,183.65,57.161,19.067
2018-06-23 17:00:00,38.389,42.096,38.798,19.259,47.54,248.986,73.466,185.654,63.019,21.478
2018-06-23 18:00:00,38.045,40.317,38.63,17.421,48.414,248.459,68.991,184.674,58.058,21.315
2018-06-23 19:00:00,37.762,40.296,38.52,18.243,49.587,248.819,74.097,189.941,57.165,19.977
2018-06-23 20:00:00,38.292,37.29,39.475,18.224,51.552,237.898,79.084,191.438,60.16,22.362
2018-06-23 21:00:00,34.442,31.684,34.749,15.347,43.847,200.752,69.208,169.21,52.884,18.048
2018-06-23 22:00:00,29.93,26.467,26.475,13.33,35.07,168.591,52.331,134.453,40.685,13.64
2018-06-23 23:00:00,26.252,22.305,23.051,11.591,30.606,143.374,44.673,116.678,33.8,11.514
2018-06-24 00:00:00,25.075,20.367,21.503,10.707,28.741,130.618,41.688,104.25,30.849,10.982
2018-06-24 01:00:00,23.97,20.714,20.077,10.617,26.929,127.444,39.508,100.419,30.236,10.684
2018-06-24 02:00:00,24.045,19.979,19.361,10.758,25.44,126.41,37.708,100.931,29.668,10.188
2018-06-24 03:00:00,24.985,20.148,20.19,10.419,26.226,128.19,38.968,101.791,30.671,10.661
2018-06-24 04:00:00,24.964,20.785,20.216,10.629,26.513,128.117,39.88,100.453,31.746,12.274
2018-06-24 05:00:00,27.541,22.039,22.348,11.921,28.378,142.92,44.88,111.95,34.655,13.159
2018-06-24 06:00:00,32.329,26.089,30.291,13.775,34.348,176.246,48.641,134.324,40.572,14.919
2018-06-24 07:00:00,38.573,29.914,33.442,16.678,36.882,196.136,57.843,157.456,45.859,16.512
2018-06-24 08:00:00,37.001,34.407,36.515,16.412,42.242,221.397,64.34,170.018,53.792,19.952
2018-06-24 09:00:00,43.425,36.741,42.479,19.19,39.518,227.876,69.504,187.58,62.928,17.717
2018-06-24 10:00:00,45.524,39.329,41.035,17.209,39.309,252.404,74.126,199.76,62.869,21.082
2018-06-24 11:00:00,43.027,38.146,48.41,16.988,44.928,271.188,75.443,219.131,65.287,20.867
2018-06-24 12:00:00,51.189,41.118,50.839,17.68,47.659,292.839,75.715,218.99,70.363,23.348
2018-06-24 13:00:00,52.079,46.681,53.787,15.45,49.229,311.173,87.482,226.485,72.164,21.157
2018-06-24 14:00:00,52.22,48.045,53.384,17.522,54.233,339.324,98.787,249.876,75.569,23.881
2018-06-24 15:00:00,50.772,46.19,54.756,19.137,57.131,358.746,105.696,254.6,80.763,24.155
2018-06-24 16:00:00,52.443,46.589,50.853,18.515,57.476,336.291,104.453,245.256,82.129,24.824
2018-06-24 17:00:00,52.162,43.021,47.313,18.402,53.236,304.152,94.702,229.808,82.356,26.89
2018-06-24 18:00:00,53.075,41.59,49.191,17.004,52.29,297.256,90.691,216.91,78.515,25.287
2018-06-24 19:00:00,48.944,39.272,48.88,20.122,53.518,297.915,92.319,215.414,72.652,24.059
2018-06-24 20:00:00,43.709,34.729,46.587,20.68,49.885,290.885,89.519,212.579,65.85,25.373
2018-06-24 21:00:00,40.228,32.182,38.931,17.187,41.927,243.153,76.368,174.654,56.251,20.53
2018-06-24 22:00:00,34.17,27.415,29.084,12.418,34.148,198.719,59.832,140.164,44.024,14.467
2018-06-24 23:00:00,28.028,23.781,23.253,11.039,30.136,167.441,51.046,117.344,36.515,11.928
2018-06-25 00:00:00,25.015,21.876,22.396,10.129,27.715,150.01,44.197,108.561,33.676,11.238
2018-06-25 01:00:00,24.793,21.929,22.127,9.605,25.802,141.302,41.493,104.717,32.063,10.049
2018-06-25 02:00:00,24.967,21.878,20.952,11.362,25.354,140.845,40.55,104.257,30.909,10.064
2018-06-25 03:00:00,24.843,21.347,22.527,11.261,27.014,144.995,42.403,108.471,33.013,11.573
2018-06-25 04:00:00,28.177,23.949,26.975,11.972,28.422,154.623,45.646,118.195,37.753,12.634
2018-06-25 05:00:00,31.443,29.283,35.364,13.201,35.218,200.054,57.996,146.228,47.088,17.125
2018-06-25 06:00:00,37.482,32.275,38.631,14.519,41.759,232.309,70.38,177.671,52.225,18.225
2018-06-25 07:00:00,42.283,34.208,41.171,16.155,43.696,272.375,78.26,193.804,59.606,18.641
2018-06-25 08:00:00,46.51,36.076,40.343,17.323,49.552,291.243,84.262,199.917,69.338,19.977
2018-06-25 09:00:00,50.752,41.481,42.779,17.987,53.303,301.141,86.513,204.359,61.831,20.289
2018-06-25 10:00:00,54.738,43.232,47.338,19.376,56.199,328.498,93.786,207.242,61.023,20.493
2018-06-25 11:00:00,56.492,46.061,49.015,23.189,62.17,345.994,96.989,218.618,65.52,21.529
2018-06-25 12:00:00,57.194,46.508,50.206,20.176,59.692,356.047,110.463,225.642,71.215,21.929
2018-06-25 13:00:00,55.792,47.557,51.115,20.48,60.429,363.51,106.305,230.635,72.585,22.531
2018-06-25 14:00:00,59.658,49.427,53.226,22.92,60.829,373.686,108.137,218.315,76.568,23.817
2018-06-25 15:00:00,62.048,53.878,55.658,22.247,68.477,392.122,111.032,227.129,81.523,30.367
2018-06-25 16:00:00,62.655,56.449,58.583,22.968,72.933,394.309,113.994,234.811,82.974,32.006
2018-06-25 17:00:00,56.915,55.099,54.982,21.652,68.541,386.463,101.897,242.163,80.776,30.769
2018-06-25 18:00:00,53.441,51.378,49.842,20.747,68.148,362.313,95.159,237.342,73.72,26.411
2018-06-25 19:00:00,49.71,46.008,47.45,22.063,60.956,335.73,88.729,226.806,72.109,27.248
2018-06-25 20:00:00,45.059,41.583,43.631,17.382,56.53,296.438,81.64,215.017,76.269,23.118
2018-06-25 21:00:00,36.925,34.117,35.478,15.51,42.595,234.534,64.521,180.415,57.739,17.964
2018-06-25 22:00:00,33.184,27.051,27.818,13.887,35.039,183.47,50.512,137.589,40.367,13.309
2018-06-25 23:00:00,26.467,23.507,23.334,11.489,29.975,154.008,46.049,115.559,33.897,11.647
2018-06-26 00:00:00,24.014,21.951,20.924,11.156,28.223,135.042,41.021,107.018,32.079,11.045
2018-06-26 01:00:00,25.298,21.453,19.968,11.679,28.688,130.126,37.898,101.285,30.015,10.442
2018-06-26 02:00:00,24.094,21.343,20.327,12.048,28.703,130.811,39.015,101.954,30.337,10.923
2018-06-26 03:00:00,24.906,23.502,21.319,12.952,28.13,136.671,42.322,106.731,33.642,12.292
2018-06-26 04:00:00,26.46,27.251,23.62,15.46,32.172,141.408,45.456,115.055,39.149,14.367
2018-06-26 05:00:00,34.232,30.354,29.398,17.466,38.088,177.583,53.671,147.033,45.022,19.912
2018-06-26 06:00:00,37.387,33.31,32.478,17.598,39.585,216.205,61.035,164.331,53.832,17.779
2018-06-26 07:00:00,44.152,37.725,33.835,22.65,45.122,241.882,68.06,182.815,60.834,16.355
2018-06-26 08:00:00,49.571,37.556,37.312,20.146,48.337,268.615,76.622,203.945,68.416,18.183
2018-06-26 09:00:00,51.069,41.91,41.52,20.704,53.22,309.929,89.379,234.36,74.66,21.667
2018-06-26 10:00:00,54.725,46.63,48.276,23.875,54.97,326.063,92.777,254.629,81.211,21.571
2018-06-26 11:00:00,58.958,49.887,46.118,22.041,58.211,331.486,96.188,268.283,82.87,22.907
2018-06-26 12:00:00,63.864,52.054,45.986,24.043,61.685,343.152,102.669,267.667,83.895,25.022
2018-06-26 13:00:00,62.145,53.31,47.35,25.103,60.057,362.044,109.93,273.006,92.377,25.803
2018-06-26 14:00:00,64.647,55.778,51.576,27.584,67.895,388.076,114.055,280.519,103.568,27.402
2018-06-26 15:00:00,71.189,60.852,58.07,28.095,78.163,416.104,122.162,303.21,108.63,32.852
2018-06-26 16:00:00,70.297,64.648,62.498,29.599,83.181,436.948,129.089,310.488,120.109,38.396
2018-06-26 17:00:00,69.668,64.285,63.367,29.941,80.844,430.963,130.031,305.119,114.009,35.017
2018-06-26 18:00:00,64.895,60.712,60.408,30.742,76.064,412.162,117.012,289.235,107.581,31.201
2018-06-26 19:00:00,58.116,56.794,59.024,25.107,66.937,377.669,105.529,265.847,100.273,29.064
2018-06-26 20:00:00,52.114,48.415,49.973,21.712,60.351,333.081,98.97,238.758,89.841,26.155
2018-06-26 21:00:00,43.491,39.888,41.975,17.443,46.836,279.713,77.667,195.961,67.449,21.648
2018-06-26 22:00:00,36.121,29.037,35.727,13.424,35.479,210.971,60.147,150.633,47.845,15.33
2018-06-26 23:00:00,27.984,24.871,24.063,10.971,29.469,166.561,47.569,122.402,38.706,11.54
2018-06-27 00:00:00,26.546,22.028,22.303,9.31,26.708,145.742,41.51,108.992,33.301,10.831
2018-06-27 01:00:00,24.605,20.981,19.667,9.781,25.94,139.088,38.931,102.549,32.268,10.153
2018-06-27 02:00:00,24.57,20.804,19.214,10.259,25.99,138.873,37.834,102.94,32.042,10.456
2018-06-27 03:00:00,25.012,21.619,20.436,10.934,26.586,143.217,38.983,106.729,32.665,10.769
2018-06-27 04:00:00,26.545,23.104,22.894,13.819,28.22,153.362,42.159,116.733,34.449,12.06
2018-06-27 05:00:00,29.579,28.551,29.733,18.375,35.113,191.388,53.73,143.555,46.134,14.365
2018-06-27 06:00:00,34.957,30.903,33.596,17.477,41.056,214.98,61.107,165.491,56.374,16.749
2018-06-27 07:00:00,43.768,32.376,35.525,16.55,46.931,243.737,68.457,192.975,58.681,18.433
2018-06-27 08:00:00,48.349,36.196,36.307,17.616,47.147,271.29,78.724,216.49,63.662,18.122
2018-06-27 09:00:00,51.8,42.749,41.765,21.65,46.101,301.768,86.253,248.442,73.985,17.94
2018-06-27 10:00:00,58.672,48.742,44.7,22.101,51.149,331.773,95.851,272.726,81.758,20.232
2018-06-27 11:00:00,61.939,56.41,50.397,23.87,56.636,345.452,104.384,282.215,90.609,22.792
2018-06-27 12:00:00,64.956,57.353,49.158,26.214,62.677,363.076,107.142,292.459,92.46,22.503
2018-06-27 13:00:00,66.111,61.328,47.577,25.827,64.391,374.857,109.96,306.299,95.292,26.007
2018-06-27 14:00:00,66.118,60.006,46.51,26.696,67.458,370.522,110.69,302.731,101.729,23.792
2018-06-27 15:00:00,64.444,62.551,49.205,29.481,65.296,376.285,108.143,309.956,105.53,26.489
2018-06-27 16:00:00,59.169,59.322,50.502,29.363,62.717,363.331,105.273,301.387,102.44,27.028
2018-06-27 17:00:00,57.629,59.607,45.286,28.527,57.789,354.429,101.252,278.287,97.497,24.021
2018-06-27 18:00:00,53.876,54.022,44.265,25.825,58.491,337.978,94.806,259.733,90.252,21.975
2018-06-27 19:00:00,48.939,50.016,44.216,22.538,56.61,318.214,90.446,247.629,83.999,21.622
2018-06-27 20:00:00,47.105,50.484,48.15,24.603,55.715,292.182,89.522,231.363,80.258,20.787
2018-06-27 21:00:00,41.542,37.69,37.117,20.486,45.714,247.019,72.438,189.473,63.758,17.323
2018-06-27 22:00:00,31.165,31.378,28.02,14.408,35.267,200.303,58.702,148.984,47.045,14.275
2018-06-27 23:00:00,26.456,26.218,23.767,11.615,29.301,163.356,46.232,122.729,39.11,11.481
2018-06-28 00:00:00,24.977,22.409,20.766,10.86,27.096,145.688,42.419,111.57,33.416,10.976
2018-06-28 01:00:00,24.056,21.764,19.689,9.316,26.36,140.857,41.173,103.888,31.682,10.152
2018-06-28 02:00:00,25.167,21.473,19.928,9.229,26.53,140.188,39.269,103.558,32.682,10.121
2018-06-28 03:00:00,24.767,23.567,20.231,10.641,26.25,141.541,41.994,106.781,33.187,11.214
2018-06-28 04:00:00,30.356,25.674,26.032,11.136,28.301,153.791,48.686,114.465,35.24,14.033
2018-06-28 05:00:00,32.941,29.668,30.327,14.106,35.198,198.226,55.739,137.398,46.412,16.06
2018-06-28 06:00:00,38.95,32.661,33.637,17.787,41.438,234.206,64.363,161.897,50.742,17.28
2018-06-28 07:00:00,44.359,35.668,35.344,20.716,42.909,246.2,73.808,179.928,53.862,20.25
2018-06-28 08:00:00,50.022,39.364,36.963,19.272,49.538,271.161,82.106,196.47,59.337,21.114
2018-06-28 09:00:00,52.39,38.372,40.605,17.773,53.515,278.346,82.165,208.738,61.12,20.156
2018-06-28 10:00:00,55.174,37.923,41.868,19.396,54.205,293.22,84.51,216.494,62.211,18.603
2018-06-28 11:00:00,57.754,41.594,43.14,20.499,51.845,292.64,88.608,219.778,67.151,21.336
2018-06-28 12:00:00,56.225,43.705,43.459,20.544,57.636,293.946,84.874,218.149,64.276,22.582
2018-06-28 13:00:00,52.997,43.449,46.608,20.04,57.985,311.136,83.135,216.386,63.044,21.553
2018-06-28 14:00:00,54.83,47.554,48.985,20.0,59.767,328.42,90.584,225.047,64.742,23.914
2018-06-28 15:00:00,58.565,54.57,47.471,22.576,61.999,337.963,96.435,249.825,68.66,25.724
2018-06-28 16:00:00,58.5,53.812,49.717,21.2,62.618,341.421,94.173,261.619,75.562,27.046
2018-06-28 17:00:00,56.643,50.104,48.019,22.132,63.86,334.596,94.078,250.284,73.252,27.763
2018-06-28 18:00:00,56.176,50.634,49.032,22.288,66.426,323.349,93.743,246.09,74.29,26.723
2018-06-28 19:00:00,54.884,48.296,49.789,20.793,64.539,313.337,91.608,241.967,74.804,25.627
2018-06-28 20:00:00,50.551,48.017,47.933,19.743,59.044,310.786,87.826,229.691,75.581,23.918
2018-06-28 21:00:00,41.663,40.783,38.858,16.21,49.151,259.146,76.461,202.026,63.23,22.141
2018-06-28 22:00:00,34.477,30.935,30.205,12.79,39.361,215.829,59.177,159.193,47.598,17.702
2018-06-28 23:00:00,28.414,29.175,25.399,10.606,33.248,185.621,48.865,137.251,38.06,13.765
2018-06-29 00:00:00,26.296,26.844,22.065,9.726,31.242,165.381,43.615,123.106,34.068,12.757
2018-06-29 01:00:00,25.331,22.88,21.066,9.576,27.364,158.502,41.068,116.702,32.641,11.999
2018-06-29 02:00:00,24.586,22.416,20.828,9.584,27.185,153.843,40.169,113.835,32.46,11.303
2018-06-29 03:00:00,25.859,22.773,23.335,10.086,28.212,157.8,40.422,118.085,35.088,12.338
2018-06-29 04:00:00,29.861,24.11,27.757,11.815,30.822,169.171,44.076,130.662,38.54,14.345
2018-06-29 05:00:00,33.986,28.025,31.924,14.522,41.894,212.858,57.619,158.652,47.283,17.569
2018-06-29 06:00:00,42.306,35.778,41.961,18.585,45.089,271.272,71.817,203.63,61.553,20.812
2018-06-29 07:00:00,55.097,43.318,53.926,20.993,53.638,328.314,89.201,251.223,80.024,23.178
2018-06-29 08:00:00,64.017,48.663,63.711,23.89,66.128,383.128,103.903,291.984,89.044,23.992
2018-06-29 09:00:00,71.604,57.416,62.91,26.466,76.849,420.173,125.268,328.504,97.09,28.041
2018-06-29 10:00:00,78.353,67.006,64.603,30.975,84.739,443.047,133.771,357.409,109.057,32.246
2018-06-29 11:00:00,84.568,74.499,68.553,32.183,86.356,473.562,137.797,378.002,119.526,33.23
2018-06-29 12:00:00,85.409,78.244,73.232,32.583,93.172,468.98,144.643,393.585,121.951,35.623
2018-06-29 13:00:00,88.625,83.209,72.54,32.288,99.353,466.85,146.377,394.428,129.042,40.583
2018-06-29 14:00:00,91.574,86.813,74.69,32.857,104.397,512.618,155.008,389.564,137.356,42.124
2018-06-29 15:00:00,85.566,82.591,81.445,31.352,108.527,532.761,162.682,405.015,146.746,45.589
2018-06-29 16:00:00,80.518,82.625,82.44,30.057,108.595,542.52,167.039,400.887,146.827,44.823
2018-06-29 17:00:00,81.994,78.289,81.67,33.59,104.847,537.547,165.518,385.845,142.714,41.813
2018-06-29 18:00:00,81.161,74.738,76.701,30.793,100.938,501.015,154.021,359.297,133.172,40.275
2018-06-29 19:00:00,74.572,68.467,70.917,28.441,91.821,486.01,140.697,326.979,123.959,39.584
2018-06-29 20:00:00,66.432,62.86,67.333,25.626,78.663,431.843,125.636,287.597,108.478,35.858
2018-06-29 21:00:00,51.762,53.083,54.58,19.737,65.88,363.899,104.669,241.113,86.429,29.74
2018-06-29 22:00:00,40.912,37.509,40.136,14.591,46.727,297.789,80.085,184.584,65.609,21.118
2018-06-29 23:00:00,34.201,30.152,32.811,12.276,38.212,252.242,66.586,153.168,51.481,17.034
2018-06-30 00:00:00,29.137,25.763,27.565,11.251,33.507,220.865,57.035,134.376,43.945,13.775
2018-06-30 01:00:00,27.092,22.11,24.083,9.798,29.567,201.986,51.914,124.82,39.589,12.737
2018-06-30 02:00:00,26.599,20.755,22.981,9.405,27.806,189.683,49.129,119.366,37.852,11.665
2018-06-30 03:00:00,26.794,21.195,20.668,9.643,27.585,184.397,45.779,114.677,36.678,11.245
2018-06-30 04:00:00,27.827,20.809,21.532,9.681,26.968,177.641,42.722,109.22,35.682,10.822
2018-06-30 05:00:00,31.235,25.239,27.142,10.538,31.621,196.584,46.383,126.125,39.749,11.913
2018-06-30 06:00:00,36.29,28.935,33.833,12.511,37.246,247.152,60.429,168.389,52.851,14.872
2018-06-30 07:00:00,48.594,37.036,44.494,17.456,47.909,304.703,80.107,224.63,71.25,18.665
2018-06-30 08:00:00,60.599,48.704,57.739,20.942,63.499,362.024,101.366,280.655,92.529,26.552
2018-06-30 09:00:00,77.04,59.074,62.347,24.412,75.349,421.549,124.558,329.329,109.214,29.22
2018-06-30 10:00:00,84.058,70.271,69.701,29.075,81.693,464.797,140.959,365.122,125.85,30.78
2018-06-30 11:00:00,87.527,77.221,73.1,31.934,93.906,480.339,152.664,390.835,134.064,37.964
2018-06-30 12:00:00,91.126,79.981,76.551,33.23,106.246,496.75,159.13,390.585,138.179,43.585
2018-06-30 13:00:00,95.096,82.139,81.603,36.133,105.93,507.792,161.583,398.691,144.367,42.849
2018-06-30 14:00:00,93.275,92.709,84.471,42.364,106.231,518.648,159.851,409.079,144.436,43.029
2018-06-30 15:00:00,95.029,94.366,88.235,38.87,110.004,542.988,159.851,402.468,147.419,45.49
2018-06-30 16:00:00,99.054,93.583,84.267,40.268,112.63,546.538,164.087,401.733,150.17,46.649
2018-06-30 17:00:00,91.42,90.792,86.105,41.608,107.689,537.545,159.062,387.175,148.537,45.79
2018-06-30 18:00:00,87.721,84.078,80.604,38.997,103.751,510.389,153.98,363.756,139.088,43.673
2018-06-30 19:00:00,80.895,79.194,76.327,36.362,99.437,494.152,146.664,340.86,130.87,43.83
2018-06-30 20:00:00,75.446,69.234,67.503,35.03,89.628,446.143,135.091,310.468,118.456,39.101
2018-06-30 21:00:00,64.928,62.854,60.001,27.028,77.064,386.278,111.921,259.455,104.007,32.629
2018-06-30 22:00:00,56.401,55.488,45.828,19.864,60.533,316.234,89.245,211.946,77.366,24.808
2018-06-30 23:00:00,49.106,46.873,38.169,15.893,49.66,267.455,76.812,184.92,63.403,19.11
2018-07-01 00:00:00,43.691,42.323,33.735,12.409,42.008,234.382,65.54,162.485,53.564,16.337
2018-07-01 01:00:00,40.069,39.534,29.859,12.779,37.745,215.978,58.438,149.742,50.096,15.192
2018-07-01 02:00:00,37.968,37.14,28.193,14.3,35.525,203.021,53.262,144.129,45.837,13.436
2018-07-01 03:00:00,37.019,33.761,28.148,14.068,33.715,193.965,51.327,140.399,44.874,13.809
2018-07-01 04:00:00,37.877,32.602,26.645,11.756,33.503,190.777,49.758,141.893,44.548,13.166
2018-07-01 05:00:00,39.404,34.136,30.124,13.559,36.661,211.705,57.584,162.016,48.963,14.593
2018-07-01 06:00:00,45.96,43.832,42.284,16.873,46.663,260.163,72.688,195.118,62.267,18.562
2018-07-01 07:00:00,56.22,55.628,59.064,22.618,62.742,320.747,91.175,241.213,85.598,24.93
2018-07-01 08:00:00,66.448,70.92,66.878,28.23,76.852,375.834,105.311,286.975,100.823,30.256
2018-07-01 09:00:00,79.496,78.828,71.329,33.477,88.229,415.847,133.173,337.057,114.543,35.27
2018-07-01 10:00:00,88.507,88.654,80.989,36.799,100.87,461.347,150.383,380.742,127.26,40.797
2018-07-01 11:00:00,91.082,93.721,82.469,39.751,103.478,498.002,152.913,399.979,137.891,44.248
2018-07-01 12:00:00,95.706,94.136,86.928,39.44,106.601,517.528,156.897,392.87,140.928,47.29
2018-07-01 13:00:00,95.738,97.641,87.866,37.677,110.362,531.947,160.653,385.275,144.739,46.422
2018-07-01 14:00:00,98.787,98.379,88.358,39.635,116.269,547.192,166.249,389.176,146.076,48.845
2018-07-01 15:00:00,102.266,98.769,90.598,41.872,118.218,555.408,173.173,397.188,150.328,52.234
2018-07-01 16:00:00,96.727,97.152,92.116,42.22,124.455,549.462,168.446,386.509,147.298,51.085
2018-07-01 17:00:00,91.496,90.417,88.123,40.757,117.247,511.081,157.434,354.26,139.991,47.236
2018-07-01 18:00:00,87.91,83.154,83.464,39.819,112.209,471.684,145.838,327.818,128.921,44.616
2018-07-01 19:00:00,80.266,78.556,80.423,37.03,106.311,453.346,135.886,301.333,117.003,42.866
2018-07-01 20:00:00,72.643,72.563,76.919,33.13,98.386,417.578,122.922,278.81,104.413,40.932
2018-07-01 21:00:00,62.7,63.653,63.853,28.125,88.447,361.319,106.185,241.708,89.316,35.44
2018-07-01 22:00:00,55.015,54.142,52.065,24.131,74.579,296.275,88.636,191.354,68.588,28.219
2018-07-01 23:00:00,46.581,44.79,43.3,18.7,62.322,252.603,74.703,160.209,55.137,25.356
2018-07-02 00:00:00,40.456,39.371,36.789,15.693,52.899,219.631,64.959,139.622,47.847,22.497
2018-07-02 01:00:00,37.874,36.188,32.529,13.525,46.341,202.781,60.123,128.754,44.631,19.161
2018-07-02 02:00:00,35.465,33.77,29.966,12.489,42.531,191.889,56.315,123.521,42.141,17.492
2018-07-02 03:00:00,35.184,33.025,29.471,12.779,40.891,191.717,54.991,125.506,42.142,18.284
2018-07-02 04:00:00,35.996,35.432,31.27,12.843,40.761,203.3,58.076,130.856,44.142,18.389
2018-07-02 05:00:00,43.138,40.674,38.983,16.62,47.437,238.269,67.782,167.171,55.648,21.309
2018-07-02 06:00:00,53.433,47.694,47.333,21.697,57.283,291.961,84.991,207.983,67.478,23.775
2018-07-02 07:00:00,65.991,50.924,55.29,27.923,72.578,340.377,100.492,253.915,82.162,26.555
2018-07-02 08:00:00,73.931,55.212,68.421,29.863,82.514,397.194,118.309,288.439,98.268,27.116
2018-07-02 09:00:00,79.865,63.99,75.954,34.825,83.886,453.342,137.722,317.466,107.622,29.602
2018-07-02 10:00:00,84.94,75.44,79.022,37.939,92.915,481.096,147.351,336.065,122.457,32.843
2018-07-02 11:00:00,88.91,82.021,82.974,44.227,103.696,505.259,154.079,333.696,125.009,39.013
2018-07-02 12:00:00,89.944,81.091,84.903,43.589,110.414,532.063,163.945,329.564,132.836,42.822
2018-07-02 13:00:00,92.65,84.438,86.882,44.424,114.433,551.67,169.474,332.135,136.812,45.073
2018-07-02 14:00:00,98.29,87.249,89.34,44.825,118.958,563.829,171.9,333.889,137.822,51.25
2018-07-02 15:00:00,98.52,91.812,90.74,47.056,123.962,578.475,177.187,347.95,139.302,50.87
2018-07-02 16:00:00,99.37,92.07,92.729,46.286,124.786,569.059,171.905,354.231,134.654,51.065
2018-07-02 17:00:00,98.537,85.467,85.84,43.658,119.507,534.395,164.904,344.137,127.829,47.656
2018-07-02 18:00:00,91.12,83.723,84.456,40.393,111.124,501.088,144.813,316.505,117.646,48.939
2018-07-02 19:00:00,87.234,76.209,80.728,36.398,108.289,472.137,138.25,294.12,111.668,41.941
2018-07-02 20:00:00,75.826,67.296,75.407,34.367,102.292,430.159,127.311,266.202,100.778,39.786
2018-07-02 21:00:00,65.493,58.611,64.339,29.375,88.987,375.843,107.292,218.034,79.992,33.328
2018-07-02 22:00:00,51.01,46.088,55.097,24.054,74.053,306.988,84.55,173.402,58.578,26.671
2018-07-02 23:00:00,43.279,37.631,45.108,19.186,64.159,267.497,69.774,142.818,46.237,23.137
2018-07-03 00:00:00,37.603,30.985,38.56,16.355,58.031,240.241,61.751,127.655,40.232,20.586
2018-07-03 01:00:00,34.453,25.513,33.618,14.901,52.742,229.607,60.376,119.745,37.88,18.346
2018-07-03 02:00:00,32.598,24.513,31.766,13.583,48.36,216.135,56.407,115.468,36.484,17.41
2018-07-03 03:00:00,32.77,26.154,30.676,13.581,45.303,215.807,56.52,117.985,37.94,17.118
2018-07-03 04:00:00,34.898,30.318,32.499,12.759,44.913,230.178,61.357,127.17,43.175,18.728
2018-07-03 05:00:00,40.03,34.204,41.443,16.753,52.336,270.12,69.286,157.958,48.536,22.758
2018-07-03 06:00:00,50.157,41.211,45.264,21.766,65.831,325.608,87.004,203.638,60.661,25.63
2018-07-03 07:00:00,68.386,47.019,52.705,28.171,80.179,389.218,111.212,262.539,80.91,30.279
2018-07-03 08:00:00,79.552,53.547,64.758,32.496,95.5,459.716,130.42,327.563,104.524,36.266
2018-07-03 09:00:00,89.635,65.719,76.67,33.622,102.102,513.139,154.032,377.77,126.514,39.066
2018-07-03 10:00:00,98.85,81.672,82.735,38.416,109.739,552.467,170.13,422.727,140.21,41.349
2018-07-03 11:00:00,100.084,92.613,87.76,39.762,115.87,566.65,178.608,449.035,152.468,45.871
2018-07-03 12:00:00,103.803,92.791,90.049,41.486,116.537,579.042,183.603,462.535,159.231,46.052
2018-07-03 13:00:00,104.174,96.639,88.203,42.83,116.104,584.45,175.391,472.022,160.824,45.775
2018-07-03 14:00:00,102.627,98.551,87.819,44.633,116.646,576.525,172.822,464.603,157.095,45.442
2018-07-03 15:00:00,100.731,103.667,88.633,47.757,120.182,573.044,175.464,454.567,147.707,47.905
2018-07-03 16:00:00,101.38,102.727,89.958,46.997,122.065,588.458,181.373,446.705,152.718,48.098
2018-07-03 17:00:00,97.376,96.967,87.253,44.021,115.22,576.647,175.323,438.057,152.72,47.017
2018-07-03 18:00:00,93.773,90.313,86.325,42.367,109.59,560.283,166.611,409.674,145.315,44.754
2018-07-03 19:00:00,83.395,82.19,82.366,40.114,101.73,525.489,156.847,388.349,132.242,46.109
2018-07-03 20:00:00,77.107,76.65,74.346,33.761,89.332,492.332,142.445,356.672,120.057,40.39
2018-07-03 21:00:00,70.502,63.739,62.338,26.951,72.967,420.406,116.295,301.866,104.102,32.104
2018-07-03 22:00:00,53.72,49.005,50.028,20.326,60.618,348.835,91.752,243.5,79.309,24.65
2018-07-03 23:00:00,42.641,39.439,40.911,15.749,49.054,299.23,75.979,199.245,66.111,21.34
2018-07-04 00:00:00,37.351,31.958,35.325,12.927,41.284,264.895,63.726,173.572,55.068,18.746
2018-07-04 01:00:00,32.782,25.151,31.403,11.146,36.201,242.547,57.278,156.428,51.082,15.83
2018-07-04 02:00:00,31.083,23.089,27.997,10.013,33.245,225.232,52.191,148.691,47.465,14.28
2018-07-04 03:00:00,30.404,22.455,28.143,9.752,30.939,217.388,49.762,146.173,45.98,14.248
2018-07-04 04:00:00,31.297,25.87,29.999,11.92,32.892,229.262,55.109,156.485,50.312,15.299
2018-07-04 05:00:00,37.756,30.958,34.893,16.141,42.14,269.219,69.024,191.763,66.251,21.133
2018-07-04 06:00:00,47.38,40.689,43.265,15.607,53.518,319.421,85.69,237.437,79.287,22.938
2018-07-04 07:00:00,60.835,48.812,52.341,22.235,65.493,375.786,105.027,297.367,95.709,25.918
2018-07-04 08:00:00,77.36,60.209,62.725,28.999,75.666,442.119,123.563,352.921,117.672,30.057
2018-07-04 09:00:00,86.146,75.459,75.129,32.504,87.997,493.377,150.18,396.087,130.842,34.471
2018-07-04 10:00:00,96.474,84.018,81.396,36.099,96.212,518.417,159.525,424.76,138.902,40.49
2018-07-04 11:00:00,98.152,88.53,84.981,40.416,104.776,532.988,166.522,436.169,141.975,45.799
2018-07-04 12:00:00,100.379,89.943,85.744,40.788,106.24,532.345,168.17,441.056,145.629,46.408
2018-07-04 13:00:00,98.474,92.708,84.306,44.461,110.93,545.987,168.164,437.752,156.27,45.336
2018-07-04 14:00:00,98.063,95.424,89.707,44.972,118.34,559.025,171.711,439.125,158.994,46.335
2018-07-04 15:00:00,99.844,100.303,94.417,44.918,117.27,572.367,172.725,452.425,163.244,49.209
2018-07-04 16:00:00,102.483,99.81,92.843,46.102,118.586,574.154,175.939,446.435,162.738,50.897
2018-07-04 17:00:00,97.727,99.543,88.131,45.764,113.585,548.191,169.308,433.027,154.101,48.458
2018-07-04 18:00:00,93.028,91.109,85.317,43.805,107.736,525.636,159.194,402.215,145.03,46.745
2018-07-04 19:00:00,86.177,83.382,81.175,38.067,103.279,498.03,147.359,362.568,133.295,43.365
2018-07-04 20:00:00,80.018,73.183,72.628,33.759,91.553,457.833,136.194,325.339,116.525,37.745
2018-07-04 21:00:00,65.506,61.187,63.069,28.381,75.085,383.562,112.059,279.339,99.825,32.589
2018-07-04 22:00:00,55.268,49.835,50.566,22.857,58.885,316.794,91.065,222.632,76.527,25.927
2018-07-04 23:00:00,46.189,41.862,46.24,17.664,48.527,266.904,74.614,181.981,60.966,21.074
2018-07-05 00:00:00,40.265,34.975,35.787,13.821,40.81,231.912,64.085,158.271,51.322,17.719
2018-07-05 01:00:00,36.573,30.801,29.841,11.629,37.019,214.505,56.675,143.731,45.72,15.729
2018-07-05 02:00:00,33.85,28.43,27.029,10.446,33.965,200.16,53.333,137.767,42.663,14.377
2018-07-05 03:00:00,33.13,26.568,28.031,9.951,32.804,197.651,52.1,134.837,43.139,14.096
2018-07-05 04:00:00,35.957,27.004,31.342,11.245,36.247,209.721,54.949,145.816,45.281,15.069
2018-07-05 05:00:00,42.045,33.913,36.655,15.101,43.411,254.041,66.589,180.365,60.398,16.997
2018-07-05 06:00:00,51.804,43.827,48.131,18.97,53.602,302.85,85.816,226.948,73.233,21.501
2018-07-05 07:00:00,66.988,55.286,52.079,24.124,67.528,361.091,103.496,280.029,90.438,27.136
2018-07-05 08:00:00,78.455,71.522,60.474,29.404,83.975,430.492,124.408,347.526,110.75,29.75
2018-07-05 09:00:00,91.178,85.694,69.378,36.583,94.892,493.948,149.172,404.505,133.412,37.353
2018-07-05 10:00:00,99.949,90.812,78.221,40.982,105.763,529.988,159.948,438.757,143.983,40.264
2018-07-05 11:00:00,104.183,97.87,80.851,43.556,107.86,549.818,169.706,461.372,149.428,44.458
2018-07-05 12:00:00,104.558,95.463,84.046,43.147,103.59,562.148,178.189,465.093,155.72,44.832
2018-07-05 13:00:00,103.848,97.977,83.798,44.083,109.323,569.421,185.694,469.712,157.483,47.043
2018-07-05 14:00:00,102.318,101.31,76.764,45.216,116.282,586.057,187.246,475.188,161.328,49.464
2018-07-05 15:00:00,98.533,102.398,78.119,47.715,119.881,586.04,178.888,484.181,164.292,51.3
2018-07-05 16:00:00,97.809,103.454,85.582,47.254,121.403,572.311,171.29,480.856,158.002,49.451
2018-07-05 17:00:00,94.571,100.228,84.32,45.529,112.554,564.303,167.962,452.393,150.283,47.479
2018-07-05 18:00:00,90.698,93.538,79.432,45.236,112.238,538.759,165.068,428.833,141.443,44.913
2018-07-05 19:00:00,86.753,88.516,78.229,41.187,103.763,511.815,154.294,406.02,138.924,41.902
2018-07-05 20:00:00,82.74,81.819,70.032,37.307,97.709,472.18,140.896,374.715,122.533,38.89
2018-07-05 21:00:00,69.179,72.66,61.47,34.245,90.497,406.025,119.71,320.949,106.376,32.537
2018-07-05 22:00:00,60.836,63.776,52.047,28.584,68.588,343.443,101.01,272.288,86.212,27.084
2018-07-05 23:00:00,53.571,56.443,47.553,26.333,59.936,301.01,89.041,238.546,73.169,24.003
2018-07-06 00:00:00,48.857,50.897,40.763,23.384,55.041,272.801,81.591,211.692,65.984,19.939
2018-07-06 01:00:00,46.384,47.301,36.357,21.394,51.572,259.875,76.117,194.843,61.803,18.455
2018-07-06 02:00:00,44.661,44.312,34.978,20.113,50.493,248.993,73.663,186.759,58.525,17.65
2018-07-06 03:00:00,45.035,41.15,35.761,20.417,49.13,250.813,72.297,185.948,57.466,17.531
2018-07-06 04:00:00,47.07,49.068,39.483,20.209,49.45,272.072,78.673,201.317,58.575,18.626
2018-07-06 05:00:00,51.927,58.156,45.361,23.061,56.914,309.511,91.334,234.383,67.239,20.53
2018-07-06 06:00:00,57.603,57.267,53.703,23.026,61.671,345.053,99.906,274.371,76.592,23.442
2018-07-06 07:00:00,62.953,57.018,51.409,24.553,66.678,364.957,109.102,300.064,85.017,23.773
2018-07-06 08:00:00,68.69,56.356,56.421,26.461,72.771,383.998,121.453,311.493,93.76,26.314
2018-07-06 09:00:00,71.691,60.94,60.273,26.772,80.758,399.931,125.766,327.31,103.829,28.597
2018-07-06 10:00:00,75.854,68.658,61.79,29.408,83.983,398.3,133.901,337.978,108.559,33.645
2018-07-06 11:00:00,80.476,77.872,66.826,31.129,91.516,417.556,144.633,343.935,109.488,38.083
2018-07-06 12:00:00,83.147,83.045,70.015,30.655,96.487,450.839,149.688,355.033,119.013,35.028
2018-07-06 13:00:00,83.505,77.89,73.161,31.264,94.174,483.54,149.788,380.04,129.698,36.647
2018-07-06 14:00:00,83.05,80.134,75.466,31.345,95.3,496.539,150.07,392.926,137.346,37.847
2018-07-06 15:00:00,80.94,79.747,81.911,29.025,91.271,504.048,149.563,395.042,132.928,37.263
2018-07-06 16:00:00,78.875,74.559,77.63,26.832,87.21,504.221,147.162,386.02,129.199,35.836
2018-07-06 17:00:00,69.566,66.565,70.238,22.113,81.564,471.398,138.611,369.841,120.15,36.122
2018-07-06 18:00:00,57.765,58.194,63.787,19.626,69.866,418.869,116.922,328.758,104.561,34.905
2018-07-06 19:00:00,49.656,51.979,59.286,18.084,63.711,366.013,101.048,287.721,93.345,29.283
2018-07-06 20:00:00,47.593,44.85,52.888,17.885,57.768,313.456,88.832,253.052,76.027,23.692
2018-07-06 21:00:00,38.313,35.352,41.174,19.102,46.531,243.451,73.944,203.657,59.433,20.028
2018-07-06 22:00:00,31.301,28.262,31.997,13.128,36.277,194.164,58.289,150.291,43.295,15.963
2018-07-06 23:00:00,26.459,24.144,25.558,10.314,32.001,165.887,47.847,132.043,35.632,12.046
2018-07-07 00:00:00,24.971,21.388,21.938,10.944,29.624,149.121,43.541,117.073,34.039,11.496
2018-07-07 01:00:00,24.205,19.891,20.411,11.302,27.745,140.659,40.967,106.722,33.017,10.82
2018-07-07 02:00:00,23.358,20.018,20.03,11.036,27.892,137.017,40.476,102.11,30.952,10.361
2018-07-07 03:00:00,24.264,20.319,19.804,11.631,26.931,136.031,40.516,101.686,31.121,14.226
2018-07-07 04:00:00,25.354,21.04,20.569,12.401,27.969,135.392,40.671,104.699,32.404,11.641
2018-07-07 05:00:00,26.623,23.428,24.109,12.968,30.164,149.345,45.711,110.906,33.837,13.447
2018-07-07 06:00:00,31.047,27.425,28.533,13.688,35.828,184.322,55.118,138.36,43.361,16.639
2018-07-07 07:00:00,37.115,35.786,36.223,16.215,41.31,230.32,73.352,173.372,56.147,17.649
2018-07-07 08:00:00,42.697,41.331,40.088,18.571,47.197,253.772,79.106,211.936,65.841,21.25
2018-07-07 09:00:00,53.662,47.448,43.69,20.021,54.576,280.4,87.276,234.674,73.452,22.61
2018-07-07 10:00:00,56.581,53.726,47.983,18.431,62.231,297.955,94.207,243.653,76.052,23.811
2018-07-07 11:00:00,58.817,55.388,49.376,19.98,65.921,311.178,98.008,268.779,81.311,26.117
2018-07-07 12:00:00,61.171,54.626,53.55,20.853,70.129,330.03,105.82,276.298,85.218,26.694
2018-07-07 13:00:00,63.317,58.324,54.819,22.924,72.082,348.527,111.306,289.142,92.665,28.029
2018-07-07 14:00:00,68.98,64.155,60.909,25.059,77.578,387.752,114.696,302.349,102.848,28.34
2018-07-07 15:00:00,74.059,72.307,66.441,26.074,84.933,410.526,123.246,311.19,109.669,30.952
2018-07-07 16:00:00,72.27,76.239,68.209,30.404,87.678,426.539,134.704,312.228,117.269,34.23
2018-07-07 17:00:00,72.297,74.207,64.819,31.039,86.952,413.177,124.451,301.928,115.624,37.564
2018-07-07 18:00:00,66.987,68.596,63.715,28.531,81.384,398.688,118.45,294.23,107.068,36.386
2018-07-07 19:00:00,59.917,64.635,60.752,25.436,72.405,376.569,113.817,272.926,97.068,31.671
2018-07-07 20:00:00,52.211,55.726,51.354,22.7,64.254,342.846,101.216,247.019,87.762,27.111
2018-07-07 21:00:00,42.79,44.272,40.947,16.297,51.446,277.422,80.605,205.306,72.802,20.529
2018-07-07 22:00:00,32.762,32.246,33.716,13.242,37.7,216.212,59.169,155.902,51.425,15.723
2018-07-07 23:00:00,27.575,23.768,24.247,11.086,30.007,177.589,49.162,126.952,38.609,11.863
2018-07-08 00:00:00,24.053,21.097,22.486,9.515,27.434,153.651,41.562,110.66,33.472,11.215
2018-07-08 01:00:00,23.237,19.805,19.943,9.933,28.071,143.278,38.697,102.666,31.208,10.798
2018-07-08 02:00:00,22.982,19.592,19.404,10.174,25.434,136.663,38.728,101.074,29.704,10.36
2018-07-08 03:00:00,23.608,19.682,19.734,10.865,26.855,135.51,38.255,100.835,29.58,10.61
2018-07-08 04:00:00,25.069,20.627,20.786,10.812,27.696,135.277,39.56,103.517,30.018,11.608
2018-07-08 05:00:00,27.959,24.108,22.353,12.017,28.793,145.863,43.247,110.448,32.334,14.458
2018-07-08 06:00:00,31.659,26.376,30.163,14.318,34.035,179.485,53.958,136.32,43.293,19.573
2018-07-08 07:00:00,38.991,33.705,35.735,15.78,37.889,223.189,64.512,176.347,57.268,16.696
2018-07-08 08:00:00,47.066,45.318,40.831,19.659,42.981,264.414,72.959,223.431,61.717,18.77
2018-07-08 09:00:00,57.153,58.322,49.321,21.632,47.84,293.322,80.646,250.609,73.828,21.075
2018-07-08 10:00:00,60.819,57.218,55.08,26.656,58.61,323.638,91.704,273.603,84.99,24.196
2018-07-08 11:00:00,64.66,58.689,57.232,26.449,67.58,359.713,102.98,292.45,92.938,29.667
2018-07-08 12:00:00,68.731,62.101,57.524,26.664,70.903,380.812,110.798,309.232,100.333,29.417
2018-07-08 13:00:00,72.374,73.45,60.73,30.91,76.063,392.918,121.614,318.048,107.113,32.437
2018-07-08 14:00:00,80.527,79.268,66.742,32.873,86.038,412.696,132.273,324.361,117.036,35.703
2018-07-08 15:00:00,82.31,83.057,72.192,34.003,91.411,437.335,136.99,335.093,121.988,40.85
2018-07-08 16:00:00,79.663,81.329,71.984,35.278,94.323,448.289,140.16,335.093,124.879,41.94
2018-07-08 17:00:00,79.557,77.643,72.462,34.552,94.745,442.598,136.082,313.152,117.702,39.342
2018-07-08 18:00:00,72.87,71.903,70.427,35.374,91.404,432.007,131.296,288.738,111.257,37.089
2018-07-08 19:00:00,65.921,65.119,63.594,30.805,82.906,398.57,116.995,276.532,101.48,34.22
2018-07-08 20:00:00,61.868,54.618,57.925,24.336,70.993,362.183,107.826,256.808,90.652,31.188
2018-07-08 21:00:00,51.136,44.509,46.975,20.557,57.419,307.085,88.184,213.275,73.816,26.683
2018-07-08 22:00:00,39.668,36.118,34.601,16.542,44.253,245.325,69.033,164.871,53.416,17.688
2018-07-08 23:00:00,31.878,27.692,27.904,11.307,33.718,195.074,54.799,132.598,41.194,14.781
2018-07-09 00:00:00,30.345,21.9,22.814,9.582,28.937,172.101,48.32,117.137,35.402,12.148
2018-07-09 01:00:00,27.083,21.171,20.797,10.162,26.556,164.387,44.32,110.176,33.194,11.578
2018-07-09 02:00:00,25.888,21.461,20.006,10.442,26.302,154.673,41.299,108.997,32.398,10.571
2018-07-09 03:00:00,27.391,22.436,23.309,10.899,27.147,153.376,40.816,111.852,34.984,11.871
2018-07-09 04:00:00,29.613,24.738,24.84,11.733,28.83,164.638,46.607,122.871,39.469,14.217
2018-07-09 05:00:00,35.635,30.12,28.62,13.819,40.15,195.196,53.573,152.02,43.725,16.605
2018-07-09 06:00:00,41.232,35.516,34.387,15.322,40.112,236.587,67.384,184.814,54.241,18.069
2018-07-09 07:00:00,52.384,39.516,42.945,19.03,51.682,287.585,85.437,222.745,68.898,18.293
2018-07-09 08:00:00,64.669,45.776,50.514,24.209,60.115,335.576,99.204,271.203,84.782,22.363
2018-07-09 09:00:00,76.212,53.451,59.898,26.072,70.253,381.9,119.579,321.729,97.242,25.162
2018-07-09 10:00:00,81.247,62.975,63.425,31.295,78.153,421.007,131.476,350.127,110.902,29.71
2018-07-09 11:00:00,83.315,67.495,65.917,31.912,87.206,447.831,137.219,372.042,122.521,35.877
2018-07-09 12:00:00,90.212,75.246,70.58,33.288,93.407,458.542,145.741,392.517,127.406,38.487
2018-07-09 13:00:00,93.493,81.689,74.15,35.588,96.884,480.482,152.121,398.123,134.586,41.981
2018-07-09 14:00:00,91.049,87.446,75.151,38.177,102.201,502.088,157.223,412.222,143.34,41.22
2018-07-09 15:00:00,93.69,94.035,78.33,41.012,105.987,523.488,162.644,434.604,151.252,43.643
2018-07-09 16:00:00,94.156,90.679,85.201,43.022,106.068,540.388,165.32,431.778,153.451,46.717
2018-07-09 17:00:00,91.39,87.528,78.416,40.989,103.586,520.622,159.901,415.17,151.684,45.74
2018-07-09 18:00:00,87.047,81.351,79.463,38.779,99.625,498.48,153.046,393.216,143.247,41.284
2018-07-09 19:00:00,81.857,76.543,75.111,33.056,92.387,461.12,141.154,366.225,124.699,36.042
2018-07-09 20:00:00,70.617,71.104,62.901,28.329,78.241,414.708,126.683,333.545,111.063,33.197
2018-07-09 21:00:00,57.661,56.239,52.585,21.491,64.911,352.315,105.597,273.377,88.802,27.115
2018-07-09 22:00:00,46.77,45.814,38.98,18.096,48.901,281.604,77.734,218.414,68.021,18.684
2018-07-09 23:00:00,39.525,37.173,30.606,13.545,38.608,234.179,61.858,184.058,52.74,15.625
2018-07-10 00:00:00,34.676,31.952,26.518,10.683,31.711,204.359,52.151,164.041,44.353,12.859
2018-07-10 01:00:00,30.424,29.451,23.717,10.244,29.127,190.741,46.761,146.075,39.59,11.352
2018-07-10 02:00:00,29.17,24.443,21.754,8.995,27.131,179.265,43.467,138.11,36.617,10.792
2018-07-10 03:00:00,28.105,23.13,21.455,9.542,27.548,173.28,43.592,135.083,37.541,11.443
2018-07-10 04:00:00,30.078,26.996,23.532,10.456,28.735,183.381,44.664,142.69,43.233,13.436
2018-07-10 05:00:00,35.355,32.084,31.807,14.008,34.818,212.571,57.566,170.154,50.672,15.933
2018-07-10 06:00:00,44.844,35.637,35.973,18.149,41.118,257.279,70.869,220.136,65.967,17.954
2018-07-10 07:00:00,61.159,44.633,44.863,18.953,49.282,312.205,85.243,263.872,76.176,21.332
2018-07-10 08:00:00,69.731,49.802,54.549,20.528,61.403,369.346,107.469,303.708,94.082,23.814
2018-07-10 09:00:00,75.908,63.062,67.006,25.552,68.024,423.47,127.199,353.66,113.692,27.217
2018-07-10 10:00:00,83.504,74.803,74.65,30.504,79.412,459.015,138.449,388.931,123.008,34.902
2018-07-10 11:00:00,89.521,85.156,74.313,32.892,89.606,487.601,147.913,413.764,129.904,33.977
2018-07-10 12:00:00,91.146,85.753,76.951,33.088,93.953,514.143,158.445,427.101,140.585,38.102
2018-07-10 13:00:00,91.46,89.86,81.815,36.097,96.734,532.059,164.524,435.536,146.311,37.038
2018-07-10 14:00:00,94.042,91.778,83.274,37.044,95.612,541.424,168.21,452.256,151.953,40.299
2018-07-10 15:00:00,90.423,91.935,84.935,37.422,87.847,558.199,169.596,462.556,157.909,42.521
2018-07-10 16:00:00,85.931,91.793,84.342,34.574,80.746,555.124,162.454,449.317,154.94,42.865
2018-07-10 17:00:00,78.745,81.525,78.777,31.659,78.815,528.917,145.086,418.258,134.568,34.829
2018-07-10 18:00:00,70.555,73.163,70.227,28.016,74.021,488.489,129.789,381.121,114.864,30.186
2018-07-10 19:00:00,64.917,70.251,69.835,25.679,68.54,443.179,119.889,350.177,111.766,29.88
2018-07-10 20:00:00,61.452,64.86,60.167,23.052,64.399,404.27,112.439,316.984,96.203,26.944
2018-07-10 21:00:00,49.561,55.087,54.007,19.225,53.464,335.646,91.718,265.833,77.427,22.096
2018-07-10 22:00:00,40.655,45.264,46.378,14.455,40.459,271.788,70.286,214.706,60.012,17.938
2018-07-10 23:00:00,35.821,35.432,32.746,11.272,32.517,224.742,58.688,178.75,48.669,14.801
2018-07-11 00:00:00,32.772,31.74,27.803,10.09,30.261,201.603,51.207,156.74,43.549,12.283
2018-07-11 01:00:00,30.277,30.011,24.538,9.438,28.203,190.503,47.004,142.827,40.183,11.741
2018-07-11 02:00:00,29.019,27.979,23.528,9.105,26.985,183.273,47.067,134.288,37.863,11.557
2018-07-11 03:00:00,28.919,27.341,22.935,10.963,27.617,185.235,46.331,132.195,39.141,13.14
2018-07-11 04:00:00,30.972,28.722,24.606,11.784,30.626,198.194,49.641,138.615,44.301,13.789
2018-07-11 05:00:00,33.01,33.004,31.82,13.625,35.683,225.09,60.676,159.639,50.217,15.155
2018-07-11 06:00:00,36.743,34.026,42.3,14.622,44.283,265.304,73.872,191.215,56.477,17.306
2018-07-11 07:00:00,46.184,39.617,46.242,17.098,49.349,299.963,84.968,236.036,67.154,18.814
2018-07-11 08:00:00,52.559,44.509,52.757,19.021,53.226,348.889,102.371,273.182,76.835,20.604
2018-07-11 09:00:00,56.702,49.762,56.347,23.893,62.381,372.557,118.971,289.782,87.751,21.693
2018-07-11 10:00:00,63.335,55.585,60.869,29.107,64.263,388.494,119.886,305.775,95.571,24.51
2018-07-11 11:00:00,65.493,64.73,61.473,28.621,70.682,407.28,125.253,305.237,97.897,26.28
2018-07-11 12:00:00,69.446,64.992,62.998,28.646,77.762,417.951,130.667,307.004,103.732,33.521
2018-07-11 13:00:00,73.364,69.082,67.165,28.523,82.185,427.811,132.047,293.982,111.656,30.429
2018-07-11 14:00:00,74.189,76.203,65.685,33.114,84.111,443.515,132.84,295.711,114.489,35.671
2018-07-11 15:00:00,77.568,78.217,73.96,34.961,91.06,465.079,139.634,302.975,118.21,39.821
2018-07-11 16:00:00,80.564,76.341,74.196,33.701,99.451,456.922,145.551,315.972,117.427,39.386
2018-07-11 17:00:00,80.702,73.463,68.852,33.146,97.77,437.254,140.629,302.493,112.814,40.718
2018-07-11 18:00:00,74.249,68.252,67.122,31.149,88.658,405.083,132.138,283.385,104.645,36.369
2018-07-11 19:00:00,65.069,60.093,59.788,25.083,83.289,366.987,121.587,264.356,92.558,32.941
2018-07-11 20:00:00,58.218,52.147,53.829,22.86,76.638,329.137,109.711,242.434,83.407,29.025
2018-07-11 21:00:00,41.979,39.772,46.333,18.353,50.675,272.603,83.421,194.822,68.06,20.79
2018-07-11 22:00:00,32.219,29.152,33.467,12.857,37.951,215.132,63.875,150.227,48.579,16.199
2018-07-11 23:00:00,28.754,24.031,25.613,11.364,32.665,182.024,50.845,125.673,37.181,13.878
2018-07-12 00:00:00,25.365,21.032,21.061,10.254,29.598,160.465,42.81,114.371,33.944,11.615
2018-07-12 01:00:00,23.65,20.693,19.88,9.573,26.644,153.019,40.871,105.194,31.912,10.919
2018-07-12 02:00:00,23.983,20.158,19.861,10.727,26.999,145.899,38.95,102.806,31.417,10.606
2018-07-12 03:00:00,24.228,22.095,20.737,12.028,27.399,146.636,39.033,104.363,32.275,11.73
2018-07-12 04:00:00,27.923,24.377,23.263,13.598,30.663,161.382,43.213,116.221,37.03,13.086
2018-07-12 05:00:00,31.494,29.175,31.073,16.063,37.227,189.016,52.125,142.92,44.739,15.414
2018-07-12 06:00:00,36.833,35.601,34.452,18.381,42.353,227.207,63.058,174.079,53.785,17.706
2018-07-12 07:00:00,44.492,38.021,37.733,17.794,49.274,268.37,72.19,206.631,63.445,17.711
2018-07-12 08:00:00,53.427,41.528,40.444,17.69,54.375,316.538,84.61,240.976,74.412,20.267
2018-07-12 09:00:00,58.121,46.161,47.087,17.978,60.684,349.574,96.337,269.739,80.234,21.543
2018-07-12 10:00:00,61.813,49.705,54.417,18.697,66.401,353.014,106.933,290.229,88.53,23.054
2018-07-12 11:00:00,66.462,51.503,55.624,20.95,71.653,357.444,113.023,298.43,95.755,26.222
2018-07-12 12:00:00,67.719,55.547,58.689,23.903,75.542,389.257,121.297,297.617,99.454,27.496
2018-07-12 13:00:00,70.132,57.765,59.351,22.048,82.21,403.09,130.464,308.421,107.842,32.311
2018-07-12 14:00:00,78.148,60.837,65.645,22.274,81.588,414.982,132.821,326.946,111.975,34.044
2018-07-12 15:00:00,76.884,64.573,65.072,24.845,88.079,429.745,136.766,325.658,121.843,37.228
2018-07-12 16:00:00,75.311,65.383,66.537,28.89,91.705,444.809,132.313,326.685,122.207,38.251
2018-07-12 17:00:00,72.926,65.442,65.881,29.807,88.62,424.866,126.648,312.677,118.524,38.435
2018-07-12 18:00:00,73.425,61.82,63.63,29.586,77.483,407.202,127.082,287.484,102.577,34.61
2018-07-12 19:00:00,66.677,56.876,57.723,25.622,70.439,377.746,117.657,271.939,95.926,32.571
2018-07-12 20:00:00,61.325,53.617,54.683,21.499,63.11,337.177,105.859,248.07,84.129,30.06
2018-07-12 21:00:00,50.847,43.922,44.777,16.873,49.587,275.063,88.183,211.042,65.221,22.836
2018-07-12 22:00:00,39.124,35.136,34.506,13.31,38.447,220.437,65.543,168.012,51.16,17.678
2018-07-12 23:00:00,30.723,31.348,26.627,10.249,33.64,175.358,50.972,132.323,37.814,15.045
2018-07-13 00:00:00,27.119,24.428,23.015,9.516,28.584,153.308,42.996,112.843,33.945,12.511
2018-07-13 01:00:00,24.995,21.859,21.328,9.763,27.038,145.578,42.096,105.289,32.474,11.109
2018-07-13 02:00:00,24.487,20.661,20.398,10.367,26.145,140.268,40.61,104.276,32.739,10.146
2018-07-13 03:00:00,24.686,21.512,22.934,11.341,27.871,142.9,41.68,109.374,32.698,11.123
2018-07-13 04:00:00,26.751,25.41,24.991,12.398,29.662,158.014,44.545,121.624,35.819,12.715
2018-07-13 05:00:00,31.882,29.586,28.662,13.511,33.964,184.717,53.911,148.174,44.567,15.541
2018-07-13 06:00:00,37.727,32.366,38.83,15.013,40.563,226.534,64.903,181.932,55.927,16.887
2018-07-13 07:00:00,47.552,37.482,42.08,17.232,49.125,265.094,75.764,216.993,64.73,17.753
2018-07-13 08:00:00,53.819,43.635,48.31,18.185,52.918,311.572,86.707,250.999,74.617,18.979
2018-07-13 09:00:00,58.661,53.002,52.328,21.044,61.326,343.049,102.36,286.072,82.996,24.285
2018-07-13 10:00:00,65.535,56.377,60.739,25.452,71.567,380.719,116.493,303.062,93.02,26.559
2018-07-13 11:00:00,72.132,60.711,64.714,26.844,77.702,402.695,125.663,310.436,97.934,29.144
2018-07-13 12:00:00,74.3,59.909,64.358,28.314,86.214,420.9,126.369,304.497,102.987,30.966
2018-07-13 13:00:00,74.594,63.564,69.127,29.015,86.144,446.23,128.73,297.002,110.608,32.478
2018-07-13 14:00:00,77.791,69.241,68.675,28.593,91.411,459.827,138.821,292.944,111.73,36.353
2018-07-13 15:00:00,77.359,71.894,73.512,31.543,96.73,472.719,148.313,297.142,111.569,41.829
2018-07-13 16:00:00,76.301,71.606,74.711,35.259,99.891,473.933,144.831,299.792,108.934,45.423
2018-07-13 17:00:00,72.945,69.222,73.85,35.011,97.145,447.123,133.937,277.084,102.286,40.903
2018-07-13 18:00:00,65.918,62.197,68.998,29.606,94.046,407.842,118.611,260.624,91.245,39.036
2018-07-13 19:00:00,58.163,58.779,62.419,24.769,93.389,354.044,102.189,257.738,83.739,34.625
2018-07-13 20:00:00,50.934,53.468,54.659,22.843,76.515,311.887,98.811,233.755,74.643,31.857
2018-07-13 21:00:00,40.411,41.772,43.339,20.566,55.6,254.815,76.907,193.878,62.833,26.343
2018-07-13 22:00:00,31.421,31.367,35.109,14.548,41.583,199.138,59.896,156.132,48.494,19.356
2018-07-13 23:00:00,28.148,26.614,26.435,10.8,37.222,169.471,51.112,129.724,36.576,15.675
2018-07-14 00:00:00,26.898,20.657,22.343,10.06,32.353,155.349,45.911,115.461,33.668,13.898
2018-07-14 01:00:00,24.407,19.951,20.531,9.524,29.397,147.46,43.263,107.805,32.122,12.164
2018-07-14 02:00:00,23.741,20.145,19.553,9.36,27.893,139.862,42.486,103.756,31.089,11.449
2018-07-14 03:00:00,24.449,21.946,19.225,9.753,27.634,137.716,41.864,103.766,30.265,11.428
2018-07-14 04:00:00,25.638,22.037,21.143,10.074,27.876,136.94,40.366,102.162,30.495,11.126
2018-07-14 05:00:00,26.033,24.448,23.925,11.481,30.943,149.903,43.91,109.483,33.706,11.37
2018-07-14 06:00:00,30.622,27.699,28.616,15.067,36.555,186.013,54.83,142.01,41.466,14.121
2018-07-14 07:00:00,36.578,30.831,34.773,16.733,41.586,223.516,68.984,171.518,47.562,17.036
2018-07-14 08:00:00,40.271,40.381,41.363,17.7,46.782,254.441,74.501,196.725,55.889,20.307
2018-07-14 09:00:00,47.976,45.076,45.318,16.061,45.351,275.596,80.752,217.3,69.388,21.522
2018-07-14 10:00:00,53.812,42.652,46.746,16.507,52.235,290.663,81.886,244.46,75.306,19.297
2018-07-14 11:00:00,53.496,43.493,45.294,17.423,54.976,295.617,90.112,254.868,73.744,20.908
2018-07-14 12:00:00,56.154,45.866,48.602,16.85,56.243,307.669,93.719,265.227,82.539,21.203
2018-07-14 13:00:00,53.983,44.976,53.53,17.679,58.191,327.453,99.787,262.584,86.199,25.075
2018-07-14 14:00:00,54.78,43.623,59.791,18.948,56.426,332.279,105.914,253.115,81.586,27.032
2018-07-14 15:00:00,53.711,48.122,60.138,20.59,57.075,346.6,109.636,253.364,85.514,27.675
2018-07-14 16:00:00,55.038,52.717,63.305,20.17,65.544,357.166,108.125,244.88,87.192,27.492
2018-07-14 17:00:00,52.041,47.554,62.343,21.369,68.109,329.633,101.581,241.463,82.823,27.229
2018-07-14 18:00:00,51.221,46.901,55.873,20.783,71.365,322.713,99.844,228.682,75.508,26.355
2018-07-14 19:00:00,49.091,48.29,48.135,21.026,67.193,316.578,95.049,229.143,76.28,27.446
2018-07-14 20:00:00,48.102,44.597,45.139,21.503,66.015,299.627,89.344,220.575,78.668,26.15
2018-07-14 21:00:00,41.143,37.871,40.756,18.746,51.305,249.458,78.117,184.699,60.497,25.113
2018-07-14 22:00:00,33.736,32.492,32.17,13.241,40.87,200.106,61.818,147.786,46.711,18.091
2018-07-14 23:00:00,28.962,25.635,26.093,10.755,34.745,166.909,50.956,127.526,39.544,14.282
2018-07-15 00:00:00,26.556,23.041,21.915,10.056,30.894,150.473,44.64,113.438,32.806,13.431
2018-07-15 01:00:00,25.278,20.922,21.363,9.93,29.555,143.481,43.008,107.735,31.666,12.177
2018-07-15 02:00:00,25.121,19.723,20.458,9.565,28.62,138.717,42.261,105.779,31.004,11.533
2018-07-15 03:00:00,24.674,21.166,20.802,10.193,28.405,137.198,40.949,107.177,31.09,11.548
2018-07-15 04:00:00,25.394,22.16,20.745,10.389,28.768,141.827,41.325,108.058,31.984,12.4
2018-07-15 05:00:00,28.42,23.379,22.451,11.945,32.8,153.747,46.419,117.754,34.511,14.435
2018-07-15 06:00:00,34.722,28.571,29.482,14.699,40.838,188.56,55.135,138.454,41.619,19.106
2018-07-15 07:00:00,39.667,37.734,37.728,14.355,49.923,222.557,68.864,158.564,48.997,25.417
2018-07-15 08:00:00,47.644,47.808,39.432,16.101,54.115,258.623,86.862,170.532,56.657,27.388
2018-07-15 09:00:00,61.028,50.707,48.735,18.859,59.403,292.048,98.927,183.312,61.194,31.633
2018-07-15 10:00:00,66.92,59.264,55.499,21.437,71.326,319.023,104.008,195.211,64.142,37.296
2018-07-15 11:00:00,72.693,67.195,62.444,24.203,78.543,352.512,115.539,216.403,72.29,40.923
2018-07-15 12:00:00,73.053,73.277,69.067,26.481,84.086,375.44,125.452,228.32,80.404,40.273
2018-07-15 13:00:00,70.85,71.162,75.277,32.147,88.938,408.795,139.597,248.695,87.598,40.394
2018-07-15 14:00:00,76.881,76.443,77.146,35.019,90.353,427.732,137.987,263.414,89.747,42.422
2018-07-15 15:00:00,78.618,84.107,80.76,38.678,100.178,436.026,138.241,283.347,104.551,39.746
2018-07-15 16:00:00,80.755,81.296,79.467,38.95,102.535,435.909,141.09,294.891,115.398,41.771
2018-07-15 17:00:00,80.248,75.783,72.838,37.072,102.213,410.981,137.875,286.61,116.828,38.604
2018-07-15 18:00:00,77.149,73.75,67.482,35.858,94.75,399.701,131.135,273.89,106.16,35.331
2018-07-15 19:00:00,68.388,64.627,63.613,32.531,86.807,382.032,125.579,258.441,95.166,32.595
2018-07-15 20:00:00,62.298,52.24,57.875,28.842,76.604,351.564,117.475,234.726,82.546,30.77
2018-07-15 21:00:00,54.44,38.313,49.593,21.885,62.341,296.953,99.503,195.203,68.154,26.045
2018-07-15 22:00:00,42.935,35.223,38.872,16.302,47.991,234.836,80.315,158.904,53.348,20.486
2018-07-15 23:00:00,36.496,29.468,30.583,12.235,39.212,196.168,63.358,129.966,43.596,15.027
2018-07-16 00:00:00,32.619,25.14,25.828,9.448,33.569,177.098,55.982,115.47,36.92,13.237
2018-07-16 01:00:00,30.91,22.49,24.744,9.126,30.534,164.464,51.331,109.607,34.054,11.747
2018-07-16 02:00:00,30.18,21.096,23.62,8.956,28.163,158.066,49.912,108.658,33.164,11.166
2018-07-16 03:00:00,30.488,22.753,22.854,10.351,27.972,160.419,50.116,113.205,34.543,11.485
2018-07-16 04:00:00,32.804,26.25,25.803,11.602,30.462,173.875,53.133,121.677,38.108,13.917
2018-07-16 05:00:00,38.61,32.526,34.153,13.202,37.692,210.088,64.054,149.999,49.371,16.587
2018-07-16 06:00:00,43.984,34.246,40.007,15.819,40.94,252.281,76.576,178.221,56.855,19.388
2018-07-16 07:00:00,56.817,39.722,46.075,17.783,50.419,279.305,95.689,203.088,65.003,21.288
2018-07-16 08:00:00,66.81,47.106,52.09,20.135,62.456,306.244,111.679,227.369,72.987,25.579
2018-07-16 09:00:00,76.567,58.516,65.844,23.122,72.71,346.198,123.322,253.528,78.14,29.991
2018-07-16 10:00:00,84.645,64.309,70.493,27.572,84.166,393.759,140.31,285.849,93.9,31.613
2018-07-16 11:00:00,88.654,75.632,73.887,31.513,92.736,431.717,145.383,311.277,103.953,36.26
2018-07-16 12:00:00,91.077,80.089,76.467,34.417,102.555,462.712,152.074,324.548,113.827,38.166
2018-07-16 13:00:00,93.129,83.858,78.466,36.079,105.462,490.31,156.809,331.483,121.299,41.474
2018-07-16 14:00:00,97.778,90.512,79.158,38.256,106.983,522.325,160.467,332.082,134.36,45.012
2018-07-16 15:00:00,98.181,91.238,84.84,42.257,113.86,543.627,164.865,343.631,142.121,45.808
2018-07-16 16:00:00,97.674,90.787,84.967,42.258,114.867,540.142,168.106,338.572,138.281,50.769
2018-07-16 17:00:00,90.749,90.611,77.86,40.09,106.779,512.733,156.898,307.644,130.851,45.56
2018-07-16 18:00:00,83.474,83.153,75.076,38.445,100.537,483.085,141.425,293.943,121.623,40.721
2018-07-16 19:00:00,79.186,72.221,71.97,31.554,95.233,444.335,132.385,273.558,110.561,39.969
2018-07-16 20:00:00,72.945,64.481,66.967,28.345,89.2,405.987,122.737,250.824,93.596,36.707
2018-07-16 21:00:00,61.934,50.273,56.597,23.151,75.997,344.728,102.767,207.688,78.151,35.747
2018-07-16 22:00:00,50.803,42.064,45.872,17.581,60.054,280.588,83.552,165.243,58.353,27.522
2018-07-16 23:00:00,42.782,34.186,36.877,13.705,52.401,240.948,70.472,138.426,48.947,22.269
2018-07-17 00:00:00,38.236,30.078,33.008,11.913,46.437,212.291,61.049,123.174,40.834,19.248
2018-07-17 01:00:00,35.633,26.908,29.281,11.212,43.494,203.553,57.34,116.529,37.387,17.455
2018-07-17 02:00:00,34.327,23.195,28.037,10.413,41.835,198.308,53.741,112.842,35.59,16.788
2018-07-17 03:00:00,32.825,22.966,27.934,10.321,42.007,201.121,55.118,118.301,36.312,16.548
2018-07-17 04:00:00,34.389,25.378,29.088,11.214,45.381,214.699,56.829,134.265,41.175,19.785
2018-07-17 05:00:00,38.527,34.132,35.819,14.568,49.379,255.555,67.064,157.371,48.798,20.963
2018-07-17 06:00:00,46.894,36.315,42.873,16.801,55.742,301.678,79.488,186.725,56.941,23.139
2018-07-17 07:00:00,58.181,39.595,49.98,17.38,65.703,352.509,96.62,224.553,62.558,26.173
2018-07-17 08:00:00,61.015,45.159,52.956,19.167,64.472,409.591,112.742,274.128,79.464,26.463
2018-07-17 09:00:00,63.336,49.099,58.099,23.217,63.046,447.347,118.155,338.667,96.261,25.957
2018-07-17 10:00:00,62.062,49.913,64.574,25.155,64.531,471.743,116.522,382.647,108.123,25.387
2018-07-17 11:00:00,61.748,49.367,57.94,25.819,65.246,434.109,108.897,373.252,103.273,23.61
2018-07-17 12:00:00,59.319,52.382,47.584,25.238,64.648,354.293,98.805,311.804,89.423,24.152
2018-07-17 13:00:00,59.314,51.111,45.074,27.444,64.02,337.138,94.183,261.293,85.684,24.92
2018-07-17 14:00:00,57.079,54.966,46.008,33.706,67.16,336.237,93.009,248.574,80.414,24.905
2018-07-17 15:00:00,56.073,58.476,47.782,34.202,67.315,333.852,92.906,247.307,81.229,26.991
2018-07-17 16:00:00,55.073,60.4,46.438,30.031,68.508,329.938,88.378,247.26,80.451,29.833
2018-07-17 17:00:00,54.117,57.8,44.175,27.413,65.482,319.881,91.441,243.1,77.888,26.092
2018-07-17 18:00:00,56.009,54.455,44.953,26.818,65.253,317.7,87.814,234.786,74.886,25.751
2018-07-17 19:00:00,51.816,56.912,44.758,24.12,66.016,312.13,90.181,241.489,74.294,24.706
2018-07-17 20:00:00,52.245,53.198,48.033,21.949,61.013,302.862,89.041,231.668,71.428,24.39
2018-07-17 21:00:00,45.35,43.567,40.582,16.613,56.38,258.546,75.838,202.304,56.369,20.298
2018-07-17 22:00:00,35.539,30.047,30.856,13.267,42.632,211.637,61.114,161.884,46.394,15.165
2018-07-17 23:00:00,32.651,26.973,27.153,10.887,34.074,184.198,53.525,137.515,38.691,13.031
2018-07-18 00:00:00,30.289,22.412,23.929,10.106,31.316,169.414,46.776,124.884,35.711,11.844
2018-07-18 01:00:00,28.065,23.227,22.73,9.835,28.42,163.467,45.381,119.866,34.25,11.316
2018-07-18 02:00:00,25.415,21.986,22.717,9.615,26.953,163.062,45.879,118.224,33.226,11.051
2018-07-18 03:00:00,24.886,22.305,23.676,10.654,27.723,162.203,47.528,120.737,39.477,12.008
2018-07-18 04:00:00,29.065,25.624,24.981,11.482,29.981,176.016,49.303,132.674,42.756,13.171
2018-07-18 05:00:00,37.362,30.958,30.49,13.232,37.459,213.578,61.137,159.81,48.725,15.527
2018-07-18 06:00:00,40.246,37.813,36.661,15.32,44.001,263.151,75.34,192.141,57.497,17.873
2018-07-18 07:00:00,48.729,40.793,40.055,19.158,51.817,289.224,83.964,226.317,67.891,21.783
2018-07-18 08:00:00,52.977,46.849,43.618,19.303,53.071,319.715,96.774,263.425,77.297,22.26
2018-07-18 09:00:00,59.838,54.207,49.201,19.872,61.328,344.364,105.008,288.411,86.374,24.03
2018-07-18 10:00:00,64.093,58.946,51.204,21.826,64.536,362.982,112.034,304.481,89.031,25.601
2018-07-18 11:00:00,62.405,61.72,53.985,21.845,72.942,384.022,117.009,326.735,92.167,26.74
2018-07-18 12:00:00,64.412,63.248,58.784,21.126,77.407,392.174,116.65,332.402,97.979,29.567
2018-07-18 13:00:00,66.072,61.953,60.439,23.706,79.34,399.818,120.014,332.25,103.839,29.769
2018-07-18 14:00:00,69.24,70.388,67.521,24.605,81.67,419.924,125.634,343.437,112.449,33.185
2018-07-18 15:00:00,71.346,76.231,67.704,27.076,87.38,439.216,137.0,362.253,119.517,35.047
2018-07-18 16:00:00,74.103,77.386,68.342,31.142,89.483,456.917,139.7,368.85,126.705,37.806
2018-07-18 17:00:00,70.765,71.656,67.743,29.219,90.204,444.742,133.756,354.344,120.353,36.109
2018-07-18 18:00:00,66.243,68.314,66.868,28.09,79.985,412.514,121.426,324.959,110.024,33.985
2018-07-18 19:00:00,56.929,54.961,58.781,23.765,72.601,380.536,105.984,293.034,91.061,28.821
2018-07-18 20:00:00,50.244,47.036,52.797,20.626,59.695,340.988,95.647,254.214,77.556,25.959
2018-07-18 21:00:00,41.653,37.246,40.056,17.836,48.424,271.695,78.997,203.844,60.867,20.28
2018-07-18 22:00:00,31.797,27.381,30.245,14.572,38.3,207.536,61.226,154.723,48.324,14.914
2018-07-18 23:00:00,27.25,23.158,23.504,11.042,31.112,176.093,50.456,129.135,37.211,12.505
2018-07-19 00:00:00,24.694,21.133,20.592,10.673,28.089,159.093,43.045,114.502,33.683,11.243
2018-07-19 01:00:00,23.594,22.501,19.086,10.563,27.108,149.281,38.948,104.777,31.038,10.709
2018-07-19 02:00:00,23.523,20.753,18.791,11.368,27.677,142.506,39.207,103.186,30.987,10.787
2018-07-19 03:00:00,27.889,21.311,21.14,12.068,28.678,141.74,40.831,107.73,31.647,12.823
2018-07-19 04:00:00,27.532,24.282,27.066,13.253,29.533,152.519,45.773,117.556,36.098,13.9
2018-07-19 05:00:00,30.608,27.547,28.519,15.503,36.282,181.518,55.58,139.939,44.823,16.593
2018-07-19 06:00:00,35.859,31.61,36.227,15.872,38.74,221.753,65.349,171.075,50.899,18.035
2018-07-19 07:00:00,43.33,33.778,36.618,17.394,41.691,254.96,74.888,191.697,59.141,18.939
2018-07-19 08:00:00,51.539,37.943,42.036,16.791,45.463,290.458,82.881,223.871,66.484,18.222
2018-07-19 09:00:00,56.482,44.735,48.491,17.934,52.679,321.503,93.055,260.384,77.625,20.998
2018-07-19 10:00:00,60.554,49.989,51.26,19.337,60.355,343.858,96.991,281.655,85.916,21.94
2018-07-19 11:00:00,62.421,54.048,54.02,20.759,66.158,364.053,101.653,299.452,90.21,24.505
2018-07-19 12:00:00,65.207,56.291,53.292,23.915,70.859,372.809,107.893,297.588,95.389,27.452
2018-07-19 13:00:00,66.859,59.269,54.551,27.812,74.866,380.702,115.675,303.806,100.174,27.541
2018-07-19 14:00:00,72.133,68.666,59.225,29.281,78.926,409.947,126.917,314.697,112.253,29.117
2018-07-19 15:00:00,77.071,78.028,64.429,32.408,88.467,432.547,139.215,321.481,120.168,33.966
2018-07-19 16:00:00,77.941,79.432,68.551,32.95,90.77,447.373,145.409,321.936,126.906,37.456
2018-07-19 17:00:00,78.215,73.841,68.528,32.374,91.606,440.783,138.67,317.469,120.159,37.328
2018-07-19 18:00:00,74.035,70.893,64.834,33.119,88.532,422.817,129.481,303.2,109.439,35.912
2018-07-19 19:00:00,66.434,64.154,60.375,27.935,75.718,393.405,123.332,278.282,99.273,32.299
2018-07-19 20:00:00,56.955,57.555,51.212,21.836,68.855,353.597,113.091,247.629,84.106,28.543
2018-07-19 21:00:00,47.828,43.452,42.618,17.143,54.788,296.001,88.633,201.574,67.883,21.936
2018-07-19 22:00:00,36.895,30.705,31.511,12.608,40.936,226.853,66.461,154.492,49.181,16.887
2018-07-19 23:00:00,28.889,26.254,23.274,10.793,34.904,177.914,54.981,127.572,38.486,12.738
2018-07-20 00:00:00,25.419,22.849,20.793,11.519,28.376,152.329,45.722,112.311,33.235,12.033
2018-07-20 01:00:00,24.162,21.334,19.806,9.12,26.441,145.297,42.407,104.033,30.73,11.38
2018-07-20 02:00:00,24.579,20.307,19.478,10.017,25.419,141.597,40.096,102.57,30.207,10.371
2018-07-20 03:00:00,25.137,21.271,20.916,10.933,25.808,143.037,39.915,105.508,31.569,10.865
2018-07-20 04:00:00,28.429,23.727,24.85,12.402,29.91,151.386,45.243,116.758,35.001,12.188
2018-07-20 05:00:00,32.006,27.938,27.769,13.764,37.236,185.289,54.626,141.055,44.305,15.719
2018-07-20 06:00:00,35.739,33.729,33.895,15.583,39.637,225.867,64.082,171.806,50.919,17.692
2018-07-20 07:00:00,43.235,39.437,37.56,16.204,46.19,256.347,74.899,200.632,60.923,19.467
2018-07-20 08:00:00,52.229,45.44,48.098,16.969,52.739,302.747,86.227,235.474,73.763,20.827
2018-07-20 09:00:00,63.662,51.014,49.235,19.873,56.937,346.248,104.149,274.714,82.257,23.284
2018-07-20 10:00:00,70.434,61.081,55.723,23.81,64.807,378.23,112.743,300.751,94.397,27.518
2018-07-20 11:00:00,71.892,68.274,58.643,27.337,73.982,411.433,121.248,314.672,102.438,29.856
2018-07-20 12:00:00,77.32,73.091,62.35,30.01,86.201,419.548,129.599,322.08,111.393,32.846
2018-07-20 13:00:00,77.81,76.328,65.395,31.528,89.763,438.537,136.084,326.773,114.347,34.636
2018-07-20 14:00:00,80.494,79.515,69.066,36.151,93.729,460.792,144.934,331.947,122.74,36.095
2018-07-20 15:00:00,83.516,85.633,79.962,37.825,100.093,479.872,150.39,338.686,130.586,41.263
2018-07-20 16:00:00,83.003,84.781,80.261,37.833,102.088,492.83,149.23,339.375,126.78,42.365
2018-07-20 17:00:00,81.134,81.747,71.921,37.085,97.78,463.491,142.038,309.216,117.68,41.06
2018-07-20 18:00:00,72.663,73.567,69.453,34.627,93.627,431.679,134.188,277.997,108.476,39.771
2018-07-20 19:00:00,67.918,66.024,63.515,31.073,89.798,390.162,120.875,269.187,93.692,34.852
2018-07-20 20:00:00,58.628,59.202,54.598,26.202,78.42,343.729,105.915,251.025,82.633,29.088
2018-07-20 21:00:00,48.629,44.989,44.233,20.955,60.758,283.219,88.344,203.78,64.956,22.874
2018-07-20 22:00:00,39.027,33.473,35.928,15.258,45.599,217.587,69.466,157.801,46.724,17.104
2018-07-20 23:00:00,31.261,26.683,26.941,11.654,37.834,184.113,54.78,128.205,37.72,14.254
2018-07-21 00:00:00,26.963,22.262,22.97,9.88,31.522,162.255,48.979,115.074,33.563,12.358
2018-07-21 01:00:00,24.41,20.582,20.817,9.335,28.921,151.137,44.716,107.822,30.986,11.039
2018-07-21 02:00:00,24.219,20.588,20.231,9.134,26.69,144.519,42.042,103.644,31.896,10.945
2018-07-21 03:00:00,23.581,21.072,20.201,10.088,26.634,142.073,40.139,103.554,30.914,10.457
2018-07-21 04:00:00,25.212,21.409,21.077,10.886,27.649,143.416,41.767,103.664,31.312,11.334
2018-07-21 05:00:00,28.977,23.606,23.398,11.423,28.433,152.7,45.678,115.436,35.439,12.289
2018-07-21 06:00:00,33.711,27.816,32.591,13.119,34.487,194.209,53.56,150.835,40.735,13.958
2018-07-21 07:00:00,37.482,33.902,38.91,16.698,43.989,238.6,66.207,186.457,54.281,17.681
2018-07-21 08:00:00,44.183,46.493,43.842,19.244,56.364,284.585,74.413,223.006,62.19,20.672
2018-07-21 09:00:00,53.336,49.455,44.481,21.439,60.85,317.204,78.645,253.93,73.711,23.78
2018-07-21 10:00:00,64.223,52.204,47.422,28.021,73.853,337.148,89.722,271.131,83.555,26.538
2018-07-21 11:00:00,66.416,60.621,50.992,28.091,81.145,358.234,104.06,291.692,91.219,32.536
2018-07-21 12:00:00,67.858,67.781,52.787,30.956,81.553,375.817,109.183,296.657,98.308,32.227
2018-07-21 13:00:00,70.256,67.132,57.32,31.187,83.6,385.367,117.429,291.235,108.485,32.864
2018-07-21 14:00:00,76.42,71.026,64.996,35.264,90.888,401.562,125.759,296.582,106.762,37.198
2018-07-21 15:00:00,75.637,80.108,66.777,35.786,94.859,421.671,130.151,309.429,107.596,37.759
2018-07-21 16:00:00,74.653,79.508,68.476,36.176,95.142,419.134,129.921,311.508,108.629,38.812
2018-07-21 17:00:00,72.188,73.97,66.592,34.059,88.95,392.05,125.814,293.686,105.125,37.062
2018-07-21 18:00:00,68.164,68.199,65.805,32.17,86.058,369.657,115.9,280.636,99.393,36.842
2018-07-21 19:00:00,58.866,60.353,58.04,28.355,79.062,347.754,113.576,262.481,90.907,32.778
2018-07-21 20:00:00,52.813,51.179,50.568,27.707,68.296,313.721,96.563,246.188,80.637,33.168
2018-07-21 21:00:00,41.858,41.047,42.781,21.7,55.334,261.044,79.716,197.993,63.629,22.833
2018-07-21 22:00:00,31.72,29.593,30.54,14.1,42.538,201.507,62.955,153.148,45.645,17.304
2018-07-21 23:00:00,27.124,23.494,25.695,12.177,33.851,169.258,50.358,129.316,36.258,12.516
2018-07-22 00:00:00,24.936,21.941,22.304,10.388,29.36,148.925,43.451,114.001,32.8,11.859
2018-07-22 01:00:00,24.751,20.281,21.3,9.593,26.999,144.417,41.702,106.041,31.363,11.036
2018-07-22 02:00:00,24.353,20.29,21.225,9.586,26.855,140.069,40.334,103.64,30.642,10.282
2018-07-22 03:00:00,26.363,20.005,20.451,10.528,26.04,140.315,40.014,103.349,30.519,10.27
2018-07-22 04:00:00,24.067,21.592,20.626,10.874,27.637,142.375,40.643,103.476,30.917,10.797
2018-07-22 05:00:00,26.437,23.468,23.294,11.773,30.199,147.941,43.64,108.759,32.097,11.971
2018-07-22 06:00:00,30.219,26.277,28.688,12.78,35.593,175.673,54.712,134.417,40.67,15.902
2018-07-22 07:00:00,35.388,33.906,33.411,15.62,41.193,197.094,60.667,155.112,47.134,17.713
2018-07-22 08:00:00,37.14,38.077,34.83,18.218,44.086,211.028,69.348,169.989,55.514,18.388
2018-07-22 09:00:00,37.151,38.703,36.678,18.969,49.457,210.229,69.184,169.482,57.071,22.931
2018-07-22 10:00:00,39.47,36.169,39.61,17.688,45.033,220.781,65.326,170.528,56.228,19.287
2018-07-22 11:00:00,38.933,37.113,43.092,18.468,48.963,233.648,66.978,184.409,52.843,21.688
2018-07-22 12:00:00,40.39,38.46,43.273,17.1,52.834,234.309,67.407,192.77,56.431,19.255
2018-07-22 13:00:00,40.205,38.882,48.369,15.838,53.367,246.064,66.463,198.921,54.732,20.515
2018-07-22 14:00:00,39.764,39.725,49.115,17.282,59.418,262.201,73.982,200.435,60.976,23.567
2018-07-22 15:00:00,41.28,40.744,51.88,18.798,63.816,300.925,77.629,222.38,60.565,25.442
2018-07-22 16:00:00,43.607,45.949,51.012,19.459,69.513,335.738,82.239,238.777,66.09,27.673
2018-07-22 17:00:00,44.888,42.185,51.822,19.162,66.272,342.534,86.169,241.389,71.075,26.231
2018-07-22 18:00:00,43.961,42.648,49.476,20.076,64.771,331.969,87.588,233.943,71.325,25.375
2018-07-22 19:00:00,45.086,39.983,50.261,18.253,66.067,324.24,89.71,230.079,71.103,25.538
2018-07-22 20:00:00,46.949,38.766,49.071,19.195,60.41,312.323,92.847,232.264,71.609,26.971
2018-07-22 21:00:00,38.178,34.501,41.075,17.738,52.412,272.715,82.527,198.122,64.391,20.887
2018-07-22 22:00:00,33.26,29.028,32.204,15.727,41.882,226.544,66.237,160.176,48.551,16.232
2018-07-22 23:00:00,29.822,25.033,27.394,13.08,37.652,196.587,54.114,137.108,39.415,14.25
2018-07-23 00:00:00,28.209,23.101,25.61,11.959,33.478,182.112,51.707,125.805,35.975,13.566
2018-07-23 01:00:00,28.183,21.918,24.947,10.363,31.887,179.245,49.509,120.335,35.508,12.488
2018-07-23 02:00:00,27.502,22.393,24.384,10.718,30.902,178.041,50.175,118.941,34.596,12.412
2018-07-23 03:00:00,29.581,22.418,25.716,10.661,31.324,183.209,50.088,121.227,36.797,13.35
2018-07-23 04:00:00,34.349,25.493,31.988,12.205,35.007,210.47,55.792,136.376,42.133,15.894
2018-07-23 05:00:00,37.637,31.509,34.516,14.405,40.442,251.84,67.406,161.074,49.045,18.144
2018-07-23 06:00:00,42.967,35.286,39.785,16.619,49.2,291.293,80.855,180.989,60.037,19.015
2018-07-23 07:00:00,54.859,38.785,43.194,17.415,54.496,318.837,92.143,209.85,63.846,18.841
2018-07-23 08:00:00,61.221,43.917,48.861,20.607,64.008,345.15,101.607,235.855,71.7,22.153
2018-07-23 09:00:00,63.689,46.09,54.423,24.987,67.687,368.014,106.631,277.009,78.646,24.729
2018-07-23 10:00:00,63.196,48.08,54.677,26.84,71.598,390.747,113.306,296.287,87.365,28.185
2018-07-23 11:00:00,69.13,53.977,63.093,27.726,79.717,431.11,119.529,327.059,93.262,31.332
2018-07-23 12:00:00,74.423,51.984,68.013,27.574,82.184,463.624,132.621,353.201,98.41,30.378
2018-07-23 13:00:00,76.586,54.178,65.93,30.145,79.277,485.213,140.294,356.657,99.655,30.519
2018-07-23 14:00:00,78.655,56.328,72.3,29.586,78.55,504.81,149.29,354.102,107.22,27.739
2018-07-23 15:00:00,79.332,64.563,78.212,29.278,79.41,531.157,146.276,376.99,119.959,30.375
2018-07-23 16:00:00,78.612,67.003,74.175,30.438,80.29,525.938,143.348,378.294,128.146,31.107
2018-07-23 17:00:00,79.036,67.504,72.293,28.445,77.093,499.461,139.488,363.758,125.044,33.4
2018-07-23 18:00:00,72.536,64.388,69.536,26.893,75.056,469.433,134.974,339.395,118.714,31.211
2018-07-23 19:00:00,67.778,58.671,67.205,25.485,72.509,447.771,129.884,313.191,111.115,29.155
2018-07-23 20:00:00,64.788,56.516,61.97,22.505,70.987,412.57,118.719,282.977,92.598,27.86
2018-07-23 21:00:00,54.786,49.035,52.845,20.585,57.47,352.345,95.993,241.9,73.534,24.832
2018-07-23 22:00:00,43.237,40.134,42.148,17.309,45.172,290.979,77.141,191.602,61.487,19.045
2018-07-23 23:00:00,37.957,33.381,35.095,14.441,38.382,239.132,66.518,161.298,47.701,15.316
2018-07-24 00:00:00,34.848,29.7,30.344,12.715,33.791,216.461,60.632,143.347,42.052,14.283
2018-07-24 01:00:00,32.944,28.814,27.325,11.573,32.473,207.22,56.458,132.467,38.664,15.866
2018-07-24 02:00:00,31.961,27.517,26.338,11.992,31.603,204.41,54.106,129.16,38.598,12.954
2018-07-24 03:00:00,32.455,27.358,28.334,11.772,30.977,207.916,54.303,129.26,41.035,13.243
2018-07-24 04:00:00,33.943,30.143,31.151,12.059,32.567,223.712,60.878,141.349,49.069,15.848
2018-07-24 05:00:00,40.856,38.926,37.774,14.058,39.313,258.594,68.627,170.668,59.144,20.258
2018-07-24 06:00:00,49.33,42.627,44.733,19.208,50.137,306.4,83.744,213.135,69.325,23.622
2018-07-24 07:00:00,62.057,51.216,51.364,25.184,64.192,353.554,100.283,239.677,78.597,30.17
2018-07-24 08:00:00,67.009,59.899,55.343,27.63,75.036,403.193,115.008,275.546,83.644,30.938
2018-07-24 09:00:00,74.942,70.17,60.977,31.711,82.82,454.473,134.068,320.02,95.5,32.455
2018-07-24 10:00:00,84.897,78.895,63.998,31.651,86.545,479.712,140.398,353.2,108.64,33.151
2018-07-24 11:00:00,86.947,83.367,68.812,34.048,90.63,494.056,150.784,358.146,118.486,33.921
2018-07-24 12:00:00,88.631,84.006,71.732,35.88,94.615,515.311,156.191,368.539,121.737,31.811
2018-07-24 13:00:00,92.062,86.238,68.685,37.3,100.623,526.163,155.798,370.804,124.845,32.751
2018-07-24 14:00:00,91.743,86.18,67.241,40.531,102.58,541.382,157.12,377.158,132.454,33.134
2018-07-24 15:00:00,94.231,92.216,71.414,38.442,103.48,542.747,154.262,398.523,141.249,37.009
2018-07-24 16:00:00,86.728,92.65,74.505,39.397,105.773,514.206,142.31,397.437,143.616,41.23
2018-07-24 17:00:00,79.896,85.464,74.701,35.6,103.584,485.991,132.05,383.634,136.882,36.643
2018-07-24 18:00:00,77.655,79.391,69.667,33.497,104.795,473.135,131.31,359.659,126.166,39.064
2018-07-24 19:00:00,72.674,71.809,63.688,32.058,96.33,448.92,125.79,335.241,115.541,33.152
2018-07-24 20:00:00,64.855,65.176,64.957,28.555,80.268,413.882,113.924,299.159,100.251,34.058
2018-07-24 21:00:00,53.711,53.25,57.209,23.209,66.531,358.31,95.329,250.352,79.402,28.15
2018-07-24 22:00:00,45.654,42.01,41.99,18.386,55.478,290.17,74.079,198.863,63.347,20.618
2018-07-24 23:00:00,39.595,34.132,34.417,14.573,49.232,248.139,64.704,164.897,54.369,16.811
2018-07-25 00:00:00,37.693,30.894,29.479,12.315,41.595,222.207,57.546,148.156,47.786,15.464
2018-07-25 01:00:00,33.44,29.845,27.802,11.594,38.661,212.046,55.711,141.686,43.688,14.09
2018-07-25 02:00:00,33.243,28.667,26.598,10.621,36.827,207.84,54.654,136.207,44.213,13.52
2018-07-25 03:00:00,33.768,28.597,26.492,10.959,37.847,204.855,53.918,137.451,44.667,13.095
2018-07-25 04:00:00,37.556,30.619,29.632,11.433,41.281,223.002,59.131,149.018,47.179,14.631
2018-07-25 05:00:00,41.949,38.798,39.977,17.349,50.927,264.257,71.381,180.079,55.546,17.462
2018-07-25 06:00:00,48.73,45.624,49.575,20.734,59.098,317.841,90.943,225.246,69.418,20.502
2018-07-25 07:00:00,62.138,50.563,60.19,25.124,64.067,361.7,107.708,272.04,83.955,22.988
2018-07-25 08:00:00,72.539,56.311,64.478,28.583,73.886,421.045,125.508,317.332,97.665,23.222
2018-07-25 09:00:00,77.752,66.533,67.194,32.555,81.17,449.723,140.113,357.253,105.402,25.772
2018-07-25 10:00:00,78.406,79.842,73.122,34.18,82.974,484.629,148.734,369.88,113.814,27.762
2018-07-25 11:00:00,81.305,78.056,72.728,34.132,86.552,499.775,152.518,385.97,117.989,28.031
2018-07-25 12:00:00,83.478,81.162,70.349,35.192,85.556,495.86,146.527,394.145,120.983,28.334
2018-07-25 13:00:00,80.68,80.413,64.393,37.589,76.602,500.366,143.949,388.627,127.103,27.628
2018-07-25 14:00:00,77.452,78.818,65.784,36.766,73.094,484.363,130.688,383.151,127.719,27.852
2018-07-25 15:00:00,77.595,77.418,65.731,37.333,76.804,471.614,130.912,368.1,125.792,29.613
2018-07-25 16:00:00,74.571,78.54,62.36,33.685,76.423,459.292,132.001,359.127,125.452,30.629
2018-07-25 17:00:00,69.748,76.494,60.664,31.469,74.928,432.461,120.894,335.928,117.072,28.002
2018-07-25 18:00:00,65.718,67.493,57.351,30.17,72.365,406.523,119.666,311.581,106.888,27.439
2018-07-25 19:00:00,62.476,64.554,55.529,29.129,73.109,402.233,118.094,302.894,101.122,25.938
2018-07-25 20:00:00,58.378,60.366,54.265,25.54,66.235,376.154,112.342,279.406,93.952,25.118
2018-07-25 21:00:00,47.103,53.672,47.269,20.734,56.388,319.024,93.934,233.112,75.726,23.185
2018-07-25 22:00:00,39.91,42.36,38.186,18.144,45.347,261.078,74.177,192.267,61.228,18.3
2018-07-25 23:00:00,35.895,36.614,31.57,14.199,39.189,227.6,63.335,165.25,49.503,14.949
2018-07-26 00:00:00,33.169,33.106,27.257,12.568,35.568,204.212,57.147,148.882,45.491,14.027
2018-07-26 01:00:00,31.701,30.859,26.051,12.209,33.814,194.295,56.533,138.342,43.715,13.446
2018-07-26 02:00:00,32.073,29.746,24.972,12.973,33.298,190.9,54.128,133.905,41.755,12.743
2018-07-26 03:00:00,32.392,29.737,25.256,12.284,33.23,190.288,54.03,133.465,45.591,13.627
2018-07-26 04:00:00,34.302,33.356,30.109,14.102,35.112,207.643,60.753,144.778,46.164,14.845
2018-07-26 05:00:00,39.438,37.964,39.125,16.388,40.86,243.532,70.226,165.839,55.442,17.163
2018-07-26 06:00:00,46.649,42.071,42.988,19.265,49.574,276.187,81.538,193.366,63.708,18.474
2018-07-26 07:00:00,54.955,43.809,45.251,18.605,53.646,320.911,92.477,216.512,74.558,21.164
2018-07-26 08:00:00,63.223,49.504,48.864,20.332,57.975,360.993,104.665,256.334,86.821,24.931
2018-07-26 09:00:00,70.985,58.279,53.62,25.885,66.961,391.755,119.932,299.181,98.485,23.339
2018-07-26 10:00:00,74.17,61.634,59.665,28.59,70.262,427.192,126.245,324.731,111.843,23.828
2018-07-26 11:00:00,77.414,66.365,62.719,29.207,71.932,426.394,132.858,321.718,116.158,28.525
2018-07-26 12:00:00,78.693,66.791,59.925,28.532,75.573,427.387,127.422,322.941,121.89,30.831
2018-07-26 13:00:00,77.469,64.799,53.867,28.572,76.869,424.67,118.177,335.282,114.095,30.557
2018-07-26 14:00:00,73.567,67.395,53.376,26.67,75.318,410.817,113.349,318.533,104.582,32.803
2018-07-26 15:00:00,69.636,65.599,59.606,28.732,81.06,423.406,110.013,295.439,104.373,34.726
2018-07-26 16:00:00,72.429,66.991,67.552,28.931,87.162,422.68,118.12,305.624,108.919,37.509
2018-07-26 17:00:00,71.185,66.288,67.978,29.225,87.657,423.1,119.861,304.059,106.062,37.03
2018-07-26 18:00:00,68.851,62.569,67.684,27.982,87.346,420.236,118.047,308.649,101.293,37.004
2018-07-26 19:00:00,64.931,59.126,62.901,27.394,82.127,406.586,113.76,299.663,96.002,34.551
2018-07-26 20:00:00,58.899,58.445,58.307,25.268,70.553,370.924,107.508,281.483,87.822,30.254
2018-07-26 21:00:00,49.278,46.56,46.157,22.656,57.351,320.731,87.311,238.06,73.07,22.644
2018-07-26 22:00:00,38.939,37.277,35.469,15.006,45.45,247.641,66.902,189.943,56.723,16.91
2018-07-26 23:00:00,33.76,31.739,27.201,12.258,36.727,204.673,56.379,157.498,47.997,13.751
2018-07-27 00:00:00,30.006,28.211,25.102,10.994,30.792,184.059,46.983,141.79,40.868,12.313
2018-07-27 01:00:00,27.234,25.807,22.756,9.868,28.721,175.06,44.4,131.649,38.12,11.441
2018-07-27 02:00:00,27.02,24.76,21.963,9.155,27.852,169.884,42.838,127.307,37.163,10.412
2018-07-27 03:00:00,26.999,25.03,22.37,10.052,27.08,169.515,43.323,126.68,37.759,11.074
2018-07-27 04:00:00,31.752,27.783,24.166,10.916,31.126,188.446,48.422,137.01,39.778,14.032
2018-07-27 05:00:00,34.574,31.176,31.902,12.813,38.795,218.084,57.784,173.248,46.052,16.911
2018-07-27 06:00:00,40.872,38.929,36.635,15.428,42.234,265.166,75.017,211.338,55.735,18.055
2018-07-27 07:00:00,51.263,43.688,41.032,18.337,46.109,310.099,86.892,257.302,71.655,18.758
2018-07-27 08:00:00,63.526,55.161,49.532,23.787,53.193,366.592,105.003,305.95,89.078,21.383
2018-07-27 09:00:00,73.666,63.907,56.265,28.671,62.468,419.789,125.413,360.339,105.822,26.869
2018-07-27 10:00:00,85.654,74.068,67.06,33.881,74.183,464.762,138.949,388.565,120.8,28.966
2018-07-27 11:00:00,89.853,84.509,76.763,36.871,86.726,496.357,150.587,415.027,130.756,33.636
2018-07-27 12:00:00,94.332,86.263,78.341,32.604,92.669,519.59,161.324,428.515,139.354,32.41
2018-07-27 13:00:00,91.853,86.838,77.193,31.275,96.95,532.866,163.948,440.238,145.267,32.49
2018-07-27 14:00:00,94.332,84.918,79.703,33.706,89.709,534.951,159.99,431.442,149.3,31.425
2018-07-27 15:00:00,93.173,81.474,82.594,34.269,77.579,549.044,158.536,432.627,149.843,30.908
2018-07-27 16:00:00,83.853,73.298,71.835,33.333,75.754,538.024,141.715,427.649,147.341,30.612
2018-07-27 17:00:00,73.102,67.962,66.169,30.367,76.179,493.213,121.509,399.367,135.022,28.692
2018-07-27 18:00:00,66.593,62.228,60.29,27.81,70.36,430.52,112.993,373.622,118.263,25.496
2018-07-27 19:00:00,62.445,61.261,57.775,25.433,67.432,394.246,109.644,348.774,111.027,24.256
2018-07-27 20:00:00,58.855,56.711,54.118,23.621,63.315,364.218,99.938,309.576,96.821,24.433
2018-07-27 21:00:00,48.667,46.009,43.593,20.182,55.197,305.57,83.545,251.743,80.513,19.811
2018-07-27 22:00:00,38.991,37.174,32.191,15.117,42.976,240.346,66.549,199.16,62.007,15.013
2018-07-27 23:00:00,33.151,31.863,27.491,12.668,36.104,199.168,54.463,164.551,49.78,12.908
2018-07-28 00:00:00,29.843,26.569,24.997,11.593,32.468,181.077,50.528,147.164,44.726,11.276
2018-07-28 01:00:00,27.647,20.878,23.159,10.474,29.706,173.317,49.128,133.455,41.278,11.084
2018-07-28 02:00:00,27.074,20.8,22.015,10.413,28.149,168.646,46.465,130.248,39.659,10.664
2018-07-28 03:00:00,25.917,21.525,21.307,10.267,28.032,166.156,44.961,125.42,38.038,10.715
2018-07-28 04:00:00,28.447,22.424,24.056,10.82,29.385,168.409,47.348,125.157,37.899,11.146
2018-07-28 05:00:00,30.537,26.147,26.333,12.336,33.587,181.658,49.968,129.761,38.697,12.856
2018-07-28 06:00:00,36.019,30.48,32.403,13.473,37.974,226.539,62.564,163.36,49.551,15.6
2018-07-28 07:00:00,47.107,40.342,43.45,16.734,46.019,286.482,81.101,212.525,62.617,19.23
2018-07-28 08:00:00,57.106,46.873,51.202,21.135,56.992,332.588,97.003,266.877,83.57,24.392
2018-07-28 09:00:00,63.179,59.782,57.982,25.251,61.084,366.551,112.962,325.058,99.11,26.693
2018-07-28 10:00:00,73.157,68.041,62.836,31.484,72.164,401.48,124.293,359.947,112.017,27.961
2018-07-28 11:00:00,82.092,75.17,67.452,32.003,81.995,437.259,128.983,376.917,121.547,33.631
2018-07-28 12:00:00,82.68,79.402,76.303,34.009,85.509,453.935,139.519,388.925,127.071,34.318
2018-07-28 13:00:00,86.62,83.097,76.055,36.231,88.877,468.458,144.443,395.975,129.47,34.782
2018-07-28 14:00:00,85.635,87.574,76.7,38.38,93.568,473.893,145.795,395.942,129.542,35.943
2018-07-28 15:00:00,82.27,90.564,77.943,38.186,94.45,494.518,139.108,369.919,125.537,34.641
2018-07-28 16:00:00,75.788,89.718,73.88,38.594,91.379,502.505,124.44,358.259,121.768,33.84
2018-07-28 17:00:00,66.077,83.162,69.461,35.697,88.023,450.941,110.293,338.733,101.758,32.285
2018-07-28 18:00:00,63.495,72.991,64.013,31.972,85.127,387.518,99.103,306.319,92.865,30.21
2018-07-28 19:00:00,59.338,67.799,59.698,29.338,77.977,372.295,99.3,290.137,87.548,28.736
2018-07-28 20:00:00,56.191,62.251,54.34,29.113,71.52,343.572,95.809,269.108,82.611,26.541
2018-07-28 21:00:00,46.681,52.094,45.823,24.323,58.792,282.991,77.795,236.542,70.853,23.398
2018-07-28 22:00:00,36.641,40.197,36.655,16.919,44.147,228.497,62.726,184.007,54.3,16.317
2018-07-28 23:00:00,31.234,32.862,27.942,13.32,35.559,195.955,55.137,153.912,42.151,13.099
2018-07-29 00:00:00,27.633,29.152,24.05,11.529,30.873,174.043,46.273,133.399,36.852,11.839
2018-07-29 01:00:00,25.494,26.435,22.623,9.808,29.444,162.307,43.219,120.758,34.709,11.159
2018-07-29 02:00:00,25.281,25.173,21.115,9.269,27.665,154.746,41.282,115.87,34.471,10.798
2018-07-29 03:00:00,25.137,24.654,21.718,9.324,26.939,149.696,40.575,113.965,33.232,11.231
2018-07-29 04:00:00,25.314,26.778,22.37,10.488,28.518,150.786,44.205,117.929,33.329,11.728
2018-07-29 05:00:00,28.404,28.689,23.787,10.948,29.668,159.24,46.804,128.266,39.491,12.717
2018-07-29 06:00:00,35.82,34.91,30.125,13.796,34.334,200.628,56.78,158.439,49.93,14.185
2018-07-29 07:00:00,45.051,44.025,39.638,16.955,45.149,244.183,71.659,201.094,65.096,18.25
2018-07-29 08:00:00,53.733,55.561,47.04,20.163,53.541,295.757,85.5,240.025,80.669,21.54
2018-07-29 09:00:00,61.797,60.875,55.069,23.356,58.896,319.463,98.124,282.085,87.309,25.369
2018-07-29 10:00:00,66.122,68.548,56.476,26.816,69.105,347.561,108.858,301.514,91.524,27.936
2018-07-29 11:00:00,67.872,70.619,61.088,28.668,70.755,369.592,110.184,314.409,105.413,30.405
2018-07-29 12:00:00,68.006,72.587,59.842,26.059,74.5,386.151,115.532,329.155,107.261,32.138
2018-07-29 13:00:00,70.91,72.83,63.217,28.129,79.767,399.98,120.481,337.679,108.072,34.779
2018-07-29 14:00:00,73.585,73.927,65.264,29.065,85.397,418.905,128.467,343.343,109.947,33.479
2018-07-29 15:00:00,75.267,79.676,69.619,29.39,92.51,437.289,137.868,351.863,121.497,35.58
2018-07-29 16:00:00,74.285,78.7,73.513,32.215,91.408,440.701,145.301,365.659,121.371,37.307
2018-07-29 17:00:00,71.689,73.159,67.017,31.039,90.692,423.512,136.459,353.262,118.166,36.25
2018-07-29 18:00:00,66.733,68.469,64.678,29.487,83.671,406.509,124.98,325.575,109.54,31.902
2018-07-29 19:00:00,58.717,60.775,60.514,25.193,76.103,376.03,116.944,299.946,100.476,32.997
2018-07-29 20:00:00,52.638,45.821,53.485,21.648,65.656,345.632,104.876,273.941,94.242,27.786
2018-07-29 21:00:00,44.432,31.752,42.4,16.145,51.33,290.931,80.789,227.103,73.919,23.622
2018-07-29 22:00:00,34.47,29.233,31.809,12.442,39.421,235.253,63.848,180.547,55.924,15.968
2018-07-29 23:00:00,27.989,23.875,25.021,10.792,31.747,194.731,52.723,146.462,44.655,13.358
2018-07-30 00:00:00,25.782,21.075,22.084,10.099,27.883,170.83,45.226,128.29,38.12,12.968
2018-07-30 01:00:00,24.362,20.837,20.245,9.467,26.299,157.795,43.168,117.679,36.258,11.165
2018-07-30 02:00:00,25.089,21.677,19.993,9.912,25.882,152.2,41.163,112.574,33.262,10.418
2018-07-30 03:00:00,25.681,22.464,21.427,10.851,26.91,154.181,43.589,113.316,32.128,11.042
2018-07-30 04:00:00,27.469,24.859,26.219,12.504,29.649,164.306,48.989,125.496,36.144,11.867
2018-07-30 05:00:00,32.284,29.387,30.667,14.484,34.938,188.668,56.426,151.373,46.652,15.35
2018-07-30 06:00:00,36.751,33.276,38.086,17.316,44.37,229.127,65.723,183.565,55.038,19.679
2018-07-30 07:00:00,41.234,38.457,39.249,16.142,44.762,270.628,75.532,217.259,62.259,18.75
2018-07-30 08:00:00,48.203,43.425,49.358,17.55,51.118,318.065,89.444,251.827,73.987,18.322
2018-07-30 09:00:00,54.755,50.513,55.932,20.841,54.791,363.485,104.432,301.635,85.357,19.88
2018-07-30 10:00:00,60.316,52.45,56.596,24.406,63.865,404.786,118.15,332.169,98.635,23.332
2018-07-30 11:00:00,69.373,45.536,61.324,28.188,68.394,420.017,126.531,351.183,107.32,26.947
2018-07-30 12:00:00,71.792,36.412,65.313,29.143,75.676,434.62,129.124,368.355,112.962,28.364
2018-07-30 13:00:00,77.188,35.902,65.259,30.738,79.561,443.9,133.403,366.879,119.934,31.995
2018-07-30 14:00:00,80.207,34.668,67.98,32.339,85.071,458.19,138.397,369.256,128.796,33.865
2018-07-30 15:00:00,81.065,38.061,71.917,34.798,92.679,469.068,141.755,375.115,129.13,38.56
2018-07-30 16:00:00,76.667,41.729,68.599,38.827,92.962,456.154,138.685,363.804,130.652,39.224
2018-07-30 17:00:00,72.406,48.207,66.345,35.153,87.242,430.904,128.478,327.828,118.889,36.531
2018-07-30 18:00:00,67.516,47.267,59.546,31.094,80.385,401.564,117.445,306.182,103.353,32.648
2018-07-30 19:00:00,61.247,47.314,59.322,27.263,72.071,381.273,115.42,300.478,98.848,29.38
2018-07-30 20:00:00,56.896,44.931,54.79,24.3,61.438,344.18,106.924,268.807,90.425,27.001
2018-07-30 21:00:00,45.03,39.165,41.995,20.674,51.332,292.803,85.499,223.819,71.116,21.974
2018-07-30 22:00:00,37.154,29.581,31.656,14.345,38.535,235.729,65.761,175.582,56.727,16.516
2018-07-30 23:00:00,30.002,23.856,25.749,11.276,31.221,197.322,53.573,148.871,43.292,13.645
2018-07-31 00:00:00,27.581,21.63,23.555,10.075,28.375,175.971,46.34,132.766,37.652,12.114
2018-07-31 01:00:00,25.432,20.633,20.851,9.803,26.269,163.488,43.643,120.327,35.383,11.007
2018-07-31 02:00:00,25.143,20.783,20.576,9.912,26.646,156.448,42.485,115.014,34.575,10.581
2018-07-31 03:00:00,25.002,21.045,21.233,11.14,26.418,154.537,41.774,116.195,34.008,11.051
2018-07-31 04:00:00,28.924,24.661,24.559,12.139,29.175,165.826,47.39,127.765,38.067,12.523
2018-07-31 05:00:00,33.021,28.635,32.517,14.806,38.747,190.886,53.707,150.722,43.847,14.817
2018-07-31 06:00:00,38.166,31.649,35.964,15.551,42.613,224.43,65.385,181.897,56.584,16.811
2018-07-31 07:00:00,47.156,33.939,37.861,17.358,45.639,271.234,76.258,224.007,67.14,20.255
2018-07-31 08:00:00,56.931,38.594,47.174,16.832,52.225,320.932,89.827,262.202,76.107,23.461
2018-07-31 09:00:00,63.86,44.102,55.34,20.489,63.804,365.06,106.875,298.848,85.495,25.983
2018-07-31 10:00:00,76.521,51.559,65.025,25.483,70.511,404.768,120.437,335.137,98.254,25.706
2018-07-31 11:00:00,81.297,58.251,66.964,27.179,76.721,430.249,128.85,350.519,108.125,28.18
2018-07-31 12:00:00,82.414,64.578,67.207,27.845,83.83,451.311,143.99,363.541,117.674,30.122
2018-07-31 13:00:00,82.416,72.299,70.716,30.236,90.044,463.868,149.903,368.144,126.413,36.948
2018-07-31 14:00:00,84.737,73.884,76.377,30.211,92.112,476.26,153.029,377.663,132.05,42.331
2018-07-31 15:00:00,86.972,83.01,81.261,31.577,99.32,500.935,156.138,386.892,139.497,41.516
2018-07-31 16:00:00,88.576,85.254,79.809,34.27,96.168,505.658,162.693,385.104,142.064,39.532
2018-07-31 17:00:00,85.011,85.343,73.243,36.947,91.181,492.041,148.883,369.204,137.781,36.627
2018-07-31 18:00:00,81.469,78.622,68.111,34.507,83.441,462.843,142.92,339.539,131.364,33.936
2018-07-31 19:00:00,70.518,69.478,66.911,28.612,77.513,436.141,132.365,316.402,115.548,31.791
2018-07-31 20:00:00,63.695,64.403,59.696,26.451,71.198,401.122,121.906,279.635,97.274,30.819
2018-07-31 21:00:00,54.831,51.67,46.456,20.416,57.378,333.905,101.24,229.021,75.72,26.492
2018-07-31 22:00:00,44.926,41.383,35.225,14.223,43.703,263.264,80.219,184.538,56.175,18.731
2018-07-31 23:00:00,37.723,32.71,28.257,11.423,35.691,223.332,65.838,155.973,45.543,15.557
2018-08-01 00:00:00,34.014,29.781,24.293,10.083,31.985,196.033,59.151,136.646,40.503,13.336
2018-08-01 01:00:00,29.285,25.161,22.343,9.515,28.477,181.646,51.607,124.538,38.043,12.359
2018-08-01 02:00:00,27.111,22.92,21.23,9.239,27.719,172.608,47.692,118.089,34.935,11.962
2018-08-01 03:00:00,26.743,24.324,21.607,9.906,28.13,171.174,45.403,117.137,34.497,11.741
2018-08-01 04:00:00,29.119,25.508,22.793,11.831,30.344,177.944,47.403,124.84,37.236,11.938
2018-08-01 05:00:00,33.628,30.73,27.064,13.284,36.052,204.09,56.739,146.751,48.062,16.009
2018-08-01 06:00:00,40.649,38.085,34.219,16.067,42.612,249.699,72.379,181.268,61.756,17.376
2018-08-01 07:00:00,52.585,43.409,42.377,18.957,50.591,284.824,81.115,222.607,73.984,17.247
2018-08-01 08:00:00,58.602,50.439,47.02,21.992,56.012,332.534,94.328,264.302,84.099,18.175
2018-08-01 09:00:00,63.686,53.843,48.509,27.221,64.348,345.376,106.929,300.713,90.951,21.732
2018-08-01 10:00:00,71.987,61.305,53.318,32.895,67.969,368.647,115.999,308.306,95.474,23.89
2018-08-01 11:00:00,70.341,66.93,51.698,29.73,70.92,365.269,113.843,309.237,97.193,28.084
2018-08-01 12:00:00,70.019,62.867,49.678,29.782,71.139,367.686,108.904,301.846,98.302,29.691
2018-08-01 13:00:00,64.545,59.078,48.842,31.153,71.212,360.64,110.291,285.438,94.638,25.699
2018-08-01 14:00:00,62.524,60.351,46.85,27.708,63.007,353.677,108.862,273.198,89.784,24.1
2018-08-01 15:00:00,58.571,58.643,52.362,26.191,62.86,355.616,103.357,270.205,86.93,24.498
2018-08-01 16:00:00,55.477,57.334,53.64,25.096,65.088,358.841,100.062,268.093,92.717,26.628
2018-08-01 17:00:00,55.193,53.789,53.001,25.93,65.605,362.847,97.823,261.633,89.489,25.537
2018-08-01 18:00:00,54.074,50.405,51.671,23.258,66.527,360.165,92.544,265.16,79.163,26.726
2018-08-01 19:00:00,52.321,47.465,55.346,22.969,65.978,349.443,93.815,264.325,78.683,26.583
2018-08-01 20:00:00,48.906,50.778,52.226,23.08,66.728,326.3,94.68,251.186,80.764,27.073
2018-08-01 21:00:00,42.774,44.228,44.927,19.108,52.597,272.895,80.505,218.214,67.03,21.402
2018-08-01 22:00:00,37.39,35.908,37.308,14.925,43.167,224.296,63.555,176.366,50.511,17.461
2018-08-01 23:00:00,32.602,29.808,33.257,11.98,36.467,193.468,54.739,151.967,40.999,14.221
2018-08-02 00:00:00,30.403,26.929,30.554,10.819,32.985,177.475,48.466,136.275,37.623,12.788
2018-08-02 01:00:00,28.083,24.521,29.381,10.373,30.113,175.382,47.15,131.754,35.762,12.165
2018-08-02 02:00:00,28.083,22.074,26.588,9.39,29.517,173.894,45.889,130.14,35.181,11.858
2018-08-02 03:00:00,29.414,23.717,27.695,10.936,29.279,179.153,46.547,135.712,37.124,12.866
2018-08-02 04:00:00,32.304,26.238,30.337,11.544,32.677,198.826,49.955,148.426,41.575,13.696
2018-08-02 05:00:00,36.403,30.823,34.569,14.441,40.305,244.571,61.211,181.63,51.62,16.403
2018-08-02 06:00:00,45.525,37.078,45.401,17.637,49.786,303.077,81.214,240.225,66.67,19.524
2018-08-02 07:00:00,53.609,45.478,56.02,20.088,57.339,367.521,108.805,302.096,83.927,21.779
2018-08-02 08:00:00,65.542,57.592,62.14,26.84,68.891,436.942,125.193,346.365,108.429,23.985
2018-08-02 09:00:00,74.834,65.927,67.616,29.155,80.273,474.839,144.758,393.875,120.111,28.808
2018-08-02 10:00:00,83.659,78.078,71.074,30.004,87.482,500.345,147.082,423.667,126.257,31.493
2018-08-02 11:00:00,88.225,82.448,74.928,32.151,93.719,520.576,156.204,438.119,131.915,33.783
2018-08-02 12:00:00,88.441,80.939,76.343,36.176,93.219,532.706,161.912,440.383,140.283,32.714
2018-08-02 13:00:00,88.645,83.057,79.467,35.652,97.397,539.813,164.808,444.744,142.263,35.866
2018-08-02 14:00:00,90.4,90.607,79.842,35.853,98.564,548.911,163.688,457.994,150.359,38.096
2018-08-02 15:00:00,90.425,88.233,77.105,37.571,98.436,554.56,164.131,459.978,153.284,40.691
2018-08-02 16:00:00,94.162,89.488,73.27,37.968,97.508,536.035,161.863,452.956,149.446,40.947
2018-08-02 17:00:00,89.49,87.023,76.139,36.787,91.898,499.568,152.732,419.888,135.678,35.796
2018-08-02 18:00:00,85.593,78.156,68.966,35.072,87.96,462.087,140.48,385.098,128.76,33.778
2018-08-02 19:00:00,77.55,76.196,63.736,32.4,82.885,442.693,136.569,366.259,121.73,33.404
2018-08-02 20:00:00,69.976,69.446,58.096,32.263,76.279,400.496,125.921,335.153,109.455,29.597
2018-08-02 21:00:00,59.403,59.395,48.814,26.638,58.682,342.223,106.991,287.527,90.705,24.43
2018-08-02 22:00:00,49.847,48.501,39.282,18.85,47.249,277.966,85.557,235.059,72.245,19.484
2018-08-02 23:00:00,41.675,39.636,33.31,14.395,40.433,238.127,69.825,200.346,60.114,15.872
2018-08-03 00:00:00,35.903,33.895,30.21,12.48,34.819,215.527,61.395,179.178,53.069,14.201
2018-08-03 01:00:00,33.106,30.73,27.542,11.311,30.703,202.303,56.617,159.534,48.736,13.039
2018-08-03 02:00:00,32.481,29.068,26.152,10.509,29.506,191.419,54.755,151.67,45.893,11.714
2018-08-03 03:00:00,31.336,28.376,26.663,10.895,28.91,193.445,54.596,148.051,44.685,12.324
2018-08-03 04:00:00,33.516,29.816,29.087,11.595,31.846,204.755,55.679,155.735,46.21,13.694
2018-08-03 05:00:00,38.026,33.481,33.931,13.198,38.008,239.98,68.172,188.608,57.741,16.348
2018-08-03 06:00:00,47.744,41.253,44.938,14.272,41.725,298.684,86.602,240.553,74.185,16.935
2018-08-03 07:00:00,60.431,47.759,49.566,15.37,47.785,351.277,109.734,297.889,89.594,20.783
2018-08-03 08:00:00,71.485,58.622,53.471,19.398,54.678,410.352,125.635,336.951,106.477,21.931
2018-08-03 09:00:00,77.782,66.071,58.608,22.931,64.118,451.064,140.03,378.459,118.365,24.835
2018-08-03 10:00:00,82.461,72.174,63.279,26.241,68.546,489.876,147.316,408.675,130.132,27.467
2018-08-03 11:00:00,82.707,78.491,68.228,25.849,73.86,506.723,149.337,427.961,137.001,30.215
2018-08-03 12:00:00,85.101,78.375,66.745,25.738,77.111,513.045,151.349,435.945,139.406,32.978
2018-08-03 13:00:00,87.173,81.778,66.021,27.608,75.239,511.613,150.721,420.338,137.146,32.199
2018-08-03 14:00:00,85.539,86.403,70.34,28.117,69.514,511.981,159.903,397.736,142.047,29.257
2018-08-03 15:00:00,82.475,86.259,75.911,31.779,66.389,494.392,155.741,366.17,144.719,28.321
2018-08-03 16:00:00,74.325,82.307,72.297,32.693,69.849,445.718,138.388,344.399,136.383,29.347
2018-08-03 17:00:00,70.321,72.789,64.321,28.245,71.391,411.542,123.099,326.978,117.264,29.915
2018-08-03 18:00:00,68.409,67.99,59.436,26.84,69.035,381.424,113.489,289.598,101.101,31.56
2018-08-03 19:00:00,63.969,61.102,60.912,23.96,66.045,366.798,108.408,280.446,99.584,29.643
2018-08-03 20:00:00,58.329,60.847,54.273,22.723,61.804,346.035,102.883,266.375,87.177,29.448
2018-08-03 21:00:00,50.181,51.128,44.029,19.202,51.263,295.953,85.181,223.352,73.608,26.519
2018-08-03 22:00:00,40.689,42.531,36.909,17.226,42.244,238.093,67.646,180.39,62.094,18.765
2018-08-03 23:00:00,35.253,35.03,29.386,11.068,35.938,201.856,58.541,156.734,47.399,15.17
2018-08-04 00:00:00,32.356,31.048,26.66,10.622,33.921,183.719,54.66,138.439,42.597,13.225
2018-08-04 01:00:00,30.282,28.464,24.379,9.655,31.362,177.233,52.181,128.042,39.235,13.115
2018-08-04 02:00:00,29.911,27.613,23.298,9.32,29.673,171.434,51.395,122.209,39.02,12.241
2018-08-04 03:00:00,29.096,27.266,23.435,9.615,29.858,170.134,50.714,121.351,38.148,11.763
2018-08-04 04:00:00,29.995,27.385,25.249,9.832,33.166,175.984,48.111,120.81,37.52,11.847
2018-08-04 05:00:00,31.411,26.609,26.487,10.574,34.541,186.053,50.764,126.446,39.224,11.69
2018-08-04 06:00:00,35.454,29.157,32.967,13.166,37.668,219.662,62.668,168.628,45.53,14.076
2018-08-04 07:00:00,41.967,37.547,40.495,16.165,45.143,269.461,80.574,226.233,56.854,17.54
2018-08-04 08:00:00,50.675,44.511,43.74,17.684,51.098,295.882,92.623,268.011,73.135,19.724
2018-08-04 09:00:00,53.077,45.15,47.07,16.287,53.903,310.706,95.531,286.138,79.993,22.372
2018-08-04 10:00:00,53.932,43.498,52.333,16.417,56.666,305.394,93.008,278.076,73.425,27.823
2018-08-04 11:00:00,56.178,43.695,56.956,18.247,65.096,307.388,99.295,275.643,75.354,28.398
2018-08-04 12:00:00,60.067,42.562,54.513,20.847,67.045,315.177,102.921,266.746,76.726,31.464
2018-08-04 13:00:00,64.484,43.078,57.825,22.49,74.234,333.587,107.524,254.166,83.032,36.325
2018-08-04 14:00:00,64.999,49.753,63.347,25.876,81.082,367.866,105.683,260.981,87.414,36.932
2018-08-04 15:00:00,71.423,58.482,64.708,27.785,98.61,409.628,112.067,289.777,96.206,41.068
2018-08-04 16:00:00,72.162,64.308,66.301,31.021,98.59,409.903,119.906,321.873,99.924,41.158
2018-08-04 17:00:00,73.022,69.053,70.565,32.789,88.389,405.734,121.201,310.87,106.063,37.532
2018-08-04 18:00:00,68.4,60.928,66.492,30.035,81.268,402.806,121.897,298.183,108.434,34.084
2018-08-04 19:00:00,65.972,49.229,61.35,30.001,76.32,390.215,121.489,292.399,102.676,34.001
2018-08-04 20:00:00,57.03,44.66,54.387,26.122,71.428,364.284,112.774,268.968,91.62,31.221
2018-08-04 21:00:00,50.814,34.742,44.81,24.118,56.396,310.407,92.968,225.601,74.842,23.18
2018-08-04 22:00:00,42.994,29.785,35.923,17.48,46.019,241.166,75.505,180.167,54.176,17.667
2018-08-04 23:00:00,31.524,26.078,29.269,14.341,37.173,204.654,61.692,158.057,41.887,14.381
2018-08-05 00:00:00,28.572,23.452,24.861,11.58,31.488,184.295,49.401,136.477,37.606,12.764
2018-08-05 01:00:00,27.501,22.272,22.432,9.832,29.524,173.687,45.509,122.187,36.372,12.208
2018-08-05 02:00:00,25.753,20.746,20.886,8.868,27.931,165.721,44.33,117.315,35.713,11.128
2018-08-05 03:00:00,25.764,21.394,20.851,9.814,27.026,158.533,44.521,119.456,35.164,11.129
2018-08-05 04:00:00,25.977,22.457,20.787,10.803,27.546,152.709,44.041,125.622,34.969,11.409
2018-08-05 05:00:00,28.499,25.411,22.326,10.779,30.937,161.513,46.494,136.955,37.274,12.201
2018-08-05 06:00:00,34.57,30.407,27.707,12.223,36.425,202.27,57.747,166.082,48.053,14.182
2018-08-05 07:00:00,43.404,40.354,38.798,14.463,45.725,260.444,75.325,207.808,62.298,18.43
2018-08-05 08:00:00,52.664,48.789,55.227,20.427,52.908,312.385,93.987,257.596,80.045,20.853
2018-08-05 09:00:00,64.151,59.152,64.621,23.967,62.053,361.693,109.129,300.199,97.522,25.78
2018-08-05 10:00:00,75.555,69.211,70.05,27.789,74.319,405.226,118.992,335.055,111.245,32.032
2018-08-05 11:00:00,79.011,78.854,73.508,31.802,84.789,443.17,133.458,365.867,120.634,36.87
2018-08-05 12:00:00,82.702,84.346,75.116,33.961,96.126,464.176,151.37,374.703,121.334,38.382
2018-08-05 13:00:00,86.153,88.626,77.879,38.639,96.869,480.337,152.596,374.374,128.769,42.091
2018-08-05 14:00:00,91.006,93.105,80.392,37.277,101.982,497.331,151.888,371.975,135.744,41.643
2018-08-05 15:00:00,91.101,92.179,87.57,41.264,108.573,512.22,159.271,379.921,140.052,43.198
2018-08-05 16:00:00,90.364,91.035,81.564,39.741,105.656,517.259,159.408,390.908,141.437,45.635
2018-08-05 17:00:00,88.068,89.8,81.517,39.735,100.362,508.172,154.491,376.718,138.409,42.934
2018-08-05 18:00:00,79.728,80.97,72.911,35.674,99.173,484.009,144.375,345.146,131.706,40.298
2018-08-05 19:00:00,72.859,74.251,69.683,32.646,93.289,472.239,135.598,319.898,122.674,38.873
2018-08-05 20:00:00,66.261,69.931,62.414,26.744,85.699,423.333,123.891,294.847,111.727,34.874
2018-08-05 21:00:00,57.904,58.692,54.147,21.933,71.77,372.898,103.625,252.272,93.054,31.158
2018-08-05 22:00:00,46.873,47.448,42.946,19.508,53.303,305.29,82.715,208.494,69.146,23.422
2018-08-05 23:00:00,39.918,36.642,36.018,13.143,43.341,251.775,69.944,175.33,55.654,17.218
2018-08-06 00:00:00,36.496,28.594,29.541,11.404,37.522,222.573,59.836,154.499,49.175,14.771
2018-08-06 01:00:00,32.163,28.644,26.588,10.762,32.322,206.07,54.444,144.272,44.554,12.866
2018-08-06 02:00:00,29.329,25.431,23.279,9.345,30.854,192.712,50.915,134.732,41.709,11.983
2018-08-06 03:00:00,28.855,25.714,26.597,9.372,30.315,189.026,49.653,133.509,40.599,11.903
2018-08-06 04:00:00,31.019,27.02,23.444,10.557,32.275,204.766,54.773,142.174,43.574,13.497
2018-08-06 05:00:00,37.284,31.964,29.291,13.029,40.904,226.265,62.539,166.434,52.299,16.13
2018-08-06 06:00:00,44.928,39.06,37.549,16.346,49.063,276.757,76.51,209.839,67.368,19.001
2018-08-06 07:00:00,58.278,49.626,46.432,21.688,54.607,326.985,97.66,262.359,81.709,21.42
2018-08-06 08:00:00,69.593,57.918,58.0,26.497,62.607,393.642,113.837,327.578,100.406,25.933
2018-08-06 09:00:00,84.067,67.541,69.843,31.523,75.28,452.692,139.63,375.169,121.625,33.664
2018-08-06 10:00:00,89.804,80.893,74.842,35.585,89.008,484.029,153.893,408.337,135.238,36.377
2018-08-06 11:00:00,96.056,89.637,79.822,40.75,104.658,524.626,167.628,441.368,143.527,39.322
2018-08-06 12:00:00,99.969,94.437,82.812,40.864,105.532,548.961,172.181,452.142,151.686,42.104
2018-08-06 13:00:00,99.498,96.439,85.151,42.484,111.213,564.73,177.217,454.225,154.954,42.672
2018-08-06 14:00:00,99.357,94.525,86.171,45.511,113.438,577.862,181.627,467.321,158.878,44.073
2018-08-06 15:00:00,99.042,98.409,88.012,44.124,115.512,580.732,180.679,475.544,163.317,47.668
2018-08-06 16:00:00,100.53,101.735,88.761,43.651,117.013,580.186,179.563,473.926,165.357,46.657
2018-08-06 17:00:00,97.837,96.497,86.006,40.291,114.378,565.049,170.589,445.675,160.904,44.031
2018-08-06 18:00:00,93.655,89.221,83.526,38.319,103.706,535.584,161.973,418.056,153.696,41.573
2018-08-06 19:00:00,84.837,84.027,79.464,35.041,97.545,512.497,148.543,394.937,135.31,38.663
2018-08-06 20:00:00,79.95,78.932,70.702,33.313,91.812,456.388,138.657,363.715,119.624,37.197
2018-08-06 21:00:00,69.067,72.528,58.031,27.646,77.408,397.204,119.403,312.979,98.904,30.192
2018-08-06 22:00:00,50.807,60.646,47.386,23.189,58.791,333.429,93.288,254.648,81.872,24.577
2018-08-06 23:00:00,43.732,50.016,40.451,18.689,49.603,289.557,78.822,216.801,72.128,18.946
2018-08-07 00:00:00,39.84,41.727,35.301,13.324,42.195,260.47,68.65,193.497,58.424,16.334
2018-08-07 01:00:00,37.822,38.654,30.552,12.786,37.324,242.602,63.836,176.689,54.323,14.967
2018-08-07 02:00:00,34.7,34.199,28.414,11.431,35.332,224.899,60.12,165.794,50.507,13.702
2018-08-07 03:00:00,34.332,31.862,27.982,11.959,33.697,219.87,56.923,161.612,49.422,13.983
2018-08-07 04:00:00,36.945,32.629,30.296,13.061,33.909,235.799,61.851,165.844,52.091,14.53
2018-08-07 05:00:00,41.282,37.301,36.359,13.879,40.929,258.27,68.573,191.206,60.448,15.715
2018-08-07 06:00:00,51.651,47.486,45.57,16.28,50.166,311.743,89.388,247.733,75.544,19.709
2018-08-07 07:00:00,69.31,60.188,54.284,21.079,64.048,380.419,106.918,307.241,97.575,24.37
2018-08-07 08:00:00,80.038,71.35,60.915,26.425,75.135,437.914,124.684,355.708,117.078,27.975
2018-08-07 09:00:00,88.608,84.259,71.525,32.202,87.793,494.186,149.842,402.372,134.969,36.675
2018-08-07 10:00:00,93.951,93.06,77.861,33.648,98.17,538.636,163.535,441.322,152.888,37.549
2018-08-07 11:00:00,99.871,96.347,84.653,37.293,107.583,570.785,170.354,465.216,155.459,41.833
2018-08-07 12:00:00,101.936,96.07,83.752,35.831,110.599,582.153,180.737,475.597,158.259,43.565
2018-08-07 13:00:00,99.971,94.493,83.922,38.373,107.34,579.524,175.845,476.12,161.416,43.344
2018-08-07 14:00:00,98.317,90.146,82.136,39.48,99.699,569.485,164.788,478.719,163.886,45.993
2018-08-07 15:00:00,93.291,81.322,84.586,35.438,88.993,563.177,158.055,471.197,159.188,42.354
2018-08-07 16:00:00,86.368,79.347,78.73,32.503,82.735,552.365,157.28,456.281,153.94,37.784
2018-08-07 17:00:00,76.327,71.207,74.266,29.03,80.116,526.259,142.389,421.03,143.519,38.315
2018-08-07 18:00:00,69.042,68.047,67.104,28.455,74.383,480.139,130.807,395.165,132.153,36.329
2018-08-07 19:00:00,68.607,65.046,65.088,28.609,72.54,440.212,128.79,375.951,119.879,32.142
2018-08-07 20:00:00,59.506,59.234,63.727,25.918,68.212,407.921,113.935,322.273,103.949,32.387
2018-08-07 21:00:00,53.083,52.558,52.494,21.274,58.986,350.536,97.212,268.158,86.31,27.578
2018-08-07 22:00:00,42.949,39.704,41.714,17.003,44.301,278.831,78.788,217.979,68.714,22.292
2018-08-07 23:00:00,36.971,29.886,37.176,12.717,37.989,240.29,65.333,188.585,57.771,18.715
2018-08-08 00:00:00,33.649,27.773,30.48,11.605,35.197,217.045,58.297,170.231,52.48,15.378
2018-08-08 01:00:00,31.545,22.198,27.191,10.588,32.97,200.807,54.795,155.35,47.323,13.872
2018-08-08 02:00:00,30.811,21.58,25.641,10.255,31.862,193.5,52.52,149.67,44.504,13.135
2018-08-08 03:00:00,29.955,23.538,25.619,11.145,32.05,192.884,51.754,147.332,44.94,13.321
2018-08-08 04:00:00,33.555,24.73,27.228,10.843,33.207,210.634,56.371,160.24,47.574,14.186
2018-08-08 05:00:00,36.602,29.08,34.593,13.231,40.048,242.314,64.092,184.116,55.226,18.151
2018-08-08 06:00:00,45.038,33.582,41.055,17.531,50.081,300.047,78.144,229.992,71.548,19.015
2018-08-08 07:00:00,55.069,40.609,45.593,21.64,54.338,349.205,92.234,281.107,86.557,20.623
2018-08-08 08:00:00,62.047,49.647,53.743,23.163,64.12,401.253,113.102,325.074,103.083,26.007
2018-08-08 09:00:00,73.897,60.69,65.249,28.085,71.911,449.73,132.681,357.532,115.432,27.16
2018-08-08 10:00:00,79.241,70.119,72.224,31.062,77.299,477.937,140.881,381.189,123.035,31.516
2018-08-08 11:00:00,83.637,76.399,74.906,33.843,82.372,500.848,150.244,399.843,126.636,35.098
2018-08-08 12:00:00,87.13,79.672,79.715,34.375,90.313,507.585,161.265,402.906,131.281,36.787
2018-08-08 13:00:00,86.135,82.823,76.999,35.84,95.253,509.532,161.933,404.237,134.596,37.954
2018-08-08 14:00:00,86.017,87.162,76.534,38.233,101.835,528.189,160.002,400.505,132.149,36.937
2018-08-08 15:00:00,86.011,91.346,83.627,39.992,97.153,549.895,163.221,402.225,132.44,38.798
2018-08-08 16:00:00,81.654,86.809,79.303,38.475,96.612,546.709,158.244,398.689,139.385,39.637
2018-08-08 17:00:00,73.557,82.242,69.741,35.973,89.936,488.562,139.333,373.833,131.299,36.317
2018-08-08 18:00:00,65.667,75.645,64.707,34.484,83.209,445.549,127.415,343.716,117.973,34.049
2018-08-08 19:00:00,63.2,71.943,64.175,32.324,83.522,430.329,121.474,329.491,109.335,33.182
2018-08-08 20:00:00,58.82,69.546,60.979,31.609,77.001,390.971,114.618,302.861,95.978,31.221
2018-08-08 21:00:00,51.413,56.786,50.094,22.193,65.919,341.553,92.821,251.999,79.007,25.701
2018-08-08 22:00:00,42.365,46.622,42.283,18.34,52.128,276.863,76.259,208.11,61.455,20.187
2018-08-08 23:00:00,35.301,38.344,33.132,15.921,43.41,226.641,70.725,179.015,52.393,18.035
2018-08-09 00:00:00,32.612,34.239,29.22,13.812,37.645,206.103,59.084,160.487,47.224,15.379
2018-08-09 01:00:00,31.806,31.62,26.965,12.784,36.639,197.627,53.799,150.436,44.528,14.304
2018-08-09 02:00:00,30.966,30.598,25.296,11.776,35.454,189.863,52.119,145.122,43.15,13.878
2018-08-09 03:00:00,31.167,29.778,24.721,11.716,34.247,192.706,52.624,144.987,43.93,16.104
2018-08-09 04:00:00,32.853,30.964,26.16,12.533,35.802,208.121,55.44,157.01,48.155,17.168
2018-08-09 05:00:00,38.827,36.734,32.591,14.753,43.237,237.645,65.895,176.558,57.138,17.717
2018-08-09 06:00:00,44.135,44.701,43.336,18.267,53.549,270.269,80.406,208.981,64.486,21.703
2018-08-09 07:00:00,58.333,51.304,52.256,20.093,64.795,299.2,92.938,239.09,70.104,25.328
2018-08-09 08:00:00,71.247,63.072,58.343,22.765,75.156,339.95,110.327,267.235,87.086,30.412
2018-08-09 09:00:00,76.487,85.685,63.675,24.487,84.125,390.81,131.554,318.883,103.359,32.062
2018-08-09 10:00:00,79.338,77.397,73.003,27.513,90.417,442.428,144.329,361.603,116.761,34.923
2018-08-09 11:00:00,82.923,76.814,79.059,29.754,97.716,468.551,147.052,396.384,124.565,38.492
2018-08-09 12:00:00,87.786,78.847,76.035,32.43,97.146,487.864,151.203,407.589,128.767,38.802
2018-08-09 13:00:00,88.881,83.293,81.07,33.082,97.209,507.62,153.685,410.266,134.434,38.476
2018-08-09 14:00:00,91.069,87.173,79.083,34.429,98.847,516.375,158.605,419.217,140.774,40.873
2018-08-09 15:00:00,89.415,87.93,82.717,38.107,106.316,512.194,164.624,424.064,148.594,43.697
2018-08-09 16:00:00,90.191,88.783,81.026,37.922,107.81,514.461,162.723,424.688,148.025,47.906
2018-08-09 17:00:00,87.552,90.352,78.863,37.098,101.917,510.634,155.791,414.84,140.501,43.485
2018-08-09 18:00:00,80.555,81.543,78.336,34.767,92.628,488.137,145.672,392.918,130.182,39.053
2018-08-09 19:00:00,75.372,73.314,72.392,31.208,81.577,457.524,136.493,365.32,122.98,35.646
2018-08-09 20:00:00,67.748,65.862,61.734,27.427,72.435,407.838,120.439,324.551,108.326,31.916
2018-08-09 21:00:00,54.735,56.123,52.135,20.126,56.652,345.884,100.073,271.307,89.132,24.044
2018-08-09 22:00:00,42.762,45.71,43.207,16.731,46.594,278.318,82.381,216.516,72.114,18.552
2018-08-09 23:00:00,34.917,38.41,34.59,13.462,37.031,230.903,66.833,182.681,57.288,15.44
2018-08-10 00:00:00,30.97,34.138,29.856,12.126,31.655,204.584,57.163,161.192,48.827,13.643
2018-08-10 01:00:00,29.035,31.935,29.439,11.784,29.108,192.191,53.569,142.901,43.509,11.779
2018-08-10 02:00:00,29.006,29.441,26.205,12.043,27.728,181.541,48.407,137.93,40.606,11.129
2018-08-10 03:00:00,28.435,30.138,25.05,12.56,29.211,178.073,46.771,136.688,40.56,11.498
2018-08-10 04:00:00,32.217,32.755,25.387,11.262,32.872,187.888,50.533,147.628,42.888,13.767
2018-08-10 05:00:00,36.772,37.797,30.136,13.247,37.324,219.566,60.36,169.788,51.325,15.468
2018-08-10 06:00:00,45.074,45.321,36.916,17.152,46.553,275.604,75.793,216.599,63.533,18.05
2018-08-10 07:00:00,55.261,50.616,45.88,21.901,57.626,328.727,92.518,255.667,77.322,21.507
2018-08-10 08:00:00,63.107,55.547,53.63,20.967,63.591,378.111,110.055,299.457,93.015,23.803
2018-08-10 09:00:00,69.352,60.969,56.942,23.845,73.709,412.532,125.949,343.833,104.787,26.184
2018-08-10 10:00:00,71.761,68.221,63.686,26.831,78.979,437.705,129.668,363.906,111.775,27.386
2018-08-10 11:00:00,73.928,72.16,67.137,28.679,83.193,448.843,133.276,392.94,113.656,33.777
2018-08-10 12:00:00,80.383,74.638,68.309,29.833,87.534,454.862,141.911,387.853,120.633,35.09
2018-08-10 13:00:00,81.332,78.077,71.013,30.656,84.804,458.92,140.854,381.494,125.172,34.224
2018-08-10 14:00:00,82.047,78.97,73.503,31.744,88.131,473.357,147.8,383.363,128.056,37.125
2018-08-10 15:00:00,81.385,83.57,77.623,33.396,92.942,482.408,147.764,387.971,131.194,38.417
2018-08-10 16:00:00,80.438,82.322,80.264,34.147,98.657,490.042,144.45,388.493,131.484,39.493
2018-08-10 17:00:00,78.25,76.688,74.932,31.911,93.022,464.741,141.572,375.749,123.07,39.124
2018-08-10 18:00:00,71.573,66.545,69.929,30.022,85.209,438.716,125.308,338.668,115.126,35.525
2018-08-10 19:00:00,65.53,63.412,65.499,27.231,73.232,403.799,119.977,306.063,97.068,30.964
2018-08-10 20:00:00,56.629,52.283,61.449,22.127,64.47,357.055,109.293,264.075,90.218,27.591
2018-08-10 21:00:00,44.956,42.109,49.194,16.491,53.485,294.235,85.698,228.148,76.317,23.895
2018-08-10 22:00:00,36.286,31.403,37.005,14.287,40.005,237.932,65.083,183.912,53.53,16.584
2018-08-10 23:00:00,29.284,26.071,28.048,11.587,32.828,200.026,53.672,155.128,41.189,12.973
2018-08-11 00:00:00,25.467,21.948,23.618,11.983,27.951,177.221,46.571,137.764,35.945,11.549
2018-08-11 01:00:00,23.645,20.513,21.972,10.416,28.743,165.665,43.777,126.071,32.96,10.806
2018-08-11 02:00:00,23.71,20.419,21.467,10.49,25.84,158.869,42.914,120.55,32.478,10.424
2018-08-11 03:00:00,23.92,20.669,20.776,11.133,25.644,155.875,42.203,117.59,32.084,10.659
2018-08-11 04:00:00,26.078,21.85,21.133,12.376,26.497,156.366,43.126,118.485,32.064,11.14
2018-08-11 05:00:00,26.126,23.755,22.535,12.647,29.816,153.83,45.446,116.862,31.346,11.241
2018-08-11 06:00:00,29.323,30.309,29.761,13.738,34.348,184.768,52.139,140.67,37.772,15.086
2018-08-11 07:00:00,35.781,33.176,34.423,14.547,43.725,220.709,61.829,171.49,50.355,18.882
2018-08-11 08:00:00,45.317,39.44,37.539,16.525,48.224,246.926,70.282,199.713,64.621,22.016
2018-08-11 09:00:00,47.393,44.723,44.221,19.673,47.95,253.23,74.191,212.949,66.059,21.891
2018-08-11 10:00:00,52.0,51.81,42.194,20.8,50.009,269.721,74.859,220.197,65.944,18.905
2018-08-11 11:00:00,54.121,52.613,42.283,22.494,51.307,267.788,80.066,217.787,70.082,20.322
2018-08-11 12:00:00,51.924,54.25,42.679,25.32,52.506,273.652,80.361,217.493,70.285,21.506
2018-08-11 13:00:00,51.345,53.305,41.94,26.472,55.936,265.538,80.163,205.272,68.327,21.55
2018-08-11 14:00:00,52.732,54.369,40.933,27.54,59.439,265.606,79.7,201.679,63.809,21.919
2018-08-11 15:00:00,47.225,56.417,48.463,27.728,63.396,284.726,79.114,199.894,62.557,23.077
2018-08-11 16:00:00,46.854,58.639,45.716,30.035,66.286,289.435,84.679,206.686,64.901,26.675
2018-08-11 17:00:00,46.212,54.554,43.454,28.703,64.844,289.503,83.501,215.134,66.889,23.285
2018-08-11 18:00:00,44.65,52.964,43.767,24.728,59.252,282.113,90.628,218.008,68.984,24.014
2018-08-11 19:00:00,43.906,50.076,45.242,23.845,59.978,299.848,89.045,224.229,69.444,26.538
2018-08-11 20:00:00,41.479,45.571,43.365,20.489,61.798,287.309,93.221,215.896,69.69,25.756
2018-08-11 21:00:00,36.239,38.696,35.401,16.896,49.329,245.154,75.784,185.618,59.965,19.119
2018-08-11 22:00:00,30.056,33.237,28.08,13.6,39.21,194.797,59.308,152.977,48.909,18.292
2018-08-11 23:00:00,28.316,27.834,24.021,11.513,34.893,166.065,50.856,129.128,39.768,13.083
2018-08-12 00:00:00,25.215,24.379,22.29,10.084,31.102,150.477,45.046,114.508,34.027,11.14
2018-08-12 01:00:00,24.996,21.867,21.195,9.792,29.077,141.944,43.141,107.606,32.418,11.23
2018-08-12 02:00:00,24.73,20.626,20.483,9.457,27.381,138.302,42.368,105.773,31.624,10.696
2018-08-12 03:00:00,24.544,20.669,19.942,10.029,27.256,140.784,41.004,103.743,31.5,10.817
2018-08-12 04:00:00,25.458,21.691,21.218,10.322,28.185,146.044,43.628,108.982,32.144,11.597
2018-08-12 05:00:00,27.085,22.3,21.288,10.73,29.249,146.477,44.631,108.197,32.369,12.437
2018-08-12 06:00:00,31.863,26.987,28.298,12.948,34.966,172.025,52.061,131.848,38.931,13.01
2018-08-12 07:00:00,35.862,33.399,31.243,13.976,43.839,199.57,59.559,157.725,48.337,16.851
2018-08-12 08:00:00,38.358,39.381,38.036,16.434,46.252,216.513,66.686,177.501,51.788,21.285
2018-08-12 09:00:00,40.931,39.128,39.802,16.965,45.797,228.966,72.007,186.768,56.787,20.473
2018-08-12 10:00:00,40.987,39.89,40.65,17.667,50.657,238.561,70.933,196.88,57.652,21.483
2018-08-12 11:00:00,42.896,41.052,39.345,22.984,46.311,254.573,76.452,198.393,59.568,18.901
2018-08-12 12:00:00,43.345,44.898,39.901,22.051,47.068,251.185,73.088,203.733,62.43,18.774
2018-08-12 13:00:00,42.194,46.07,39.696,22.281,49.289,243.412,71.734,207.668,64.694,20.675
2018-08-12 14:00:00,45.061,45.698,42.017,21.749,52.19,254.162,73.997,212.055,65.503,20.326
2018-08-12 15:00:00,44.282,47.503,45.178,23.962,54.398,259.946,78.115,210.674,65.98,22.409
2018-08-12 16:00:00,48.051,47.514,43.523,25.197,61.223,278.404,83.886,226.469,70.494,23.795
2018-08-12 17:00:00,47.73,46.318,42.942,24.982,66.22,282.353,85.691,228.495,71.534,23.231
2018-08-12 18:00:00,50.334,50.032,45.129,26.825,62.02,278.007,86.342,222.547,72.014,23.932
2018-08-12 19:00:00,48.133,46.068,42.944,25.078,62.431,283.14,86.206,226.172,70.752,23.464
2018-08-12 20:00:00,44.897,43.692,47.806,24.253,56.937,277.397,87.27,223.037,66.61,24.203
2018-08-12 21:00:00,40.711,37.854,38.404,20.615,48.373,242.333,74.96,187.695,59.751,22.383
2018-08-12 22:00:00,32.023,30.41,31.046,20.507,38.062,209.034,58.352,154.611,45.049,15.517
2018-08-12 23:00:00,28.923,22.583,26.954,13.108,33.181,171.666,49.85,129.819,39.616,12.668
2018-08-13 00:00:00,26.532,21.913,24.05,11.076,30.191,152.478,45.521,118.64,34.773,11.527
2018-08-13 01:00:00,25.846,21.494,21.747,10.486,27.863,148.779,46.113,115.178,33.522,11.14
2018-08-13 02:00:00,25.384,20.762,20.742,11.271,27.273,147.3,43.023,111.796,32.787,10.667
2018-08-13 03:00:00,26.254,21.419,22.064,9.991,27.259,150.259,43.737,112.491,33.784,11.445
2018-08-13 04:00:00,29.21,25.57,23.388,11.255,31.221,168.152,49.935,127.24,37.629,12.149
2018-08-13 05:00:00,30.446,30.456,28.55,12.14,36.003,192.94,59.126,146.244,43.843,16.855
2018-08-13 06:00:00,39.281,32.595,36.648,16.79,42.386,228.455,69.694,171.644,54.256,19.87
2018-08-13 07:00:00,44.464,34.739,39.295,16.184,47.686,244.805,77.174,188.742,58.564,20.24
2018-08-13 08:00:00,48.876,39.021,38.347,19.504,50.996,264.654,82.46,200.37,63.824,19.311
2018-08-13 09:00:00,49.698,43.79,40.713,20.167,54.825,275.397,89.336,215.429,62.216,20.468
2018-08-13 10:00:00,49.41,38.03,46.973,22.655,59.272,283.588,90.392,221.854,63.301,22.909
2018-08-13 11:00:00,52.047,43.823,45.252,28.909,65.378,302.154,97.572,234.831,68.096,25.186
2018-08-13 12:00:00,51.559,43.744,44.515,30.86,66.906,304.843,94.327,248.056,72.447,23.411
2018-08-13 13:00:00,50.792,47.438,43.97,31.872,64.527,300.166,96.188,253.615,75.373,23.163
2018-08-13 14:00:00,52.167,46.541,42.662,31.357,67.874,303.647,97.413,245.709,73.395,24.787
2018-08-13 15:00:00,55.443,53.415,43.897,34.19,71.15,312.218,99.003,256.001,79.34,27.425
2018-08-13 16:00:00,56.33,57.075,44.58,33.663,71.952,326.656,100.597,247.616,87.521,31.935
2018-08-13 17:00:00,54.46,59.889,47.196,31.6,70.638,319.573,98.467,243.083,84.501,28.017
2018-08-13 18:00:00,51.901,59.432,44.629,28.748,67.458,312.494,96.206,236.594,76.442,26.542
2018-08-13 19:00:00,52.891,51.784,49.709,27.261,66.726,319.263,100.625,242.531,75.381,25.431
2018-08-13 20:00:00,53.298,45.946,51.224,23.965,62.366,296.127,96.233,224.58,78.19,23.606
2018-08-13 21:00:00,41.607,39.363,39.179,21.383,54.086,260.425,80.677,189.58,64.025,20.249
2018-08-13 22:00:00,34.703,33.892,30.901,14.715,42.546,210.432,65.592,148.654,47.881,16.796
2018-08-13 23:00:00,30.026,27.479,24.995,12.804,37.95,176.777,55.453,130.255,39.249,14.584
2018-08-14 00:00:00,27.96,25.63,23.253,11.426,33.848,161.296,48.975,120.601,35.438,12.954
2018-08-14 01:00:00,26.819,24.453,21.4,10.791,29.74,156.682,46.785,113.759,35.682,12.61
2018-08-14 02:00:00,26.85,23.1,21.55,10.294,28.394,153.709,45.336,109.419,33.738,11.783
2018-08-14 03:00:00,26.578,22.787,22.282,10.138,29.569,155.019,45.876,113.689,33.782,11.743
2018-08-14 04:00:00,29.927,27.511,24.812,12.444,31.597,171.534,49.993,127.62,38.409,13.317
2018-08-14 05:00:00,33.879,31.247,30.59,14.226,36.135,199.448,57.514,148.925,45.581,18.472
2018-08-14 06:00:00,40.929,34.819,38.613,17.867,46.221,243.881,73.14,184.529,57.61,19.793
2018-08-14 07:00:00,49.802,40.856,40.155,18.983,54.897,267.584,85.16,208.872,61.813,21.456
2018-08-14 08:00:00,55.476,42.32,44.233,21.069,58.912,291.408,88.826,221.375,65.314,23.155
2018-08-14 09:00:00,57.757,43.82,57.467,22.809,63.277,316.139,97.925,247.157,72.136,26.634
2018-08-14 10:00:00,60.307,46.288,59.192,23.15,73.555,346.494,104.741,276.537,76.984,28.829
2018-08-14 11:00:00,67.569,52.625,65.674,26.279,81.269,373.957,117.949,304.002,87.648,30.796
2018-08-14 12:00:00,75.043,53.924,67.538,28.68,87.324,412.618,130.41,332.58,95.336,33.368
2018-08-14 13:00:00,78.321,59.532,54.462,30.955,89.25,416.093,138.425,346.766,110.479,35.014
2018-08-14 14:00:00,78.651,69.13,52.733,31.554,86.236,370.947,126.067,353.614,116.939,36.776
2018-08-14 15:00:00,76.09,74.676,58.197,34.303,88.231,371.282,114.677,340.763,111.747,38.028
2018-08-14 16:00:00,73.236,71.549,58.263,33.753,92.577,394.985,123.505,315.702,101.076,38.018
2018-08-14 17:00:00,73.024,69.984,60.077,32.666,87.91,393.716,123.879,309.926,99.516,37.28
2018-08-14 18:00:00,68.027,68.057,57.121,30.507,82.772,368.326,114.364,285.829,97.026,33.824
2018-08-14 19:00:00,64.664,65.008,52.646,29.236,73.17,355.466,113.528,273.898,87.301,33.322
2018-08-14 20:00:00,56.536,57.424,50.679,25.525,64.751,330.897,104.501,249.209,76.492,29.935
2018-08-14 21:00:00,46.68,40.798,43.151,21.457,57.241,283.001,85.036,210.352,65.889,23.023
2018-08-14 22:00:00,37.421,37.267,36.961,15.87,44.426,228.29,68.942,168.655,52.355,17.868
2018-08-14 23:00:00,30.503,30.469,29.122,12.798,34.696,188.351,56.326,147.314,41.838,15.83
2018-08-15 00:00:00,27.958,24.62,25.939,10.646,30.757,172.126,49.592,132.732,37.385,13.215
2018-08-15 01:00:00,26.299,22.002,23.56,9.668,28.748,164.003,46.999,122.45,36.622,11.538
2018-08-15 02:00:00,25.734,23.555,23.691,9.024,27.295,157.352,46.406,118.916,35.975,11.231
2018-08-15 03:00:00,25.655,22.618,22.686,9.472,29.366,157.237,48.124,122.558,36.976,11.248
2018-08-15 04:00:00,28.168,25.685,24.673,11.753,30.319,171.602,52.594,137.203,42.417,12.887
2018-08-15 05:00:00,31.98,33.368,34.622,13.654,35.569,194.281,59.852,154.185,50.024,14.884
2018-08-15 06:00:00,39.59,37.365,39.111,15.947,43.938,237.127,74.492,183.352,60.469,18.185
2018-08-15 07:00:00,50.231,39.238,45.344,17.852,53.155,270.425,88.059,209.814,70.967,23.284
2018-08-15 08:00:00,59.312,46.726,52.143,21.204,61.55,301.422,103.249,234.382,76.36,25.993
2018-08-15 09:00:00,66.714,55.566,55.063,27.083,72.001,344.141,116.047,258.883,83.382,30.449
2018-08-15 10:00:00,74.811,61.726,62.911,28.539,82.964,385.32,129.915,304.165,96.153,33.194
2018-08-15 11:00:00,83.539,70.545,72.407,29.905,91.148,430.235,141.111,335.048,105.876,35.605
2018-08-15 12:00:00,86.546,75.369,75.244,31.997,94.868,455.446,149.033,357.781,117.68,36.243
2018-08-15 13:00:00,88.311,80.03,77.856,34.32,100.451,486.635,157.846,378.988,131.996,37.941
2018-08-15 14:00:00,93.332,83.846,77.33,35.671,105.162,515.379,164.103,404.663,137.956,39.875
2018-08-15 15:00:00,91.763,90.977,81.858,37.426,105.577,537.309,164.622,409.243,142.315,42.617
2018-08-15 16:00:00,90.007,88.354,83.14,39.751,111.964,532.721,163.849,399.123,147.071,40.935
2018-08-15 17:00:00,88.373,86.605,78.5,37.185,101.958,506.647,151.955,388.654,142.968,39.269
2018-08-15 18:00:00,80.568,79.205,69.97,35.307,93.925,475.067,137.205,368.122,131.959,38.781
2018-08-15 19:00:00,74.877,73.208,67.666,29.796,87.333,442.492,131.454,348.565,120.186,33.557
2018-08-15 20:00:00,66.473,66.568,59.882,28.766,80.929,406.063,121.181,317.574,111.908,34.348
2018-08-15 21:00:00,57.47,56.542,52.071,24.907,70.44,351.723,101.571,268.18,91.599,24.954
2018-08-15 22:00:00,46.427,49.385,42.629,18.325,54.691,281.739,80.29,214.521,70.987,19.773
2018-08-15 23:00:00,39.508,40.495,36.726,15.459,45.854,234.654,67.699,180.162,57.262,17.969
2018-08-16 00:00:00,36.394,32.856,31.232,12.726,39.458,211.68,60.804,158.764,50.781,15.494
2018-08-16 01:00:00,33.774,29.715,28.017,11.425,34.115,197.287,56.563,147.396,47.372,13.382
2018-08-16 02:00:00,32.102,28.327,26.174,10.046,32.699,186.171,52.661,143.182,45.839,12.338
2018-08-16 03:00:00,31.86,28.182,26.997,9.456,32.937,182.69,51.121,140.302,46.25,12.951
2018-08-16 04:00:00,35.096,31.293,28.418,11.313,33.815,198.463,53.807,149.16,48.263,13.508
2018-08-16 05:00:00,37.938,36.817,34.44,12.832,38.591,221.409,61.355,176.139,54.265,15.45
2018-08-16 06:00:00,44.462,39.467,41.12,15.323,46.155,265.543,78.721,219.408,66.403,19.141
2018-08-16 07:00:00,57.518,45.885,48.854,17.489,52.09,313.404,94.865,262.799,83.58,22.201
2018-08-16 08:00:00,68.727,55.528,55.647,22.542,56.732,375.529,114.798,305.129,96.397,23.973
2018-08-16 09:00:00,76.299,63.991,63.577,24.145,65.241,431.569,131.614,350.059,111.33,28.882
2018-08-16 10:00:00,81.868,70.639,72.904,30.203,75.977,464.031,136.986,392.447,117.331,31.501
2018-08-16 11:00:00,81.802,75.169,79.68,30.769,87.346,489.759,148.741,407.737,121.987,35.573
2018-08-16 12:00:00,82.906,78.815,77.889,30.344,89.578,511.042,155.701,408.388,125.477,38.261
2018-08-16 13:00:00,83.646,80.095,78.972,31.345,93.404,525.935,160.254,413.729,130.791,38.923
2018-08-16 14:00:00,85.282,80.69,80.205,33.378,98.165,528.413,157.747,418.179,136.199,41.284
2018-08-16 15:00:00,89.837,83.929,82.087,34.476,101.01,528.095,157.956,424.71,137.663,45.483
2018-08-16 16:00:00,85.886,81.065,82.478,35.117,103.419,524.789,159.728,418.749,138.221,47.069
2018-08-16 17:00:00,82.319,79.142,79.315,34.759,100.049,509.741,149.44,395.687,130.269,40.823
2018-08-16 18:00:00,74.927,70.541,71.716,29.404,92.165,472.372,142.053,361.377,116.917,39.349
2018-08-16 19:00:00,65.721,58.501,67.423,25.58,84.102,439.243,128.818,335.758,106.739,36.802
2018-08-16 20:00:00,57.95,51.101,63.593,22.736,72.273,395.932,114.327,299.627,92.18,34.932
2018-08-16 21:00:00,48.613,42.819,49.101,18.288,59.562,339.203,89.17,246.619,76.177,26.51
2018-08-16 22:00:00,37.83,32.304,39.295,12.765,46.56,269.847,68.898,198.527,56.882,19.167
2018-08-16 23:00:00,28.895,25.768,33.952,10.471,36.38,221.191,56.876,155.162,43.451,15.14
2018-08-17 00:00:00,26.557,22.152,27.706,9.718,31.064,193.92,48.892,135.48,36.96,12.887
2018-08-17 01:00:00,25.016,21.289,24.833,9.803,29.112,182.783,46.427,124.847,35.063,11.793
2018-08-17 02:00:00,24.363,20.815,22.31,10.046,27.326,174.664,43.181,117.321,33.848,11.182
2018-08-17 03:00:00,24.653,20.66,22.505,10.737,26.489,171.449,43.365,117.338,33.261,11.425
2018-08-17 04:00:00,29.164,22.812,22.88,11.515,28.493,185.881,48.127,125.606,36.074,13.644
2018-08-17 05:00:00,29.942,27.16,27.81,13.251,32.664,204.011,55.769,145.829,43.422,15.763
2018-08-17 06:00:00,37.049,31.491,37.11,15.355,40.004,245.591,71.048,178.13,50.382,19.073
2018-08-17 07:00:00,47.108,34.523,43.462,17.442,45.5,286.163,78.778,213.474,65.048,18.621
2018-08-17 08:00:00,52.926,39.859,49.019,16.713,50.517,325.071,93.319,253.526,72.346,20.837
2018-08-17 09:00:00,60.26,46.568,55.6,19.166,56.123,360.674,105.423,281.559,80.823,23.454
2018-08-17 10:00:00,65.561,52.953,63.276,21.937,65.491,389.834,119.954,304.767,89.945,25.589
2018-08-17 11:00:00,71.605,58.027,68.42,24.811,68.345,422.31,122.304,309.406,100.789,27.976
2018-08-17 12:00:00,73.922,63.535,70.042,26.476,68.839,444.897,127.033,319.902,110.187,24.993
2018-08-17 13:00:00,74.804,64.614,67.948,26.769,69.933,463.4,135.902,323.796,114.061,26.365
2018-08-17 14:00:00,74.24,64.261,63.222,27.067,74.167,452.83,133.335,321.252,113.766,28.709
2018-08-17 15:00:00,76.591,66.235,64.98,26.891,77.092,433.456,126.418,322.742,110.495,31.761
2018-08-17 16:00:00,75.445,66.293,68.996,26.263,84.081,397.741,124.636,301.553,103.531,38.01
2018-08-17 17:00:00,70.691,59.74,71.488,26.34,83.918,396.871,121.924,287.177,100.328,35.391
2018-08-17 18:00:00,64.783,57.819,65.999,27.623,77.306,382.586,116.718,271.563,91.966,29.762
2018-08-17 19:00:00,62.746,57.005,61.598,25.22,76.626,362.157,115.988,271.082,90.73,29.549
2018-08-17 20:00:00,57.205,52.597,59.271,24.612,70.227,336.996,107.392,252.162,82.531,29.532
2018-08-17 21:00:00,49.886,40.003,50.637,20.1,58.229,290.706,86.724,215.667,65.979,23.205
2018-08-17 22:00:00,43.493,33.848,41.25,17.39,46.769,235.2,71.692,173.676,51.992,18.909
2018-08-17 23:00:00,35.485,28.669,34.527,14.432,41.814,204.191,61.839,146.202,41.94,16.081
2018-08-18 00:00:00,33.08,26.027,30.436,12.778,38.857,188.735,57.781,134.403,38.582,14.825
2018-08-18 01:00:00,31.45,24.551,27.773,11.447,36.27,182.032,53.679,128.955,36.668,13.701
2018-08-18 02:00:00,30.438,24.362,26.068,10.34,34.551,179.24,51.653,129.425,36.702,12.991
2018-08-18 03:00:00,29.548,24.504,25.839,9.785,33.006,177.904,51.029,128.264,37.743,13.763
2018-08-18 04:00:00,31.374,25.507,26.413,10.839,34.315,182.688,51.084,131.406,37.534,13.164
2018-08-18 05:00:00,32.254,27.806,29.827,11.669,38.64,187.013,52.25,134.996,40.227,14.626
2018-08-18 06:00:00,36.651,32.434,33.829,14.705,43.678,220.03,62.896,158.616,48.631,16.88
2018-08-18 07:00:00,44.135,40.331,39.294,17.633,51.362,255.841,77.153,199.282,63.763,22.961
2018-08-18 08:00:00,53.184,47.172,48.392,20.243,57.863,287.499,93.293,237.072,74.212,24.751
2018-08-18 09:00:00,58.521,52.34,55.575,19.495,57.279,324.411,100.469,282.356,87.855,25.516
2018-08-18 10:00:00,65.141,57.292,62.689,21.059,63.928,348.937,92.538,315.253,89.275,27.558
2018-08-18 11:00:00,67.53,60.216,59.775,21.438,66.468,340.074,97.979,324.76,94.2,34.6
2018-08-18 12:00:00,68.963,62.336,60.87,17.872,67.342,335.994,115.888,320.255,98.413,30.186
2018-08-18 13:00:00,70.295,63.246,64.248,17.032,64.404,368.328,113.542,335.983,109.745,27.36
2018-08-18 14:00:00,69.037,59.866,62.283,17.83,62.986,385.577,115.322,346.963,112.322,27.333
2018-08-18 15:00:00,65.312,59.256,62.149,20.831,61.771,381.326,113.603,343.564,113.611,28.097
2018-08-18 16:00:00,60.11,54.231,63.447,22.233,59.46,379.635,108.339,330.438,111.315,26.788
2018-08-18 17:00:00,59.841,51.895,60.74,19.511,62.159,368.054,107.093,290.855,97.923,27.158
2018-08-18 18:00:00,52.629,50.107,60.883,21.471,61.928,361.725,102.453,263.483,86.213,27.792
2018-08-18 19:00:00,50.626,46.206,56.139,19.307,61.862,346.664,103.56,250.606,84.773,28.362
2018-08-18 20:00:00,47.347,46.801,51.56,18.757,61.603,310.637,97.953,239.522,81.135,25.977
2018-08-18 21:00:00,41.368,43.231,41.727,16.174,54.574,268.817,80.974,207.867,73.173,19.99
2018-08-18 22:00:00,33.818,31.157,35.831,13.82,41.56,220.513,62.216,159.462,53.863,16.854
2018-08-18 23:00:00,29.744,25.656,26.884,11.469,34.167,188.795,53.226,135.557,41.701,12.766
2018-08-19 00:00:00,26.024,22.624,23.654,10.506,29.352,166.446,47.147,120.006,36.152,11.688
2018-08-19 01:00:00,25.051,20.714,21.311,10.63,27.2,155.74,43.891,112.986,34.479,11.262
2018-08-19 02:00:00,24.126,19.835,20.045,10.452,26.024,148.953,42.227,107.86,32.664,10.441
2018-08-19 03:00:00,24.56,20.189,20.625,11.088,26.431,150.131,40.878,106.112,30.816,10.727
2018-08-19 04:00:00,25.345,21.247,22.068,11.15,27.417,152.582,42.21,108.567,31.663,10.776
2018-08-19 05:00:00,26.545,21.297,23.144,11.03,28.793,150.634,42.66,109.976,32.646,11.813
2018-08-19 06:00:00,31.823,26.247,28.495,12.581,34.661,183.306,50.985,133.941,39.796,13.442
2018-08-19 07:00:00,39.035,32.833,34.895,14.504,42.3,222.065,64.337,167.756,51.301,21.509
2018-08-19 08:00:00,46.211,42.525,45.075,14.74,47.852,272.299,81.126,195.634,64.153,22.298
2018-08-19 09:00:00,51.008,44.027,50.666,16.135,54.519,297.785,97.102,222.383,72.467,23.342
2018-08-19 10:00:00,57.893,48.707,55.096,18.882,59.213,325.023,106.113,239.707,82.837,26.881
2018-08-19 11:00:00,59.837,57.487,54.16,22.986,68.499,339.192,113.543,255.916,89.742,29.984
2018-08-19 12:00:00,63.905,60.568,55.311,26.108,72.906,354.784,119.014,269.585,92.481,31.912
2018-08-19 13:00:00,70.153,64.813,58.685,27.628,76.4,366.956,117.374,274.571,94.837,32.409
2018-08-19 14:00:00,69.547,68.5,64.197,29.501,87.577,375.677,124.369,280.44,100.62,32.876
2018-08-19 15:00:00,69.975,71.733,66.333,31.733,87.265,384.187,126.758,282.524,99.109,33.163
2018-08-19 16:00:00,71.476,72.163,65.306,31.444,91.855,384.23,123.135,291.216,102.642,35.939
2018-08-19 17:00:00,63.984,66.873,61.11,31.06,86.284,358.311,125.372,279.613,98.517,37.814
2018-08-19 18:00:00,61.134,58.634,59.844,27.498,77.469,334.89,107.464,260.112,93.602,31.543
2018-08-19 19:00:00,57.872,54.033,54.309,25.355,72.798,312.237,100.897,247.587,83.845,26.966
2018-08-19 20:00:00,50.246,48.397,48.073,22.27,65.475,293.6,94.366,233.658,76.399,26.142
2018-08-19 21:00:00,43.211,37.269,38.804,19.668,52.309,251.955,73.287,203.735,62.823,21.064
2018-08-19 22:00:00,33.771,32.607,32.58,14.336,39.695,204.376,58.986,157.049,46.521,15.964
2018-08-19 23:00:00,29.054,25.893,25.517,11.153,33.218,176.932,48.137,131.395,37.659,12.254
2018-08-20 00:00:00,24.95,24.312,21.583,10.327,27.847,156.201,43.382,116.254,33.543,10.896
2018-08-20 01:00:00,23.799,22.082,19.373,10.094,26.977,146.367,41.003,109.951,32.746,10.951
2018-08-20 02:00:00,23.746,20.003,19.654,9.746,25.692,142.042,39.229,106.632,31.49,10.122
2018-08-20 03:00:00,24.238,20.312,19.699,11.013,25.895,141.599,42.11,109.348,31.917,11.229
2018-08-20 04:00:00,27.361,24.021,21.839,12.543,28.096,153.195,45.45,121.918,36.38,12.199
2018-08-20 05:00:00,29.503,28.821,26.44,14.01,32.635,184.839,55.224,144.687,41.568,14.961
2018-08-20 06:00:00,35.162,34.337,31.281,16.53,39.898,216.724,65.069,163.612,51.479,17.702
2018-08-20 07:00:00,41.575,39.026,37.644,18.53,46.466,242.972,73.292,196.409,57.304,21.786
2018-08-20 08:00:00,51.194,38.769,37.477,17.171,47.715,273.54,81.288,225.528,65.38,21.238
2018-08-20 09:00:00,55.904,41.729,42.176,18.416,50.938,313.392,94.246,258.938,70.191,23.074
2018-08-20 10:00:00,60.107,47.414,47.17,19.908,54.768,346.666,108.033,272.245,77.384,26.43
2018-08-20 11:00:00,66.676,51.944,54.108,22.588,66.712,364.78,116.545,288.495,81.788,29.987
2018-08-20 12:00:00,65.407,57.364,55.358,24.181,71.874,370.644,121.083,291.292,90.49,28.968
2018-08-20 13:00:00,68.475,58.828,52.419,25.166,77.57,388.534,122.49,291.107,92.293,31.036
2018-08-20 14:00:00,70.799,64.708,53.38,27.074,80.788,397.405,123.058,303.042,96.673,32.732
2018-08-20 15:00:00,74.347,71.38,55.863,30.49,86.89,405.073,122.055,309.017,102.14,34.14
2018-08-20 16:00:00,73.815,73.549,58.639,33.756,95.048,403.98,124.694,302.976,104.132,35.867
2018-08-20 17:00:00,67.426,66.462,60.006,30.443,85.044,387.598,120.183,294.356,102.787,35.056
2018-08-20 18:00:00,63.43,60.171,55.216,26.004,79.168,348.988,110.239,274.597,93.844,32.065
2018-08-20 19:00:00,60.168,55.989,50.487,26.091,73.153,332.695,103.251,266.024,85.7,29.787
2018-08-20 20:00:00,51.012,49.161,42.922,20.293,62.584,302.743,100.568,240.132,75.158,26.502
2018-08-20 21:00:00,39.302,40.066,36.546,17.323,52.833,262.658,76.527,197.027,61.624,21.647
2018-08-20 22:00:00,33.951,31.11,28.119,12.397,39.058,204.996,56.519,155.603,48.151,15.84
2018-08-20 23:00:00,28.515,26.085,23.818,10.806,34.39,169.193,48.273,129.274,37.742,13.582
2018-08-21 00:00:00,25.675,22.552,20.969,10.184,30.122,148.808,40.892,115.419,32.059,12.497
2018-08-21 01:00:00,23.553,20.438,19.447,11.097,26.605,141.98,39.271,106.244,30.939,11.762
2018-08-21 02:00:00,23.134,19.921,18.641,10.403,25.956,136.059,38.325,102.904,29.579,10.94
2018-08-21 03:00:00,24.228,20.505,20.006,10.222,26.71,135.769,39.543,104.194,30.637,11.218
2018-08-21 04:00:00,26.675,23.647,21.898,11.786,28.345,150.356,42.803,115.6,35.824,12.082
2018-08-21 05:00:00,30.495,27.315,28.133,13.095,32.011,176.102,51.265,136.34,42.874,16.349
2018-08-21 06:00:00,35.603,31.076,34.547,14.715,36.656,214.695,62.571,170.779,47.557,16.901
2018-08-21 07:00:00,42.487,32.843,37.215,18.197,40.806,235.68,68.856,195.672,55.373,17.908
2018-08-21 08:00:00,47.977,34.226,40.185,19.189,46.068,251.206,76.624,211.898,63.006,18.41
2018-08-21 09:00:00,51.098,38.62,41.401,18.302,50.956,283.721,82.831,248.414,68.924,21.975
2018-08-21 10:00:00,55.428,42.649,44.832,20.403,60.252,298.89,89.905,277.443,73.592,25.584
2018-08-21 11:00:00,58.076,46.671,47.297,24.472,70.62,318.146,96.623,284.16,80.954,27.751
2018-08-21 12:00:00,59.802,48.058,49.252,26.274,69.256,321.874,97.954,283.198,86.02,27.431
2018-08-21 13:00:00,61.275,50.229,52.955,25.997,69.48,325.499,100.089,288.953,88.473,29.286
2018-08-21 14:00:00,61.505,53.758,55.322,25.506,72.958,321.241,101.589,295.597,91.62,31.186
2018-08-21 15:00:00,60.74,56.437,57.95,27.199,78.889,334.644,107.532,290.175,95.019,33.783
2018-08-21 16:00:00,63.409,56.52,60.78,26.779,78.724,343.833,114.654,281.326,95.793,35.701
2018-08-21 17:00:00,63.01,57.399,55.781,26.29,75.027,337.995,105.124,268.814,87.239,34.91
2018-08-21 18:00:00,58.504,55.064,53.131,26.137,69.765,326.929,101.045,251.933,82.758,30.816
2018-08-21 19:00:00,54.242,48.283,50.574,22.498,68.271,310.681,95.283,245.292,74.934,28.798
2018-08-21 20:00:00,46.705,46.824,46.475,20.161,62.259,286.643,89.034,223.1,69.011,27.805
2018-08-21 21:00:00,40.094,40.738,39.375,18.484,53.829,241.656,73.171,189.141,60.807,22.801
2018-08-21 22:00:00,33.539,31.383,30.489,15.422,40.777,198.837,57.915,151.61,50.121,18.915
2018-08-21 23:00:00,27.611,26.745,25.512,11.77,35.906,165.195,48.627,130.398,38.719,14.213
2018-08-22 00:00:00,25.694,23.818,23.023,9.69,31.675,149.896,43.0,115.555,33.075,12.731
2018-08-22 01:00:00,24.874,22.459,21.102,9.186,28.53,143.748,42.054,108.523,31.417,11.533
2018-08-22 02:00:00,24.689,21.604,19.791,9.408,27.502,141.992,41.833,106.234,31.572,10.945
2018-08-22 03:00:00,25.506,21.395,20.765,9.655,27.084,144.322,41.492,108.347,32.702,12.333
2018-08-22 04:00:00,29.339,24.346,22.336,10.513,30.469,157.699,46.671,121.717,37.205,13.625
2018-08-22 05:00:00,31.846,27.557,28.249,12.313,36.732,177.577,55.251,143.836,42.2,16.61
2018-08-22 06:00:00,38.423,32.538,35.569,15.036,39.431,215.924,70.047,164.834,51.485,20.441
2018-08-22 07:00:00,43.636,35.193,36.939,17.265,47.265,234.546,75.125,179.268,56.19,21.824
2018-08-22 08:00:00,46.756,36.04,39.715,19.298,44.561,254.09,81.732,191.454,65.441,18.208
2018-08-22 09:00:00,47.607,38.018,41.154,18.276,45.175,265.902,83.687,202.427,66.327,18.782
2018-08-22 10:00:00,49.257,38.715,45.579,18.222,48.978,273.739,83.028,211.114,65.604,20.971
2018-08-22 11:00:00,53.807,37.934,48.638,20.876,53.244,298.587,87.928,225.318,68.57,23.538
2018-08-22 12:00:00,49.197,39.612,49.599,19.344,58.777,323.059,89.726,251.519,72.142,26.814
2018-08-22 13:00:00,48.287,41.749,58.656,19.466,63.008,343.29,97.071,276.372,80.591,28.49
2018-08-22 14:00:00,53.46,46.343,59.287,18.039,70.548,371.033,104.112,302.001,86.95,26.931
2018-08-22 15:00:00,59.352,49.346,65.062,21.134,79.31,408.513,112.36,311.41,102.198,28.995
2018-08-22 16:00:00,64.305,54.396,73.203,24.867,81.27,427.596,117.175,321.534,106.991,31.1
2018-08-22 17:00:00,64.121,60.369,70.062,24.096,79.923,410.769,118.556,324.284,104.955,32.694
2018-08-22 18:00:00,62.974,57.168,59.385,22.807,70.052,382.436,112.08,308.687,95.833,29.061
2018-08-22 19:00:00,57.505,54.082,57.152,22.225,64.32,360.161,112.594,288.472,90.607,28.025
2018-08-22 20:00:00,53.91,51.302,54.026,19.556,60.721,325.654,95.708,260.197,80.929,29.435
2018-08-22 21:00:00,43.775,44.704,48.242,16.678,51.153,277.899,80.897,222.286,62.526,21.46
2018-08-22 22:00:00,34.625,32.574,32.771,12.634,39.194,224.331,63.842,174.444,46.979,15.862
2018-08-22 23:00:00,29.959,25.733,26.846,10.274,32.425,180.153,52.027,140.735,39.577,12.982
2018-08-23 00:00:00,25.758,24.007,22.779,9.867,28.122,160.461,44.443,123.279,34.992,11.626
2018-08-23 01:00:00,24.594,22.788,20.659,10.379,26.013,149.516,42.56,116.173,33.407,10.603
2018-08-23 02:00:00,23.925,22.092,19.355,9.855,25.785,143.466,40.673,111.806,32.248,10.449
2018-08-23 03:00:00,23.566,22.037,21.435,9.518,25.216,144.855,43.068,111.996,31.839,10.455
2018-08-23 04:00:00,26.855,24.632,22.778,11.084,27.692,158.09,46.106,120.585,36.436,12.43
2018-08-23 05:00:00,31.532,30.359,29.792,12.556,32.164,179.591,54.477,132.466,41.754,14.702
2018-08-23 06:00:00,35.894,34.267,32.957,15.715,40.364,213.994,66.218,163.008,52.319,16.371
2018-08-23 07:00:00,41.296,37.075,36.63,17.415,48.101,237.113,75.266,193.679,60.631,19.358
2018-08-23 08:00:00,45.878,42.841,39.569,17.351,49.023,256.753,84.514,221.687,69.868,23.468
2018-08-23 09:00:00,51.899,45.071,44.245,20.188,53.582,270.347,86.891,230.235,70.216,21.873
2018-08-23 10:00:00,58.473,51.221,46.914,22.016,65.309,297.013,98.009,255.025,78.556,23.735
2018-08-23 11:00:00,61.643,57.943,51.205,23.01,64.709,328.293,108.288,272.358,89.998,25.356
2018-08-23 12:00:00,61.882,58.51,54.003,25.929,67.46,348.445,109.86,289.721,90.213,26.854
2018-08-23 13:00:00,64.48,61.078,53.263,25.206,69.958,359.46,112.953,296.1,93.642,26.449
2018-08-23 14:00:00,66.166,62.698,57.062,29.196,73.566,373.907,114.284,312.361,102.617,29.8
2018-08-23 15:00:00,66.892,65.71,59.541,29.567,78.241,393.796,121.424,320.615,103.717,33.243
2018-08-23 16:00:00,68.475,64.826,63.742,26.404,78.091,401.453,125.396,326.57,109.909,35.827
2018-08-23 17:00:00,67.132,66.196,60.743,26.728,75.61,396.122,122.082,312.618,106.912,31.73
2018-08-23 18:00:00,64.808,57.137,57.789,24.775,67.535,361.921,110.633,290.046,92.857,29.024
2018-08-23 19:00:00,52.55,48.687,52.875,21.869,63.143,338.507,102.485,266.059,83.559,27.589
2018-08-23 20:00:00,46.152,43.712,47.426,18.385,60.918,309.877,92.386,238.877,76.484,25.515
2018-08-23 21:00:00,38.042,35.112,37.145,14.065,48.634,250.383,70.837,196.667,61.933,20.62
2018-08-23 22:00:00,29.822,30.354,26.266,11.963,37.246,194.963,54.038,152.676,44.402,16.133
2018-08-23 23:00:00,25.373,25.519,23.07,11.244,31.017,163.175,44.709,125.931,37.398,12.088
2018-08-24 00:00:00,23.753,22.436,21.053,10.849,28.038,144.994,40.82,110.022,33.681,11.13
2018-08-24 01:00:00,23.763,20.878,19.658,10.874,26.203,134.285,38.807,103.287,30.563,10.677
2018-08-24 02:00:00,23.606,20.285,18.548,11.647,25.935,129.96,37.417,101.974,29.958,10.0
2018-08-24 03:00:00,25.048,20.765,18.88,11.694,25.814,131.724,39.689,105.502,30.571,10.99
2018-08-24 04:00:00,26.524,23.52,22.446,13.113,29.731,145.737,43.2,113.861,35.884,14.504
2018-08-24 05:00:00,29.905,29.013,28.093,15.809,36.284,167.149,50.997,135.749,42.375,15.319
2018-08-24 06:00:00,34.731,31.944,33.474,18.279,39.646,200.327,60.418,158.309,49.331,16.464
2018-08-24 07:00:00,41.618,34.513,36.325,18.85,42.133,232.716,68.864,184.225,57.462,17.01
2018-08-24 08:00:00,45.655,38.742,42.688,18.418,50.559,266.293,79.022,207.419,61.759,16.989
2018-08-24 09:00:00,49.976,44.341,42.382,18.908,50.265,293.014,92.443,238.458,72.449,19.371
2018-08-24 10:00:00,57.794,49.604,47.837,21.849,56.715,327.77,98.966,272.5,84.308,22.628
2018-08-24 11:00:00,67.204,56.434,56.831,23.498,63.728,372.944,109.328,311.77,92.738,23.727
2018-08-24 12:00:00,70.028,62.379,57.874,25.999,68.162,395.79,119.218,334.862,101.519,26.605
2018-08-24 13:00:00,73.233,66.268,63.257,28.722,73.634,412.343,128.411,348.427,113.17,29.391
2018-08-24 14:00:00,75.888,73.663,63.119,30.591,87.309,442.372,135.596,365.323,123.533,35.936
2018-08-24 15:00:00,81.496,78.732,71.035,33.11,90.783,459.183,140.373,378.955,128.472,38.18
2018-08-24 16:00:00,81.155,79.068,70.038,34.593,94.079,463.945,144.69,369.426,132.363,40.236
2018-08-24 17:00:00,76.15,75.686,68.892,32.334,91.453,454.204,139.952,345.097,126.514,40.324
2018-08-24 18:00:00,69.686,64.782,65.752,28.92,85.13,427.783,129.571,307.363,115.392,34.899
2018-08-24 19:00:00,63.72,57.08,59.395,24.837,75.37,396.183,119.735,286.99,104.182,29.973
2018-08-24 20:00:00,59.668,50.866,51.761,23.035,69.034,350.297,107.946,261.07,91.507,26.777
2018-08-24 21:00:00,47.521,42.743,41.838,20.69,53.571,288.877,89.693,224.475,70.175,20.704
2018-08-24 22:00:00,34.602,33.502,33.437,13.48,39.461,233.985,68.017,173.953,54.804,15.447
2018-08-24 23:00:00,28.075,26.292,26.711,10.342,36.299,192.453,55.431,142.27,44.355,13.285
2018-08-25 00:00:00,26.041,22.934,22.957,9.781,30.202,169.413,46.87,124.89,36.323,11.43
2018-08-25 01:00:00,23.871,20.88,21.494,9.735,27.929,158.931,43.552,115.186,33.675,10.41
2018-08-25 02:00:00,23.719,20.229,19.991,9.644,25.895,149.075,41.602,107.675,32.008,10.357
2018-08-25 03:00:00,24.624,20.873,19.407,10.262,26.432,146.137,40.474,106.662,32.808,11.065
2018-08-25 04:00:00,26.526,22.433,19.642,10.853,26.6,147.576,41.085,109.703,30.795,11.607
2018-08-25 05:00:00,26.098,24.875,21.439,11.189,27.859,147.836,42.694,108.684,34.522,11.926
2018-08-25 06:00:00,30.883,27.923,28.146,12.056,34.649,169.537,53.916,134.836,37.629,13.314
2018-08-25 07:00:00,37.192,31.908,33.78,14.24,41.923,212.879,60.225,174.942,48.358,14.99
2018-08-25 08:00:00,44.388,42.247,45.268,17.006,47.75,251.019,74.436,211.494,60.71,18.375
2018-08-25 09:00:00,54.19,48.732,57.065,18.338,49.283,289.212,94.106,242.842,70.791,25.691
2018-08-25 10:00:00,59.854,54.393,53.861,22.254,55.993,329.448,106.952,276.261,84.46,26.105
2018-08-25 11:00:00,69.441,64.087,60.754,27.38,65.052,370.208,110.475,309.834,99.033,28.045
2018-08-25 12:00:00,73.746,64.948,63.857,27.867,71.343,395.376,122.032,330.428,103.895,30.563
2018-08-25 13:00:00,79.61,67.172,64.57,29.396,77.147,412.718,130.742,333.067,109.812,32.911
2018-08-25 14:00:00,80.911,72.867,64.577,33.477,83.851,415.744,133.103,329.618,119.521,35.824
2018-08-25 15:00:00,78.847,73.262,65.755,31.908,82.192,432.324,135.672,328.361,122.524,36.851
2018-08-25 16:00:00,81.131,72.241,67.716,28.802,85.188,423.428,142.643,331.697,116.882,38.945
2018-08-25 17:00:00,76.334,68.351,65.702,27.011,82.973,418.481,130.887,313.208,117.621,35.591
2018-08-25 18:00:00,69.124,62.156,63.065,25.928,76.852,401.007,118.416,291.11,104.903,32.439
2018-08-25 19:00:00,64.161,59.9,54.472,24.874,67.663,370.167,111.726,264.731,92.137,30.661
2018-08-25 20:00:00,55.933,58.949,49.75,23.717,59.902,341.787,102.992,247.758,82.307,26.322
2018-08-25 21:00:00,47.281,48.474,39.544,20.678,49.607,287.854,84.046,204.383,66.144,20.529
2018-08-25 22:00:00,38.588,34.806,31.622,15.134,40.539,222.914,66.413,167.905,53.134,16.108
2018-08-25 23:00:00,32.434,26.784,24.596,11.32,33.686,183.292,54.604,137.25,41.497,12.507
2018-08-26 00:00:00,27.606,25.269,21.251,10.619,28.139,159.74,45.077,116.898,35.172,11.161
2018-08-26 01:00:00,25.394,21.511,20.013,9.725,27.051,150.21,41.995,107.642,33.204,10.794
2018-08-26 02:00:00,25.422,20.798,20.107,9.28,26.229,144.341,39.558,104.232,32.321,10.854
2018-08-26 03:00:00,25.207,21.108,19.645,9.569,26.911,141.079,39.305,103.812,31.365,10.824
2018-08-26 04:00:00,25.627,23.273,20.232,10.492,27.811,143.88,41.772,107.055,31.344,11.365
2018-08-26 05:00:00,26.498,24.182,22.244,10.913,29.069,146.935,46.638,107.956,32.057,13.077
2018-08-26 06:00:00,31.393,28.551,28.786,12.328,33.09,163.17,49.649,129.211,37.661,14.196
2018-08-26 07:00:00,38.069,32.856,30.332,14.026,41.359,201.014,63.467,158.202,45.75,16.757
2018-08-26 08:00:00,43.742,36.299,35.979,16.77,47.407,232.247,76.562,185.531,59.215,19.111
2018-08-26 09:00:00,51.676,45.778,42.018,19.573,52.22,268.969,84.675,217.945,68.333,22.907
2018-08-26 10:00:00,57.443,52.762,48.782,26.528,59.665,305.703,96.078,247.001,77.054,25.534
2018-08-26 11:00:00,62.066,62.269,54.959,27.955,68.865,335.43,104.896,288.867,88.426,29.932
2018-08-26 12:00:00,71.992,69.338,58.462,28.222,76.991,372.348,117.582,307.335,96.451,30.474
2018-08-26 13:00:00,72.725,68.592,59.828,26.868,79.573,385.21,121.16,321.734,102.326,32.483
2018-08-26 14:00:00,77.658,72.28,61.775,24.845,74.415,412.112,125.224,338.008,113.922,32.309
2018-08-26 15:00:00,74.386,76.927,58.446,24.934,75.146,419.182,125.387,334.883,121.314,31.928
2018-08-26 16:00:00,72.242,69.986,63.773,29.095,80.954,417.031,122.275,328.236,118.477,33.765
2018-08-26 17:00:00,70.311,65.389,62.543,25.417,79.93,418.087,119.953,308.036,112.83,33.458
2018-08-26 18:00:00,67.358,57.663,59.13,24.015,75.184,390.613,114.151,288.026,105.0,30.338
2018-08-26 19:00:00,57.571,53.052,57.019,22.597,71.248,375.032,107.708,275.617,92.138,28.85
2018-08-26 20:00:00,53.127,50.175,53.719,21.697,68.788,346.545,108.315,248.642,85.036,28.61
2018-08-26 21:00:00,48.065,44.203,43.086,19.653,54.605,294.258,88.248,216.771,70.812,24.442
2018-08-26 22:00:00,40.16,37.409,33.578,14.792,43.539,235.984,68.735,180.128,54.363,16.31
2018-08-26 23:00:00,33.943,32.492,31.449,12.399,35.671,202.056,54.251,153.679,46.292,13.697
2018-08-27 00:00:00,31.604,29.464,27.073,11.426,32.401,185.069,48.376,139.826,40.341,12.353
2018-08-27 01:00:00,28.88,25.732,24.231,10.941,29.249,179.545,46.496,131.47,38.979,11.149
2018-08-27 02:00:00,27.147,24.189,21.885,10.236,27.197,173.063,43.987,127.442,37.097,10.602
2018-08-27 03:00:00,27.668,23.75,22.486,9.664,27.304,171.086,44.052,127.912,38.42,11.164
2018-08-27 04:00:00,30.376,26.209,24.305,10.885,32.995,188.064,47.606,137.565,41.751,12.197
2018-08-27 05:00:00,34.399,29.647,30.991,14.167,39.955,215.163,59.895,157.94,50.845,14.504
2018-08-27 06:00:00,41.539,38.545,38.102,17.526,43.919,255.878,74.122,199.332,65.09,16.821
2018-08-27 07:00:00,54.84,46.143,45.112,19.218,50.916,309.954,86.533,247.846,76.642,21.007
2018-08-27 08:00:00,64.211,58.666,51.509,21.57,62.343,371.76,103.567,296.097,92.987,24.706
2018-08-27 09:00:00,73.883,64.702,61.346,24.551,79.23,411.589,125.913,340.749,105.361,26.819
2018-08-27 10:00:00,78.955,74.114,67.339,27.567,85.049,440.807,133.524,374.204,120.83,35.63
2018-08-27 11:00:00,83.407,79.598,73.229,28.946,91.899,463.204,142.896,387.216,127.265,35.892
2018-08-27 12:00:00,90.671,80.595,76.085,30.564,96.971,480.778,153.647,397.594,126.031,36.635
2018-08-27 13:00:00,90.434,78.165,75.726,31.672,100.409,490.228,157.965,407.999,131.491,37.107
2018-08-27 14:00:00,90.912,82.025,78.285,33.781,98.793,507.794,157.867,412.126,139.562,40.235
2018-08-27 15:00:00,90.934,86.201,77.224,35.821,97.151,521.136,157.808,423.633,140.921,42.793
2018-08-27 16:00:00,89.299,83.129,77.06,35.653,99.524,503.163,157.817,418.727,138.377,40.661
2018-08-27 17:00:00,82.35,80.054,73.856,33.673,99.186,478.628,147.457,389.234,132.873,38.23
2018-08-27 18:00:00,77.865,73.522,72.467,30.823,91.034,457.598,137.5,369.733,121.157,36.063
2018-08-27 19:00:00,69.231,66.192,63.283,30.08,82.874,438.452,123.983,345.702,115.464,33.308
2018-08-27 20:00:00,62.732,61.953,58.062,24.211,72.286,398.491,112.492,307.229,99.189,31.552
2018-08-27 21:00:00,53.19,53.407,50.93,19.577,59.324,340.036,95.637,253.608,81.613,24.975
2018-08-27 22:00:00,43.09,40.903,42.693,15.669,48.879,275.005,75.601,200.644,66.01,18.778
2018-08-27 23:00:00,37.013,36.766,35.316,12.962,40.604,228.387,64.228,171.341,52.599,16.616
2018-08-28 00:00:00,33.771,30.583,29.87,11.24,34.842,205.208,55.76,155.049,46.954,13.997
2018-08-28 01:00:00,31.653,28.437,26.047,10.63,31.59,194.03,51.489,144.979,44.379,12.692
2018-08-28 02:00:00,31.22,27.004,25.371,9.858,30.639,185.184,48.724,136.828,42.335,12.014
2018-08-28 03:00:00,30.506,26.637,24.723,10.038,30.42,184.956,49.722,135.64,40.999,12.558
2018-08-28 04:00:00,33.717,28.988,26.295,11.543,32.301,200.709,54.294,148.652,46.158,14.36
2018-08-28 05:00:00,37.459,34.633,38.495,13.235,38.268,231.601,59.597,174.346,52.219,17.664
2018-08-28 06:00:00,45.056,40.498,44.017,15.218,49.094,272.285,73.687,220.377,64.26,19.868
2018-08-28 07:00:00,57.691,44.707,51.99,17.492,63.555,314.88,90.077,265.467,79.082,24.606
2018-08-28 08:00:00,70.158,55.411,62.702,21.967,80.814,377.092,107.04,319.874,96.884,28.588
2018-08-28 09:00:00,82.457,68.222,74.487,28.572,92.095,456.386,134.143,381.558,115.796,34.868
2018-08-28 10:00:00,91.162,80.045,81.863,34.449,105.028,516.564,155.082,430.39,131.555,38.877
2018-08-28 11:00:00,99.513,89.261,83.703,35.168,108.946,554.894,170.235,463.428,139.218,41.106
2018-08-28 12:00:00,102.379,93.137,85.839,37.117,113.814,570.727,176.103,476.782,148.418,43.324
2018-08-28 13:00:00,99.7,94.652,88.583,37.315,113.471,575.779,179.197,473.549,153.092,44.344
2018-08-28 14:00:00,96.299,93.831,86.39,40.48,113.103,585.383,182.471,473.8,155.545,46.078
2018-08-28 15:00:00,96.132,91.879,91.153,41.297,115.888,590.586,184.827,476.229,156.994,45.568
2018-08-28 16:00:00,92.255,94.628,90.36,40.638,108.522,591.274,173.595,469.447,158.027,46.223
2018-08-28 17:00:00,87.717,83.783,81.478,38.033,104.624,555.432,165.822,434.427,145.367,44.574
2018-08-28 18:00:00,81.951,84.358,79.051,38.578,100.007,523.446,153.329,411.194,139.634,40.447
2018-08-28 19:00:00,78.178,78.739,78.741,41.317,93.771,500.377,147.881,396.992,128.236,38.273
2018-08-28 20:00:00,73.24,74.701,71.933,32.367,86.629,470.106,137.226,370.318,116.056,34.615
2018-08-28 21:00:00,63.439,68.695,62.081,27.062,73.348,406.657,121.519,331.251,102.282,28.276
2018-08-28 22:00:00,54.404,54.122,54.182,23.77,63.128,343.063,98.375,284.983,83.585,22.789
2018-08-28 23:00:00,46.925,43.911,46.865,19.855,52.314,296.337,83.441,242.28,71.049,21.436
2018-08-29 00:00:00,41.335,39.228,39.933,17.12,44.839,272.206,73.848,214.739,62.485,18.366
2018-08-29 01:00:00,38.323,37.452,36.105,14.816,40.54,257.238,65.464,200.272,57.481,15.981
2018-08-29 02:00:00,36.515,33.175,33.02,13.251,36.158,242.909,62.242,190.185,53.42,14.603
2018-08-29 03:00:00,35.074,31.845,30.684,12.037,34.55,235.333,60.831,180.959,53.372,14.545
2018-08-29 04:00:00,37.199,34.485,32.681,12.647,34.978,246.054,61.641,182.596,55.128,14.981
2018-08-29 05:00:00,38.621,37.573,37.861,14.281,41.01,275.55,71.634,203.872,62.652,21.167
2018-08-29 06:00:00,46.893,46.341,49.568,17.881,50.623,336.181,87.388,255.853,78.225,22.243
2018-08-29 07:00:00,62.636,57.386,61.466,22.973,63.96,395.149,107.697,308.852,93.701,25.436
2018-08-29 08:00:00,74.78,73.244,67.859,30.681,80.358,452.065,128.887,370.038,117.256,29.482
2018-08-29 09:00:00,86.919,82.063,76.068,35.367,96.582,498.864,154.523,421.967,130.749,36.391
2018-08-29 10:00:00,96.232,92.389,82.245,38.968,100.546,549.08,168.295,460.533,141.255,41.431
2018-08-29 11:00:00,98.916,92.865,87.52,41.379,106.823,583.539,178.653,482.444,150.822,45.922
2018-08-29 12:00:00,100.929,92.638,90.674,42.074,114.865,597.291,180.083,491.642,156.611,45.313
2018-08-29 13:00:00,100.191,96.271,89.92,41.815,115.958,599.174,182.176,489.45,162.266,45.488
2018-08-29 14:00:00,100.488,96.443,89.205,41.914,115.211,599.302,180.136,488.941,159.162,45.909
2018-08-29 15:00:00,99.776,99.198,90.081,43.339,115.634,600.066,181.656,488.182,162.288,49.273
2018-08-29 16:00:00,100.361,95.981,88.517,45.12,116.499,596.439,181.174,465.051,165.455,49.868
2018-08-29 17:00:00,95.431,93.771,85.902,41.111,110.354,568.455,169.219,447.439,156.02,45.846
2018-08-29 18:00:00,89.951,89.61,80.945,37.907,103.893,535.473,152.263,423.567,145.654,41.097
2018-08-29 19:00:00,80.117,77.678,77.647,34.399,100.04,503.974,153.015,393.337,137.092,40.148
2018-08-29 20:00:00,71.01,72.295,69.175,29.612,95.19,465.957,148.781,369.595,121.473,35.262
2018-08-29 21:00:00,60.859,59.155,61.838,25.414,77.277,411.487,124.727,326.837,106.817,30.995
2018-08-29 22:00:00,53.122,47.79,49.966,20.8,61.773,344.276,99.769,269.663,84.63,24.486
2018-08-29 23:00:00,43.511,39.573,42.223,16.395,54.694,295.105,87.023,230.266,71.791,22.19
2018-08-30 00:00:00,41.635,35.34,38.016,14.632,48.758,264.264,77.146,204.395,63.065,18.079
2018-08-30 01:00:00,39.768,33.39,32.075,12.376,40.86,248.726,71.014,186.171,57.611,16.068
2018-08-30 02:00:00,35.457,30.274,29.392,10.74,37.549,237.846,66.402,174.753,53.321,14.531
2018-08-30 03:00:00,35.622,30.098,28.463,11.673,36.888,232.777,65.074,170.904,53.004,14.688
2018-08-30 04:00:00,37.366,32.512,30.999,13.189,38.874,246.764,66.353,177.564,55.256,17.173
2018-08-30 05:00:00,39.448,37.432,35.544,15.342,43.479,270.298,74.342,197.78,64.809,18.989
2018-08-30 06:00:00,49.146,42.963,43.755,17.467,50.75,308.809,93.423,231.806,75.364,21.294
2018-08-30 07:00:00,61.873,48.173,51.916,19.329,55.812,358.964,111.862,262.093,84.594,24.629
2018-08-30 08:00:00,70.835,51.373,57.545,19.22,59.871,417.785,127.304,302.515,99.824,24.728
2018-08-30 09:00:00,69.463,54.684,66.671,21.052,63.506,456.449,137.177,358.389,111.988,26.898
2018-08-30 10:00:00,67.227,56.079,70.691,24.667,69.95,477.955,128.034,385.21,120.373,30.972
2018-08-30 11:00:00,72.836,63.137,76.1,27.943,78.045,484.976,138.749,394.204,120.467,32.939
2018-08-30 12:00:00,78.113,63.389,75.051,25.288,84.106,491.339,148.584,392.127,121.642,31.745
2018-08-30 13:00:00,79.949,68.206,74.532,23.842,92.056,490.957,145.621,386.261,128.32,33.401
2018-08-30 14:00:00,78.792,68.811,74.987,21.665,88.205,500.892,147.356,398.453,133.988,34.47
2018-08-30 15:00:00,77.989,68.863,75.139,20.54,85.929,503.166,149.293,382.606,130.935,37.313
2018-08-30 16:00:00,73.118,68.847,76.935,21.011,86.997,487.959,144.092,366.738,129.811,39.04
2018-08-30 17:00:00,67.759,64.473,73.588,21.624,81.412,460.943,135.555,353.866,121.913,34.809
2018-08-30 18:00:00,60.387,58.62,63.724,20.355,76.148,417.13,119.415,323.747,110.392,30.356
2018-08-30 19:00:00,54.735,53.18,62.863,19.526,67.759,383.234,106.888,297.919,94.589,31.452
2018-08-30 20:00:00,50.658,48.105,56.726,19.109,57.565,340.146,98.086,268.704,84.357,25.386
2018-08-30 21:00:00,39.939,36.874,43.073,17.173,50.388,276.145,77.237,223.387,65.955,21.23
2018-08-30 22:00:00,31.825,27.786,32.354,13.107,36.962,213.932,58.056,175.059,52.503,17.27
2018-08-30 23:00:00,27.159,24.048,26.249,11.603,30.949,180.926,50.414,138.08,40.845,12.503
2018-08-31 00:00:00,24.58,21.669,22.309,10.713,27.72,162.826,44.602,119.131,35.944,11.351
2018-08-31 01:00:00,24.011,20.818,21.128,10.405,26.548,152.551,42.653,110.141,33.135,10.689
2018-08-31 02:00:00,24.109,20.585,20.002,10.913,25.468,147.322,42.037,105.018,32.124,10.61
2018-08-31 03:00:00,24.687,21.235,20.334,12.375,25.922,145.144,41.516,108.28,32.554,10.916
2018-08-31 04:00:00,26.457,23.741,22.229,13.412,29.26,154.82,45.257,123.29,36.978,12.098
2018-08-31 05:00:00,31.137,26.933,28.165,14.647,35.3,182.118,51.686,141.918,44.509,15.802
2018-08-31 06:00:00,36.858,31.717,33.225,17.093,42.484,217.65,63.152,169.482,55.13,16.976
2018-08-31 07:00:00,41.75,35.476,36.249,18.132,45.556,249.298,74.131,192.84,62.032,17.112
2018-08-31 08:00:00,47.041,36.871,40.755,18.328,47.738,282.187,84.769,218.794,68.503,17.615
2018-08-31 09:00:00,50.376,40.634,43.488,19.364,51.648,310.858,94.258,240.109,70.328,19.662
2018-08-31 10:00:00,52.391,42.478,48.836,20.081,56.102,329.156,100.738,257.15,81.847,22.439
2018-08-31 11:00:00,56.074,44.191,50.566,19.808,61.292,344.383,108.325,269.149,84.757,23.941
2018-08-31 12:00:00,57.358,44.761,51.044,21.994,62.752,352.044,114.76,270.643,86.308,26.007
2018-08-31 13:00:00,57.521,49.573,52.562,24.949,64.7,360.414,111.274,274.17,89.386,28.391
2018-08-31 14:00:00,60.904,55.367,50.863,26.667,69.227,355.424,107.117,260.97,86.256,27.986
2018-08-31 15:00:00,61.981,59.565,52.541,28.773,75.499,360.491,112.842,263.52,81.378,28.492
2018-08-31 16:00:00,61.174,62.679,53.145,27.36,80.687,351.349,111.35,269.243,89.408,28.175
2018-08-31 17:00:00,57.406,57.699,51.59,26.025,77.357,338.15,98.608,249.903,82.185,29.18
2018-08-31 18:00:00,55.17,53.124,52.093,24.855,66.559,302.105,88.06,238.751,79.454,30.623
2018-08-31 19:00:00,51.123,47.866,49.68,22.758,62.969,279.268,92.447,230.129,74.575,27.11
2018-08-31 20:00:00,48.17,45.075,49.251,20.159,59.239,285.727,84.771,222.814,70.033,24.786
2018-08-31 21:00:00,36.527,33.442,37.313,16.907,48.668,237.923,70.125,181.888,55.3,19.501
2018-08-31 22:00:00,29.315,26.707,29.583,12.476,37.686,184.31,55.585,139.818,43.246,16.025
2018-08-31 23:00:00,27.615,23.275,23.645,12.201,32.483,155.586,48.378,117.829,35.47,14.375
2018-09-01 00:00:00,25.67,21.003,22.102,10.36,28.941,139.353,42.269,106.809,31.682,12.485
2018-09-01 01:00:00,24.55,20.095,19.828,10.159,28.081,135.49,40.408,101.689,31.381,11.163
2018-09-01 02:00:00,23.756,20.228,18.99,10.582,26.8,132.883,39.137,101.594,31.163,10.776
2018-09-01 03:00:00,24.01,20.064,19.031,10.839,26.735,133.671,39.531,101.785,31.326,11.141
2018-09-01 04:00:00,25.857,22.3,20.213,11.393,27.796,136.477,42.752,107.578,32.298,11.203
2018-09-01 05:00:00,25.924,22.795,23.754,12.14,30.049,145.076,42.59,112.172,35.043,10.98
2018-09-01 06:00:00,30.587,26.562,28.023,13.276,33.479,168.461,48.275,135.505,38.688,12.841
2018-09-01 07:00:00,36.976,31.638,36.123,15.14,41.079,206.006,60.994,155.574,46.839,15.657
2018-09-01 08:00:00,42.597,35.612,38.25,17.748,45.417,238.503,70.026,180.161,52.865,17.325
2018-09-01 09:00:00,44.803,42.777,42.595,17.185,46.396,253.844,75.546,202.116,60.424,17.754
2018-09-01 10:00:00,46.428,45.493,48.663,16.937,47.562,260.902,80.953,217.195,64.588,18.912
2018-09-01 11:00:00,50.206,49.641,47.836,16.351,50.677,283.526,85.948,235.707,68.299,20.718
2018-09-01 12:00:00,53.207,50.209,47.898,16.237,54.212,305.513,87.835,250.131,74.531,21.971
2018-09-01 13:00:00,55.096,55.413,52.751,16.751,57.872,312.341,88.709,262.925,80.926,25.972
2018-09-01 14:00:00,53.976,63.085,56.298,17.865,64.444,316.653,89.224,259.056,84.431,24.908
2018-09-01 15:00:00,59.683,63.72,63.438,18.098,69.248,320.193,94.971,247.222,88.281,31.2
2018-09-01 16:00:00,63.066,61.292,65.794,19.732,74.507,340.394,102.2,250.602,85.41,32.198
2018-09-01 17:00:00,56.821,59.222,62.249,19.771,71.431,351.318,103.637,248.058,85.091,29.903
2018-09-01 18:00:00,53.262,54.742,55.131,21.061,68.416,332.555,101.292,239.34,85.167,29.009
2018-09-01 19:00:00,51.043,52.462,53.723,22.549,64.359,314.785,93.864,241.463,77.401,24.639
2018-09-01 20:00:00,47.369,49.13,48.56,21.909,59.561,299.809,90.263,228.177,74.218,22.843
2018-09-01 21:00:00,39.545,41.255,37.618,17.15,47.214,248.701,71.756,191.46,63.649,19.422
2018-09-01 22:00:00,30.972,30.489,30.661,13.478,35.919,197.989,56.989,147.06,46.83,13.164
2018-09-01 23:00:00,26.598,26.553,25.749,12.048,30.373,166.632,46.576,126.311,37.892,11.296
2018-09-02 00:00:00,24.338,24.179,21.869,10.469,27.796,146.539,40.983,109.044,31.818,11.937
2018-09-02 01:00:00,24.133,22.031,19.915,9.686,27.413,138.368,39.003,101.637,30.68,11.268
2018-09-02 02:00:00,23.027,20.845,19.646,10.068,25.271,134.693,37.989,100.922,30.03,10.681
2018-09-02 03:00:00,24.448,20.856,19.912,10.185,25.714,131.802,37.738,102.112,30.365,11.383
2018-09-02 04:00:00,25.072,22.429,20.052,10.96,27.173,136.129,39.949,105.614,31.247,12.124
2018-09-02 05:00:00,26.875,24.761,22.962,11.694,30.809,144.095,40.257,113.33,31.489,12.524
2018-09-02 06:00:00,30.98,27.909,28.359,13.773,37.167,168.272,48.272,132.289,37.901,13.899
2018-09-02 07:00:00,33.339,32.259,33.813,14.134,44.147,190.428,57.514,153.019,44.259,19.918
2018-09-02 08:00:00,38.115,37.881,41.906,14.831,51.858,218.008,71.821,180.725,56.172,21.338
2018-09-02 09:00:00,43.576,47.415,46.054,16.114,57.818,244.612,84.358,218.045,61.245,22.364
2018-09-02 10:00:00,50.391,51.949,49.664,20.387,61.465,279.639,92.078,256.431,66.874,22.362
2018-09-02 11:00:00,58.685,62.597,56.05,27.086,68.056,325.66,96.177,283.027,79.304,22.805
2018-09-02 12:00:00,65.695,66.654,60.308,27.054,72.495,355.898,109.395,298.758,94.014,26.629
2018-09-02 13:00:00,71.196,73.694,62.835,29.513,71.965,386.182,119.005,303.395,102.547,27.925
2018-09-02 14:00:00,74.203,72.522,68.855,32.458,74.48,410.826,118.669,314.651,110.565,31.644
2018-09-02 15:00:00,71.379,73.756,69.216,33.005,78.998,422.269,121.005,325.301,112.26,32.674
2018-09-02 16:00:00,69.726,74.3,70.123,33.632,81.105,428.98,120.093,316.674,107.176,33.089
2018-09-02 17:00:00,65.839,71.785,72.171,32.863,80.983,422.188,120.531,296.675,99.655,31.477
2018-09-02 18:00:00,63.272,65.869,70.623,31.443,75.07,409.305,119.659,295.396,100.69,30.046
2018-09-02 19:00:00,60.75,62.309,63.811,29.731,73.242,390.751,113.458,273.841,93.533,29.629
2018-09-02 20:00:00,55.089,57.026,55.807,25.93,69.8,362.407,99.718,249.253,86.425,28.496
2018-09-02 21:00:00,48.112,47.82,48.313,21.095,53.539,305.77,87.446,205.246,75.329,23.648
2018-09-02 22:00:00,40.368,35.831,39.891,17.023,44.207,252.057,72.398,167.101,51.694,17.549
2018-09-02 23:00:00,34.413,29.888,32.772,12.389,37.806,217.805,57.449,144.048,41.139,17.08
2018-09-03 00:00:00,32.059,28.689,27.827,11.065,33.575,191.551,52.039,131.966,37.194,12.545
2018-09-03 01:00:00,30.672,28.122,25.807,11.043,32.974,184.734,48.215,124.323,34.702,11.423
2018-09-03 02:00:00,30.408,27.018,25.489,10.46,30.719,177.449,46.506,120.891,34.352,11.67
2018-09-03 03:00:00,30.347,26.091,25.602,11.924,29.429,177.646,47.214,123.207,36.388,11.815
2018-09-03 04:00:00,32.752,30.017,28.206,11.515,31.533,196.026,52.82,136.566,41.147,12.855
2018-09-03 05:00:00,39.288,33.282,34.929,15.518,37.769,229.636,61.482,158.623,49.016,16.441
2018-09-03 06:00:00,47.73,37.252,42.763,17.821,48.156,275.453,79.442,205.344,61.218,16.9
2018-09-03 07:00:00,59.824,44.982,48.422,18.552,56.874,325.801,102.631,252.284,73.928,19.609
2018-09-03 08:00:00,69.693,57.559,56.614,26.658,69.651,385.203,122.237,305.117,90.312,26.384
2018-09-03 09:00:00,81.33,71.143,65.62,28.884,87.51,440.903,142.161,355.018,108.51,30.586
2018-09-03 10:00:00,87.387,80.215,76.027,32.411,97.823,479.581,150.214,387.261,120.081,35.721
2018-09-03 11:00:00,92.801,91.672,84.416,35.945,105.826,526.231,159.692,425.839,135.125,40.798
2018-09-03 12:00:00,95.527,92.854,84.997,38.224,111.531,549.78,169.606,453.938,143.857,41.825
2018-09-03 13:00:00,97.729,97.82,86.758,39.414,111.367,562.914,172.602,455.853,147.78,42.902
2018-09-03 14:00:00,100.463,101.934,86.809,40.907,114.69,577.911,178.459,467.543,151.116,45.487
2018-09-03 15:00:00,98.763,101.145,87.408,40.765,115.334,587.519,181.544,465.391,156.212,46.588
2018-09-03 16:00:00,98.996,102.544,88.702,39.123,114.84,587.176,180.87,466.892,160.102,47.936
2018-09-03 17:00:00,93.241,96.568,90.723,37.17,104.948,570.913,171.036,444.786,156.837,48.101
2018-09-03 18:00:00,86.254,89.169,82.003,32.327,93.453,542.457,160.582,423.812,144.259,45.374
2018-09-03 19:00:00,80.739,76.417,75.577,30.51,87.042,500.857,153.252,399.481,129.953,40.502
2018-09-03 20:00:00,69.925,68.143,69.766,26.637,76.823,462.855,138.048,355.992,120.178,36.202
2018-09-03 21:00:00,60.139,60.14,61.277,19.401,63.745,391.668,113.108,309.487,98.893,29.648
2018-09-03 22:00:00,51.723,50.299,51.352,15.774,52.747,328.266,93.171,261.219,81.077,23.314
2018-09-03 23:00:00,43.38,43.754,41.729,13.397,42.512,282.057,79.545,229.221,66.18,19.371
2018-09-04 00:00:00,38.895,38.065,37.104,11.497,36.253,254.144,73.111,199.249,60.779,16.792
2018-09-04 01:00:00,35.039,33.71,33.467,9.971,33.429,238.762,66.217,182.154,56.116,15.039
2018-09-04 02:00:00,32.622,29.779,29.725,10.675,30.948,226.465,61.975,170.678,50.355,14.167
2018-09-04 03:00:00,33.507,29.368,29.0,11.027,31.726,222.212,61.18,164.079,48.846,14.211
2018-09-04 04:00:00,34.002,30.096,28.962,13.003,33.369,232.838,63.546,173.385,52.104,14.943
2018-09-04 05:00:00,38.173,35.123,36.155,14.511,40.573,263.441,72.288,192.176,58.783,19.739
2018-09-04 06:00:00,45.38,43.308,43.717,16.754,49.494,308.705,84.662,237.117,70.337,22.042
2018-09-04 07:00:00,61.362,49.39,51.016,20.381,55.705,368.239,109.082,283.688,88.565,26.254
2018-09-04 08:00:00,73.547,55.949,62.557,25.285,60.762,438.271,128.874,331.791,104.005,28.942
2018-09-04 09:00:00,78.86,70.098,73.087,28.96,68.684,484.36,142.158,378.269,120.369,33.021
2018-09-04 10:00:00,88.024,76.941,79.2,31.427,79.125,510.767,151.995,409.547,125.793,35.063
2018-09-04 11:00:00,88.66,81.027,77.055,34.874,90.028,524.43,157.391,422.182,134.516,37.624
2018-09-04 12:00:00,91.773,81.895,78.807,33.836,97.338,528.306,163.915,422.612,137.374,38.539
2018-09-04 13:00:00,91.489,82.219,79.503,35.726,103.408,535.63,168.127,422.372,142.654,40.0
2018-09-04 14:00:00,92.522,87.345,82.033,37.551,104.326,541.805,166.159,407.937,145.676,43.197
2018-09-04 15:00:00,90.622,89.79,83.288,37.288,106.536,550.021,166.185,405.204,152.478,44.466
2018-09-04 16:00:00,88.662,88.356,83.923,37.254,109.796,547.378,165.781,391.901,143.657,47.244
2018-09-04 17:00:00,84.277,82.137,82.792,34.461,106.936,525.661,159.534,374.789,135.608,43.43
2018-09-04 18:00:00,75.491,74.395,76.15,32.348,94.336,487.787,143.653,351.005,126.35,37.946
2018-09-04 19:00:00,66.674,64.068,67.823,25.961,85.337,444.55,131.082,317.088,114.913,33.856
2018-09-04 20:00:00,59.913,57.016,60.992,23.063,72.514,401.896,117.896,282.394,100.759,31.638
2018-09-04 21:00:00,48.799,49.314,50.38,18.064,62.582,329.16,94.826,232.89,79.444,23.656
2018-09-04 22:00:00,39.623,37.927,38.798,14.017,43.247,268.36,74.654,186.42,60.943,18.253
2018-09-04 23:00:00,36.212,30.98,31.961,10.999,35.448,223.35,62.509,158.384,48.351,15.34
2018-09-05 00:00:00,29.177,26.452,28.341,10.255,30.956,195.387,51.398,143.578,41.133,12.718
2018-09-05 01:00:00,26.032,23.703,23.741,9.506,29.096,183.491,47.25,132.866,37.777,12.007
2018-09-05 02:00:00,26.005,22.556,21.544,9.63,28.04,173.687,45.376,123.525,35.81,10.929
2018-09-05 03:00:00,26.372,24.314,21.662,11.468,27.394,170.694,45.578,123.547,36.64,12.445
2018-09-05 04:00:00,29.155,25.651,24.165,12.675,29.041,181.486,50.536,134.879,40.332,12.809
2018-09-05 05:00:00,32.878,30.028,28.035,14.912,34.821,211.586,60.033,158.13,46.705,14.945
2018-09-05 06:00:00,38.953,36.332,36.369,16.229,43.937,247.285,68.665,189.232,57.228,16.43
2018-09-05 07:00:00,47.046,37.837,39.427,17.531,50.798,291.989,85.387,228.352,63.487,19.551
2018-09-05 08:00:00,55.865,43.077,44.952,18.524,57.289,333.938,97.27,267.781,71.659,22.494
2018-09-05 09:00:00,65.424,50.086,53.053,19.904,65.412,383.536,114.88,308.952,80.07,28.228
2018-09-05 10:00:00,72.637,62.574,63.85,23.762,75.589,425.363,127.861,362.503,93.001,30.725
2018-09-05 11:00:00,82.827,74.881,75.36,27.811,88.471,473.888,140.432,386.315,106.92,37.258
2018-09-05 12:00:00,87.364,82.145,76.529,32.36,97.277,502.806,156.241,402.703,121.69,40.986
2018-09-05 13:00:00,89.748,88.404,77.962,34.732,105.138,536.135,166.209,417.57,134.07,44.991
2018-09-05 14:00:00,92.166,93.274,82.879,37.001,112.787,553.489,168.448,414.251,143.088,45.122
2018-09-05 15:00:00,95.263,95.044,80.908,40.069,116.791,562.996,168.446,417.3,151.488,46.188
2018-09-05 16:00:00,96.592,93.713,81.719,45.054,113.454,560.146,169.861,418.846,152.141,47.21
2018-09-05 17:00:00,91.979,90.263,84.137,42.432,109.95,549.856,162.808,394.773,139.681,46.072
2018-09-05 18:00:00,84.967,85.002,77.871,37.586,101.28,524.02,150.651,364.808,130.592,41.947
2018-09-05 19:00:00,76.709,79.01,74.399,32.343,95.142,484.263,139.249,333.324,117.621,38.523
2018-09-05 20:00:00,71.88,73.437,65.584,27.37,88.78,438.309,130.092,301.571,104.504,35.689
2018-09-05 21:00:00,61.747,58.775,55.888,22.41,74.337,368.245,110.577,253.454,82.339,28.355
2018-09-05 22:00:00,53.851,48.116,52.624,17.218,63.85,307.598,87.26,212.731,64.056,22.278
2018-09-05 23:00:00,48.915,43.449,42.084,13.752,50.763,263.631,74.728,187.512,54.101,18.411
2018-09-06 00:00:00,41.217,37.628,37.161,11.652,44.899,234.172,65.47,167.711,48.503,15.592
2018-09-06 01:00:00,38.63,35.244,33.32,10.712,39.807,220.826,62.428,158.705,45.008,13.723
2018-09-06 02:00:00,38.535,34.554,31.03,11.042,40.145,211.762,59.463,151.973,43.562,13.333
2018-09-06 03:00:00,36.876,36.365,30.422,11.22,39.459,210.753,58.468,151.296,43.859,14.684
2018-09-06 04:00:00,37.635,39.161,33.096,12.872,41.036,228.32,62.532,160.345,48.225,15.082
2018-09-06 05:00:00,42.129,46.547,39.064,14.983,50.189,258.48,73.64,186.537,59.427,17.409
2018-09-06 06:00:00,49.349,52.196,47.393,18.094,60.219,302.849,89.098,234.684,71.936,24.04
2018-09-06 07:00:00,67.415,61.489,52.595,21.739,72.01,356.934,110.571,280.847,82.815,27.908
2018-09-06 08:00:00,78.404,73.241,61.994,23.025,85.722,427.289,130.493,336.416,106.065,28.735
2018-09-06 09:00:00,87.437,83.81,74.479,25.562,98.777,483.871,157.78,392.729,123.861,34.645
2018-09-06 10:00:00,91.593,81.871,81.905,25.267,105.48,531.664,172.875,435.908,135.463,39.383
2018-09-06 11:00:00,85.551,70.806,85.385,26.949,100.456,567.907,173.979,462.11,144.279,39.68
2018-09-06 12:00:00,82.786,64.935,83.853,28.201,85.405,582.977,164.604,474.354,140.888,36.572
2018-09-06 13:00:00,80.369,63.725,80.641,31.989,83.98,569.267,137.658,439.142,125.747,34.064
2018-09-06 14:00:00,73.825,65.818,75.89,32.727,87.468,498.048,121.247,367.493,109.545,33.727
2018-09-06 15:00:00,74.002,72.633,70.377,31.397,87.112,429.449,122.167,341.344,106.731,34.835
2018-09-06 16:00:00,75.116,75.102,66.19,31.102,90.33,414.02,120.613,335.105,106.883,36.379
2018-09-06 17:00:00,72.623,73.074,64.81,29.757,87.331,402.658,117.028,323.245,104.386,36.147
2018-09-06 18:00:00,69.411,70.734,61.373,26.754,79.805,397.709,120.541,317.873,99.586,35.407
2018-09-06 19:00:00,62.093,57.902,59.507,22.919,70.962,370.871,114.208,302.245,98.809,31.781
2018-09-06 20:00:00,57.079,54.633,53.657,21.007,64.78,342.623,104.372,282.31,92.772,28.517
2018-09-06 21:00:00,46.735,47.58,45.208,15.777,52.464,296.965,83.346,225.586,71.08,23.637
2018-09-06 22:00:00,41.217,33.469,34.732,12.276,38.907,244.873,70.341,184.002,60.962,17.406
2018-09-06 23:00:00,33.566,27.759,29.598,11.35,33.012,207.514,58.556,155.566,46.748,14.978
2018-09-07 00:00:00,26.597,24.654,26.523,10.188,30.421,182.82,50.27,135.282,39.889,14.654
2018-09-07 01:00:00,24.97,21.948,23.747,9.963,28.2,175.035,47.141,126.769,37.022,13.095
2018-09-07 02:00:00,24.401,21.16,21.66,10.581,25.812,159.723,44.301,118.102,35.371,10.772
2018-09-07 03:00:00,24.55,21.252,21.85,11.367,26.402,153.696,42.525,113.434,34.078,10.893
2018-09-07 04:00:00,27.485,22.884,24.294,12.603,28.625,159.581,46.927,121.077,39.379,13.262
2018-09-07 05:00:00,31.929,29.772,28.723,15.1,36.346,192.623,56.839,143.16,45.538,14.68
2018-09-07 06:00:00,38.275,31.061,37.103,15.803,42.095,219.075,64.828,166.896,54.648,16.963
2018-09-07 07:00:00,42.264,36.575,38.294,18.526,50.415,242.205,71.493,191.21,65.573,20.574
2018-09-07 08:00:00,47.507,41.39,38.995,19.932,49.671,265.387,81.124,207.364,67.928,21.033
2018-09-07 09:00:00,49.24,43.456,40.616,19.288,55.907,283.772,90.564,222.952,71.822,20.793
2018-09-07 10:00:00,51.246,51.335,44.073,19.586,61.626,304.21,96.871,238.219,72.988,21.534
2018-09-07 11:00:00,53.734,51.235,52.96,19.828,65.257,318.461,102.551,252.155,79.326,23.425
2018-09-07 12:00:00,57.332,55.159,48.338,21.467,68.827,328.607,101.83,259.087,79.68,23.186
2018-09-07 13:00:00,59.169,55.701,47.305,23.995,71.712,330.097,101.733,262.527,82.614,26.547
2018-09-07 14:00:00,63.348,60.484,50.37,27.883,76.819,342.241,104.958,254.626,87.185,27.567
2018-09-07 15:00:00,64.004,62.318,52.861,27.329,82.995,346.391,110.998,256.036,89.961,34.893
2018-09-07 16:00:00,64.23,66.073,51.89,28.563,89.068,356.9,115.341,256.555,90.551,36.685
2018-09-07 17:00:00,61.56,62.905,57.148,27.012,82.595,350.801,114.106,252.259,90.831,33.459
2018-09-07 18:00:00,60.814,57.449,55.049,25.447,72.32,338.91,107.037,256.904,86.94,30.531
2018-09-07 19:00:00,55.701,55.807,51.68,21.883,67.526,323.155,101.664,248.206,79.679,29.382
2018-09-07 20:00:00,48.701,50.023,45.537,20.134,60.485,298.981,91.436,228.916,68.08,25.723
2018-09-07 21:00:00,39.432,39.935,38.512,16.863,50.595,248.274,74.07,182.476,52.939,20.769
2018-09-07 22:00:00,31.94,30.612,31.778,13.618,40.769,200.981,55.218,145.213,45.341,15.718
2018-09-07 23:00:00,27.302,27.006,23.815,11.386,31.901,166.079,48.162,122.385,37.633,12.52
2018-09-08 00:00:00,25.378,21.913,21.298,11.202,27.716,150.069,42.847,107.886,32.047,11.01
2018-09-08 01:00:00,24.633,19.927,19.423,12.109,26.588,143.422,41.105,101.564,30.865,10.266
2018-09-08 02:00:00,25.484,20.377,19.339,11.894,26.268,138.939,39.984,100.566,30.942,9.961
2018-09-08 03:00:00,24.27,22.968,19.0,12.528,26.693,138.859,40.196,103.465,30.792,10.055
2018-09-08 04:00:00,25.08,22.027,19.77,13.505,29.241,138.787,41.599,106.383,30.295,11.097
2018-09-08 05:00:00,25.868,24.094,21.382,14.235,29.553,148.806,44.196,111.981,33.737,12.679
2018-09-08 06:00:00,30.242,27.09,26.655,14.641,34.375,168.239,49.21,129.639,37.795,14.065
2018-09-08 07:00:00,36.035,33.068,33.895,16.418,38.383,202.804,58.736,153.042,46.277,14.242
2018-09-08 08:00:00,39.541,35.191,41.327,16.121,44.514,225.907,73.015,177.859,50.756,17.79
2018-09-08 09:00:00,42.772,42.164,38.925,18.058,50.557,236.567,73.181,186.689,57.102,18.004
2018-09-08 10:00:00,45.15,46.218,38.858,16.588,50.025,240.009,77.291,196.871,63.453,17.445
2018-09-08 11:00:00,45.259,48.005,43.428,20.232,45.571,262.726,78.029,206.107,68.114,18.67
2018-09-08 12:00:00,42.545,44.855,45.297,16.974,46.588,266.787,79.528,210.678,68.073,20.474
2018-09-08 13:00:00,41.648,47.35,47.075,18.308,46.297,265.07,81.806,217.333,66.352,20.071
2018-09-08 14:00:00,43.896,50.473,41.693,19.552,48.511,257.564,82.742,216.454,67.448,22.4
2018-09-08 15:00:00,46.093,52.958,45.863,21.026,55.023,260.518,79.146,214.742,69.589,24.411
2018-09-08 16:00:00,46.109,52.75,47.271,21.931,60.982,267.325,85.688,220.246,70.758,23.279
2018-09-08 17:00:00,45.528,51.124,41.856,21.531,53.207,267.361,82.953,220.036,68.949,22.351
2018-09-08 18:00:00,43.132,46.738,42.402,20.185,52.592,277.528,85.811,225.222,68.378,21.869
2018-09-08 19:00:00,41.648,44.247,42.984,19.461,52.328,279.092,88.012,224.508,68.896,26.042
2018-09-08 20:00:00,40.493,42.251,42.774,20.529,48.673,257.284,80.277,209.76,68.27,23.817
2018-09-08 21:00:00,37.46,35.869,34.707,17.036,40.61,208.515,68.14,169.389,53.346,20.27
2018-09-08 22:00:00,29.556,27.76,25.082,14.378,34.485,168.408,53.752,133.616,41.794,16.227
2018-09-08 23:00:00,26.432,22.812,22.063,14.796,29.376,143.939,47.685,115.5,35.27,12.423
2018-09-09 00:00:00,24.182,22.092,20.2,16.356,28.154,131.531,39.985,103.014,31.34,12.012
2018-09-09 01:00:00,23.698,20.901,20.65,15.632,27.715,128.828,39.193,99.535,30.295,11.764
2018-09-09 02:00:00,23.306,22.12,20.003,14.287,27.311,127.174,38.969,100.278,29.596,11.484
2018-09-09 03:00:00,23.784,23.342,20.636,14.591,28.088,128.736,40.175,101.907,30.163,13.893
2018-09-09 04:00:00,25.338,24.759,22.138,15.62,31.724,135.885,42.09,107.602,32.26,14.145
2018-09-09 05:00:00,27.08,28.604,25.181,16.888,34.307,146.676,44.835,116.054,34.163,15.26
2018-09-09 06:00:00,31.234,30.996,30.754,17.59,36.154,157.102,48.026,127.951,37.713,17.539
2018-09-09 07:00:00,36.636,32.899,33.432,17.993,40.861,186.036,57.297,146.413,48.769,18.996
2018-09-09 08:00:00,39.126,35.002,38.203,17.81,43.195,199.868,59.491,165.366,55.092,18.619
2018-09-09 09:00:00,42.744,37.039,39.147,17.922,42.563,204.996,65.636,174.313,59.196,19.722
2018-09-09 10:00:00,45.588,37.552,40.118,17.271,43.585,209.696,67.47,177.198,55.708,16.816
2018-09-09 11:00:00,39.646,42.147,36.945,19.102,44.608,223.252,72.228,177.2,57.957,20.465
2018-09-09 12:00:00,39.838,42.17,34.762,17.724,41.941,226.512,70.475,175.159,56.194,18.649
2018-09-09 13:00:00,42.543,41.715,37.896,16.386,42.829,218.937,72.53,176.694,57.888,18.679
2018-09-09 14:00:00,42.804,43.602,40.001,18.318,51.571,229.55,71.248,181.221,61.228,17.324
2018-09-09 15:00:00,43.694,47.009,39.092,19.501,49.973,233.129,75.316,188.392,64.14,18.442
2018-09-09 16:00:00,46.13,45.513,40.658,19.692,52.773,246.265,78.535,192.934,64.468,21.592
2018-09-09 17:00:00,43.727,41.483,44.026,20.117,50.126,244.958,79.818,195.555,65.096,22.395
2018-09-09 18:00:00,42.138,42.726,43.963,19.292,53.685,245.337,84.076,207.609,70.003,22.034
2018-09-09 19:00:00,41.333,40.539,41.405,18.908,54.221,251.14,84.84,201.753,69.803,22.216
2018-09-09 20:00:00,38.837,38.646,39.596,19.974,51.596,240.316,77.816,197.599,66.897,22.304
2018-09-09 21:00:00,34.31,32.751,33.489,17.205,44.262,207.481,62.399,160.142,53.372,18.453
2018-09-09 22:00:00,29.04,29.735,28.389,15.597,34.586,167.485,50.567,133.377,40.378,13.551
2018-09-09 23:00:00,26.352,26.063,23.105,14.227,30.359,142.414,41.194,111.035,33.716,12.616
2018-09-10 00:00:00,25.278,24.061,21.548,13.887,28.786,133.298,40.267,106.186,31.951,12.195
2018-09-10 01:00:00,24.371,23.778,20.642,13.167,27.948,131.832,39.604,106.002,31.349,12.069
2018-09-10 02:00:00,24.111,23.818,20.927,13.791,26.846,130.413,39.503,105.409,31.494,11.676
2018-09-10 03:00:00,25.735,25.444,20.84,15.972,28.369,134.548,41.698,110.383,33.6,11.612
2018-09-10 04:00:00,27.724,27.083,23.4,16.565,31.133,148.696,46.532,124.574,40.18,13.609
2018-09-10 05:00:00,33.113,30.994,29.069,19.109,39.797,181.033,55.287,146.224,46.143,16.044
2018-09-10 06:00:00,38.616,34.994,34.886,21.887,44.025,209.209,61.941,171.956,55.432,19.891
2018-09-10 07:00:00,42.884,36.295,36.65,22.006,50.632,226.295,68.786,182.691,60.486,20.566
2018-09-10 08:00:00,43.576,36.007,42.104,20.7,49.436,231.069,70.753,185.038,59.854,19.868
2018-09-10 09:00:00,45.269,37.017,47.083,20.841,48.621,236.695,74.506,198.849,58.992,18.634
2018-09-10 10:00:00,48.411,37.085,47.762,21.509,47.449,234.703,79.522,199.035,59.094,18.573
2018-09-10 11:00:00,46.95,38.569,41.068,21.064,46.043,236.644,75.417,203.132,61.849,20.301
2018-09-10 12:00:00,44.3,37.661,38.232,20.373,40.656,237.144,76.412,193.315,57.544,20.139
2018-09-10 13:00:00,43.403,34.934,35.547,19.578,41.661,229.026,73.338,187.322,58.638,17.867
2018-09-10 14:00:00,42.385,35.184,35.794,16.575,39.961,233.803,73.533,183.309,55.067,20.284
2018-09-10 15:00:00,43.424,39.549,34.626,16.15,44.157,239.91,72.639,183.074,55.794,22.102
2018-09-10 16:00:00,43.745,40.528,36.192,18.212,50.69,248.318,75.453,192.409,62.556,21.816
2018-09-10 17:00:00,42.234,43.704,40.905,20.526,54.111,251.146,72.902,202.504,63.601,20.749
2018-09-10 18:00:00,42.92,45.982,46.286,21.403,55.42,260.925,81.078,215.498,67.619,21.063
2018-09-10 19:00:00,42.996,47.332,44.052,20.541,52.16,260.564,88.311,209.529,67.845,22.698
2018-09-10 20:00:00,41.625,47.446,43.098,17.804,51.49,252.851,82.07,205.407,61.673,21.65
2018-09-10 21:00:00,34.424,37.654,33.244,15.861,41.41,217.728,64.857,171.571,54.374,19.178
2018-09-10 22:00:00,29.103,29.413,29.929,13.77,33.393,173.079,50.585,135.636,40.769,17.407
2018-09-10 23:00:00,25.6,24.492,23.297,12.359,30.071,145.637,44.929,116.476,33.882,12.491
2018-09-11 00:00:00,24.673,21.842,20.97,11.043,26.909,134.948,42.352,106.765,32.094,11.256
2018-09-11 01:00:00,24.258,21.645,20.185,10.74,26.422,128.991,38.925,102.249,30.959,11.417
2018-09-11 02:00:00,23.679,20.659,19.312,11.056,25.392,129.922,38.61,102.185,30.078,10.954
2018-09-11 03:00:00,24.243,21.607,22.951,11.649,26.274,132.277,40.155,108.419,31.306,10.649
2018-09-11 04:00:00,27.504,24.225,27.349,12.396,26.93,146.757,45.865,119.877,36.689,12.396
2018-09-11 05:00:00,31.884,29.8,30.451,15.536,34.888,175.721,55.244,141.615,43.694,14.941
2018-09-11 06:00:00,39.125,33.519,36.228,16.585,38.777,210.465,61.074,166.079,53.159,16.429
2018-09-11 07:00:00,40.822,34.444,39.933,18.975,47.031,229.037,70.499,185.163,58.369,17.563
2018-09-11 08:00:00,42.897,35.789,38.984,18.449,47.925,247.109,78.074,196.962,59.116,19.709
2018-09-11 09:00:00,43.441,37.228,39.909,18.527,46.963,250.54,81.68,208.005,64.651,22.45
2018-09-11 10:00:00,47.578,37.951,41.318,17.868,48.179,248.333,79.121,219.007,60.72,23.549
2018-09-11 11:00:00,47.309,37.731,46.567,17.836,44.889,260.373,81.415,226.638,59.882,19.794
2018-09-11 12:00:00,45.787,37.373,46.343,16.735,44.351,272.994,86.177,235.913,66.702,19.981
2018-09-11 13:00:00,44.099,37.781,43.387,18.471,46.289,304.919,85.368,248.217,74.472,19.238
2018-09-11 14:00:00,43.729,39.198,47.068,19.354,52.245,327.255,87.941,261.036,78.719,19.297
2018-09-11 15:00:00,50.181,39.322,49.912,18.893,52.391,345.644,97.01,280.728,86.826,20.284
2018-09-11 16:00:00,51.499,42.759,49.768,20.422,57.871,359.742,105.203,282.198,90.334,22.561
2018-09-11 17:00:00,49.168,45.962,50.97,20.53,55.408,363.278,102.08,286.281,91.852,22.132
2018-09-11 18:00:00,47.645,46.923,51.741,22.341,54.651,358.892,101.611,275.249,90.253,22.925
2018-09-11 19:00:00,47.281,50.399,49.937,23.493,56.629,338.635,96.374,254.34,85.396,21.646
2018-09-11 20:00:00,45.964,46.449,48.727,20.327,54.745,320.435,89.671,236.098,77.164,22.196
2018-09-11 21:00:00,38.37,37.271,38.23,16.099,45.612,265.758,76.204,194.385,62.737,17.105
2018-09-11 22:00:00,31.937,29.994,31.658,14.228,36.286,210.933,59.703,154.444,45.592,14.615
2018-09-11 23:00:00,27.393,25.93,27.721,11.893,30.25,182.853,51.402,133.761,39.773,12.025
2018-09-12 00:00:00,24.72,23.677,23.763,10.211,27.073,163.62,44.613,118.663,35.977,10.613
2018-09-12 01:00:00,23.977,22.131,22.007,10.148,26.693,155.104,43.017,111.307,33.309,10.196
2018-09-12 02:00:00,24.092,21.032,20.931,10.455,26.193,153.568,43.719,108.737,33.278,10.321
2018-09-12 03:00:00,24.888,21.213,21.29,10.476,25.721,152.861,41.727,112.437,35.71,10.734
2018-09-12 04:00:00,28.297,24.332,23.859,11.206,29.253,167.055,45.275,124.136,38.689,12.066
2018-09-12 05:00:00,32.213,28.922,28.646,14.181,39.085,208.162,56.216,146.587,43.952,16.464
2018-09-12 06:00:00,37.839,32.686,33.478,16.301,43.176,234.233,72.112,169.932,51.91,17.81
2018-09-12 07:00:00,43.77,34.296,36.797,17.723,45.441,253.404,78.878,189.808,60.973,20.912
2018-09-12 08:00:00,46.781,38.164,38.073,18.929,45.062,264.835,78.283,200.944,63.945,21.781
2018-09-12 09:00:00,55.986,39.402,39.157,19.368,44.605,273.262,83.736,212.711,65.836,20.071
2018-09-12 10:00:00,53.428,42.676,43.603,20.806,50.245,271.413,86.899,213.144,63.343,22.572
2018-09-12 11:00:00,51.223,44.386,41.659,22.155,50.335,267.161,87.512,219.372,63.614,23.029
2018-09-12 12:00:00,50.589,47.514,38.815,23.769,51.032,267.818,86.222,216.34,64.188,22.384
2018-09-12 13:00:00,51.742,46.982,37.744,24.723,51.633,253.78,84.849,205.296,61.976,20.591
2018-09-12 14:00:00,56.067,48.353,39.406,26.139,54.873,251.671,90.5,204.59,66.928,21.547
2018-09-12 15:00:00,52.855,49.29,35.755,25.248,55.664,264.064,87.984,215.754,70.147,21.658
2018-09-12 16:00:00,52.378,50.152,41.118,26.236,58.023,275.737,84.682,225.8,73.45,24.022
2018-09-12 17:00:00,52.413,48.576,44.84,25.932,58.479,284.617,82.806,231.991,75.705,24.89
2018-09-12 18:00:00,53.152,50.177,47.56,23.577,60.009,287.688,88.26,239.506,74.3,24.255
2018-09-12 19:00:00,52.152,48.377,44.893,25.041,58.54,280.319,93.848,231.471,74.448,23.266
2018-09-12 20:00:00,44.936,45.51,42.44,25.18,52.527,265.82,86.836,221.693,71.243,21.13
2018-09-12 21:00:00,36.053,38.477,35.882,17.961,44.606,225.87,72.581,183.467,61.564,17.51
2018-09-12 22:00:00,30.788,29.773,28.076,15.124,35.197,186.763,55.865,148.08,42.564,16.164
2018-09-12 23:00:00,26.341,25.52,22.565,12.854,29.929,161.739,46.722,124.464,36.812,12.512
2018-09-13 00:00:00,24.337,23.899,20.835,11.127,29.22,149.422,41.562,112.185,34.055,11.324
2018-09-13 01:00:00,24.296,23.096,20.019,9.912,26.89,143.832,40.464,105.761,32.055,10.727
2018-09-13 02:00:00,24.181,21.739,18.87,9.57,25.866,136.534,39.718,104.649,31.605,10.131
2018-09-13 03:00:00,25.175,23.176,19.335,10.373,25.749,137.74,41.031,108.457,32.634,11.331
2018-09-13 04:00:00,28.067,24.87,22.84,11.593,27.846,154.986,45.112,121.921,38.046,14.316
2018-09-13 05:00:00,30.645,29.59,27.408,13.547,34.773,190.924,54.478,143.154,47.145,17.927
2018-09-13 06:00:00,37.353,34.812,33.811,15.719,44.158,235.973,67.045,171.488,55.896,18.304
2018-09-13 07:00:00,42.12,36.173,39.889,17.835,47.191,270.26,77.318,203.493,61.098,19.279
2018-09-13 08:00:00,49.784,40.261,39.412,19.652,48.895,299.736,84.284,225.427,63.937,23.123
2018-09-13 09:00:00,56.768,49.634,38.783,25.455,51.049,319.34,88.964,251.448,67.293,20.58
2018-09-13 10:00:00,62.954,55.094,41.425,25.009,60.922,323.296,93.56,282.393,72.599,23.7
2018-09-13 11:00:00,65.442,59.282,42.871,28.022,65.845,332.648,100.318,279.155,77.715,26.235
2018-09-13 12:00:00,68.154,65.787,45.542,31.92,74.634,334.196,101.384,270.574,84.817,23.896
2018-09-13 13:00:00,70.254,69.781,46.01,33.015,77.739,332.651,101.894,281.003,82.935,24.901
2018-09-13 14:00:00,79.164,73.39,48.761,35.699,82.887,351.728,112.182,299.36,89.885,29.992
2018-09-13 15:00:00,78.552,78.195,50.397,36.337,90.215,368.414,123.808,317.116,101.361,34.807
2018-09-13 16:00:00,79.209,79.79,50.663,37.584,95.777,393.942,127.167,312.226,109.902,43.732
2018-09-13 17:00:00,75.131,73.434,56.425,35.629,91.89,392.495,119.544,301.463,103.496,40.867
2018-09-13 18:00:00,69.288,66.269,52.456,32.889,81.745,368.64,113.386,280.705,95.254,32.32
2018-09-13 19:00:00,58.387,60.861,51.435,28.427,76.195,341.911,105.725,260.489,84.018,27.896
2018-09-13 20:00:00,51.477,51.508,48.885,23.455,65.381,306.591,94.187,234.474,79.058,24.941
2018-09-13 21:00:00,44.518,42.347,38.394,17.221,53.594,246.468,73.637,195.423,59.385,21.658
2018-09-13 22:00:00,34.292,34.618,27.782,13.126,39.583,201.923,57.077,145.939,44.302,15.331
2018-09-13 23:00:00,26.564,25.087,24.034,10.947,32.569,168.764,50.978,123.272,36.679,13.136
2018-09-14 00:00:00,25.436,22.428,21.352,10.109,29.567,149.995,43.246,112.599,31.646,11.507
2018-09-14 01:00:00,24.843,21.144,19.301,10.554,26.925,142.484,42.553,107.418,30.85,11.021
2018-09-14 02:00:00,24.399,20.672,18.955,10.521,26.91,138.675,42.176,103.976,30.113,10.617
2018-09-14 03:00:00,24.571,21.629,20.325,11.633,26.017,136.37,41.802,105.847,31.332,11.111
2018-09-14 04:00:00,27.434,23.95,22.914,13.521,30.602,151.301,46.212,118.535,36.2,13.72
2018-09-14 05:00:00,31.867,26.759,28.222,15.688,40.064,180.159,54.828,142.262,44.689,15.529
2018-09-14 06:00:00,38.36,31.652,35.21,17.106,44.722,216.448,62.334,170.095,50.142,17.924
2018-09-14 07:00:00,46.638,34.841,37.742,18.574,46.408,242.455,77.096,194.335,56.438,18.229
2018-09-14 08:00:00,48.429,35.938,41.363,20.17,49.292,257.322,84.252,211.202,62.308,19.115
2018-09-14 09:00:00,49.09,42.536,45.435,18.977,51.585,290.462,88.322,220.031,65.993,21.826
2018-09-14 10:00:00,54.642,51.94,54.615,21.75,52.55,329.299,90.472,240.062,74.404,22.596
2018-09-14 11:00:00,64.386,58.256,57.635,25.317,54.377,360.044,99.267,271.208,79.703,24.378
2018-09-14 12:00:00,65.678,59.668,58.11,25.027,59.516,381.377,111.988,285.763,91.345,28.712
2018-09-14 13:00:00,71.484,67.104,60.416,28.48,69.444,384.101,120.016,302.549,96.692,29.849
2018-09-14 14:00:00,71.652,67.773,61.358,31.932,78.07,396.695,124.371,307.609,101.427,34.119
2018-09-14 15:00:00,73.009,74.664,62.691,34.086,86.727,419.323,128.603,326.741,106.114,36.311
2018-09-14 16:00:00,74.321,72.813,63.761,33.271,88.926,417.05,131.685,309.506,108.845,38.956
2018-09-14 17:00:00,71.126,69.55,63.144,32.216,87.706,405.158,127.451,279.427,102.573,38.477
2018-09-14 18:00:00,62.606,64.459,58.493,24.527,76.492,378.112,116.959,269.158,94.234,33.519
2018-09-14 19:00:00,54.562,53.768,52.736,21.368,67.411,348.349,110.49,253.62,83.679,29.699
2018-09-14 20:00:00,49.437,51.695,51.76,19.45,66.462,313.553,98.723,235.7,79.789,26.646
2018-09-14 21:00:00,39.664,39.923,44.301,15.92,49.768,259.431,78.685,192.137,57.317,21.214
2018-09-14 22:00:00,30.629,30.102,33.245,12.973,36.415,198.167,65.131,150.155,42.733,16.65
2018-09-14 23:00:00,26.626,25.49,27.019,11.544,30.617,166.742,50.506,124.822,36.299,13.105
2018-09-15 00:00:00,25.089,21.676,21.9,11.119,28.416,150.73,45.857,110.474,33.388,11.508
2018-09-15 01:00:00,23.916,20.017,20.014,10.367,27.537,140.888,43.23,104.744,31.012,10.633
2018-09-15 02:00:00,23.885,19.931,19.38,10.686,26.067,137.709,42.46,102.919,31.3,10.105
2018-09-15 03:00:00,24.074,20.088,19.891,11.798,25.399,138.286,41.639,104.287,30.961,10.757
2018-09-15 04:00:00,26.167,21.845,20.009,12.893,26.407,140.438,41.674,105.209,31.589,10.981
2018-09-15 05:00:00,27.207,23.478,22.442,12.436,30.208,153.46,45.929,112.445,33.169,11.65
2018-09-15 06:00:00,29.523,26.123,28.121,14.533,34.138,176.93,54.918,130.391,37.392,13.879
2018-09-15 07:00:00,36.68,33.0,36.151,18.223,41.598,205.735,64.405,156.243,44.319,15.952
2018-09-15 08:00:00,44.122,40.544,40.628,20.107,48.986,225.825,68.749,173.347,53.182,18.739
2018-09-15 09:00:00,52.584,46.145,45.971,20.27,49.022,232.772,72.584,183.391,56.131,22.237
2018-09-15 10:00:00,57.126,52.26,53.006,18.874,50.714,249.309,81.338,187.152,57.448,23.445
2018-09-15 11:00:00,63.384,59.011,56.486,23.34,51.226,259.276,82.894,198.584,63.621,25.994
2018-09-15 12:00:00,65.92,64.82,63.331,27.077,62.461,269.638,94.177,211.287,69.288,28.978
2018-09-15 13:00:00,73.932,71.365,68.642,31.101,72.437,298.227,103.462,215.965,78.725,31.766
2018-09-15 14:00:00,78.132,74.428,71.729,32.368,85.511,340.085,116.132,252.356,90.976,35.195
2018-09-15 15:00:00,81.038,77.118,73.665,34.698,92.673,376.155,127.965,287.915,102.031,37.337
2018-09-15 16:00:00,81.827,78.904,74.076,33.585,93.877,399.874,129.562,297.619,109.332,41.193
2018-09-15 17:00:00,77.172,70.978,71.001,32.619,88.916,392.416,125.887,297.075,106.989,40.583
2018-09-15 18:00:00,68.448,64.447,64.746,30.308,79.339,369.771,116.107,283.76,94.927,34.006
2018-09-15 19:00:00,61.413,59.077,62.841,27.748,75.991,346.116,107.603,257.628,86.435,30.034
2018-09-15 20:00:00,55.582,52.506,53.755,23.833,66.556,320.162,95.551,239.579,75.435,28.668
2018-09-15 21:00:00,44.553,38.83,43.497,19.615,51.918,265.528,75.692,195.383,61.266,25.025
2018-09-15 22:00:00,36.87,31.452,31.93,13.671,38.903,208.201,62.018,147.68,48.016,16.993
2018-09-15 23:00:00,29.533,24.953,25.149,11.643,33.796,173.793,50.426,125.164,36.704,13.111
2018-09-16 00:00:00,26.026,23.279,21.457,9.898,30.176,149.117,43.674,108.846,32.421,11.406
2018-09-16 01:00:00,24.541,22.073,19.91,9.454,27.242,141.797,40.056,101.036,30.431,10.915
2018-09-16 02:00:00,23.831,20.897,21.153,9.103,26.544,135.566,41.81,99.924,29.786,10.507
2018-09-16 03:00:00,24.12,20.288,19.413,9.506,25.662,134.233,39.575,100.072,30.075,10.83
2018-09-16 04:00:00,25.961,21.931,20.241,10.006,26.853,140.349,41.093,105.682,31.371,11.192
2018-09-16 05:00:00,28.967,23.571,22.285,11.349,30.755,153.075,44.359,116.436,32.323,12.836
2018-09-16 06:00:00,32.497,26.957,26.62,12.002,35.922,169.507,48.299,127.414,37.974,14.427
2018-09-16 07:00:00,36.488,33.28,31.874,13.701,40.892,208.428,58.47,159.479,48.724,16.459
2018-09-16 08:00:00,43.659,41.423,42.429,15.046,47.001,254.527,76.299,195.342,59.229,20.153
2018-09-16 09:00:00,53.903,45.553,49.938,19.014,50.217,292.592,90.004,230.492,68.52,22.138
2018-09-16 10:00:00,62.702,59.728,56.307,22.499,57.506,346.795,100.003,287.561,79.803,25.142
2018-09-16 11:00:00,70.651,71.976,64.872,26.893,73.737,388.811,114.172,312.101,95.704,30.886
2018-09-16 12:00:00,79.039,76.892,68.047,29.462,80.577,427.028,135.534,338.167,104.588,37.307
2018-09-16 13:00:00,83.204,79.768,71.273,34.238,88.114,448.436,140.355,348.905,117.598,39.101
2018-09-16 14:00:00,87.763,82.651,76.809,34.239,93.985,469.776,138.813,347.518,120.39,39.484
2018-09-16 15:00:00,91.138,88.535,76.258,33.9,99.847,484.086,145.243,354.841,124.752,40.664
2018-09-16 16:00:00,85.243,85.177,75.741,36.482,97.873,474.867,145.274,345.633,125.293,42.025
2018-09-16 17:00:00,79.154,78.766,71.808,32.67,91.775,451.527,142.946,329.519,115.636,40.502
2018-09-16 18:00:00,72.522,68.96,68.572,30.443,88.822,434.114,132.969,295.647,108.397,34.374
2018-09-16 19:00:00,68.403,60.893,62.091,28.553,82.898,394.285,128.239,278.203,97.0,33.012
2018-09-16 20:00:00,62.055,57.28,54.416,26.848,69.983,349.029,114.501,256.828,85.643,29.346
2018-09-16 21:00:00,52.019,46.033,43.621,20.314,56.031,295.488,91.249,213.368,69.806,23.299
2018-09-16 22:00:00,38.489,37.707,35.097,15.908,43.286,244.05,71.492,173.218,53.027,18.911
2018-09-16 23:00:00,30.115,30.05,29.443,12.452,36.486,202.116,60.276,135.701,41.553,15.209
2018-09-17 00:00:00,27.857,26.955,24.357,10.753,31.561,181.043,51.224,123.455,36.089,14.104
2018-09-17 01:00:00,26.522,24.894,22.707,10.204,28.492,170.42,46.891,111.652,33.508,12.974
2018-09-17 02:00:00,25.752,22.47,21.117,9.582,27.338,159.025,43.9,108.702,32.905,12.272
2018-09-17 03:00:00,25.447,24.328,22.007,10.497,27.765,155.28,44.718,109.414,32.688,12.576
2018-09-17 04:00:00,28.126,27.228,24.057,11.182,29.711,168.997,48.251,123.404,37.03,14.468
2018-09-17 05:00:00,32.725,28.298,29.995,13.406,36.942,199.815,58.189,142.503,45.222,16.708
2018-09-17 06:00:00,37.836,36.916,42.837,15.553,45.155,233.046,68.622,169.909,55.437,19.347
2018-09-17 07:00:00,47.055,38.774,41.916,18.809,54.938,256.623,88.96,194.297,66.701,20.095
2018-09-17 08:00:00,54.687,45.231,44.54,20.038,60.502,286.988,93.968,208.881,72.196,22.252
2018-09-17 09:00:00,59.584,54.895,50.048,22.967,65.979,335.973,106.702,241.305,85.129,29.842
2018-09-17 10:00:00,68.789,67.512,57.979,27.27,75.477,390.464,123.721,294.511,94.914,29.997
2018-09-17 11:00:00,77.659,77.876,64.395,30.903,83.976,435.119,146.478,338.907,114.212,35.807
2018-09-17 12:00:00,85.612,79.647,64.767,34.539,89.053,462.289,148.817,359.774,120.843,35.672
2018-09-17 13:00:00,87.087,85.405,63.747,39.306,93.274,461.721,147.997,377.711,123.57,36.276
2018-09-17 14:00:00,85.235,84.447,63.138,39.47,96.467,464.892,144.449,379.732,127.683,37.426
2018-09-17 15:00:00,84.899,85.805,64.235,39.135,95.454,468.006,144.07,375.193,129.772,41.006
2018-09-17 16:00:00,83.386,84.968,65.482,38.646,92.87,446.035,134.661,361.705,125.463,38.42
2018-09-17 17:00:00,77.194,74.947,63.233,34.98,89.004,416.176,126.563,344.703,118.597,34.174
2018-09-17 18:00:00,68.833,71.304,58.67,34.36,83.123,396.944,120.338,327.106,108.753,32.472
2018-09-17 19:00:00,62.385,66.039,56.671,29.838,75.462,374.99,113.798,302.094,98.9,28.913
2018-09-17 20:00:00,56.283,61.344,57.134,26.165,70.109,343.871,103.419,272.857,85.315,26.426
2018-09-17 21:00:00,48.681,51.71,44.766,20.426,56.804,283.097,86.69,226.119,67.421,21.853
2018-09-17 22:00:00,40.12,40.915,35.825,15.752,45.783,232.42,66.808,176.468,54.119,16.703
2018-09-17 23:00:00,33.841,33.376,29.488,12.459,39.726,200.655,54.882,147.216,42.792,14.067
2018-09-18 00:00:00,31.04,30.346,26.167,10.374,31.865,181.022,50.023,132.428,38.259,12.747
2018-09-18 01:00:00,30.814,28.155,23.448,9.973,30.229,172.907,47.046,118.987,36.875,11.77
2018-09-18 02:00:00,29.205,26.851,22.674,9.995,28.504,168.436,45.815,109.104,35.8,10.996
2018-09-18 03:00:00,29.302,26.799,23.581,11.374,28.903,167.338,47.35,110.463,37.937,11.485
2018-09-18 04:00:00,31.585,29.161,26.685,12.844,31.813,180.321,51.743,118.337,42.424,12.48
2018-09-18 05:00:00,36.378,36.112,31.383,14.811,37.335,213.991,62.156,142.336,51.047,15.883
2018-09-18 06:00:00,41.296,39.035,35.633,16.532,47.313,249.483,70.566,170.994,57.56,18.049
2018-09-18 07:00:00,51.759,41.914,37.392,19.43,51.817,262.601,79.05,192.249,65.167,20.871
2018-09-18 08:00:00,56.007,41.467,42.188,19.312,58.512,271.21,84.536,208.625,69.483,19.853
2018-09-18 09:00:00,58.554,46.45,43.955,21.992,60.105,282.59,87.792,215.866,65.545,20.939
2018-09-18 10:00:00,59.41,52.314,44.594,23.013,64.359,296.897,96.179,231.693,66.472,24.767
2018-09-18 11:00:00,63.475,57.344,44.736,27.4,71.365,311.128,103.374,231.064,69.168,26.156
2018-09-18 12:00:00,67.366,61.101,46.198,32.613,83.465,317.838,110.071,232.544,79.755,28.617
2018-09-18 13:00:00,73.133,67.602,50.236,31.886,92.366,332.655,119.512,247.676,87.706,30.339
2018-09-18 14:00:00,78.157,73.043,57.087,33.338,93.33,355.554,125.972,258.108,93.442,36.386
2018-09-18 15:00:00,81.323,79.386,65.088,35.852,95.471,401.409,133.199,273.665,106.577,38.894
2018-09-18 16:00:00,84.818,77.385,72.168,34.8,101.135,421.154,137.091,293.292,113.759,39.197
2018-09-18 17:00:00,79.744,72.907,70.828,31.873,92.489,408.265,130.711,288.637,108.105,36.908
2018-09-18 18:00:00,71.513,68.45,62.92,29.699,86.768,383.943,128.919,276.496,105.369,34.605
2018-09-18 19:00:00,64.766,61.993,59.633,25.947,77.869,348.421,115.237,260.72,92.975,34.577
2018-09-18 20:00:00,55.94,54.38,51.899,23.635,68.063,329.756,103.939,245.444,81.8,33.375
2018-09-18 21:00:00,46.674,45.448,45.392,18.733,54.398,277.41,88.501,199.344,63.525,24.111
2018-09-18 22:00:00,36.727,35.406,34.929,14.571,42.706,215.743,64.719,158.689,48.904,17.776
2018-09-18 23:00:00,31.541,30.469,27.084,11.652,33.399,183.437,51.677,134.839,39.496,13.43
2018-09-19 00:00:00,27.359,24.965,22.863,10.297,30.082,162.916,46.555,120.172,36.451,12.288
2018-09-19 01:00:00,25.458,23.136,21.109,9.676,27.562,155.743,44.274,108.25,34.007,10.792
2018-09-19 02:00:00,24.969,21.642,20.692,9.919,27.769,151.008,43.401,105.097,32.559,10.403
2018-09-19 03:00:00,25.752,22.125,21.789,9.904,26.813,147.486,43.632,109.343,32.877,11.071
2018-09-19 04:00:00,28.528,24.549,24.815,10.671,29.332,158.078,47.513,120.434,36.44,12.067
2018-09-19 05:00:00,33.053,28.455,28.724,14.022,35.462,190.787,58.859,142.819,48.524,14.344
2018-09-19 06:00:00,36.626,33.444,33.602,17.178,44.545,219.156,68.274,168.653,54.886,17.242
2018-09-19 07:00:00,40.763,34.813,40.868,18.586,51.992,234.995,75.323,185.152,60.783,18.267
2018-09-19 08:00:00,42.313,35.597,44.356,18.734,53.39,243.793,77.673,190.762,61.72,22.135
2018-09-19 09:00:00,47.247,38.708,41.963,19.124,54.332,257.559,78.254,201.759,63.72,26.636
2018-09-19 10:00:00,46.551,40.692,43.189,19.323,58.554,254.752,81.558,202.338,64.729,26.456
2018-09-19 11:00:00,48.154,40.166,44.203,19.91,59.367,256.049,82.835,206.189,64.181,28.226
2018-09-19 12:00:00,48.673,35.908,44.678,21.487,59.315,257.686,79.714,207.625,63.117,25.8
2018-09-19 13:00:00,47.187,36.354,43.789,21.615,62.808,249.582,81.007,196.866,65.933,27.337
2018-09-19 14:00:00,45.445,38.272,44.289,19.938,59.12,250.919,79.055,196.107,68.474,28.325
2018-09-19 15:00:00,44.262,38.513,46.621,18.968,62.484,262.973,78.851,201.833,68.936,28.977
2018-09-19 16:00:00,44.664,41.26,50.905,19.263,68.395,274.128,80.297,208.946,69.26,27.992
2018-09-19 17:00:00,44.076,43.438,49.342,19.734,59.839,273.324,82.298,214.257,72.452,28.841
2018-09-19 18:00:00,45.255,46.114,47.74,18.779,57.4,282.472,88.886,223.328,77.706,27.069
2018-09-19 19:00:00,43.56,45.068,47.069,20.235,59.522,276.676,92.002,218.073,75.612,28.435
2018-09-19 20:00:00,43.604,42.556,45.074,19.482,55.489,259.632,90.339,206.432,65.647,26.021
2018-09-19 21:00:00,36.947,35.192,37.73,15.195,47.85,216.304,70.809,177.673,52.87,21.005
2018-09-19 22:00:00,30.071,27.722,27.156,13.332,35.077,177.574,56.936,139.015,41.499,18.241
2018-09-19 23:00:00,27.67,24.803,23.54,11.326,29.737,151.769,45.477,121.514,36.049,12.318
2018-09-20 00:00:00,27.183,22.478,20.841,10.318,27.657,140.424,40.104,110.235,33.48,10.981
2018-09-20 01:00:00,24.769,20.912,19.446,10.502,26.378,133.291,39.036,104.494,30.723,10.401
2018-09-20 02:00:00,24.788,20.276,18.847,10.37,25.671,130.193,38.918,105.181,30.03,10.446
2018-09-20 03:00:00,25.025,21.226,19.601,11.586,25.901,130.516,41.835,107.183,31.049,11.08
2018-09-20 04:00:00,27.248,24.469,21.113,12.753,29.956,145.559,44.368,121.105,35.052,12.033
2018-09-20 05:00:00,32.623,30.488,31.499,16.297,36.06,180.41,53.649,144.614,43.996,14.548
2018-09-20 06:00:00,35.717,37.22,36.135,18.423,41.929,198.047,60.512,165.375,52.638,17.242
2018-09-20 07:00:00,41.78,37.709,36.553,18.018,45.818,220.309,69.508,182.276,57.038,18.357
2018-09-20 08:00:00,43.053,38.196,39.578,18.921,46.481,234.678,74.059,188.669,60.879,23.035
2018-09-20 09:00:00,46.55,39.114,40.762,20.416,48.735,239.409,77.172,197.722,58.83,18.948
2018-09-20 10:00:00,47.368,38.84,39.245,21.086,48.667,246.531,81.868,197.762,60.632,17.621
2018-09-20 11:00:00,46.707,40.917,39.403,19.59,52.694,257.886,82.238,198.91,60.469,17.924
2018-09-20 12:00:00,43.748,40.789,37.204,18.694,46.886,253.925,78.794,195.822,58.716,20.04
2018-09-20 13:00:00,43.728,41.226,37.155,18.601,49.571,242.455,75.825,194.917,60.616,22.807
2018-09-20 14:00:00,43.183,36.141,40.028,17.836,53.739,245.528,73.736,190.673,61.316,21.766
2018-09-20 15:00:00,42.228,39.491,40.82,19.522,49.4,259.352,77.261,194.314,60.879,20.891
2018-09-20 16:00:00,47.922,41.509,45.079,20.002,52.815,265.852,78.436,203.548,62.582,22.902
2018-09-20 17:00:00,49.289,47.332,46.756,20.872,55.025,269.594,78.074,213.453,68.14,23.706
2018-09-20 18:00:00,46.297,41.055,44.985,20.328,58.043,276.885,80.571,220.864,65.269,22.578
2018-09-20 19:00:00,43.549,41.391,45.709,19.331,54.902,269.205,86.788,217.136,66.795,22.331
2018-09-20 20:00:00,44.602,40.844,40.642,18.766,52.332,255.434,82.392,206.386,61.748,23.943
2018-09-20 21:00:00,38.556,34.464,34.259,16.808,42.721,210.984,67.078,169.297,53.11,18.47
2018-09-20 22:00:00,30.709,27.509,30.922,15.899,35.113,171.887,51.163,137.529,42.932,14.026
2018-09-20 23:00:00,26.421,23.147,23.144,11.663,29.266,145.238,45.998,114.357,37.346,12.341
2018-09-21 00:00:00,25.526,21.401,20.751,11.527,26.398,132.529,41.553,106.501,33.542,11.099
2018-09-21 01:00:00,24.31,21.289,19.746,11.658,25.225,128.92,40.346,104.79,33.033,10.654
2018-09-21 02:00:00,23.838,20.881,19.02,11.433,25.053,128.863,39.64,103.813,31.155,10.519
2018-09-21 03:00:00,24.397,21.192,19.661,12.423,25.57,132.327,39.942,107.192,31.636,10.922
2018-09-21 04:00:00,27.039,23.634,21.794,13.953,27.854,147.622,45.438,121.574,35.006,12.012
2018-09-21 05:00:00,32.824,28.998,27.812,16.224,32.778,180.893,55.427,142.286,45.025,14.441
2018-09-21 06:00:00,37.644,33.398,31.536,19.998,41.041,211.155,60.132,165.371,51.736,17.288
2018-09-21 07:00:00,40.443,35.534,37.599,20.347,46.761,237.556,71.904,180.087,55.754,16.632
2018-09-21 08:00:00,42.101,36.925,39.757,21.608,48.944,244.346,73.164,191.499,58.551,19.243
2018-09-21 09:00:00,45.048,38.304,41.408,20.803,48.215,257.712,81.457,194.87,59.067,19.755
2018-09-21 10:00:00,44.42,42.081,37.934,21.311,49.949,249.939,76.289,203.014,61.191,25.72
2018-09-21 11:00:00,45.914,38.424,38.763,18.965,50.284,249.436,79.16,206.04,62.932,22.477
2018-09-21 12:00:00,44.27,35.894,36.169,18.269,45.006,245.525,75.48,201.725,58.781,19.094
2018-09-21 13:00:00,45.01,36.07,35.835,17.337,43.213,246.137,76.448,196.091,58.779,17.774
2018-09-21 14:00:00,42.386,36.51,34.737,16.622,44.312,245.94,71.697,196.847,59.842,17.151
2018-09-21 15:00:00,44.659,37.288,34.91,17.786,46.98,243.607,75.373,194.313,63.198,18.023
2018-09-21 16:00:00,43.865,38.69,42.247,19.446,49.143,262.55,80.757,203.565,70.778,20.438
2018-09-21 17:00:00,44.216,39.943,43.053,21.71,50.643,265.637,79.744,211.53,73.901,20.371
2018-09-21 18:00:00,48.829,42.871,43.286,23.312,54.318,275.096,81.054,222.318,69.453,21.757
2018-09-21 19:00:00,45.806,44.04,41.395,21.046,53.716,270.531,84.192,223.412,68.021,20.634
2018-09-21 20:00:00,41.449,43.818,40.779,19.332,52.267,258.313,81.289,212.38,62.749,22.086
2018-09-21 21:00:00,36.423,36.465,36.568,18.335,44.477,219.193,68.157,180.418,51.232,17.184
2018-09-21 22:00:00,30.826,29.414,28.275,15.224,36.677,179.399,55.056,145.867,41.346,13.568
2018-09-21 23:00:00,28.269,26.385,24.456,13.703,30.759,159.19,47.038,126.853,35.189,11.629
2018-09-22 00:00:00,26.398,22.05,21.714,12.346,28.415,149.671,43.047,113.124,32.926,11.92
2018-09-22 01:00:00,25.185,21.045,19.66,10.324,27.004,146.367,42.511,109.171,32.23,11.127
2018-09-22 02:00:00,26.182,21.096,20.503,10.23,26.356,145.643,42.905,108.825,32.07,10.439
2018-09-22 03:00:00,26.14,21.901,19.553,10.529,25.599,147.193,42.253,110.842,31.878,10.31
2018-09-22 04:00:00,28.849,22.711,20.355,10.793,25.983,154.672,43.939,116.755,33.148,10.994
2018-09-22 05:00:00,28.371,25.817,23.535,12.384,29.811,171.743,46.047,124.105,37.138,11.993
2018-09-22 06:00:00,30.569,28.035,27.516,12.234,33.731,190.765,51.009,137.347,43.899,14.763
2018-09-22 07:00:00,35.435,32.685,33.004,14.888,40.615,221.776,63.136,162.64,52.531,20.501
2018-09-22 08:00:00,42.701,37.669,40.584,17.585,45.066,239.532,75.758,193.767,58.457,21.546
2018-09-22 09:00:00,42.897,42.09,45.334,19.294,53.799,258.814,82.209,207.872,58.528,19.579
2018-09-22 10:00:00,42.715,43.098,44.611,17.301,52.065,261.851,80.185,219.778,59.473,19.201
2018-09-22 11:00:00,46.922,43.271,50.357,19.076,48.688,282.267,84.314,240.154,64.376,21.578
2018-09-22 12:00:00,46.854,43.911,51.471,18.282,53.836,282.25,84.228,233.731,66.858,20.358
2018-09-22 13:00:00,47.138,44.428,54.49,20.358,52.446,283.708,86.991,230.328,67.593,21.612
2018-09-22 14:00:00,44.028,48.101,50.866,19.347,52.512,285.965,86.246,240.765,72.16,21.248
2018-09-22 15:00:00,45.247,46.782,51.592,20.788,55.215,288.203,83.533,248.594,73.641,21.713
2018-09-22 16:00:00,46.874,43.905,50.156,20.937,55.497,284.02,86.866,234.361,72.665,25.748
2018-09-22 17:00:00,47.084,41.671,47.532,20.416,53.563,276.861,87.66,223.538,71.635,24.952
2018-09-22 18:00:00,43.483,43.225,45.442,21.104,52.467,274.716,87.972,223.813,73.114,22.868
2018-09-22 19:00:00,43.7,45.772,45.329,24.696,52.703,271.174,86.243,219.255,71.325,22.612
2018-09-22 20:00:00,43.408,44.322,43.087,21.903,53.626,263.386,80.632,209.312,68.843,22.183
2018-09-22 21:00:00,41.243,41.865,34.723,18.256,47.322,210.895,64.32,169.819,57.45,19.758
2018-09-22 22:00:00,32.816,30.955,30.283,16.26,37.064,165.774,52.761,139.681,44.973,13.895
2018-09-22 23:00:00,30.92,23.748,22.87,14.849,31.607,144.118,45.738,120.816,36.176,12.468
2018-09-23 00:00:00,25.478,22.255,21.061,14.705,29.398,134.509,41.916,106.519,32.213,12.261
2018-09-23 01:00:00,24.282,21.647,21.011,14.537,29.599,130.017,39.778,105.176,31.007,11.725
2018-09-23 02:00:00,24.068,22.309,21.916,14.565,27.989,130.694,40.931,103.717,30.697,11.161
2018-09-23 03:00:00,24.795,24.53,22.176,14.835,28.251,133.573,41.106,106.91,32.296,11.911
2018-09-23 04:00:00,27.508,26.2,23.468,15.981,30.66,139.448,44.639,114.911,35.487,12.668
2018-09-23 05:00:00,31.296,28.587,27.48,16.755,33.775,153.297,48.987,124.024,36.761,14.65
2018-09-23 06:00:00,33.532,31.424,32.676,17.423,36.193,167.198,50.052,132.993,38.047,15.292
2018-09-23 07:00:00,37.506,33.889,33.42,19.355,38.68,192.907,58.846,153.838,44.061,17.345
2018-09-23 08:00:00,38.635,33.586,39.133,17.937,41.896,206.238,66.289,175.146,51.375,18.269
2018-09-23 09:00:00,40.067,35.766,41.833,17.247,43.864,220.222,66.025,176.398,53.867,17.633
2018-09-23 10:00:00,40.892,40.979,36.122,16.91,43.756,221.53,68.07,188.268,53.612,23.308
2018-09-23 11:00:00,41.515,41.636,38.545,15.584,44.277,231.637,71.776,196.905,56.661,17.556
2018-09-23 12:00:00,43.536,41.042,38.887,15.749,44.06,247.838,74.248,200.627,56.746,17.648
2018-09-23 13:00:00,43.293,41.909,39.393,15.914,47.052,257.212,76.939,204.704,64.333,18.609
2018-09-23 14:00:00,45.373,42.927,39.538,17.164,47.173,266.0,84.831,213.455,67.1,20.282
2018-09-23 15:00:00,51.51,47.44,41.26,18.513,55.183,265.454,87.174,219.482,77.531,24.406
2018-09-23 16:00:00,53.652,45.933,39.888,18.419,56.706,267.294,85.524,219.202,76.415,27.542
2018-09-23 17:00:00,48.159,43.114,39.941,18.825,55.445,263.14,80.771,211.473,76.395,25.232
2018-09-23 18:00:00,44.304,39.875,41.756,18.172,54.632,264.6,82.368,207.862,73.644,22.603
2018-09-23 19:00:00,44.219,36.921,43.291,17.984,56.502,260.198,81.771,208.336,70.989,22.023
2018-09-23 20:00:00,39.128,37.417,40.031,18.651,54.971,244.225,74.107,197.767,66.138,20.81
2018-09-23 21:00:00,34.127,36.271,35.011,16.436,44.527,207.06,62.668,163.698,54.27,18.054
2018-09-23 22:00:00,29.52,30.059,29.121,14.804,37.552,166.736,50.252,132.635,43.625,15.265
2018-09-23 23:00:00,25.8,24.271,24.345,13.183,31.744,138.976,46.141,112.862,36.495,13.072
2018-09-24 00:00:00,24.978,21.972,20.605,13.029,28.565,132.032,41.619,105.946,33.462,12.218
2018-09-24 01:00:00,24.693,22.712,21.183,13.069,27.215,129.911,40.037,103.398,30.63,12.281
2018-09-24 02:00:00,24.718,22.397,21.164,12.969,27.608,129.478,40.597,104.54,30.776,11.549
2018-09-24 03:00:00,25.864,23.227,22.452,12.606,28.262,132.297,43.567,108.624,34.088,12.529
2018-09-24 04:00:00,28.766,26.173,25.569,14.22,31.531,152.201,46.49,122.033,38.54,13.513
2018-09-24 05:00:00,33.05,31.788,30.342,16.201,38.618,182.389,58.829,147.291,48.09,16.068
2018-09-24 06:00:00,37.839,33.385,36.204,19.6,46.578,207.187,67.125,168.227,52.617,18.896
2018-09-24 07:00:00,43.274,35.226,40.565,19.197,49.555,229.83,75.52,181.106,56.375,19.584
2018-09-24 08:00:00,44.353,37.712,41.078,19.879,48.735,233.258,77.421,188.67,59.512,20.121
2018-09-24 09:00:00,45.057,38.698,39.577,20.957,50.965,242.224,77.882,197.028,58.214,20.04
2018-09-24 10:00:00,45.771,36.825,40.508,21.511,51.716,248.786,81.259,201.967,61.537,19.632
2018-09-24 11:00:00,46.708,34.943,38.832,21.106,45.753,247.221,79.712,202.982,60.599,24.226
2018-09-24 12:00:00,42.051,34.571,36.124,17.967,43.016,251.501,76.829,204.14,60.489,20.646
2018-09-24 13:00:00,42.915,39.164,36.813,16.988,44.861,247.253,75.729,203.093,57.901,19.057
2018-09-24 14:00:00,42.148,39.08,39.387,17.703,48.617,240.594,73.079,188.65,60.477,19.157
2018-09-24 15:00:00,41.908,38.644,37.522,18.437,45.803,253.618,77.403,193.899,64.403,19.806
2018-09-24 16:00:00,43.816,42.926,37.712,17.431,46.424,266.557,82.445,202.709,65.623,20.134
2018-09-24 17:00:00,43.515,41.789,38.377,25.843,49.871,257.666,79.727,202.743,67.458,20.27
2018-09-24 18:00:00,46.401,44.145,40.115,22.88,52.319,258.654,80.124,208.046,70.012,20.057
2018-09-24 19:00:00,46.904,41.666,42.118,25.575,54.221,261.121,79.288,207.444,66.094,20.623
2018-09-24 20:00:00,45.02,43.081,43.491,20.43,51.553,248.454,77.896,200.05,65.38,20.787
2018-09-24 21:00:00,36.719,40.196,36.507,18.188,46.051,212.383,66.467,166.106,57.245,19.51
2018-09-24 22:00:00,32.358,32.121,29.347,16.913,35.758,180.704,51.993,144.413,41.189,16.722
2018-09-24 23:00:00,28.519,25.92,25.097,15.226,32.373,153.929,45.696,126.595,35.56,14.483
2018-09-25 00:00:00,27.004,24.34,23.518,15.592,28.998,142.532,44.407,120.483,35.527,13.091
2018-09-25 01:00:00,26.376,23.22,23.435,15.56,30.362,137.879,42.615,112.308,34.343,11.984
2018-09-25 02:00:00,25.895,24.391,22.627,15.217,28.036,138.172,43.133,112.583,34.125,12.106
2018-09-25 03:00:00,27.404,28.202,22.681,15.141,28.845,143.681,44.64,117.722,38.208,13.068
2018-09-25 04:00:00,29.351,29.762,25.729,16.178,31.533,159.722,50.422,133.91,43.501,15.0
2018-09-25 05:00:00,35.321,34.423,39.311,18.364,38.342,191.016,63.16,160.002,50.094,17.323
2018-09-25 06:00:00,39.891,36.724,50.571,19.185,46.141,213.466,70.768,181.194,56.99,18.437
2018-09-25 07:00:00,44.445,39.346,42.372,20.021,48.227,234.956,76.756,191.291,62.696,20.002
2018-09-25 08:00:00,46.082,40.272,43.79,18.757,50.921,252.279,78.141,196.749,65.888,20.73
2018-09-25 09:00:00,48.624,42.205,40.976,18.751,52.563,250.263,77.492,198.551,64.129,22.586
2018-09-25 10:00:00,49.763,44.188,43.73,18.773,51.205,252.245,77.935,202.294,62.807,23.829
2018-09-25 11:00:00,49.171,39.531,42.691,19.979,49.129,250.251,78.679,199.704,62.183,22.094
2018-09-25 12:00:00,49.597,36.899,39.143,20.931,46.663,238.339,81.31,191.511,62.889,19.632
2018-09-25 13:00:00,45.453,37.661,38.633,20.08,43.62,234.937,73.97,186.493,58.02,19.832
2018-09-25 14:00:00,43.663,40.142,39.114,19.816,47.111,224.485,70.606,187.92,53.805,20.015
2018-09-25 15:00:00,43.6,36.567,40.791,18.573,46.748,229.731,75.413,191.283,57.834,20.351
2018-09-25 16:00:00,45.047,39.091,43.3,19.895,51.766,240.563,77.736,194.699,62.647,23.496
2018-09-25 17:00:00,44.89,38.447,40.643,18.836,52.443,250.373,79.437,201.386,65.384,23.956
2018-09-25 18:00:00,44.462,40.173,39.016,19.933,52.502,258.57,80.84,209.306,67.369,23.372
2018-09-25 19:00:00,44.808,41.276,42.912,21.019,51.021,260.339,86.151,213.307,66.622,22.865
2018-09-25 20:00:00,43.337,41.255,41.645,18.788,49.371,245.131,84.369,201.222,62.683,25.455
2018-09-25 21:00:00,35.758,32.756,35.603,17.014,44.303,217.983,66.456,166.816,52.579,17.502
2018-09-25 22:00:00,30.535,27.973,27.283,14.289,34.472,175.307,51.691,134.05,41.028,14.204
2018-09-25 23:00:00,26.232,25.685,24.338,11.838,30.413,150.342,45.066,117.396,34.462,12.218
2018-09-26 00:00:00,24.569,22.589,21.168,11.043,29.005,134.29,41.213,109.384,30.929,11.952
2018-09-26 01:00:00,24.111,21.834,20.323,10.883,26.916,130.794,39.579,104.289,30.395,11.534
2018-09-26 02:00:00,23.575,22.046,18.996,10.517,25.842,129.736,39.198,103.134,30.121,11.14
2018-09-26 03:00:00,24.805,22.65,20.943,11.245,26.837,133.045,42.291,106.537,31.211,12.443
2018-09-26 04:00:00,27.718,24.681,22.801,12.374,29.659,148.805,46.581,122.294,36.263,12.907
2018-09-26 05:00:00,30.779,29.981,27.26,15.502,38.904,179.411,55.853,148.414,43.219,16.342
2018-09-26 06:00:00,34.91,35.29,33.067,20.404,40.773,215.569,63.736,172.467,51.443,16.287
2018-09-26 07:00:00,41.196,35.567,35.353,19.174,41.149,240.097,69.101,186.973,58.996,17.429
2018-09-26 08:00:00,45.288,38.676,40.053,18.961,44.169,260.798,75.906,212.207,60.709,18.513
2018-09-26 09:00:00,48.104,40.318,40.344,19.425,49.154,285.21,81.695,250.17,65.798,21.386
2018-09-26 10:00:00,48.048,43.513,41.788,20.416,55.998,307.964,87.373,268.545,72.326,20.142
2018-09-26 11:00:00,52.575,45.085,44.769,22.794,55.339,339.786,88.95,301.314,75.42,19.83
2018-09-26 12:00:00,53.022,45.931,49.139,22.127,55.225,356.933,96.312,310.076,81.426,19.365
2018-09-26 13:00:00,53.987,49.068,47.676,21.498,56.163,369.694,97.654,310.766,83.998,21.323
2018-09-26 14:00:00,59.811,50.184,49.811,21.682,57.804,387.706,99.187,332.834,85.709,25.308
2018-09-26 15:00:00,55.772,52.94,49.829,22.801,60.279,403.296,106.089,337.557,93.546,29.629
2018-09-26 16:00:00,56.526,56.457,52.85,29.98,62.736,414.227,107.941,346.447,99.699,26.395
2018-09-26 17:00:00,56.596,55.745,53.456,23.819,64.167,405.587,112.19,326.212,98.701,27.177
2018-09-26 18:00:00,57.454,52.439,51.7,22.068,68.6,390.153,106.835,314.976,95.768,24.753
2018-09-26 19:00:00,52.978,54.426,51.176,21.896,64.052,369.235,102.302,299.695,88.106,24.774
2018-09-26 20:00:00,49.436,51.782,48.34,19.435,59.784,343.112,99.072,280.259,82.638,24.949
2018-09-26 21:00:00,42.511,41.127,43.795,15.724,48.147,278.654,77.618,228.611,68.182,19.557
2018-09-26 22:00:00,36.909,34.579,33.341,12.515,36.961,219.678,61.331,174.409,49.367,16.033
2018-09-26 23:00:00,30.046,26.871,28.858,11.882,33.25,187.58,52.576,147.596,41.785,13.549
2018-09-27 00:00:00,27.137,23.896,23.422,9.898,28.926,171.925,44.105,130.715,35.599,12.048
2018-09-27 01:00:00,24.958,22.251,20.491,10.495,25.851,157.954,41.806,117.595,33.818,11.035
2018-09-27 02:00:00,23.606,20.642,19.475,9.914,24.989,143.154,40.921,111.741,31.736,10.685
2018-09-27 03:00:00,23.971,21.58,19.023,10.439,25.053,138.796,42.435,110.611,32.304,11.123
2018-09-27 04:00:00,26.954,23.895,21.331,12.548,28.218,149.452,46.546,120.16,36.5,13.049
2018-09-27 05:00:00,32.498,29.661,27.552,14.682,36.796,181.85,54.783,142.776,43.378,16.137
2018-09-27 06:00:00,38.404,33.268,36.272,17.243,40.897,207.233,61.465,164.323,52.212,21.081
2018-09-27 07:00:00,43.971,35.943,37.329,16.884,44.894,230.527,72.365,180.721,57.142,21.162
2018-09-27 08:00:00,45.209,38.237,39.884,18.053,47.239,251.745,86.424,196.133,61.373,18.167
2018-09-27 09:00:00,48.748,40.548,43.355,19.9,49.425,276.554,89.779,214.17,70.706,20.009
2018-09-27 10:00:00,50.974,44.053,48.052,18.357,51.125,295.495,93.368,237.682,76.036,21.287
2018-09-27 11:00:00,54.71,45.667,48.633,19.948,53.527,321.848,99.732,248.63,74.277,22.935
2018-09-27 12:00:00,57.895,45.361,54.425,21.125,57.527,340.218,103.244,253.128,78.94,21.914
2018-09-27 13:00:00,55.529,47.829,52.395,24.069,59.374,347.421,104.242,253.524,81.402,22.691
2018-09-27 14:00:00,56.746,54.702,49.235,25.628,59.954,355.583,111.827,250.965,87.488,23.743
2018-09-27 15:00:00,59.271,57.658,49.327,25.348,63.65,349.017,114.006,257.404,89.741,25.829
2018-09-27 16:00:00,57.873,53.804,51.196,24.538,61.614,332.632,108.2,252.836,88.999,26.032
2018-09-27 17:00:00,53.817,50.914,46.67,22.228,60.41,319.281,101.056,246.213,81.915,23.223
2018-09-27 18:00:00,52.347,48.72,45.851,20.5,63.566,304.461,99.492,230.119,83.214,23.423
2018-09-27 19:00:00,50.281,42.65,45.143,19.558,58.457,291.651,95.698,227.821,78.465,21.97
2018-09-27 20:00:00,44.734,41.588,41.182,20.632,51.58,265.047,87.193,214.86,69.073,21.802
2018-09-27 21:00:00,36.7,34.187,33.961,16.605,46.609,219.782,73.389,177.014,56.945,20.628
2018-09-27 22:00:00,29.772,27.74,26.389,15.498,37.988,178.632,53.279,138.746,43.428,16.717
2018-09-27 23:00:00,27.836,23.379,23.434,11.565,31.276,154.005,47.859,117.262,36.525,11.843
2018-09-28 00:00:00,27.358,21.634,20.577,10.699,26.788,137.773,41.791,108.362,32.376,10.662
2018-09-28 01:00:00,25.05,20.816,19.02,10.37,25.441,132.124,39.815,102.476,31.552,10.226
2018-09-28 02:00:00,24.313,19.795,21.132,11.342,24.989,129.055,38.527,102.958,30.527,10.215
2018-09-28 03:00:00,24.904,20.66,21.028,12.052,25.867,131.032,40.529,107.077,32.377,10.923
2018-09-28 04:00:00,27.46,25.474,22.316,13.587,29.376,145.486,45.42,119.716,35.197,13.093
2018-09-28 05:00:00,31.584,29.266,29.778,15.245,35.71,178.117,57.313,144.015,43.333,14.918
2018-09-28 06:00:00,36.765,31.128,34.346,16.308,39.819,203.19,65.094,167.252,52.353,16.549
2018-09-28 07:00:00,43.031,35.346,34.331,17.622,46.341,220.635,68.875,180.751,56.65,18.732
2018-09-28 08:00:00,46.445,38.026,34.61,21.203,50.378,234.092,74.496,192.606,58.949,19.23
2018-09-28 09:00:00,47.242,35.839,35.402,22.097,45.892,239.031,78.335,198.85,57.985,18.302
2018-09-28 10:00:00,45.997,38.147,38.076,17.692,46.358,248.438,79.184,199.238,62.327,18.735
2018-09-28 11:00:00,45.227,39.339,37.891,18.637,47.426,244.046,83.735,195.354,62.338,20.823
2018-09-28 12:00:00,45.529,39.075,34.876,17.197,45.463,236.632,77.064,198.175,59.194,19.161
2018-09-28 13:00:00,41.504,35.523,38.603,16.822,44.898,231.016,76.338,190.364,58.22,17.519
2018-09-28 14:00:00,42.24,36.801,37.94,19.261,44.496,245.087,78.264,190.813,58.313,17.901
2018-09-28 15:00:00,46.861,42.696,38.554,19.423,45.434,262.453,83.074,201.118,67.381,21.909
2018-09-28 16:00:00,45.926,44.339,42.18,22.233,50.664,267.607,84.782,207.349,70.598,21.604
2018-09-28 17:00:00,46.137,46.886,42.655,21.098,50.754,274.204,86.687,211.463,73.466,21.7
2018-09-28 18:00:00,45.51,44.267,43.037,19.821,51.773,277.062,91.379,218.577,73.973,21.319
2018-09-28 19:00:00,43.668,41.838,41.999,20.249,52.171,268.241,84.966,217.233,74.66,23.307
2018-09-28 20:00:00,42.881,42.833,40.148,22.149,54.123,254.271,83.795,201.601,63.506,21.939
2018-09-28 21:00:00,37.432,34.522,38.784,19.479,44.667,212.516,65.672,174.259,55.82,18.925
2018-09-28 22:00:00,33.22,29.884,30.28,15.412,34.45,169.217,54.089,138.087,42.099,15.371
2018-09-28 23:00:00,27.417,25.206,23.847,14.168,31.226,142.973,44.988,119.393,35.452,12.437
2018-09-29 00:00:00,25.077,22.719,21.009,12.878,29.302,133.662,41.586,108.753,31.556,12.154
2018-09-29 01:00:00,24.041,21.0,19.758,12.792,28.412,131.083,40.997,106.843,30.602,12.242
2018-09-29 02:00:00,24.204,20.893,19.994,13.457,27.209,131.9,40.601,106.328,31.032,11.296
2018-09-29 03:00:00,24.375,22.646,20.086,13.329,27.056,133.474,40.941,106.683,30.765,11.636
2018-09-29 04:00:00,27.15,24.433,21.201,13.54,28.691,140.96,43.517,110.649,32.417,14.125
2018-09-29 05:00:00,29.242,27.02,24.784,13.869,32.495,157.435,46.712,121.367,35.744,14.587
2018-09-29 06:00:00,30.527,28.147,31.001,15.115,35.178,168.856,50.559,132.634,40.035,16.561
2018-09-29 07:00:00,37.266,32.476,31.894,17.278,41.993,202.078,60.152,156.809,48.042,18.814
2018-09-29 08:00:00,39.617,39.455,34.098,19.82,43.831,221.786,68.834,177.044,56.245,21.964
2018-09-29 09:00:00,41.134,39.459,36.261,18.104,41.732,229.089,72.182,183.628,60.803,19.112
2018-09-29 10:00:00,41.094,41.412,39.765,18.996,41.438,245.438,74.769,186.89,61.725,18.915
2018-09-29 11:00:00,44.833,43.367,42.713,19.051,44.007,254.715,74.549,198.645,64.109,19.834
2018-09-29 12:00:00,48.638,43.413,39.414,15.854,44.573,259.708,78.43,209.002,63.209,19.767
2018-09-29 13:00:00,47.549,45.206,40.097,15.738,51.038,267.772,78.222,217.991,66.924,19.562
2018-09-29 14:00:00,46.26,47.978,45.183,18.039,51.178,274.225,83.36,222.514,70.83,22.309
2018-09-29 15:00:00,48.733,48.698,47.186,17.734,57.541,296.19,89.582,235.686,72.61,23.722
2018-09-29 16:00:00,51.542,49.793,48.082,18.628,57.964,302.703,91.815,249.339,74.418,26.615
2018-09-29 17:00:00,47.143,48.345,46.184,19.214,58.728,306.374,92.958,237.771,73.914,26.422
2018-09-29 18:00:00,45.161,43.049,49.778,20.378,55.822,287.182,86.849,224.575,73.454,23.557
2018-09-29 19:00:00,41.895,42.444,43.98,20.164,53.799,268.729,87.528,219.467,71.748,22.718
2018-09-29 20:00:00,44.324,40.231,41.467,20.448,51.564,261.907,83.752,206.042,70.906,21.006
2018-09-29 21:00:00,37.176,35.63,34.308,18.477,44.564,213.934,67.361,169.313,57.631,18.331
2018-09-29 22:00:00,30.106,31.442,29.327,14.321,35.574,166.746,52.931,132.876,47.645,14.516
2018-09-29 23:00:00,27.178,25.29,23.777,13.763,31.904,147.251,46.358,118.978,35.068,12.955
2018-09-30 00:00:00,26.619,23.206,23.287,13.458,30.377,135.688,41.873,106.683,31.172,12.348
2018-09-30 01:00:00,26.331,20.845,21.847,12.841,29.836,131.672,40.332,102.219,30.478,12.262
2018-09-30 02:00:00,24.58,22.166,21.075,13.481,28.619,131.598,40.557,101.944,30.157,11.552
2018-09-30 03:00:00,26.69,23.543,22.853,13.733,31.316,134.782,42.399,106.965,31.054,12.443
2018-09-30 04:00:00,29.637,26.304,23.418,15.223,32.275,143.765,45.568,113.916,33.415,12.849
2018-09-30 05:00:00,30.254,29.615,28.342,16.356,36.236,163.555,53.915,121.938,35.596,14.5
2018-09-30 06:00:00,32.886,31.729,30.559,17.832,37.485,169.329,52.998,133.426,39.759,15.451
2018-09-30 07:00:00,38.738,38.297,35.278,20.083,44.342,194.146,61.657,157.118,46.664,18.101
2018-09-30 08:00:00,39.325,38.902,35.159,18.031,47.366,208.276,64.827,164.231,47.95,19.335
2018-09-30 09:00:00,38.634,36.13,35.717,16.582,46.602,207.973,65.62,170.662,54.727,19.097
2018-09-30 10:00:00,39.185,36.312,36.5,17.242,46.227,217.739,69.128,177.778,51.974,17.479
2018-09-30 11:00:00,39.48,39.478,39.287,16.903,45.574,224.369,70.571,190.777,57.672,22.398
2018-09-30 12:00:00,38.441,41.491,40.498,16.041,43.719,233.889,69.953,193.866,58.61,20.404
2018-09-30 13:00:00,38.74,38.411,43.113,16.685,41.312,237.673,69.955,204.156,61.936,19.378
2018-09-30 14:00:00,39.525,37.759,44.273,20.491,43.073,256.914,75.988,214.482,68.821,18.639
2018-09-30 15:00:00,45.563,40.8,47.089,16.921,50.715,275.549,79.565,213.899,72.263,22.054
2018-09-30 16:00:00,47.05,44.726,41.794,17.13,54.962,272.833,76.436,207.675,69.212,20.823
2018-09-30 17:00:00,44.069,40.202,39.951,17.317,55.376,281.986,76.723,205.637,71.674,20.577
2018-09-30 18:00:00,42.198,39.893,42.872,18.148,52.484,266.885,77.003,205.215,69.657,23.145
2018-09-30 19:00:00,41.812,39.059,43.039,20.11,53.301,251.619,78.071,202.672,70.037,23.837
2018-09-30 20:00:00,41.073,40.575,41.012,20.762,57.483,244.109,77.179,193.113,65.752,26.147
2018-09-30 21:00:00,33.786,32.378,34.828,18.899,48.676,201.232,66.425,164.1,57.384,23.35
2018-09-30 22:00:00,31.471,26.569,27.227,15.829,35.761,160.569,49.849,136.282,46.157,13.724
2018-09-30 23:00:00,27.849,23.056,23.928,13.897,32.063,138.774,43.014,112.723,36.654,11.772
2018-10-01 00:00:00,26.22,21.691,22.037,13.038,28.396,131.054,40.778,105.141,32.789,11.027
2018-10-01 01:00:00,24.432,20.634,19.958,12.289,27.126,127.958,39.869,104.18,30.497,10.969
2018-10-01 02:00:00,24.1,20.487,19.021,12.517,26.623,126.518,39.865,103.15,30.542,10.85
2018-10-01 03:00:00,24.627,23.467,19.805,12.785,27.028,131.353,41.121,109.162,31.922,12.095
2018-10-01 04:00:00,30.122,25.021,23.747,14.55,30.28,150.918,47.034,123.187,37.466,13.189
2018-10-01 05:00:00,34.576,30.271,30.25,17.065,40.073,192.247,59.856,146.829,44.901,19.123
2018-10-01 06:00:00,37.268,34.944,34.015,17.194,45.572,212.913,68.026,167.266,52.665,21.004
2018-10-01 07:00:00,43.177,37.107,40.196,20.389,49.044,233.742,74.961,184.887,57.069,19.266
2018-10-01 08:00:00,47.516,36.364,41.516,20.207,49.292,241.971,79.141,194.598,57.906,20.915
2018-10-01 09:00:00,46.869,40.879,41.151,21.348,49.364,240.474,80.048,199.93,62.454,22.432
2018-10-01 10:00:00,45.867,40.52,42.477,21.643,46.538,247.174,81.726,212.807,61.211,19.734
2018-10-01 11:00:00,47.854,39.073,39.193,21.582,50.119,242.039,79.664,203.183,60.053,20.903
2018-10-01 12:00:00,48.091,39.391,39.459,20.508,45.614,236.29,75.138,200.058,64.003,19.696
2018-10-01 13:00:00,42.808,36.843,38.971,17.773,45.458,232.492,73.332,195.82,58.353,18.487
2018-10-01 14:00:00,44.242,37.214,36.492,17.927,45.435,232.395,76.318,186.786,59.101,20.96
2018-10-01 15:00:00,41.911,37.467,40.724,18.4,50.26,243.364,80.472,196.294,64.005,21.451
2018-10-01 16:00:00,43.423,39.484,42.19,20.419,55.345,257.684,82.612,205.371,65.995,23.894
2018-10-01 17:00:00,46.567,41.102,42.952,20.659,57.273,263.813,85.607,214.409,67.957,25.61
2018-10-01 18:00:00,47.226,41.442,49.295,21.591,58.738,271.347,85.541,224.552,72.224,24.287
2018-10-01 19:00:00,45.549,42.747,43.428,21.11,59.101,266.232,87.442,224.95,71.337,23.374
2018-10-01 20:00:00,42.979,40.759,41.278,19.458,50.411,247.047,81.416,203.582,67.969,23.394
2018-10-01 21:00:00,37.828,35.265,31.813,17.254,40.881,209.914,67.879,172.429,59.131,20.177
2018-10-01 22:00:00,30.482,31.769,26.318,15.32,35.697,165.691,53.976,140.432,44.387,15.311
2018-10-01 23:00:00,27.088,25.896,23.895,13.878,30.773,143.851,47.975,117.704,36.311,12.601
2018-10-02 00:00:00,26.928,23.222,21.358,13.358,26.834,135.378,42.539,108.675,32.338,11.693
2018-10-02 01:00:00,25.996,22.506,20.255,12.873,26.579,130.773,40.24,106.184,31.275,11.302
2018-10-02 02:00:00,24.268,23.552,19.87,13.048,25.69,132.884,40.915,106.498,31.373,10.722
2018-10-02 03:00:00,25.118,24.145,20.78,12.701,26.35,137.347,42.968,113.283,33.301,11.628
2018-10-02 04:00:00,29.242,26.469,23.184,14.016,31.643,152.573,49.244,133.024,38.226,13.755
2018-10-02 05:00:00,32.918,31.555,32.183,16.428,38.364,192.599,60.761,155.951,45.864,16.37
2018-10-02 06:00:00,38.428,34.228,36.002,17.788,41.951,213.277,69.262,171.063,53.993,18.665
2018-10-02 07:00:00,44.683,34.934,37.531,20.595,47.098,223.958,73.324,187.786,61.112,19.444
2018-10-02 08:00:00,46.524,35.91,39.163,22.795,48.295,242.573,78.164,200.982,59.007,19.947
2018-10-02 09:00:00,48.112,40.882,38.477,21.076,50.395,246.781,79.86,204.095,62.515,22.807
2018-10-02 10:00:00,47.16,43.114,40.001,21.236,49.987,248.51,82.098,208.12,61.113,24.089
2018-10-02 11:00:00,46.272,41.781,41.589,21.186,47.612,246.488,79.016,209.503,61.014,22.874
2018-10-02 12:00:00,45.401,39.85,36.514,18.979,47.019,234.358,75.982,197.768,62.634,23.955
2018-10-02 13:00:00,44.868,35.799,35.371,17.953,42.389,229.887,76.536,188.156,61.611,21.073
2018-10-02 14:00:00,44.492,38.961,36.681,20.476,43.27,232.644,75.419,187.748,57.692,24.259
2018-10-02 15:00:00,42.429,40.849,40.781,19.926,51.89,247.066,74.398,191.518,63.124,22.09
2018-10-02 16:00:00,47.109,40.973,45.13,19.589,51.892,258.203,79.597,202.352,66.668,23.843
2018-10-02 17:00:00,47.792,45.546,45.582,23.732,53.836,270.014,84.956,221.086,70.861,24.127
2018-10-02 18:00:00,46.482,47.481,48.642,23.448,55.544,281.726,87.275,229.829,73.472,26.683
2018-10-02 19:00:00,46.738,46.431,49.778,23.479,55.557,271.493,90.402,223.794,73.712,24.737
2018-10-02 20:00:00,42.705,40.727,45.245,21.533,52.383,251.936,82.644,207.494,64.772,24.846
2018-10-02 21:00:00,36.891,34.424,36.546,18.411,47.778,211.933,69.296,170.781,53.347,19.226
2018-10-02 22:00:00,31.683,28.202,29.466,16.073,34.377,168.531,51.81,138.6,42.805,14.389
2018-10-02 23:00:00,28.547,24.591,22.827,14.595,30.053,146.833,46.765,122.097,34.897,12.912
2018-10-03 00:00:00,27.662,22.662,21.402,12.808,27.89,137.619,42.28,114.55,32.418,12.068
2018-10-03 01:00:00,26.034,22.084,21.059,12.5,26.733,133.328,41.153,113.366,31.329,11.765
2018-10-03 02:00:00,25.802,22.163,20.237,12.551,25.963,134.133,41.371,109.351,31.149,11.133
2018-10-03 03:00:00,26.955,24.108,21.613,12.628,26.526,138.544,43.869,114.308,33.426,12.336
2018-10-03 04:00:00,30.714,29.916,24.229,14.0,31.016,155.533,48.947,131.666,38.72,13.718
2018-10-03 05:00:00,35.494,33.504,33.694,16.742,38.778,188.015,58.531,158.314,48.364,17.386
2018-10-03 06:00:00,38.371,35.388,39.3,18.957,43.323,212.912,64.077,175.278,53.096,19.31
2018-10-03 07:00:00,44.173,37.018,40.498,18.913,46.392,232.163,70.602,185.402,60.072,18.489
2018-10-03 08:00:00,47.06,36.339,41.002,19.76,54.073,244.476,76.395,195.63,59.381,19.485
2018-10-03 09:00:00,48.471,40.129,40.32,19.724,48.278,247.551,80.642,208.793,61.711,18.829
2018-10-03 10:00:00,45.946,37.75,38.276,19.6,47.809,244.696,83.777,209.048,61.71,20.203
2018-10-03 11:00:00,45.791,37.961,35.829,18.447,45.271,245.85,81.205,201.4,59.011,22.332
2018-10-03 12:00:00,42.901,40.151,38.309,17.325,45.539,233.078,80.894,195.664,57.507,20.018
2018-10-03 13:00:00,43.38,39.824,38.45,15.793,43.774,230.592,75.849,189.977,58.742,18.144
2018-10-03 14:00:00,47.073,40.851,37.395,16.039,46.889,237.836,74.104,194.705,59.337,17.23
2018-10-03 15:00:00,43.823,41.829,39.18,18.919,47.618,241.895,78.36,204.823,65.809,19.436
2018-10-03 16:00:00,47.643,44.995,41.748,18.998,49.899,258.67,84.534,227.506,74.931,21.866
2018-10-03 17:00:00,48.256,47.997,43.67,19.476,53.869,272.751,87.527,227.979,77.415,21.389
2018-10-03 18:00:00,46.77,49.224,48.094,20.5,54.38,289.062,89.439,225.657,76.553,21.871
2018-10-03 19:00:00,43.782,48.323,47.115,19.956,56.406,276.93,89.437,219.622,75.442,20.366
2018-10-03 20:00:00,42.402,43.232,45.04,19.752,50.068,260.404,88.263,202.943,67.74,20.38
2018-10-03 21:00:00,34.483,35.425,39.842,19.046,43.386,214.813,71.037,167.602,53.792,16.383
2018-10-03 22:00:00,28.162,27.657,28.187,13.464,33.233,168.308,56.73,133.746,41.231,13.671
2018-10-03 23:00:00,25.51,22.859,22.675,11.761,28.743,142.377,43.737,116.655,34.751,12.186
2018-10-04 00:00:00,25.829,20.993,20.747,11.252,26.85,130.986,40.254,105.651,32.005,11.245
2018-10-04 01:00:00,27.037,20.49,20.017,10.673,25.969,128.352,38.033,103.304,30.266,10.876
2018-10-04 02:00:00,24.014,19.921,19.2,10.817,25.098,127.922,38.263,102.079,29.7,10.227
2018-10-04 03:00:00,25.532,21.944,19.781,11.656,25.526,133.444,39.407,107.144,32.293,11.394
2018-10-04 04:00:00,27.754,26.098,22.889,13.519,29.111,150.51,47.518,124.355,38.291,13.702
2018-10-04 05:00:00,30.853,32.211,31.466,15.671,36.878,192.616,61.103,151.942,45.756,16.205
2018-10-04 06:00:00,35.226,35.109,34.171,16.7,41.92,208.59,64.39,171.962,51.357,17.475
2018-10-04 07:00:00,41.236,36.465,38.77,17.024,44.719,232.01,73.987,180.137,58.363,18.966
2018-10-04 08:00:00,45.948,38.162,41.109,18.985,47.126,249.143,78.038,197.187,57.898,18.987
2018-10-04 09:00:00,44.959,41.515,41.437,22.037,50.868,249.343,81.887,204.086,58.383,20.381
2018-10-04 10:00:00,47.498,43.782,42.006,22.395,49.064,255.502,81.42,208.494,60.405,19.458
2018-10-04 11:00:00,47.754,42.607,40.962,18.725,48.092,258.363,86.793,203.692,63.041,19.916
2018-10-04 12:00:00,46.723,40.006,40.789,17.476,48.183,260.361,83.635,206.293,59.021,20.581
2018-10-04 13:00:00,47.447,39.808,43.171,16.246,46.274,274.148,84.282,212.758,59.242,20.404
2018-10-04 14:00:00,45.778,40.039,42.495,16.018,48.408,286.512,83.551,210.96,61.774,19.175
2018-10-04 15:00:00,46.391,41.857,41.314,18.36,48.233,301.865,83.481,219.767,65.289,20.455
2018-10-04 16:00:00,46.641,45.934,46.715,21.299,50.271,323.37,89.936,227.078,69.453,30.097
2018-10-04 17:00:00,51.334,51.51,45.414,21.322,55.76,336.249,91.694,240.198,76.83,26.218
2018-10-04 18:00:00,48.583,50.719,47.58,20.645,57.144,337.443,91.637,244.777,80.399,22.633
2018-10-04 19:00:00,47.298,49.968,44.387,22.756,57.688,313.532,92.611,240.519,77.067,23.747
2018-10-04 20:00:00,44.221,42.166,39.953,19.266,50.914,282.407,86.779,226.678,67.136,22.536
2018-10-04 21:00:00,36.389,35.928,33.162,15.282,40.536,230.795,68.664,184.537,53.022,16.524
2018-10-04 22:00:00,29.412,28.212,28.242,13.123,32.003,186.162,54.931,142.817,39.771,12.98
2018-10-04 23:00:00,26.243,24.594,25.537,11.949,28.11,154.132,44.895,118.561,33.772,11.128
2018-10-05 00:00:00,24.427,20.854,21.612,10.754,26.024,136.074,40.438,107.737,30.589,10.524
2018-10-05 01:00:00,23.533,19.697,18.982,11.601,25.287,130.219,38.48,101.214,29.883,10.435
2018-10-05 02:00:00,23.101,19.719,18.306,12.598,25.223,127.632,38.246,101.127,29.645,10.479
2018-10-05 03:00:00,24.312,21.645,20.013,14.149,26.711,132.341,41.38,104.365,32.326,10.922
2018-10-05 04:00:00,26.469,24.845,23.247,16.185,30.758,151.777,46.308,126.04,36.167,12.773
2018-10-05 05:00:00,34.547,32.414,31.483,19.367,39.341,188.165,57.141,151.747,44.678,16.166
2018-10-05 06:00:00,38.575,37.107,39.078,21.667,46.76,212.866,63.113,174.063,51.848,20.107
2018-10-05 07:00:00,43.48,41.931,42.042,21.063,46.085,228.593,73.581,186.276,56.649,20.462
2018-10-05 08:00:00,45.42,41.953,37.107,20.532,47.595,247.091,81.8,193.706,58.419,24.314
2018-10-05 09:00:00,45.678,41.267,40.478,20.581,48.639,258.551,84.201,205.147,59.545,23.809
2018-10-05 10:00:00,51.148,39.733,43.965,19.579,47.102,256.742,84.039,206.283,64.571,20.149
2018-10-05 11:00:00,46.194,40.349,42.688,18.413,45.29,258.085,84.689,208.108,66.039,20.458
2018-10-05 12:00:00,44.638,36.787,41.446,18.523,47.065,262.183,80.871,207.247,61.846,18.77
2018-10-05 13:00:00,43.654,37.948,40.993,19.231,47.225,263.009,81.283,202.137,64.14,17.885
2018-10-05 14:00:00,46.365,39.038,43.9,17.382,47.127,276.27,84.78,204.214,66.541,20.183
2018-10-05 15:00:00,47.949,43.335,46.752,18.44,51.293,294.552,94.691,211.751,69.269,24.752
2018-10-05 16:00:00,47.287,43.061,48.02,18.903,52.672,299.523,97.719,221.998,70.889,23.547
2018-10-05 17:00:00,46.27,45.624,47.677,19.3,54.716,304.522,101.057,224.685,71.929,25.21
2018-10-05 18:00:00,47.414,44.29,49.814,20.149,56.601,289.867,90.548,230.583,72.668,22.001
2018-10-05 19:00:00,45.625,43.2,45.36,22.578,59.827,276.701,91.057,227.229,70.995,22.416
2018-10-05 20:00:00,41.685,43.933,42.7,20.668,50.304,252.389,77.407,206.189,62.647,21.722
2018-10-05 21:00:00,34.668,33.401,33.35,18.691,42.663,206.339,60.426,172.69,54.684,18.937
2018-10-05 22:00:00,29.638,28.477,28.104,15.313,34.777,169.68,50.748,138.099,41.282,16.121
2018-10-05 23:00:00,26.222,25.809,24.318,13.564,31.197,147.414,44.084,120.356,34.514,14.533
2018-10-06 00:00:00,26.258,22.829,21.107,13.096,28.214,135.761,42.107,111.831,33.361,13.174
2018-10-06 01:00:00,24.884,21.697,20.784,13.326,28.106,133.409,41.418,108.352,31.93,11.871
2018-10-06 02:00:00,24.483,21.944,21.285,12.663,30.256,135.365,41.53,109.686,32.553,11.239
2018-10-06 03:00:00,25.429,22.946,21.951,13.382,29.441,136.524,42.447,113.202,34.381,12.208
2018-10-06 04:00:00,28.703,25.265,23.66,14.812,30.793,144.865,44.913,119.659,35.777,13.965
2018-10-06 05:00:00,32.159,29.588,28.746,16.946,36.396,166.145,51.247,132.929,42.743,15.967
2018-10-06 06:00:00,32.099,31.812,33.496,17.761,39.608,181.687,56.116,143.46,46.556,17.777
2018-10-06 07:00:00,37.987,37.741,40.045,20.509,42.366,208.894,66.81,164.353,52.183,18.603
2018-10-06 08:00:00,43.475,40.01,42.668,19.26,44.713,217.664,70.955,173.216,57.111,20.682
2018-10-06 09:00:00,42.947,38.649,42.25,17.091,42.86,227.09,67.996,175.089,56.402,20.883
2018-10-06 10:00:00,44.028,42.103,41.476,17.159,46.217,220.646,67.523,178.432,59.561,21.722
2018-10-06 11:00:00,43.042,41.317,39.471,17.098,45.06,223.595,67.995,185.309,63.173,23.456
2018-10-06 12:00:00,44.302,43.672,43.477,18.248,43.256,217.698,67.334,178.84,58.498,21.401
2018-10-06 13:00:00,42.32,39.793,40.919,18.077,40.681,213.778,75.64,181.253,54.584,24.284
2018-10-06 14:00:00,42.643,40.53,38.953,15.838,42.939,223.255,68.126,186.491,55.85,19.911
2018-10-06 15:00:00,40.007,38.239,38.697,17.332,46.499,236.144,73.19,194.133,62.613,22.334
2018-10-06 16:00:00,42.381,42.014,41.418,18.79,52.356,244.539,79.677,198.195,65.327,24.681
2018-10-06 17:00:00,43.323,43.86,46.013,19.629,56.679,256.788,85.26,211.793,71.203,22.211
2018-10-06 18:00:00,47.006,45.696,46.966,21.184,59.955,270.77,89.673,222.54,77.092,24.834
2018-10-06 19:00:00,42.792,42.654,44.088,22.128,56.159,271.73,88.603,220.165,74.507,24.267
2018-10-06 20:00:00,39.968,41.951,41.135,18.849,50.858,257.695,81.044,201.662,70.573,25.925
2018-10-06 21:00:00,34.381,32.887,34.072,15.218,43.266,207.699,67.12,167.366,53.566,19.497
2018-10-06 22:00:00,28.735,26.751,26.858,12.663,34.09,164.623,51.511,133.286,40.798,15.041
2018-10-06 23:00:00,25.611,24.102,22.54,12.141,29.187,140.131,42.989,114.073,34.497,13.029
2018-10-07 00:00:00,24.496,20.229,20.969,10.713,26.083,129.18,39.17,102.75,30.765,10.663
2018-10-07 01:00:00,23.703,19.216,21.14,10.656,25.398,125.321,37.879,100.753,29.492,10.581
2018-10-07 02:00:00,22.994,19.406,19.433,10.647,24.808,124.79,37.615,101.254,30.567,10.36
2018-10-07 03:00:00,23.63,20.331,19.934,10.534,24.708,127.36,38.781,102.922,30.035,10.501
2018-10-07 04:00:00,25.219,23.219,22.197,11.533,27.059,133.892,41.118,111.802,31.81,11.666
2018-10-07 05:00:00,27.734,26.533,25.863,12.834,31.678,155.294,46.782,124.913,36.518,14.06
2018-10-07 06:00:00,32.146,30.548,29.324,13.507,35.786,170.871,52.734,132.034,41.824,16.159
2018-10-07 07:00:00,40.859,38.193,34.785,16.423,38.305,201.419,68.587,157.781,47.978,19.017
2018-10-07 08:00:00,42.136,36.376,39.984,17.001,41.182,206.953,68.116,174.557,51.837,21.401
2018-10-07 09:00:00,38.943,42.919,38.624,17.717,43.79,216.238,67.384,172.067,55.501,22.935
2018-10-07 10:00:00,44.913,39.252,39.486,17.558,46.612,219.731,69.337,177.523,54.126,20.843
2018-10-07 11:00:00,42.201,39.708,41.509,20.389,50.266,241.165,72.39,187.148,58.007,22.152
2018-10-07 12:00:00,42.922,39.128,43.863,16.9,45.748,242.16,66.997,182.527,58.879,20.318
2018-10-07 13:00:00,42.268,39.419,47.235,15.151,44.439,247.674,64.763,177.35,58.2,18.846
2018-10-07 14:00:00,44.769,38.271,41.817,15.43,44.347,246.788,67.683,177.514,55.017,17.203
2018-10-07 15:00:00,45.555,37.646,41.708,18.249,48.793,254.43,74.663,181.757,56.797,17.402
2018-10-07 16:00:00,43.293,40.792,42.611,17.171,53.727,257.646,76.488,193.837,62.132,20.122
2018-10-07 17:00:00,45.293,41.839,43.971,22.791,55.832,262.734,82.611,207.182,67.566,21.357
2018-10-07 18:00:00,45.424,41.294,45.05,21.787,55.463,267.238,87.204,213.318,72.781,21.486
2018-10-07 19:00:00,45.243,41.052,45.212,20.11,55.085,270.954,81.577,210.731,71.135,23.418
2018-10-07 20:00:00,42.291,39.853,42.415,19.28,53.632,254.711,76.79,189.172,65.379,21.021
2018-10-07 21:00:00,34.036,30.679,33.003,17.219,48.825,204.736,67.298,159.111,54.176,17.009
2018-10-07 22:00:00,28.88,24.969,28.183,14.286,36.324,164.053,51.999,130.111,42.466,13.812
2018-10-07 23:00:00,25.926,21.978,22.966,13.111,31.35,141.582,44.619,110.991,34.127,12.913
2018-10-08 00:00:00,25.014,21.736,20.051,11.859,28.453,132.254,39.892,104.8,30.517,11.344
2018-10-08 01:00:00,23.755,20.835,19.232,11.321,25.613,129.749,39.246,103.098,30.042,11.184
2018-10-08 02:00:00,23.879,20.954,19.079,12.089,25.809,128.123,38.535,104.557,29.433,10.719
2018-10-08 03:00:00,25.314,22.685,20.912,12.697,26.741,134.067,43.644,111.497,32.444,11.179
2018-10-08 04:00:00,29.105,26.615,24.288,14.62,30.181,152.45,49.344,126.093,37.905,12.937
2018-10-08 05:00:00,35.853,33.557,33.254,17.058,39.634,189.512,59.102,154.381,47.427,16.488
2018-10-08 06:00:00,38.133,37.019,39.059,19.059,44.494,218.446,66.507,170.034,53.183,18.308
2018-10-08 07:00:00,44.446,40.126,44.552,20.431,50.96,229.322,73.007,180.256,57.543,18.786
2018-10-08 08:00:00,46.472,40.506,39.003,22.375,52.141,242.183,77.369,193.861,62.191,20.01
2018-10-08 09:00:00,48.275,39.85,40.618,24.211,51.455,252.406,80.385,204.448,64.617,22.88
2018-10-08 10:00:00,48.059,41.184,43.711,21.354,53.44,253.652,80.466,209.878,62.371,21.641
2018-10-08 11:00:00,48.022,39.31,44.321,21.101,53.023,251.871,82.538,205.301,58.711,21.603
2018-10-08 12:00:00,49.948,40.341,42.125,18.36,51.23,242.65,82.521,198.4,56.146,23.121
2018-10-08 13:00:00,43.456,35.686,37.771,18.527,48.282,233.08,78.525,192.158,58.405,22.331
2018-10-08 14:00:00,42.931,34.888,37.506,17.884,46.088,229.536,74.255,194.124,58.266,21.873
2018-10-08 15:00:00,41.459,36.454,41.309,17.776,50.746,243.237,77.188,195.388,63.654,23.949
2018-10-08 16:00:00,43.91,39.145,43.96,19.59,52.842,254.141,76.724,207.711,70.015,23.025
2018-10-08 17:00:00,47.594,42.171,42.561,20.561,54.564,268.349,86.546,226.159,74.163,22.171
2018-10-08 18:00:00,46.189,44.97,44.462,22.702,54.892,278.844,88.746,232.771,75.428,22.536
2018-10-08 19:00:00,44.891,42.964,44.455,22.419,57.51,274.079,87.818,220.055,74.106,23.355
2018-10-08 20:00:00,41.638,41.19,43.55,23.527,55.983,248.212,83.013,209.462,67.231,22.496
2018-10-08 21:00:00,43.562,34.211,36.977,19.817,42.641,202.734,68.023,176.572,53.544,17.974
2018-10-08 22:00:00,34.425,30.241,29.673,15.377,34.567,169.995,54.062,145.269,44.668,15.173
2018-10-08 23:00:00,28.259,26.166,23.989,13.581,32.089,149.076,50.135,118.419,35.208,12.596
2018-10-09 00:00:00,26.432,22.855,21.319,12.219,26.85,137.497,44.473,110.978,31.599,11.285
2018-10-09 01:00:00,25.452,22.633,19.565,12.125,25.532,134.382,41.083,108.884,30.925,11.048
2018-10-09 02:00:00,25.189,22.093,19.371,12.318,26.153,133.397,41.55,109.482,31.996,10.598
2018-10-09 03:00:00,25.894,22.303,20.35,12.83,27.462,137.924,43.555,114.536,34.134,10.973
2018-10-09 04:00:00,30.892,25.878,23.657,14.625,30.455,155.703,48.427,133.188,38.58,12.735
2018-10-09 05:00:00,35.286,31.976,31.483,17.036,37.498,195.017,59.505,157.661,48.116,16.134
2018-10-09 06:00:00,37.844,33.163,34.512,19.235,40.735,220.731,66.854,170.575,51.674,18.955
2018-10-09 07:00:00,44.346,36.154,37.192,19.001,45.444,234.139,72.786,188.474,58.764,19.31
2018-10-09 08:00:00,45.349,40.51,40.219,21.499,47.056,246.542,73.539,196.639,63.9,19.448
2018-10-09 09:00:00,47.611,44.724,39.445,20.549,47.947,260.667,79.552,212.194,66.974,18.995
2018-10-09 10:00:00,48.975,44.958,43.183,21.146,47.963,297.273,90.454,241.481,70.576,20.37
2018-10-09 11:00:00,51.021,51.49,42.384,21.611,51.433,323.474,96.316,252.138,77.496,24.059
2018-10-09 12:00:00,54.853,51.595,47.495,25.955,53.018,343.147,103.734,268.614,80.879,20.851
2018-10-09 13:00:00,56.547,54.706,46.693,25.423,58.834,369.4,105.814,282.011,88.887,21.271
2018-10-09 14:00:00,58.748,58.545,47.888,24.332,63.407,385.193,109.647,295.187,101.082,22.704
2018-10-09 15:00:00,58.846,61.847,52.2,25.441,66.426,397.937,114.339,304.286,102.322,25.147
2018-10-09 16:00:00,57.042,62.215,57.121,25.879,70.113,409.202,112.86,307.727,106.567,28.283
2018-10-09 17:00:00,57.325,56.785,50.16,26.186,67.975,388.985,108.732,307.762,103.864,31.628
2018-10-09 18:00:00,55.064,55.764,48.842,25.436,68.161,372.407,105.535,294.141,100.98,28.907
2018-10-09 19:00:00,52.308,56.749,48.317,24.766,65.666,345.197,98.999,269.934,88.886,29.208
2018-10-09 20:00:00,49.454,52.327,46.28,19.986,60.112,306.866,90.677,240.902,75.394,24.164
2018-10-09 21:00:00,41.015,43.021,38.293,16.124,45.161,251.086,70.437,197.567,61.488,16.833
2018-10-09 22:00:00,32.94,31.561,30.741,13.131,36.964,204.616,53.623,154.619,45.44,12.218
2018-10-09 23:00:00,29.74,26.607,24.179,10.941,31.017,167.587,47.919,130.557,37.719,11.649
2018-10-10 00:00:00,26.861,23.05,21.284,9.56,26.232,149.556,41.805,117.529,33.742,10.436
2018-10-10 01:00:00,23.757,22.608,20.378,9.222,24.426,142.271,42.396,108.453,32.111,10.023
2018-10-10 02:00:00,23.729,22.308,20.085,9.377,24.496,139.758,40.516,107.439,30.543,9.632
2018-10-10 03:00:00,25.588,23.392,20.577,11.006,25.158,143.247,43.259,113.124,33.105,10.341
2018-10-10 04:00:00,29.719,26.505,24.238,11.869,29.273,160.418,49.864,130.117,38.833,13.466
2018-10-10 05:00:00,33.244,31.08,31.143,15.25,36.287,201.382,58.992,151.96,48.677,14.576
2018-10-10 06:00:00,35.909,35.626,34.227,17.153,39.74,221.556,63.224,170.9,56.153,15.452
2018-10-10 07:00:00,45.146,39.039,40.484,18.118,45.333,255.947,75.661,205.913,64.622,18.219
2018-10-10 08:00:00,54.882,45.95,41.719,17.433,49.185,295.828,89.916,236.76,76.538,18.562
2018-10-10 09:00:00,60.884,56.549,51.971,18.866,54.596,343.847,106.794,281.505,84.42,20.717
2018-10-10 10:00:00,67.401,67.09,61.767,20.007,61.797,384.882,116.621,327.163,89.803,22.466
2018-10-10 11:00:00,71.627,79.396,63.316,23.495,70.406,418.312,127.326,342.084,102.752,27.374
2018-10-10 12:00:00,72.729,76.02,66.572,25.043,76.798,437.386,133.184,357.878,111.711,29.38
2018-10-10 13:00:00,74.494,76.41,65.914,26.335,82.249,451.696,137.296,366.409,119.581,31.058
2018-10-10 14:00:00,75.243,77.491,64.903,30.919,88.151,468.984,137.019,376.394,118.999,34.279
2018-10-10 15:00:00,77.228,79.192,70.069,32.26,89.043,480.502,141.509,384.305,128.352,38.183
2018-10-10 16:00:00,72.991,75.403,71.399,32.215,89.489,480.686,137.293,377.58,124.67,37.848
2018-10-10 17:00:00,66.894,69.947,66.38,30.506,83.107,452.566,128.446,358.408,115.777,35.22
2018-10-10 18:00:00,63.161,61.222,59.213,27.863,72.271,422.287,120.364,332.391,106.226,33.053
2018-10-10 19:00:00,55.766,54.861,54.34,22.959,68.162,384.959,112.243,305.157,92.23,28.795
2018-10-10 20:00:00,50.471,50.507,51.235,19.871,62.432,336.529,103.936,274.271,82.914,26.572
2018-10-10 21:00:00,41.737,40.303,43.426,15.895,46.701,274.998,81.182,214.89,63.812,21.391
2018-10-10 22:00:00,34.888,29.534,38.54,13.279,35.597,219.569,62.005,148.944,46.141,15.168
2018-10-10 23:00:00,27.277,23.55,28.561,11.254,29.609,189.542,50.55,122.762,37.317,12.517
2018-10-11 00:00:00,25.447,20.444,24.064,10.118,28.976,165.817,44.293,108.593,32.707,11.164
2018-10-11 01:00:00,23.79,20.037,22.393,10.1,25.246,153.686,41.938,102.458,30.454,10.271
2018-10-11 02:00:00,23.357,19.319,21.748,9.683,25.2,140.449,39.884,101.952,29.722,10.288
2018-10-11 03:00:00,24.889,20.966,22.195,10.54,26.73,139.4,41.292,106.911,31.708,11.031
2018-10-11 04:00:00,28.039,24.078,25.312,12.417,31.281,155.203,44.793,122.346,36.546,13.149
2018-10-11 05:00:00,33.061,29.682,32.679,14.173,38.086,194.639,56.633,151.322,45.665,16.499
2018-10-11 06:00:00,35.122,36.984,38.59,15.545,43.653,214.1,63.918,172.938,52.719,19.335
2018-10-11 07:00:00,40.491,38.482,39.715,16.973,48.21,233.126,72.138,189.769,58.153,17.47
2018-10-11 08:00:00,41.93,38.118,41.832,17.606,48.679,243.288,75.224,205.022,60.589,18.685
2018-10-11 09:00:00,45.808,39.353,44.33,18.815,48.12,248.699,76.966,204.164,60.367,20.303
2018-10-11 10:00:00,46.107,37.219,39.874,19.368,48.213,247.993,77.938,209.345,60.377,19.784
2018-10-11 11:00:00,44.261,36.857,37.516,21.42,45.589,244.501,78.887,205.201,62.511,19.787
2018-10-11 12:00:00,43.703,35.387,35.943,19.319,43.437,238.866,73.437,193.588,59.769,18.073
2018-10-11 13:00:00,43.651,34.963,33.794,18.964,45.847,237.85,71.943,189.67,56.975,18.11
2018-10-11 14:00:00,41.899,40.125,34.946,17.086,44.265,239.289,68.755,189.883,59.085,19.274
2018-10-11 15:00:00,43.768,38.261,35.137,16.434,48.053,252.882,72.966,197.495,64.463,20.794
2018-10-11 16:00:00,44.361,40.929,40.167,19.638,51.297,257.377,82.77,205.275,66.555,21.729
2018-10-11 17:00:00,44.169,50.495,44.059,21.688,59.636,281.208,83.146,215.909,68.863,23.509
2018-10-11 18:00:00,45.702,47.058,43.696,22.473,55.927,282.735,85.797,224.35,71.292,26.061
2018-10-11 19:00:00,47.433,43.703,44.84,21.415,55.864,278.907,83.557,225.772,70.533,26.224
2018-10-11 20:00:00,44.66,41.369,43.053,23.757,54.451,256.51,81.221,207.246,65.547,23.717
2018-10-11 21:00:00,38.36,34.304,37.314,16.897,43.006,212.171,67.782,165.457,52.034,18.631
2018-10-11 22:00:00,32.876,27.218,27.668,14.431,34.217,168.538,53.702,137.941,41.057,15.2
2018-10-11 23:00:00,27.38,23.242,24.553,13.042,29.99,144.88,46.678,119.003,36.384,11.966
2018-10-12 00:00:00,25.363,21.988,20.07,12.087,26.166,132.347,42.752,109.458,31.837,10.449
2018-10-12 01:00:00,24.912,23.184,19.818,11.396,24.755,129.591,39.761,105.212,30.479,10.223
2018-10-12 02:00:00,24.919,21.67,19.09,11.354,25.096,128.733,39.218,106.625,30.742,9.605
2018-10-12 03:00:00,24.822,21.973,20.693,13.336,25.948,135.39,41.228,112.399,32.851,10.81
2018-10-12 04:00:00,27.775,26.488,22.01,13.596,29.281,151.671,47.33,124.295,37.979,13.119
2018-10-12 05:00:00,31.961,33.667,28.502,15.802,36.835,191.195,57.347,153.342,48.062,17.068
2018-10-12 06:00:00,33.923,36.226,36.422,17.222,41.463,215.883,66.286,177.382,54.032,18.748
2018-10-12 07:00:00,40.339,37.351,37.07,19.183,47.751,229.861,75.15,193.081,57.002,18.902
2018-10-12 08:00:00,43.238,38.138,38.058,20.116,49.742,245.456,77.143,201.615,62.812,19.162
2018-10-12 09:00:00,45.435,39.104,40.357,19.119,49.245,254.58,82.382,204.345,67.152,18.717
2018-10-12 10:00:00,45.316,40.072,45.475,20.184,46.08,250.061,79.053,204.52,63.074,20.236
2018-10-12 11:00:00,49.136,37.892,41.95,19.901,49.794,246.337,78.675,203.167,61.34,19.73
2018-10-12 12:00:00,46.052,38.786,35.729,17.524,46.561,245.759,78.588,197.791,59.797,21.919
2018-10-12 13:00:00,43.861,37.139,38.346,17.697,45.595,241.608,74.349,195.382,63.122,21.003
2018-10-12 14:00:00,42.108,37.805,36.974,17.161,46.203,240.885,74.395,189.535,59.992,19.577
2018-10-12 15:00:00,42.308,41.717,38.761,17.872,44.624,248.03,76.088,194.227,59.601,20.567
2018-10-12 16:00:00,43.078,43.714,43.102,18.62,48.286,259.046,81.69,207.255,65.144,23.067
2018-10-12 17:00:00,45.029,43.136,42.765,21.621,51.695,266.254,86.654,224.677,71.723,24.276
2018-10-12 18:00:00,46.383,44.025,46.445,21.439,56.507,273.505,90.523,224.651,71.788,23.851
2018-10-12 19:00:00,47.995,44.033,48.891,22.347,53.191,275.347,91.754,220.938,74.469,22.578
2018-10-12 20:00:00,43.732,42.066,43.841,22.607,52.436,246.924,80.656,205.443,64.549,21.685
2018-10-12 21:00:00,37.61,36.883,36.688,20.357,41.453,207.633,65.867,168.72,53.602,17.938
2018-10-12 22:00:00,32.267,30.291,28.993,17.057,33.789,170.017,53.447,141.473,42.024,14.056
2018-10-12 23:00:00,28.126,24.17,24.676,14.711,29.414,145.56,47.485,125.792,37.214,14.621
2018-10-13 00:00:00,26.592,21.763,21.435,14.846,28.645,138.205,46.577,111.84,34.052,12.787
2018-10-13 01:00:00,25.62,22.229,21.398,14.009,27.242,137.37,45.74,111.591,32.815,12.421
2018-10-13 02:00:00,25.872,24.552,21.344,14.134,27.02,137.51,46.634,111.373,32.018,11.932
2018-10-13 03:00:00,26.707,24.861,22.409,14.137,29.074,142.833,47.624,114.756,33.778,12.092
2018-10-13 04:00:00,29.735,27.508,23.895,15.058,30.821,151.706,49.433,121.825,36.561,13.423
2018-10-13 05:00:00,32.577,31.273,29.814,16.261,34.689,167.668,55.39,132.602,41.284,15.013
2018-10-13 06:00:00,34.407,34.609,35.448,20.161,39.305,188.759,66.154,144.023,44.341,17.929
2018-10-13 07:00:00,40.704,41.933,41.869,22.754,49.626,213.362,69.403,169.795,53.691,21.148
2018-10-13 08:00:00,46.358,41.292,43.816,24.091,48.563,225.688,73.655,189.593,60.159,23.494
2018-10-13 09:00:00,48.66,42.94,44.642,21.494,50.24,228.545,75.606,195.723,59.75,23.177
2018-10-13 10:00:00,50.671,45.373,43.873,20.278,46.918,229.72,74.479,193.335,61.731,21.24
2018-10-13 11:00:00,48.267,42.993,43.62,20.266,45.552,235.848,78.353,198.953,60.671,26.691
2018-10-13 12:00:00,45.919,39.799,40.87,19.172,47.133,228.184,77.824,190.976,61.172,19.608
2018-10-13 13:00:00,43.99,41.345,39.879,21.903,45.962,220.378,72.008,183.163,58.411,18.574
2018-10-13 14:00:00,39.871,38.255,41.15,21.168,43.912,222.517,70.447,185.455,59.19,19.332
2018-10-13 15:00:00,41.344,42.557,42.706,25.644,45.224,226.419,75.705,185.623,61.754,20.701
2018-10-13 16:00:00,43.331,43.9,43.413,24.853,49.926,235.41,75.681,202.271,63.508,24.667
2018-10-13 17:00:00,42.606,44.972,46.643,29.064,55.901,261.637,85.834,219.721,69.67,23.811
2018-10-13 18:00:00,46.045,48.539,48.677,24.345,59.279,272.497,94.719,231.93,73.401,24.606
2018-10-13 19:00:00,42.986,47.558,48.265,24.03,60.421,268.868,87.22,226.26,75.591,28.935
2018-10-13 20:00:00,40.646,47.673,47.816,23.398,56.021,249.298,83.684,210.966,69.458,23.242
2018-10-13 21:00:00,36.572,40.378,39.44,20.097,46.581,212.433,70.636,175.35,59.655,19.901
2018-10-13 22:00:00,34.8,32.813,30.524,17.651,38.482,173.506,57.422,146.615,46.04,17.017
2018-10-13 23:00:00,31.698,26.062,26.457,16.5,35.986,154.22,51.824,131.923,39.687,15.376
2018-10-14 00:00:00,30.228,26.256,24.873,15.179,34.146,147.005,49.535,118.303,36.288,14.188
2018-10-14 01:00:00,29.51,24.769,24.065,14.507,31.707,146.569,49.421,117.778,35.074,14.71
2018-10-14 02:00:00,28.854,25.201,25.249,14.001,31.551,151.778,50.261,119.591,35.299,13.771
2018-10-14 03:00:00,29.374,27.791,25.511,14.128,33.404,157.307,52.541,122.405,36.648,14.909
2018-10-14 04:00:00,31.892,31.18,27.769,15.377,36.37,170.474,55.675,135.171,38.388,17.91
2018-10-14 05:00:00,35.842,31.161,34.159,17.45,42.434,191.298,62.751,150.157,44.76,19.758
2018-10-14 06:00:00,40.38,32.756,37.528,19.482,44.508,210.146,68.41,163.094,47.249,19.625
2018-10-14 07:00:00,49.034,37.993,41.879,23.718,51.0,224.347,75.359,178.218,54.073,21.718
2018-10-14 08:00:00,46.983,40.005,42.442,22.636,53.172,232.412,72.85,177.947,53.37,22.697
2018-10-14 09:00:00,43.763,39.419,41.173,22.299,48.019,225.846,71.763,178.886,52.451,20.191
2018-10-14 10:00:00,42.978,39.805,40.711,18.728,45.268,223.017,70.093,170.099,56.714,19.005
2018-10-14 11:00:00,42.435,38.892,42.165,19.597,50.951,223.424,65.872,178.817,57.31,19.032
2018-10-14 12:00:00,42.112,39.009,39.135,17.171,47.293,218.455,67.381,178.252,61.082,21.653
2018-10-14 13:00:00,41.543,37.187,35.673,15.639,44.752,214.647,68.553,178.992,53.495,20.233
2018-10-14 14:00:00,40.415,38.254,37.537,17.084,42.538,226.685,70.533,178.005,54.352,18.776
2018-10-14 15:00:00,37.641,40.138,41.449,19.403,49.404,231.995,73.797,187.194,59.598,19.829
2018-10-14 16:00:00,43.685,40.194,42.131,20.142,49.445,243.937,77.176,193.163,60.701,20.254
2018-10-14 17:00:00,41.465,40.974,43.783,19.444,52.139,259.562,82.074,203.872,65.35,22.439
2018-10-14 18:00:00,44.664,43.154,46.133,20.533,57.645,273.182,81.662,214.424,69.742,22.469
2018-10-14 19:00:00,42.847,42.96,43.756,23.414,58.748,265.883,83.102,223.718,73.402,21.988
2018-10-14 20:00:00,42.712,41.956,42.553,22.177,54.287,245.834,78.817,201.975,71.307,21.676
2018-10-14 21:00:00,38.137,37.094,36.116,19.449,45.285,206.644,65.723,168.451,55.977,20.145
2018-10-14 22:00:00,33.689,30.425,30.099,18.132,38.697,166.84,54.063,141.416,43.201,17.672
2018-10-14 23:00:00,29.434,27.252,26.331,17.862,34.173,148.873,48.497,122.65,37.479,15.254
2018-10-15 00:00:00,28.389,25.9,24.006,17.923,31.234,143.991,48.769,116.566,34.9,13.773
2018-10-15 01:00:00,28.578,26.083,24.607,17.038,31.252,144.021,47.486,116.439,34.301,13.945
2018-10-15 02:00:00,28.595,28.674,24.858,17.747,31.777,148.958,50.383,120.949,35.29,13.681
2018-10-15 03:00:00,30.179,31.8,25.735,17.668,32.366,156.33,53.105,127.989,40.684,14.608
2018-10-15 04:00:00,33.762,37.16,27.696,19.858,37.988,177.235,60.953,147.388,47.969,17.292
2018-10-15 05:00:00,40.786,42.076,36.017,23.863,44.988,217.901,72.774,174.61,55.819,20.106
2018-10-15 06:00:00,47.0,44.398,41.853,24.478,48.954,245.431,78.706,192.971,63.287,21.825
2018-10-15 07:00:00,47.463,43.615,43.288,27.279,55.069,266.262,82.78,204.964,63.118,22.361
2018-10-15 08:00:00,50.571,41.644,47.357,27.265,53.379,275.663,82.606,218.933,67.121,22.976
2018-10-15 09:00:00,52.213,43.076,45.239,25.127,53.252,272.316,88.758,224.697,68.775,24.215
2018-10-15 10:00:00,54.268,41.111,44.423,24.104,53.34,272.982,88.207,219.429,68.339,23.029
2018-10-15 11:00:00,50.236,40.333,43.123,22.49,51.452,264.706,87.064,214.611,67.322,24.26
2018-10-15 12:00:00,46.891,39.028,39.789,21.344,49.217,260.695,82.53,204.275,64.152,21.98
2018-10-15 13:00:00,45.159,38.01,36.461,19.785,46.253,245.683,86.542,197.389,61.804,22.623
2018-10-15 14:00:00,44.509,37.293,36.337,19.214,49.475,236.164,78.118,192.74,57.36,21.953
2018-10-15 15:00:00,44.102,40.014,46.842,18.811,52.834,246.438,77.575,198.65,60.152,22.342
2018-10-15 16:00:00,45.208,41.62,44.469,20.2,52.774,255.946,81.679,206.108,67.375,23.9
2018-10-15 17:00:00,49.211,45.039,46.075,22.973,59.043,273.537,87.609,226.994,71.037,24.629
2018-10-15 18:00:00,50.469,44.646,44.089,23.69,58.997,280.695,89.679,228.356,72.224,24.958
2018-10-15 19:00:00,46.359,47.33,46.481,23.26,63.646,271.357,87.815,223.586,75.517,22.194
2018-10-15 20:00:00,42.854,40.854,44.923,23.626,56.647,258.495,83.662,204.094,67.734,22.713
2018-10-15 21:00:00,35.426,34.908,36.949,17.095,45.311,208.058,69.281,167.555,53.772,18.193
2018-10-15 22:00:00,36.626,29.888,28.846,14.66,33.769,163.07,52.515,134.232,42.226,14.763
2018-10-15 23:00:00,27.757,24.536,24.05,12.905,30.101,141.512,47.163,116.188,37.123,13.623
2018-10-16 00:00:00,25.682,22.399,22.019,11.911,27.769,136.632,43.781,106.011,33.138,12.802
2018-10-16 01:00:00,25.03,21.95,21.608,12.697,27.63,131.487,43.461,105.911,30.27,12.845
2018-10-16 02:00:00,25.869,23.387,21.907,12.96,28.137,136.117,45.325,111.921,31.01,11.994
2018-10-16 03:00:00,27.925,24.959,23.615,13.821,29.421,144.984,48.153,121.029,33.844,13.026
2018-10-16 04:00:00,31.007,28.871,28.561,15.989,37.053,167.747,51.88,139.776,39.719,15.51
2018-10-16 05:00:00,37.03,35.277,34.876,20.615,44.958,200.589,63.88,166.902,49.928,19.07
2018-10-16 06:00:00,42.078,39.084,39.835,21.664,48.064,227.341,73.753,186.692,57.368,21.169
2018-10-16 07:00:00,45.348,37.722,45.296,20.654,48.797,244.176,78.564,193.149,61.398,19.38
2018-10-16 08:00:00,48.163,38.662,44.386,21.578,49.269,254.303,76.779,198.101,62.782,18.987
2018-10-16 09:00:00,46.917,41.477,41.644,21.172,48.753,255.173,81.254,203.354,62.028,18.481
2018-10-16 10:00:00,47.087,39.272,42.588,20.81,52.309,251.421,81.939,211.056,60.899,21.181
2018-10-16 11:00:00,46.135,38.988,42.261,20.061,46.652,246.341,80.195,208.04,62.832,21.053
2018-10-16 12:00:00,45.435,36.32,39.422,17.769,47.22,241.743,77.002,204.901,59.502,18.759
2018-10-16 13:00:00,42.49,37.113,38.152,16.753,46.604,239.713,77.223,196.438,58.216,17.999
2018-10-16 14:00:00,40.669,35.873,38.679,17.498,46.077,251.71,74.793,189.849,57.908,19.149
2018-10-16 15:00:00,40.744,39.482,38.368,19.348,47.863,260.762,80.153,197.913,64.15,21.994
2018-10-16 16:00:00,42.042,40.703,38.39,20.414,51.967,260.203,79.058,212.073,67.082,24.531
2018-10-16 17:00:00,47.441,42.532,45.791,21.039,55.672,277.475,87.085,216.225,70.349,27.66
2018-10-16 18:00:00,48.381,45.465,45.054,22.291,60.493,279.76,89.641,223.857,72.538,28.547
2018-10-16 19:00:00,45.896,48.136,47.304,24.093,58.831,273.629,88.341,216.189,71.915,26.569
2018-10-16 20:00:00,44.19,45.29,47.087,23.523,55.489,251.867,81.639,204.634,64.028,24.385
2018-10-16 21:00:00,39.619,36.872,40.418,20.427,44.12,207.503,64.636,172.347,55.017,20.841
2018-10-16 22:00:00,32.021,31.736,30.881,18.823,39.488,170.914,53.518,141.789,44.156,18.094
2018-10-16 23:00:00,31.267,29.261,28.807,18.317,35.283,154.605,49.578,123.282,40.32,15.206
2018-10-17 00:00:00,29.407,27.262,25.952,17.331,33.374,147.817,49.102,118.202,36.575,14.008
2018-10-17 01:00:00,28.348,26.4,25.367,18.097,30.501,150.165,48.587,117.503,33.702,15.263
2018-10-17 02:00:00,29.056,28.439,25.894,18.577,29.698,151.554,49.402,121.569,35.289,13.765
2018-10-17 03:00:00,29.696,29.916,27.545,18.002,30.658,157.451,53.185,125.943,38.169,15.195
2018-10-17 04:00:00,31.501,35.803,31.187,20.303,38.076,173.454,59.709,143.673,44.01,19.288
2018-10-17 05:00:00,36.94,40.18,44.908,20.909,44.916,215.817,65.963,171.061,55.201,22.981
2018-10-17 06:00:00,41.896,40.898,51.19,22.972,47.75,239.494,74.511,190.496,58.782,27.856
2018-10-17 07:00:00,47.327,40.73,52.911,22.871,50.214,262.099,78.426,204.596,61.835,25.067
2018-10-17 08:00:00,50.102,45.684,45.265,22.774,49.067,271.718,82.865,211.744,66.047,22.34
2018-10-17 09:00:00,52.425,40.334,42.936,23.336,46.644,260.924,82.446,221.694,65.55,24.965
2018-10-17 10:00:00,55.124,38.393,44.609,21.441,47.822,256.644,76.783,210.971,61.939,21.336
2018-10-17 11:00:00,48.976,37.984,44.483,23.715,48.697,247.513,77.317,203.483,59.832,19.671
2018-10-17 12:00:00,46.861,41.761,41.089,20.871,44.257,249.518,75.052,197.507,57.631,19.663
2018-10-17 13:00:00,45.71,38.173,35.762,20.792,42.69,241.331,73.71,189.285,58.085,20.714
2018-10-17 14:00:00,44.628,37.845,34.911,23.223,44.232,233.455,74.417,190.097,58.163,22.101
2018-10-17 15:00:00,43.845,36.697,37.785,21.093,47.118,243.079,80.241,193.05,62.078,23.088
2018-10-17 16:00:00,46.876,39.321,41.194,23.208,47.674,253.715,85.089,203.444,68.692,23.75
2018-10-17 17:00:00,49.003,44.305,45.872,24.255,55.353,272.629,89.991,226.543,72.967,24.857
2018-10-17 18:00:00,52.605,43.524,53.923,24.577,60.998,282.126,94.565,225.37,73.105,24.806
2018-10-17 19:00:00,51.777,45.117,50.334,25.867,55.337,278.409,91.648,223.373,72.333,24.867
2018-10-17 20:00:00,49.14,43.919,47.192,26.886,53.232,259.996,85.746,211.141,67.294,25.746
2018-10-17 21:00:00,38.528,37.825,42.211,19.742,46.603,222.58,70.401,177.598,50.765,21.992
2018-10-17 22:00:00,33.843,30.091,31.828,17.306,36.788,183.62,60.23,146.93,42.543,18.544
2018-10-17 23:00:00,31.865,26.766,29.144,16.638,34.511,165.441,55.103,134.601,40.632,17.638
2018-10-18 00:00:00,32.006,25.438,29.425,15.978,33.759,157.17,51.25,125.048,37.157,15.357
2018-10-18 01:00:00,30.277,32.25,26.163,16.284,32.328,156.849,51.257,127.541,36.802,14.97
2018-10-18 02:00:00,30.922,40.586,26.778,17.172,33.215,161.283,50.91,131.115,36.178,14.349
2018-10-18 03:00:00,33.624,30.797,29.588,17.535,33.876,171.301,54.281,137.161,39.836,15.332
2018-10-18 04:00:00,35.92,31.989,31.828,19.075,39.73,192.741,61.928,160.681,47.486,17.965
2018-10-18 05:00:00,41.435,37.29,42.917,22.454,47.363,229.732,74.19,188.912,58.227,21.579
2018-10-18 06:00:00,49.737,43.066,49.428,25.353,54.857,246.044,83.791,204.128,67.157,23.747
2018-10-18 07:00:00,54.78,42.548,48.191,26.439,57.373,271.734,85.72,212.68,68.273,23.205
2018-10-18 08:00:00,56.331,43.854,45.997,27.074,52.924,278.643,88.853,223.084,70.332,24.397
2018-10-18 09:00:00,55.04,46.391,46.276,26.108,55.224,280.885,85.361,233.3,69.261,25.001
2018-10-18 10:00:00,52.414,44.727,44.506,27.693,52.719,282.372,88.229,229.658,69.336,22.677
2018-10-18 11:00:00,51.486,42.145,44.494,27.163,53.142,269.551,89.014,221.114,65.468,23.839
2018-10-18 12:00:00,49.573,39.962,40.973,24.847,49.196,254.271,80.204,206.156,65.295,21.435
2018-10-18 13:00:00,46.101,37.905,37.752,22.472,46.421,251.479,77.057,201.985,60.092,21.395
2018-10-18 14:00:00,45.452,36.313,39.233,26.528,49.33,250.307,75.532,201.876,61.539,21.839
2018-10-18 15:00:00,44.995,40.778,43.161,23.315,49.942,251.226,75.559,196.024,63.24,22.092
2018-10-18 16:00:00,45.068,46.554,43.989,24.269,51.409,265.137,82.471,212.16,67.241,22.495
2018-10-18 17:00:00,50.732,48.242,46.439,27.1,57.336,286.042,92.23,229.747,79.26,24.953
2018-10-18 18:00:00,51.072,48.107,49.849,27.318,60.453,287.937,97.598,236.475,76.242,26.029
2018-10-18 19:00:00,51.169,48.509,46.073,28.901,58.788,288.64,95.684,236.481,79.267,27.104
2018-10-18 20:00:00,46.881,45.155,46.237,26.583,56.937,270.5,91.036,221.835,75.781,32.016
2018-10-18 21:00:00,42.551,38.442,38.454,23.73,49.657,233.993,73.909,187.204,63.776,25.753
2018-10-18 22:00:00,38.721,34.691,32.68,21.664,41.416,200.215,65.743,158.864,48.784,19.926
2018-10-18 23:00:00,33.691,30.153,29.105,19.536,38.693,181.924,61.057,148.128,43.037,17.65
2018-10-19 00:00:00,32.201,26.487,26.579,17.926,35.987,173.434,56.742,141.15,40.2,16.536
2018-10-19 01:00:00,31.215,26.479,25.842,17.404,34.515,172.386,55.664,139.117,40.857,16.622
2018-10-19 02:00:00,31.939,30.251,27.388,17.371,35.081,176.629,56.905,141.517,41.068,15.396
2018-10-19 03:00:00,33.564,31.074,27.987,17.725,35.987,188.08,61.419,149.354,43.15,16.848
2018-10-19 04:00:00,36.801,34.066,31.283,19.803,40.588,208.482,65.411,169.441,49.39,18.308
2018-10-19 05:00:00,42.649,41.092,42.504,21.877,50.012,241.748,78.136,200.223,60.363,24.089
2018-10-19 06:00:00,47.459,47.187,46.706,22.359,56.755,258.596,84.614,215.808,69.053,28.234
2018-10-19 07:00:00,53.356,44.888,45.457,21.497,57.347,271.722,87.166,217.608,66.614,29.343
2018-10-19 08:00:00,51.883,41.619,44.387,20.795,54.07,275.358,86.956,225.821,69.684,32.721
2018-10-19 09:00:00,53.588,41.958,43.141,19.984,51.507,265.568,84.538,215.297,69.588,31.582
2018-10-19 10:00:00,49.496,38.831,43.799,20.423,50.457,256.083,80.25,217.46,64.092,23.023
2018-10-19 11:00:00,46.48,37.999,39.394,19.091,48.907,252.352,79.526,215.973,60.244,23.042
2018-10-19 12:00:00,45.823,36.15,39.216,18.415,44.009,241.784,74.597,200.19,58.414,22.094
2018-10-19 13:00:00,43.329,33.406,36.421,18.597,42.863,234.924,73.299,192.856,58.396,21.47
2018-10-19 14:00:00,43.986,37.89,34.021,20.015,44.892,239.486,73.277,190.77,61.517,19.55
2018-10-19 15:00:00,42.51,40.901,37.286,18.955,46.841,249.524,77.615,195.468,64.503,21.284
2018-10-19 16:00:00,45.705,38.969,40.331,20.533,51.217,259.876,84.669,207.572,68.997,19.549
2018-10-19 17:00:00,45.268,43.882,44.183,24.347,52.965,272.628,88.869,224.932,74.247,22.665
2018-10-19 18:00:00,44.779,43.703,46.919,25.882,57.487,271.806,90.709,221.764,73.355,22.73
2018-10-19 19:00:00,43.334,42.237,43.564,23.522,55.657,267.729,84.558,222.26,70.827,24.186
2018-10-19 20:00:00,40.784,40.415,41.937,21.008,51.694,253.838,80.986,206.611,64.819,22.984
2018-10-19 21:00:00,34.895,33.665,35.693,17.785,41.823,212.403,67.018,168.714,51.749,17.925
2018-10-19 22:00:00,31.198,28.316,28.352,15.892,34.546,167.919,57.657,136.645,39.342,13.369
2018-10-19 23:00:00,26.689,24.096,25.487,14.687,31.55,147.241,44.101,118.208,37.619,13.155
2018-10-20 00:00:00,26.23,20.809,22.361,13.156,29.682,133.274,43.501,106.194,34.623,12.101
2018-10-20 01:00:00,25.399,20.754,21.486,12.077,27.081,132.941,41.398,107.165,31.225,12.156
2018-10-20 02:00:00,24.275,20.7,21.936,11.579,27.242,131.41,40.489,109.721,31.133,11.312
2018-10-20 03:00:00,25.595,20.848,21.098,11.605,28.406,135.314,42.092,110.093,31.746,12.291
2018-10-20 04:00:00,29.284,23.137,22.476,13.074,30.043,139.718,45.474,112.31,33.383,13.111
2018-10-20 05:00:00,31.553,26.303,28.584,14.257,34.199,163.556,51.224,126.772,37.535,14.179
2018-10-20 06:00:00,33.466,31.298,36.049,14.894,39.775,188.256,57.085,142.709,41.589,18.462
2018-10-20 07:00:00,38.53,36.413,41.863,17.864,45.138,213.595,65.11,167.283,47.748,19.542
2018-10-20 08:00:00,42.053,38.288,42.839,19.341,47.732,225.22,77.481,182.716,54.738,20.087
2018-10-20 09:00:00,46.555,41.33,41.343,17.911,45.579,221.42,70.761,184.332,55.752,22.75
2018-10-20 10:00:00,48.608,44.133,38.469,17.346,45.782,218.846,68.597,178.863,59.235,21.912
2018-10-20 11:00:00,48.991,45.907,37.492,16.24,46.602,219.555,68.245,190.597,60.846,21.051
2018-10-20 12:00:00,44.491,42.334,35.934,16.264,44.384,217.776,69.354,185.936,57.402,20.277
2018-10-20 13:00:00,43.213,44.476,36.09,16.015,42.908,222.298,65.812,174.782,55.893,20.879
2018-10-20 14:00:00,40.121,42.325,37.625,16.1,46.3,219.958,70.256,190.164,57.955,17.789
2018-10-20 15:00:00,43.106,46.143,41.828,17.068,46.496,241.403,74.275,199.341,60.259,22.413
2018-10-20 16:00:00,41.519,45.143,47.691,20.245,48.971,257.518,83.686,210.273,64.652,23.21
2018-10-20 17:00:00,42.62,44.636,47.97,21.503,55.558,268.001,87.534,220.929,69.41,22.156
2018-10-20 18:00:00,45.343,45.105,46.746,21.602,56.736,270.805,87.371,223.476,70.374,21.558
2018-10-20 19:00:00,45.816,43.947,46.83,22.763,58.337,265.649,86.839,227.408,71.014,22.872
2018-10-20 20:00:00,42.274,39.834,46.193,21.594,52.421,253.564,85.516,204.885,66.834,23.142
2018-10-20 21:00:00,36.547,34.57,38.618,19.932,43.968,205.181,68.61,165.126,53.836,19.975
2018-10-20 22:00:00,33.151,31.422,31.553,19.141,36.283,165.079,56.325,137.385,42.034,15.943
2018-10-20 23:00:00,30.34,26.014,26.543,15.955,33.458,148.508,49.642,121.318,37.191,14.04
2018-10-21 00:00:00,27.769,25.351,23.631,15.444,31.552,139.491,46.831,112.548,32.128,13.574
2018-10-21 01:00:00,26.332,25.224,21.899,16.009,29.43,137.981,44.455,110.065,31.804,13.037
2018-10-21 02:00:00,25.584,26.904,22.474,16.409,29.494,138.954,45.276,114.085,31.77,12.534
2018-10-21 03:00:00,26.451,28.778,22.635,16.309,30.173,142.29,48.099,117.787,32.776,12.521
2018-10-21 04:00:00,29.193,31.169,24.304,17.789,34.42,158.071,50.251,127.99,35.221,13.185
2018-10-21 05:00:00,32.658,34.673,30.849,18.77,37.736,180.172,58.192,139.398,39.961,15.263
2018-10-21 06:00:00,35.251,36.572,33.98,20.984,40.435,183.669,66.155,150.485,45.11,16.027
2018-10-21 07:00:00,40.727,40.09,42.646,21.507,43.557,218.017,73.79,170.648,49.731,18.814
2018-10-21 08:00:00,45.525,46.143,49.234,22.552,50.999,236.632,78.458,189.729,59.893,23.161
2018-10-21 09:00:00,50.114,44.677,45.429,26.003,55.599,239.558,76.641,190.423,61.386,24.005
2018-10-21 10:00:00,49.009,44.154,42.717,23.039,51.236,244.695,81.58,187.498,59.591,23.723
2018-10-21 11:00:00,48.497,42.036,45.128,24.411,50.53,251.826,82.345,187.908,63.879,23.765
2018-10-21 12:00:00,47.5,39.625,43.304,23.672,53.228,237.43,82.585,190.562,64.779,22.809
2018-10-21 13:00:00,45.848,40.256,41.457,24.392,52.082,236.988,84.95,192.003,60.028,26.756
2018-10-21 14:00:00,46.811,42.85,41.855,21.876,52.566,244.084,78.034,185.459,60.994,23.016
2018-10-21 15:00:00,48.779,42.813,40.47,23.712,54.505,253.704,83.918,191.009,68.688,22.34
2018-10-21 16:00:00,50.278,47.006,44.662,26.344,56.203,261.079,86.055,218.24,71.22,24.801
2018-10-21 17:00:00,50.656,50.765,50.987,27.038,61.331,284.181,90.947,240.963,74.892,26.273
2018-10-21 18:00:00,49.049,46.794,49.629,27.121,63.304,290.015,93.17,232.081,78.819,26.537
2018-10-21 19:00:00,49.156,45.626,50.528,28.448,60.464,286.822,91.157,230.171,72.583,27.582
2018-10-21 20:00:00,47.408,42.627,48.69,24.897,58.39,266.562,84.556,218.736,65.258,26.036
2018-10-21 21:00:00,40.287,37.264,40.929,22.634,51.053,233.647,78.048,183.34,56.45,22.458
2018-10-21 22:00:00,37.233,32.778,33.023,19.88,44.016,198.873,64.975,152.813,48.57,19.382
2018-10-21 23:00:00,35.657,28.766,30.022,18.536,41.051,178.507,57.497,139.914,43.694,16.198
2018-10-22 00:00:00,33.745,27.584,30.402,17.691,36.059,173.158,54.461,135.956,40.569,16.244
2018-10-22 01:00:00,32.585,26.661,30.383,16.753,36.612,171.442,52.126,133.856,39.23,16.814
2018-10-22 02:00:00,32.13,30.854,28.606,17.208,36.183,174.925,53.132,136.944,39.248,15.685
2018-10-22 03:00:00,32.469,31.601,29.946,19.524,37.768,184.1,57.587,144.525,43.759,18.074
2018-10-22 04:00:00,35.657,34.447,32.844,19.567,42.051,210.987,63.75,163.679,47.964,18.406
2018-10-22 05:00:00,44.595,39.637,41.907,22.183,50.377,248.284,76.034,191.083,57.388,24.171
2018-10-22 06:00:00,48.152,42.702,45.985,24.655,55.698,274.458,86.54,215.193,63.966,27.04
2018-10-22 07:00:00,53.858,41.776,48.658,23.236,57.07,283.896,90.054,222.176,67.612,25.885
2018-10-22 08:00:00,51.962,42.657,45.242,22.625,54.451,289.631,88.332,224.59,70.801,24.644
2018-10-22 09:00:00,52.289,44.996,47.758,23.064,52.371,273.309,90.889,220.291,71.75,24.401
2018-10-22 10:00:00,50.561,43.244,45.061,24.177,53.277,263.676,84.029,219.17,66.247,24.465
2018-10-22 11:00:00,52.863,40.385,43.622,21.59,49.296,257.975,82.324,216.87,65.649,22.579
2018-10-22 12:00:00,46.928,38.303,40.617,20.351,47.833,241.701,77.913,202.941,64.548,20.959
2018-10-22 13:00:00,43.725,38.534,39.36,20.838,46.075,239.708,75.437,194.096,59.421,19.801
2018-10-22 14:00:00,42.413,35.715,39.176,21.264,45.664,237.587,76.289,192.032,58.451,21.611
2018-10-22 15:00:00,45.599,36.125,39.477,19.566,49.189,242.567,82.354,193.113,58.612,20.663
2018-10-22 16:00:00,45.7,41.485,41.759,21.099,54.591,259.094,85.859,198.309,66.24,23.753
2018-10-22 17:00:00,50.899,47.994,49.238,24.453,59.061,277.675,87.198,227.866,71.622,27.828
2018-10-22 18:00:00,50.346,46.208,50.382,27.867,62.772,277.503,91.917,231.291,75.692,27.12
2018-10-22 19:00:00,50.076,51.543,50.139,28.289,57.421,283.717,90.781,231.988,76.38,25.994
2018-10-22 20:00:00,47.446,46.157,45.719,24.768,54.164,262.782,87.297,221.791,67.992,25.707
2018-10-22 21:00:00,41.472,36.464,36.792,22.133,43.925,216.507,78.594,179.691,59.343,19.515
2018-10-22 22:00:00,35.059,31.883,30.8,19.708,36.314,183.651,59.486,151.064,45.503,15.855
2018-10-22 23:00:00,33.109,28.924,26.979,18.552,34.54,160.716,51.453,126.623,38.6,15.443
2018-10-23 00:00:00,30.68,28.135,24.792,16.905,32.041,148.566,47.854,118.587,35.925,15.877
2018-10-23 01:00:00,29.67,26.177,23.582,16.566,31.055,152.097,47.303,118.395,35.336,14.755
2018-10-23 02:00:00,29.494,28.868,24.519,16.592,30.716,150.166,48.091,120.791,35.399,14.345
2018-10-23 03:00:00,31.88,30.816,25.056,16.338,32.509,158.739,52.205,128.733,38.795,13.854
2018-10-23 04:00:00,35.229,34.707,28.009,18.286,37.868,178.96,58.456,144.593,44.512,16.87
2018-10-23 05:00:00,39.555,38.864,38.262,21.205,46.361,216.945,68.88,171.804,51.921,21.055
2018-10-23 06:00:00,43.149,40.65,43.2,23.155,50.762,246.811,77.599,191.695,61.364,22.859
2018-10-23 07:00:00,47.025,44.347,45.006,23.542,53.164,261.875,79.482,198.257,65.535,23.713
2018-10-23 08:00:00,48.64,44.399,47.51,22.539,52.793,273.978,84.631,206.886,70.084,25.134
2018-10-23 09:00:00,51.426,44.751,45.096,23.899,50.345,269.638,86.625,209.864,68.863,23.277
2018-10-23 10:00:00,48.633,43.74,44.608,21.864,49.448,259.98,88.039,218.881,69.144,22.556
2018-10-23 11:00:00,49.116,41.072,43.258,20.822,48.64,254.996,82.781,214.773,65.137,23.206
2018-10-23 12:00:00,51.286,40.646,39.147,19.459,50.185,257.361,80.525,210.587,58.112,23.074
2018-10-23 13:00:00,46.753,44.5,38.696,21.258,52.896,247.561,76.048,197.581,57.022,20.878
2018-10-23 14:00:00,49.073,40.619,37.806,20.517,50.488,240.601,83.093,189.746,60.883,20.602
2018-10-23 15:00:00,47.118,41.453,40.359,22.713,51.553,244.155,78.088,197.308,68.274,22.808
2018-10-23 16:00:00,48.878,46.291,42.571,25.333,54.254,267.332,83.214,207.817,72.142,22.725
2018-10-23 17:00:00,54.589,46.929,46.647,26.317,62.364,283.691,96.631,229.76,75.621,24.986
2018-10-23 18:00:00,55.284,46.412,47.068,27.635,68.058,290.984,100.459,242.458,76.451,25.411
2018-10-23 19:00:00,50.235,48.561,54.833,27.229,62.685,283.874,97.73,238.16,76.203,25.204
2018-10-23 20:00:00,46.292,46.635,50.192,24.533,57.579,267.499,89.759,220.336,71.814,25.8
2018-10-23 21:00:00,41.377,36.833,37.6,21.689,47.295,225.039,75.46,183.102,55.965,21.75
2018-10-23 22:00:00,35.541,31.253,32.084,18.918,38.84,184.02,59.976,154.412,46.846,17.719
2018-10-23 23:00:00,31.937,30.335,26.365,17.878,33.363,164.173,53.248,136.981,43.104,14.997
2018-10-24 00:00:00,29.38,28.808,24.064,16.793,31.335,156.517,50.376,130.615,39.467,13.71
2018-10-24 01:00:00,29.175,26.917,23.764,16.719,30.681,153.248,49.409,127.254,38.23,13.89
2018-10-24 02:00:00,29.336,28.705,23.758,16.336,30.329,155.334,50.568,128.044,37.064,13.555
2018-10-24 03:00:00,29.979,31.383,24.61,16.608,31.35,162.705,54.333,135.674,40.941,14.805
2018-10-24 04:00:00,33.323,32.596,28.289,18.784,35.853,185.079,59.318,150.017,45.108,17.399
2018-10-24 05:00:00,39.858,37.002,38.63,20.795,43.129,212.698,67.607,179.36,54.699,20.061
2018-10-24 06:00:00,41.585,38.06,43.511,22.941,50.473,235.913,75.028,201.507,57.671,25.262
2018-10-24 07:00:00,46.604,40.787,46.085,23.096,52.949,252.73,83.12,209.227,65.025,23.357
2018-10-24 08:00:00,51.176,43.136,45.299,25.898,55.48,269.98,84.556,224.321,72.098,26.053
2018-10-24 09:00:00,50.233,43.46,44.486,28.192,56.512,275.427,83.555,232.636,71.958,29.332
2018-10-24 10:00:00,51.738,45.741,44.167,26.575,56.342,271.108,85.424,232.651,70.273,25.981
2018-10-24 11:00:00,51.81,42.711,45.594,23.613,53.585,264.977,84.499,230.768,66.031,24.236
2018-10-24 12:00:00,50.166,40.925,46.923,22.102,49.71,258.68,81.074,219.091,67.185,22.861
2018-10-24 13:00:00,45.71,40.083,47.759,21.137,50.025,243.721,80.804,208.218,62.989,25.44
2018-10-24 14:00:00,44.328,38.608,43.633,21.412,47.616,243.657,81.089,207.557,64.992,26.224
2018-10-24 15:00:00,44.206,42.298,44.028,21.903,53.164,256.788,80.875,208.718,64.827,23.309
2018-10-24 16:00:00,48.153,44.24,43.514,23.182,60.641,265.19,84.076,217.182,70.586,28.396
2018-10-24 17:00:00,49.314,47.133,46.023,24.68,60.552,292.122,92.286,233.794,73.308,25.245
2018-10-24 18:00:00,52.809,50.305,49.627,25.532,60.816,296.346,95.939,235.208,76.668,26.662
2018-10-24 19:00:00,51.101,51.154,51.367,26.117,61.511,298.274,93.837,239.857,74.623,29.086
2018-10-24 20:00:00,47.821,45.756,47.113,26.712,56.92,273.959,88.895,226.804,68.584,26.025
2018-10-24 21:00:00,41.127,37.923,42.026,22.528,49.189,229.051,75.197,193.503,57.129,22.425
2018-10-24 22:00:00,35.74,32.901,34.623,18.544,41.544,195.749,63.588,154.717,47.618,18.794
2018-10-24 23:00:00,32.739,27.788,30.068,17.445,38.062,174.052,54.188,142.979,41.207,19.132
2018-10-25 00:00:00,31.048,27.668,26.036,16.465,36.067,162.702,52.419,132.763,39.299,15.693
2018-10-25 01:00:00,30.594,28.049,25.418,16.109,34.283,160.331,51.764,132.529,38.087,15.218
2018-10-25 02:00:00,30.347,31.248,26.715,16.932,32.496,165.141,50.73,135.941,39.293,14.615
2018-10-25 03:00:00,31.143,35.948,27.621,16.893,33.595,174.342,54.962,141.233,41.769,14.69
2018-10-25 04:00:00,35.095,37.497,29.909,19.379,36.361,194.883,59.187,155.27,47.579,16.203
2018-10-25 05:00:00,42.332,44.552,39.188,21.726,45.412,226.343,68.699,183.505,58.404,21.475
2018-10-25 06:00:00,46.649,44.806,44.109,23.442,51.556,248.655,80.539,204.155,62.809,24.559
2018-10-25 07:00:00,50.82,43.223,43.571,24.876,54.389,263.569,86.253,212.17,67.43,25.572
2018-10-25 08:00:00,52.068,46.373,45.585,25.283,54.03,276.066,91.486,218.408,68.633,26.618
2018-10-25 09:00:00,54.848,42.42,44.795,25.785,54.344,274.291,92.605,224.845,67.198,29.233
2018-10-25 10:00:00,56.013,42.004,44.924,28.032,55.286,269.666,88.797,223.018,71.725,25.906
2018-10-25 11:00:00,53.668,41.023,45.997,28.689,55.033,267.121,87.261,224.36,68.905,26.168
2018-10-25 12:00:00,51.356,38.364,42.967,23.004,49.911,262.192,83.708,211.988,66.547,24.409
2018-10-25 13:00:00,49.283,38.255,39.402,23.079,49.205,250.143,80.529,203.701,65.395,25.121
2018-10-25 14:00:00,49.28,40.302,39.167,23.675,51.516,254.927,81.212,206.024,64.477,25.283
2018-10-25 15:00:00,48.793,42.356,43.372,22.862,53.863,270.32,83.486,220.912,67.444,25.412
2018-10-25 16:00:00,49.049,43.765,44.777,24.308,61.161,282.649,91.759,232.776,76.477,28.261
2018-10-25 17:00:00,53.15,47.765,47.532,29.517,68.221,297.881,94.517,251.512,79.147,30.467
2018-10-25 18:00:00,54.284,46.489,50.703,30.522,64.504,304.879,93.339,257.141,82.587,29.743
2018-10-25 19:00:00,55.869,46.083,53.336,31.301,63.648,308.211,96.195,251.688,80.492,29.343
2018-10-25 20:00:00,52.173,49.578,52.404,27.814,59.828,286.559,92.386,239.204,76.208,28.738
2018-10-25 21:00:00,46.082,41.022,42.477,23.242,49.335,246.614,80.454,214.367,62.565,22.1
2018-10-25 22:00:00,39.362,33.955,33.36,20.58,43.058,206.394,66.69,173.391,51.341,20.179
2018-10-25 23:00:00,35.427,31.521,30.834,19.202,38.413,189.073,61.478,154.377,44.953,18.938
2018-10-26 00:00:00,35.726,29.23,28.941,18.338,36.484,177.707,58.408,146.921,42.574,16.415
2018-10-26 01:00:00,34.395,29.069,28.281,18.008,34.489,175.049,57.211,140.014,42.092,16.542
2018-10-26 02:00:00,34.052,32.206,29.213,18.045,34.788,180.036,56.48,142.089,42.224,15.309
2018-10-26 03:00:00,36.386,33.782,30.113,18.568,37.891,189.842,59.746,154.172,44.961,16.039
2018-10-26 04:00:00,38.164,37.561,33.68,21.604,42.987,206.599,63.977,171.867,53.23,18.13
2018-10-26 05:00:00,42.751,44.665,44.026,24.212,47.978,239.773,77.545,191.874,60.622,23.548
2018-10-26 06:00:00,48.62,45.07,48.629,24.535,54.522,274.069,88.923,211.05,69.672,25.898
2018-10-26 07:00:00,53.734,43.269,49.662,25.382,55.845,284.518,89.858,223.333,70.64,27.31
2018-10-26 08:00:00,51.943,43.91,49.521,26.574,57.441,287.739,90.101,227.73,72.761,27.501
2018-10-26 09:00:00,51.28,41.054,52.509,25.916,54.251,286.289,90.341,224.056,67.795,25.668
2018-10-26 10:00:00,49.939,42.423,46.393,26.146,55.933,274.121,84.625,222.523,67.598,24.733
2018-10-26 11:00:00,49.552,41.867,46.699,26.771,54.543,270.207,83.92,214.586,64.783,24.549
2018-10-26 12:00:00,46.458,37.922,39.367,21.837,49.43,254.015,79.38,205.019,61.529,22.034
2018-10-26 13:00:00,45.125,34.618,38.931,21.25,50.132,252.372,75.409,195.88,59.282,20.395
2018-10-26 14:00:00,45.237,36.303,37.17,20.387,47.885,244.558,73.945,192.637,57.242,21.935
2018-10-26 15:00:00,44.601,41.36,38.452,21.478,47.744,251.166,79.802,203.175,61.499,23.296
2018-10-26 16:00:00,46.191,44.877,42.81,21.627,51.569,260.107,83.174,213.085,70.816,26.872
2018-10-26 17:00:00,49.895,46.501,46.302,25.922,61.073,280.514,94.103,228.989,78.507,28.06
2018-10-26 18:00:00,55.677,50.656,49.169,26.544,63.283,291.033,89.711,241.01,79.596,28.184
2018-10-26 19:00:00,53.203,52.284,53.878,28.835,64.823,293.799,91.475,243.087,78.783,26.681
2018-10-26 20:00:00,51.112,47.774,52.778,27.295,62.904,267.441,87.906,225.155,67.516,25.233
2018-10-26 21:00:00,43.87,42.328,41.817,25.01,51.901,230.731,74.231,182.876,56.592,20.042
2018-10-26 22:00:00,37.519,34.938,35.382,22.205,43.235,190.919,61.75,155.264,47.615,17.756
2018-10-26 23:00:00,33.702,30.873,28.989,21.361,37.97,167.871,53.295,138.987,42.574,17.39
2018-10-27 00:00:00,32.288,28.719,26.501,18.523,35.366,159.695,52.243,129.291,39.494,15.89
2018-10-27 01:00:00,31.058,28.069,26.757,18.325,34.606,158.17,51.078,126.925,38.086,15.697
2018-10-27 02:00:00,31.869,32.628,26.451,18.697,34.059,162.231,51.095,128.701,37.831,15.307
2018-10-27 03:00:00,32.387,33.655,27.371,18.559,36.423,168.094,53.045,131.715,39.379,15.932
2018-10-27 04:00:00,34.984,35.716,29.279,20.421,37.255,178.374,56.634,139.525,42.583,16.48
2018-10-27 05:00:00,38.68,38.031,35.979,23.411,41.332,199.634,61.97,149.606,45.756,19.1
2018-10-27 06:00:00,41.877,39.951,38.635,24.006,42.93,216.341,69.936,164.413,50.995,23.464
2018-10-27 07:00:00,47.126,45.142,43.432,25.648,48.354,241.369,74.638,185.923,57.677,24.501
2018-10-27 08:00:00,49.287,51.674,50.061,26.485,53.797,250.623,80.422,199.656,65.671,23.621
2018-10-27 09:00:00,56.376,51.224,51.752,25.083,55.047,261.52,84.843,202.094,70.001,23.644
2018-10-27 10:00:00,54.643,51.36,54.123,22.481,51.073,264.314,88.368,217.575,72.23,26.239
2018-10-27 11:00:00,61.053,54.101,49.145,22.123,52.703,262.04,95.836,212.058,73.533,27.762
2018-10-27 12:00:00,58.029,51.75,47.901,22.334,51.937,268.914,86.979,210.839,69.415,27.825
2018-10-27 13:00:00,55.381,49.356,44.559,20.499,51.365,264.656,85.747,207.178,63.705,27.536
2018-10-27 14:00:00,61.72,51.989,45.769,20.002,54.226,265.506,91.612,207.072,67.224,26.424
2018-10-27 15:00:00,55.948,50.371,47.007,22.561,54.82,260.134,89.384,217.817,69.678,26.214
2018-10-27 16:00:00,53.736,51.363,49.052,23.55,56.87,282.29,91.853,223.607,76.422,27.881
2018-10-27 17:00:00,53.522,55.724,51.734,25.151,59.381,303.827,102.266,254.15,83.67,28.597
2018-10-27 18:00:00,53.605,55.787,52.643,27.706,62.524,305.916,105.041,256.219,80.793,26.854
2018-10-27 19:00:00,52.198,55.592,52.503,30.176,61.537,308.035,99.511,253.494,81.886,27.787
2018-10-27 20:00:00,50.274,49.672,48.393,25.513,62.066,291.166,95.982,231.252,79.24,27.372
2018-10-27 21:00:00,47.545,43.578,39.42,21.344,54.318,242.516,81.768,196.82,67.983,20.734
2018-10-27 22:00:00,41.511,35.472,34.181,21.317,40.929,201.209,63.587,163.776,53.631,18.557
2018-10-27 23:00:00,37.41,30.99,28.841,20.677,35.013,184.398,55.501,145.069,44.266,16.731
2018-10-28 00:00:00,34.987,27.944,28.16,16.414,32.441,172.551,53.133,135.248,40.867,15.225
2018-10-28 01:00:00,32.601,27.025,25.662,15.436,32.18,166.753,50.576,131.235,39.717,15.087
2018-10-28 02:00:00,32.8,30.345,26.354,16.02,32.12,168.982,51.402,130.282,39.635,14.341
2018-10-28 03:00:00,33.153,31.032,26.312,16.086,32.98,170.885,52.496,132.253,39.772,14.511
2018-10-28 04:00:00,35.132,32.284,28.513,17.075,35.97,179.067,54.727,142.232,41.627,15.777
2018-10-28 05:00:00,39.303,33.469,36.79,18.659,41.377,194.753,62.931,156.801,46.512,18.724
2018-10-28 06:00:00,42.668,37.145,39.67,20.379,43.81,206.45,70.284,175.132,51.577,22.706
2018-10-28 07:00:00,43.935,38.396,44.106,23.309,49.23,223.361,73.002,183.607,56.85,22.735
2018-10-28 08:00:00,46.551,42.914,47.396,23.175,51.267,240.899,71.652,191.178,58.262,22.783
2018-10-28 09:00:00,46.275,44.988,47.717,22.382,54.481,239.71,76.243,194.862,62.577,23.601
2018-10-28 10:00:00,49.093,47.92,49.478,23.509,49.186,250.96,78.001,194.752,64.18,23.651
2018-10-28 11:00:00,47.048,57.607,52.106,21.009,51.887,246.425,77.721,198.488,65.887,25.842
2018-10-28 12:00:00,45.161,55.075,44.042,19.608,47.94,236.81,74.653,193.514,61.571,22.239
2018-10-28 13:00:00,44.445,55.427,40.089,19.665,44.75,227.147,74.803,184.918,56.584,21.044
2018-10-28 14:00:00,47.451,52.232,39.107,19.445,49.588,227.794,82.335,184.164,58.514,19.632
2018-10-28 15:00:00,44.769,44.712,41.634,18.961,48.415,238.845,83.101,187.933,60.958,22.168
2018-10-28 16:00:00,46.902,44.736,44.379,19.963,54.939,252.11,81.872,201.062,67.359,22.294
2018-10-28 17:00:00,49.547,46.204,49.057,23.225,56.181,268.889,86.929,215.753,71.507,25.546
2018-10-28 18:00:00,48.978,48.381,51.899,23.118,58.801,278.885,92.211,221.415,68.693,25.75
2018-10-28 19:00:00,48.273,43.887,53.548,23.288,56.01,269.798,94.46,224.791,70.688,24.26
2018-10-28 20:00:00,42.744,40.546,47.12,23.602,51.986,256.977,83.858,207.101,67.476,24.968
2018-10-28 21:00:00,39.011,35.952,35.58,21.072,45.776,210.935,67.576,171.803,58.335,20.687
2018-10-28 22:00:00,33.369,31.489,30.704,18.149,40.313,178.413,57.805,144.184,48.037,16.857
2018-10-28 23:00:00,29.904,27.537,27.405,16.935,36.686,161.885,52.087,129.989,41.42,15.635
2018-10-29 00:00:00,29.56,25.629,25.449,15.432,33.293,154.299,53.689,121.879,38.52,14.464
2018-10-29 01:00:00,27.383,25.83,25.087,15.383,30.394,152.531,49.814,119.96,36.548,14.215
2018-10-29 02:00:00,27.408,28.406,24.878,15.67,30.695,153.828,48.258,119.312,36.103,14.073
2018-10-29 03:00:00,29.8,29.794,26.855,16.431,31.801,158.691,51.601,124.621,37.723,14.665
2018-10-29 04:00:00,35.179,31.396,30.147,18.645,34.434,175.754,58.306,142.64,43.934,15.853
2018-10-29 05:00:00,39.362,36.289,38.206,20.023,43.69,213.687,71.788,171.881,53.127,19.419
2018-10-29 06:00:00,43.831,41.212,43.284,21.522,51.849,245.001,75.66,191.455,60.487,20.952
2018-10-29 07:00:00,47.357,42.677,44.073,24.23,54.071,255.245,77.719,200.913,62.649,20.829
2018-10-29 08:00:00,49.928,42.996,48.255,23.744,53.364,273.035,83.051,224.874,65.679,24.677
2018-10-29 09:00:00,51.975,47.701,50.833,25.352,57.308,267.687,89.384,223.068,68.344,26.018
2018-10-29 10:00:00,51.345,46.196,47.953,25.588,54.727,266.009,91.324,224.142,69.278,24.289
2018-10-29 11:00:00,51.159,45.861,49.348,23.972,51.317,267.744,87.829,216.572,67.154,24.652
2018-10-29 12:00:00,51.695,42.306,41.9,21.644,48.036,255.986,80.96,203.382,61.801,22.958
2018-10-29 13:00:00,49.684,39.193,40.822,21.634,47.428,250.737,81.294,208.166,62.338,22.725
2018-10-29 14:00:00,45.403,41.428,41.362,20.699,49.61,252.905,80.206,197.68,62.357,22.731
2018-10-29 15:00:00,43.575,42.41,42.151,24.276,51.135,249.717,80.094,206.558,62.141,24.391
2018-10-29 16:00:00,45.571,44.111,44.153,23.456,56.13,263.674,91.018,217.824,74.281,24.919
2018-10-29 17:00:00,47.785,45.022,46.669,23.822,58.821,281.201,95.258,229.106,74.629,26.037
2018-10-29 18:00:00,49.515,46.688,48.842,24.803,59.516,280.502,98.765,234.158,78.014,25.723
2018-10-29 19:00:00,47.869,48.852,50.283,23.679,59.738,281.367,93.77,238.518,73.988,26.168
2018-10-29 20:00:00,48.202,44.2,48.972,21.918,55.712,258.123,91.511,217.025,69.783,23.706
2018-10-29 21:00:00,42.766,38.25,43.95,20.65,48.107,222.333,77.379,181.931,59.31,21.692
2018-10-29 22:00:00,36.431,33.648,32.105,17.65,40.979,188.837,61.89,155.323,43.968,17.996
2018-10-29 23:00:00,31.68,30.926,26.095,15.966,35.244,166.905,55.476,137.763,39.979,15.09
2018-10-30 00:00:00,29.123,26.33,24.191,14.989,32.059,159.604,53.022,128.182,37.859,14.486
2018-10-30 01:00:00,29.107,25.892,23.922,15.089,30.941,158.218,50.652,124.712,36.631,14.381
2018-10-30 02:00:00,29.103,28.215,24.874,15.626,30.54,159.869,50.309,128.233,38.083,14.019
2018-10-30 03:00:00,32.523,30.927,29.084,16.605,33.001,164.341,54.148,134.799,40.241,15.001
2018-10-30 04:00:00,35.625,31.878,29.954,18.018,37.818,179.899,59.916,154.593,46.77,16.759
2018-10-30 05:00:00,42.657,36.514,41.406,20.894,45.503,217.049,69.365,176.866,56.563,21.699
2018-10-30 06:00:00,45.135,40.366,44.982,22.759,53.103,249.681,82.903,197.971,63.891,24.053
2018-10-30 07:00:00,49.254,42.136,43.494,25.111,56.317,265.002,84.641,207.385,67.046,24.099
2018-10-30 08:00:00,53.854,46.499,44.829,25.197,56.356,266.56,87.786,217.277,67.913,25.59
2018-10-30 09:00:00,54.419,41.967,45.597,29.269,57.21,273.892,91.569,215.464,67.075,27.154
2018-10-30 10:00:00,53.891,42.583,45.433,28.517,53.378,270.77,90.288,219.232,66.378,27.701
2018-10-30 11:00:00,53.446,39.224,43.943,24.204,51.745,276.989,88.925,220.118,64.078,30.172
2018-10-30 12:00:00,54.808,38.446,41.545,23.834,52.247,264.649,84.274,210.044,62.712,26.429
2018-10-30 13:00:00,49.334,41.369,42.177,22.965,50.864,260.079,80.939,205.906,61.391,22.93
2018-10-30 14:00:00,47.13,42.276,45.679,23.182,52.503,256.406,80.876,213.835,64.215,23.283
2018-10-30 15:00:00,52.308,42.481,40.238,22.717,55.812,263.574,80.931,218.345,67.082,22.87
2018-10-30 16:00:00,50.476,45.497,44.213,25.528,57.067,288.188,86.344,225.883,71.47,25.334
2018-10-30 17:00:00,51.992,47.219,55.418,25.632,61.145,299.866,89.343,239.794,76.29,30.065
2018-10-30 18:00:00,53.13,50.004,53.471,25.958,63.542,300.89,94.603,239.852,76.326,28.849
2018-10-30 19:00:00,50.61,51.224,52.347,27.645,60.171,300.595,93.794,239.443,76.543,28.406
2018-10-30 20:00:00,49.226,46.525,49.287,24.786,57.662,285.529,88.259,232.291,70.417,26.749
2018-10-30 21:00:00,45.546,42.591,39.93,22.047,53.662,245.44,74.872,197.563,58.824,23.463
2018-10-30 22:00:00,39.53,34.931,34.75,19.43,47.142,203.143,67.62,165.708,56.203,20.178
2018-10-30 23:00:00,34.983,33.722,31.196,19.485,43.051,186.566,59.635,149.756,43.495,18.662
2018-10-31 00:00:00,33.979,31.957,29.61,16.579,41.028,179.676,58.831,141.154,41.181,17.567
2018-10-31 01:00:00,33.651,32.018,29.281,16.139,36.282,178.356,56.199,139.397,41.541,17.443
2018-10-31 02:00:00,33.595,35.028,30.66,16.147,36.072,184.878,58.101,143.224,42.846,16.532
2018-10-31 03:00:00,35.355,37.9,31.662,16.285,38.537,192.304,61.53,151.391,45.847,18.657
2018-10-31 04:00:00,37.578,41.575,35.346,18.21,43.314,212.31,69.247,170.302,51.273,21.222
2018-10-31 05:00:00,45.41,45.447,45.339,22.641,50.693,256.286,80.765,201.446,61.53,25.163
2018-10-31 06:00:00,51.881,48.42,51.12,24.867,60.061,286.519,87.437,225.528,68.277,27.835
2018-10-31 07:00:00,54.427,47.974,48.05,23.452,64.711,290.082,91.841,227.717,72.62,28.338
2018-10-31 08:00:00,51.499,49.272,48.441,23.987,64.722,292.288,94.628,231.296,70.877,29.321
2018-10-31 09:00:00,55.345,46.256,48.627,26.292,58.283,290.606,90.283,219.575,69.094,28.657
2018-10-31 10:00:00,53.156,46.635,47.208,23.939,61.698,279.046,89.457,221.731,67.03,27.634
2018-10-31 11:00:00,52.063,44.527,44.856,22.335,56.701,274.38,90.368,218.569,64.259,27.194
2018-10-31 12:00:00,52.36,43.648,44.163,21.639,52.736,262.612,90.102,213.035,63.037,24.157
2018-10-31 13:00:00,48.294,42.433,37.925,22.355,51.886,249.226,86.1,201.927,62.605,23.706
2018-10-31 14:00:00,45.472,42.334,38.336,22.074,54.057,244.178,79.54,202.607,62.167,23.732
2018-10-31 15:00:00,44.592,46.86,39.432,22.063,56.025,251.97,81.149,210.365,64.804,24.737
2018-10-31 16:00:00,46.215,48.144,44.564,23.912,53.87,259.801,86.299,217.597,71.538,27.852
2018-10-31 17:00:00,50.217,45.867,47.959,24.75,59.785,283.822,94.734,229.415,74.624,26.852
2018-10-31 18:00:00,49.292,48.766,45.924,27.152,59.837,292.392,96.591,234.379,75.941,27.393
2018-10-31 19:00:00,50.997,50.776,46.565,27.425,59.441,287.004,90.593,234.434,76.636,28.683
2018-10-31 20:00:00,46.051,46.778,44.675,25.694,56.682,252.784,85.303,220.181,71.745,25.8
2018-10-31 21:00:00,39.825,39.404,37.85,20.915,46.924,214.912,69.702,182.369,57.646,21.632
2018-10-31 22:00:00,35.254,33.243,29.289,18.286,37.885,182.246,57.099,152.458,47.689,17.246
2018-10-31 23:00:00,31.718,29.765,24.401,16.835,34.043,161.739,52.289,130.123,42.137,15.132
2018-11-01 00:00:00,30.201,29.575,23.289,15.999,30.879,152.064,48.179,120.678,36.936,13.446
2018-11-01 01:00:00,32.153,27.693,21.74,15.328,29.853,146.258,47.045,119.01,35.493,13.18
2018-11-01 02:00:00,29.645,28.837,20.585,15.499,29.493,147.48,46.862,119.656,35.4,12.539
2018-11-01 03:00:00,29.792,31.239,21.447,15.576,29.232,152.615,51.332,127.404,38.836,13.044
2018-11-01 04:00:00,32.67,33.612,23.586,17.312,33.603,168.749,56.022,138.141,43.388,15.268
2018-11-01 05:00:00,39.001,39.608,33.828,19.416,45.301,212.301,67.126,166.922,50.342,18.565
2018-11-01 06:00:00,45.616,41.268,39.554,20.872,51.459,240.479,73.549,188.298,64.119,20.158
2018-11-01 07:00:00,48.857,45.298,42.748,21.791,55.895,257.515,77.644,199.521,66.592,22.858
2018-11-01 08:00:00,52.635,49.195,46.802,23.213,56.171,269.187,84.31,213.149,71.436,24.03
2018-11-01 09:00:00,53.195,47.907,50.859,25.554,55.5,277.806,89.943,215.235,65.495,24.08
2018-11-01 10:00:00,52.675,47.158,43.233,23.329,54.38,275.029,89.382,220.636,68.64,22.854
2018-11-01 11:00:00,50.591,46.772,43.122,21.298,49.452,266.774,91.993,212.112,66.598,23.934
2018-11-01 12:00:00,47.596,42.672,42.764,21.859,46.432,260.473,84.161,207.46,60.685,23.357
2018-11-01 13:00:00,44.364,39.781,39.955,18.814,46.567,255.143,78.507,202.241,59.874,20.671
2018-11-01 14:00:00,43.975,38.811,39.967,18.47,48.149,256.713,81.928,204.543,59.127,20.848
2018-11-01 15:00:00,46.424,42.621,43.745,19.04,52.528,264.054,87.826,215.336,64.319,23.631
2018-11-01 16:00:00,48.101,45.834,46.406,21.602,59.499,283.1,95.691,231.72,69.983,27.366
2018-11-01 17:00:00,48.218,47.277,46.29,24.222,61.208,297.766,101.963,241.663,78.336,26.562
2018-11-01 18:00:00,49.174,49.197,46.24,24.684,60.541,291.589,94.648,241.635,74.817,24.749
2018-11-01 19:00:00,47.048,47.587,44.772,23.613,57.102,276.491,86.241,223.634,68.446,24.393
2018-11-01 20:00:00,43.741,43.09,43.026,19.754,53.854,253.882,80.71,202.537,62.981,23.195
2018-11-01 21:00:00,39.238,38.319,39.538,21.707,44.641,228.873,69.743,177.006,54.48,17.919
2018-11-01 22:00:00,33.447,30.655,33.035,18.195,40.114,188.968,59.349,145.97,42.713,15.469
2018-11-01 23:00:00,29.764,27.759,25.768,16.328,35.954,170.071,52.103,127.392,38.736,14.584
2018-11-02 00:00:00,27.604,25.255,23.449,14.523,31.082,152.729,47.556,115.605,34.648,13.934
2018-11-02 01:00:00,26.919,24.321,22.518,13.249,29.76,145.651,44.813,113.199,32.927,13.249
2018-11-02 02:00:00,27.404,25.272,21.612,13.255,28.45,145.785,44.483,114.009,33.393,12.281
2018-11-02 03:00:00,28.348,27.221,22.7,14.806,29.826,148.255,46.497,116.692,36.583,13.534
2018-11-02 04:00:00,30.776,28.494,24.877,15.426,35.306,163.888,52.998,127.897,41.165,14.932
2018-11-02 05:00:00,36.176,34.4,34.455,20.018,43.311,200.526,65.743,160.59,49.997,19.224
2018-11-02 06:00:00,41.867,38.743,41.839,20.518,48.369,233.465,76.331,191.578,59.07,21.131
2018-11-02 07:00:00,45.993,40.077,45.772,22.14,49.624,251.668,80.121,203.123,63.09,22.16
2018-11-02 08:00:00,49.744,40.701,43.782,22.994,50.998,269.17,78.837,204.17,66.414,25.693
2018-11-02 09:00:00,51.664,43.564,41.125,24.303,51.584,263.009,83.046,216.184,72.868,24.368
2018-11-02 10:00:00,49.283,45.416,39.822,23.188,53.184,269.851,86.329,217.951,70.483,23.048
2018-11-02 11:00:00,48.868,44.155,39.61,21.768,51.613,265.439,83.52,211.219,66.359,25.881
2018-11-02 12:00:00,47.379,40.661,42.527,21.025,47.247,252.769,84.135,201.443,62.711,23.331
2018-11-02 13:00:00,46.57,38.561,42.963,21.519,46.924,248.6,82.214,200.561,61.162,23.079
2018-11-02 14:00:00,48.368,41.731,42.364,18.765,46.294,245.002,82.921,194.143,59.782,23.049
2018-11-02 15:00:00,46.833,43.01,41.513,20.711,50.954,250.46,87.069,208.466,64.409,22.973
2018-11-02 16:00:00,50.048,47.718,42.537,21.98,54.766,272.568,88.947,229.928,79.321,24.248
2018-11-02 17:00:00,53.148,49.232,50.696,23.837,58.555,299.348,95.318,240.937,83.313,27.586
2018-11-02 18:00:00,48.651,44.499,50.635,23.866,55.101,291.858,93.922,236.503,78.973,25.052
2018-11-02 19:00:00,46.891,45.12,45.184,24.005,52.077,274.231,85.689,220.768,74.247,23.557
2018-11-02 20:00:00,44.271,42.896,37.24,22.342,52.239,239.162,77.473,201.477,65.294,23.614
2018-11-02 21:00:00,40.265,36.372,32.65,19.464,43.899,206.252,68.754,179.558,54.807,21.248
2018-11-02 22:00:00,34.645,32.466,30.565,17.752,39.731,175.08,56.438,153.325,43.26,17.769
2018-11-02 23:00:00,28.918,27.046,27.303,14.819,33.524,154.211,50.506,129.297,37.542,14.105
2018-11-03 00:00:00,29.148,24.043,21.762,14.315,27.431,140.909,45.362,118.677,40.183,13.046
2018-11-03 01:00:00,26.821,24.165,20.64,13.402,26.383,137.272,43.792,115.412,34.262,11.374
2018-11-03 02:00:00,26.171,25.709,19.158,13.631,27.258,135.746,43.062,115.789,32.981,11.066
2018-11-03 03:00:00,26.638,24.466,19.115,13.274,27.075,138.834,43.807,117.566,34.329,11.736
2018-11-03 04:00:00,28.775,25.666,20.724,14.109,28.528,142.85,44.294,120.603,34.447,11.744
2018-11-03 05:00:00,32.97,28.036,25.632,15.269,33.399,160.857,48.652,130.28,37.559,12.868
2018-11-03 06:00:00,38.074,31.758,30.72,16.473,36.917,186.19,58.165,148.723,43.29,16.04
2018-11-03 07:00:00,40.283,36.154,36.369,18.114,40.732,211.27,65.467,172.029,52.407,18.016
2018-11-03 08:00:00,46.201,41.988,38.673,19.009,45.916,223.485,71.755,188.476,61.91,22.683
2018-11-03 09:00:00,46.686,46.531,41.464,19.823,46.244,239.85,80.346,196.538,61.445,24.605
2018-11-03 10:00:00,46.956,43.482,44.224,19.939,46.17,232.589,77.694,198.441,60.352,21.337
2018-11-03 11:00:00,48.919,44.895,48.1,20.049,45.543,227.014,80.953,201.828,63.242,21.631
2018-11-03 12:00:00,47.264,41.103,43.872,19.639,48.081,221.679,74.995,201.847,64.276,22.394
2018-11-03 13:00:00,44.352,37.609,44.125,19.078,50.222,224.64,73.97,186.883,56.473,21.775
2018-11-03 14:00:00,45.123,38.326,40.801,19.536,50.155,230.061,79.608,195.058,59.612,21.057
2018-11-03 15:00:00,50.762,44.486,41.945,20.545,51.609,251.448,80.723,204.183,67.468,25.082
2018-11-03 16:00:00,57.515,53.357,48.483,27.565,57.643,278.521,88.961,226.232,77.89,27.487
2018-11-03 17:00:00,53.334,50.981,52.005,27.4,62.674,294.805,98.53,252.099,78.207,25.758
2018-11-03 18:00:00,49.312,50.992,51.851,26.631,60.109,293.918,102.223,239.65,80.902,26.629
2018-11-03 19:00:00,51.325,48.403,51.671,26.182,61.036,275.752,93.947,225.176,76.111,25.377
2018-11-03 20:00:00,43.983,44.499,46.279,24.028,55.351,252.812,82.299,207.809,66.144,24.329
2018-11-03 21:00:00,39.614,36.925,38.641,22.165,48.263,219.291,70.938,177.515,53.765,21.226
2018-11-03 22:00:00,37.505,33.787,34.391,20.664,37.884,194.08,58.999,156.451,45.236,17.355
2018-11-03 23:00:00,32.102,28.026,27.922,17.749,33.693,173.859,52.305,140.018,40.04,15.944
2018-11-04 00:00:00,29.599,26.287,24.508,15.84,31.711,155.913,47.694,121.89,38.118,15.578
2018-11-04 01:00:00,28.825,26.154,23.901,15.872,31.106,151.341,46.297,120.094,36.623,14.637
2018-11-04 02:00:00,28.881,27.637,24.882,16.101,30.803,151.901,47.054,122.021,35.646,13.391
2018-11-04 03:00:00,29.817,29.143,25.568,16.275,31.875,157.317,51.645,125.322,35.699,13.841
2018-11-04 04:00:00,31.312,32.077,26.93,16.964,35.251,168.294,54.643,136.27,38.135,14.382
2018-11-04 05:00:00,35.189,32.653,33.235,19.352,39.128,188.096,59.913,153.262,41.935,17.277
2018-11-04 06:00:00,37.794,34.257,40.382,20.223,42.427,204.941,65.59,167.368,51.311,20.765
2018-11-04 07:00:00,41.711,38.904,43.543,21.845,49.295,223.443,74.343,181.806,58.107,22.316
2018-11-04 08:00:00,44.874,41.448,44.494,27.611,49.969,233.348,75.824,189.901,59.924,23.995
2018-11-04 09:00:00,46.682,41.256,43.409,29.134,48.554,240.512,76.374,200.718,59.475,22.887
2018-11-04 10:00:00,46.22,38.776,43.97,24.896,47.344,244.469,76.246,193.678,65.344,21.413
2018-11-04 11:00:00,44.423,41.625,42.323,24.242,48.895,238.685,75.604,189.366,63.953,23.881
2018-11-04 12:00:00,41.148,40.319,46.889,22.979,46.648,222.438,73.682,188.834,60.145,20.883
2018-11-04 13:00:00,43.346,39.104,40.788,18.584,41.48,218.89,67.451,180.793,61.452,20.613
2018-11-04 14:00:00,44.279,38.396,42.992,18.038,45.394,219.37,71.453,181.285,62.641,24.381
2018-11-04 15:00:00,43.714,43.999,41.356,19.461,53.597,229.908,75.301,197.853,66.046,29.457
2018-11-04 16:00:00,49.13,51.187,45.068,22.677,54.978,261.915,87.362,210.086,76.231,27.382
2018-11-04 17:00:00,48.161,53.098,49.863,26.594,59.808,279.085,96.06,238.186,81.406,25.948
2018-11-04 18:00:00,49.294,48.525,50.732,27.636,60.211,279.481,94.434,231.869,76.576,26.924
2018-11-04 19:00:00,46.933,46.883,48.227,26.09,57.109,264.615,90.654,224.073,71.18,25.006
2018-11-04 20:00:00,45.756,44.609,46.222,24.881,55.404,252.423,84.185,198.486,67.449,23.206
2018-11-04 21:00:00,44.315,38.907,43.108,25.241,51.71,224.371,72.137,180.717,59.707,22.502
2018-11-04 22:00:00,42.017,35.297,35.674,22.539,42.932,198.715,65.786,156.625,52.071,19.324
2018-11-04 23:00:00,38.228,31.58,31.758,21.296,38.996,176.089,58.387,143.8,43.068,18.66
2018-11-05 00:00:00,37.509,33.003,30.661,21.103,38.026,174.738,56.961,142.99,42.644,18.411
2018-11-05 01:00:00,36.157,32.583,29.659,20.073,36.604,170.325,56.014,138.623,41.246,18.409
2018-11-05 02:00:00,33.741,31.98,28.82,19.005,36.044,169.722,56.52,136.848,41.578,16.75
2018-11-05 03:00:00,34.386,35.756,28.61,19.431,35.73,172.678,57.298,137.042,41.532,15.941
2018-11-05 04:00:00,36.334,37.96,29.281,19.861,36.602,179.877,60.126,143.1,45.164,16.684
2018-11-05 05:00:00,37.374,39.214,31.983,21.553,41.493,196.726,64.304,156.219,48.805,19.069
2018-11-05 06:00:00,42.229,43.163,41.433,24.511,51.694,226.726,73.688,176.259,55.261,22.637
2018-11-05 07:00:00,48.14,47.923,46.856,27.979,54.953,249.83,84.723,205.189,66.464,24.088
2018-11-05 08:00:00,51.032,46.189,51.191,26.924,60.285,276.702,92.045,218.448,69.635,28.195
2018-11-05 09:00:00,54.1,47.722,50.404,27.172,57.207,282.023,95.026,225.509,70.791,28.931
2018-11-05 10:00:00,56.753,49.77,52.654,26.084,59.811,280.667,96.306,229.747,70.177,28.037
2018-11-05 11:00:00,54.04,48.286,54.767,27.777,56.365,284.445,96.411,233.11,68.394,26.219
2018-11-05 12:00:00,54.851,46.623,51.48,24.984,55.216,284.103,92.936,235.159,70.701,26.446
2018-11-05 13:00:00,56.351,46.476,46.503,25.582,52.848,277.996,91.601,218.089,66.166,25.065
2018-11-05 14:00:00,52.154,42.389,44.658,23.5,52.813,266.106,87.266,213.421,66.624,24.783
2018-11-05 15:00:00,51.045,44.278,46.871,23.009,53.429,273.806,83.869,211.414,68.538,24.672
2018-11-05 16:00:00,50.83,51.544,48.357,23.568,53.882,292.499,90.147,231.237,72.285,27.38
2018-11-05 17:00:00,51.947,55.268,56.402,25.74,59.669,309.027,105.334,249.841,82.724,32.063
2018-11-05 18:00:00,56.275,55.766,52.891,28.217,66.895,312.678,108.086,251.356,87.138,34.543
2018-11-05 19:00:00,56.447,52.627,53.686,30.286,65.586,303.173,103.664,245.225,83.991,32.239
2018-11-05 20:00:00,55.252,46.105,51.691,25.985,62.218,289.205,95.015,239.658,76.151,30.287
2018-11-05 21:00:00,51.042,41.197,48.041,24.179,52.603,265.035,86.928,215.336,65.069,27.728
2018-11-05 22:00:00,41.871,41.482,42.149,21.925,47.249,232.909,78.102,191.08,56.755,22.742
2018-11-05 23:00:00,38.202,33.505,36.01,18.866,42.687,200.363,64.474,164.491,49.871,18.455
2018-11-06 00:00:00,34.359,30.283,30.352,17.408,36.429,174.045,56.508,141.242,42.099,16.243
2018-11-06 01:00:00,32.521,27.967,27.213,17.217,32.173,164.121,51.687,134.22,39.304,15.093
2018-11-06 02:00:00,30.727,28.46,25.633,15.51,31.156,156.338,51.013,129.385,38.246,14.08
2018-11-06 03:00:00,30.118,31.629,24.88,15.517,31.021,155.456,50.709,127.839,37.691,13.543
2018-11-06 04:00:00,31.434,30.207,26.23,15.16,31.027,160.186,52.257,132.539,40.13,14.564
2018-11-06 05:00:00,31.905,33.418,27.296,16.924,36.431,174.192,56.449,144.328,44.631,17.441
2018-11-06 06:00:00,38.209,36.538,38.134,18.503,44.043,211.875,66.631,165.195,50.288,19.508
2018-11-06 07:00:00,43.804,40.956,46.759,20.351,46.392,236.069,78.71,195.981,55.599,21.89
2018-11-06 08:00:00,48.111,45.294,44.128,22.028,50.76,251.052,84.118,205.768,63.239,23.58
2018-11-06 09:00:00,55.949,41.586,44.982,22.27,53.817,264.557,86.218,208.889,69.016,25.341
2018-11-06 10:00:00,53.465,40.292,47.812,23.737,52.656,266.362,87.778,216.137,68.072,25.633
2018-11-06 11:00:00,52.264,42.851,50.074,22.14,59.023,265.462,89.342,215.899,64.942,27.131
2018-11-06 12:00:00,53.262,44.14,48.24,22.897,53.973,262.736,85.891,215.471,68.594,25.29
2018-11-06 13:00:00,53.111,45.284,41.647,21.193,48.293,259.379,83.647,212.953,61.616,23.588
2018-11-06 14:00:00,45.691,41.54,40.964,19.2,48.948,254.152,81.844,209.908,61.25,23.544
2018-11-06 15:00:00,45.25,40.902,41.39,20.867,50.293,250.106,82.349,206.559,63.559,21.722
2018-11-06 16:00:00,46.816,42.695,42.496,21.489,53.603,267.203,85.772,226.27,66.684,22.956
2018-11-06 17:00:00,53.511,47.208,47.87,23.148,57.694,289.992,95.581,237.842,76.065,27.254
2018-11-06 18:00:00,52.482,50.216,51.11,25.467,61.68,310.253,97.696,244.434,81.231,29.01
2018-11-06 19:00:00,52.714,46.267,49.847,26.472,62.228,305.817,99.489,236.742,79.015,25.404
2018-11-06 20:00:00,48.605,42.571,45.868,25.373,60.617,281.315,92.469,218.265,79.308,25.411
2018-11-06 21:00:00,47.609,39.32,41.706,21.785,54.127,251.576,78.585,200.8,66.974,23.318
2018-11-06 22:00:00,39.942,34.466,35.138,18.551,48.24,214.125,67.715,173.708,53.429,18.354
2018-11-06 23:00:00,34.175,30.477,29.523,16.707,37.025,183.905,56.341,148.911,43.419,15.381
2018-11-07 00:00:00,30.623,25.497,24.642,15.265,33.06,162.573,52.086,122.402,37.927,14.418
2018-11-07 01:00:00,28.115,24.338,22.908,14.254,30.184,148.188,47.874,114.108,34.742,13.25
2018-11-07 02:00:00,26.896,24.967,22.01,12.855,29.957,143.822,45.373,110.874,34.271,13.348
2018-11-07 03:00:00,26.977,26.125,21.928,12.356,32.753,146.2,45.112,111.693,33.387,12.554
2018-11-07 04:00:00,27.996,26.92,22.504,13.018,30.641,150.021,48.312,116.84,34.662,13.162
2018-11-07 05:00:00,30.41,27.895,23.84,14.519,34.251,162.779,52.223,129.046,40.834,13.706
2018-11-07 06:00:00,35.249,34.69,33.586,17.023,39.394,199.918,62.634,152.856,51.511,16.863
2018-11-07 07:00:00,39.496,37.068,40.617,18.773,46.132,221.858,72.344,172.685,59.635,19.419
2018-11-07 08:00:00,44.189,35.865,42.304,20.106,49.401,245.256,76.597,188.819,62.961,19.83
2018-11-07 09:00:00,47.527,37.375,43.456,19.779,50.882,249.394,79.84,201.673,60.738,21.506
2018-11-07 10:00:00,45.283,38.168,45.358,20.314,49.982,257.035,78.285,208.641,64.283,20.627
2018-11-07 11:00:00,45.653,38.644,44.669,21.836,50.295,258.015,79.409,207.288,65.812,22.128
2018-11-07 12:00:00,44.705,40.569,40.668,20.477,47.274,262.579,85.628,211.972,62.38,21.495
2018-11-07 13:00:00,46.153,40.864,40.484,18.441,45.326,253.39,81.777,202.305,58.031,18.187
2018-11-07 14:00:00,41.641,36.413,41.417,18.704,45.617,246.017,75.024,195.521,59.253,17.211
2018-11-07 15:00:00,41.462,34.045,41.255,19.296,46.06,252.116,72.028,194.38,61.344,18.061
2018-11-07 16:00:00,42.899,38.26,41.005,19.822,53.654,260.453,75.572,206.864,64.698,21.967
2018-11-07 17:00:00,45.058,41.898,48.211,22.174,60.89,276.654,85.981,222.864,72.447,24.497
2018-11-07 18:00:00,48.486,48.194,46.875,24.441,61.022,288.03,90.923,243.373,77.72,26.961
2018-11-07 19:00:00,48.039,44.408,47.481,24.801,60.681,283.825,95.95,232.346,75.508,27.217
2018-11-07 20:00:00,45.48,41.196,44.634,22.608,57.081,270.076,90.201,219.703,67.85,26.149
2018-11-07 21:00:00,42.65,41.587,40.616,20.791,50.836,241.699,78.764,201.959,65.858,24.842
2018-11-07 22:00:00,37.79,35.713,35.008,20.996,45.798,221.987,69.346,168.731,57.151,23.436
2018-11-07 23:00:00,34.882,27.782,28.266,17.473,40.553,177.392,57.222,144.477,44.561,17.613
2018-11-08 00:00:00,30.306,25.935,26.067,16.13,35.689,156.025,50.273,128.642,37.482,15.083
2018-11-08 01:00:00,29.075,24.243,24.331,14.387,31.823,145.243,46.828,119.59,34.185,15.465
2018-11-08 02:00:00,27.391,22.927,23.061,13.529,30.337,142.672,47.077,116.799,33.12,14.051
2018-11-08 03:00:00,27.019,23.403,25.147,14.155,29.767,143.126,46.056,118.87,33.595,12.769
2018-11-08 04:00:00,28.761,26.323,25.923,14.309,28.8,149.125,50.213,125.209,36.959,12.863
2018-11-08 05:00:00,31.424,29.867,29.655,16.316,33.044,167.25,56.022,141.826,43.064,15.326
2018-11-08 06:00:00,38.14,35.849,39.864,18.668,40.449,205.548,68.159,169.038,54.429,19.543
2018-11-08 07:00:00,42.713,35.471,45.177,20.15,44.897,226.335,78.731,184.076,59.094,21.796
2018-11-08 08:00:00,44.88,38.458,48.011,19.977,50.976,248.879,79.65,198.888,66.05,25.231
2018-11-08 09:00:00,45.511,39.069,46.897,19.931,53.835,260.497,80.08,201.75,63.98,23.617
2018-11-08 10:00:00,48.697,41.359,48.101,21.342,55.67,257.472,82.297,203.103,66.06,23.361
2018-11-08 11:00:00,49.489,39.112,43.514,21.905,55.777,258.454,80.368,203.836,76.26,23.579
2018-11-08 12:00:00,50.231,39.407,44.628,24.415,54.23,250.644,81.012,208.686,66.899,24.358
2018-11-08 13:00:00,47.607,39.437,44.257,19.705,49.243,247.42,78.054,197.857,61.896,23.59
2018-11-08 14:00:00,44.157,35.276,41.441,20.796,44.938,241.133,74.051,191.801,57.872,23.758
2018-11-08 15:00:00,45.693,36.254,40.171,21.195,48.204,242.124,74.036,193.915,59.222,26.24
2018-11-08 16:00:00,47.68,39.392,45.352,22.723,54.085,259.44,84.117,203.683,67.039,28.541
2018-11-08 17:00:00,50.924,47.513,50.477,25.436,58.833,282.957,93.482,227.132,73.19,27.699
2018-11-08 18:00:00,52.598,49.071,51.764,24.252,63.438,294.202,101.409,242.375,76.464,28.773
2018-11-08 19:00:00,49.561,50.595,53.842,26.367,61.711,297.867,93.653,245.534,75.03,26.75
2018-11-08 20:00:00,47.238,50.345,47.348,24.857,56.713,278.699,88.781,228.738,69.003,26.953
2018-11-08 21:00:00,46.818,44.977,45.721,21.937,54.741,255.392,85.103,210.439,70.581,25.709
2018-11-08 22:00:00,40.036,41.149,44.475,23.468,46.185,230.096,77.659,185.277,58.141,21.347
2018-11-08 23:00:00,37.589,30.98,37.621,19.218,39.706,192.101,66.416,163.489,45.602,20.61
2018-11-09 00:00:00,33.981,27.586,31.985,17.636,37.264,174.986,57.326,143.201,41.073,17.116
2018-11-09 01:00:00,34.681,26.681,28.264,15.925,34.569,169.322,55.055,133.935,38.662,16.795
2018-11-09 02:00:00,33.179,27.438,27.72,15.818,34.225,168.61,53.869,131.063,37.95,16.936
2018-11-09 03:00:00,33.292,29.95,28.004,16.34,33.635,172.144,54.682,131.72,39.721,15.83
2018-11-09 04:00:00,36.209,32.207,30.521,17.922,35.471,182.114,60.04,138.409,43.561,16.967
2018-11-09 05:00:00,39.508,40.232,32.306,19.813,40.193,202.067,64.976,156.869,51.503,19.19
2018-11-09 06:00:00,43.565,45.783,44.703,22.119,48.537,239.014,73.46,185.168,60.165,23.464
2018-11-09 07:00:00,45.655,43.218,49.575,23.122,57.04,265.936,84.473,201.832,67.842,25.953
2018-11-09 08:00:00,47.898,43.415,49.284,24.221,58.319,277.19,91.052,211.236,70.575,26.342
2018-11-09 09:00:00,49.171,41.351,47.114,23.886,60.787,281.184,88.547,214.733,72.083,23.718
2018-11-09 10:00:00,49.54,40.915,48.738,26.14,56.732,277.883,89.303,214.167,72.327,24.225
2018-11-09 11:00:00,50.728,40.153,46.703,23.013,57.468,281.08,85.084,216.049,74.421,24.465
2018-11-09 12:00:00,51.205,39.773,45.014,23.916,59.221,276.083,82.779,217.15,67.488,24.42
2018-11-09 13:00:00,47.397,36.649,46.45,21.963,59.741,266.234,83.626,205.841,63.789,25.799
2018-11-09 14:00:00,47.708,39.37,40.894,21.724,51.579,262.417,83.785,202.775,65.265,24.119
2018-11-09 15:00:00,51.444,43.121,43.969,21.562,50.863,268.307,82.409,205.949,67.226,25.322
2018-11-09 16:00:00,51.43,43.707,45.196,22.931,55.312,278.63,90.164,224.874,73.185,28.681
2018-11-09 17:00:00,54.441,48.825,50.365,28.779,62.726,304.409,100.112,245.538,81.799,31.061
2018-11-09 18:00:00,56.374,51.892,54.437,27.236,66.518,314.677,103.568,247.648,80.387,29.671
2018-11-09 19:00:00,56.245,52.245,52.378,27.349,69.829,296.624,97.589,240.788,78.045,30.713
2018-11-09 20:00:00,51.234,48.391,49.411,27.69,60.431,280.038,88.752,227.103,70.142,27.338
2018-11-09 21:00:00,49.837,43.281,44.113,24.109,56.623,258.463,85.454,215.042,63.397,25.844
2018-11-09 22:00:00,46.699,38.693,38.439,22.683,50.586,222.829,71.926,190.84,57.229,21.658
2018-11-09 23:00:00,38.518,34.359,31.267,20.959,42.56,197.501,62.815,160.577,47.09,18.914
2018-11-10 00:00:00,34.379,30.383,26.82,18.459,36.264,172.019,54.932,142.457,42.118,17.443
2018-11-10 01:00:00,33.029,28.785,25.703,16.73,33.95,158.035,50.076,128.858,36.914,15.477
2018-11-10 02:00:00,31.874,27.713,25.099,16.446,32.294,153.514,48.093,125.922,35.315,14.77
2018-11-10 03:00:00,31.289,30.395,24.223,16.127,31.923,153.596,47.701,124.602,35.47,14.09
2018-11-10 04:00:00,33.173,31.357,24.07,16.468,32.894,155.978,49.925,127.523,36.756,14.093
2018-11-10 05:00:00,33.773,33.853,24.903,17.773,35.274,163.185,52.262,129.324,37.289,15.179
2018-11-10 06:00:00,35.305,33.896,31.538,18.931,38.602,178.063,55.967,139.158,41.324,16.813
2018-11-10 07:00:00,38.171,38.013,37.769,19.38,43.961,192.867,63.436,158.139,47.349,19.057
2018-11-10 08:00:00,46.023,46.473,46.822,21.152,45.014,224.749,70.506,183.325,60.763,23.368
2018-11-10 09:00:00,46.275,47.722,49.721,25.728,51.668,248.412,77.333,198.705,65.496,25.506
2018-11-10 10:00:00,50.159,46.883,49.884,23.637,53.5,249.297,84.409,206.615,66.691,24.554
2018-11-10 11:00:00,50.622,45.215,46.957,24.448,53.459,256.03,83.126,206.571,65.965,23.473
2018-11-10 12:00:00,48.938,46.778,44.097,25.18,56.701,253.934,84.812,211.091,63.449,25.716
2018-11-10 13:00:00,50.855,50.087,43.187,23.846,55.081,245.793,81.955,217.438,62.575,23.556
2018-11-10 14:00:00,52.391,44.744,46.468,21.733,57.184,237.608,78.355,216.906,59.607,23.288
2018-11-10 15:00:00,52.304,43.885,46.024,21.611,53.767,250.21,86.221,208.976,67.448,26.967
2018-11-10 16:00:00,50.844,48.697,53.832,25.051,61.579,280.478,98.673,231.272,71.56,27.231
2018-11-10 17:00:00,56.383,56.179,54.742,26.398,65.866,308.103,103.012,261.025,83.565,31.72
2018-11-10 18:00:00,56.992,54.086,56.79,29.342,69.277,312.959,104.641,262.346,84.097,32.529
2018-11-10 19:00:00,56.299,52.992,55.341,30.095,69.891,314.235,107.932,255.218,79.505,33.955
2018-11-10 20:00:00,56.786,50.349,55.093,28.015,61.145,306.63,101.947,255.569,80.672,31.967
2018-11-10 21:00:00,52.359,48.788,49.299,26.282,55.191,280.848,89.335,240.065,75.148,26.532
2018-11-10 22:00:00,46.165,40.529,41.332,25.643,52.585,242.404,77.904,213.436,63.742,23.573
2018-11-10 23:00:00,41.204,36.084,36.466,25.651,44.913,208.221,67.176,175.817,52.119,22.714
2018-11-11 00:00:00,35.53,35.086,31.78,21.278,40.676,184.179,60.138,155.943,44.609,18.788
2018-11-11 01:00:00,34.122,33.029,29.371,18.887,38.092,173.986,55.293,146.733,42.148,16.873
2018-11-11 02:00:00,33.698,30.122,29.173,18.655,36.381,172.981,55.057,139.935,41.504,16.277
2018-11-11 03:00:00,34.363,33.819,28.978,18.651,35.595,180.21,56.046,141.918,39.663,15.512
2018-11-11 04:00:00,36.53,34.808,29.367,19.161,35.401,184.736,59.066,145.961,42.259,16.257
2018-11-11 05:00:00,38.374,35.094,31.936,20.052,38.575,195.156,62.364,157.241,47.688,17.519
2018-11-11 06:00:00,41.443,37.667,37.52,22.986,43.076,208.38,65.78,167.29,50.748,20.153
2018-11-11 07:00:00,43.335,39.2,41.868,23.437,47.347,218.482,68.848,178.388,54.534,23.084
2018-11-11 08:00:00,46.397,44.521,45.107,25.613,52.069,237.671,72.623,199.935,58.728,23.773
2018-11-11 09:00:00,49.943,47.911,50.062,27.294,54.338,256.139,77.18,204.743,64.679,24.576
2018-11-11 10:00:00,45.502,47.173,50.289,25.96,52.339,257.141,80.394,210.794,63.114,26.929
2018-11-11 11:00:00,46.717,47.102,45.5,23.75,51.343,248.726,83.308,204.987,64.577,28.164
2018-11-11 12:00:00,46.17,47.829,47.398,22.813,48.153,245.354,83.351,203.515,67.616,29.344
2018-11-11 13:00:00,45.844,48.499,44.21,27.674,47.378,239.334,75.212,190.588,65.502,24.403
2018-11-11 14:00:00,47.25,45.48,45.24,32.125,47.858,233.472,75.478,189.772,69.021,22.168
2018-11-11 15:00:00,46.312,49.882,46.888,24.907,52.227,241.273,75.081,189.394,60.436,22.285
2018-11-11 16:00:00,51.261,50.486,47.659,25.494,57.865,263.424,86.736,209.005,66.301,25.927
2018-11-11 17:00:00,52.104,58.957,52.555,27.661,62.97,296.055,98.303,240.116,74.436,28.478
2018-11-11 18:00:00,56.967,53.823,56.89,32.092,68.354,303.68,103.3,249.5,78.132,29.26
2018-11-11 19:00:00,60.425,51.475,57.281,29.737,68.688,302.741,99.865,251.329,78.113,30.428
2018-11-11 20:00:00,55.341,50.456,54.443,30.004,62.449,285.92,89.087,238.14,74.542,31.957
2018-11-11 21:00:00,49.206,49.614,49.581,28.504,58.774,266.239,83.313,220.514,70.605,29.579
2018-11-11 22:00:00,45.871,48.2,42.92,27.329,54.799,239.748,75.116,197.135,64.84,26.945
2018-11-11 23:00:00,43.603,37.317,38.3,25.262,48.329,217.803,67.166,171.856,55.084,23.919
2018-11-12 00:00:00,39.811,33.317,33.725,24.551,44.285,202.921,62.507,155.243,47.563,19.02
2018-11-12 01:00:00,37.668,31.599,32.061,23.112,41.873,193.471,60.877,148.729,43.619,19.25
2018-11-12 02:00:00,36.795,30.309,30.766,23.644,42.523,190.859,58.556,148.814,43.897,19.668
2018-11-12 03:00:00,36.593,33.548,31.098,24.166,40.195,196.147,59.819,150.635,43.239,18.12
2018-11-12 04:00:00,38.168,35.19,31.959,23.753,40.802,204.675,64.352,156.4,46.829,19.52
2018-11-12 05:00:00,41.368,38.405,33.016,25.968,45.242,224.671,71.11,173.06,53.158,20.614
2018-11-12 06:00:00,47.371,43.282,44.545,30.082,53.076,256.737,81.892,202.293,63.337,26.323
2018-11-12 07:00:00,51.298,46.011,48.262,31.144,58.553,281.976,89.497,220.363,68.227,28.388
2018-11-12 08:00:00,55.223,45.946,48.808,29.975,64.451,289.829,95.837,225.1,68.468,25.314
2018-11-12 09:00:00,53.913,46.091,50.332,28.2,57.677,290.747,92.058,226.656,67.911,24.781
2018-11-12 10:00:00,53.434,44.589,45.745,26.9,52.27,276.135,88.206,223.33,67.336,23.559
2018-11-12 11:00:00,49.942,40.123,47.324,25.306,51.883,269.452,83.699,223.503,67.921,22.911
2018-11-12 12:00:00,49.028,41.489,45.712,22.794,53.134,263.523,84.661,223.073,70.028,25.75
2018-11-12 13:00:00,46.344,42.448,47.174,21.799,50.985,253.717,81.19,203.095,62.853,23.983
2018-11-12 14:00:00,44.427,37.073,41.666,20.658,46.124,249.042,76.981,193.401,60.148,21.401
2018-11-12 15:00:00,44.819,38.905,42.94,18.529,47.193,244.211,80.553,193.637,63.02,20.012
2018-11-12 16:00:00,47.695,41.192,49.505,23.073,52.03,266.77,84.672,215.465,70.61,25.4
2018-11-12 17:00:00,52.501,50.683,56.357,28.197,61.969,291.977,93.642,241.05,77.079,28.447
2018-11-12 18:00:00,51.149,53.673,56.061,29.951,66.635,308.647,98.188,257.661,81.327,27.949
2018-11-12 19:00:00,53.589,56.095,54.91,30.833,65.639,303.006,96.241,246.338,83.385,29.788
2018-11-12 20:00:00,51.661,52.085,51.443,29.894,61.033,296.354,90.266,228.38,82.59,28.279
2018-11-12 21:00:00,51.339,45.167,49.488,27.553,55.375,268.722,84.002,215.294,70.136,25.607
2018-11-12 22:00:00,43.173,39.198,43.49,25.633,50.942,233.351,79.82,189.154,60.43,24.335
2018-11-12 23:00:00,39.091,35.66,36.095,21.26,43.45,199.43,67.842,157.469,50.059,20.539
2018-11-13 00:00:00,35.996,32.13,32.224,20.588,37.766,176.555,58.648,145.28,43.098,17.985
2018-11-13 01:00:00,33.909,29.513,27.98,18.779,35.861,168.392,55.094,132.552,40.405,16.158
2018-11-13 02:00:00,33.411,28.85,26.399,18.621,34.254,164.243,53.961,127.251,39.152,15.991
2018-11-13 03:00:00,34.016,33.101,27.245,19.098,34.701,167.85,53.133,127.068,40.75,15.584
2018-11-13 04:00:00,34.269,34.377,28.716,18.804,35.168,174.224,56.73,132.49,41.952,16.514
2018-11-13 05:00:00,37.108,35.258,30.981,19.928,41.056,188.938,60.9,146.383,46.871,18.41
2018-11-13 06:00:00,42.712,41.409,39.781,23.35,48.624,220.06,70.772,173.506,52.881,21.427
2018-11-13 07:00:00,47.345,44.956,47.138,23.502,51.825,248.393,79.878,199.548,61.242,25.788
2018-11-13 08:00:00,52.081,47.97,46.459,26.736,57.542,279.063,84.931,208.516,65.696,26.329
2018-11-13 09:00:00,52.249,50.784,47.959,25.822,60.338,284.001,93.301,215.753,72.331,25.683
2018-11-13 10:00:00,56.235,51.032,50.742,27.676,61.786,291.296,91.18,221.327,71.719,26.037
2018-11-13 11:00:00,59.531,49.163,48.489,29.535,59.751,297.129,91.496,225.717,69.843,26.92
2018-11-13 12:00:00,56.664,47.825,48.984,25.374,59.164,297.226,91.866,222.468,68.885,28.127
2018-11-13 13:00:00,51.934,46.655,46.015,23.6,56.811,288.697,87.244,219.405,68.799,25.815
2018-11-13 14:00:00,50.96,42.821,45.193,22.214,52.65,273.167,86.247,218.24,66.572,23.878
2018-11-13 15:00:00,50.394,44.347,46.946,22.236,53.515,272.649,86.163,212.889,71.848,24.445
2018-11-13 16:00:00,52.505,47.709,49.355,25.0,57.155,289.539,91.794,226.03,76.764,26.326
2018-11-13 17:00:00,54.305,54.562,52.895,27.98,64.949,312.835,103.595,253.014,86.208,28.462
2018-11-13 18:00:00,55.782,56.112,58.17,30.91,69.299,321.174,105.919,259.406,83.525,30.22
2018-11-13 19:00:00,55.081,51.443,58.444,28.817,68.115,312.085,101.701,255.127,81.103,30.34
2018-11-13 20:00:00,52.247,47.457,53.724,26.947,62.361,292.618,97.56,236.205,75.199,28.85
2018-11-13 21:00:00,47.487,47.124,44.735,28.069,56.551,266.769,91.939,221.096,67.979,24.344
2018-11-13 22:00:00,45.619,42.33,39.132,23.6,54.488,242.397,82.568,191.636,58.574,21.815
2018-11-13 23:00:00,42.189,39.288,36.001,24.751,46.584,216.753,71.946,181.203,54.811,19.631
2018-11-14 00:00:00,40.293,39.828,33.277,23.141,44.58,205.773,68.172,166.09,52.933,19.106
2018-11-14 01:00:00,39.811,36.234,31.17,22.363,41.837,194.886,63.212,154.438,49.007,17.988
2018-11-14 02:00:00,37.886,34.54,30.558,21.787,39.311,189.485,60.917,160.215,48.537,17.916
2018-11-14 03:00:00,39.535,38.532,31.242,22.647,39.012,192.051,58.672,153.538,46.685,16.832
2018-11-14 04:00:00,41.525,39.649,33.953,23.599,39.355,200.807,62.375,156.046,48.004,17.921
2018-11-14 05:00:00,43.568,42.165,35.796,26.032,43.299,218.709,70.695,176.126,54.492,20.597
2018-11-14 06:00:00,49.719,47.548,50.668,27.32,54.424,253.433,81.194,205.684,63.237,25.26
2018-11-14 07:00:00,56.654,49.835,53.705,28.885,63.179,281.363,88.232,228.337,70.049,28.488
2018-11-14 08:00:00,62.467,55.029,58.404,33.867,61.29,308.785,99.44,239.166,75.301,29.129
2018-11-14 09:00:00,63.866,54.791,64.361,32.66,60.225,331.004,105.234,240.411,83.119,29.65
2018-11-14 10:00:00,62.474,52.721,63.489,33.606,68.046,329.023,103.367,251.865,77.49,28.605
2018-11-14 11:00:00,61.89,60.815,52.847,32.551,67.503,330.321,100.735,266.556,77.085,28.38
2018-11-14 12:00:00,60.776,57.947,52.664,31.691,63.5,319.224,100.437,261.05,79.384,29.315
2018-11-14 13:00:00,61.054,56.33,49.364,31.579,58.996,305.035,96.041,241.365,73.574,27.59
2018-11-14 14:00:00,55.325,50.259,46.917,30.157,58.816,294.832,94.29,233.129,70.522,25.708
2018-11-14 15:00:00,53.532,51.128,45.295,29.011,57.809,302.802,95.339,243.802,73.132,26.454
2018-11-14 16:00:00,59.323,57.483,50.668,31.609,65.845,332.441,101.698,266.397,80.61,30.255
2018-11-14 17:00:00,64.769,58.427,56.534,32.63,72.637,349.204,109.84,290.006,90.443,34.951
2018-11-14 18:00:00,65.44,60.893,59.604,35.759,78.626,362.157,115.49,300.932,98.561,35.429
2018-11-14 19:00:00,66.933,57.936,59.055,35.266,74.725,366.287,113.503,297.76,100.826,36.467
2018-11-14 20:00:00,65.206,57.595,62.835,34.121,72.458,346.195,111.861,289.697,94.892,35.132
2018-11-14 21:00:00,62.756,54.549,53.192,31.993,69.258,324.151,102.157,270.389,86.871,32.355
2018-11-14 22:00:00,57.158,54.055,51.167,31.575,61.263,298.786,91.052,240.244,72.646,27.177
2018-11-14 23:00:00,54.076,50.363,45.806,29.465,54.258,272.6,80.788,210.136,61.254,26.185
2018-11-15 00:00:00,48.923,44.761,39.929,29.751,47.664,244.822,74.178,185.721,55.946,22.799
2018-11-15 01:00:00,47.051,42.552,36.073,28.956,46.623,229.081,70.667,175.493,52.899,20.719
2018-11-15 02:00:00,45.087,44.154,35.865,29.053,45.178,224.492,68.563,174.334,53.253,21.45
2018-11-15 03:00:00,45.927,47.558,37.017,29.935,44.611,228.643,68.088,177.701,52.86,21.042
2018-11-15 04:00:00,48.008,48.764,38.226,30.535,44.221,237.303,70.045,182.914,55.148,22.489
2018-11-15 05:00:00,49.889,51.3,39.233,33.111,49.749,254.219,76.118,206.173,60.203,24.548
2018-11-15 06:00:00,56.571,57.889,49.864,34.811,59.516,287.566,85.883,223.803,68.241,30.461
2018-11-15 07:00:00,62.524,62.364,54.489,36.646,64.834,315.654,95.768,241.453,77.282,33.387
2018-11-15 08:00:00,66.987,60.706,56.524,38.068,69.538,331.314,97.064,257.83,84.498,32.289
2018-11-15 09:00:00,64.762,56.019,55.541,37.19,67.19,341.725,98.646,257.534,85.014,30.063
2018-11-15 10:00:00,64.24,51.795,54.572,35.222,70.414,325.694,104.337,256.707,80.422,30.774
2018-11-15 11:00:00,62.362,55.265,55.245,32.732,68.439,326.352,103.213,254.378,77.535,27.579
2018-11-15 12:00:00,60.317,54.515,56.895,30.541,65.848,320.668,98.664,246.968,74.909,28.974
2018-11-15 13:00:00,60.426,47.887,54.087,27.089,60.132,301.926,92.533,238.62,76.734,28.997
2018-11-15 14:00:00,55.742,46.724,48.324,28.147,57.248,303.967,92.132,229.072,72.144,26.74
2018-11-15 15:00:00,54.872,46.323,49.875,25.581,57.867,296.604,92.878,233.73,73.192,25.787
2018-11-15 16:00:00,59.462,52.399,53.747,27.072,63.451,317.902,93.569,247.693,76.101,30.0
2018-11-15 17:00:00,60.746,59.511,61.706,31.339,68.063,346.444,105.281,266.414,88.246,34.525
2018-11-15 18:00:00,63.465,61.948,60.594,36.361,73.267,347.189,113.606,274.433,96.396,34.842
2018-11-15 19:00:00,66.689,54.591,61.19,35.365,73.144,341.106,113.515,279.799,86.858,32.542
2018-11-15 20:00:00,59.23,50.221,62.037,32.836,67.264,325.084,104.278,268.63,84.813,31.148
2018-11-15 21:00:00,53.58,51.562,56.894,30.284,59.912,298.637,98.281,241.857,75.76,29.875
2018-11-15 22:00:00,51.592,47.346,50.076,28.194,52.762,274.639,87.16,212.478,69.68,25.937
2018-11-15 23:00:00,45.932,40.896,42.112,25.472,48.929,239.939,77.009,184.573,63.774,22.361
2018-11-16 00:00:00,43.742,36.256,36.857,23.567,45.268,219.677,68.832,170.447,52.587,19.817
2018-11-16 01:00:00,42.412,35.564,33.383,23.234,44.898,203.62,64.7,156.892,47.896,19.335
2018-11-16 02:00:00,40.097,35.869,31.987,22.831,41.593,198.899,62.817,151.967,47.471,18.994
2018-11-16 03:00:00,40.828,39.188,31.86,21.536,39.427,197.929,62.771,153.056,46.506,17.998
2018-11-16 04:00:00,42.747,39.308,33.376,22.111,40.308,201.39,66.247,157.944,48.389,18.846
2018-11-16 05:00:00,44.07,41.274,34.698,23.601,42.805,215.47,69.403,171.293,55.41,21.598
2018-11-16 06:00:00,51.7,48.79,44.465,26.532,53.429,242.634,78.524,189.792,63.753,24.841
2018-11-16 07:00:00,53.716,52.963,50.941,27.984,59.047,276.169,85.535,214.945,69.975,26.849
2018-11-16 08:00:00,63.084,56.44,56.076,29.699,61.097,309.634,91.489,235.444,78.059,26.647
2018-11-16 09:00:00,63.091,55.286,53.914,29.967,66.836,328.066,96.631,253.582,84.14,28.106
2018-11-16 10:00:00,67.546,51.163,56.779,30.694,62.601,331.016,97.971,262.924,82.785,28.719
2018-11-16 11:00:00,65.153,53.388,52.562,30.982,66.249,331.912,103.448,267.934,83.265,28.824
2018-11-16 12:00:00,57.906,49.092,50.102,28.646,64.538,320.254,102.214,267.387,83.02,29.791
2018-11-16 13:00:00,57.059,48.066,47.802,26.281,55.597,304.996,96.248,257.895,77.285,25.717
2018-11-16 14:00:00,52.033,47.266,48.584,25.439,56.384,287.516,94.653,244.2,75.131,23.931
2018-11-16 15:00:00,50.921,46.294,45.601,24.989,54.538,281.901,89.491,233.963,73.285,23.383
2018-11-16 16:00:00,54.363,50.933,48.121,27.168,57.183,307.576,92.924,252.107,78.686,26.209
2018-11-16 17:00:00,58.374,54.238,54.844,29.783,65.647,324.102,103.695,269.545,83.145,30.107
2018-11-16 18:00:00,60.622,55.757,55.557,30.268,71.053,339.209,104.903,275.459,89.582,30.879
2018-11-16 19:00:00,60.952,52.258,55.947,31.751,73.199,333.882,110.186,266.759,90.149,29.284
2018-11-16 20:00:00,57.023,53.227,51.76,31.067,64.594,314.28,100.954,260.986,82.795,28.074
2018-11-16 21:00:00,56.96,50.893,43.076,26.391,61.415,291.147,94.839,244.573,75.012,26.758
2018-11-16 22:00:00,49.791,46.175,39.185,24.352,59.299,268.893,82.577,211.242,69.234,25.475
2018-11-16 23:00:00,42.493,41.331,36.668,21.957,50.521,226.417,72.668,181.626,56.891,20.859
2018-11-17 00:00:00,36.792,32.796,31.53,20.045,40.635,202.914,69.058,163.479,48.545,17.199
2018-11-17 01:00:00,34.462,31.211,29.454,18.618,38.253,184.997,65.084,151.548,45.968,16.375
2018-11-17 02:00:00,32.228,30.102,26.513,17.754,35.876,181.568,60.68,145.738,44.422,15.971
2018-11-17 03:00:00,31.476,31.707,27.241,17.581,34.28,182.431,60.941,145.893,44.345,16.518
2018-11-17 04:00:00,32.936,32.409,27.568,17.735,34.731,189.921,63.076,149.115,46.154,15.759
2018-11-17 05:00:00,34.676,34.091,28.94,18.401,37.671,199.531,63.156,153.332,47.423,15.963
2018-11-17 06:00:00,37.898,36.461,35.985,19.254,40.363,208.167,66.295,158.795,49.819,18.18
2018-11-17 07:00:00,39.079,37.125,36.884,21.17,41.116,214.348,69.964,169.573,53.288,20.422
2018-11-17 08:00:00,43.606,42.128,41.474,24.305,45.881,242.091,76.246,195.515,60.286,20.954
2018-11-17 09:00:00,49.488,46.954,43.227,24.024,49.632,246.148,80.721,205.27,67.756,23.175
2018-11-17 10:00:00,50.039,45.151,45.421,26.32,53.049,244.654,81.294,206.222,67.857,26.188
2018-11-17 11:00:00,51.774,44.764,42.425,24.831,53.146,240.295,83.376,205.118,68.558,23.266
2018-11-17 12:00:00,52.285,49.235,48.008,25.249,50.586,238.501,77.005,208.34,69.707,22.249
2018-11-17 13:00:00,50.684,46.258,44.834,22.211,48.627,233.472,78.72,203.264,67.788,22.459
2018-11-17 14:00:00,46.958,45.354,42.94,21.884,48.324,237.733,75.307,191.89,68.759,20.712
2018-11-17 15:00:00,46.093,44.603,42.594,22.721,49.084,248.765,78.462,201.947,68.201,22.083
2018-11-17 16:00:00,47.707,49.822,48.765,25.59,58.021,266.115,86.811,221.065,72.936,24.085
2018-11-17 17:00:00,49.138,55.145,55.552,25.193,62.547,296.625,98.689,246.271,84.47,27.905
2018-11-17 18:00:00,51.436,52.941,57.002,28.323,67.301,308.239,101.291,256.549,89.7,28.323
2018-11-17 19:00:00,49.901,50.889,53.294,29.08,67.306,302.29,101.396,254.018,81.888,29.223
2018-11-17 20:00:00,46.172,46.71,51.621,27.952,61.33,293.321,92.549,241.556,79.072,30.053
2018-11-17 21:00:00,50.253,42.069,49.996,28.363,59.145,268.256,88.46,221.705,72.324,27.829
2018-11-17 22:00:00,42.302,38.066,43.821,24.318,57.072,236.463,79.942,194.426,67.491,25.331
2018-11-17 23:00:00,37.791,33.97,36.492,22.11,44.261,203.106,69.616,169.566,55.822,19.611
2018-11-18 00:00:00,33.945,29.305,31.859,20.602,36.206,183.984,58.319,148.149,44.672,17.442
2018-11-18 01:00:00,33.045,28.888,26.995,18.786,36.039,170.471,55.92,137.009,40.92,16.148
2018-11-18 02:00:00,32.461,28.295,27.149,18.774,34.579,170.719,53.29,134.161,39.551,16.513
2018-11-18 03:00:00,33.304,32.251,28.961,19.408,36.307,174.76,55.46,134.721,40.0,15.9
2018-11-18 04:00:00,35.993,32.944,27.755,20.655,37.467,177.45,59.017,140.364,42.268,16.094
2018-11-18 05:00:00,38.05,35.976,30.228,22.502,39.997,189.415,63.086,151.555,46.479,17.851
2018-11-18 06:00:00,43.203,38.892,38.001,24.46,45.342,211.312,64.356,165.13,49.468,20.76
2018-11-18 07:00:00,44.073,40.628,41.419,26.253,49.05,221.613,68.192,179.359,53.288,23.722
2018-11-18 08:00:00,46.208,45.773,45.986,26.993,52.406,246.397,76.724,192.687,63.345,25.786
2018-11-18 09:00:00,46.284,48.533,48.233,27.118,52.411,258.739,88.316,211.018,68.646,25.673
2018-11-18 10:00:00,50.146,46.13,45.852,26.762,54.418,262.527,85.83,212.625,74.361,23.739
2018-11-18 11:00:00,50.887,45.734,47.301,24.57,53.279,252.47,89.1,213.943,70.924,26.812
2018-11-18 12:00:00,58.996,43.724,52.154,23.973,52.467,251.795,86.518,215.681,64.925,26.991
2018-11-18 13:00:00,48.811,40.707,47.544,22.6,51.998,253.753,78.72,208.696,67.804,23.034
2018-11-18 14:00:00,45.068,42.866,43.265,22.385,46.755,246.594,80.194,205.298,66.637,22.956
2018-11-18 15:00:00,47.315,43.68,43.089,23.086,52.664,253.408,79.674,205.532,62.221,23.065
2018-11-18 16:00:00,51.899,49.331,48.288,25.189,58.034,272.684,90.921,231.913,68.206,24.297
2018-11-18 17:00:00,54.058,55.124,62.425,28.929,65.693,305.012,97.632,257.0,79.724,26.809
2018-11-18 18:00:00,57.019,50.823,59.336,34.123,68.299,317.408,104.797,257.855,82.59,30.547
2018-11-18 19:00:00,55.679,50.064,55.275,34.349,66.435,307.882,102.367,248.866,82.981,32.799
2018-11-18 20:00:00,52.012,47.962,50.964,34.109,63.279,298.992,94.287,239.534,76.62,29.606
2018-11-18 21:00:00,49.591,47.646,47.702,33.801,57.331,272.842,84.293,225.654,73.488,25.039
2018-11-18 22:00:00,46.281,47.989,42.338,26.979,53.408,247.713,76.599,203.174,63.091,23.462
2018-11-18 23:00:00,41.794,41.638,35.826,24.448,47.425,219.135,67.701,178.228,53.628,24.053
2018-11-19 00:00:00,40.44,37.366,32.784,22.926,41.849,193.181,63.795,160.597,47.445,19.911
2018-11-19 01:00:00,38.407,36.053,31.052,22.828,37.648,182.94,58.475,151.439,44.451,17.105
2018-11-19 02:00:00,35.805,35.168,29.507,22.266,35.816,181.389,57.784,146.338,43.459,16.945
2018-11-19 03:00:00,35.234,38.118,30.204,21.792,35.888,186.48,57.51,145.403,42.718,16.148
2018-11-19 04:00:00,36.628,38.654,30.949,21.893,36.71,191.709,58.756,151.802,46.777,16.221
2018-11-19 05:00:00,38.777,40.877,33.943,24.134,43.164,209.268,64.766,170.464,51.546,19.306
2018-11-19 06:00:00,48.762,45.692,44.297,26.501,49.057,239.45,74.014,193.418,61.004,23.359
2018-11-19 07:00:00,54.941,48.025,49.521,27.697,53.241,261.722,81.448,211.544,69.029,25.465
2018-11-19 08:00:00,58.359,50.449,49.634,30.011,58.838,289.768,89.259,235.542,73.564,27.078
2018-11-19 09:00:00,56.495,50.372,50.913,30.208,62.24,303.458,94.289,241.944,73.194,25.807
2018-11-19 10:00:00,58.479,51.13,50.647,29.739,57.783,299.029,94.21,248.802,76.15,26.52
2018-11-19 11:00:00,56.235,50.96,49.021,29.29,56.959,295.594,91.485,250.401,73.048,26.941
2018-11-19 12:00:00,60.381,48.344,48.291,28.227,55.143,291.886,90.452,251.91,72.906,25.436
2018-11-19 13:00:00,56.224,46.413,47.241,25.552,52.157,286.986,85.524,239.248,70.463,22.977
2018-11-19 14:00:00,51.354,44.179,47.881,22.331,48.832,285.529,84.39,231.919,66.075,23.476
2018-11-19 15:00:00,54.386,43.665,49.572,21.751,50.66,283.104,83.735,228.3,67.347,23.703
2018-11-19 16:00:00,54.96,47.883,48.579,23.27,54.821,309.429,91.519,244.749,81.683,27.815
2018-11-19 17:00:00,54.405,54.715,55.108,27.439,65.034,324.45,103.806,263.142,88.922,27.832
2018-11-19 18:00:00,56.155,54.806,57.579,30.88,70.449,336.746,105.573,272.721,86.127,29.429
2018-11-19 19:00:00,57.904,55.339,57.015,32.254,66.125,327.72,104.372,265.451,83.099,29.181
2018-11-19 20:00:00,54.609,53.347,55.105,27.386,61.162,302.275,94.896,252.753,79.899,30.01
2018-11-19 21:00:00,49.508,48.02,47.973,26.778,60.417,271.839,91.303,232.974,73.412,27.244
2018-11-19 22:00:00,46.834,47.087,38.381,27.349,52.192,241.196,79.105,206.132,61.764,24.809
2018-11-19 23:00:00,42.137,38.813,34.723,24.278,41.757,216.569,69.634,182.189,53.795,20.75
2018-11-20 00:00:00,38.348,37.841,31.14,21.812,39.044,193.596,62.644,159.886,46.949,19.154
2018-11-20 01:00:00,36.429,33.634,28.563,20.245,37.455,182.722,58.175,145.732,43.97,17.377
2018-11-20 02:00:00,33.784,31.896,28.377,20.352,34.951,181.229,55.564,142.066,41.536,17.175
2018-11-20 03:00:00,33.782,34.553,27.545,20.928,34.618,182.144,54.833,142.364,41.006,15.946
2018-11-20 04:00:00,35.699,35.191,29.332,20.69,35.824,188.296,59.163,148.617,43.704,17.218
2018-11-20 05:00:00,37.871,36.945,31.882,22.63,41.047,207.699,65.624,166.018,50.034,18.75
2018-11-20 06:00:00,44.482,42.093,45.412,27.518,49.922,243.981,74.283,190.457,61.463,21.692
2018-11-20 07:00:00,50.943,44.709,54.022,28.623,51.652,261.758,84.175,216.736,67.934,24.258
2018-11-20 08:00:00,59.123,45.789,52.866,27.562,55.951,279.193,88.513,238.965,73.5,25.421
2018-11-20 09:00:00,60.704,48.115,53.132,29.252,62.953,298.339,91.768,250.632,78.765,26.982
2018-11-20 10:00:00,63.262,48.932,52.117,28.145,59.785,295.402,92.146,251.028,76.866,26.686
2018-11-20 11:00:00,60.102,50.392,49.601,25.449,53.606,306.011,93.927,255.658,73.799,25.81
2018-11-20 12:00:00,59.114,46.005,49.457,24.075,53.533,304.44,93.804,254.3,71.86,24.995
2018-11-20 13:00:00,55.82,44.775,50.34,22.216,54.263,301.002,89.306,244.644,71.081,22.702
2018-11-20 14:00:00,52.659,47.124,47.665,22.761,50.129,292.621,87.827,238.975,70.45,22.985
2018-11-20 15:00:00,52.666,44.434,45.546,23.06,52.368,288.334,88.041,240.523,74.035,23.384
2018-11-20 16:00:00,54.704,49.78,50.069,25.941,59.812,310.914,91.453,262.819,78.96,25.967
2018-11-20 17:00:00,58.582,53.685,56.443,27.712,66.705,331.094,102.132,275.847,83.45,29.796
2018-11-20 18:00:00,62.319,56.555,56.191,31.06,66.316,338.695,106.1,273.656,91.689,31.298
2018-11-20 19:00:00,61.151,57.979,55.538,31.828,64.463,328.362,106.022,265.721,86.902,31.919
2018-11-20 20:00:00,55.996,55.541,55.613,35.076,64.182,318.705,101.833,250.158,83.947,28.857
2018-11-20 21:00:00,51.592,49.77,49.084,31.425,62.028,295.268,95.113,236.425,72.012,26.901
2018-11-20 22:00:00,47.268,46.334,43.908,25.104,56.352,267.328,86.375,209.692,67.471,22.924
2018-11-20 23:00:00,46.395,40.391,39.018,22.943,48.155,227.835,73.846,185.547,56.371,20.852
2018-11-21 00:00:00,41.792,36.147,35.839,22.282,42.736,210.711,64.565,164.199,49.032,20.507
2018-11-21 01:00:00,39.129,32.778,32.689,20.81,39.585,198.888,61.861,155.542,48.256,18.218
2018-11-21 02:00:00,37.162,34.528,30.646,20.425,39.632,196.365,60.944,154.941,47.379,17.943
2018-11-21 03:00:00,38.358,37.388,31.213,20.966,39.736,200.198,63.587,157.57,46.186,17.149
2018-11-21 04:00:00,41.018,41.111,32.722,21.224,41.522,208.147,69.497,164.582,48.663,18.147
2018-11-21 05:00:00,42.5,45.016,36.181,23.351,45.469,232.022,74.49,183.366,53.891,20.371
2018-11-21 06:00:00,48.436,50.306,48.182,27.171,55.358,268.394,85.706,209.581,64.487,25.506
2018-11-21 07:00:00,55.561,52.487,53.701,30.959,63.268,288.668,91.341,233.668,71.6,29.438
2018-11-21 08:00:00,61.238,51.252,55.724,29.744,67.092,302.201,94.373,238.783,78.183,30.215
2018-11-21 09:00:00,63.358,52.824,51.673,30.698,66.27,310.578,95.18,255.643,82.367,28.469
2018-11-21 10:00:00,66.506,50.5,53.407,28.535,61.29,309.407,96.168,255.9,79.312,27.96
2018-11-21 11:00:00,60.04,50.452,52.95,27.381,58.473,316.539,97.775,259.893,76.958,27.692
2018-11-21 12:00:00,58.813,51.491,51.813,26.752,58.206,305.516,100.017,248.577,74.684,28.236
2018-11-21 13:00:00,56.915,48.266,48.167,23.983,56.256,284.259,93.472,238.155,69.767,24.906
2018-11-21 14:00:00,55.139,43.986,47.526,23.243,55.738,273.455,87.83,220.559,64.207,25.139
2018-11-21 15:00:00,53.839,44.213,47.827,23.963,54.842,274.371,88.729,221.713,67.205,28.142
2018-11-21 16:00:00,59.199,49.338,51.301,28.04,62.866,298.383,97.545,247.446,73.19,29.79
2018-11-21 17:00:00,61.11,54.452,54.511,30.329,69.291,330.868,107.755,275.798,83.699,33.228
2018-11-21 18:00:00,62.908,54.435,59.442,33.259,75.629,344.353,111.145,279.089,90.196,34.591
2018-11-21 19:00:00,67.468,57.938,58.715,34.553,76.411,343.121,111.96,282.362,90.944,35.528
2018-11-21 20:00:00,66.398,55.739,57.383,35.197,70.829,334.147,102.699,279.212,89.433,36.21
2018-11-21 21:00:00,63.359,55.72,54.164,36.292,69.369,323.804,97.744,266.386,80.33,32.94
2018-11-21 22:00:00,59.005,52.382,50.243,30.602,62.461,301.582,95.63,233.131,74.412,27.965
2018-11-21 23:00:00,57.54,49.711,47.515,31.395,56.353,277.001,87.892,214.75,67.23,26.042
2018-11-22 00:00:00,54.802,45.708,42.328,28.635,53.664,252.175,78.153,196.493,63.433,25.043
2018-11-22 01:00:00,54.491,45.852,39.935,27.701,51.338,249.1,73.932,200.397,61.537,24.502
2018-11-22 02:00:00,53.648,45.446,39.676,27.975,48.687,251.419,74.093,201.714,63.504,25.052
2018-11-22 03:00:00,55.083,50.621,42.201,28.852,48.305,260.086,76.102,206.001,64.885,23.931
2018-11-22 04:00:00,57.938,51.878,44.446,29.772,51.311,273.94,80.064,216.219,65.25,25.673
2018-11-22 05:00:00,61.017,55.459,51.694,31.608,56.09,293.306,85.403,239.198,72.986,28.735
2018-11-22 06:00:00,68.925,57.834,60.443,34.411,64.8,334.85,97.495,269.173,80.449,32.875
2018-11-22 07:00:00,75.241,60.225,65.49,37.862,70.6,357.183,107.708,286.07,87.83,36.32
2018-11-22 08:00:00,77.233,61.524,65.501,36.536,72.852,373.891,116.172,304.747,94.943,35.387
2018-11-22 09:00:00,79.604,64.138,62.074,36.49,71.431,382.126,119.304,303.8,98.334,34.634
2018-11-22 10:00:00,74.944,59.347,64.426,35.953,71.396,392.261,121.188,300.564,96.421,35.721
2018-11-22 11:00:00,69.68,58.494,63.202,36.166,72.323,392.516,114.953,300.823,97.462,35.602
2018-11-22 12:00:00,68.991,58.59,57.976,33.358,72.659,374.857,106.794,305.889,93.188,33.252
2018-11-22 13:00:00,63.868,58.143,55.306,32.361,69.216,357.999,102.737,295.542,91.611,32.533
2018-11-22 14:00:00,61.158,59.288,56.362,32.051,67.12,344.062,99.653,299.747,88.427,29.461
2018-11-22 15:00:00,61.663,58.507,56.433,31.402,65.149,347.802,105.121,307.736,90.0,29.434
2018-11-22 16:00:00,73.276,66.964,66.203,34.5,71.8,375.687,115.759,322.072,99.376,37.181
2018-11-22 17:00:00,74.943,71.831,68.897,40.152,75.129,398.128,123.788,335.512,106.719,41.623
2018-11-22 18:00:00,73.869,74.172,70.092,39.63,81.808,409.904,126.554,347.091,113.393,40.125
2018-11-22 19:00:00,72.599,76.059,66.306,38.455,80.353,402.693,123.43,341.309,110.622,40.294
2018-11-22 20:00:00,70.708,70.238,64.54,36.816,73.455,388.059,119.349,313.089,103.581,37.943
2018-11-22 21:00:00,67.991,65.691,63.841,35.872,68.773,360.913,111.895,292.335,95.545,33.516
2018-11-22 22:00:00,64.042,63.792,58.442,32.212,66.749,337.556,100.219,264.773,81.078,31.389
2018-11-22 23:00:00,58.531,60.281,51.912,30.293,57.742,302.872,89.226,234.355,71.316,27.966
2018-11-23 00:00:00,54.515,54.073,44.941,29.469,52.876,277.046,81.934,212.127,65.09,26.628
2018-11-23 01:00:00,57.381,50.686,44.74,27.923,52.509,266.223,78.279,201.787,63.555,26.027
2018-11-23 02:00:00,51.523,50.593,47.846,29.354,50.641,261.48,77.096,202.005,61.357,26.215
2018-11-23 03:00:00,51.099,55.934,46.487,29.436,49.586,266.311,80.278,204.669,62.001,25.78
2018-11-23 04:00:00,53.016,57.568,45.324,29.177,50.309,272.927,85.514,209.376,65.103,26.495
2018-11-23 05:00:00,58.644,60.636,47.17,30.237,56.657,286.666,91.065,226.461,69.538,29.058
2018-11-23 06:00:00,65.59,68.712,56.939,33.0,67.703,322.997,99.143,253.17,78.672,34.25
2018-11-23 07:00:00,67.655,63.453,66.886,36.726,70.807,344.948,110.16,267.36,86.799,36.185
2018-11-23 08:00:00,69.844,59.254,68.261,37.123,73.751,362.924,119.602,274.4,88.747,34.31
2018-11-23 09:00:00,66.678,54.814,60.439,35.023,72.966,365.198,107.621,280.661,87.841,33.887
2018-11-23 10:00:00,65.658,52.049,57.993,32.493,68.231,349.831,103.796,279.64,82.878,33.029
2018-11-23 11:00:00,61.81,52.23,57.172,29.959,68.404,331.589,104.44,274.526,81.49,31.865
2018-11-23 12:00:00,57.855,46.87,57.638,28.964,62.271,321.593,102.178,271.878,79.715,27.86
2018-11-23 13:00:00,56.528,47.568,50.541,26.559,58.907,294.202,98.561,250.107,76.61,30.613
2018-11-23 14:00:00,54.674,45.182,47.686,27.091,54.145,284.606,95.558,234.446,73.732,26.797
2018-11-23 15:00:00,52.555,44.61,48.597,27.039,54.688,289.405,92.585,240.459,71.567,26.639
2018-11-23 16:00:00,57.996,50.596,55.524,32.303,69.809,313.72,100.857,261.212,78.493,31.657
2018-11-23 17:00:00,63.184,58.323,64.137,34.96,72.013,336.035,111.189,283.897,89.09,32.052
2018-11-23 18:00:00,69.126,58.448,65.923,37.127,75.022,354.53,118.338,299.266,93.284,34.909
2018-11-23 19:00:00,76.719,58.599,62.485,38.343,73.488,346.307,116.727,293.1,88.821,34.51
2018-11-23 20:00:00,67.35,56.383,59.195,38.565,71.844,336.171,108.551,276.301,83.698,32.918
2018-11-23 21:00:00,60.23,55.109,53.388,37.215,67.946,303.981,99.756,257.065,81.214,30.025
2018-11-23 22:00:00,58.019,52.804,51.055,31.912,60.986,282.409,93.546,231.794,74.831,28.184
2018-11-23 23:00:00,49.227,46.804,43.515,27.776,53.269,252.192,79.081,207.982,64.975,23.487
2018-11-24 00:00:00,44.76,42.832,41.09,26.513,50.596,230.501,73.827,181.359,58.197,22.442
2018-11-24 01:00:00,43.948,42.707,37.403,25.45,47.912,223.03,73.895,170.981,54.834,22.015
2018-11-24 02:00:00,43.294,42.152,37.173,25.534,47.079,221.605,71.549,169.446,54.167,23.275
2018-11-24 03:00:00,46.192,46.457,36.499,26.489,46.177,227.468,72.491,168.8,53.902,22.87
2018-11-24 04:00:00,50.01,48.06,37.285,27.622,47.462,234.876,76.119,174.567,56.282,23.674
2018-11-24 05:00:00,48.569,51.561,38.72,29.185,49.597,245.063,78.273,181.027,57.468,24.359
2018-11-24 06:00:00,51.178,54.134,45.203,31.991,56.008,264.652,83.62,195.224,60.444,27.506
2018-11-24 07:00:00,52.049,56.188,48.145,32.013,57.337,271.897,88.78,200.84,63.458,30.141
2018-11-24 08:00:00,53.839,58.514,53.625,34.536,60.021,293.653,97.746,228.003,71.981,32.863
2018-11-24 09:00:00,55.291,55.31,54.186,32.206,59.779,296.957,104.869,238.059,73.356,33.259
2018-11-24 10:00:00,56.328,56.097,56.379,28.387,62.899,288.012,101.747,231.302,73.335,31.807
2018-11-24 11:00:00,57.401,51.778,56.666,25.295,60.501,271.092,92.102,225.333,69.999,28.146
2018-11-24 12:00:00,54.256,47.606,54.54,24.393,58.695,263.021,85.374,215.616,74.736,26.166
2018-11-24 13:00:00,48.273,50.182,53.708,22.195,55.26,254.966,79.62,213.269,74.908,26.402
2018-11-24 14:00:00,50.094,47.402,48.678,19.226,50.474,238.924,81.69,200.99,64.262,24.859
2018-11-24 15:00:00,50.773,41.813,50.819,20.54,53.107,245.366,82.76,197.224,60.373,23.306
2018-11-24 16:00:00,51.038,48.326,57.174,24.226,60.316,269.244,84.94,223.231,70.911,29.914
2018-11-24 17:00:00,54.375,55.386,62.043,28.652,64.087,306.008,96.396,245.584,81.073,32.266
2018-11-24 18:00:00,55.857,58.63,59.642,26.91,69.465,316.347,104.587,257.258,83.782,30.539
2018-11-24 19:00:00,56.871,59.349,60.29,28.802,65.763,311.478,98.804,257.127,83.142,30.317
2018-11-24 20:00:00,56.071,53.992,59.168,29.466,60.473,297.731,91.144,240.599,76.384,29.344
2018-11-24 21:00:00,52.288,50.916,48.105,29.465,56.266,277.802,85.036,219.68,70.781,28.555
2018-11-24 22:00:00,46.963,45.066,41.385,26.236,53.129,242.805,79.46,197.537,63.975,29.225
2018-11-24 23:00:00,42.08,38.169,37.58,24.053,45.138,208.816,68.818,173.412,55.746,25.304
2018-11-25 00:00:00,37.176,33.91,33.057,23.625,39.834,191.332,59.207,148.799,45.428,20.162
2018-11-25 01:00:00,34.695,31.469,29.602,23.033,37.512,176.253,56.864,136.166,41.08,18.105
2018-11-25 02:00:00,33.901,30.128,28.412,20.729,35.178,175.934,52.675,133.51,40.511,18.995
2018-11-25 03:00:00,33.771,32.881,29.411,19.839,34.692,176.835,53.559,135.845,40.136,17.927
2018-11-25 04:00:00,35.776,33.124,28.935,19.654,35.221,182.204,55.446,136.603,40.836,15.725
2018-11-25 05:00:00,36.836,34.625,31.152,21.471,37.742,188.143,57.536,144.733,44.038,17.461
2018-11-25 06:00:00,38.946,37.622,37.169,22.831,42.494,201.016,63.725,156.546,47.338,19.912
2018-11-25 07:00:00,40.42,37.286,39.304,24.414,45.314,204.524,67.552,163.902,51.232,23.807
2018-11-25 08:00:00,43.228,43.474,46.873,26.261,54.838,232.053,72.923,190.453,59.63,24.946
2018-11-25 09:00:00,46.407,45.898,47.836,27.391,61.679,250.002,77.574,215.371,68.487,25.111
2018-11-25 10:00:00,50.767,45.195,48.718,25.526,54.954,248.142,81.586,202.351,74.037,27.569
2018-11-25 11:00:00,54.666,44.188,47.046,26.292,51.709,250.696,78.44,208.055,71.352,25.283
2018-11-25 12:00:00,56.574,46.767,48.717,25.02,52.53,242.51,81.281,200.476,68.288,24.79
2018-11-25 13:00:00,50.942,45.472,47.641,22.024,50.3,241.186,81.712,197.897,64.992,23.647
2018-11-25 14:00:00,49.157,43.814,43.796,21.63,48.986,238.4,83.701,201.606,67.556,22.396
2018-11-25 15:00:00,47.936,43.391,42.836,21.69,51.92,241.157,78.597,210.497,68.751,22.549
2018-11-25 16:00:00,51.972,46.933,49.698,23.261,59.857,265.376,84.511,220.313,75.914,25.58
2018-11-25 17:00:00,53.627,51.048,51.164,25.056,62.892,306.636,96.677,246.38,78.678,29.259
2018-11-25 18:00:00,54.236,54.022,53.485,28.048,66.137,304.171,103.473,256.313,83.244,30.567
2018-11-25 19:00:00,54.138,48.843,53.769,26.934,67.076,292.889,100.712,243.863,79.789,31.389
2018-11-25 20:00:00,52.279,45.494,52.353,26.608,59.753,281.972,92.327,226.933,76.03,28.761
2018-11-25 21:00:00,49.632,43.661,47.469,25.134,56.912,262.717,86.386,220.418,67.739,28.118
2018-11-25 22:00:00,45.168,39.971,41.118,24.196,49.992,241.126,78.729,198.849,61.86,23.57
2018-11-25 23:00:00,41.215,37.811,37.026,20.341,42.659,202.394,67.385,168.442,53.259,19.235
2018-11-26 00:00:00,36.584,32.518,33.304,18.73,38.64,183.706,61.72,150.276,47.756,18.05
2018-11-26 01:00:00,34.04,29.871,29.245,17.815,36.187,173.242,55.655,141.112,42.388,16.71
2018-11-26 02:00:00,32.771,30.543,27.397,16.952,35.011,172.322,52.311,140.025,40.948,16.276
2018-11-26 03:00:00,32.362,31.693,28.313,16.719,33.863,173.163,52.835,140.441,41.85,15.21
2018-11-26 04:00:00,34.225,32.443,28.883,17.227,36.689,178.458,55.804,143.647,44.087,15.548
2018-11-26 05:00:00,34.962,36.191,31.466,19.802,40.526,195.131,62.039,159.313,47.825,18.407
2018-11-26 06:00:00,41.668,41.007,43.424,22.271,51.483,233.521,76.49,185.96,58.867,23.411
2018-11-26 07:00:00,46.887,43.306,46.578,24.929,54.135,255.153,79.778,208.192,67.511,25.655
2018-11-26 08:00:00,56.842,45.497,48.941,25.042,59.381,279.514,86.16,222.443,73.712,27.23
2018-11-26 09:00:00,55.633,48.555,50.817,24.871,60.605,293.164,93.733,234.559,76.81,29.404
2018-11-26 10:00:00,57.895,48.331,50.403,25.845,61.742,295.351,91.336,241.93,74.87,27.232
2018-11-26 11:00:00,59.403,48.372,53.597,25.936,57.645,292.736,91.321,240.952,77.275,25.894
2018-11-26 12:00:00,56.12,47.676,46.085,24.234,56.698,292.202,91.323,229.206,73.873,24.612
2018-11-26 13:00:00,55.306,46.499,44.777,24.989,51.016,284.034,85.788,227.024,69.972,24.234
2018-11-26 14:00:00,58.045,45.526,46.458,22.679,52.138,278.012,84.523,216.098,70.908,24.408
2018-11-26 15:00:00,57.569,43.307,44.614,22.941,53.348,273.775,87.722,209.812,69.905,24.157
2018-11-26 16:00:00,60.017,48.465,45.932,26.947,59.462,299.67,95.238,230.433,76.507,28.881
2018-11-26 17:00:00,57.481,54.755,50.048,29.54,66.627,313.772,102.783,251.177,85.769,32.361
2018-11-26 18:00:00,59.319,54.927,55.087,30.405,69.529,324.456,110.386,263.95,93.061,33.704
2018-11-26 19:00:00,59.602,55.301,56.127,29.927,63.976,313.239,103.202,258.221,90.018,31.446
2018-11-26 20:00:00,57.034,50.646,52.195,28.879,61.608,295.39,99.609,245.454,80.472,29.769
2018-11-26 21:00:00,52.543,47.132,50.239,26.896,56.259,274.959,88.708,230.164,73.318,28.697
2018-11-26 22:00:00,49.151,42.339,44.656,25.111,50.437,239.194,76.314,208.648,62.139,22.626
2018-11-26 23:00:00,45.678,37.257,35.305,22.074,43.155,217.974,65.203,183.015,52.377,24.685
2018-11-27 00:00:00,43.72,33.813,32.421,19.374,39.38,192.946,58.214,168.264,46.089,22.481
2018-11-27 01:00:00,38.948,31.55,29.826,17.814,35.714,184.848,56.473,150.492,44.877,17.245
2018-11-27 02:00:00,36.68,30.871,28.567,18.036,34.983,182.618,55.092,146.759,41.388,15.862
2018-11-27 03:00:00,36.139,33.903,29.234,17.6,34.036,186.237,54.666,151.059,41.488,14.901
2018-11-27 04:00:00,37.577,34.846,31.061,17.835,35.335,191.505,59.504,150.876,44.68,15.99
2018-11-27 05:00:00,38.731,36.9,33.257,19.498,38.91,211.142,65.51,165.525,51.998,18.153
2018-11-27 06:00:00,44.081,42.278,42.501,22.492,47.455,249.351,76.059,186.908,58.107,22.236
2018-11-27 07:00:00,52.727,45.505,48.032,23.434,54.089,276.888,83.275,200.858,65.465,25.254
2018-11-27 08:00:00,58.628,55.423,51.187,24.874,66.343,296.739,90.661,215.593,76.209,26.873
2018-11-27 09:00:00,56.865,71.972,52.232,26.672,59.849,298.105,94.44,231.497,82.186,30.633
2018-11-27 10:00:00,59.663,71.616,51.586,27.077,59.879,297.655,94.259,236.462,76.172,31.959
2018-11-27 11:00:00,58.378,70.904,48.322,27.207,63.987,296.912,94.539,237.832,75.032,28.129
2018-11-27 12:00:00,57.062,60.334,47.392,23.835,58.547,287.034,94.025,242.438,72.44,27.026
2018-11-27 13:00:00,57.38,48.478,46.098,22.109,54.728,276.569,88.164,234.303,66.777,26.203
2018-11-27 14:00:00,53.202,47.515,45.868,22.947,50.725,271.225,83.576,224.825,64.279,26.323
2018-11-27 15:00:00,51.38,48.393,44.694,23.135,52.639,270.387,86.789,224.45,68.299,26.894
2018-11-27 16:00:00,55.453,48.206,48.007,27.445,56.623,300.066,92.786,238.998,76.527,27.449
2018-11-27 17:00:00,59.545,52.117,58.211,28.498,65.116,318.3,98.586,259.229,87.887,31.097
2018-11-27 18:00:00,58.603,56.46,57.356,29.753,67.905,321.525,103.223,272.144,88.503,32.518
2018-11-27 19:00:00,58.781,55.64,55.545,29.714,65.187,308.319,103.597,263.682,82.865,28.562
2018-11-27 20:00:00,55.64,53.144,54.234,29.211,62.927,298.577,102.116,251.284,79.278,28.445
2018-11-27 21:00:00,53.935,48.027,48.75,27.134,54.622,281.984,90.578,228.398,71.924,29.732
2018-11-27 22:00:00,47.79,44.714,42.764,25.871,47.334,248.722,80.354,205.753,59.415,23.688
2018-11-27 23:00:00,41.355,38.892,37.389,22.383,43.151,215.588,65.504,178.912,50.688,19.825
2018-11-28 00:00:00,36.506,32.479,33.828,19.691,38.906,195.134,60.446,156.768,44.48,17.587
2018-11-28 01:00:00,35.818,29.953,31.226,17.48,36.198,184.616,58.069,149.36,42.238,16.53
2018-11-28 02:00:00,35.023,29.098,29.45,17.154,35.834,181.711,56.653,142.85,42.809,16.816
2018-11-28 03:00:00,34.938,31.5,28.949,17.294,35.473,182.142,57.37,143.712,44.967,15.724
2018-11-28 04:00:00,36.471,32.655,30.05,17.434,36.477,184.204,59.747,150.749,45.311,16.672
2018-11-28 05:00:00,38.783,34.994,33.152,18.923,41.332,203.639,64.7,167.205,49.363,19.005
2018-11-28 06:00:00,44.187,40.08,43.56,22.198,48.909,241.547,74.558,197.742,62.553,21.741
2018-11-28 07:00:00,48.223,43.052,50.559,23.764,55.366,261.302,82.646,215.264,66.047,25.545
2018-11-28 08:00:00,53.27,46.405,52.363,26.512,58.193,279.903,87.857,227.517,71.632,25.433
2018-11-28 09:00:00,54.611,46.888,55.461,27.752,61.44,288.583,94.899,236.38,74.959,27.845
2018-11-28 10:00:00,55.186,49.012,54.874,27.597,59.07,291.344,96.82,228.273,76.271,24.189
2018-11-28 11:00:00,53.658,45.322,49.243,26.117,58.851,288.857,95.77,232.124,76.783,23.498
2018-11-28 12:00:00,54.758,42.688,48.646,24.955,58.523,282.071,95.49,228.458,74.735,26.753
2018-11-28 13:00:00,54.233,43.426,44.602,22.749,57.303,272.932,88.894,218.188,75.643,24.908
2018-11-28 14:00:00,50.709,40.243,45.228,20.405,50.692,270.292,84.817,212.554,65.694,23.259
2018-11-28 15:00:00,49.863,44.395,43.632,21.516,54.84,269.617,84.546,213.96,65.72,24.091
2018-11-28 16:00:00,53.701,49.263,46.869,26.173,58.61,297.539,93.99,242.461,75.76,26.162
2018-11-28 17:00:00,56.536,51.773,53.406,29.971,61.615,322.65,104.327,265.653,87.512,32.968
2018-11-28 18:00:00,61.632,51.662,56.201,29.029,68.176,337.482,106.257,271.348,87.521,32.517
2018-11-28 19:00:00,64.988,50.029,56.856,27.677,71.887,325.409,105.456,264.373,89.306,29.49
2018-11-28 20:00:00,55.345,49.933,57.477,28.56,64.579,298.558,97.874,253.847,81.375,28.161
2018-11-28 21:00:00,50.493,46.213,49.293,26.491,58.439,279.502,94.218,227.854,77.305,27.382
2018-11-28 22:00:00,48.906,43.269,42.045,22.5,51.075,260.27,84.602,199.287,67.119,23.977
2018-11-28 23:00:00,41.948,37.422,36.205,20.692,43.218,221.468,66.39,164.547,53.874,21.03
2018-11-29 00:00:00,35.998,32.354,34.295,19.081,37.889,198.774,64.168,157.775,47.372,17.916
2018-11-29 01:00:00,34.322,31.014,29.57,17.955,36.761,185.698,57.772,146.666,44.151,17.01
2018-11-29 02:00:00,33.129,29.843,28.113,17.463,35.17,181.682,55.96,140.9,40.8,16.653
2018-11-29 03:00:00,32.784,32.872,27.877,17.504,34.961,183.912,56.954,147.55,41.286,15.281
2018-11-29 04:00:00,33.71,33.627,28.491,18.161,36.719,189.802,61.429,149.383,44.414,16.319
2018-11-29 05:00:00,35.431,34.707,30.733,20.599,39.922,204.483,68.449,162.166,48.577,17.582
2018-11-29 06:00:00,42.639,40.612,40.014,22.261,50.82,240.124,77.505,187.729,60.959,22.334
2018-11-29 07:00:00,48.319,44.305,46.654,24.177,53.783,260.618,82.994,211.565,64.878,26.527
2018-11-29 08:00:00,56.833,44.641,48.754,24.266,58.004,276.448,88.085,222.223,72.206,25.158
2018-11-29 09:00:00,54.989,44.129,47.358,25.937,58.214,286.933,94.2,226.64,71.955,23.434
2018-11-29 10:00:00,57.215,43.713,47.805,26.877,56.816,295.026,94.792,229.467,72.464,24.422
2018-11-29 11:00:00,57.555,43.69,48.901,26.425,56.923,296.994,94.082,233.088,75.075,25.562
2018-11-29 12:00:00,54.748,42.77,51.134,25.275,55.224,286.841,91.345,227.36,72.906,24.908
2018-11-29 13:00:00,52.508,40.135,46.624,24.005,56.754,276.323,89.775,216.839,68.551,23.853
2018-11-29 14:00:00,50.62,38.924,46.411,24.411,50.292,280.431,91.339,209.956,65.418,22.082
2018-11-29 15:00:00,48.424,41.124,45.675,23.039,53.637,288.573,90.142,215.777,70.082,22.421
2018-11-29 16:00:00,51.671,46.454,48.741,26.966,60.721,314.159,97.353,242.125,77.194,25.46
2018-11-29 17:00:00,53.925,51.005,50.936,29.326,66.967,327.556,100.215,261.316,81.826,29.466
2018-11-29 18:00:00,59.096,55.069,53.627,28.943,68.963,340.823,111.384,269.586,88.295,31.028
2018-11-29 19:00:00,59.167,50.508,55.703,30.103,68.485,328.551,108.377,267.118,86.592,29.903
2018-11-29 20:00:00,54.656,49.491,53.157,27.214,64.445,305.707,101.402,250.34,74.937,29.125
2018-11-29 21:00:00,51.6,46.917,48.683,24.549,62.962,283.102,93.898,233.344,69.723,28.043
2018-11-29 22:00:00,46.611,46.975,42.7,22.398,53.218,253.377,83.97,201.726,63.007,22.801
2018-11-29 23:00:00,41.674,39.857,35.599,20.144,46.601,216.115,72.067,176.311,57.647,19.806
2018-11-30 00:00:00,38.307,35.951,31.618,19.281,42.807,198.414,68.12,159.44,49.557,18.584
2018-11-30 01:00:00,37.008,33.748,31.378,18.154,38.395,184.485,59.143,152.583,46.141,16.736
2018-11-30 02:00:00,35.392,33.287,30.84,17.65,36.459,184.545,56.654,149.746,45.505,15.881
2018-11-30 03:00:00,34.924,37.347,30.821,17.46,34.995,186.862,58.942,151.208,46.381,14.999
2018-11-30 04:00:00,36.878,39.062,30.173,19.017,36.115,192.983,63.46,156.038,48.103,16.076
2018-11-30 05:00:00,39.355,41.507,33.001,20.662,40.613,215.534,70.022,173.639,53.23,17.284
2018-11-30 06:00:00,47.35,46.783,47.602,22.526,49.257,250.955,80.565,201.842,64.27,20.668
2018-11-30 07:00:00,54.596,51.827,52.424,24.702,55.666,269.705,88.202,224.949,75.158,26.384
2018-11-30 08:00:00,56.428,53.094,51.825,27.729,60.414,281.864,90.927,231.335,78.407,25.831
2018-11-30 09:00:00,53.461,50.888,50.669,28.829,61.073,289.372,87.974,230.264,78.172,25.585
2018-11-30 10:00:00,56.373,50.545,47.325,29.244,62.757,275.561,89.068,233.131,72.673,26.304
2018-11-30 11:00:00,59.077,52.42,52.216,26.343,64.286,277.13,88.32,223.732,68.039,24.612
2018-11-30 12:00:00,55.749,47.042,51.665,26.461,60.827,271.235,90.442,218.72,67.231,26.394
2018-11-30 13:00:00,53.404,44.947,50.181,24.601,57.697,264.959,86.88,212.409,63.739,28.946
2018-11-30 14:00:00,51.757,43.333,46.563,23.213,55.334,268.161,84.383,211.417,62.902,25.224
2018-11-30 15:00:00,50.835,41.208,45.741,23.078,57.851,274.747,85.44,213.279,67.098,24.606
2018-11-30 16:00:00,52.305,47.884,47.634,26.81,63.952,301.393,93.54,232.115,77.655,27.574
2018-11-30 17:00:00,55.49,51.335,55.918,29.147,69.866,320.172,103.801,247.145,84.233,29.958
2018-11-30 18:00:00,57.383,51.615,61.977,30.042,71.082,328.016,108.222,266.967,89.031,33.375
2018-11-30 19:00:00,60.705,51.46,56.371,30.734,68.828,323.362,105.625,256.933,83.9,30.433
2018-11-30 20:00:00,53.425,50.993,51.431,30.489,63.425,306.354,103.564,240.586,78.346,29.647
2018-11-30 21:00:00,50.098,43.343,48.786,27.447,59.519,279.869,97.045,228.13,69.343,27.304
2018-11-30 22:00:00,45.446,42.91,40.824,25.242,52.366,252.351,83.864,211.899,60.149,23.335
2018-11-30 23:00:00,41.047,37.854,35.417,23.287,46.079,217.916,70.997,177.32,51.744,20.877
2018-12-01 00:00:00,37.926,31.719,31.439,22.254,40.45,196.813,64.351,160.963,46.239,17.862
2018-12-01 01:00:00,36.198,29.825,29.094,19.778,38.194,183.835,59.91,151.462,44.249,16.604
2018-12-01 02:00:00,34.278,30.113,28.332,18.406,37.809,180.061,57.785,149.26,44.043,16.958
2018-12-01 03:00:00,33.931,33.443,29.439,18.948,36.285,183.37,58.307,147.886,44.542,15.581
2018-12-01 04:00:00,35.349,34.31,31.106,18.906,37.82,188.963,58.574,150.505,45.106,16.562
2018-12-01 05:00:00,38.992,37.14,33.752,20.168,40.489,201.751,62.113,157.401,48.284,18.499
2018-12-01 06:00:00,42.172,43.05,44.532,23.536,45.884,221.826,71.44,170.118,51.412,21.288
2018-12-01 07:00:00,43.574,46.813,48.942,24.84,52.521,236.664,76.11,184.404,58.018,24.698
2018-12-01 08:00:00,49.141,48.342,49.06,25.13,60.812,262.539,86.183,209.619,60.391,30.42
2018-12-01 09:00:00,49.504,49.519,49.662,26.038,66.182,278.146,92.12,225.476,69.171,26.248
2018-12-01 10:00:00,55.157,46.626,50.754,26.889,59.556,279.138,90.29,221.996,72.954,25.532
2018-12-01 11:00:00,55.023,48.41,50.027,27.251,57.71,268.683,87.632,217.084,70.629,26.945
2018-12-01 12:00:00,51.9,53.747,48.856,26.963,58.183,259.977,85.047,211.55,71.324,27.51
2018-12-01 13:00:00,52.013,45.895,44.193,26.834,57.711,254.973,84.887,204.254,68.248,24.816
2018-12-01 14:00:00,48.715,42.505,43.763,24.18,55.499,243.268,80.735,198.818,61.541,22.296
2018-12-01 15:00:00,49.211,43.208,46.868,25.64,56.885,250.63,85.497,207.088,62.217,24.322
2018-12-01 16:00:00,55.526,51.182,51.917,26.597,65.096,288.919,89.6,237.64,71.535,27.852
2018-12-01 17:00:00,59.092,60.535,58.647,31.174,68.659,321.199,97.904,268.183,80.313,31.242
2018-12-01 18:00:00,63.169,57.178,63.168,30.409,69.975,337.867,104.529,274.241,88.774,30.664
2018-12-01 19:00:00,61.774,58.786,62.578,30.751,70.068,324.47,101.776,270.949,82.769,31.798
2018-12-01 20:00:00,55.295,54.956,62.336,28.434,64.814,317.807,101.36,256.335,79.251,31.552
2018-12-01 21:00:00,52.287,49.72,55.668,25.748,58.516,288.356,99.273,246.587,76.526,28.592
2018-12-01 22:00:00,48.81,45.151,43.332,24.962,51.14,251.366,80.407,211.564,68.432,25.035
2018-12-01 23:00:00,42.894,39.598,35.717,23.253,45.143,213.861,69.689,176.151,55.146,21.433
2018-12-02 00:00:00,38.781,35.535,32.079,20.484,39.675,191.185,60.729,150.726,46.424,19.718
2018-12-02 01:00:00,37.361,32.133,28.732,19.506,37.004,182.448,57.859,138.386,42.95,17.593
2018-12-02 02:00:00,36.126,30.932,28.357,19.008,35.702,176.599,57.791,137.127,41.522,16.925
2018-12-02 03:00:00,35.895,34.025,28.71,18.729,35.187,181.509,56.221,136.845,41.819,15.99
2018-12-02 04:00:00,38.367,34.107,29.544,18.524,36.135,184.949,58.219,139.93,42.885,16.328
2018-12-02 05:00:00,39.818,36.686,32.102,19.588,39.814,193.0,61.047,151.483,44.299,17.237
2018-12-02 06:00:00,44.37,39.885,38.568,21.384,44.033,215.413,67.889,167.74,48.521,20.594
2018-12-02 07:00:00,48.274,42.83,42.69,23.056,48.406,228.487,78.945,179.086,56.463,25.307
2018-12-02 08:00:00,52.102,49.216,46.517,25.222,54.013,248.557,86.469,207.631,68.41,29.22
2018-12-02 09:00:00,55.895,56.087,50.96,24.391,53.267,268.813,88.762,217.687,70.186,31.174
2018-12-02 10:00:00,59.442,53.85,52.965,27.381,52.024,259.745,88.912,222.685,69.359,28.664
2018-12-02 11:00:00,59.689,49.03,49.36,26.708,55.769,253.765,84.015,220.747,71.337,26.037
2018-12-02 12:00:00,60.666,47.292,45.744,28.332,57.47,247.111,89.219,217.337,65.896,25.372
2018-12-02 13:00:00,59.987,47.005,45.263,26.813,58.269,233.845,93.897,204.503,66.85,27.197
2018-12-02 14:00:00,51.2,49.577,43.186,23.424,51.518,234.37,85.93,204.017,62.102,24.487
2018-12-02 15:00:00,51.075,49.232,43.775,25.164,53.303,240.921,82.921,204.972,64.798,25.492
2018-12-02 16:00:00,56.595,48.684,52.966,28.551,62.044,278.185,92.181,228.005,71.774,29.29
2018-12-02 17:00:00,60.27,55.133,55.807,29.814,69.32,309.019,97.676,247.63,84.514,33.438
2018-12-02 18:00:00,63.765,57.283,59.304,27.58,67.948,320.377,102.429,255.757,86.045,32.74
2018-12-02 19:00:00,59.082,54.978,55.584,26.813,66.866,312.363,100.676,254.951,85.167,32.482
2018-12-02 20:00:00,52.252,51.046,50.857,25.82,68.884,289.325,91.123,238.982,80.8,31.669
2018-12-02 21:00:00,45.163,45.098,45.522,23.906,64.013,271.626,83.914,216.437,69.388,27.565
2018-12-02 22:00:00,41.511,40.446,41.78,22.201,53.26,235.299,76.881,195.484,64.557,23.825
2018-12-02 23:00:00,36.848,36.058,35.19,20.339,45.008,204.389,65.897,165.129,52.681,19.552
2018-12-03 00:00:00,34.85,32.46,31.041,19.039,39.954,182.433,57.723,144.914,46.047,18.232
2018-12-03 01:00:00,33.168,29.622,29.467,17.445,36.007,169.377,54.59,135.453,39.875,16.403
2018-12-03 02:00:00,32.297,28.833,27.301,16.215,34.874,167.094,52.833,132.171,39.143,16.637
2018-12-03 03:00:00,31.263,31.432,27.06,16.043,34.161,167.495,52.794,132.4,39.711,15.293
2018-12-03 04:00:00,32.975,33.263,28.058,17.057,34.432,172.746,56.015,137.579,43.152,15.851
2018-12-03 05:00:00,36.037,36.279,31.077,21.541,39.452,190.69,62.537,156.724,47.894,18.77
2018-12-03 06:00:00,44.163,44.095,43.519,24.117,48.125,233.642,74.304,189.979,58.523,22.679
2018-12-03 07:00:00,49.529,53.231,49.96,27.019,55.607,266.556,82.009,207.128,68.224,26.368
2018-12-03 08:00:00,53.717,52.181,50.106,24.945,60.106,275.615,90.683,219.395,73.348,24.851
2018-12-03 09:00:00,58.774,47.319,49.487,24.204,59.207,285.238,87.71,227.326,79.07,27.093
2018-12-03 10:00:00,56.187,47.937,46.202,25.873,59.106,285.117,92.697,235.615,76.245,27.302
2018-12-03 11:00:00,52.679,51.583,44.965,24.994,60.769,284.88,89.114,235.654,74.035,27.365
2018-12-03 12:00:00,50.626,46.502,46.772,24.246,58.675,275.308,87.403,233.55,69.575,26.994
2018-12-03 13:00:00,51.442,51.118,46.967,23.221,53.941,267.784,85.675,218.7,68.067,25.908
2018-12-03 14:00:00,47.579,42.549,46.043,23.235,50.139,260.149,81.079,205.915,63.238,24.934
2018-12-03 15:00:00,46.555,42.434,46.888,25.933,49.873,260.556,91.672,209.569,68.253,25.318
2018-12-03 16:00:00,49.318,46.593,50.056,28.523,58.155,287.759,97.055,239.935,74.302,28.397
2018-12-03 17:00:00,53.753,52.917,55.449,28.248,65.752,312.216,104.936,260.373,81.753,31.394
2018-12-03 18:00:00,55.739,51.642,56.204,29.091,68.404,321.674,108.447,270.281,82.396,32.077
2018-12-03 19:00:00,55.306,52.875,54.554,29.159,70.701,306.722,107.298,253.732,84.319,31.797
2018-12-03 20:00:00,52.98,49.323,53.624,29.382,65.36,293.303,103.594,240.84,79.552,27.23
2018-12-03 21:00:00,52.559,44.322,46.833,27.691,57.193,275.722,95.258,221.03,70.295,25.781
2018-12-03 22:00:00,47.852,40.067,40.194,23.891,54.149,247.765,79.851,200.251,61.365,22.424
2018-12-03 23:00:00,41.178,35.333,33.16,21.553,47.416,211.449,69.307,165.604,51.787,19.738
2018-12-04 00:00:00,39.34,32.719,30.516,21.616,40.906,187.374,62.156,151.872,46.19,18.785
2018-12-04 01:00:00,37.109,29.571,30.129,19.964,36.488,179.103,56.447,146.89,43.563,17.673
2018-12-04 02:00:00,36.073,28.285,30.411,19.768,35.387,182.293,55.209,144.59,42.32,16.76
2018-12-04 03:00:00,34.101,32.244,29.077,19.204,35.457,189.509,56.071,144.562,43.061,15.768
2018-12-04 04:00:00,35.772,34.382,31.946,20.287,37.279,191.445,61.792,149.81,46.828,16.169
2018-12-04 05:00:00,37.725,37.488,34.816,22.387,44.45,209.353,67.836,168.328,54.627,18.501
2018-12-04 06:00:00,46.555,45.017,43.612,27.159,50.255,250.634,81.116,200.017,61.727,22.718
2018-12-04 07:00:00,55.219,47.358,48.693,28.449,57.102,280.6,89.261,229.205,69.127,28.212
2018-12-04 08:00:00,58.084,47.743,49.633,31.605,64.802,300.98,92.888,236.524,74.802,28.018
2018-12-04 09:00:00,59.256,46.98,55.428,33.223,63.904,314.087,98.958,244.473,83.812,30.052
2018-12-04 10:00:00,62.08,48.176,57.485,33.491,65.022,318.091,101.337,250.772,83.262,31.54
2018-12-04 11:00:00,60.292,49.218,56.323,31.164,65.049,312.959,102.726,256.35,76.931,27.623
2018-12-04 12:00:00,59.087,49.62,54.683,30.303,64.109,306.716,104.275,257.769,77.193,28.147
2018-12-04 13:00:00,57.452,50.198,56.204,28.356,62.054,299.89,98.171,244.944,71.589,27.494
2018-12-04 14:00:00,55.869,46.032,52.56,29.185,62.468,290.109,93.92,241.798,73.666,26.527
2018-12-04 15:00:00,57.031,49.907,55.73,28.02,62.224,299.557,94.554,246.309,76.042,28.281
2018-12-04 16:00:00,63.976,55.311,54.362,30.675,68.205,334.1,105.363,266.439,81.097,29.987
2018-12-04 17:00:00,68.859,58.599,61.587,33.279,74.131,354.391,112.115,286.196,95.339,31.51
2018-12-04 18:00:00,69.169,60.136,63.05,34.412,75.652,360.439,120.3,298.513,102.403,32.215
2018-12-04 19:00:00,67.663,60.662,61.578,34.726,75.736,355.276,118.305,290.766,100.818,32.68
2018-12-04 20:00:00,66.024,57.491,61.906,32.607,69.803,349.729,108.461,284.209,89.992,32.133
2018-12-04 21:00:00,59.894,52.709,56.815,31.23,67.163,326.57,102.922,256.543,83.665,32.718
2018-12-04 22:00:00,54.335,47.402,51.011,28.41,64.658,293.525,92.915,231.733,70.181,25.966
2018-12-04 23:00:00,49.397,41.331,42.979,25.875,56.574,258.331,79.4,199.417,59.389,23.598
2018-12-05 00:00:00,45.94,39.391,38.074,24.893,47.979,225.588,69.926,184.947,55.168,22.233
2018-12-05 01:00:00,43.066,41.3,36.249,22.618,44.768,216.07,65.849,173.052,50.653,20.669
2018-12-05 02:00:00,40.885,41.301,34.346,21.836,43.022,212.713,66.099,172.477,50.034,21.833
2018-12-05 03:00:00,41.846,46.533,35.195,22.219,43.243,219.375,67.491,173.189,51.407,21.403
2018-12-05 04:00:00,44.138,48.824,38.187,23.972,43.627,228.013,71.879,176.828,55.428,22.3
2018-12-05 05:00:00,46.224,54.063,42.412,27.506,50.409,254.333,79.069,198.625,61.357,25.602
2018-12-05 06:00:00,51.614,59.271,54.145,32.143,63.644,293.928,91.722,227.59,71.441,28.684
2018-12-05 07:00:00,59.871,62.721,58.594,33.888,70.557,319.187,98.823,253.866,82.395,32.736
2018-12-05 08:00:00,68.109,60.6,58.49,35.304,71.531,330.221,101.675,252.561,85.239,31.002
2018-12-05 09:00:00,72.194,58.088,53.228,33.944,66.91,331.943,98.898,253.763,81.563,30.092
2018-12-05 10:00:00,65.223,55.967,53.048,35.146,61.867,315.891,97.813,252.289,80.901,32.208
2018-12-05 11:00:00,62.055,52.452,52.417,36.023,62.3,316.733,96.24,247.603,76.64,32.94
2018-12-05 12:00:00,59.097,50.762,52.351,28.785,60.445,311.992,95.144,247.807,73.855,29.195
2018-12-05 13:00:00,53.082,47.581,53.491,25.939,58.028,294.753,90.238,238.194,72.157,27.184
2018-12-05 14:00:00,49.79,45.755,52.461,23.841,61.002,284.506,86.465,229.531,71.117,27.461
2018-12-05 15:00:00,49.706,47.296,54.594,24.36,61.027,297.5,87.083,226.749,72.003,29.726
2018-12-05 16:00:00,56.125,52.013,56.045,27.546,63.568,329.669,97.281,254.52,77.552,30.047
2018-12-05 17:00:00,61.036,59.925,58.538,31.155,74.174,342.952,108.662,284.572,88.216,33.604
2018-12-05 18:00:00,58.926,62.24,59.475,35.349,73.845,351.436,112.078,296.547,99.077,37.32
2018-12-05 19:00:00,59.21,60.222,60.777,35.929,71.806,342.833,119.653,295.955,99.153,33.568
2018-12-05 20:00:00,56.401,60.032,57.322,34.668,69.06,336.444,108.2,282.934,89.581,31.048
2018-12-05 21:00:00,56.19,58.051,54.136,33.986,66.27,301.722,93.669,263.595,80.564,28.812
2018-12-05 22:00:00,53.671,52.073,47.581,32.887,52.691,271.775,80.717,238.03,71.022,25.738
2018-12-05 23:00:00,45.541,48.305,38.234,29.913,48.379,235.212,69.068,203.883,63.12,21.31
2018-12-06 00:00:00,43.872,44.293,34.496,27.358,44.193,209.139,62.327,182.242,55.148,19.109
2018-12-06 01:00:00,41.669,42.278,33.281,24.529,40.951,194.601,58.857,165.757,51.273,18.522
2018-12-06 02:00:00,38.115,40.622,32.393,23.68,39.031,189.572,58.029,161.604,49.123,18.902
2018-12-06 03:00:00,37.075,43.983,33.112,23.51,38.465,194.61,58.124,160.079,48.838,17.794
2018-12-06 04:00:00,38.965,44.422,34.876,23.661,40.422,202.561,62.726,164.447,50.445,18.899
2018-12-06 05:00:00,43.513,46.855,40.177,25.058,45.765,229.744,69.585,180.757,57.85,25.252
2018-12-06 06:00:00,52.864,53.097,53.843,28.571,56.328,273.59,85.902,216.172,65.432,29.339
2018-12-06 07:00:00,56.068,56.725,58.73,29.878,63.404,308.555,98.848,236.515,74.229,33.222
2018-12-06 08:00:00,65.246,53.736,59.805,30.438,66.336,317.316,100.606,245.516,78.523,30.881
2018-12-06 09:00:00,60.391,52.818,60.74,33.281,64.977,319.583,98.216,248.416,77.349,30.275
2018-12-06 10:00:00,60.161,55.842,57.209,31.208,64.971,316.318,95.538,248.141,79.572,30.237
2018-12-06 11:00:00,58.148,49.15,54.213,28.604,67.446,301.491,95.146,247.232,75.423,31.585
2018-12-06 12:00:00,55.845,47.208,53.676,26.074,62.46,295.233,94.011,239.454,73.731,34.312
2018-12-06 13:00:00,57.37,45.49,53.822,28.94,59.106,288.823,91.818,231.87,70.893,28.63
2018-12-06 14:00:00,54.38,44.33,50.562,23.829,58.664,289.964,89.039,222.819,73.955,27.425
2018-12-06 15:00:00,53.537,46.732,51.181,24.723,59.067,296.023,89.807,233.006,72.287,27.636
2018-12-06 16:00:00,59.555,50.156,58.776,28.9,64.783,323.091,102.969,265.814,81.591,30.38
2018-12-06 17:00:00,62.121,54.725,59.131,30.004,76.974,352.372,111.413,280.47,90.049,33.513
2018-12-06 18:00:00,63.345,58.88,59.656,32.861,71.311,352.854,116.435,285.726,94.393,36.893
2018-12-06 19:00:00,59.74,61.155,57.568,32.097,70.713,347.495,112.309,275.703,88.564,33.419
2018-12-06 20:00:00,55.776,52.481,57.513,30.88,68.682,335.733,108.584,264.656,83.676,31.407
2018-12-06 21:00:00,51.752,50.362,54.25,29.792,64.597,304.081,98.141,241.906,75.896,27.832
2018-12-06 22:00:00,46.814,44.344,46.807,27.594,56.0,275.135,82.511,216.603,68.489,24.355
2018-12-06 23:00:00,42.352,40.404,41.162,23.125,46.58,232.376,70.618,182.445,56.434,21.187
2018-12-07 00:00:00,39.41,37.403,36.104,21.833,43.216,205.191,64.342,162.275,48.436,18.538
2018-12-07 01:00:00,36.521,35.66,33.679,20.226,39.047,191.175,61.142,151.291,47.011,17.784
2018-12-07 02:00:00,35.713,36.005,32.147,19.492,37.551,188.538,58.897,148.774,45.996,17.478
2018-12-07 03:00:00,35.379,39.87,32.183,19.711,36.868,192.324,58.991,149.433,44.646,16.663
2018-12-07 04:00:00,37.384,40.824,32.401,19.892,38.976,197.101,61.875,156.507,47.514,17.809
2018-12-07 05:00:00,39.953,43.011,33.913,22.608,44.828,219.945,69.607,176.414,53.548,21.735
2018-12-07 06:00:00,45.864,52.151,45.015,25.395,60.123,255.254,83.434,205.993,66.71,26.473
2018-12-07 07:00:00,51.797,52.383,51.004,27.095,65.614,280.364,95.999,223.462,75.338,28.96
2018-12-07 08:00:00,59.592,52.623,56.883,28.948,63.389,296.577,102.13,239.481,78.39,29.433
2018-12-07 09:00:00,58.18,51.027,58.016,30.605,68.459,317.049,99.992,248.344,76.414,26.007
2018-12-07 10:00:00,57.594,51.125,57.064,30.116,63.626,314.027,104.395,251.023,80.747,27.585
2018-12-07 11:00:00,57.778,48.172,53.014,29.696,64.321,313.981,98.017,251.335,78.133,26.43
2018-12-07 12:00:00,60.387,49.45,51.879,29.149,61.192,301.032,94.523,243.387,73.952,26.522
2018-12-07 13:00:00,56.029,46.476,52.2,29.058,57.769,291.2,97.138,239.09,73.963,27.569
2018-12-07 14:00:00,56.272,45.231,48.011,26.261,56.731,286.715,92.084,231.92,71.495,29.234
2018-12-07 15:00:00,54.055,50.474,47.818,29.665,59.559,293.395,91.588,237.243,76.496,29.67
2018-12-07 16:00:00,60.856,56.855,54.829,33.855,66.672,330.924,103.812,265.687,83.815,33.673
2018-12-07 17:00:00,63.599,59.955,58.871,34.047,75.395,357.634,107.97,285.665,93.589,37.657
2018-12-07 18:00:00,64.935,59.727,62.206,38.723,75.181,365.99,114.913,299.34,101.23,38.734
2018-12-07 19:00:00,69.968,62.283,64.348,38.338,74.068,364.298,113.269,301.372,97.327,35.22
2018-12-07 20:00:00,69.122,60.035,65.814,36.656,70.194,348.907,106.128,293.029,91.841,33.989
2018-12-07 21:00:00,65.668,57.309,54.143,39.595,72.302,327.395,100.668,270.647,81.963,29.335
2018-12-07 22:00:00,58.008,52.988,53.268,35.742,62.984,298.743,94.641,241.429,72.974,26.883
2018-12-07 23:00:00,52.976,47.891,48.743,32.855,54.997,259.857,83.096,203.13,63.384,24.621
2018-12-08 00:00:00,48.579,41.953,42.234,30.679,51.077,238.491,75.272,186.125,60.486,22.62
2018-12-08 01:00:00,47.321,40.887,37.315,29.923,48.373,229.821,71.989,182.134,55.102,22.44
2018-12-08 02:00:00,46.779,42.675,36.811,30.525,47.276,234.768,71.449,178.556,54.76,22.879
2018-12-08 03:00:00,47.973,49.635,37.783,32.245,48.408,239.117,72.494,180.77,56.301,22.698
2018-12-08 04:00:00,52.093,52.536,39.348,32.727,51.38,242.634,73.912,187.769,57.933,23.589
2018-12-08 05:00:00,57.668,55.576,41.972,34.446,56.082,254.119,77.127,199.606,60.596,25.801
2018-12-08 06:00:00,60.645,58.831,50.893,36.948,66.125,280.406,86.9,221.777,65.23,29.214
2018-12-08 07:00:00,58.505,63.788,55.065,37.838,69.371,299.308,94.152,238.049,70.596,32.667
2018-12-08 08:00:00,58.718,66.605,64.546,38.073,71.133,330.57,101.939,258.812,79.629,34.774
2018-12-08 09:00:00,62.473,66.708,66.118,36.508,72.586,339.944,105.596,263.566,90.183,34.572
2018-12-08 10:00:00,63.322,62.512,63.959,36.159,70.859,337.428,104.769,257.613,85.944,33.277
2018-12-08 11:00:00,64.163,61.955,61.653,33.868,68.937,329.759,102.364,255.581,77.258,33.868
2018-12-08 12:00:00,64.006,57.23,59.545,30.985,65.854,322.558,97.161,257.086,82.518,32.033
2018-12-08 13:00:00,64.306,53.698,53.802,31.322,65.545,303.512,96.863,249.795,85.472,31.51
2018-12-08 14:00:00,63.255,53.058,50.281,31.45,64.205,302.059,96.905,239.84,78.699,27.447
2018-12-08 15:00:00,60.598,56.098,54.058,32.575,61.915,308.189,99.142,248.714,81.428,27.347
2018-12-08 16:00:00,66.485,62.812,62.041,36.028,69.836,331.934,109.424,279.27,88.372,30.947
2018-12-08 17:00:00,67.358,68.676,68.089,37.16,76.567,362.285,121.07,304.876,93.112,40.701
2018-12-08 18:00:00,68.341,69.3,67.84,41.774,79.973,374.181,124.548,307.753,97.87,37.726
2018-12-08 19:00:00,67.911,64.167,69.425,44.878,79.43,367.147,127.169,298.615,98.597,37.595
2018-12-08 20:00:00,68.198,61.025,70.208,41.137,73.356,354.586,120.429,288.872,92.169,34.952
2018-12-08 21:00:00,61.823,58.297,62.424,38.038,71.545,326.426,113.931,268.132,89.192,33.377
2018-12-08 22:00:00,62.634,56.474,53.253,36.18,69.053,305.01,104.023,238.929,83.014,30.686
2018-12-08 23:00:00,55.888,51.295,46.332,33.575,59.229,273.815,87.025,215.257,71.644,27.045
2018-12-09 00:00:00,51.426,45.316,43.827,32.621,53.547,250.408,80.759,193.823,62.504,25.491
2018-12-09 01:00:00,49.23,44.81,40.773,31.791,51.882,241.732,77.565,181.142,55.12,25.006
2018-12-09 02:00:00,46.941,44.221,40.123,30.661,49.654,239.272,75.683,178.561,55.208,25.02
2018-12-09 03:00:00,45.957,50.723,40.747,28.726,47.947,244.375,77.415,181.688,56.516,24.122
2018-12-09 04:00:00,47.975,53.13,40.457,28.349,48.665,252.113,81.823,185.381,56.777,25.656
2018-12-09 05:00:00,50.352,55.853,43.249,30.467,53.218,265.889,83.319,196.523,59.883,26.555
2018-12-09 06:00:00,54.833,59.121,53.563,34.139,59.984,295.609,89.403,212.292,66.265,30.916
2018-12-09 07:00:00,56.939,63.846,56.582,35.777,66.772,310.065,100.797,230.044,72.421,33.737
2018-12-09 08:00:00,58.614,63.557,57.916,35.995,73.188,319.383,100.666,242.28,77.322,36.808
2018-12-09 09:00:00,62.183,62.774,58.034,35.161,75.425,330.224,100.397,240.965,80.62,35.934
2018-12-09 10:00:00,61.753,61.41,55.836,35.075,72.141,308.431,92.682,235.221,73.945,34.306
2018-12-09 11:00:00,58.478,53.155,52.555,31.215,66.228,287.141,90.105,237.362,74.009,32.348
2018-12-09 12:00:00,56.227,51.546,54.55,33.561,66.713,281.099,87.595,236.682,69.844,31.353
2018-12-09 13:00:00,54.744,49.988,55.782,27.666,61.002,264.489,86.556,225.456,69.696,32.067
2018-12-09 14:00:00,53.001,49.345,51.661,26.504,60.137,266.707,83.518,219.548,69.347,24.786
2018-12-09 15:00:00,53.721,48.328,49.999,26.611,60.103,274.025,85.394,229.007,67.159,27.734
2018-12-09 16:00:00,59.176,51.309,59.038,27.162,63.819,305.507,97.56,259.86,79.489,34.549
2018-12-09 17:00:00,62.565,57.817,65.191,30.517,74.186,343.067,105.628,282.498,92.36,37.186
2018-12-09 18:00:00,64.786,57.89,64.815,34.651,74.812,346.521,105.244,283.169,93.633,34.671
2018-12-09 19:00:00,64.198,57.535,61.4,32.94,72.907,336.144,103.581,279.251,88.725,33.728
2018-12-09 20:00:00,58.398,57.928,58.21,35.259,70.347,321.792,102.881,260.136,87.527,35.729
2018-12-09 21:00:00,53.754,56.121,51.573,31.095,63.246,299.48,96.873,243.976,78.256,30.864
2018-12-09 22:00:00,50.81,52.182,49.045,30.123,55.501,272.628,87.103,216.782,73.613,26.323
2018-12-09 23:00:00,47.488,46.375,43.419,25.102,50.883,242.359,76.624,190.486,61.38,23.281
2018-12-10 00:00:00,43.962,42.03,38.793,23.111,46.178,220.101,72.896,171.925,54.366,21.432
2018-12-10 01:00:00,41.111,38.989,36.102,20.545,41.363,212.397,69.531,163.313,49.148,18.792
2018-12-10 02:00:00,40.69,38.773,35.245,19.869,43.111,210.983,67.899,163.84,47.409,18.028
2018-12-10 03:00:00,40.976,44.742,36.682,20.227,42.578,219.58,67.663,166.61,47.949,16.852
2018-12-10 04:00:00,42.969,47.428,39.107,20.96,41.593,234.134,73.479,175.981,52.414,17.768
2018-12-10 05:00:00,46.064,49.261,41.79,25.173,45.272,260.82,79.118,197.559,59.462,20.434
2018-12-10 06:00:00,52.937,55.317,53.163,28.398,55.027,293.906,88.349,225.644,72.298,27.926
2018-12-10 07:00:00,61.034,59.176,58.353,28.744,63.938,323.403,100.236,249.981,79.203,29.516
2018-12-10 08:00:00,63.877,56.549,59.903,29.716,67.179,325.957,102.776,255.302,85.052,28.246
2018-12-10 09:00:00,58.335,51.874,60.213,31.884,64.223,330.03,99.686,256.286,85.623,29.896
2018-12-10 10:00:00,60.713,51.23,58.733,33.558,70.596,322.446,99.543,250.693,86.375,29.918
2018-12-10 11:00:00,56.05,50.356,55.801,34.535,68.708,308.922,96.047,250.095,81.409,27.366
2018-12-10 12:00:00,55.888,48.792,53.999,37.828,63.103,310.726,94.01,243.239,74.146,28.07
2018-12-10 13:00:00,55.015,44.524,50.438,28.604,60.087,294.216,92.99,237.41,68.869,26.057
2018-12-10 14:00:00,51.589,43.865,46.881,27.507,55.867,280.277,86.739,230.382,70.498,26.755
2018-12-10 15:00:00,54.996,44.982,49.657,28.482,57.225,288.815,88.047,233.935,75.196,29.258
2018-12-10 16:00:00,60.591,53.6,52.441,33.467,62.739,311.453,105.831,257.562,85.878,33.339
2018-12-10 17:00:00,63.143,59.498,60.064,35.722,72.599,347.453,114.675,287.651,91.69,34.673
2018-12-10 18:00:00,65.833,62.86,64.04,39.585,75.644,366.57,116.444,299.087,101.768,36.644
2018-12-10 19:00:00,67.92,61.995,60.848,41.03,73.904,357.929,113.368,299.0,99.235,36.608
2018-12-10 20:00:00,64.073,60.747,59.055,42.13,70.93,342.437,113.417,280.365,95.182,35.037
2018-12-10 21:00:00,61.138,59.668,56.113,40.45,68.485,314.784,104.36,261.292,87.087,32.282
2018-12-10 22:00:00,58.819,59.601,50.345,39.287,58.404,287.022,95.11,238.495,75.283,27.382
2018-12-10 23:00:00,58.258,53.204,46.729,36.354,54.908,254.718,83.525,206.483,65.977,26.25
2018-12-11 00:00:00,51.215,50.229,43.513,34.6,50.59,233.576,75.645,188.168,57.03,23.463
2018-12-11 01:00:00,49.496,49.065,40.209,32.41,48.012,224.148,73.685,179.7,55.14,22.911
2018-12-11 02:00:00,48.652,49.292,39.235,32.21,47.665,228.883,73.789,178.73,56.521,22.713
2018-12-11 03:00:00,49.853,54.08,40.803,33.139,47.595,237.129,74.996,186.555,58.785,22.558
2018-12-11 04:00:00,51.891,57.074,43.12,34.156,48.278,246.185,78.047,193.395,63.256,24.599
2018-12-11 05:00:00,55.621,61.134,49.071,35.817,56.227,274.057,85.652,213.667,68.517,28.395
2018-12-11 06:00:00,64.166,65.305,58.035,38.228,67.401,315.288,98.519,241.763,79.42,31.916
2018-12-11 07:00:00,70.49,67.914,63.45,39.693,73.879,338.931,109.37,260.771,85.889,37.1
2018-12-11 08:00:00,74.432,65.29,63.105,41.412,75.548,346.61,116.678,267.048,92.347,39.552
2018-12-11 09:00:00,68.34,63.362,61.177,39.209,71.309,345.084,112.433,268.028,94.001,34.939
2018-12-11 10:00:00,61.822,63.077,64.272,37.788,68.875,325.661,106.721,262.405,85.559,35.16
2018-12-11 11:00:00,59.053,60.342,63.411,34.498,67.057,317.339,106.867,255.862,78.245,30.616
2018-12-11 12:00:00,55.787,53.119,56.275,31.056,63.639,311.905,103.071,246.818,76.048,30.261
2018-12-11 13:00:00,53.4,51.659,55.362,28.343,57.639,298.061,94.632,233.327,72.776,28.293
2018-12-11 14:00:00,50.213,50.586,49.341,25.309,57.49,290.585,87.29,228.89,68.972,24.831
2018-12-11 15:00:00,55.086,52.851,47.513,26.096,59.319,289.946,92.278,234.531,68.545,24.362
2018-12-11 16:00:00,59.765,59.068,53.501,30.548,71.163,315.955,100.404,259.211,77.928,26.331
2018-12-11 17:00:00,66.362,62.209,61.035,33.884,76.777,342.615,106.077,282.981,88.086,30.024
2018-12-11 18:00:00,67.459,62.066,64.586,37.275,81.83,359.494,114.486,292.699,96.348,32.796
2018-12-11 19:00:00,65.806,64.149,60.534,36.399,78.829,359.334,118.015,287.841,94.332,34.469
2018-12-11 20:00:00,65.116,60.757,58.223,38.777,74.188,330.581,111.344,267.553,90.589,33.719
2018-12-11 21:00:00,62.435,61.828,50.291,36.652,73.233,308.161,106.298,250.316,79.032,30.68
2018-12-11 22:00:00,61.606,58.853,43.971,34.09,64.202,273.994,90.887,223.451,72.324,26.206
2018-12-11 23:00:00,54.387,53.819,37.486,31.933,56.403,232.686,80.604,188.681,64.56,24.936
2018-12-12 00:00:00,51.323,51.691,36.307,29.361,49.487,211.505,74.14,177.741,57.064,22.433
2018-12-12 01:00:00,50.245,49.404,33.656,26.934,45.314,201.688,70.452,168.451,55.264,20.801
2018-12-12 02:00:00,46.158,45.471,34.065,26.182,43.329,202.628,67.385,168.272,53.075,20.073
2018-12-12 03:00:00,45.329,48.135,34.458,25.509,42.889,206.8,67.271,169.364,53.082,19.32
2018-12-12 04:00:00,46.416,49.144,35.996,26.396,44.172,219.108,70.959,176.354,56.341,20.876
2018-12-12 05:00:00,48.238,52.572,37.541,28.067,49.384,239.019,74.695,195.364,61.427,22.861
2018-12-12 06:00:00,55.417,57.148,48.454,31.863,58.046,272.05,87.279,227.986,70.071,26.053
2018-12-12 07:00:00,58.416,61.776,55.056,31.014,63.197,302.005,95.841,247.358,77.91,30.971
2018-12-12 08:00:00,63.566,56.739,56.046,34.192,65.237,318.53,100.689,260.754,80.654,31.759
2018-12-12 09:00:00,62.323,54.396,55.486,34.213,64.239,325.934,103.674,267.937,83.81,29.173
2018-12-12 10:00:00,59.446,52.933,58.036,32.243,65.511,323.969,103.1,261.55,78.948,26.286
2018-12-12 11:00:00,56.485,54.607,56.792,33.377,69.183,312.965,99.465,254.201,75.781,27.117
2018-12-12 12:00:00,59.555,51.636,55.374,31.312,63.841,301.897,101.572,251.64,74.104,28.726
2018-12-12 13:00:00,57.49,51.773,53.258,27.791,62.179,295.593,96.098,241.007,77.167,27.392
2018-12-12 14:00:00,54.505,49.745,48.648,27.988,57.602,292.771,96.254,233.719,73.387,27.102
2018-12-12 15:00:00,52.984,50.652,49.325,31.889,58.907,297.831,96.338,233.08,76.411,26.52
2018-12-12 16:00:00,56.537,52.292,55.769,35.131,66.732,331.866,105.037,264.744,81.569,30.844
2018-12-12 17:00:00,64.42,62.19,61.897,35.614,75.22,357.414,116.897,293.153,96.348,35.139
2018-12-12 18:00:00,66.282,63.316,65.355,41.82,78.652,368.977,120.214,307.34,101.456,39.989
2018-12-12 19:00:00,66.021,64.062,64.601,41.76,78.586,360.355,121.3,304.251,101.277,35.968
2018-12-12 20:00:00,65.973,66.205,62.996,40.529,75.734,345.772,115.126,292.842,92.147,36.213
2018-12-12 21:00:00,68.175,63.83,58.63,39.0,76.25,327.594,107.137,273.892,83.544,36.498
2018-12-12 22:00:00,62.489,59.412,53.57,38.045,64.332,296.375,97.835,243.768,75.754,31.21
2018-12-12 23:00:00,58.441,56.848,48.224,36.916,57.786,260.428,86.348,217.726,67.431,26.18
2018-12-13 00:00:00,55.797,53.668,44.635,36.4,54.7,242.69,82.802,197.156,62.634,25.777
2018-12-13 01:00:00,54.261,52.317,42.517,35.148,50.28,238.734,77.132,187.887,59.674,24.314
2018-12-13 02:00:00,53.345,52.472,42.296,35.618,50.594,238.413,76.75,187.053,60.035,25.259
2018-12-13 03:00:00,54.353,58.077,42.943,36.695,50.687,249.973,80.618,192.561,61.427,24.356
2018-12-13 04:00:00,58.231,61.157,45.837,36.733,53.931,260.809,84.108,202.779,66.678,26.263
2018-12-13 05:00:00,61.719,63.415,46.955,39.953,58.244,285.485,89.321,223.789,72.397,28.511
2018-12-13 06:00:00,69.801,68.576,57.583,43.631,69.048,323.818,101.81,254.562,82.719,33.632
2018-12-13 07:00:00,74.47,71.338,65.209,45.386,75.569,351.763,110.816,276.395,97.931,37.062
2018-12-13 08:00:00,75.534,71.014,65.396,45.231,77.049,369.64,115.708,281.338,97.27,35.384
2018-12-13 09:00:00,71.856,67.481,63.887,44.445,73.414,374.887,116.021,277.179,93.414,35.327
2018-12-13 10:00:00,64.024,64.156,61.224,41.467,74.149,363.724,115.479,278.989,89.957,35.227
2018-12-13 11:00:00,59.291,63.955,57.772,38.189,72.843,362.717,109.434,267.414,82.665,36.487
2018-12-13 12:00:00,57.166,54.509,53.247,33.163,66.481,347.381,104.739,251.724,82.46,33.267
2018-12-13 13:00:00,62.682,51.959,50.446,29.842,63.252,332.179,98.375,242.582,74.996,32.258
2018-12-13 14:00:00,58.029,47.273,48.124,27.495,63.599,323.918,99.123,241.841,70.046,28.999
2018-12-13 15:00:00,56.742,47.871,47.561,27.899,62.03,322.407,98.044,244.714,72.607,29.6
2018-12-13 16:00:00,61.943,54.078,55.041,31.315,66.995,343.636,108.761,265.049,82.695,34.056
2018-12-13 17:00:00,62.497,63.713,61.321,32.573,73.269,366.732,114.502,292.884,97.988,35.424
2018-12-13 18:00:00,62.64,63.236,61.551,35.647,80.962,373.939,118.701,304.72,103.81,34.969
2018-12-13 19:00:00,66.178,60.763,60.775,36.113,77.198,367.713,115.237,293.908,95.881,36.884
2018-12-13 20:00:00,61.096,55.045,58.089,34.732,75.269,347.719,111.348,278.206,85.055,34.479
2018-12-13 21:00:00,56.817,53.709,51.691,32.472,71.361,326.385,103.951,258.017,82.231,30.341
2018-12-13 22:00:00,52.872,50.009,47.984,31.679,59.217,290.674,92.127,227.071,72.396,28.137
2018-12-13 23:00:00,45.819,42.18,41.344,27.36,49.469,250.869,80.344,196.87,58.032,22.964
2018-12-14 00:00:00,41.16,40.699,37.073,25.213,45.102,219.351,67.067,176.617,52.167,21.713
2018-12-14 01:00:00,39.889,35.197,33.632,22.849,42.383,206.184,63.944,162.128,49.835,19.469
2018-12-14 02:00:00,38.26,32.549,32.06,22.501,41.255,202.206,62.216,160.67,46.466,19.031
2018-12-14 03:00:00,39.227,36.746,32.59,24.153,40.152,205.231,63.004,162.791,46.761,18.411
2018-12-14 04:00:00,39.874,37.679,33.82,25.508,41.429,214.088,68.276,172.512,51.394,19.922
2018-12-14 05:00:00,42.989,42.008,36.293,26.849,48.017,234.857,71.297,195.708,60.104,22.219
2018-12-14 06:00:00,50.712,47.472,49.23,28.601,56.449,269.021,85.452,222.822,68.935,27.013
2018-12-14 07:00:00,54.795,48.471,54.462,30.623,59.641,299.004,94.198,244.169,74.307,28.544
2018-12-14 08:00:00,58.423,52.039,56.14,29.825,63.21,307.179,96.886,259.725,79.267,30.464
2018-12-14 09:00:00,59.818,54.148,55.46,31.185,66.077,313.269,97.76,267.492,82.733,30.339
2018-12-14 10:00:00,64.18,52.99,55.01,33.06,67.823,309.233,101.158,264.192,79.889,29.617
2018-12-14 11:00:00,66.264,54.104,54.058,31.774,66.655,301.689,103.812,264.329,80.676,27.673
2018-12-14 12:00:00,62.365,52.336,53.011,29.689,59.478,293.883,100.251,246.67,74.087,28.645
2018-12-14 13:00:00,59.477,50.483,46.927,26.147,59.145,280.152,89.834,227.077,71.29,27.924
2018-12-14 14:00:00,54.119,49.33,46.759,25.825,54.654,274.223,85.608,220.725,70.322,26.817
2018-12-14 15:00:00,53.35,49.07,44.661,25.083,55.075,272.514,85.901,226.16,70.897,25.346
2018-12-14 16:00:00,54.86,54.381,49.611,28.654,60.934,296.595,95.815,247.492,75.338,27.451
2018-12-14 17:00:00,58.136,57.623,54.049,31.575,73.465,319.973,106.932,268.735,83.125,32.686
2018-12-14 18:00:00,61.555,61.191,57.552,33.277,69.604,329.739,108.158,275.662,91.701,33.047
2018-12-14 19:00:00,64.486,54.492,56.199,36.128,67.651,323.815,108.956,267.367,87.047,33.733
2018-12-14 20:00:00,57.322,49.625,53.706,29.4,63.946,305.907,95.935,252.875,79.397,28.783
2018-12-14 21:00:00,51.843,45.927,48.949,28.353,63.96,277.537,90.164,230.955,72.63,27.436
2018-12-14 22:00:00,47.4,40.438,44.437,23.146,51.452,239.478,80.955,198.067,58.545,24.763
2018-12-14 23:00:00,41.595,35.934,35.944,22.14,42.07,204.501,67.288,166.834,49.294,20.385
2018-12-15 00:00:00,37.002,29.231,30.122,20.098,37.661,177.957,57.552,149.421,43.772,19.036
2018-12-15 01:00:00,35.416,26.832,25.546,18.733,35.367,166.031,52.912,133.697,41.242,17.556
2018-12-15 02:00:00,34.088,26.167,25.269,17.281,35.004,163.474,53.292,127.671,40.327,17.621
2018-12-15 03:00:00,32.751,27.889,25.642,17.598,37.185,164.361,52.324,129.682,39.688,16.793
2018-12-15 04:00:00,33.986,30.514,26.293,17.513,39.838,170.74,52.458,134.834,40.682,16.95
2018-12-15 05:00:00,35.529,34.689,28.178,18.685,40.047,177.402,55.077,143.896,42.2,17.699
2018-12-15 06:00:00,39.179,39.862,35.674,21.545,44.383,193.773,64.86,156.677,45.658,21.023
2018-12-15 07:00:00,44.657,42.453,40.952,24.055,48.586,208.083,71.051,170.461,51.134,26.562
2018-12-15 08:00:00,49.386,46.697,48.346,25.379,57.429,244.488,79.719,196.573,60.899,28.231
2018-12-15 09:00:00,48.796,49.426,50.145,26.363,57.985,252.275,81.655,204.181,68.164,26.572
2018-12-15 10:00:00,53.242,46.984,49.065,27.339,60.343,256.987,81.558,214.114,67.418,25.224
2018-12-15 11:00:00,50.752,44.858,42.817,24.055,61.589,243.36,82.653,221.509,66.73,23.285
2018-12-15 12:00:00,53.671,47.664,44.929,22.418,58.687,242.976,83.374,208.891,63.9,24.787
2018-12-15 13:00:00,46.224,44.69,49.214,21.864,53.654,243.732,83.55,197.178,71.673,23.217
2018-12-15 14:00:00,48.002,40.813,41.075,23.476,49.663,237.241,85.84,193.478,63.485,22.187
2018-12-15 15:00:00,46.765,40.049,43.803,23.12,52.538,247.456,82.652,211.6,62.613,24.272
2018-12-15 16:00:00,52.859,46.811,52.752,25.504,59.478,275.625,93.125,231.296,71.3,26.113
2018-12-15 17:00:00,54.353,55.925,54.108,28.622,68.157,306.565,102.188,254.079,81.606,28.166
2018-12-15 18:00:00,57.014,57.293,60.994,31.497,73.143,317.837,103.888,261.17,87.785,30.847
2018-12-15 19:00:00,57.198,57.219,58.542,31.125,72.899,316.743,104.999,255.834,88.305,31.896
2018-12-15 20:00:00,56.761,52.493,56.193,30.81,65.547,303.713,102.112,251.233,83.287,28.307
2018-12-15 21:00:00,53.876,48.383,48.316,27.899,61.936,278.506,97.06,225.574,73.92,25.451
2018-12-15 22:00:00,53.412,44.212,41.216,26.426,54.407,245.859,88.821,195.93,63.44,23.894
2018-12-15 23:00:00,45.425,40.052,36.878,24.484,48.343,215.072,70.903,170.716,54.236,21.141
2018-12-16 00:00:00,41.093,36.776,31.313,22.734,43.331,193.751,65.291,148.616,45.916,19.296
2018-12-16 01:00:00,39.41,34.509,29.284,22.35,41.302,185.427,59.853,135.648,42.85,17.547
2018-12-16 02:00:00,38.972,34.788,28.822,21.558,40.105,182.702,59.037,134.895,42.463,18.252
2018-12-16 03:00:00,39.516,39.765,30.157,22.092,40.258,190.3,60.205,137.246,41.737,17.604
2018-12-16 04:00:00,41.541,42.105,30.489,23.29,40.682,194.494,63.365,144.494,43.482,18.165
2018-12-16 05:00:00,43.613,43.604,33.037,24.797,43.386,208.133,67.416,156.62,46.956,19.481
2018-12-16 06:00:00,45.655,47.529,41.092,26.914,48.361,228.506,75.999,173.744,54.453,24.157
2018-12-16 07:00:00,50.209,49.914,45.22,28.346,53.454,250.392,83.537,187.172,62.151,31.169
2018-12-16 08:00:00,52.44,53.991,48.893,29.224,58.165,260.75,91.341,204.471,67.72,32.269
2018-12-16 09:00:00,53.307,56.118,57.185,30.403,61.849,276.555,93.759,224.858,72.649,29.999
2018-12-16 10:00:00,53.629,51.863,53.21,31.309,61.924,286.281,92.052,225.985,71.934,31.383
2018-12-16 11:00:00,53.146,47.629,52.769,26.936,58.453,289.903,92.287,228.407,67.904,30.857
2018-12-16 12:00:00,51.357,48.601,50.651,24.468,56.169,294.49,93.192,232.769,69.238,31.63
2018-12-16 13:00:00,51.658,44.951,49.103,22.798,54.966,276.024,93.88,221.606,67.161,28.51
2018-12-16 14:00:00,49.382,45.659,46.884,25.549,52.427,269.48,94.392,221.745,68.91,25.581
2018-12-16 15:00:00,50.916,45.818,50.909,23.84,56.558,273.011,91.598,224.323,68.909,27.244
2018-12-16 16:00:00,54.706,50.826,54.87,28.761,64.963,295.741,98.871,242.579,81.554,31.493
2018-12-16 17:00:00,59.732,54.372,57.085,29.982,67.162,327.456,112.016,264.397,85.045,30.597
2018-12-16 18:00:00,56.944,55.963,62.465,28.936,70.652,336.499,117.701,270.076,91.02,30.483
2018-12-16 19:00:00,54.919,53.625,60.658,28.972,68.067,324.18,106.644,264.778,87.425,29.928
2018-12-16 20:00:00,52.358,49.259,54.744,28.308,66.439,305.254,100.568,247.991,80.005,30.032
2018-12-16 21:00:00,51.465,45.183,52.076,26.764,58.583,291.277,96.975,230.031,72.714,27.315
2018-12-16 22:00:00,44.966,44.566,47.583,24.615,51.704,258.738,84.164,204.157,67.167,23.007
2018-12-16 23:00:00,42.639,37.936,36.273,22.355,45.897,224.135,68.235,179.445,56.495,23.661
2018-12-17 00:00:00,38.048,32.961,33.19,20.886,41.738,201.659,63.139,159.918,46.513,21.054
2018-12-17 01:00:00,36.698,30.723,29.413,18.372,37.652,190.379,59.646,151.95,43.727,19.571
2018-12-17 02:00:00,34.844,29.895,29.131,19.641,34.864,187.533,56.657,148.402,43.181,17.302
2018-12-17 03:00:00,34.771,33.139,28.908,18.514,34.596,190.373,56.673,147.949,43.658,15.704
2018-12-17 04:00:00,36.125,34.924,30.532,18.01,36.996,197.609,61.886,153.796,46.236,16.62
2018-12-17 05:00:00,39.464,39.247,33.415,20.915,42.464,218.586,70.794,173.938,51.994,20.034
2018-12-17 06:00:00,44.995,44.386,45.006,23.581,53.859,256.046,79.985,202.551,60.846,26.063
2018-12-17 07:00:00,50.367,45.554,49.92,25.885,60.802,278.271,89.742,227.902,70.629,29.198
2018-12-17 08:00:00,57.035,46.312,52.708,27.812,64.071,301.159,97.157,238.586,77.537,27.076
2018-12-17 09:00:00,57.937,48.538,52.868,28.576,62.184,310.169,97.714,255.865,78.373,27.094
2018-12-17 10:00:00,60.238,49.215,53.401,29.154,61.343,317.1,99.189,254.967,80.003,28.686
2018-12-17 11:00:00,63.8,51.294,56.209,27.934,59.827,309.012,103.192,257.253,81.734,28.17
2018-12-17 12:00:00,57.278,50.289,50.305,27.811,59.845,301.104,103.71,250.031,78.254,28.888
2018-12-17 13:00:00,55.02,44.592,47.752,25.27,55.961,288.457,97.785,237.798,72.844,29.332
2018-12-17 14:00:00,53.484,42.6,44.14,24.97,53.043,283.598,91.036,230.193,72.194,26.409
2018-12-17 15:00:00,49.76,45.721,46.597,24.85,57.075,290.672,89.834,236.937,71.084,25.897
2018-12-17 16:00:00,54.199,53.751,51.462,26.431,61.865,314.94,102.472,258.968,83.02,29.501
2018-12-17 17:00:00,60.917,58.456,58.024,29.714,67.55,327.751,112.455,272.52,88.023,30.347
2018-12-17 18:00:00,60.704,55.08,60.895,34.261,71.703,343.083,114.308,280.036,93.958,33.225
2018-12-17 19:00:00,58.576,52.893,57.994,31.672,74.519,338.242,111.802,276.717,90.314,34.849
2018-12-17 20:00:00,57.055,49.724,55.444,29.642,68.313,323.148,104.409,266.977,86.788,31.774
2018-12-17 21:00:00,54.54,48.178,51.282,27.637,61.24,299.298,97.349,241.148,77.754,27.996
2018-12-17 22:00:00,50.255,42.734,45.999,23.855,59.028,257.888,85.352,214.172,66.531,24.512
2018-12-17 23:00:00,45.669,36.992,39.53,23.01,49.112,230.334,73.322,184.899,55.77,23.725
2018-12-18 00:00:00,42.452,34.197,34.554,23.006,45.135,216.122,73.415,171.025,50.239,21.306
2018-12-18 01:00:00,42.084,31.878,32.632,21.519,43.448,214.553,73.786,168.95,51.836,20.398
2018-12-18 02:00:00,40.427,33.31,34.44,22.161,42.155,217.394,73.966,169.405,53.362,20.884
2018-12-18 03:00:00,41.286,38.63,36.295,22.663,42.017,231.146,72.679,181.078,53.218,20.127
2018-12-18 04:00:00,43.833,40.241,36.778,23.762,45.365,252.882,71.905,191.946,57.462,21.042
2018-12-18 05:00:00,47.75,43.052,38.36,25.538,51.909,283.458,83.424,211.687,67.376,24.486
2018-12-18 06:00:00,56.542,50.962,54.639,29.008,62.784,323.223,99.148,249.19,81.649,29.533
2018-12-18 07:00:00,63.527,52.983,59.18,32.724,65.944,342.173,107.424,272.555,85.779,31.574
2018-12-18 08:00:00,66.617,54.004,57.596,33.288,70.075,353.017,111.669,287.417,91.558,30.213
2018-12-18 09:00:00,66.864,54.713,60.011,33.573,67.635,361.009,113.944,295.079,92.79,30.637
2018-12-18 10:00:00,67.459,57.061,61.631,34.327,66.267,363.583,121.727,298.403,92.84,30.52
2018-12-18 11:00:00,66.051,55.576,61.38,34.696,68.972,352.865,120.665,286.262,95.427,30.706
2018-12-18 12:00:00,62.406,48.721,55.165,34.379,67.666,347.46,116.192,283.089,88.924,31.894
2018-12-18 13:00:00,59.424,48.658,53.299,33.932,65.316,326.219,109.212,269.309,84.561,28.758
2018-12-18 14:00:00,56.249,51.685,49.987,30.393,59.57,314.587,101.079,256.376,77.662,30.096
2018-12-18 15:00:00,57.915,51.486,53.286,29.1,63.748,327.134,101.75,258.815,82.662,30.114
2018-12-18 16:00:00,64.261,53.418,56.291,31.707,71.736,359.065,112.35,280.703,91.341,33.403
2018-12-18 17:00:00,68.613,62.32,59.704,34.933,78.232,374.122,123.819,296.732,100.419,36.508
2018-12-18 18:00:00,68.145,62.999,64.333,37.386,78.69,384.22,126.094,304.486,107.435,38.511
2018-12-18 19:00:00,67.689,61.334,63.623,36.53,76.171,373.395,124.39,296.222,101.251,35.209
2018-12-18 20:00:00,66.817,57.964,61.857,34.747,71.782,360.122,119.015,289.422,88.02,33.382
2018-12-18 21:00:00,61.995,59.426,56.543,31.363,69.536,342.218,109.763,272.209,84.426,36.604
2018-12-18 22:00:00,56.629,53.623,50.914,29.66,67.269,322.154,100.909,239.635,78.432,32.355
2018-12-18 23:00:00,51.818,47.806,43.738,26.96,56.565,274.926,82.219,212.371,63.09,27.727
2018-12-19 00:00:00,48.654,42.456,40.779,26.34,50.037,244.46,78.391,192.584,56.998,23.669
2018-12-19 01:00:00,46.669,42.476,36.224,24.901,48.676,228.383,76.286,179.334,53.642,22.654
2018-12-19 02:00:00,44.231,41.528,35.508,24.223,46.97,223.585,71.52,175.049,52.85,23.395
2018-12-19 03:00:00,43.473,45.258,36.126,24.155,46.511,224.715,68.359,177.239,51.5,21.265
2018-12-19 04:00:00,45.722,46.584,37.43,24.887,47.585,230.963,70.44,182.642,54.569,22.418
2018-12-19 05:00:00,48.927,48.35,39.571,26.673,54.874,250.748,77.971,205.227,61.582,25.43
2018-12-19 06:00:00,54.964,56.227,53.257,29.69,63.779,293.676,89.275,228.697,70.275,30.163
2018-12-19 07:00:00,63.059,62.267,59.274,31.726,65.934,318.817,101.39,257.843,81.422,33.838
2018-12-19 08:00:00,72.556,61.432,58.011,32.493,68.079,330.047,106.822,263.345,82.079,33.783
2018-12-19 09:00:00,72.476,55.315,58.213,32.399,68.622,336.433,110.688,264.77,83.177,32.547
2018-12-19 10:00:00,66.15,54.097,61.008,33.612,68.426,333.834,111.796,266.946,78.651,33.013
2018-12-19 11:00:00,60.608,53.197,57.42,31.268,65.246,320.46,113.853,258.58,76.446,30.966
2018-12-19 12:00:00,57.972,50.615,51.602,27.996,64.454,313.507,100.14,248.045,76.79,29.588
2018-12-19 13:00:00,56.35,48.831,49.461,25.307,65.703,284.484,94.135,237.822,69.668,26.35
2018-12-19 14:00:00,53.703,44.31,51.436,24.246,54.507,273.458,89.964,224.812,67.717,25.67
2018-12-19 15:00:00,54.05,46.203,49.209,26.74,57.612,280.792,87.912,227.826,68.379,27.824
2018-12-19 16:00:00,55.734,49.29,51.417,28.452,72.026,306.009,97.512,250.534,78.4,32.613
2018-12-19 17:00:00,61.014,58.787,59.128,31.673,73.785,330.399,111.886,275.798,84.115,36.191
2018-12-19 18:00:00,65.064,60.375,62.239,35.255,75.641,348.75,122.161,285.945,89.353,36.96
2018-12-19 19:00:00,65.372,61.442,60.13,33.259,76.434,346.191,117.673,286.663,88.832,36.016
2018-12-19 20:00:00,62.748,59.476,57.602,34.147,70.025,334.313,108.574,269.35,85.409,35.276
2018-12-19 21:00:00,59.04,61.775,50.583,33.262,68.78,307.752,105.481,249.072,75.913,31.611
2018-12-19 22:00:00,53.558,59.594,45.222,29.94,61.993,277.489,94.769,222.576,66.814,26.089
2018-12-19 23:00:00,47.939,44.9,39.926,27.395,53.896,236.665,74.969,191.444,57.627,26.13
2018-12-20 00:00:00,43.969,40.229,33.78,27.024,47.698,213.2,69.218,174.52,48.645,21.495
2018-12-20 01:00:00,42.215,37.662,30.675,25.557,42.553,198.729,66.413,165.405,45.685,19.854
2018-12-20 02:00:00,40.754,36.53,31.379,24.681,42.637,200.897,63.682,161.153,45.519,19.499
2018-12-20 03:00:00,41.267,42.027,32.13,24.642,42.33,209.233,65.291,165.612,46.062,18.732
2018-12-20 04:00:00,44.32,44.128,33.009,26.993,44.857,217.249,70.053,170.874,52.463,20.893
2018-12-20 05:00:00,47.634,47.945,37.328,30.198,51.036,241.055,76.577,192.313,59.11,26.578
2018-12-20 06:00:00,54.484,52.272,49.712,33.822,59.889,284.054,89.941,222.948,68.618,29.769
2018-12-20 07:00:00,63.284,56.167,58.209,35.78,66.609,315.533,102.692,255.427,76.514,33.727
2018-12-20 08:00:00,65.912,56.172,55.65,35.092,69.197,321.698,107.389,250.994,82.882,32.238
2018-12-20 09:00:00,62.972,52.634,59.704,33.804,65.588,323.053,101.269,248.18,83.461,32.337
2018-12-20 10:00:00,58.995,54.221,54.827,32.371,61.774,313.068,102.453,249.517,75.369,30.347
2018-12-20 11:00:00,59.15,53.925,49.989,29.803,61.45,297.558,94.049,237.176,73.581,29.272
2018-12-20 12:00:00,55.559,46.581,47.536,27.437,58.998,283.321,89.675,232.741,69.594,30.848
2018-12-20 13:00:00,51.972,44.236,45.909,24.394,55.655,264.837,85.025,218.179,67.91,28.67
2018-12-20 14:00:00,49.48,45.055,46.031,21.196,53.27,258.521,86.516,213.722,62.929,24.171
2018-12-20 15:00:00,51.517,48.014,47.555,21.789,51.996,261.026,83.648,220.048,64.897,22.896
2018-12-20 16:00:00,59.087,51.851,48.522,28.169,58.328,287.389,90.562,245.096,73.716,26.729
2018-12-20 17:00:00,58.616,55.924,55.371,30.142,69.218,320.816,104.737,267.338,85.178,32.679
2018-12-20 18:00:00,63.455,57.907,58.576,32.233,74.67,336.122,114.347,286.925,92.255,31.573
2018-12-20 19:00:00,59.827,55.051,56.56,30.66,70.973,329.579,108.294,278.644,91.266,32.136
2018-12-20 20:00:00,58.715,53.154,56.852,29.934,66.628,311.777,98.876,262.344,82.476,30.211
2018-12-20 21:00:00,54.357,52.247,50.559,30.429,58.445,283.95,90.921,240.724,76.548,27.159
2018-12-20 22:00:00,48.008,46.088,44.532,27.43,52.341,253.874,78.919,208.998,65.618,23.997
2018-12-20 23:00:00,40.484,38.269,36.613,23.494,45.205,215.643,72.553,176.199,55.202,20.514
2018-12-21 00:00:00,37.403,34.912,31.981,21.06,39.942,190.501,62.87,153.846,49.279,17.742
2018-12-21 01:00:00,36.139,32.567,29.194,19.513,36.932,177.595,57.725,144.198,46.081,16.66
2018-12-21 02:00:00,35.59,32.438,27.838,18.687,34.875,176.415,54.535,139.084,43.084,16.181
2018-12-21 03:00:00,35.627,35.512,28.052,18.562,35.115,178.441,54.824,139.994,42.647,15.539
2018-12-21 04:00:00,37.798,35.821,28.523,17.603,38.502,181.419,57.965,141.325,44.088,17.109
2018-12-21 05:00:00,39.733,37.928,31.039,18.273,40.188,193.809,63.801,153.151,50.636,18.206
2018-12-21 06:00:00,41.774,44.517,43.536,22.73,48.995,224.732,76.688,182.619,59.52,23.802
2018-12-21 07:00:00,48.699,49.582,50.543,24.875,54.13,248.907,88.425,207.208,67.516,27.555
2018-12-21 08:00:00,59.256,50.752,53.888,26.666,57.518,268.637,86.955,226.486,71.67,27.249
2018-12-21 09:00:00,59.263,51.838,48.782,26.204,57.663,278.295,90.021,236.965,80.275,26.269
2018-12-21 10:00:00,59.548,56.412,53.41,27.844,59.213,279.975,90.949,244.004,76.953,27.584
2018-12-21 11:00:00,60.675,54.949,52.278,26.702,57.247,282.265,90.217,241.449,73.707,27.146
2018-12-21 12:00:00,60.425,50.686,48.334,25.065,59.941,276.942,92.597,232.766,66.607,25.946
2018-12-21 13:00:00,56.051,48.917,45.61,24.525,54.243,258.526,85.568,226.317,64.721,25.311
2018-12-21 14:00:00,53.067,45.11,42.212,21.759,57.12,252.914,84.895,213.241,63.69,23.268
2018-12-21 15:00:00,51.317,45.77,41.786,21.739,51.722,254.958,83.954,213.793,61.597,27.189
2018-12-21 16:00:00,53.903,52.019,42.104,23.551,58.837,278.35,87.807,234.502,70.961,31.812
2018-12-21 17:00:00,56.776,57.549,48.233,28.548,69.583,302.175,99.052,248.431,83.33,33.272
2018-12-21 18:00:00,58.388,57.222,51.291,26.222,72.932,310.098,98.282,252.871,81.812,36.044
2018-12-21 19:00:00,55.648,55.501,47.078,27.677,68.167,301.684,92.219,244.039,80.447,31.583
2018-12-21 20:00:00,53.519,48.903,45.232,24.86,59.21,281.949,87.897,229.001,68.494,27.909
2018-12-21 21:00:00,51.245,45.9,43.302,23.403,59.087,256.363,79.326,207.074,65.217,27.64
2018-12-21 22:00:00,44.424,40.875,35.61,21.362,50.152,216.509,64.038,179.795,56.435,24.284
2018-12-21 23:00:00,35.644,34.193,29.015,21.063,41.865,174.891,52.609,152.439,45.08,20.222
2018-12-22 00:00:00,29.879,29.956,23.518,15.641,33.921,153.448,48.646,127.232,38.621,16.503
2018-12-22 01:00:00,27.644,27.389,22.211,12.906,33.203,140.247,43.688,116.063,32.691,14.444
2018-12-22 02:00:00,26.848,26.498,21.53,12.338,30.639,134.095,41.649,111.038,31.866,13.166
2018-12-22 03:00:00,26.488,29.332,21.073,12.584,28.644,134.892,42.085,110.93,31.52,12.56
2018-12-22 04:00:00,27.223,29.351,21.047,12.379,28.956,136.642,43.949,114.092,32.291,13.384
2018-12-22 05:00:00,30.175,30.815,23.083,13.268,31.71,146.466,46.079,121.641,34.081,14.366
2018-12-22 06:00:00,35.391,34.621,30.631,15.931,42.613,168.631,51.15,135.888,39.852,16.33
2018-12-22 07:00:00,39.666,41.878,35.178,20.003,44.704,194.087,60.167,157.748,53.694,20.79
2018-12-22 08:00:00,41.656,42.525,43.152,21.512,49.121,221.355,74.145,185.767,59.124,23.351
2018-12-22 09:00:00,43.948,45.586,47.11,22.439,56.761,243.534,78.081,188.251,65.683,25.071
2018-12-22 10:00:00,47.633,45.09,46.727,23.476,54.464,248.511,83.503,194.291,59.457,24.995
2018-12-22 11:00:00,49.152,41.887,51.767,23.238,58.107,252.232,81.381,204.273,64.689,22.981
2018-12-22 12:00:00,53.915,47.379,47.591,21.8,52.831,257.26,85.025,199.776,76.005,23.758
2018-12-22 13:00:00,52.574,43.564,44.962,25.06,52.313,260.581,86.045,203.54,73.82,24.239
2018-12-22 14:00:00,47.597,42.415,46.146,22.98,53.999,257.962,78.243,201.344,67.825,23.4
2018-12-22 15:00:00,47.536,44.949,47.429,23.842,58.065,270.348,83.049,210.363,70.031,25.694
2018-12-22 16:00:00,50.248,50.996,59.161,28.327,62.19,298.986,93.893,243.071,75.156,28.73
2018-12-22 17:00:00,56.944,55.31,62.785,30.786,71.462,326.816,103.851,272.993,85.725,34.843
2018-12-22 18:00:00,60.184,55.755,63.935,34.618,74.103,337.623,108.99,286.251,91.179,35.865
2018-12-22 19:00:00,58.886,57.166,62.281,34.648,76.984,328.256,104.279,273.254,91.924,36.179
2018-12-22 20:00:00,53.938,53.481,59.996,30.944,68.179,314.377,97.696,252.458,83.984,33.53
2018-12-22 21:00:00,50.248,49.625,50.66,27.942,58.817,294.974,90.715,240.86,74.014,27.556
2018-12-22 22:00:00,44.859,50.102,44.052,26.429,55.985,260.686,81.958,214.252,67.17,24.1
2018-12-22 23:00:00,41.129,38.539,38.509,25.91,47.643,220.466,68.444,182.36,56.273,22.078
2018-12-23 00:00:00,37.374,33.013,33.901,22.555,42.106,195.033,62.187,162.175,48.699,19.944
2018-12-23 01:00:00,36.854,32.056,30.411,21.618,38.395,183.758,56.942,149.884,44.02,17.857
2018-12-23 02:00:00,36.536,32.078,29.029,21.369,36.583,180.419,56.59,145.958,42.159,17.421
2018-12-23 03:00:00,36.254,37.043,29.906,21.261,36.369,181.67,57.556,152.17,41.869,16.189
2018-12-23 04:00:00,38.24,37.416,34.642,22.241,37.699,185.54,59.432,154.547,45.331,16.818
2018-12-23 05:00:00,43.111,39.33,33.156,24.36,42.416,197.991,63.448,163.499,49.335,19.076
2018-12-23 06:00:00,45.48,41.941,42.026,28.264,49.395,221.072,70.338,183.925,54.982,23.128
2018-12-23 07:00:00,49.506,45.884,46.282,29.974,56.176,247.697,79.906,206.005,61.053,27.292
2018-12-23 08:00:00,57.385,53.065,53.144,28.903,58.1,261.208,84.592,217.291,68.456,27.478
2018-12-23 09:00:00,57.693,52.927,54.448,30.317,60.252,275.253,89.79,226.666,75.287,29.503
2018-12-23 10:00:00,53.112,52.036,57.322,33.02,57.575,281.523,93.299,226.546,81.273,30.515
2018-12-23 11:00:00,55.112,51.724,54.457,31.278,57.705,273.006,94.892,217.299,74.925,25.843
2018-12-23 12:00:00,56.766,51.734,54.042,29.012,58.726,270.607,92.719,222.797,67.9,26.159
2018-12-23 13:00:00,52.4,46.806,47.65,26.307,57.48,260.098,91.469,219.007,70.528,24.597
2018-12-23 14:00:00,50.323,42.097,46.801,24.702,53.215,248.419,81.848,211.822,70.769,22.545
2018-12-23 15:00:00,50.957,47.081,51.69,24.638,54.56,254.34,84.23,226.57,80.725,22.893
2018-12-23 16:00:00,54.927,56.322,57.808,27.244,61.318,286.562,100.901,246.016,79.368,27.295
2018-12-23 17:00:00,61.154,58.338,57.494,30.824,70.442,316.888,106.937,271.127,83.716,34.763
2018-12-23 18:00:00,62.3,59.943,55.373,33.999,74.168,324.576,108.222,285.573,89.227,34.696
2018-12-23 19:00:00,59.539,57.557,60.177,34.276,72.466,317.215,110.88,278.345,87.348,33.385
2018-12-23 20:00:00,55.223,55.4,61.137,36.701,66.632,312.284,102.121,269.06,89.888,33.58
2018-12-23 21:00:00,53.816,55.769,54.163,34.385,63.049,291.472,95.788,244.774,82.755,32.593
2018-12-23 22:00:00,52.975,49.882,48.3,32.972,61.048,263.518,89.694,217.895,73.248,26.654
2018-12-23 23:00:00,49.448,47.048,39.9,30.432,51.923,237.905,76.052,191.293,62.673,24.293
2018-12-24 00:00:00,44.689,43.094,36.376,28.965,45.573,215.399,71.357,176.344,56.005,21.516
2018-12-24 01:00:00,42.994,41.018,33.68,27.15,43.008,205.333,64.992,165.328,51.329,20.243
2018-12-24 02:00:00,42.143,39.919,32.457,26.405,40.268,199.641,63.479,160.007,49.955,19.864
2018-12-24 03:00:00,41.964,43.549,32.186,26.733,40.034,202.477,62.554,159.024,50.039,18.453
2018-12-24 04:00:00,43.863,43.934,33.475,27.045,40.893,207.725,65.748,163.483,51.503,19.126
2018-12-24 05:00:00,45.817,46.796,35.175,28.532,46.806,226.995,70.309,186.112,57.667,20.601
2018-12-24 06:00:00,51.343,52.358,47.568,31.477,58.853,269.292,82.073,216.006,68.844,25.517
2018-12-24 07:00:00,56.598,56.87,52.323,32.918,60.898,298.589,98.15,248.359,78.845,30.016
2018-12-24 08:00:00,62.15,53.305,55.757,35.956,64.925,312.985,101.911,258.325,80.875,32.694
2018-12-24 09:00:00,64.397,52.208,52.213,37.47,71.081,319.416,100.88,264.299,85.677,32.241
2018-12-24 10:00:00,62.985,51.312,52.623,37.607,67.507,320.018,94.694,255.959,82.755,31.025
2018-12-24 11:00:00,61.848,51.597,54.599,32.485,68.151,311.926,93.249,251.265,78.346,27.167
2018-12-24 12:00:00,56.248,47.304,52.984,30.978,63.224,300.178,92.288,247.664,74.298,29.876
2018-12-24 13:00:00,53.274,44.993,51.023,28.943,59.374,289.658,90.45,232.828,68.504,27.972
2018-12-24 14:00:00,53.753,42.563,48.985,25.227,57.263,287.453,92.139,224.796,66.308,26.038
2018-12-24 15:00:00,48.742,44.726,51.488,25.27,59.772,293.195,91.241,223.942,69.947,28.177
2018-12-24 16:00:00,53.563,53.448,50.374,28.369,68.232,316.409,99.243,250.926,78.622,31.158
2018-12-24 17:00:00,57.225,56.12,56.733,29.641,73.52,334.025,105.106,273.935,87.195,32.87
2018-12-24 18:00:00,59.746,54.989,59.576,33.009,75.674,343.507,113.292,282.181,94.137,35.231
2018-12-24 19:00:00,62.75,58.679,59.751,35.162,73.919,333.374,110.038,275.948,93.748,34.772
2018-12-24 20:00:00,60.372,56.203,57.809,35.03,68.144,317.937,104.206,257.191,88.381,32.319
2018-12-24 21:00:00,52.29,52.241,51.624,31.804,62.149,291.473,95.852,241.273,77.051,31.957
2018-12-24 22:00:00,48.582,46.391,44.36,30.262,54.446,262.15,87.172,220.791,66.043,30.305
2018-12-24 23:00:00,46.873,40.155,37.34,27.564,48.294,227.617,71.577,180.674,57.2,22.915
2018-12-25 00:00:00,41.652,35.59,32.835,29.299,43.076,202.745,65.937,163.093,50.343,20.928
2018-12-25 01:00:00,40.138,32.496,31.151,31.261,40.118,189.234,61.301,158.584,47.12,18.663
2018-12-25 02:00:00,39.781,33.379,30.008,23.253,39.406,185.914,61.135,156.73,45.832,17.747
2018-12-25 03:00:00,39.922,39.683,29.798,24.693,40.026,196.952,63.657,160.205,46.423,16.986
2018-12-25 04:00:00,42.476,40.969,31.033,24.596,42.369,204.28,68.665,162.891,50.039,18.359
2018-12-25 05:00:00,47.025,44.762,36.345,26.875,48.428,223.3,76.164,183.443,55.565,20.186
2018-12-25 06:00:00,53.605,52.45,47.277,29.259,60.108,265.959,87.715,217.712,65.471,26.971
2018-12-25 07:00:00,58.824,56.498,51.711,31.802,61.085,293.536,104.165,247.36,78.324,30.49
2018-12-25 08:00:00,64.353,56.734,53.833,35.713,65.281,311.068,105.073,262.97,88.857,28.249
2018-12-25 09:00:00,62.841,52.752,54.421,33.725,65.742,325.728,106.24,264.482,84.79,27.866
2018-12-25 10:00:00,59.992,50.984,54.196,32.59,64.468,325.406,105.471,263.965,80.148,29.309
2018-12-25 11:00:00,59.433,50.629,57.994,31.384,62.407,323.086,103.717,263.632,76.758,28.335
2018-12-25 12:00:00,58.23,55.013,62.106,28.333,59.549,311.104,98.92,258.508,76.647,28.406
2018-12-25 13:00:00,60.803,57.696,51.793,27.397,58.097,296.391,90.715,239.596,75.356,29.114
2018-12-25 14:00:00,59.633,44.201,51.482,26.471,55.661,295.255,90.5,229.746,72.309,27.607
2018-12-25 15:00:00,53.812,50.2,50.091,27.837,55.815,299.68,92.289,234.859,71.315,27.873
2018-12-25 16:00:00,59.54,63.768,53.171,31.541,63.507,319.678,100.174,260.826,83.085,30.394
2018-12-25 17:00:00,65.614,63.368,58.275,32.663,73.022,349.609,110.818,287.711,92.519,37.103
2018-12-25 18:00:00,64.636,64.11,62.09,35.531,75.61,360.757,111.727,297.302,102.164,36.456
2018-12-25 19:00:00,65.511,62.257,67.577,37.018,75.165,350.707,118.988,290.622,100.523,35.543
2018-12-25 20:00:00,63.718,61.635,62.999,37.522,74.404,331.024,113.937,279.656,88.088,32.277
2018-12-25 21:00:00,62.844,57.277,57.964,34.286,74.228,304.116,100.09,263.456,80.963,30.469
2018-12-25 22:00:00,60.09,57.088,53.374,31.402,66.698,277.281,90.044,229.956,78.381,28.125
2018-12-25 23:00:00,53.252,53.35,44.232,31.272,58.693,246.327,78.702,198.397,63.414,25.269
2018-12-26 00:00:00,50.232,48.578,38.894,30.908,51.691,227.237,72.676,182.001,58.422,22.092
2018-12-26 01:00:00,48.401,47.109,37.127,30.317,48.563,213.421,69.23,173.952,53.119,21.122
2018-12-26 02:00:00,45.108,46.076,38.713,29.904,47.515,214.209,65.961,171.63,53.416,21.59
2018-12-26 03:00:00,45.049,49.115,39.467,30.045,48.15,217.331,66.664,170.817,54.14,21.298
2018-12-26 04:00:00,46.847,50.852,37.817,31.219,48.872,224.511,70.535,177.424,55.227,22.651
2018-12-26 05:00:00,50.203,55.956,41.257,33.117,55.661,250.201,78.077,197.851,62.856,25.536
2018-12-26 06:00:00,57.104,60.483,53.113,38.334,63.187,292.634,92.362,228.394,73.499,31.395
2018-12-26 07:00:00,61.477,62.2,58.629,39.125,68.933,318.697,106.325,260.746,80.958,35.663
2018-12-26 08:00:00,64.619,60.532,57.988,39.691,73.374,329.747,106.986,267.222,87.748,35.25
2018-12-26 09:00:00,66.64,57.271,57.638,37.831,72.953,338.449,100.999,269.218,86.31,31.239
2018-12-26 10:00:00,65.828,53.423,57.875,36.108,70.719,328.907,99.82,267.089,83.819,29.934
2018-12-26 11:00:00,65.856,52.258,58.61,33.836,71.419,319.88,101.782,263.608,78.081,28.146
2018-12-26 12:00:00,57.355,52.647,55.517,33.502,63.395,307.852,99.272,253.909,78.556,28.795
2018-12-26 13:00:00,54.513,47.292,51.025,29.086,62.396,293.297,92.86,241.331,76.115,27.139
2018-12-26 14:00:00,51.471,45.164,48.437,27.898,61.618,288.1,87.667,224.597,75.153,25.244
2018-12-26 15:00:00,50.45,46.809,48.773,27.091,62.986,296.5,87.132,233.462,72.123,27.869
2018-12-26 16:00:00,55.931,51.291,59.978,30.464,65.323,314.598,99.673,260.957,80.1,30.194
2018-12-26 17:00:00,60.609,57.787,57.763,36.011,71.276,335.958,110.464,278.665,90.247,33.795
2018-12-26 18:00:00,64.032,60.116,60.573,39.139,77.499,349.182,115.206,296.165,96.502,33.134
2018-12-26 19:00:00,63.521,57.454,58.516,35.178,74.813,345.52,117.053,283.001,89.815,33.974
2018-12-26 20:00:00,58.51,57.093,59.995,31.978,68.68,329.364,105.616,270.197,86.543,32.901
2018-12-26 21:00:00,59.549,52.727,54.169,30.484,61.36,301.555,94.057,244.593,84.931,31.789
2018-12-26 22:00:00,51.847,49.946,45.972,27.581,57.859,268.947,83.918,218.327,73.759,25.896
2018-12-26 23:00:00,44.568,42.124,39.82,27.642,52.17,232.71,73.156,183.852,58.788,21.751
2018-12-27 00:00:00,41.428,38.044,34.243,23.792,47.341,199.809,67.567,165.444,51.854,18.692
2018-12-27 01:00:00,40.083,37.944,31.485,22.739,42.216,188.845,63.177,156.224,49.829,18.045
2018-12-27 02:00:00,39.448,37.393,31.049,22.733,39.222,192.571,62.736,152.136,46.226,18.037
2018-12-27 03:00:00,39.814,43.746,31.647,24.159,40.248,205.188,63.437,156.425,46.615,16.587
2018-12-27 04:00:00,43.05,44.893,32.462,26.674,42.007,205.814,66.033,166.527,50.08,18.544
2018-12-27 05:00:00,46.222,48.537,36.483,29.882,47.993,231.084,71.259,190.945,58.861,20.735
2018-12-27 06:00:00,54.379,57.07,51.142,34.511,56.385,276.641,85.224,224.142,76.925,27.939
2018-12-27 07:00:00,62.765,58.957,55.729,35.669,66.246,303.881,97.202,249.714,83.871,31.278
2018-12-27 08:00:00,74.722,59.572,53.32,36.361,69.198,318.344,102.375,256.481,84.694,31.6
2018-12-27 09:00:00,67.439,55.088,53.648,38.3,67.056,326.491,99.469,254.476,84.377,29.921
2018-12-27 10:00:00,62.845,53.314,52.157,35.744,63.485,322.104,101.565,254.582,81.416,31.715
2018-12-27 11:00:00,64.53,51.977,53.988,35.029,62.854,319.704,102.205,255.541,78.238,27.644
2018-12-27 12:00:00,61.833,50.284,50.276,29.4,62.538,303.169,99.193,250.188,82.731,29.855
2018-12-27 13:00:00,55.594,49.715,46.913,28.801,57.933,297.218,92.678,236.886,74.481,28.602
2018-12-27 14:00:00,54.632,48.011,46.106,28.689,56.865,286.382,97.426,226.501,71.592,27.839
2018-12-27 15:00:00,54.667,52.997,47.066,30.722,59.01,289.312,97.387,237.441,73.503,26.995
2018-12-27 16:00:00,61.184,53.215,50.534,32.421,67.484,313.984,99.689,260.62,84.304,30.384
2018-12-27 17:00:00,63.97,59.741,57.061,36.68,72.875,354.504,110.29,283.71,91.248,33.285
2018-12-27 18:00:00,64.642,64.342,62.426,38.166,75.248,365.307,115.338,294.719,98.252,35.96
2018-12-27 19:00:00,68.593,64.444,59.997,35.609,73.721,347.999,111.66,285.666,93.376,34.421
2018-12-27 20:00:00,62.324,66.5,58.084,33.087,67.287,327.262,106.845,278.771,87.841,32.847
2018-12-27 21:00:00,58.643,56.703,52.637,31.323,66.573,303.35,103.232,257.792,79.101,30.598
2018-12-27 22:00:00,51.908,51.913,51.035,30.205,59.44,274.834,91.27,232.835,69.003,26.088
2018-12-27 23:00:00,47.418,47.315,41.182,28.441,51.553,238.391,77.743,197.794,60.159,23.043
2018-12-28 00:00:00,44.955,43.178,34.718,25.903,48.944,215.738,70.668,171.745,51.901,20.777
2018-12-28 01:00:00,41.548,40.342,31.985,23.708,41.769,200.981,64.947,160.403,48.213,19.565
2018-12-28 02:00:00,39.473,37.515,31.404,23.57,39.073,196.173,59.849,156.807,47.406,19.362
2018-12-28 03:00:00,38.461,41.188,31.445,22.961,38.28,198.129,58.654,156.5,47.145,17.907
2018-12-28 04:00:00,39.32,41.682,32.989,23.63,40.216,202.384,61.86,158.866,49.892,19.25
2018-12-28 05:00:00,42.449,43.624,36.327,25.021,45.81,220.625,71.302,176.282,56.312,20.369
2018-12-28 06:00:00,50.409,49.293,46.983,26.399,51.97,258.067,80.461,207.291,65.901,25.231
2018-12-28 07:00:00,56.662,52.578,51.768,28.623,58.906,279.844,91.544,237.091,74.591,27.732
2018-12-28 08:00:00,60.694,53.641,52.33,28.584,61.015,298.891,97.788,244.334,79.915,28.299
2018-12-28 09:00:00,62.892,59.939,55.002,29.024,60.239,316.826,103.278,256.992,85.027,28.848
2018-12-28 10:00:00,61.959,58.321,56.191,31.576,65.195,325.893,103.217,271.565,83.257,30.645
2018-12-28 11:00:00,61.653,58.222,56.985,30.607,63.467,324.73,101.301,257.097,81.774,28.606
2018-12-28 12:00:00,60.343,53.743,53.011,27.83,60.615,313.351,99.763,247.444,78.384,28.962
2018-12-28 13:00:00,60.048,49.577,52.284,27.43,55.638,300.447,94.292,238.801,74.092,26.743
2018-12-28 14:00:00,58.096,48.628,51.485,25.317,56.349,297.9,97.342,232.744,72.915,27.128
2018-12-28 15:00:00,56.175,48.135,48.743,23.87,59.103,304.449,96.246,236.117,79.195,29.799
2018-12-28 16:00:00,58.37,54.632,50.929,25.277,65.002,321.69,106.422,252.626,85.649,34.22
2018-12-28 17:00:00,59.466,58.002,57.491,27.824,73.237,342.482,119.682,271.336,93.817,35.887
2018-12-28 18:00:00,60.434,58.275,62.177,29.359,75.68,350.799,117.798,278.223,97.586,35.801
2018-12-28 19:00:00,60.525,56.52,57.364,29.867,71.759,342.492,115.891,271.479,91.382,32.909
2018-12-28 20:00:00,57.824,56.636,58.025,29.408,67.477,322.707,106.467,266.16,81.363,32.835
2018-12-28 21:00:00,55.389,52.576,53.82,25.84,62.803,290.971,93.128,238.451,73.061,29.949
2018-12-28 22:00:00,47.848,48.413,46.256,23.555,56.736,252.959,83.157,211.374,68.592,26.233
2018-12-28 23:00:00,44.368,42.715,35.134,20.411,49.097,217.591,70.261,176.032,59.377,20.449
2018-12-29 00:00:00,39.05,38.673,29.102,19.797,41.1,194.123,62.423,154.277,46.654,18.435
2018-12-29 01:00:00,37.185,37.609,25.659,17.54,38.532,182.134,57.022,140.998,43.064,16.083
2018-12-29 02:00:00,34.732,37.496,23.863,17.012,36.247,180.692,56.341,138.923,41.024,15.922
2018-12-29 03:00:00,33.953,39.027,24.651,17.567,36.024,182.739,56.788,140.315,41.385,15.465
2018-12-29 04:00:00,34.913,36.302,24.767,18.424,38.388,192.712,58.4,141.872,43.225,17.244
2018-12-29 05:00:00,37.57,38.191,26.955,19.685,40.161,206.771,60.913,148.988,45.588,19.484
2018-12-29 06:00:00,40.132,41.562,34.26,19.078,43.997,225.304,69.237,165.925,49.802,19.647
2018-12-29 07:00:00,46.226,44.657,38.946,19.124,48.549,245.265,77.411,185.703,55.698,23.28
2018-12-29 08:00:00,48.082,50.583,46.721,20.393,52.745,255.922,85.034,206.546,62.888,26.152
2018-12-29 09:00:00,49.217,50.433,48.152,23.045,55.188,266.377,86.262,210.75,68.425,26.924
2018-12-29 10:00:00,52.758,52.756,45.181,24.677,55.827,266.364,89.697,217.041,64.594,27.085
2018-12-29 11:00:00,56.528,53.46,44.851,23.906,57.164,268.754,97.904,208.293,65.941,25.945
2018-12-29 12:00:00,50.092,56.684,49.848,24.962,62.167,261.512,91.98,213.219,66.319,26.846
2018-12-29 13:00:00,49.565,50.861,47.172,24.024,57.466,252.412,87.361,202.649,69.898,26.616
2018-12-29 14:00:00,51.506,49.441,45.418,24.02,57.992,257.048,80.63,199.738,68.436,25.562
2018-12-29 15:00:00,52.333,53.895,49.104,23.973,58.42,257.65,86.452,217.992,71.787,30.661
2018-12-29 16:00:00,57.612,55.729,54.089,29.082,63.018,297.35,98.318,250.162,80.214,35.406
2018-12-29 17:00:00,57.569,58.937,53.207,31.867,71.356,327.999,110.126,263.044,87.311,35.712
2018-12-29 18:00:00,59.431,56.026,59.183,33.862,77.094,339.373,111.259,275.282,89.085,36.554
2018-12-29 19:00:00,60.198,55.174,61.106,34.024,75.787,332.353,111.568,274.437,87.083,34.786
2018-12-29 20:00:00,58.301,55.045,57.61,34.214,69.802,316.967,108.604,266.637,84.211,33.683
2018-12-29 21:00:00,56.162,50.724,50.231,32.339,65.384,299.417,101.625,254.764,82.367,30.953
2018-12-29 22:00:00,50.198,48.079,44.099,30.839,61.708,271.769,94.822,223.414,75.64,27.0
2018-12-29 23:00:00,47.489,43.633,36.833,28.279,52.189,243.665,81.315,194.515,63.604,25.858
2018-12-30 00:00:00,45.554,38.635,35.854,28.025,45.506,220.799,68.727,170.909,54.811,20.613
2018-12-30 01:00:00,42.941,40.851,33.598,26.713,43.652,209.887,64.006,160.884,49.489,19.51
2018-12-30 02:00:00,42.305,40.568,33.916,25.823,42.47,207.647,63.661,161.759,49.984,20.231
2018-12-30 03:00:00,42.471,45.484,33.339,26.851,41.707,213.033,63.903,163.725,50.18,18.694
2018-12-30 04:00:00,43.692,45.496,35.054,25.847,42.618,217.796,66.674,166.282,51.639,19.963
2018-12-30 05:00:00,46.635,46.129,36.391,27.17,46.717,229.94,70.692,179.014,54.852,21.391
2018-12-30 06:00:00,50.276,49.354,44.486,28.812,55.011,252.951,77.05,198.711,61.859,25.991
2018-12-30 07:00:00,54.801,50.619,50.862,31.125,58.888,270.559,84.629,221.251,72.909,28.736
2018-12-30 08:00:00,59.529,55.171,55.215,31.703,64.003,293.845,91.944,232.792,80.577,30.098
2018-12-30 09:00:00,60.142,58.484,59.374,31.154,70.311,302.337,97.777,252.868,82.151,33.79
2018-12-30 10:00:00,57.593,58.356,56.584,32.615,65.319,298.436,106.593,236.815,84.065,34.381
2018-12-30 11:00:00,59.375,58.411,50.186,32.841,61.781,289.718,102.412,238.557,82.093,30.448
2018-12-30 12:00:00,58.411,60.01,49.143,28.892,59.467,281.921,97.089,233.892,77.57,29.066
2018-12-30 13:00:00,53.361,56.324,48.934,25.446,56.744,262.76,87.89,231.08,76.583,26.185
2018-12-30 14:00:00,52.783,50.842,48.181,24.275,57.156,258.988,83.699,219.654,72.446,25.605
2018-12-30 15:00:00,53.377,49.174,47.927,25.424,60.173,265.37,87.643,218.366,78.063,26.816
2018-12-30 16:00:00,56.742,52.949,56.018,27.707,67.403,289.394,99.366,246.708,83.603,28.433
2018-12-30 17:00:00,61.789,59.403,62.827,32.814,76.672,326.23,102.656,267.012,86.555,32.944
2018-12-30 18:00:00,58.447,57.47,63.947,32.787,77.263,334.385,105.476,280.416,91.182,34.368
2018-12-30 19:00:00,59.791,58.663,66.152,34.659,76.014,332.691,107.015,287.47,89.953,32.678
2018-12-30 20:00:00,56.465,58.783,59.049,30.991,69.208,319.672,101.383,264.691,82.906,32.65
2018-12-30 21:00:00,52.984,56.157,50.461,30.498,61.802,293.952,92.391,243.707,76.951,33.688
2018-12-30 22:00:00,49.938,48.513,43.439,27.927,55.16,263.579,79.666,213.363,69.537,28.083
2018-12-30 23:00:00,43.801,43.333,37.497,25.587,47.274,229.689,69.799,187.777,59.694,24.094
2018-12-31 00:00:00,41.057,40.537,32.213,23.887,40.85,208.054,65.794,171.942,52.354,19.891
2018-12-31 01:00:00,39.992,37.743,30.081,22.234,38.548,196.803,60.165,161.573,46.932,18.4
2018-12-31 02:00:00,38.166,36.874,30.224,21.316,37.683,193.433,59.729,157.02,46.65,18.266
2018-12-31 03:00:00,37.855,41.194,31.532,21.575,37.668,198.333,59.734,159.153,46.382,17.802
2018-12-31 04:00:00,39.742,41.528,34.883,22.263,39.868,204.655,62.516,168.359,48.926,19.256
2018-12-31 05:00:00,42.981,45.144,38.83,25.377,47.276,227.283,68.955,185.531,54.698,22.351
2018-12-31 06:00:00,49.912,48.646,48.272,27.134,56.249,269.054,83.236,215.381,66.866,25.96
2018-12-31 07:00:00,54.235,54.612,55.052,29.451,62.989,299.298,95.352,244.035,78.451,29.708
2018-12-31 08:00:00,59.199,53.523,57.806,30.23,65.831,312.397,97.449,243.772,82.225,30.0
2018-12-31 09:00:00,57.961,53.958,58.189,30.561,65.903,319.611,96.496,247.466,85.74,29.169
2018-12-31 10:00:00,57.745,53.93,54.728,31.057,67.083,311.286,99.205,246.368,78.625,27.543
2018-12-31 11:00:00,58.709,50.759,52.587,30.12,66.694,306.914,95.921,243.756,81.844,26.43
2018-12-31 12:00:00,55.304,50.992,48.889,29.051,58.937,296.853,93.934,244.428,76.025,27.073
2018-12-31 13:00:00,55.862,47.872,49.952,25.057,59.072,286.814,91.289,238.152,71.987,26.405
2018-12-31 14:00:00,54.205,44.708,50.2,25.127,61.459,280.631,87.528,227.501,67.564,27.921
2018-12-31 15:00:00,52.278,47.089,48.3,22.328,59.163,279.623,89.098,225.696,67.425,26.904
2018-12-31 16:00:00,56.346,52.314,51.748,24.646,61.887,312.892,94.682,246.176,74.472,31.051
2018-12-31 17:00:00,57.322,53.69,57.128,29.519,67.808,336.117,104.643,271.688,85.923,33.349
2018-12-31 18:00:00,55.125,56.546,59.179,29.513,75.314,339.336,107.678,280.494,91.866,33.365
2018-12-31 19:00:00,55.867,53.451,55.653,28.591,72.918,334.949,104.911,269.719,86.629,32.969
2018-12-31 20:00:00,53.266,52.033,53.692,28.404,63.282,315.414,103.369,254.002,81.437,29.981
2018-12-31 21:00:00,52.916,47.414,53.599,26.276,59.525,294.346,92.174,241.034,75.847,27.814
2018-12-31 22:00:00,47.628,42.265,44.639,23.704,54.109,261.532,80.916,209.309,69.661,24.588
2018-12-31 23:00:00,44.03,36.313,38.217,21.723,47.86,224.123,69.672,187.387,56.488,20.423
